{"type":"FeatureCollection","features":[{"type":"Feature","id":"w60679220","properties":{"type":"apartments","levels":5.0,"address":"Mirosława Dzielskiego 4","residential":true,"residents_est":37,"h3_10":"8a1e2e6a2327fff","h3_11":"8b1e2e6a2324fff"},"geometry":{"type":"Polygon","coordinates":[[[19.97632,50.083256],[19.976357,50.082768],[19.976494,50.082772],[19.976457,50.08326],[19.97632,50.083256]]]}},{"type":"Feature","id":"w60679222","properties":{"type":"apartments","levels":5.0,"address":"Mirosława Dzielskiego 6","residential":true,"residents_est":34,"h3_10":"8a1e2e6a2327fff","h3_11":"8b1e2e6a2325fff"},"geometry":{"type":"Polygon","coordinates":[[[19.976869,50.08322],[19.976907,50.082785],[19.977046,50.08279],[19.977009,50.083225],[19.976869,50.08322]]]}},{"type":"Feature","id":"w60679293","properties":{"type":"school","address":"Sadzawki 1","residential":false,"residents_est":0,"h3_10":"8a1e2e6a2337fff","h3_11":"8b1e2e6a2335fff"},"geometry":{"type":"Polygon","coordinates":[[[19.975089,50.082535],[19.975098,50.082424],[19.975601,50.082441],[19.975607,50.082361],[19.975506,50.082358],[19.97552,50.082191],[19.975539,50.082191],[19.975543,50.082136],[19.975763,50.082144],[19.975744,50.082366],[19.97592,50.082372],[19.975916,50.082422],[19.975694,50.082414],[19.975692,50.082444],[19.975899,50.082451],[19.97589,50.082563],[19.975089,50.082535]]]}},{"type":"Feature","id":"w60679316","properties":{"type":"yes","levels":3.0,"address":"Pilotów 22","residential":true,"residents_est":26,"h3_10":"8a1e2e6a2337fff","h3_11":"8b1e2e6a2332fff"},"geometry":{"type":"Polygon","coordinates":[[[19.974348,50.081801],[19.974368,50.081524],[19.974581,50.081533],[19.974583,50.08151],[19.97497,50.081521],[19.974965,50.081578],[19.974942,50.081598],[19.974925,50.0816],[19.974921,50.08164],[19.974581,50.081631],[19.974566,50.081806],[19.974892,50.081816],[19.974883,50.081933],[19.974459,50.08192],[19.974468,50.081805],[19.974348,50.081801]]]}},{"type":"Feature","id":"w60679327","properties":{"type":"apartments","levels":11.0,"address":"Pilotów 24","residential":true,"residents_est":128,"h3_10":"8a1e2e6a2337fff","h3_11":"8b1e2e6a2333fff"},"geometry":{"type":"Polygon","coordinates":[[[19.975156,50.081617],[19.975161,50.081525],[19.9763,50.081567],[19.976295,50.081657],[19.975156,50.081617]]]}},{"type":"Feature","id":"w60679367","properties":{"type":"apartments","levels":11.0,"address":"Pilotów 26","residential":true,"residents_est":126,"h3_10":"8a1e2e6a2307fff","h3_11":"8b1e2e6a2305fff"},"geometry":{"type":"Polygon","coordinates":[[[19.976556,50.081851],[19.976564,50.081761],[19.977703,50.081804],[19.977694,50.081893],[19.976556,50.081851]]]}},{"type":"Feature","id":"w60679369","properties":{"type":"apartments","levels":11.0,"address":"Pilotów 28","residential":true,"residents_est":128,"h3_10":"8a1e2e6a232ffff","h3_11":"8b1e2e6a2328fff"},"geometry":{"type":"Polygon","coordinates":[[[19.977963,50.082115],[19.97797,50.082025],[19.97911,50.082062],[19.979104,50.082153],[19.977963,50.082115]]]}},{"type":"Feature","id":"w60679373","properties":{"type":"apartments","levels":5.0,"address":"Akacjowa 3","residential":true,"residents_est":86,"h3_10":"8a1e2e6a232ffff","h3_11":"8b1e2e6a232dfff"},"geometry":{"type":"Polygon","coordinates":[[[19.97821,50.082631],[19.978223,50.082486],[19.979272,50.082523],[19.97926,50.082668],[19.97821,50.082631]]]}},{"type":"Feature","id":"w60679393","properties":{"type":"yes","residential":true,"residents_est":23,"h3_10":"8a1e2e6a2377fff","h3_11":"8b1e2e6a2374fff"},"geometry":{"type":"Polygon","coordinates":[[[19.979782,50.082503],[19.980129,50.082294],[19.980134,50.082297],[19.98032,50.082189],[19.980462,50.082289],[19.980114,50.082499],[19.980109,50.082495],[19.979923,50.082604],[19.979782,50.082503]]]}},{"type":"Feature","id":"w60679530","properties":{"type":"yes","residential":true,"residents_est":47,"h3_10":"8a1e2e6a2377fff","h3_11":"8b1e2e6a2372fff"},"geometry":{"type":"Polygon","coordinates":[[[19.979481,50.081635],[19.979525,50.081561],[19.979554,50.081505],[19.97955,50.081504],[19.979554,50.081495],[19.979559,50.081496],[19.979588,50.08144],[19.979583,50.081439],[19.979588,50.081429],[19.979596,50.081425],[19.979727,50.081458],[19.979729,50.081454],[19.979859,50.081486],[19.979876,50.081485],[19.979874,50.08149],[19.980008,50.081514],[19.980006,50.081518],[19.980058,50.08153],[19.98006,50.081525],[19.980075,50.081528],[19.980072,50.081533],[19.980177,50.08155],[19.980174,50.081555],[19.980189,50.081558],[19.980192,50.081553],[19.980256,50.081573],[19.980259,50.081568],[19.980322,50.081587],[19.980325,50.081582],[19.98034,50.081585],[19.980338,50.08159],[19.980407,50.0816],[19.980391,50.081632],[19.980505,50.081657],[19.980426,50.081809],[19.980311,50.081784],[19.980294,50.081816],[19.980279,50.081812],[19.980282,50.081807],[19.980231,50.081796],[19.980228,50.081801],[19.980212,50.081798],[19.980215,50.081793],[19.980164,50.081782],[19.980162,50.081787],[19.980147,50.081784],[19.980149,50.081779],[19.980097,50.081767],[19.980095,50.081773],[19.98008,50.08177],[19.980083,50.081764],[19.980032,50.081753],[19.980029,50.081758],[19.980014,50.081755],[19.980017,50.08175],[19.979965,50.081739],[19.979963,50.081744],[19.979947,50.081741],[19.97995,50.081736],[19.979899,50.081725],[19.979896,50.08173],[19.979881,50.081727],[19.979884,50.081721],[19.979833,50.08171],[19.97983,50.081715],[19.979815,50.081712],[19.979817,50.081707],[19.979766,50.081696],[19.979764,50.081701],[19.979749,50.081698],[19.979751,50.081693],[19.979699,50.081682],[19.979697,50.081687],[19.979682,50.081683],[19.979685,50.081678],[19.979633,50.081667],[19.979631,50.081672],[19.979616,50.081669],[19.979619,50.081664],[19.979567,50.081653],[19.979564,50.081658],[19.97955,50.081655],[19.979552,50.08165],[19.979501,50.081639],[19.979498,50.081644],[19.979481,50.081635]]]}},{"type":"Feature","id":"w60679590","properties":{"type":"yes","residential":true,"residents_est":21,"h3_10":"8a1e2e6a2367fff","h3_11":"8b1e2e6a2363fff"},"geometry":{"type":"Polygon","coordinates":[[[19.981911,50.082387],[19.981966,50.082276],[19.982734,50.08243],[19.98268,50.082542],[19.981911,50.082387]]]}},{"type":"Feature","id":"w60679617","properties":{"type":"yes","residential":true,"residents_est":35,"h3_10":"8a1e2e6a236ffff","h3_11":"8b1e2e6a236efff"},"geometry":{"type":"Polygon","coordinates":[[[19.982123,50.082183],[19.982236,50.081966],[19.982252,50.08197],[19.982249,50.081975],[19.982298,50.081986],[19.982302,50.08198],[19.982317,50.081984],[19.982315,50.081989],[19.982365,50.082],[19.982368,50.081995],[19.982384,50.081998],[19.982381,50.082004],[19.982432,50.082015],[19.982435,50.082009],[19.982451,50.082012],[19.982448,50.082018],[19.982498,50.082029],[19.982501,50.082023],[19.982517,50.082027],[19.982514,50.082032],[19.982564,50.082043],[19.982567,50.082037],[19.982583,50.082041],[19.98258,50.082047],[19.982631,50.082057],[19.982634,50.082052],[19.98265,50.082055],[19.982647,50.082061],[19.982697,50.082072],[19.9827,50.082066],[19.982716,50.08207],[19.982713,50.082075],[19.982763,50.082086],[19.982766,50.08208],[19.982782,50.082084],[19.982779,50.08209],[19.982829,50.0821],[19.982832,50.082094],[19.982848,50.082098],[19.982845,50.082104],[19.982896,50.082115],[19.982899,50.082109],[19.982916,50.082118],[19.98281,50.082313],[19.982814,50.082314],[19.982809,50.082325],[19.982802,50.082329],[19.982786,50.082326],[19.982789,50.082321],[19.982738,50.08231],[19.982736,50.082315],[19.98272,50.082311],[19.982723,50.082306],[19.982672,50.082295],[19.982669,50.0823],[19.982654,50.082297],[19.982656,50.082292],[19.982605,50.082281],[19.982603,50.082286],[19.982588,50.082283],[19.982591,50.082278],[19.98254,50.082267],[19.982537,50.082272],[19.982521,50.082269],[19.982524,50.082263],[19.982473,50.082252],[19.98247,50.082258],[19.982455,50.082254],[19.982458,50.082249],[19.982407,50.082238],[19.982404,50.082244],[19.982388,50.08224],[19.982391,50.082234],[19.982341,50.082224],[19.982338,50.082229],[19.982322,50.082226],[19.982324,50.08222],[19.982274,50.082209],[19.982271,50.082215],[19.982256,50.082212],[19.982259,50.082206],[19.982208,50.082195],[19.982205,50.082201],[19.98219,50.082197],[19.982192,50.082192],[19.982141,50.082181],[19.982138,50.082186],[19.982123,50.082183]]]}},{"type":"Feature","id":"w60679664","properties":{"type":"yes","residential":true,"residents_est":35,"h3_10":"8a1e2e6a2377fff","h3_11":"8b1e2e6a2371fff"},"geometry":{"type":"Polygon","coordinates":[[[19.980761,50.081945],[19.980899,50.081678],[19.981083,50.081718],[19.981041,50.081802],[19.981211,50.081838],[19.981222,50.081817],[19.981364,50.081847],[19.981353,50.081869],[19.981521,50.081905],[19.981565,50.081821],[19.981749,50.08186],[19.981612,50.082127],[19.981428,50.082088],[19.981486,50.081976],[19.981464,50.081962],[19.981322,50.081933],[19.981299,50.081979],[19.981157,50.08195],[19.981181,50.081901],[19.98104,50.081871],[19.981005,50.081871],[19.980947,50.081984],[19.980761,50.081945]]]}},{"type":"Feature","id":"w60679805","properties":{"type":"yes","residential":true,"residents_est":9,"h3_10":"8a1e2e6a236ffff","h3_11":"8b1e2e6a236cfff"},"geometry":{"type":"Polygon","coordinates":[[[19.983174,50.082654],[19.983204,50.082593],[19.983363,50.082627],[19.983405,50.082551],[19.983563,50.082586],[19.983523,50.082661],[19.983607,50.082678],[19.983576,50.08274],[19.983174,50.082654]]]}},{"type":"Feature","id":"w60679943","properties":{"type":"yes","residential":true,"residents_est":35,"h3_10":"8a1e2e6a2357fff","h3_11":"8b1e2e6a2350fff"},"geometry":{"type":"Polygon","coordinates":[[[19.980038,50.080979],[19.980598,50.080602],[19.980922,50.080801],[19.980796,50.080886],[19.98061,50.080778],[19.980615,50.080775],[19.980602,50.080767],[19.98043,50.080888],[19.980294,50.080974],[19.980348,50.081001],[19.980343,50.081004],[19.980488,50.081094],[19.980362,50.081179],[19.980038,50.080979]]]}},{"type":"Feature","id":"w60680000","properties":{"type":"yes","residential":true,"residents_est":16,"h3_10":"8a1e2e6a2377fff","h3_11":"8b1e2e6a2376fff"},"geometry":{"type":"Polygon","coordinates":[[[19.979375,50.081851],[19.979434,50.081739],[19.980026,50.08187],[19.979969,50.081979],[19.979375,50.081851]]]}},{"type":"Feature","id":"w60680056","properties":{"type":"yes","residential":true,"residents_est":26,"h3_10":"8a1e2e6a236ffff","h3_11":"8b1e2e6a236bfff"},"geometry":{"type":"Polygon","coordinates":[[[19.983857,50.082172],[19.984244,50.081429],[19.984383,50.081459],[19.983995,50.082202],[19.983857,50.082172]]]}},{"type":"Feature","id":"w83521441","properties":{"type":"yes","address":"Kazimierza Chałupnika 14","name":"Krakowskie Zakłady Zielarskie Herbapol w Krakowie SA","residential":true,"residents_est":22,"h3_10":"8a1e2e6a2297fff","h3_11":"8b1e2e6a2292fff"},"geometry":{"type":"Polygon","coordinates":[[[19.9748,50.07546],[19.97534,50.075191],[19.975478,50.075305],[19.974936,50.075573],[19.9748,50.07546]]]}},{"type":"Feature","id":"w83521444","properties":{"type":"yes","address":"Kazimierza Chałupnika 14","residential":true,"residents_est":26,"h3_10":"8a1e2e6a2297fff","h3_11":"8b1e2e6a2290fff"},"geometry":{"type":"Polygon","coordinates":[[[19.975169,50.075774],[19.975708,50.075506],[19.975869,50.07564],[19.97533,50.075909],[19.975169,50.075774]]]}},{"type":"Feature","id":"w83521447","properties":{"type":"yes","residential":true,"residents_est":2,"h3_10":"8a1e2e6a229ffff","h3_11":"8b1e2e6a229afff"},"geometry":{"type":"Polygon","coordinates":[[[19.976562,50.074844],[19.976776,50.074843],[19.976776,50.074901],[19.976636,50.074902],[19.976636,50.07492],[19.976563,50.07492],[19.976562,50.074844]]]}},{"type":"Feature","id":"w108846194","properties":{"type":"retail","levels":1.0,"address":"Mieczysława Pszona 1","residential":false,"residents_est":0,"h3_10":"8a1e2e6a238ffff","h3_11":"8b1e2e6a2389fff"},"geometry":{"type":"Polygon","coordinates":[[[19.976761,50.078903],[19.977466,50.078428],[19.97753,50.078469],[19.976826,50.078944],[19.976761,50.078903]]]}},{"type":"Feature","id":"w108846196","properties":{"type":"apartments","levels":0.0,"address":"Mieczysława Pszona 10","residential":true,"residents_est":16,"h3_10":"8a1e2e6a23affff","h3_11":"8b1e2e6a23abfff"},"geometry":{"type":"Polygon","coordinates":[[[19.976334,50.079532],[19.976445,50.079526],[19.97646,50.079515],[19.976454,50.079467],[19.976435,50.079456],[19.97647,50.079429],[19.976489,50.079439],[19.976564,50.079435],[19.976703,50.07933],[19.976745,50.079353],[19.976607,50.079458],[19.976613,50.079507],[19.976632,50.079517],[19.976596,50.079544],[19.976577,50.079534],[19.976502,50.079538],[19.976474,50.07956],[19.976338,50.079567],[19.976334,50.079532]]]}},{"type":"Feature","id":"w108846198","properties":{"type":"apartments","levels":5.0,"address":"Mieczysława Pszona 41","residential":true,"residents_est":91,"h3_10":"8a1e2e6a2227fff","h3_11":"8b1e2e6a2220fff"},"geometry":{"type":"Polygon","coordinates":[[[19.978483,50.080237],[19.978593,50.080154],[19.97871,50.080148],[19.978727,50.080157],[19.978725,50.080166],[19.978763,50.080163],[19.978793,50.080142],[19.978791,50.080118],[19.978776,50.080119],[19.978758,50.080109],[19.978733,50.079907],[19.979085,50.07964],[19.979093,50.079642],[19.979108,50.079629],[19.979139,50.079627],[19.979202,50.079661],[19.979204,50.079678],[19.979184,50.079693],[19.97919,50.079698],[19.97917,50.079714],[19.979188,50.079724],[19.979075,50.079811],[19.979066,50.079806],[19.979023,50.079838],[19.979031,50.079843],[19.978903,50.079942],[19.978912,50.080011],[19.9789,50.080012],[19.978905,50.080055],[19.978917,50.080054],[19.978925,50.080112],[19.978895,50.080115],[19.978897,50.080137],[19.978931,50.080155],[19.978978,50.080152],[19.978987,50.08022],[19.978942,50.080223],[19.978911,50.080246],[19.978916,50.080274],[19.978811,50.08028],[19.978808,50.08025],[19.978771,50.080232],[19.978736,50.080233],[19.978737,50.080242],[19.978722,50.080253],[19.978675,50.080255],[19.978653,50.080274],[19.978665,50.080365],[19.97864,50.080367],[19.978643,50.080388],[19.978634,50.080389],[19.978637,50.080407],[19.978619,50.080421],[19.978538,50.080426],[19.978514,50.080413],[19.978513,50.080394],[19.978503,50.080395],[19.978483,50.080237]]]}},{"type":"Feature","id":"w108846201","properties":{"type":"apartments","levels":4.0,"address":"Mieczysława Pszona 16","residential":true,"residents_est":13,"h3_10":"8a1e2e6a231ffff","h3_11":"8b1e2e6a2319fff"},"geometry":{"type":"Polygon","coordinates":[[[19.978029,50.080356],[19.978097,50.080304],[19.978133,50.080323],[19.978177,50.08032],[19.978207,50.080298],[19.978287,50.080342],[19.978258,50.080365],[19.978261,50.080394],[19.978296,50.080412],[19.978228,50.080464],[19.978193,50.080444],[19.978148,50.080447],[19.978119,50.08047],[19.978038,50.080426],[19.978067,50.080403],[19.978064,50.080375],[19.978029,50.080356]]]}},{"type":"Feature","id":"w108846205","properties":{"type":"apartments","levels":5.0,"address":"Mieczysława Pszona 22","residential":true,"residents_est":56,"h3_10":"8a1e2e6a2237fff","h3_11":"8b1e2e6a2233fff"},"geometry":{"type":"Polygon","coordinates":[[[19.977686,50.078839],[19.977695,50.078839],[19.977695,50.07883],[19.977706,50.07882],[19.97772,50.078819],[19.977721,50.078813],[19.977872,50.078805],[19.977869,50.078796],[19.977978,50.078792],[19.977977,50.0788],[19.97801,50.078798],[19.97801,50.078789],[19.978081,50.078786],[19.978398,50.078961],[19.978415,50.079082],[19.978354,50.079085],[19.978348,50.079091],[19.978253,50.079091],[19.978244,50.079012],[19.978166,50.078972],[19.978173,50.078965],[19.978114,50.078933],[19.978104,50.078938],[19.978028,50.078896],[19.97788,50.078902],[19.977879,50.078895],[19.977834,50.078897],[19.977841,50.078955],[19.977832,50.078956],[19.977834,50.078975],[19.977816,50.07899],[19.977736,50.078993],[19.977714,50.078982],[19.977712,50.078963],[19.977702,50.078964],[19.9777,50.078942],[19.977693,50.078942],[19.977688,50.078906],[19.977695,50.078906],[19.977686,50.078839]]]}},{"type":"Feature","id":"w108846206","properties":{"type":"apartments","levels":4.0,"address":"Mieczysława Pszona 12","residential":true,"residents_est":78,"h3_10":"8a1e2e6a23affff","h3_11":"8b1e2e6a23a9fff"},"geometry":{"type":"Polygon","coordinates":[[[19.976194,50.079799],[19.976205,50.079798],[19.976198,50.079729],[19.976207,50.079729],[19.976206,50.079719],[19.976216,50.07971],[19.976232,50.079709],[19.976231,50.079704],[19.976383,50.079697],[19.976381,50.07968],[19.976751,50.07966],[19.976753,50.079665],[19.976783,50.079664],[19.976804,50.079675],[19.976811,50.079727],[19.976792,50.079741],[19.976729,50.07975],[19.976731,50.079766],[19.976557,50.079775],[19.976556,50.079767],[19.97648,50.079772],[19.976481,50.079779],[19.976343,50.079787],[19.976349,50.079833],[19.976362,50.079832],[19.976376,50.079936],[19.976363,50.079937],[19.97637,50.079982],[19.976537,50.079973],[19.976536,50.079965],[19.97661,50.079961],[19.976609,50.079947],[19.976635,50.079946],[19.976653,50.079959],[19.976736,50.079954],[19.976918,50.080054],[19.977038,50.080047],[19.977042,50.080078],[19.977051,50.080083],[19.977054,50.080106],[19.977046,50.080111],[19.977051,50.080151],[19.976899,50.080159],[19.976855,50.080145],[19.976838,50.080146],[19.976683,50.080062],[19.976506,50.080072],[19.976505,50.080064],[19.976431,50.080067],[19.976397,50.080069],[19.976397,50.080075],[19.976345,50.080077],[19.976344,50.080072],[19.97628,50.080075],[19.976279,50.08007],[19.97625,50.080064],[19.976249,50.080053],[19.97624,50.080054],[19.976238,50.080038],[19.976226,50.080039],[19.976194,50.079799]]]}},{"type":"Feature","id":"w108846210","properties":{"type":"retail","levels":1.0,"address":"Mieczysława Pszona 5","residential":false,"residents_est":0,"h3_10":"8a1e2e6a23affff","h3_11":"8b1e2e6a23a8fff"},"geometry":{"type":"Polygon","coordinates":[[[19.975374,50.079835],[19.975872,50.079499],[19.975936,50.079539],[19.975437,50.079874],[19.975374,50.079835]]]}},{"type":"Feature","id":"w108846211","properties":{"type":"retail","levels":1.0,"address":"Mieczysława Pszona 3","residential":false,"residents_est":0,"h3_10":"8a1e2e6a23affff","h3_11":"8b1e2e6a23abfff"},"geometry":{"type":"Polygon","coordinates":[[[19.975963,50.079443],[19.976523,50.079064],[19.976586,50.079105],[19.976029,50.079483],[19.975963,50.079443]]]}},{"type":"Feature","id":"w108846213","properties":{"type":"apartments","levels":5.0,"address":"Mieczysława Pszona 14","residential":true,"residents_est":39,"h3_10":"8a1e2e6a231ffff","h3_11":"8b1e2e6a231bfff"},"geometry":{"type":"Polygon","coordinates":[[[19.977172,50.079941],[19.977188,50.079941],[19.977183,50.079903],[19.977236,50.0799],[19.977244,50.079894],[19.977329,50.079895],[19.977334,50.079935],[19.977426,50.079985],[19.977418,50.079991],[19.977498,50.080035],[19.977507,50.080029],[19.977612,50.080086],[19.977732,50.08008],[19.977736,50.080111],[19.977745,50.080116],[19.977748,50.080139],[19.97774,50.080145],[19.977746,50.080184],[19.977593,50.080192],[19.97758,50.080184],[19.977531,50.080179],[19.977371,50.080092],[19.977378,50.080086],[19.977329,50.080059],[19.977321,50.080065],[19.977177,50.079987],[19.977172,50.079941]]]}},{"type":"Feature","id":"w108846217","properties":{"type":"apartments","levels":4.0,"address":"Mieczysława Pszona 18","residential":true,"residents_est":67,"h3_10":"8a1e2e6a2237fff","h3_11":"8b1e2e6a2235fff"},"geometry":{"type":"Polygon","coordinates":[[[19.977187,50.079655],[19.977206,50.07964],[19.977235,50.079638],[19.977235,50.079633],[19.977575,50.079615],[19.977725,50.079697],[19.977717,50.079702],[19.977739,50.079715],[19.977747,50.079709],[19.97791,50.079798],[19.977903,50.079803],[19.977929,50.079817],[19.977936,50.079812],[19.978031,50.079864],[19.978023,50.07987],[19.978052,50.079886],[19.97806,50.07988],[19.978107,50.079906],[19.978129,50.080068],[19.978116,50.080068],[19.978122,50.08011],[19.978172,50.080108],[19.978183,50.080191],[19.977999,50.080207],[19.977998,50.080201],[19.977944,50.080204],[19.977932,50.08012],[19.977982,50.080118],[19.977974,50.080049],[19.97796,50.080049],[19.977949,50.079958],[19.977836,50.079896],[19.977844,50.07989],[19.977793,50.079862],[19.977785,50.079868],[19.97766,50.0798],[19.977668,50.079794],[19.977608,50.079761],[19.9776,50.079767],[19.97752,50.079724],[19.977282,50.079736],[19.97728,50.07972],[19.977218,50.079718],[19.977194,50.079706],[19.977187,50.079655]]]}},{"type":"Feature","id":"w108846220","properties":{"type":"apartments","levels":5.0,"address":"Mieczysława Pszona 20","residential":true,"residents_est":121,"h3_10":"8a1e2e6a2237fff","h3_11":"8b1e2e6a2231fff"},"geometry":{"type":"Polygon","coordinates":[[[19.977747,50.079299],[19.977754,50.079298],[19.977752,50.07928],[19.977772,50.079265],[19.977851,50.079261],[19.977874,50.079274],[19.977876,50.079292],[19.977885,50.079291],[19.977887,50.079312],[19.977913,50.079312],[19.977927,50.079428],[19.97824,50.079609],[19.978249,50.079603],[19.978353,50.07966],[19.978392,50.079659],[19.978422,50.079635],[19.978449,50.079636],[19.978472,50.07962],[19.978469,50.07959],[19.978435,50.079571],[19.978502,50.07952],[19.978536,50.079538],[19.978581,50.079536],[19.978606,50.079518],[19.9786,50.079515],[19.978599,50.079501],[19.978629,50.079478],[19.978625,50.079454],[19.97852,50.079397],[19.978528,50.079391],[19.978467,50.079359],[19.978459,50.079364],[19.97838,50.07932],[19.978334,50.079323],[19.978333,50.079307],[19.978268,50.079305],[19.978246,50.079293],[19.978239,50.079241],[19.978259,50.079227],[19.978286,50.079225],[19.978287,50.07922],[19.978433,50.079211],[19.978583,50.079293],[19.978575,50.0793],[19.9786,50.079312],[19.978608,50.079306],[19.978756,50.079387],[19.978757,50.079399],[19.978771,50.079406],[19.978771,50.079417],[19.978785,50.079425],[19.978794,50.07949],[19.978783,50.079498],[19.978784,50.079511],[19.978772,50.079519],[19.978774,50.07953],[19.978725,50.079568],[19.9787,50.07957],[19.978685,50.079562],[19.978662,50.079579],[19.978666,50.079609],[19.978701,50.079627],[19.978633,50.079679],[19.978597,50.07966],[19.978553,50.079662],[19.97853,50.079681],[19.978545,50.079689],[19.978546,50.079703],[19.978496,50.079742],[19.978448,50.079752],[19.978437,50.079761],[19.978335,50.079766],[19.97829,50.079753],[19.978273,50.079754],[19.978115,50.079667],[19.978121,50.079661],[19.97801,50.0796],[19.978002,50.079605],[19.977796,50.079494],[19.977795,50.079482],[19.977781,50.079476],[19.97778,50.079464],[19.977767,50.079457],[19.977747,50.079299]]]}},{"type":"Feature","id":"w108846225","properties":{"type":"apartments","levels":4.0,"address":"Mieczysława Pszona 4","residential":true,"residents_est":32,"h3_10":"8a1e2e6a2237fff","h3_11":"8b1e2e6a2232fff"},"geometry":{"type":"Polygon","coordinates":[[[19.976979,50.079019],[19.977047,50.078968],[19.977081,50.078987],[19.977126,50.078985],[19.977156,50.078963],[19.977234,50.079005],[19.977204,50.079026],[19.977209,50.079057],[19.977238,50.079072],[19.977252,50.079063],[19.977301,50.07909],[19.977411,50.079084],[19.977408,50.079052],[19.977545,50.079046],[19.977563,50.079202],[19.977427,50.07921],[19.977423,50.079187],[19.977352,50.079191],[19.977349,50.07918],[19.977258,50.079185],[19.97716,50.079135],[19.977173,50.079124],[19.977142,50.079107],[19.977096,50.079108],[19.977066,50.079132],[19.976989,50.07909],[19.977018,50.079068],[19.977015,50.079039],[19.976979,50.079019]]]}},{"type":"Feature","id":"w108846228","properties":{"type":"apartments","levels":5.0,"address":"Pilotów 81","residential":true,"residents_est":93,"h3_10":"8a1e2e6a231ffff","h3_11":"8b1e2e6a231cfff"},"geometry":{"type":"Polygon","coordinates":[[[19.976644,50.080922],[19.976676,50.080844],[19.976647,50.080839],[19.976677,50.080841],[19.976699,50.080791],[19.976678,50.080788],[19.976714,50.080701],[19.976709,50.080697],[19.976716,50.080699],[19.976771,50.080564],[19.976763,50.08056],[19.976793,50.080565],[19.976803,50.080541],[19.976787,50.080525],[19.976827,50.080428],[19.976926,50.080391],[19.976909,50.080371],[19.97693,50.08039],[19.977028,50.080353],[19.97738,50.080416],[19.977334,50.080525],[19.977166,50.080494],[19.977172,50.080477],[19.977139,50.080471],[19.977132,50.080488],[19.977052,50.080474],[19.977036,50.080454],[19.977019,50.080461],[19.97703,50.080473],[19.97703,50.080483],[19.976978,50.080502],[19.976934,50.080607],[19.976909,50.080602],[19.976899,50.080625],[19.976925,50.080629],[19.97689,50.080712],[19.976865,50.080707],[19.976856,50.080729],[19.976882,50.080733],[19.976847,50.080815],[19.976875,50.080846],[19.977038,50.080875],[19.977033,50.080888],[19.977067,50.080894],[19.977072,50.08088],[19.977121,50.080889],[19.977076,50.080998],[19.976947,50.080975],[19.976952,50.080962],[19.976918,50.080956],[19.976913,50.080969],[19.976825,50.080954],[19.976831,50.08094],[19.976797,50.080935],[19.976792,50.080948],[19.976644,50.080922]]]}},{"type":"Feature","id":"w108962849","properties":{"type":"yes","residential":true,"residents_est":2,"h3_10":"8a1e2e6a221ffff","h3_11":"8b1e2e6a2218fff"},"geometry":{"type":"Polygon","coordinates":[[[19.979841,50.077896],[19.979887,50.077844],[19.980142,50.077934],[19.980093,50.077991],[19.979841,50.077896]]]}},{"type":"Feature","id":"w108962850","properties":{"type":"apartments","levels":5.0,"address":"Fiołkowa 17","residential":true,"residents_est":43,"h3_10":"8a1e2e6a221ffff","h3_11":"8b1e2e6a221bfff"},"geometry":{"type":"Polygon","coordinates":[[[19.980027,50.077891],[19.980306,50.077577],[19.98032,50.077582],[19.980448,50.077435],[19.980578,50.077482],[19.980445,50.077631],[19.980427,50.077625],[19.980149,50.077936],[19.980027,50.077891]]]}},{"type":"Feature","id":"w108962852","properties":{"type":"apartments","levels":11.0,"address":"Ugorek 10a","residential":true,"residents_est":41,"h3_10":"8a1e2e6a22c7fff","h3_11":"8b1e2e6a22c2fff"},"geometry":{"type":"Polygon","coordinates":[[[19.981252,50.076189],[19.981258,50.076132],[19.98127,50.076132],[19.981274,50.076091],[19.981259,50.07609],[19.981264,50.076038],[19.981349,50.076041],[19.981348,50.076049],[19.981413,50.076051],[19.981414,50.076044],[19.981498,50.076047],[19.981493,50.076103],[19.981481,50.076102],[19.981477,50.076143],[19.98149,50.076144],[19.981485,50.076198],[19.981401,50.076195],[19.981401,50.076188],[19.981252,50.076189]]]}},{"type":"Feature","id":"w108962854","properties":{"type":"apartments","levels":5.0,"address":"Ułanów 48","residential":true,"residents_est":41,"h3_10":"8a1e2e6a2257fff","h3_11":"8b1e2e6a2250fff"},"geometry":{"type":"Polygon","coordinates":[[[19.98264,50.078427],[19.983004,50.07795],[19.983127,50.077989],[19.982763,50.078466],[19.98264,50.078427]]]}},{"type":"Feature","id":"w108962856","properties":{"type":"apartments","levels":5.0,"address":"Ugorek 18","residential":true,"residents_est":44,"h3_10":"8a1e2e6a22f7fff","h3_11":"8b1e2e6a22f3fff"},"geometry":{"type":"Polygon","coordinates":[[[19.9804,50.076621],[19.980674,50.076303],[19.980687,50.076308],[19.980815,50.076161],[19.980941,50.076205],[19.980814,50.076356],[19.980798,50.07635],[19.980531,50.076667],[19.9804,50.076621]]]}},{"type":"Feature","id":"w108962860","properties":{"type":"yes","levels":0.0,"address":"Fiołkowa 15","name":"Centrum Sportowo-Edukacyjne SkakAnka","residential":true,"residents_est":14,"h3_10":"8a1e2e6a22f7fff","h3_11":"8b1e2e6a22f5fff"},"geometry":{"type":"Polygon","coordinates":[[[19.98048,50.077298],[19.980594,50.077161],[19.980827,50.077274],[19.980835,50.07726],[19.980985,50.077294],[19.980868,50.077433],[19.98048,50.077298]]]}},{"type":"Feature","id":"w108962862","properties":{"type":"apartments","levels":9.0,"address":"Ugorek 8","residential":true,"residents_est":126,"h3_10":"8a1e2e6a22e7fff","h3_11":"8b1e2e6a22e3fff"},"geometry":{"type":"Polygon","coordinates":[[[19.98156,50.07726],[19.982059,50.076556],[19.982206,50.076599],[19.981708,50.077303],[19.98156,50.07726]]]}},{"type":"Feature","id":"w108962863","properties":{"type":"apartments","levels":5.0,"address":"Ugorek 20","residential":true,"residents_est":43,"h3_10":"8a1e2e6a22d7fff","h3_11":"8b1e2e6a22d4fff"},"geometry":{"type":"Polygon","coordinates":[[[19.979848,50.076453],[19.980118,50.076141],[19.980132,50.076145],[19.980256,50.075995],[19.980387,50.07604],[19.980259,50.076189],[19.980245,50.076184],[19.979975,50.076498],[19.979848,50.076453]]]}},{"type":"Feature","id":"w108962866","properties":{"type":"apartments","levels":11.0,"address":"Ugorek 10c","residential":true,"residents_est":42,"h3_10":"8a1e2e6a22d7fff","h3_11":"8b1e2e6a22d0fff"},"geometry":{"type":"Polygon","coordinates":[[[19.98015,50.075821],[19.980166,50.075724],[19.980159,50.075724],[19.980164,50.07567],[19.980248,50.075673],[19.980247,50.075682],[19.980313,50.075685],[19.980314,50.075676],[19.980399,50.075679],[19.980395,50.075734],[19.980382,50.075734],[19.980379,50.075775],[19.980392,50.075776],[19.980387,50.075831],[19.980301,50.075827],[19.980302,50.07582],[19.98015,50.075821]]]}},{"type":"Feature","id":"w108962872","properties":{"type":"apartments","levels":5.0,"address":"Fiołkowa 9","residential":true,"residents_est":23,"h3_10":"8a1e2e6a220ffff","h3_11":"8b1e2e6a220bfff"},"geometry":{"type":"Polygon","coordinates":[[[19.981254,50.078436],[19.981434,50.078178],[19.981566,50.078216],[19.981383,50.078475],[19.981254,50.078436]]]}},{"type":"Feature","id":"w108962873","properties":{"type":"apartments","levels":5.0,"address":"Fiołkowa 11","residential":true,"residents_est":23,"h3_10":"8a1e2e6a22e7fff","h3_11":"8b1e2e6a22e0fff"},"geometry":{"type":"Polygon","coordinates":[[[19.981261,50.077754],[19.981434,50.077503],[19.981571,50.077542],[19.981399,50.077793],[19.981261,50.077754]]]}},{"type":"Feature","id":"w108962875","properties":{"type":"retail","levels":1.0,"address":"Ugorek 14","residential":false,"residents_est":0,"h3_10":"8a1e2e6a22f7fff","h3_11":"8b1e2e6a22f1fff"},"geometry":{"type":"Polygon","coordinates":[[[19.980562,50.076925],[19.980604,50.076877],[19.980572,50.076866],[19.980611,50.076817],[19.981044,50.076966],[19.980965,50.077063],[19.980562,50.076925]]]}},{"type":"Feature","id":"w108962877","properties":{"type":"apartments","levels":11.0,"address":"Ugorek 10b","residential":true,"residents_est":41,"h3_10":"8a1e2e6a22d7fff","h3_11":"8b1e2e6a22d5fff"},"geometry":{"type":"Polygon","coordinates":[[[19.980694,50.07599],[19.980697,50.07594],[19.980709,50.07594],[19.980712,50.075893],[19.980704,50.075893],[19.980707,50.07584],[19.980788,50.075842],[19.980788,50.075851],[19.98086,50.075853],[19.980861,50.075845],[19.980942,50.075847],[19.980939,50.075905],[19.980925,50.075905],[19.980923,50.075946],[19.980936,50.075946],[19.980932,50.075996],[19.980852,50.075994],[19.980852,50.075986],[19.980786,50.075984],[19.980785,50.075993],[19.980694,50.07599]]]}},{"type":"Feature","id":"w108962880","properties":{"type":"yes","residential":true,"residents_est":2,"h3_10":"8a1e2e6a221ffff","h3_11":"8b1e2e6a221afff"},"geometry":{"type":"Polygon","coordinates":[[[19.979346,50.077717],[19.979393,50.077662],[19.979657,50.077755],[19.979609,50.077809],[19.979346,50.077717]]]}},{"type":"Feature","id":"w108962881","properties":{"type":"apartments","levels":9.0,"address":"Ułanów 46","residential":true,"residents_est":133,"h3_10":"8a1e2e6a22effff","h3_11":"8b1e2e6a22edfff"},"geometry":{"type":"Polygon","coordinates":[[[19.983138,50.077776],[19.983648,50.077057],[19.9838,50.077102],[19.98329,50.07782],[19.983138,50.077776]]]}},{"type":"Feature","id":"w108962884","properties":{"type":"apartments","levels":5.0,"address":"Ugorek 16","residential":true,"residents_est":42,"h3_10":"8a1e2e6a22f7fff","h3_11":"8b1e2e6a22f0fff"},"geometry":{"type":"Polygon","coordinates":[[[19.979642,50.077093],[19.979906,50.076777],[19.97992,50.076782],[19.980047,50.076631],[19.980174,50.076675],[19.980048,50.076826],[19.980031,50.07682],[19.979767,50.077136],[19.979642,50.077093]]]}},{"type":"Feature","id":"w108962885","properties":{"type":"garages","residential":false,"residents_est":0,"h3_10":"8a1e2e6a22affff","h3_11":"8b1e2e6a22a9fff"},"geometry":{"type":"Polygon","coordinates":[[[19.97892,50.077251],[19.979215,50.076894],[19.979288,50.076919],[19.978994,50.077276],[19.97892,50.077251]]]}},{"type":"Feature","id":"w108962889","properties":{"type":"apartments","levels":9.0,"address":"Fiołkowa 8","residential":true,"residents_est":29,"h3_10":"8a1e2e6a2207fff","h3_11":"8b1e2e6a2203fff"},"geometry":{"type":"Polygon","coordinates":[[[19.979706,50.078654],[19.979714,50.078653],[19.979709,50.07864],[19.979751,50.078632],[19.979775,50.078606],[19.979763,50.078578],[19.979836,50.07856],[19.979838,50.078565],[19.979858,50.078561],[19.97987,50.078589],[19.979911,50.078604],[19.979953,50.078596],[19.979959,50.078609],[19.979967,50.078608],[19.979982,50.078643],[19.979974,50.078645],[19.97998,50.078657],[19.979937,50.078665],[19.979914,50.078692],[19.979925,50.078719],[19.979905,50.078722],[19.979907,50.078728],[19.979853,50.078737],[19.979851,50.078732],[19.97983,50.078736],[19.979819,50.078708],[19.979777,50.078693],[19.979735,50.078701],[19.97973,50.078688],[19.979722,50.078689],[19.979706,50.078654]]]}},{"type":"Feature","id":"w108962892","properties":{"type":"apartments","levels":5.0,"address":"Fiołkowa 19","residential":true,"residents_est":44,"h3_10":"8a1e2e6a221ffff","h3_11":"8b1e2e6a221bfff"},"geometry":{"type":"Polygon","coordinates":[[[19.979543,50.077711],[19.979813,50.077398],[19.979834,50.077406],[19.979963,50.077256],[19.980091,50.077305],[19.97996,50.077456],[19.979939,50.077449],[19.979671,50.07776],[19.979543,50.077711]]]}},{"type":"Feature","id":"w108962895","properties":{"type":"apartments","levels":5.0,"address":"Fiołkowa 3","residential":true,"residents_est":25,"h3_10":"8a1e2e6a2257fff","h3_11":"8b1e2e6a2252fff"},"geometry":{"type":"Polygon","coordinates":[[[19.982291,50.078036],[19.982482,50.077776],[19.982623,50.077818],[19.982432,50.078079],[19.982291,50.078036]]]}},{"type":"Feature","id":"w108962896","properties":{"type":"yes","residential":true,"residents_est":5,"h3_10":"8a1e2e6a22c7fff","h3_11":"8b1e2e6a22c1fff"},"geometry":{"type":"Polygon","coordinates":[[[19.982212,50.076446],[19.982255,50.076394],[19.982331,50.076419],[19.982289,50.076472],[19.982212,50.076446]]]}},{"type":"Feature","id":"w108962899","properties":{"type":"apartments","levels":5.0,"address":"Fiołkowa 7","residential":true,"residents_est":47,"h3_10":"8a1e2e6a22e7fff","h3_11":"8b1e2e6a22e5fff"},"geometry":{"type":"Polygon","coordinates":[[[19.981623,50.078093],[19.981994,50.077609],[19.982134,50.077653],[19.981763,50.078137],[19.981623,50.078093]]]}},{"type":"Feature","id":"w108962900","properties":{"type":"apartments","levels":0.0,"address":"Ułanów 52","residential":true,"residents_est":68,"h3_10":"8a1e2e6a2277fff","h3_11":"8b1e2e6a2276fff"},"geometry":{"type":"Polygon","coordinates":[[[19.981631,50.079438],[19.981659,50.079407],[19.981654,50.079395],[19.981667,50.07938],[19.981686,50.079377],[19.981722,50.079336],[19.981717,50.079324],[19.98173,50.079309],[19.981749,50.079306],[19.981758,50.079297],[19.98177,50.079301],[19.981793,50.079275],[19.981788,50.079263],[19.981802,50.079248],[19.981821,50.079244],[19.981858,50.079203],[19.981854,50.079191],[19.981866,50.079177],[19.981885,50.079174],[19.981893,50.079165],[19.981905,50.079169],[19.981913,50.079161],[19.981908,50.079148],[19.98192,50.079134],[19.981939,50.07913],[19.981985,50.079092],[19.981753,50.079005],[19.98184,50.078907],[19.982091,50.079001],[19.982083,50.07901],[19.982107,50.079019],[19.982114,50.079012],[19.982181,50.079038],[19.982154,50.079068],[19.982187,50.07908],[19.982129,50.079145],[19.982118,50.079141],[19.982102,50.079158],[19.982114,50.079162],[19.982054,50.079227],[19.982042,50.079222],[19.981993,50.079278],[19.982007,50.079284],[19.981983,50.07931],[19.981969,50.079304],[19.981917,50.079362],[19.981905,50.079357],[19.981857,50.07941],[19.981872,50.079416],[19.981848,50.079442],[19.981834,50.079436],[19.981782,50.079494],[19.981631,50.079438]]]}},{"type":"Feature","id":"w108962903","properties":{"type":"apartments","levels":5.0,"address":"Fiołkowa 5","residential":true,"residents_est":43,"h3_10":"8a1e2e6a2257fff","h3_11":"8b1e2e6a2256fff"},"geometry":{"type":"Polygon","coordinates":[[[19.98178,50.078604],[19.982028,50.078284],[19.98204,50.078288],[19.982157,50.078137],[19.98229,50.078179],[19.982173,50.078329],[19.982159,50.078324],[19.981909,50.078644],[19.98178,50.078604]]]}},{"type":"Feature","id":"w108962904","properties":{"type":"yes","levels":3.0,"address":"Fiołkowa 21","residential":true,"residents_est":17,"h3_10":"8a1e2e6a221ffff","h3_11":"8b1e2e6a221afff"},"geometry":{"type":"Polygon","coordinates":[[[19.979109,50.077441],[19.97939,50.077104],[19.979619,50.077184],[19.979335,50.077521],[19.979109,50.077441]]]}},{"type":"Feature","id":"w108962906","properties":{"type":"yes","address":"Ugorek 10","residential":true,"residents_est":13,"h3_10":"8a1e2e6a22c7fff","h3_11":"8b1e2e6a22c0fff"},"geometry":{"type":"Polygon","coordinates":[[[19.981829,50.076414],[19.981958,50.076253],[19.982059,50.076288],[19.982056,50.076291],[19.982088,50.076306],[19.982137,50.07626],[19.98219,50.076279],[19.982194,50.076274],[19.982215,50.076282],[19.982211,50.076286],[19.98226,50.076304],[19.982264,50.076299],[19.982285,50.076306],[19.982282,50.07631],[19.982313,50.076321],[19.98223,50.076424],[19.982084,50.076375],[19.982007,50.076474],[19.981829,50.076414]]]}},{"type":"Feature","id":"w108962908","properties":{"type":"garages","residential":false,"residents_est":0,"h3_10":"8a1e2e6a22c7fff","h3_11":"8b1e2e6a22c1fff"},"geometry":{"type":"Polygon","coordinates":[[[19.982333,50.076528],[19.982375,50.076476],[19.982605,50.076551],[19.982562,50.076603],[19.982333,50.076528]]]}},{"type":"Feature","id":"w108962909","properties":{"type":"apartments","levels":5.0,"address":"Fiołkowa 12","residential":true,"residents_est":56,"h3_10":"8a1e2e6a2217fff","h3_11":"8b1e2e6a2213fff"},"geometry":{"type":"Polygon","coordinates":[[[19.978032,50.078277],[19.978113,50.078214],[19.978111,50.078195],[19.97815,50.078165],[19.978134,50.078156],[19.978192,50.078112],[19.978208,50.07812],[19.97823,50.078103],[19.978214,50.078094],[19.978353,50.077987],[19.978369,50.077996],[19.978586,50.077829],[19.978602,50.077837],[19.97862,50.077824],[19.97864,50.077823],[19.97872,50.077865],[19.978722,50.077878],[19.978677,50.077913],[19.978703,50.077926],[19.978672,50.07795],[19.978652,50.07794],[19.97852,50.078042],[19.978539,50.078052],[19.978508,50.078076],[19.978482,50.078063],[19.978352,50.078163],[19.978378,50.078177],[19.978347,50.078201],[19.978328,50.07819],[19.978224,50.07827],[19.978244,50.07828],[19.978213,50.078304],[19.978187,50.07829],[19.978133,50.078332],[19.978032,50.078277]]]}},{"type":"Feature","id":"w108962912","properties":{"type":"garages","residential":false,"residents_est":0,"h3_10":"8a1e2e6a22effff","h3_11":"8b1e2e6a22eafff"},"geometry":{"type":"Polygon","coordinates":[[[19.98312,50.076798],[19.983161,50.076748],[19.983387,50.076822],[19.983347,50.076873],[19.98312,50.076798]]]}},{"type":"Feature","id":"w108962917","properties":{"type":"yes","residential":true,"residents_est":3,"h3_10":"8a1e2e6a222ffff","h3_11":"8b1e2e6a222bfff"},"geometry":{"type":"Polygon","coordinates":[[[19.981398,50.079375],[19.981589,50.079152],[19.981666,50.079179],[19.981455,50.079426],[19.981413,50.079411],[19.981433,50.079388],[19.981398,50.079375]]]}},{"type":"Feature","id":"w108962919","properties":{"type":"yes","levels":2.0,"residential":true,"residents_est":4,"h3_10":"8a1e2e6a2257fff","h3_11":"8b1e2e6a2254fff"},"geometry":{"type":"Polygon","coordinates":[[[19.982367,50.078717],[19.98249,50.07854],[19.98267,50.078592],[19.982546,50.07877],[19.982367,50.078717]]]}},{"type":"Feature","id":"w108962920","properties":{"type":"apartments","levels":9.0,"address":"Ugorek 4","residential":true,"residents_est":128,"h3_10":"8a1e2e6a22effff","h3_11":"8b1e2e6a22eefff"},"geometry":{"type":"Polygon","coordinates":[[[19.98235,50.07752],[19.982848,50.076819],[19.982998,50.076861],[19.982498,50.077565],[19.98235,50.07752]]]}},{"type":"Feature","id":"w108962923","properties":{"type":"yes","address":"Fiołkowa 13","residential":true,"residents_est":18,"h3_10":"8a1e2e6a221ffff","h3_11":"8b1e2e6a2219fff"},"geometry":{"type":"Polygon","coordinates":[[[19.980446,50.077955],[19.980505,50.077886],[19.980611,50.077925],[19.980639,50.077894],[19.98103,50.078036],[19.980955,50.07812],[19.980937,50.078114],[19.980889,50.07817],[19.980947,50.078191],[19.9809,50.078242],[19.980685,50.078166],[19.98078,50.078056],[19.980615,50.077998],[19.980604,50.078011],[19.980446,50.077955]]]}},{"type":"Feature","id":"w108962925","properties":{"type":"retail","levels":1.0,"address":"Ugorek 14","residential":false,"residents_est":0,"h3_10":"8a1e2e6a22f7fff","h3_11":"8b1e2e6a22f5fff"},"geometry":{"type":"Polygon","coordinates":[[[19.980166,50.077071],[19.980234,50.076991],[19.980448,50.077065],[19.980544,50.076951],[19.980637,50.076988],[19.980482,50.077176],[19.980166,50.077071]]]}},{"type":"Feature","id":"w108962926","properties":{"type":"garages","residential":false,"residents_est":0,"h3_10":"8a1e2e6a22effff","h3_11":"8b1e2e6a22ebfff"},"geometry":{"type":"Polygon","coordinates":[[[19.983403,50.076891],[19.983445,50.076837],[19.983709,50.076924],[19.983667,50.076977],[19.983403,50.076891]]]}},{"type":"Feature","id":"w108962928","properties":{"type":"yes","address":"Ułanów 29","residential":true,"residents_est":21,"h3_10":"8a1e2e6a2257fff","h3_11":"8b1e2e6a2255fff"},"geometry":{"type":"Polygon","coordinates":[[[19.982986,50.07886],[19.983057,50.078726],[19.983204,50.07876],[19.983245,50.078682],[19.983239,50.078681],[19.983242,50.078675],[19.983726,50.078776],[19.983697,50.078833],[19.983723,50.078839],[19.983705,50.078896],[19.983292,50.078806],[19.98324,50.078912],[19.982986,50.07886]]]}},{"type":"Feature","id":"w108962930","properties":{"type":"apartments","levels":5.0,"address":"Ugorek 12","residential":true,"residents_est":44,"h3_10":"8a1e2e6a22c7fff","h3_11":"8b1e2e6a22c6fff"},"geometry":{"type":"Polygon","coordinates":[[[19.980978,50.076799],[19.981246,50.076479],[19.981261,50.076484],[19.981385,50.076336],[19.981517,50.07638],[19.981389,50.076533],[19.981371,50.076526],[19.981105,50.076843],[19.980978,50.076799]]]}},{"type":"Feature","id":"w108962931","properties":{"type":"garages","residential":false,"residents_est":0,"h3_10":"8a1e2e6a22c7fff","h3_11":"8b1e2e6a22c1fff"},"geometry":{"type":"Polygon","coordinates":[[[19.982609,50.076619],[19.982651,50.076566],[19.98288,50.076643],[19.982838,50.076695],[19.982609,50.076619]]]}},{"type":"Feature","id":"w109170774","properties":{"type":"garages","residential":false,"residents_est":0,"h3_10":"8a1e2e6a22c7fff","h3_11":"8b1e2e6a22c3fff"},"geometry":{"type":"Polygon","coordinates":[[[19.982417,50.076118],[19.982508,50.075964],[19.982674,50.076005],[19.982584,50.076159],[19.982417,50.076118]]]}},{"type":"Feature","id":"w109170776","properties":{"type":"apartments","levels":5.0,"address":"Pawła Włodkowica 3","residential":true,"residents_est":53,"h3_10":"8a1e2e6a22dffff","h3_11":"8b1e2e6a22dbfff"},"geometry":{"type":"Polygon","coordinates":[[[19.981894,50.074923],[19.982685,50.074816],[19.982722,50.074931],[19.981931,50.075037],[19.981894,50.074923]]]}},{"type":"Feature","id":"w109170794","properties":{"type":"garages","residential":false,"residents_est":0,"h3_10":"8a1e2e6a22cffff","h3_11":"8b1e2e6a22cdfff"},"geometry":{"type":"Polygon","coordinates":[[[19.9841,50.076423],[19.984169,50.07632],[19.984599,50.07644],[19.984528,50.076541],[19.9841,50.076423]]]}},{"type":"Feature","id":"w109170799","properties":{"type":"garages","residential":false,"residents_est":0,"h3_10":"8a1e2e6a22c7fff","h3_11":"8b1e2e6a22c3fff"},"geometry":{"type":"Polygon","coordinates":[[[19.982095,50.076035],[19.982198,50.075883],[19.982361,50.075929],[19.982257,50.076081],[19.982095,50.076035]]]}},{"type":"Feature","id":"w109170805","properties":{"type":"apartments","levels":8.0,"address":"Ugorek 1","residential":true,"residents_est":240,"h3_10":"8a1e2e6a22cffff","h3_11":"8b1e2e6a22cefff"},"geometry":{"type":"Polygon","coordinates":[[[19.982177,50.075774],[19.982246,50.075664],[19.983523,50.075992],[19.984384,50.076125],[19.984342,50.076237],[19.983454,50.076102],[19.982177,50.075774]]]}},{"type":"Feature","id":"w109170808","properties":{"type":"apartments","levels":11.0,"address":"Ułanów 38a","residential":true,"residents_est":71,"h3_10":"8a1e2e6a22cffff","h3_11":"8b1e2e6a22cbfff"},"geometry":{"type":"Polygon","coordinates":[[[19.984039,50.075777],[19.984135,50.075545],[19.984093,50.075537],[19.984127,50.075455],[19.984318,50.075487],[19.984219,50.075729],[19.984259,50.075736],[19.984228,50.07581],[19.984039,50.075777]]]}},{"type":"Feature","id":"w109170824","properties":{"type":"apartments","levels":5.0,"address":"Pawła Włodkowica 1","residential":true,"residents_est":68,"h3_10":"8a1e2e6a22d7fff","h3_11":"8b1e2e6a22d3fff"},"geometry":{"type":"Polygon","coordinates":[[[19.980362,50.075219],[19.980552,50.075172],[19.980546,50.075163],[19.981307,50.074973],[19.981374,50.075084],[19.980617,50.075273],[19.98062,50.07528],[19.980427,50.075328],[19.980362,50.075219]]]}},{"type":"Feature","id":"w109170838","properties":{"type":"apartments","levels":6.0,"address":"Ugorek 3","residential":true,"residents_est":79,"h3_10":"8a1e2e6a22d7fff","h3_11":"8b1e2e6a22d1fff"},"geometry":{"type":"Polygon","coordinates":[[[19.98081,50.075514],[19.981002,50.075467],[19.980998,50.075459],[19.981754,50.075273],[19.981819,50.075382],[19.981064,50.075567],[19.981069,50.075575],[19.980875,50.075623],[19.98081,50.075514]]]}},{"type":"Feature","id":"w109614166","properties":{"type":"yes","address":"Ułanów 64a","residential":true,"residents_est":1,"h3_10":"8a1e2e6a2357fff","h3_11":"8b1e2e6a2352fff"},"geometry":{"type":"Polygon","coordinates":[[[19.980343,50.080339],[19.980413,50.080283],[19.980543,50.080348],[19.980473,50.080405],[19.980343,50.080339]]]}},{"type":"Feature","id":"w109614169","properties":{"type":"yes","address":"Ułanów 76","residential":true,"residents_est":3,"h3_10":"8a1e2e6a230ffff","h3_11":"8b1e2e6a2308fff"},"geometry":{"type":"Polygon","coordinates":[[[19.978664,50.081312],[19.978826,50.081235],[19.97893,50.081324],[19.978768,50.081402],[19.978664,50.081312]]]}},{"type":"Feature","id":"w109614180","properties":{"type":"kindergarten","address":"Ułanów 41","residential":false,"residents_est":0,"h3_10":"8a1e2e6a2357fff","h3_11":"8b1e2e6a2353fff"},"geometry":{"type":"Polygon","coordinates":[[[19.980764,50.080488],[19.980922,50.080382],[19.981078,50.080478],[19.98092,50.080584],[19.980764,50.080488]]]}},{"type":"Feature","id":"w109614183","properties":{"type":"yes","address":"Wysoka 7","residential":true,"residents_est":1,"h3_10":"8a1e2e6a230ffff","h3_11":"8b1e2e6a230efff"},"geometry":{"type":"Polygon","coordinates":[[[19.977989,50.081054],[19.978025,50.080984],[19.978151,50.08101],[19.978115,50.081081],[19.977989,50.081054]]]}},{"type":"Feature","id":"w109614184","properties":{"type":"yes","address":"Wysoka 4","residential":true,"residents_est":2,"h3_10":"8a1e2e6a2307fff","h3_11":"8b1e2e6a2303fff"},"geometry":{"type":"Polygon","coordinates":[[[19.977585,50.081236],[19.977643,50.081116],[19.977794,50.081149],[19.977733,50.081268],[19.977585,50.081236]]]}},{"type":"Feature","id":"w109614190","properties":{"type":"yes","address":"Ułanów 80","residential":true,"residents_est":2,"h3_10":"8a1e2e6a230ffff","h3_11":"8b1e2e6a230cfff"},"geometry":{"type":"Polygon","coordinates":[[[19.978342,50.081486],[19.978396,50.081461],[19.978372,50.08144],[19.978405,50.081425],[19.978428,50.081446],[19.978472,50.081426],[19.97856,50.081506],[19.978511,50.081529],[19.97852,50.081538],[19.978486,50.081554],[19.978475,50.081544],[19.978428,50.081566],[19.978342,50.081486]]]}},{"type":"Feature","id":"w109614191","properties":{"type":"yes","address":"Pilotów 87","residential":true,"residents_est":1,"h3_10":"8a1e2e6a2307fff","h3_11":"8b1e2e6a2302fff"},"geometry":{"type":"Polygon","coordinates":[[[19.976686,50.08137],[19.976733,50.081272],[19.976859,50.081297],[19.976812,50.081395],[19.976686,50.08137]]]}},{"type":"Feature","id":"w109614195","properties":{"type":"yes","address":"Wysoka 3","residential":true,"residents_est":2,"h3_10":"8a1e2e6a230ffff","h3_11":"8b1e2e6a230efff"},"geometry":{"type":"Polygon","coordinates":[[[19.977859,50.081299],[19.977905,50.081204],[19.978051,50.081234],[19.978004,50.081328],[19.977859,50.081299]]]}},{"type":"Feature","id":"w109614197","properties":{"type":"yes","address":"Ułanów 72","residential":true,"residents_est":3,"h3_10":"8a1e2e6a230ffff","h3_11":"8b1e2e6a2309fff"},"geometry":{"type":"Polygon","coordinates":[[[19.979064,50.081121],[19.979279,50.081012],[19.979388,50.081103],[19.979172,50.08121],[19.979064,50.081121]]]}},{"type":"Feature","id":"w109614201","properties":{"type":"yes","address":"Pilotów 95","residential":true,"residents_est":2,"h3_10":"8a1e2e6a2307fff","h3_11":"8b1e2e6a2301fff"},"geometry":{"type":"Polygon","coordinates":[[[19.977785,50.0815],[19.977824,50.081381],[19.977952,50.081398],[19.977913,50.081518],[19.977785,50.0815]]]}},{"type":"Feature","id":"w109614210","properties":{"type":"yes","address":"Wysoka 6","residential":true,"residents_est":2,"h3_10":"8a1e2e6a231ffff","h3_11":"8b1e2e6a231dfff"},"geometry":{"type":"Polygon","coordinates":[[[19.977683,50.08107],[19.977736,50.080967],[19.977851,50.080991],[19.977798,50.081094],[19.977683,50.08107]]]}},{"type":"Feature","id":"w109614211","properties":{"type":"apartments","levels":4.0,"address":"Ułanów 70","residential":true,"residents_est":30,"h3_10":"8a1e2e6a230ffff","h3_11":"8b1e2e6a230bfff"},"geometry":{"type":"Polygon","coordinates":[[[19.978894,50.080759],[19.978974,50.08068],[19.979443,50.080878],[19.979451,50.080871],[19.979543,50.08091],[19.979447,50.081004],[19.979355,50.080965],[19.979359,50.080961],[19.979328,50.080948],[19.979332,50.080944],[19.979191,50.080885],[19.979187,50.080889],[19.979153,50.080874],[19.979157,50.08087],[19.979016,50.080811],[19.979012,50.080815],[19.978978,50.080801],[19.978982,50.080796],[19.978894,50.080759]]]}},{"type":"Feature","id":"w109614213","properties":{"type":"yes","address":"Ułanów 78","residential":true,"residents_est":2,"h3_10":"8a1e2e6a230ffff","h3_11":"8b1e2e6a230cfff"},"geometry":{"type":"Polygon","coordinates":[[[19.978509,50.081415],[19.978685,50.081331],[19.978768,50.081402],[19.978592,50.081486],[19.978509,50.081415]]]}},{"type":"Feature","id":"w109614214","properties":{"type":"yes","address":"Pilotów 89","residential":true,"residents_est":2,"h3_10":"8a1e2e6a2307fff","h3_11":"8b1e2e6a2300fff"},"geometry":{"type":"Polygon","coordinates":[[[19.976902,50.081414],[19.976929,50.081328],[19.977107,50.081351],[19.97708,50.081437],[19.976902,50.081414]]]}},{"type":"Feature","id":"w109614215","properties":{"type":"yes","address":"Pilotów 62","residential":true,"residents_est":2,"h3_10":"8a1e2e6a232ffff","h3_11":"8b1e2e6a232afff"},"geometry":{"type":"Polygon","coordinates":[[[19.978188,50.081873],[19.978197,50.081774],[19.978379,50.081781],[19.978369,50.08188],[19.978188,50.081873]]]}},{"type":"Feature","id":"w109614219","properties":{"type":"yes","address":"Ułanów 64c","residential":true,"residents_est":1,"h3_10":"8a1e2e6a2227fff","h3_11":"8b1e2e6a2221fff"},"geometry":{"type":"Polygon","coordinates":[[[19.980037,50.080149],[19.98012,50.080081],[19.980147,50.080094],[19.980169,50.080076],[19.980203,50.080093],[19.980209,50.080087],[19.980239,50.080102],[19.980127,50.080194],[19.980037,50.080149]]]}},{"type":"Feature","id":"w109614220","properties":{"type":"yes","address":"Wysoka 9","residential":true,"residents_est":1,"h3_10":"8a1e2e6a230ffff","h3_11":"8b1e2e6a230efff"},"geometry":{"type":"Polygon","coordinates":[[[19.978025,50.080984],[19.978068,50.080899],[19.978194,50.080926],[19.978151,50.08101],[19.978025,50.080984]]]}},{"type":"Feature","id":"w109614223","properties":{"type":"yes","address":"Wysoka 8","residential":true,"residents_est":1,"h3_10":"8a1e2e6a231ffff","h3_11":"8b1e2e6a231dfff"},"geometry":{"type":"Polygon","coordinates":[[[19.977475,50.080864],[19.977517,50.08077],[19.977627,50.080791],[19.977586,50.080884],[19.977475,50.080864]]]}},{"type":"Feature","id":"w109614225","properties":{"type":"yes","address":"Ułanów 43","residential":true,"residents_est":9,"h3_10":"8a1e2e6a2357fff","h3_11":"8b1e2e6a2354fff"},"geometry":{"type":"Polygon","coordinates":[[[19.979801,50.0813],[19.979852,50.081199],[19.980223,50.081278],[19.980171,50.081379],[19.979801,50.0813]]]}},{"type":"Feature","id":"w109614232","properties":{"type":"yes","address":"Wysoka 5","residential":true,"residents_est":2,"h3_10":"8a1e2e6a230ffff","h3_11":"8b1e2e6a230efff"},"geometry":{"type":"Polygon","coordinates":[[[19.977905,50.081204],[19.977952,50.08111],[19.978098,50.08114],[19.978051,50.081234],[19.977905,50.081204]]]}},{"type":"Feature","id":"w109614233","properties":{"type":"yes","address":"Ułanów 74","residential":true,"residents_est":2,"h3_10":"8a1e2e6a230ffff","h3_11":"8b1e2e6a2308fff"},"geometry":{"type":"Polygon","coordinates":[[[19.978859,50.081263],[19.978904,50.081242],[19.978887,50.081227],[19.978998,50.081173],[19.979017,50.081189],[19.979064,50.081166],[19.979134,50.081226],[19.97893,50.081324],[19.978859,50.081263]]]}},{"type":"Feature","id":"w109614235","properties":{"type":"yes","address":"Pilotów 97","residential":true,"residents_est":3,"h3_10":"8a1e2e6a230ffff","h3_11":"8b1e2e6a230cfff"},"geometry":{"type":"Polygon","coordinates":[[[19.978035,50.08158],[19.978086,50.081433],[19.978241,50.081456],[19.97819,50.081602],[19.978035,50.08158]]]}},{"type":"Feature","id":"w109614241","properties":{"type":"yes","address":"Wysoka 10","residential":true,"residents_est":1,"h3_10":"8a1e2e6a231ffff","h3_11":"8b1e2e6a231dfff"},"geometry":{"type":"Polygon","coordinates":[[[19.977816,50.080786],[19.977857,50.080706],[19.977977,50.08073],[19.977936,50.080811],[19.977816,50.080786]]]}},{"type":"Feature","id":"w109614242","properties":{"type":"detached","address":"Ułanów 68","residential":true,"residents_est":3,"h3_10":"8a1e2e6a2357fff","h3_11":"8b1e2e6a2356fff"},"geometry":{"type":"Polygon","coordinates":[[[19.979635,50.080874],[19.979771,50.080794],[19.979866,50.080851],[19.979746,50.080922],[19.979635,50.080874]]]}},{"type":"Feature","id":"w109614247","properties":{"type":"yes","address":"Pilotów 93","residential":true,"residents_est":1,"h3_10":"8a1e2e6a2307fff","h3_11":"8b1e2e6a2300fff"},"geometry":{"type":"Polygon","coordinates":[[[19.977187,50.081447],[19.977216,50.081354],[19.977339,50.081372],[19.977308,50.081465],[19.977187,50.081447]]]}},{"type":"Feature","id":"w109614251","properties":{"type":"yes","address":"Ułanów 62","residential":true,"residents_est":2,"h3_10":"8a1e2e6a222ffff","h3_11":"8b1e2e6a222cfff"},"geometry":{"type":"Polygon","coordinates":[[[19.980601,50.08017],[19.980703,50.080075],[19.980816,50.080126],[19.980709,50.080224],[19.980601,50.08017]]]}},{"type":"Feature","id":"w109614252","properties":{"type":"yes","address":"Pilotów 85","residential":true,"residents_est":2,"h3_10":"8a1e2e6a2307fff","h3_11":"8b1e2e6a2302fff"},"geometry":{"type":"Polygon","coordinates":[[[19.976551,50.081345],[19.976598,50.081239],[19.976736,50.081266],[19.976686,50.08137],[19.976551,50.081345]]]}},{"type":"Feature","id":"w109614257","properties":{"type":"yes","address":"Ułanów 66","residential":true,"residents_est":3,"h3_10":"8a1e2e6a2357fff","h3_11":"8b1e2e6a2352fff"},"geometry":{"type":"Polygon","coordinates":[[[19.979962,50.080644],[19.980105,50.080514],[19.98024,50.080575],[19.980096,50.080705],[19.979962,50.080644]]]}},{"type":"Feature","id":"w156200219","properties":{"type":"yes","address":"Kazimierza Chałupnika 16","name":"KS Wieczysta","residential":true,"residents_est":10,"h3_10":"8a1e2e6a22a7fff","h3_11":"8b1e2e6a22a3fff"},"geometry":{"type":"Polygon","coordinates":[[[19.976686,50.077222],[19.977003,50.077037],[19.977121,50.07712],[19.977056,50.077158],[19.977034,50.077143],[19.976848,50.077252],[19.97687,50.077268],[19.976805,50.077306],[19.976686,50.077222]]]}},{"type":"Feature","id":"w156321448","properties":{"type":"yes","address":"Widna 18","residential":true,"residents_est":2,"h3_10":"8a1e2e6a2397fff","h3_11":"8b1e2e6a2392fff"},"geometry":{"type":"Polygon","coordinates":[[[19.972635,50.077842],[19.972769,50.077764],[19.97286,50.077829],[19.972726,50.077907],[19.972635,50.077842]]]}},{"type":"Feature","id":"w156321453","properties":{"type":"detached","address":"Pilotów 49","residential":true,"residents_est":2,"h3_10":"8a1e2e6a23b7fff","h3_11":"8b1e2e6a23b5fff"},"geometry":{"type":"Polygon","coordinates":[[[19.972945,50.079909],[19.973029,50.079859],[19.973086,50.079898],[19.973101,50.07989],[19.973131,50.07991],[19.973045,50.079962],[19.973005,50.079934],[19.972993,50.079942],[19.972945,50.079909]]]}},{"type":"Feature","id":"w156321463","properties":{"type":"yes","residential":true,"residents_est":1,"h3_10":"8a1e2e6a22b7fff","h3_11":"8b1e2e6a22b5fff"},"geometry":{"type":"Polygon","coordinates":[[[19.975342,50.077159],[19.975426,50.077117],[19.975485,50.077166],[19.9754,50.077208],[19.975342,50.077159]]]}},{"type":"Feature","id":"w156321474","properties":{"type":"detached","address":"Kazimierza Chałupnika 33","residential":true,"residents_est":3,"h3_10":"8a1e2e6a22b7fff","h3_11":"8b1e2e6a22b2fff"},"geometry":{"type":"Polygon","coordinates":[[[19.974484,50.076247],[19.974619,50.076177],[19.974681,50.076227],[19.974546,50.076296],[19.974484,50.076247]]]}},{"type":"Feature","id":"w156321477","properties":{"type":"commercial","address":"Jerzego Bajana 8","residential":false,"residents_est":0,"h3_10":"8a1e2e6a23b7fff","h3_11":"8b1e2e6a23b1fff"},"geometry":{"type":"Polygon","coordinates":[[[19.973249,50.079238],[19.973625,50.079013],[19.973836,50.07916],[19.97346,50.079384],[19.973249,50.079238]]]}},{"type":"Feature","id":"w156321479","properties":{"type":"house","address":"Żwirki i Wigury 35","residential":true,"residents_est":3,"h3_10":"8a1e2e6a22b7fff","h3_11":"8b1e2e6a22b5fff"},"geometry":{"type":"Polygon","coordinates":[[[19.975626,50.07721],[19.975742,50.077147],[19.975844,50.077223],[19.975728,50.077287],[19.975626,50.07721]]]}},{"type":"Feature","id":"w156321480","properties":{"type":"yes","address":"Anieli Krzywoń 11","residential":true,"residents_est":1,"h3_10":"8a1e2e6a2397fff","h3_11":"8b1e2e6a2390fff"},"geometry":{"type":"Polygon","coordinates":[[[19.972763,50.078164],[19.972891,50.078095],[19.972976,50.078159],[19.972848,50.078228],[19.972763,50.078164]]]}},{"type":"Feature","id":"w156321509","properties":{"type":"house","address":"Jerzego Bajana 6","residential":true,"residents_est":3,"h3_10":"8a1e2e6a23b7fff","h3_11":"8b1e2e6a23b5fff"},"geometry":{"type":"Polygon","coordinates":[[[19.973241,50.079627],[19.973352,50.079563],[19.973441,50.079628],[19.973405,50.079649],[19.973429,50.079667],[19.973388,50.07969],[19.97336,50.07967],[19.973327,50.079689],[19.973241,50.079627]]]}},{"type":"Feature","id":"w156321513","properties":{"type":"yes","address":"Anieli Krzywoń 17","residential":true,"residents_est":2,"h3_10":"8a1e2e6a2397fff","h3_11":"8b1e2e6a2393fff"},"geometry":{"type":"Polygon","coordinates":[[[19.97353,50.077703],[19.973646,50.077636],[19.973773,50.077727],[19.973657,50.077794],[19.97353,50.077703]]]}},{"type":"Feature","id":"w156321515","properties":{"type":"yes","address":"Anieli Krzywoń 24","residential":true,"residents_est":2,"h3_10":"8a1e2e6a239ffff","h3_11":"8b1e2e6a239afff"},"geometry":{"type":"Polygon","coordinates":[[[19.974507,50.077462],[19.974646,50.077384],[19.974765,50.077471],[19.974625,50.07755],[19.974507,50.077462]]]}},{"type":"Feature","id":"w156321519","properties":{"type":"yes","address":"Kazimierza Chałupnika 49","name":"MPEC w Krakowie Zakład Energetyki Cieplnej Północ","residential":true,"residents_est":9,"h3_10":"8a1e2e6a22a7fff","h3_11":"8b1e2e6a22a4fff"},"geometry":{"type":"Polygon","coordinates":[[[19.97628,50.077847],[19.976436,50.077753],[19.976634,50.077889],[19.976479,50.077983],[19.97628,50.077847]]]}},{"type":"Feature","id":"w156321520","properties":{"type":"apartments","levels":12.0,"address":"Żwirki i Wigury 28","residential":true,"residents_est":54,"h3_10":"8a1e2e6a239ffff","h3_11":"8b1e2e6a239cfff"},"geometry":{"type":"Polygon","coordinates":[[[19.974698,50.078166],[19.974904,50.078148],[19.974943,50.078343],[19.974738,50.07836],[19.974698,50.078166]]]}},{"type":"Feature","id":"w156321531","properties":{"type":"detached","address":"Kazimierza Chałupnika 40","residential":true,"residents_est":5,"h3_10":"8a1e2e6a22a7fff","h3_11":"8b1e2e6a22a6fff"},"geometry":{"type":"Polygon","coordinates":[[[19.97592,50.077394],[19.976042,50.077325],[19.976192,50.077435],[19.976069,50.077503],[19.97592,50.077394]]]}},{"type":"Feature","id":"w156321536","properties":{"type":"yes","address":"Anieli Krzywoń 4a","residential":true,"residents_est":2,"h3_10":"8a1e2e6a23b7fff","h3_11":"8b1e2e6a23b2fff"},"geometry":{"type":"Polygon","coordinates":[[[19.972393,50.078769],[19.972495,50.078707],[19.972611,50.078786],[19.972509,50.078848],[19.972393,50.078769]]]}},{"type":"Feature","id":"w156321543","properties":{"type":"yes","address":"Widna 34","residential":true,"residents_est":9,"h3_10":"8a1e2e6a22b7fff","h3_11":"8b1e2e6a22b6fff"},"geometry":{"type":"Polygon","coordinates":[[[19.974406,50.076912],[19.974621,50.076794],[19.974764,50.0769],[19.974549,50.077019],[19.974406,50.076912]]]}},{"type":"Feature","id":"w156321547","properties":{"type":"detached","address":"Kazimierza Chałupnika 35","residential":true,"residents_est":3,"h3_10":"8a1e2e6a22b7fff","h3_11":"8b1e2e6a22b2fff"},"geometry":{"type":"Polygon","coordinates":[[[19.974651,50.076358],[19.974761,50.076299],[19.974847,50.076366],[19.974737,50.076425],[19.974651,50.076358]]]}},{"type":"Feature","id":"w156321552","properties":{"type":"house","address":"Jerzego Bajana 19","residential":true,"residents_est":4,"h3_10":"8a1e2e6a2387fff","h3_11":"8b1e2e6a2383fff"},"geometry":{"type":"Polygon","coordinates":[[[19.974494,50.078608],[19.974637,50.078528],[19.974734,50.0786],[19.974591,50.078679],[19.974494,50.078608]]]}},{"type":"Feature","id":"w156321554","properties":{"type":"yes","address":"Anieli Krzywoń 28","residential":true,"residents_est":2,"h3_10":"8a1e2e6a22b7fff","h3_11":"8b1e2e6a22b5fff"},"geometry":{"type":"Polygon","coordinates":[[[19.975127,50.077137],[19.975266,50.077063],[19.975355,50.077132],[19.975216,50.077206],[19.975127,50.077137]]]}},{"type":"Feature","id":"w156321556","properties":{"type":"commercial","address":"Pilotów 45","residential":false,"residents_est":0,"h3_10":"8a1e2e6a23b7fff","h3_11":"8b1e2e6a23b4fff"},"geometry":{"type":"Polygon","coordinates":[[[19.97234,50.079481],[19.972345,50.07946],[19.972433,50.079412],[19.97251,50.079471],[19.972526,50.079462],[19.972575,50.079499],[19.972561,50.079507],[19.972591,50.07953],[19.97248,50.079591],[19.97234,50.079481]]]}},{"type":"Feature","id":"w156321557","properties":{"type":"detached","address":"Widna 27","residential":true,"residents_est":7,"h3_10":"8a1e2e6a22b7fff","h3_11":"8b1e2e6a22b6fff"},"geometry":{"type":"Polygon","coordinates":[[[19.974076,50.076663],[19.974245,50.076566],[19.974386,50.076668],[19.974218,50.076765],[19.974076,50.076663]]]}},{"type":"Feature","id":"w156321572","properties":{"type":"apartments","levels":12.0,"address":"Janusza Meissnera 4","residential":true,"residents_est":102,"h3_10":"8a1e2e6a23a7fff","h3_11":"8b1e2e6a23a3fff"},"geometry":{"type":"Polygon","coordinates":[[[19.974011,50.079706],[19.974556,50.079322],[19.974663,50.079385],[19.974119,50.079768],[19.974011,50.079706]]]}},{"type":"Feature","id":"w156321595","properties":{"type":"yes","address":"Anieli Krzywoń 9","residential":true,"residents_est":2,"h3_10":"8a1e2e6a2397fff","h3_11":"8b1e2e6a2396fff"},"geometry":{"type":"Polygon","coordinates":[[[19.9725,50.078284],[19.972642,50.078205],[19.972765,50.078295],[19.972623,50.078374],[19.9725,50.078284]]]}},{"type":"Feature","id":"w156321597","properties":{"type":"garages","residential":false,"residents_est":0,"h3_10":"8a1e2e6a23b7fff","h3_11":"8b1e2e6a23b0fff"},"geometry":{"type":"Polygon","coordinates":[[[19.972499,50.079347],[19.972564,50.07931],[19.973008,50.079642],[19.972943,50.07968],[19.972499,50.079347]]]}},{"type":"Feature","id":"w156321608","properties":{"type":"yes","address":"Anieli Krzywoń 13","residential":true,"residents_est":2,"h3_10":"8a1e2e6a2397fff","h3_11":"8b1e2e6a2390fff"},"geometry":{"type":"Polygon","coordinates":[[[19.972973,50.078043],[19.973125,50.077956],[19.973224,50.078028],[19.973072,50.078115],[19.972973,50.078043]]]}},{"type":"Feature","id":"w156321611","properties":{"type":"yes","address":"Anieli Krzywoń 10","residential":true,"residents_est":3,"h3_10":"8a1e2e6a2397fff","h3_11":"8b1e2e6a2390fff"},"geometry":{"type":"Polygon","coordinates":[[[19.973061,50.078434],[19.973191,50.078361],[19.973153,50.078303],[19.973214,50.07827],[19.973309,50.078334],[19.973276,50.078356],[19.97332,50.078388],[19.973149,50.078492],[19.973061,50.078434]]]}},{"type":"Feature","id":"w156321613","properties":{"type":"yes","address":"Anieli Krzywoń 15","residential":true,"residents_est":2,"h3_10":"8a1e2e6a2397fff","h3_11":"8b1e2e6a2393fff"},"geometry":{"type":"Polygon","coordinates":[[[19.973287,50.077851],[19.973382,50.077796],[19.973494,50.077877],[19.973399,50.077931],[19.973287,50.077851]]]}},{"type":"Feature","id":"w156321619","properties":{"type":"yes","address":"Anieli Krzywoń 6","residential":true,"residents_est":3,"h3_10":"8a1e2e6a2397fff","h3_11":"8b1e2e6a2394fff"},"geometry":{"type":"Polygon","coordinates":[[[19.972559,50.0787],[19.972584,50.078686],[19.972569,50.078677],[19.97257,50.078645],[19.972588,50.078633],[19.97257,50.078619],[19.97265,50.078573],[19.97281,50.078676],[19.972659,50.078767],[19.972559,50.0787]]]}},{"type":"Feature","id":"w156321620","properties":{"type":"detached","address":"Żwirki i Wigury 24","residential":true,"residents_est":2,"h3_10":"8a1e2e6a239ffff","h3_11":"8b1e2e6a239cfff"},"geometry":{"type":"Polygon","coordinates":[[[19.974191,50.078366],[19.974274,50.07832],[19.974359,50.078384],[19.974313,50.078409],[19.974281,50.078385],[19.974243,50.078405],[19.974191,50.078366]]]}},{"type":"Feature","id":"w156321624","properties":{"type":"yes","address":"Anieli Krzywoń 30","residential":true,"residents_est":1,"h3_10":"8a1e2e6a22b7fff","h3_11":"8b1e2e6a22b5fff"},"geometry":{"type":"Polygon","coordinates":[[[19.975421,50.07699],[19.975524,50.076931],[19.975611,50.076993],[19.975509,50.077052],[19.975421,50.07699]]]}},{"type":"Feature","id":"w156321633","properties":{"type":"yes","residential":true,"residents_est":1,"h3_10":"8a1e2e6a23a7fff","h3_11":"8b1e2e6a23a2fff"},"geometry":{"type":"Polygon","coordinates":[[[19.973658,50.079662],[19.973729,50.079617],[19.973803,50.079665],[19.973731,50.07971],[19.973658,50.079662]]]}},{"type":"Feature","id":"w156321634","properties":{"type":"yes","address":"Anieli Krzywoń 26","residential":true,"residents_est":2,"h3_10":"8a1e2e6a22b7fff","h3_11":"8b1e2e6a22b4fff"},"geometry":{"type":"Polygon","coordinates":[[[19.974842,50.077244],[19.975006,50.077156],[19.975091,50.077222],[19.974927,50.077309],[19.974842,50.077244]]]}},{"type":"Feature","id":"w156321640","properties":{"type":"yes","address":"Anieli Krzywoń 20","residential":true,"residents_est":7,"h3_10":"8a1e2e6a239ffff","h3_11":"8b1e2e6a239efff"},"geometry":{"type":"Polygon","coordinates":[[[19.974066,50.077729],[19.974203,50.077649],[19.974287,50.077709],[19.974302,50.0777],[19.974386,50.077759],[19.974214,50.077859],[19.974129,50.077799],[19.974149,50.077787],[19.974066,50.077729]]]}},{"type":"Feature","id":"w156321655","properties":{"type":"yes","address":"Anieli Krzywoń 7","residential":true,"residents_est":8,"h3_10":"8a1e2e6a2397fff","h3_11":"8b1e2e6a2396fff"},"geometry":{"type":"Polygon","coordinates":[[[19.972134,50.078361],[19.972281,50.078281],[19.972464,50.078419],[19.972318,50.078499],[19.972134,50.078361]]]}},{"type":"Feature","id":"w156321660","properties":{"type":"yes","address":"Swojska 25","residential":true,"residents_est":1,"h3_10":"8a1e2e6a239ffff","h3_11":"8b1e2e6a239bfff"},"geometry":{"type":"Polygon","coordinates":[[[19.975016,50.077321],[19.975108,50.077274],[19.975186,50.077336],[19.975093,50.077384],[19.975016,50.077321]]]}},{"type":"Feature","id":"w156321662","properties":{"type":"yes","address":"Anieli Krzywoń 4","residential":true,"residents_est":3,"h3_10":"8a1e2e6a23b7fff","h3_11":"8b1e2e6a23b2fff"},"geometry":{"type":"Polygon","coordinates":[[[19.972054,50.078906],[19.972269,50.078782],[19.972362,50.078849],[19.972147,50.078973],[19.972054,50.078906]]]}},{"type":"Feature","id":"w156321669","properties":{"type":"detached","address":"Żwirki i Wigury 32","residential":true,"residents_est":4,"h3_10":"8a1e2e6a239ffff","h3_11":"8b1e2e6a2399fff"},"geometry":{"type":"Polygon","coordinates":[[[19.975112,50.077866],[19.975218,50.077812],[19.975331,50.077903],[19.975225,50.077957],[19.975112,50.077866]]]}},{"type":"Feature","id":"w156321678","properties":{"type":"garages","residential":false,"residents_est":0,"h3_10":"8a1e2e6a23b7fff","h3_11":"8b1e2e6a23b0fff"},"geometry":{"type":"Polygon","coordinates":[[[19.972677,50.079266],[19.97275,50.079225],[19.973144,50.079509],[19.973072,50.079551],[19.972677,50.079266]]]}},{"type":"Feature","id":"w156321689","properties":{"type":"house","address":"Pilotów 47","residential":true,"residents_est":3,"h3_10":"8a1e2e6a23b7fff","h3_11":"8b1e2e6a23b4fff"},"geometry":{"type":"Polygon","coordinates":[[[19.972503,50.079643],[19.972593,50.079589],[19.972631,50.079615],[19.972649,50.079605],[19.972672,50.07962],[19.972654,50.079631],[19.97269,50.079656],[19.972597,50.079711],[19.972503,50.079643]]]}},{"type":"Feature","id":"w156321704","properties":{"type":"apartments","levels":12.0,"address":"Żwirki i Wigury 18","residential":true,"residents_est":57,"h3_10":"8a1e2e6a2387fff","h3_11":"8b1e2e6a2386fff"},"geometry":{"type":"Polygon","coordinates":[[[19.973792,50.078689],[19.974001,50.078668],[19.974049,50.078866],[19.973841,50.078888],[19.973792,50.078689]]]}},{"type":"Feature","id":"w156321711","properties":{"type":"yes","address":"Anieli Krzywoń 12","residential":true,"residents_est":2,"h3_10":"8a1e2e6a2397fff","h3_11":"8b1e2e6a2390fff"},"geometry":{"type":"Polygon","coordinates":[[[19.97325,50.078214],[19.973366,50.078143],[19.973474,50.078216],[19.973357,50.078286],[19.97325,50.078214]]]}},{"type":"Feature","id":"w156321715","properties":{"type":"apartments","levels":12.0,"address":"Żwirki i Wigury 36","residential":true,"residents_est":49,"h3_10":"8a1e2e6a239ffff","h3_11":"8b1e2e6a2399fff"},"geometry":{"type":"Polygon","coordinates":[[[19.9756,50.077655],[19.975818,50.077635],[19.975829,50.077684],[19.975815,50.077686],[19.975845,50.077819],[19.975656,50.077837],[19.975626,50.077703],[19.975611,50.077705],[19.9756,50.077655]]]}},{"type":"Feature","id":"w156321735","properties":{"type":"yes","address":"Żwirki i Wigury 13","residential":true,"residents_est":1,"h3_10":"8a1e2e6a2397fff","h3_11":"8b1e2e6a2395fff"},"geometry":{"type":"Polygon","coordinates":[[[19.973125,50.078571],[19.973229,50.078515],[19.973325,50.078589],[19.973222,50.078645],[19.973125,50.078571]]]}},{"type":"Feature","id":"w156321739","properties":{"type":"yes","address":"Anieli Krzywoń 22","residential":true,"residents_est":2,"h3_10":"8a1e2e6a239ffff","h3_11":"8b1e2e6a239afff"},"geometry":{"type":"Polygon","coordinates":[[[19.974423,50.077699],[19.974649,50.077578],[19.974701,50.077619],[19.974476,50.077739],[19.974423,50.077699]]]}},{"type":"Feature","id":"w156321752","properties":{"type":"school","levels":2.0,"address":"Pilotów 51","name":"Szkoła Muzyczna I Stopnia Nr 1 im. Stanisława Wiechowicza","residential":false,"residents_est":0,"h3_10":"8a1e2e6a23a7fff","h3_11":"8b1e2e6a23a6fff"},"geometry":{"type":"Polygon","coordinates":[[[19.973404,50.079957],[19.973508,50.079894],[19.973629,50.079976],[19.973824,50.079857],[19.973805,50.079845],[19.973896,50.079789],[19.974033,50.079881],[19.973942,50.079936],[19.973923,50.079923],[19.973724,50.080044],[19.973774,50.080078],[19.973737,50.0801],[19.973685,50.080065],[19.973593,50.08012],[19.973527,50.080075],[19.973554,50.080059],[19.973404,50.079957]]]}},{"type":"Feature","id":"w156322830","properties":{"type":"yes","name":"Awiteks","residential":true,"residents_est":1,"h3_10":"8a1e2e6a23b7fff","h3_11":"8b1e2e6a23b6fff"},"geometry":{"type":"Polygon","coordinates":[[[19.972049,50.079231],[19.972108,50.079204],[19.972175,50.079265],[19.972116,50.079292],[19.972049,50.079231]]]}},{"type":"Feature","id":"w156337914","properties":{"type":"yes","address":"Widna 20","residential":true,"residents_est":1,"h3_10":"8a1e2e6a2397fff","h3_11":"8b1e2e6a2392fff"},"geometry":{"type":"Polygon","coordinates":[[[19.972873,50.077715],[19.972972,50.077662],[19.973045,50.077718],[19.972946,50.077771],[19.972873,50.077715]]]}},{"type":"Feature","id":"w156363800","properties":{"type":"yes","address":"Widna 32","residential":true,"residents_est":1,"h3_10":"8a1e2e6a22b7fff","h3_11":"8b1e2e6a22b6fff"},"geometry":{"type":"Polygon","coordinates":[[[19.974319,50.076858],[19.974407,50.076806],[19.974467,50.076848],[19.97438,50.0769],[19.974319,50.076858]]]}},{"type":"Feature","id":"w156369661","properties":{"type":"commercial","address":"Jerzego Bajana 4","residential":false,"residents_est":0,"h3_10":"8a1e2e6a23b7fff","h3_11":"8b1e2e6a23b5fff"},"geometry":{"type":"Polygon","coordinates":[[[19.973086,50.079736],[19.9731,50.079712],[19.973123,50.079698],[19.973147,50.079698],[19.973168,50.079678],[19.97316,50.079671],[19.973241,50.079627],[19.973327,50.079689],[19.973261,50.079728],[19.973267,50.07974],[19.97326,50.079753],[19.973321,50.079796],[19.973239,50.079841],[19.973201,50.079834],[19.973096,50.07976],[19.973086,50.079736]]]}},{"type":"Feature","id":"w156452147","properties":{"type":"yes","address":"Jerzego Bajana 5","name":"Cukiernia Jagódka","residential":false,"residents_est":0,"h3_10":"8a1e2e6a23b7fff","h3_11":"8b1e2e6a23b5fff"},"geometry":{"type":"Polygon","coordinates":[[[19.973072,50.079551],[19.973144,50.079509],[19.973182,50.079537],[19.97311,50.079578],[19.973072,50.079551]]]}},{"type":"Feature","id":"w156511679","properties":{"type":"yes","address":"Startowa 5","residential":true,"residents_est":1,"h3_10":"8a1e2e6a2397fff","h3_11":"8b1e2e6a2391fff"},"geometry":{"type":"Polygon","coordinates":[[[19.973626,50.078173],[19.973713,50.078124],[19.973764,50.078162],[19.973677,50.07821],[19.973626,50.078173]]]}},{"type":"Feature","id":"w156812935","properties":{"type":"house","address":"Żwirki i Wigury 12","residential":true,"residents_est":2,"h3_10":"8a1e2e6a23b7fff","h3_11":"8b1e2e6a23b3fff"},"geometry":{"type":"Polygon","coordinates":[[[19.973176,50.07899],[19.973244,50.078952],[19.973337,50.07902],[19.973269,50.079058],[19.973176,50.07899]]]}},{"type":"Feature","id":"w156812936","properties":{"type":"house","address":"Żwirki i Wigury 12a","residential":true,"residents_est":2,"h3_10":"8a1e2e6a23b7fff","h3_11":"8b1e2e6a23b3fff"},"geometry":{"type":"Polygon","coordinates":[[[19.973244,50.078952],[19.973312,50.078914],[19.973405,50.078981],[19.973337,50.07902],[19.973244,50.078952]]]}},{"type":"Feature","id":"w156812937","properties":{"type":"house","address":"Żwirki i Wigury 27","residential":true,"residents_est":6,"h3_10":"8a1e2e6a239ffff","h3_11":"8b1e2e6a2398fff"},"geometry":{"type":"Polygon","coordinates":[[[19.974614,50.077805],[19.974789,50.077703],[19.974895,50.077778],[19.974719,50.07788],[19.974614,50.077805]]]}},{"type":"Feature","id":"w156812938","properties":{"type":"house","address":"Żwirki i Wigury 29","residential":true,"residents_est":2,"h3_10":"8a1e2e6a239ffff","h3_11":"8b1e2e6a2398fff"},"geometry":{"type":"Polygon","coordinates":[[[19.974789,50.077703],[19.974868,50.077657],[19.974973,50.077732],[19.974895,50.077778],[19.974789,50.077703]]]}},{"type":"Feature","id":"w156812939","properties":{"type":"house","levels":4.0,"address":"Jerzego Bajana 29","residential":true,"residents_est":5,"h3_10":"8a1e2e6a239ffff","h3_11":"8b1e2e6a239dfff"},"geometry":{"type":"Polygon","coordinates":[[[19.975326,50.078101],[19.975395,50.078061],[19.97551,50.078143],[19.975441,50.078183],[19.975326,50.078101]]]}},{"type":"Feature","id":"w156812940","properties":{"type":"house","levels":4.0,"address":"Jerzego Bajana 29a","residential":true,"residents_est":5,"h3_10":"8a1e2e6a239ffff","h3_11":"8b1e2e6a2399fff"},"geometry":{"type":"Polygon","coordinates":[[[19.975395,50.078061],[19.975466,50.07802],[19.975581,50.078102],[19.97551,50.078143],[19.975395,50.078061]]]}},{"type":"Feature","id":"w156812941","properties":{"type":"house","address":"Żwirki i Wigury 31","residential":true,"residents_est":2,"h3_10":"8a1e2e6a239ffff","h3_11":"8b1e2e6a239bfff"},"geometry":{"type":"Polygon","coordinates":[[[19.975219,50.077449],[19.975295,50.07741],[19.97539,50.077486],[19.975314,50.077525],[19.975219,50.077449]]]}},{"type":"Feature","id":"w156812942","properties":{"type":"house","levels":3.0,"address":"Jerzego Bajana 31","residential":true,"residents_est":5,"h3_10":"8a1e2e6a239ffff","h3_11":"8b1e2e6a2399fff"},"geometry":{"type":"Polygon","coordinates":[[[19.975492,50.078039],[19.975613,50.077969],[19.975702,50.078032],[19.975581,50.078102],[19.975492,50.078039]]]}},{"type":"Feature","id":"w156812943","properties":{"type":"house","address":"Żwirki i Wigury 31a","residential":true,"residents_est":2,"h3_10":"8a1e2e6a239ffff","h3_11":"8b1e2e6a239bfff"},"geometry":{"type":"Polygon","coordinates":[[[19.975295,50.07741],[19.975373,50.077369],[19.975469,50.077445],[19.97539,50.077486],[19.975295,50.07741]]]}},{"type":"Feature","id":"w156812944","properties":{"type":"house","address":"Żwirki i Wigury 33","residential":true,"residents_est":2,"h3_10":"8a1e2e6a22b7fff","h3_11":"8b1e2e6a22b5fff"},"geometry":{"type":"Polygon","coordinates":[[[19.97549,50.077309],[19.97556,50.077273],[19.975655,50.077349],[19.975586,50.077385],[19.97549,50.077309]]]}},{"type":"Feature","id":"w156812945","properties":{"type":"house","address":"Żwirki i Wigury 33a","residential":true,"residents_est":3,"h3_10":"8a1e2e6a239ffff","h3_11":"8b1e2e6a239bfff"},"geometry":{"type":"Polygon","coordinates":[[[19.975373,50.077369],[19.97549,50.077309],[19.975586,50.077385],[19.975469,50.077445],[19.975373,50.077369]]]}},{"type":"Feature","id":"w156812946","properties":{"type":"apartments","levels":12.0,"address":"Janusza Meissnera 6","residential":true,"residents_est":280,"h3_10":"8a1e2e6a238ffff","h3_11":"8b1e2e6a238efff"},"geometry":{"type":"Polygon","coordinates":[[[19.974712,50.079127],[19.974994,50.078958],[19.975038,50.078989],[19.975511,50.078705],[19.975486,50.078688],[19.975906,50.078436],[19.975881,50.078418],[19.976321,50.078154],[19.976424,50.078225],[19.975982,50.078489],[19.976005,50.078505],[19.975581,50.078759],[19.975607,50.078776],[19.97514,50.079056],[19.975093,50.079024],[19.974809,50.079194],[19.974712,50.079127]]]}},{"type":"Feature","id":"w156840117","properties":{"type":"yes","address":"Swojska 21","residential":true,"residents_est":2,"h3_10":"8a1e2e6a22b7fff","h3_11":"8b1e2e6a22b4fff"},"geometry":{"type":"Polygon","coordinates":[[[19.974704,50.077105],[19.974874,50.077007],[19.974948,50.077061],[19.974779,50.077159],[19.974704,50.077105]]]}},{"type":"Feature","id":"w156840118","properties":{"type":"yes","address":"Swojska 21a","residential":true,"residents_est":1,"h3_10":"8a1e2e6a22b7fff","h3_11":"8b1e2e6a22b4fff"},"geometry":{"type":"Polygon","coordinates":[[[19.974621,50.077049],[19.974753,50.076972],[19.974835,50.077029],[19.974704,50.077105],[19.974621,50.077049]]]}},{"type":"Feature","id":"w156840125","properties":{"type":"yes","address":"Anieli Krzywoń 25","residential":true,"residents_est":1,"h3_10":"8a1e2e6a22b7fff","h3_11":"8b1e2e6a22b0fff"},"geometry":{"type":"Polygon","coordinates":[[[19.974889,50.076917],[19.974944,50.076887],[19.975038,50.076959],[19.974984,50.076988],[19.974889,50.076917]]]}},{"type":"Feature","id":"w156840127","properties":{"type":"yes","address":"Anieli Krzywoń 27","residential":true,"residents_est":1,"h3_10":"8a1e2e6a22b7fff","h3_11":"8b1e2e6a22b0fff"},"geometry":{"type":"Polygon","coordinates":[[[19.974944,50.076887],[19.974999,50.076857],[19.975094,50.076928],[19.975038,50.076959],[19.974944,50.076887]]]}},{"type":"Feature","id":"w156840133","properties":{"type":"yes","address":"Anieli Krzywoń 29","residential":true,"residents_est":1,"h3_10":"8a1e2e6a22b7fff","h3_11":"8b1e2e6a22b0fff"},"geometry":{"type":"Polygon","coordinates":[[[19.975106,50.076785],[19.97519,50.076737],[19.97529,50.076809],[19.975206,50.076857],[19.975106,50.076785]]]}},{"type":"Feature","id":"w156840146","properties":{"type":"yes","address":"Anieli Krzywoń 31","residential":true,"residents_est":1,"h3_10":"8a1e2e6a22b7fff","h3_11":"8b1e2e6a22b0fff"},"geometry":{"type":"Polygon","coordinates":[[[19.97519,50.076737],[19.975276,50.076688],[19.975376,50.07676],[19.97529,50.076809],[19.97519,50.076737]]]}},{"type":"Feature","id":"w156840147","properties":{"type":"yes","address":"Widna 36","residential":true,"residents_est":2,"h3_10":"8a1e2e6a22b7fff","h3_11":"8b1e2e6a22b6fff"},"geometry":{"type":"Polygon","coordinates":[[[19.9746,50.076721],[19.974678,50.076674],[19.974802,50.076759],[19.974771,50.076777],[19.974799,50.076797],[19.974751,50.076825],[19.9746,50.076721]]]}},{"type":"Feature","id":"w156840149","properties":{"type":"yes","address":"Widna 36a","residential":true,"residents_est":1,"h3_10":"8a1e2e6a22b7fff","h3_11":"8b1e2e6a22b6fff"},"geometry":{"type":"Polygon","coordinates":[[[19.974678,50.076674],[19.974742,50.076636],[19.974866,50.076721],[19.974802,50.076759],[19.974678,50.076674]]]}},{"type":"Feature","id":"w156840151","properties":{"type":"yes","address":"Widna 38","residential":true,"residents_est":1,"h3_10":"8a1e2e6a22b7fff","h3_11":"8b1e2e6a22b2fff"},"geometry":{"type":"Polygon","coordinates":[[[19.974864,50.076554],[19.974932,50.076513],[19.975045,50.076596],[19.974981,50.076635],[19.974864,50.076554]]]}},{"type":"Feature","id":"w156840158","properties":{"type":"yes","address":"Widna 40","residential":true,"residents_est":1,"h3_10":"8a1e2e6a22b7fff","h3_11":"8b1e2e6a22b2fff"},"geometry":{"type":"Polygon","coordinates":[[[19.974932,50.076513],[19.974999,50.076475],[19.975112,50.076558],[19.975045,50.076596],[19.974932,50.076513]]]}},{"type":"Feature","id":"w156840184","properties":{"type":"yes","residential":true,"residents_est":2,"h3_10":"8a1e2e6a2297fff","h3_11":"8b1e2e6a2293fff"},"geometry":{"type":"Polygon","coordinates":[[[19.975999,50.075422],[19.976072,50.075385],[19.976059,50.075375],[19.976176,50.075317],[19.976242,50.075372],[19.976195,50.075396],[19.976226,50.075421],[19.976156,50.075456],[19.97614,50.075443],[19.976068,50.075479],[19.975999,50.075422]]]}},{"type":"Feature","id":"w156840288","properties":{"type":"yes","residential":true,"residents_est":7,"h3_10":"8a1e2e6a2297fff","h3_11":"8b1e2e6a2291fff"},"geometry":{"type":"Polygon","coordinates":[[[19.975958,50.075602],[19.976309,50.075429],[19.976377,50.075486],[19.976026,50.075659],[19.975958,50.075602]]]}},{"type":"Feature","id":"w156840362","properties":{"type":"yes","address":"Startowa 1","name":"KRAKŻAL","residential":true,"residents_est":1,"h3_10":"8a1e2e6a2397fff","h3_11":"8b1e2e6a2393fff"},"geometry":{"type":"Polygon","coordinates":[[[19.973115,50.077719],[19.973207,50.077665],[19.973289,50.077725],[19.973203,50.077776],[19.973115,50.077719]]]}},{"type":"Feature","id":"w156840365","properties":{"type":"house","address":"Widna 11","residential":true,"residents_est":3,"h3_10":"8a1e2e6a2397fff","h3_11":"8b1e2e6a2392fff"},"geometry":{"type":"Polygon","coordinates":[[[19.972242,50.077719],[19.972331,50.077667],[19.972449,50.07775],[19.97236,50.077802],[19.972242,50.077719]]]}},{"type":"Feature","id":"w156853431","properties":{"type":"yes","address":"Anieli Krzywoń 14","name":"Hollex","residential":true,"residents_est":1,"h3_10":"8a1e2e6a2397fff","h3_11":"8b1e2e6a2391fff"},"geometry":{"type":"Polygon","coordinates":[[[19.973483,50.078084],[19.973562,50.078036],[19.97365,50.078097],[19.973571,50.078144],[19.973483,50.078084]]]}},{"type":"Feature","id":"w156853433","properties":{"type":"yes","address":"Anieli Krzywoń 14a","residential":true,"residents_est":1,"h3_10":"8a1e2e6a2397fff","h3_11":"8b1e2e6a2391fff"},"geometry":{"type":"Polygon","coordinates":[[[19.973562,50.078036],[19.973626,50.077998],[19.973714,50.078058],[19.97365,50.078097],[19.973562,50.078036]]]}},{"type":"Feature","id":"w156853436","properties":{"type":"house","address":"Żwirki i Wigury 19","residential":true,"residents_est":3,"h3_10":"8a1e2e6a2397fff","h3_11":"8b1e2e6a2391fff"},"geometry":{"type":"Polygon","coordinates":[[[19.97372,50.078341],[19.973846,50.078267],[19.973935,50.07833],[19.973809,50.078403],[19.97372,50.078341]]]}},{"type":"Feature","id":"w156853438","properties":{"type":"yes","address":"Żwirki i Wigury 3","residential":true,"residents_est":12,"h3_10":"8a1e2e6a23b7fff","h3_11":"8b1e2e6a23b2fff"},"geometry":{"type":"Polygon","coordinates":[[[19.972319,50.079159],[19.972482,50.079064],[19.972442,50.079036],[19.972708,50.078881],[19.972813,50.078956],[19.972549,50.079109],[19.972581,50.079132],[19.972416,50.079228],[19.972319,50.079159]]]}},{"type":"Feature","id":"w156853439","properties":{"type":"house","address":"Startowa 169","residential":true,"residents_est":3,"h3_10":"8a1e2e6a2397fff","h3_11":"8b1e2e6a2391fff"},"geometry":{"type":"Polygon","coordinates":[[[19.973827,50.078254],[19.973915,50.078203],[19.974023,50.078278],[19.973935,50.07833],[19.973827,50.078254]]]}},{"type":"Feature","id":"w156856353","properties":{"type":"yes","address":"Widna 14","residential":true,"residents_est":2,"h3_10":"8a1e2e6a2397fff","h3_11":"8b1e2e6a2396fff"},"geometry":{"type":"Polygon","coordinates":[[[19.972258,50.078071],[19.972394,50.077992],[19.972491,50.07806],[19.972355,50.07814],[19.972258,50.078071]]]}},{"type":"Feature","id":"w156856354","properties":{"type":"yes","address":"Widna 16","residential":true,"residents_est":2,"h3_10":"8a1e2e6a2397fff","h3_11":"8b1e2e6a2392fff"},"geometry":{"type":"Polygon","coordinates":[[[19.972394,50.077992],[19.97253,50.077912],[19.972627,50.07798],[19.972491,50.07806],[19.972394,50.077992]]]}},{"type":"Feature","id":"w156856355","properties":{"type":"house","address":"Kazimierza Chałupnika 45","residential":true,"residents_est":2,"h3_10":"8a1e2e6a22a7fff","h3_11":"8b1e2e6a22a6fff"},"geometry":{"type":"Polygon","coordinates":[[[19.97611,50.077579],[19.97622,50.077519],[19.976283,50.077566],[19.976173,50.077627],[19.97611,50.077579]]]}},{"type":"Feature","id":"w156856356","properties":{"type":"house","address":"Kazimierza Chałupnika 47","residential":true,"residents_est":2,"h3_10":"8a1e2e6a22a7fff","h3_11":"8b1e2e6a22a0fff"},"geometry":{"type":"Polygon","coordinates":[[[19.976173,50.077627],[19.976283,50.077566],[19.976349,50.077615],[19.976239,50.077676],[19.976173,50.077627]]]}},{"type":"Feature","id":"w156856357","properties":{"type":"house","address":"Kazimierza Chałupnika 47A","residential":true,"residents_est":2,"h3_10":"8a1e2e6a22a7fff","h3_11":"8b1e2e6a22a4fff"},"geometry":{"type":"Polygon","coordinates":[[[19.976239,50.077676],[19.976349,50.077615],[19.976408,50.077659],[19.976283,50.077728],[19.976257,50.077709],[19.976272,50.077701],[19.976239,50.077676]]]}},{"type":"Feature","id":"w156885223","properties":{"type":"yes","residential":true,"residents_est":11,"h3_10":"8a1e2e6a2297fff","h3_11":"8b1e2e6a2293fff"},"geometry":{"type":"Polygon","coordinates":[[[19.975564,50.075019],[19.975682,50.07496],[19.975985,50.075211],[19.975867,50.07527],[19.975564,50.075019]]]}},{"type":"Feature","id":"w156919781","properties":{"type":"yes","address":"Anieli Krzywoń 21","residential":true,"residents_est":1,"h3_10":"8a1e2e6a239ffff","h3_11":"8b1e2e6a239afff"},"geometry":{"type":"Polygon","coordinates":[[[19.974024,50.07738],[19.974093,50.07734],[19.974235,50.077442],[19.974166,50.077481],[19.974024,50.07738]]]}},{"type":"Feature","id":"w156919782","properties":{"type":"yes","address":"Anieli Krzywoń 21a","residential":true,"residents_est":1,"h3_10":"8a1e2e6a239ffff","h3_11":"8b1e2e6a239afff"},"geometry":{"type":"Polygon","coordinates":[[[19.974093,50.07734],[19.974157,50.077303],[19.974299,50.077405],[19.974235,50.077442],[19.974093,50.07734]]]}},{"type":"Feature","id":"w156919783","properties":{"type":"house","address":"Żwirki i Wigury 17","residential":true,"residents_est":4,"h3_10":"8a1e2e6a2397fff","h3_11":"8b1e2e6a2395fff"},"geometry":{"type":"Polygon","coordinates":[[[19.97353,50.078441],[19.973662,50.078366],[19.973762,50.078439],[19.97363,50.078514],[19.97353,50.078441]]]}},{"type":"Feature","id":"w156919784","properties":{"type":"house","address":"Żwirki i Wigury 15","residential":true,"residents_est":4,"h3_10":"8a1e2e6a2397fff","h3_11":"8b1e2e6a2395fff"},"geometry":{"type":"Polygon","coordinates":[[[19.973398,50.078515],[19.97353,50.078441],[19.97363,50.078514],[19.973499,50.078588],[19.973398,50.078515]]]}},{"type":"Feature","id":"w156960136","properties":{"type":"house","address":"Widna 29","residential":true,"residents_est":6,"h3_10":"8a1e2e6a22b7fff","h3_11":"8b1e2e6a22b2fff"},"geometry":{"type":"Polygon","coordinates":[[[19.974347,50.076441],[19.97449,50.076359],[19.97464,50.076466],[19.974497,50.076549],[19.974347,50.076441]]]}},{"type":"Feature","id":"w157062574","properties":{"type":"yes","address":"Żwirki i Wigury 1","residential":true,"residents_est":1,"h3_10":"8a1e2e6a23b7fff","h3_11":"8b1e2e6a23b6fff"},"geometry":{"type":"Polygon","coordinates":[[[19.972236,50.079207],[19.972319,50.079159],[19.972416,50.079228],[19.972333,50.079276],[19.972236,50.079207]]]}},{"type":"Feature","id":"w157062576","properties":{"type":"yes","address":"Startowa 130","residential":true,"residents_est":2,"h3_10":"8a1e2e6a239ffff","h3_11":"8b1e2e6a239efff"},"geometry":{"type":"Polygon","coordinates":[[[19.974048,50.078028],[19.974194,50.077947],[19.974287,50.078016],[19.974141,50.078097],[19.974048,50.078028]]]}},{"type":"Feature","id":"w157062578","properties":{"type":"yes","address":"Anieli Krzywoń 18","residential":true,"residents_est":2,"h3_10":"8a1e2e6a239ffff","h3_11":"8b1e2e6a239efff"},"geometry":{"type":"Polygon","coordinates":[[[19.973956,50.077959],[19.974102,50.077878],[19.974194,50.077947],[19.974048,50.078028],[19.973956,50.077959]]]}},{"type":"Feature","id":"w161289074","properties":{"type":"apartments","levels":3.0,"address":"Ułanów 72a","residential":true,"residents_est":15,"h3_10":"8a1e2e6a230ffff","h3_11":"8b1e2e6a2308fff"},"geometry":{"type":"Polygon","coordinates":[[[19.978622,50.081051],[19.978656,50.080999],[19.97863,50.080964],[19.978705,50.080938],[19.978737,50.080974],[19.978853,50.080935],[19.978822,50.080897],[19.978902,50.080869],[19.978931,50.080901],[19.979016,50.080918],[19.97896,50.081034],[19.978873,50.081016],[19.978868,50.081027],[19.97883,50.08104],[19.978798,50.081095],[19.978622,50.081051]]]}},{"type":"Feature","id":"w161289075","properties":{"type":"school","levels":0.0,"address":"Ułanów 25","residential":false,"residents_est":0,"h3_10":"8a1e2e6a225ffff","h3_11":"8b1e2e6a225efff"},"geometry":{"type":"Polygon","coordinates":[[[19.98369,50.078269],[19.984006,50.077733],[19.98417,50.07777],[19.984153,50.077802],[19.984208,50.077814],[19.984186,50.077854],[19.984205,50.077859],[19.984106,50.078023],[19.984277,50.078081],[19.984353,50.077991],[19.984376,50.077999],[19.984422,50.077945],[19.984546,50.077992],[19.984249,50.078334],[19.983961,50.078265],[19.983925,50.078326],[19.98369,50.078269]]]}},{"type":"Feature","id":"w161289102","properties":{"type":"yes","address":"Pilotów 73a","residential":true,"residents_est":1,"h3_10":"8a1e2e6a2317fff","h3_11":"8b1e2e6a2311fff"},"geometry":{"type":"Polygon","coordinates":[[[19.976002,50.080993],[19.976049,50.080908],[19.976143,50.080929],[19.976097,50.081015],[19.976002,50.080993]]]}},{"type":"Feature","id":"w161289120","properties":{"type":"yes","address":"Pilotów 71","residential":true,"residents_est":2,"h3_10":"8a1e2e6a2317fff","h3_11":"8b1e2e6a2315fff"},"geometry":{"type":"Polygon","coordinates":[[[19.975639,50.081289],[19.975656,50.081193],[19.975716,50.081198],[19.975717,50.081188],[19.975785,50.081193],[19.975784,50.081203],[19.97583,50.081206],[19.975811,50.081303],[19.975639,50.081289]]]}},{"type":"Feature","id":"w161289487","properties":{"type":"yes","address":"Ugorek 1a","residential":true,"residents_est":2,"h3_10":"8a1e2e6a22dffff","h3_11":"8b1e2e6a22dcfff"},"geometry":{"type":"Polygon","coordinates":[[[19.981782,50.07592],[19.981864,50.075816],[19.981993,50.075858],[19.981911,50.075962],[19.981782,50.07592]]]}},{"type":"Feature","id":"w161289514","properties":{"type":"yes","address":"Pilotów 69","residential":true,"residents_est":2,"h3_10":"8a1e2e6a2317fff","h3_11":"8b1e2e6a2314fff"},"geometry":{"type":"Polygon","coordinates":[[[19.975371,50.081265],[19.975374,50.081173],[19.975594,50.081192],[19.975578,50.08128],[19.975371,50.081265]]]}},{"type":"Feature","id":"w161289520","properties":{"type":"industrial","address":"Ułanów 35","residential":false,"residents_est":0,"h3_10":"8a1e2e6a2277fff","h3_11":"8b1e2e6a2274fff"},"geometry":{"type":"Polygon","coordinates":[[[19.982197,50.079515],[19.98223,50.079456],[19.982432,50.079503],[19.982399,50.079562],[19.982197,50.079515]]]}},{"type":"Feature","id":"w161289535","properties":{"type":"apartments","levels":5.0,"address":"Ułanów 54a","residential":true,"residents_est":17,"h3_10":"8a1e2e6a2207fff","h3_11":"8b1e2e6a2205fff"},"geometry":{"type":"Polygon","coordinates":[[[19.979872,50.079545],[19.979887,50.079511],[19.979875,50.079509],[19.979897,50.079457],[19.979883,50.079455],[19.979903,50.079408],[19.980026,50.079429],[19.980022,50.079437],[19.980124,50.079455],[19.980071,50.07958],[19.979872,50.079545]]]}},{"type":"Feature","id":"w161289637","properties":{"type":"yes","address":"Pilotów 65","residential":true,"residents_est":2,"h3_10":"8a1e2e6a2317fff","h3_11":"8b1e2e6a2314fff"},"geometry":{"type":"Polygon","coordinates":[[[19.974918,50.081214],[19.974951,50.081127],[19.975007,50.081137],[19.975026,50.081085],[19.975113,50.081099],[19.975077,50.081191],[19.975138,50.081201],[19.975117,50.081267],[19.975072,50.08126],[19.975077,50.081246],[19.975021,50.081237],[19.975004,50.08123],[19.974999,50.081217],[19.974961,50.081212],[19.974958,50.081222],[19.974918,50.081214]]]}},{"type":"Feature","id":"w161289643","properties":{"type":"yes","address":"Pilotów 73","residential":true,"residents_est":2,"h3_10":"8a1e2e6a2317fff","h3_11":"8b1e2e6a2315fff"},"geometry":{"type":"Polygon","coordinates":[[[19.975934,50.081221],[19.97596,50.081121],[19.976092,50.081137],[19.976066,50.081235],[19.976018,50.08123],[19.976014,50.081247],[19.975979,50.081243],[19.975983,50.081226],[19.975934,50.081221]]]}},{"type":"Feature","id":"w161289645","properties":{"type":"yes","address":"Ułanów 37","residential":true,"residents_est":1,"h3_10":"8a1e2e6a2277fff","h3_11":"8b1e2e6a2274fff"},"geometry":{"type":"Polygon","coordinates":[[[19.981969,50.079787],[19.982012,50.079714],[19.982102,50.079736],[19.982059,50.07981],[19.981969,50.079787]]]}},{"type":"Feature","id":"w161289698","properties":{"type":"detached","levels":1.0,"address":"Ułanów 39","residential":true,"residents_est":2,"h3_10":"8a1e2e6a2277fff","h3_11":"8b1e2e6a2274fff"},"geometry":{"type":"Polygon","coordinates":[[[19.981905,50.079894],[19.981969,50.079787],[19.982213,50.079847],[19.982189,50.079888],[19.982072,50.079859],[19.982032,50.079926],[19.981905,50.079894]]]}},{"type":"Feature","id":"w163030727","properties":{"type":"yes","residential":true,"residents_est":28,"h3_10":"8a1e2e6a236ffff","h3_11":"8b1e2e6a2368fff"},"geometry":{"type":"Polygon","coordinates":[[[19.983172,50.082411],[19.983286,50.082192],[19.983472,50.082231],[19.983425,50.082325],[19.983524,50.082345],[19.983537,50.08232],[19.983715,50.082358],[19.983701,50.082385],[19.9838,50.082406],[19.983848,50.082312],[19.984033,50.082352],[19.983919,50.082571],[19.983734,50.08253],[19.983764,50.082472],[19.983742,50.082458],[19.983647,50.082434],[19.983613,50.082487],[19.983496,50.082461],[19.983522,50.082411],[19.983419,50.082389],[19.983389,50.082391],[19.983357,50.08245],[19.983172,50.082411]]]}},{"type":"Feature","id":"w325315121","properties":{"type":"service","residential":false,"residents_est":0,"h3_10":"8a1e2e6a2207fff","h3_11":"8b1e2e6a2201fff"},"geometry":{"type":"Polygon","coordinates":[[[19.979908,50.07893],[19.97993,50.078905],[19.980031,50.078942],[19.980009,50.078967],[19.979908,50.07893]]]}},{"type":"Feature","id":"w339905773","properties":{"type":"retail","levels":1.0,"address":"Janusza Meissnera 5","residential":false,"residents_est":0,"h3_10":"8a1e2e6a23a7fff","h3_11":"8b1e2e6a23a5fff"},"geometry":{"type":"Polygon","coordinates":[[[19.974513,50.08049],[19.974596,50.080428],[19.974606,50.080411],[19.974616,50.080413],[19.974629,50.080393],[19.974639,50.080395],[19.97467,50.080348],[19.974791,50.080376],[19.974689,50.080535],[19.974671,50.080531],[19.974652,50.080566],[19.974667,50.08057],[19.97465,50.080596],[19.974566,50.080575],[19.974583,50.080547],[19.974604,50.080552],[19.974624,50.080519],[19.974513,50.08049]]]}},{"type":"Feature","id":"w339905774","properties":{"type":"yes","address":"Mirosława Dzielskiego 8a","residential":true,"residents_est":2,"h3_10":"8a1e2e6a232ffff","h3_11":"8b1e2e6a232efff"},"geometry":{"type":"Polygon","coordinates":[[[19.977606,50.082451],[19.977608,50.082404],[19.977672,50.082405],[19.977671,50.082412],[19.977703,50.082412],[19.977704,50.082406],[19.977796,50.082408],[19.977794,50.082454],[19.977764,50.082454],[19.977762,50.082495],[19.977793,50.082496],[19.977791,50.082537],[19.977622,50.082528],[19.97763,50.082451],[19.977606,50.082451]]]}},{"type":"Feature","id":"w339905775","properties":{"type":"yes","residential":true,"residents_est":1,"h3_10":"8a1e2e6a2337fff","h3_11":"8b1e2e6a2330fff"},"geometry":{"type":"Polygon","coordinates":[[[19.974963,50.081931],[19.974968,50.081862],[19.975005,50.081863],[19.975019,50.081843],[19.975034,50.081835],[19.975071,50.081829],[19.975096,50.081837],[19.975117,50.081852],[19.975125,50.081869],[19.975124,50.081884],[19.975094,50.081883],[19.97509,50.081936],[19.974963,50.081931]]]}},{"type":"Feature","id":"w339905779","properties":{"type":"yes","residential":false,"residents_est":0,"h3_10":"8a1e2e6a23a7fff","h3_11":"8b1e2e6a23a6fff"},"geometry":{"type":"Polygon","coordinates":[[[19.973113,50.079952],[19.973167,50.07992],[19.973195,50.079939],[19.973141,50.079971],[19.973113,50.079952]]]}},{"type":"Feature","id":"w339905781","properties":{"type":"yes","residential":false,"residents_est":0,"h3_10":"8a1e2e6a2307fff","h3_11":"8b1e2e6a2302fff"},"geometry":{"type":"Polygon","coordinates":[[[19.976855,50.081223],[19.976879,50.081138],[19.97693,50.081144],[19.976905,50.081229],[19.976855,50.081223]]]}},{"type":"Feature","id":"w339905786","properties":{"type":"yes","residential":false,"residents_est":0,"h3_10":"8a1e2e6a2307fff","h3_11":"8b1e2e6a2303fff"},"geometry":{"type":"Polygon","coordinates":[[[19.977534,50.081051],[19.977551,50.081017],[19.977619,50.081032],[19.977601,50.081065],[19.977534,50.081051]]]}},{"type":"Feature","id":"w339905793","properties":{"type":"yes","residential":false,"residents_est":0,"h3_10":"8a1e2e6a23b7fff","h3_11":"8b1e2e6a23b5fff"},"geometry":{"type":"Polygon","coordinates":[[[19.972691,50.07956],[19.972731,50.079538],[19.972796,50.079587],[19.972755,50.079608],[19.972691,50.07956]]]}},{"type":"Feature","id":"w339905795","properties":{"type":"commercial","residential":false,"residents_est":0,"h3_10":"8a1e2e6a23b7fff","h3_11":"8b1e2e6a23b1fff"},"geometry":{"type":"Polygon","coordinates":[[[19.973529,50.079435],[19.973904,50.07921],[19.974026,50.079294],[19.973651,50.07952],[19.973529,50.079435]]]}},{"type":"Feature","id":"w339905796","properties":{"type":"yes","residential":false,"residents_est":0,"h3_10":"8a1e2e6a2317fff","h3_11":"8b1e2e6a2315fff"},"geometry":{"type":"Polygon","coordinates":[[[19.975583,50.081126],[19.975587,50.0811],[19.975661,50.081105],[19.975656,50.081132],[19.975583,50.081126]]]}},{"type":"Feature","id":"w339905802","properties":{"type":"yes","name":"Agata","residential":true,"residents_est":1,"h3_10":"8a1e2e6a23b7fff","h3_11":"8b1e2e6a23b0fff"},"geometry":{"type":"Polygon","coordinates":[[[19.972579,50.079511],[19.97265,50.079471],[19.972713,50.079519],[19.972641,50.079563],[19.972579,50.079511]]]}},{"type":"Feature","id":"w339905804","properties":{"type":"yes","residential":false,"residents_est":0,"h3_10":"8a1e2e6a2307fff","h3_11":"8b1e2e6a2302fff"},"geometry":{"type":"Polygon","coordinates":[[[19.976654,50.08113],[19.976685,50.081083],[19.976724,50.081094],[19.976692,50.081141],[19.976654,50.08113]]]}},{"type":"Feature","id":"w339905805","properties":{"type":"service","residential":false,"residents_est":0,"h3_10":"8a1e2e6a2337fff","h3_11":"8b1e2e6a2330fff"},"geometry":{"type":"Polygon","coordinates":[[[19.975182,50.081902],[19.975188,50.081856],[19.975264,50.08186],[19.975258,50.081905],[19.975182,50.081902]]]}},{"type":"Feature","id":"w339905807","properties":{"type":"yes","residential":false,"residents_est":0,"h3_10":"8a1e2e6a2317fff","h3_11":"8b1e2e6a2311fff"},"geometry":{"type":"Polygon","coordinates":[[[19.976115,50.080812],[19.976134,50.080779],[19.976219,50.080799],[19.976198,50.080832],[19.976115,50.080812]]]}},{"type":"Feature","id":"w339905809","properties":{"type":"yes","residential":true,"residents_est":1,"h3_10":"8a1e2e6a2307fff","h3_11":"8b1e2e6a2303fff"},"geometry":{"type":"Polygon","coordinates":[[[19.977415,50.081223],[19.977459,50.081152],[19.977532,50.08117],[19.977494,50.08124],[19.977415,50.081223]]]}},{"type":"Feature","id":"w339905812","properties":{"type":"yes","residential":true,"residents_est":1,"h3_10":"8a1e2e6a2327fff","h3_11":"8b1e2e6a2321fff"},"geometry":{"type":"Polygon","coordinates":[[[19.977478,50.082558],[19.977483,50.082496],[19.977565,50.082498],[19.97756,50.082562],[19.977478,50.082558]]]}},{"type":"Feature","id":"w339905814","properties":{"type":"yes","residential":false,"residents_est":0,"h3_10":"8a1e2e6a2317fff","h3_11":"8b1e2e6a2310fff"},"geometry":{"type":"Polygon","coordinates":[[[19.975683,50.080982],[19.975703,50.080923],[19.975758,50.080933],[19.975735,50.080989],[19.975683,50.080982]]]}},{"type":"Feature","id":"w339905818","properties":{"type":"service","residential":false,"residents_est":0,"h3_10":"8a1e2e6a232ffff","h3_11":"8b1e2e6a232efff"},"geometry":{"type":"Polygon","coordinates":[[[19.977665,50.082208],[19.977669,50.082164],[19.977741,50.082166],[19.977737,50.082211],[19.977665,50.082208]]]}},{"type":"Feature","id":"w339905819","properties":{"type":"garage","residential":false,"residents_est":0,"h3_10":"8a1e2e6a23b7fff","h3_11":"8b1e2e6a23b5fff"},"geometry":{"type":"Polygon","coordinates":[[[19.972724,50.079741],[19.972755,50.079722],[19.972803,50.079755],[19.972772,50.079774],[19.972724,50.079741]]]}},{"type":"Feature","id":"w339905820","properties":{"type":"yes","residential":false,"residents_est":0,"h3_10":"8a1e2e6a2307fff","h3_11":"8b1e2e6a2302fff"},"geometry":{"type":"Polygon","coordinates":[[[19.976738,50.081141],[19.976763,50.081087],[19.97681,50.081096],[19.976785,50.08115],[19.976738,50.081141]]]}},{"type":"Feature","id":"w339905824","properties":{"type":"yes","residential":false,"residents_est":0,"h3_10":"8a1e2e6a2327fff","h3_11":"8b1e2e6a2326fff"},"geometry":{"type":"Polygon","coordinates":[[[19.975991,50.082651],[19.975994,50.082606],[19.976064,50.082608],[19.976061,50.082654],[19.975991,50.082651]]]}},{"type":"Feature","id":"w339905826","properties":{"type":"house","levels":2.0,"address":"Pilotów 67","residential":true,"residents_est":2,"h3_10":"8a1e2e6a2317fff","h3_11":"8b1e2e6a2314fff"},"geometry":{"type":"Polygon","coordinates":[[[19.975264,50.081255],[19.975282,50.081175],[19.975373,50.081183],[19.975371,50.081265],[19.975264,50.081255]]]}},{"type":"Feature","id":"w339905830","properties":{"type":"outbuilding","levels":1.0,"residential":false,"residents_est":0,"h3_10":"8a1e2e6a2317fff","h3_11":"8b1e2e6a2314fff"},"geometry":{"type":"Polygon","coordinates":[[[19.975379,50.081042],[19.975436,50.081043],[19.975433,50.081093],[19.975379,50.081092],[19.975379,50.081042]]]}},{"type":"Feature","id":"w339905833","properties":{"type":"yes","residential":false,"residents_est":0,"h3_10":"8a1e2e6a2317fff","h3_11":"8b1e2e6a2314fff"},"geometry":{"type":"Polygon","coordinates":[[[19.974926,50.081054],[19.974946,50.080997],[19.974997,50.081004],[19.974975,50.081062],[19.974926,50.081054]]]}},{"type":"Feature","id":"w339905836","properties":{"type":"yes","address":"Pilotów 91","residential":true,"residents_est":1,"h3_10":"8a1e2e6a2307fff","h3_11":"8b1e2e6a2300fff"},"geometry":{"type":"Polygon","coordinates":[[[19.977082,50.081433],[19.977108,50.08135],[19.977213,50.081365],[19.977187,50.081447],[19.977082,50.081433]]]}},{"type":"Feature","id":"w339905838","properties":{"type":"yes","residential":false,"residents_est":0,"h3_10":"8a1e2e6a2307fff","h3_11":"8b1e2e6a2302fff"},"geometry":{"type":"Polygon","coordinates":[[[19.976463,50.081119],[19.976487,50.081063],[19.97654,50.081073],[19.976525,50.081109],[19.976555,50.081115],[19.976547,50.081133],[19.976463,50.081119]]]}},{"type":"Feature","id":"w339905839","properties":{"type":"yes","residential":true,"residents_est":1,"h3_10":"8a1e2e6a2327fff","h3_11":"8b1e2e6a2324fff"},"geometry":{"type":"Polygon","coordinates":[[[19.97598,50.082989],[19.975985,50.082922],[19.976061,50.082922],[19.976055,50.082991],[19.97598,50.082989]]]}},{"type":"Feature","id":"w339905840","properties":{"type":"yes","residential":true,"residents_est":1,"h3_10":"8a1e2e6a2317fff","h3_11":"8b1e2e6a2316fff"},"geometry":{"type":"Polygon","coordinates":[[[19.974909,50.080991],[19.974929,50.080935],[19.975019,50.080947],[19.974997,50.081004],[19.974909,50.080991]]]}},{"type":"Feature","id":"w339905841","properties":{"type":"yes","residential":false,"residents_est":0,"h3_10":"8a1e2e6a23b7fff","h3_11":"8b1e2e6a23b5fff"},"geometry":{"type":"Polygon","coordinates":[[[19.973124,50.079872],[19.973152,50.079855],[19.973236,50.079913],[19.973199,50.079935],[19.973162,50.07991],[19.973172,50.079905],[19.973124,50.079872]]]}},{"type":"Feature","id":"w339905844","properties":{"type":"yes","address":"Pilotów 77","residential":false,"residents_est":0,"h3_10":"8a1e2e6a2307fff","h3_11":"8b1e2e6a2306fff"},"geometry":{"type":"Polygon","coordinates":[[[19.976303,50.081342],[19.976326,50.081278],[19.976398,50.081289],[19.976373,50.081353],[19.976303,50.081342]]]}},{"type":"Feature","id":"w339905846","properties":{"type":"yes","residential":false,"residents_est":0,"h3_10":"8a1e2e6a2307fff","h3_11":"8b1e2e6a2302fff"},"geometry":{"type":"Polygon","coordinates":[[[19.976372,50.081358],[19.976401,50.081281],[19.976448,50.081289],[19.976417,50.081366],[19.976372,50.081358]]]}},{"type":"Feature","id":"w339905847","properties":{"type":"yes","residential":false,"residents_est":0,"h3_10":"8a1e2e6a2317fff","h3_11":"8b1e2e6a2311fff"},"geometry":{"type":"Polygon","coordinates":[[[19.97609,50.081029],[19.976148,50.08092],[19.976203,50.080931],[19.976191,50.080952],[19.976152,50.080943],[19.97613,50.080986],[19.976169,50.080995],[19.976144,50.08104],[19.97609,50.081029]]]}},{"type":"Feature","id":"w339905850","properties":{"type":"yes","residential":true,"residents_est":1,"h3_10":"8a1e2e6a232ffff","h3_11":"8b1e2e6a232afff"},"geometry":{"type":"Polygon","coordinates":[[[19.977862,50.082111],[19.97787,50.082019],[19.97797,50.082024],[19.977963,50.082108],[19.977872,50.082105],[19.977871,50.082112],[19.977862,50.082111]]]}},{"type":"Feature","id":"w339919191","properties":{"type":"yes","levels":1.0,"residential":true,"residents_est":1,"h3_10":"8a1e2e6a221ffff","h3_11":"8b1e2e6a221afff"},"geometry":{"type":"Polygon","coordinates":[[[19.97892,50.077536],[19.979007,50.077434],[19.979096,50.077465],[19.979114,50.077444],[19.979162,50.07746],[19.979154,50.077477],[19.979147,50.077475],[19.979142,50.077481],[19.97916,50.077488],[19.979073,50.07759],[19.97892,50.077536]]]}},{"type":"Feature","id":"w339919204","properties":{"type":"yes","residential":false,"residents_est":0,"h3_10":"8a1e2e6a2207fff","h3_11":"8b1e2e6a2203fff"},"geometry":{"type":"Polygon","coordinates":[[[19.979825,50.07843],[19.979882,50.078365],[19.979921,50.078379],[19.979864,50.078444],[19.979825,50.07843]]]}},{"type":"Feature","id":"w339919207","properties":{"type":"yes","levels":2.0,"address":"Fiołkowa 1","residential":true,"residents_est":1,"h3_10":"8a1e2e6a2257fff","h3_11":"8b1e2e6a2254fff"},"geometry":{"type":"Polygon","coordinates":[[[19.982339,50.078756],[19.982367,50.078717],[19.982546,50.07877],[19.98252,50.078808],[19.982339,50.078756]]]}},{"type":"Feature","id":"w339919209","properties":{"type":"yes","residential":false,"residents_est":0,"h3_10":"8a1e2e6a222ffff","h3_11":"8b1e2e6a2228fff"},"geometry":{"type":"Polygon","coordinates":[[[19.980857,50.079828],[19.980888,50.079789],[19.980969,50.079815],[19.980938,50.079855],[19.980857,50.079828]]]}},{"type":"Feature","id":"w339919213","properties":{"type":"garages","residential":false,"residents_est":0,"h3_10":"8a1e2e6a22dffff","h3_11":"8b1e2e6a22dcfff"},"geometry":{"type":"Polygon","coordinates":[[[19.98144,50.075825],[19.981612,50.0756],[19.981767,50.075649],[19.981594,50.075874],[19.98144,50.075825]]]}},{"type":"Feature","id":"w339919218","properties":{"type":"service","residential":false,"residents_est":0,"h3_10":"8a1e2e6a22dffff","h3_11":"8b1e2e6a22dcfff"},"geometry":{"type":"Polygon","coordinates":[[[19.98176,50.075782],[19.9818,50.07573],[19.981887,50.075758],[19.981847,50.07581],[19.98176,50.075782]]]}},{"type":"Feature","id":"w339919225","properties":{"type":"yes","residential":true,"residents_est":1,"h3_10":"8a1e2e6a22dffff","h3_11":"8b1e2e6a22dcfff"},"geometry":{"type":"Polygon","coordinates":[[[19.981708,50.075894],[19.981763,50.075819],[19.981841,50.075845],[19.981782,50.07592],[19.981708,50.075894]]]}},{"type":"Feature","id":"w339919227","properties":{"type":"yes","residential":false,"residents_est":0,"h3_10":"8a1e2e6a222ffff","h3_11":"8b1e2e6a222cfff"},"geometry":{"type":"Polygon","coordinates":[[[19.980486,50.080067],[19.980501,50.080043],[19.980578,50.080063],[19.980563,50.080087],[19.980486,50.080067]]]}},{"type":"Feature","id":"w339919233","properties":{"type":"yes","residential":false,"residents_est":0,"h3_10":"8a1e2e6a222ffff","h3_11":"8b1e2e6a222cfff"},"geometry":{"type":"Polygon","coordinates":[[[19.980545,50.080033],[19.980582,50.079987],[19.980657,50.080015],[19.980618,50.080061],[19.980545,50.080033]]]}},{"type":"Feature","id":"w339919236","properties":{"type":"service","residential":false,"residents_est":0,"h3_10":"8a1e2e6a221ffff","h3_11":"8b1e2e6a2218fff"},"geometry":{"type":"Polygon","coordinates":[[[19.979779,50.077859],[19.97982,50.077814],[19.97989,50.07784],[19.97985,50.077885],[19.979779,50.077859]]]}},{"type":"Feature","id":"w339919241","properties":{"type":"garages","residential":false,"residents_est":0,"h3_10":"8a1e2e6a2207fff","h3_11":"8b1e2e6a2205fff"},"geometry":{"type":"Polygon","coordinates":[[[19.979541,50.079384],[19.979549,50.079346],[19.979868,50.079371],[19.979842,50.079529],[19.979543,50.079508],[19.979567,50.079387],[19.979541,50.079384]]]}},{"type":"Feature","id":"w339919242","properties":{"type":"yes","residential":true,"residents_est":1,"h3_10":"8a1e2e6a2227fff","h3_11":"8b1e2e6a2221fff"},"geometry":{"type":"Polygon","coordinates":[[[19.980013,50.080079],[19.980067,50.080034],[19.980162,50.080082],[19.980147,50.080094],[19.98012,50.080081],[19.980081,50.080114],[19.980013,50.080079]]]}},{"type":"Feature","id":"w339933875","properties":{"type":"yes","residential":false,"residents_est":0,"h3_10":"8a1e2e6a2277fff","h3_11":"8b1e2e6a2271fff"},"geometry":{"type":"Polygon","coordinates":[[[19.983582,50.079345],[19.983609,50.079312],[19.98366,50.079329],[19.983633,50.079362],[19.983582,50.079345]]]}},{"type":"Feature","id":"w339948378","properties":{"type":"yes","residential":false,"residents_est":0,"h3_10":"8a1e2e6a2297fff","h3_11":"8b1e2e6a2295fff"},"geometry":{"type":"Polygon","coordinates":[[[19.976094,50.076094],[19.976164,50.076058],[19.976218,50.076101],[19.976148,50.076137],[19.976094,50.076094]]]}},{"type":"Feature","id":"w339948386","properties":{"type":"yes","residential":true,"residents_est":1,"h3_10":"8a1e2e6a2287fff","h3_11":"8b1e2e6a2285fff"},"geometry":{"type":"Polygon","coordinates":[[[19.977188,50.077002],[19.977218,50.076987],[19.977198,50.076972],[19.97729,50.076927],[19.97733,50.076933],[19.977367,50.076961],[19.977296,50.076997],[19.977314,50.07701],[19.977244,50.077047],[19.977188,50.077002]]]}},{"type":"Feature","id":"w357243941","properties":{"type":"garages","levels":1.0,"residential":false,"residents_est":0,"h3_10":"8a1e2e6a224ffff","h3_11":"8b1e2e6a224dfff"},"geometry":{"type":"Polygon","coordinates":[[[19.986638,50.0792],[19.986653,50.079167],[19.986731,50.079182],[19.986715,50.079215],[19.986638,50.0792]]]}},{"type":"Feature","id":"w357243943","properties":{"type":"service","residential":false,"residents_est":0,"h3_10":"8a1e2e6a224ffff","h3_11":"8b1e2e6a224dfff"},"geometry":{"type":"Polygon","coordinates":[[[19.98667,50.078915],[19.98667,50.07887],[19.986743,50.07887],[19.986742,50.078915],[19.98667,50.078915]]]}},{"type":"Feature","id":"w357243961","properties":{"type":"yes","levels":1.0,"residential":false,"residents_est":0,"h3_10":"8a1e2e6a224ffff","h3_11":"8b1e2e6a224dfff"},"geometry":{"type":"Polygon","coordinates":[[[19.986632,50.079094],[19.986639,50.079056],[19.986747,50.079063],[19.986741,50.079101],[19.986632,50.079094]]]}},{"type":"Feature","id":"w357248091","properties":{"type":"yes","address":"Seniorów Lotnictwa 10","residential":true,"residents_est":11,"h3_10":"8a1e2e6a224ffff","h3_11":"8b1e2e6a2248fff"},"geometry":{"type":"Polygon","coordinates":[[[19.986114,50.07891],[19.986153,50.078647],[19.986345,50.078659],[19.986307,50.078922],[19.986114,50.07891]]]}},{"type":"Feature","id":"w357248093","properties":{"type":"yes","address":"Seniorów Lotnictwa 10a","residential":true,"residents_est":22,"h3_10":"8a1e2e6a224ffff","h3_11":"8b1e2e6a2248fff"},"geometry":{"type":"Polygon","coordinates":[[[19.985924,50.078637],[19.985978,50.078263],[19.98617,50.078274],[19.986131,50.078542],[19.986247,50.078549],[19.986255,50.078494],[19.986368,50.078501],[19.986345,50.078659],[19.986186,50.078649],[19.986194,50.078598],[19.986083,50.078591],[19.986075,50.078646],[19.985924,50.078637]]]}},{"type":"Feature","id":"w357249856","properties":{"type":"school","address":"Seniorów Lotnictwa 5","residential":false,"residents_est":0,"h3_10":"8a1e2e6a226ffff","h3_11":"8b1e2e6a2268fff"},"geometry":{"type":"Polygon","coordinates":[[[19.985085,50.079645],[19.985141,50.079538],[19.985939,50.079709],[19.985977,50.079634],[19.985878,50.079613],[19.985962,50.079451],[19.985982,50.079456],[19.986007,50.079409],[19.986216,50.079453],[19.986108,50.079662],[19.986073,50.079655],[19.986034,50.079729],[19.986267,50.079779],[19.986212,50.079886],[19.985085,50.079645]]]}},{"type":"Feature","id":"w391367339","properties":{"type":"school","levels":2.0,"address":"Spadochroniarzy 1","residential":false,"residents_est":0,"h3_10":"8a1e2e6a2267fff","h3_11":"8b1e2e6a2260fff"},"geometry":{"type":"Polygon","coordinates":[[[19.983316,50.080261],[19.983503,50.079905],[19.983631,50.079931],[19.9835,50.080192],[19.983666,50.080224],[19.983799,50.079964],[19.983917,50.079988],[19.983794,50.080251],[19.983908,50.080273],[19.984063,50.079975],[19.984251,50.080015],[19.984065,50.080407],[19.984236,50.080441],[19.984353,50.080185],[19.984549,50.080228],[19.984433,50.080477],[19.984687,50.080526],[19.984819,50.080289],[19.985031,50.080331],[19.98491,50.080574],[19.985053,50.080603],[19.985009,50.080701],[19.983822,50.080456],[19.983865,50.080368],[19.983316,50.080261]]]}},{"type":"Feature","id":"w427484152","properties":{"type":"garage","residential":false,"residents_est":0,"h3_10":"8a1e2e6a226ffff","h3_11":"8b1e2e6a2269fff"},"geometry":{"type":"Polygon","coordinates":[[[19.986511,50.079622],[19.986525,50.079596],[19.986593,50.079611],[19.986579,50.079637],[19.986511,50.079622]]]}},{"type":"Feature","id":"w427484155","properties":{"type":"garage","residential":false,"residents_est":0,"h3_10":"8a1e2e6a226ffff","h3_11":"8b1e2e6a226dfff"},"geometry":{"type":"Polygon","coordinates":[[[19.986444,50.080183],[19.986458,50.080155],[19.986529,50.080169],[19.986515,50.080197],[19.986444,50.080183]]]}},{"type":"Feature","id":"w427484161","properties":{"type":"garage","residential":false,"residents_est":0,"h3_10":"8a1e2e6a226ffff","h3_11":"8b1e2e6a2269fff"},"geometry":{"type":"Polygon","coordinates":[[[19.986752,50.07968],[19.986764,50.079658],[19.986842,50.079677],[19.98683,50.079699],[19.986752,50.07968]]]}},{"type":"Feature","id":"w427484164","properties":{"type":"garage","residential":false,"residents_est":0,"h3_10":"8a1e2e6a226ffff","h3_11":"8b1e2e6a2269fff"},"geometry":{"type":"Polygon","coordinates":[[[19.986774,50.079656],[19.986788,50.079631],[19.986859,50.079648],[19.986845,50.079673],[19.986774,50.079656]]]}},{"type":"Feature","id":"w427484171","properties":{"type":"garage","residential":false,"residents_est":0,"h3_10":"8a1e2e6a226ffff","h3_11":"8b1e2e6a2269fff"},"geometry":{"type":"Polygon","coordinates":[[[19.986581,50.079963],[19.986595,50.079934],[19.986664,50.079947],[19.986651,50.079977],[19.986581,50.079963]]]}},{"type":"Feature","id":"w427484175","properties":{"type":"garage","residential":false,"residents_est":0,"h3_10":"8a1e2e6a226ffff","h3_11":"8b1e2e6a226dfff"},"geometry":{"type":"Polygon","coordinates":[[[19.986414,50.080243],[19.986428,50.080214],[19.986493,50.080228],[19.986479,50.080257],[19.986414,50.080243]]]}},{"type":"Feature","id":"w427484178","properties":{"type":"garage","residential":false,"residents_est":0,"h3_10":"8a1e2e6a226ffff","h3_11":"8b1e2e6a2269fff"},"geometry":{"type":"Polygon","coordinates":[[[19.986418,50.079807],[19.986432,50.079781],[19.986498,50.079796],[19.986484,50.079822],[19.986418,50.079807]]]}},{"type":"Feature","id":"w427484182","properties":{"type":"garage","residential":false,"residents_est":0,"h3_10":"8a1e2e6a226ffff","h3_11":"8b1e2e6a2269fff"},"geometry":{"type":"Polygon","coordinates":[[[19.986674,50.079662],[19.986688,50.079637],[19.986758,50.079654],[19.986743,50.079678],[19.986674,50.079662]]]}},{"type":"Feature","id":"w427484185","properties":{"type":"garage","residential":false,"residents_est":0,"h3_10":"8a1e2e6a226ffff","h3_11":"8b1e2e6a226dfff"},"geometry":{"type":"Polygon","coordinates":[[[19.986398,50.080274],[19.986411,50.080248],[19.986477,50.080261],[19.986463,50.080288],[19.986398,50.080274]]]}},{"type":"Feature","id":"w427484186","properties":{"type":"garage","residential":false,"residents_est":0,"h3_10":"8a1e2e6a226ffff","h3_11":"8b1e2e6a226dfff"},"geometry":{"type":"Polygon","coordinates":[[[19.986475,50.080121],[19.986488,50.080095],[19.986559,50.080109],[19.986546,50.080136],[19.986475,50.080121]]]}},{"type":"Feature","id":"w427484187","properties":{"type":"garage","residential":false,"residents_est":0,"h3_10":"8a1e2e6a226ffff","h3_11":"8b1e2e6a2269fff"},"geometry":{"type":"Polygon","coordinates":[[[19.986362,50.079911],[19.986377,50.079883],[19.986444,50.079898],[19.986429,50.079925],[19.986362,50.079911]]]}},{"type":"Feature","id":"w427484193","properties":{"type":"garage","residential":false,"residents_est":0,"h3_10":"8a1e2e6a226ffff","h3_11":"8b1e2e6a226dfff"},"geometry":{"type":"Polygon","coordinates":[[[19.986459,50.080153],[19.986473,50.080125],[19.986544,50.08014],[19.98653,50.080168],[19.986459,50.080153]]]}},{"type":"Feature","id":"w427484194","properties":{"type":"garage","residential":false,"residents_est":0,"h3_10":"8a1e2e6a226ffff","h3_11":"8b1e2e6a226dfff"},"geometry":{"type":"Polygon","coordinates":[[[19.986345,50.079943],[19.986359,50.079917],[19.986426,50.079932],[19.986412,50.079958],[19.986345,50.079943]]]}},{"type":"Feature","id":"w427484201","properties":{"type":"garage","residential":false,"residents_est":0,"h3_10":"8a1e2e6a226ffff","h3_11":"8b1e2e6a2269fff"},"geometry":{"type":"Polygon","coordinates":[[[19.986736,50.079717],[19.986758,50.079683],[19.986835,50.079704],[19.986813,50.079738],[19.986736,50.079717]]]}},{"type":"Feature","id":"w427484207","properties":{"type":"garage","residential":false,"residents_est":0,"h3_10":"8a1e2e6a226ffff","h3_11":"8b1e2e6a2269fff"},"geometry":{"type":"Polygon","coordinates":[[[19.986463,50.079711],[19.986478,50.079684],[19.986546,50.079699],[19.986531,50.079726],[19.986463,50.079711]]]}},{"type":"Feature","id":"w427484211","properties":{"type":"garage","residential":false,"residents_est":0,"h3_10":"8a1e2e6a226ffff","h3_11":"8b1e2e6a226dfff"},"geometry":{"type":"Polygon","coordinates":[[[19.98649,50.080092],[19.986503,50.080064],[19.986574,50.080079],[19.986561,50.080106],[19.98649,50.080092]]]}},{"type":"Feature","id":"w427484212","properties":{"type":"garages","residential":false,"residents_est":0,"h3_10":"8a1e2e6a226ffff","h3_11":"8b1e2e6a2269fff"},"geometry":{"type":"Polygon","coordinates":[[[19.986522,50.079593],[19.986626,50.079393],[19.986706,50.079409],[19.986601,50.079609],[19.986522,50.079593]]]}},{"type":"Feature","id":"w427484213","properties":{"type":"garage","residential":false,"residents_est":0,"h3_10":"8a1e2e6a226ffff","h3_11":"8b1e2e6a2269fff"},"geometry":{"type":"Polygon","coordinates":[[[19.986496,50.07965],[19.986511,50.079623],[19.986579,50.079638],[19.986564,50.079665],[19.986496,50.07965]]]}},{"type":"Feature","id":"w427484221","properties":{"type":"garage","residential":false,"residents_est":0,"h3_10":"8a1e2e6a226ffff","h3_11":"8b1e2e6a2269fff"},"geometry":{"type":"Polygon","coordinates":[[[19.986692,50.079766],[19.986708,50.07974],[19.986775,50.079758],[19.986758,50.079783],[19.986692,50.079766]]]}},{"type":"Feature","id":"w427484231","properties":{"type":"garage","residential":false,"residents_est":0,"h3_10":"8a1e2e6a226ffff","h3_11":"8b1e2e6a2269fff"},"geometry":{"type":"Polygon","coordinates":[[[19.986608,50.079762],[19.986622,50.079737],[19.986691,50.079753],[19.986678,50.079778],[19.986608,50.079762]]]}},{"type":"Feature","id":"w427484232","properties":{"type":"garage","residential":false,"residents_est":0,"h3_10":"8a1e2e6a226ffff","h3_11":"8b1e2e6a2269fff"},"geometry":{"type":"Polygon","coordinates":[[[19.986398,50.079843],[19.986413,50.079817],[19.986479,50.079831],[19.986465,50.079858],[19.986398,50.079843]]]}},{"type":"Feature","id":"w427484235","properties":{"type":"garage","residential":false,"residents_est":0,"h3_10":"8a1e2e6a226ffff","h3_11":"8b1e2e6a2269fff"},"geometry":{"type":"Polygon","coordinates":[[[19.986596,50.079932],[19.986608,50.079905],[19.986678,50.079918],[19.986665,50.079945],[19.986596,50.079932]]]}},{"type":"Feature","id":"w427484236","properties":{"type":"garage","residential":false,"residents_est":0,"h3_10":"8a1e2e6a226ffff","h3_11":"8b1e2e6a2269fff"},"geometry":{"type":"Polygon","coordinates":[[[19.986381,50.079876],[19.986395,50.07985],[19.986461,50.079865],[19.986448,50.079891],[19.986381,50.079876]]]}},{"type":"Feature","id":"w427484240","properties":{"type":"garage","residential":false,"residents_est":0,"h3_10":"8a1e2e6a226ffff","h3_11":"8b1e2e6a2269fff"},"geometry":{"type":"Polygon","coordinates":[[[19.986616,50.07985],[19.986632,50.079825],[19.986699,50.079843],[19.986684,50.079867],[19.986616,50.07985]]]}},{"type":"Feature","id":"w427484242","properties":{"type":"garage","residential":false,"residents_est":0,"h3_10":"8a1e2e6a226ffff","h3_11":"8b1e2e6a2269fff"},"geometry":{"type":"Polygon","coordinates":[[[19.98648,50.07968],[19.986495,50.079653],[19.986563,50.079668],[19.986548,50.079695],[19.98648,50.07968]]]}},{"type":"Feature","id":"w427494359","properties":{"type":"yes","residential":true,"residents_est":1,"h3_10":"8a1e2e6a230ffff","h3_11":"8b1e2e6a2309fff"},"geometry":{"type":"Polygon","coordinates":[[[19.979506,50.081201],[19.979612,50.081144],[19.97966,50.081179],[19.979552,50.081237],[19.979506,50.081201]]]}},{"type":"Feature","id":"w427495824","properties":{"type":"yes","residential":true,"residents_est":2,"h3_10":"8a1e2e6a2347fff","h3_11":"8b1e2e6a2345fff"},"geometry":{"type":"Polygon","coordinates":[[[19.982025,50.082125],[19.982105,50.081974],[19.982219,50.081999],[19.982139,50.08215],[19.982025,50.082125]]]}},{"type":"Feature","id":"w427496905","properties":{"type":"yes","residential":false,"residents_est":0,"h3_10":"8a1e2e6a230ffff","h3_11":"8b1e2e6a230cfff"},"geometry":{"type":"Polygon","coordinates":[[[19.978239,50.081385],[19.978269,50.081343],[19.978318,50.081358],[19.978288,50.081399],[19.978239,50.081385]]]}},{"type":"Feature","id":"w427496906","properties":{"type":"yes","residential":false,"residents_est":0,"h3_10":"8a1e2e6a230ffff","h3_11":"8b1e2e6a230cfff"},"geometry":{"type":"Polygon","coordinates":[[[19.978227,50.081549],[19.978246,50.081487],[19.978324,50.081497],[19.978305,50.081559],[19.978227,50.081549]]]}},{"type":"Feature","id":"w427496907","properties":{"type":"yes","residential":false,"residents_est":0,"h3_10":"8a1e2e6a230ffff","h3_11":"8b1e2e6a2308fff"},"geometry":{"type":"Polygon","coordinates":[[[19.978658,50.081113],[19.978683,50.081067],[19.978775,50.081089],[19.978751,50.081134],[19.978658,50.081113]]]}},{"type":"Feature","id":"w427496908","properties":{"type":"yes","residential":true,"residents_est":1,"h3_10":"8a1e2e6a230ffff","h3_11":"8b1e2e6a230efff"},"geometry":{"type":"Polygon","coordinates":[[[19.978312,50.081284],[19.97839,50.081201],[19.978489,50.081288],[19.978419,50.081321],[19.978432,50.081332],[19.97839,50.081353],[19.978312,50.081284]]]}},{"type":"Feature","id":"w427496910","properties":{"type":"yes","residential":false,"residents_est":0,"h3_10":"8a1e2e6a230ffff","h3_11":"8b1e2e6a230cfff"},"geometry":{"type":"Polygon","coordinates":[[[19.978333,50.081527],[19.978336,50.081513],[19.978362,50.081505],[19.978427,50.081564],[19.97836,50.081577],[19.97834,50.08156],[19.978344,50.081541],[19.978333,50.081527]]]}},{"type":"Feature","id":"w428896000","properties":{"type":"yes","residential":false,"residents_est":0,"h3_10":"8a1e2e6a225ffff","h3_11":"8b1e2e6a2258fff"},"geometry":{"type":"Polygon","coordinates":[[[19.984812,50.077808],[19.984842,50.07777],[19.984948,50.077804],[19.984917,50.077842],[19.984812,50.077808]]]}},{"type":"Feature","id":"w589099240","properties":{"type":"yes","address":"Ułanów 64b","residential":true,"residents_est":2,"h3_10":"8a1e2e6a222ffff","h3_11":"8b1e2e6a222cfff"},"geometry":{"type":"Polygon","coordinates":[[[19.980127,50.080194],[19.980239,50.080102],[19.980267,50.080116],[19.980261,50.080121],[19.980347,50.080156],[19.980235,50.080248],[19.980127,50.080194]]]}},{"type":"Feature","id":"w589099241","properties":{"type":"yes","address":"Ułanów 64","residential":true,"residents_est":3,"h3_10":"8a1e2e6a222ffff","h3_11":"8b1e2e6a222cfff"},"geometry":{"type":"Polygon","coordinates":[[[19.980413,50.080283],[19.980489,50.080223],[19.980509,50.080233],[19.980559,50.080191],[19.980569,50.080196],[19.980601,50.08017],[19.980709,50.080224],[19.980675,50.080252],[19.980667,50.080248],[19.980614,50.080293],[19.9806,50.080286],[19.980532,50.080343],[19.980413,50.080283]]]}},{"type":"Feature","id":"w589103267","properties":{"type":"apartments","levels":0.0,"address":"Mieczysława Pszona 2","residential":true,"residents_est":16,"h3_10":"8a1e2e6a2237fff","h3_11":"8b1e2e6a2232fff"},"geometry":{"type":"Polygon","coordinates":[[[19.977176,50.078973],[19.977312,50.078867],[19.977308,50.078818],[19.977289,50.078808],[19.977327,50.078781],[19.977346,50.078792],[19.977416,50.078788],[19.977432,50.078776],[19.977475,50.078797],[19.977457,50.07881],[19.977465,50.078857],[19.977502,50.078877],[19.977511,50.078966],[19.977457,50.078968],[19.97745,50.078896],[19.977431,50.078886],[19.977353,50.078891],[19.977216,50.078995],[19.977176,50.078973]]]}},{"type":"Feature","id":"w589103268","properties":{"type":"apartments","levels":4.0,"address":"Mieczysława Pszona 8","residential":true,"residents_est":33,"h3_10":"8a1e2e6a2237fff","h3_11":"8b1e2e6a2236fff"},"geometry":{"type":"Polygon","coordinates":[[[19.976675,50.07925],[19.976742,50.079199],[19.976777,50.079217],[19.976822,50.079215],[19.976852,50.079193],[19.976931,50.079236],[19.976902,50.079258],[19.976905,50.079288],[19.976932,50.079303],[19.976945,50.079292],[19.976992,50.079317],[19.977003,50.079309],[19.977057,50.079338],[19.977072,50.079452],[19.977109,50.07945],[19.97712,50.079532],[19.977065,50.079535],[19.977066,50.079541],[19.976884,50.079545],[19.976873,50.079463],[19.97691,50.079461],[19.976901,50.07939],[19.976854,50.079365],[19.976867,50.079355],[19.976837,50.079339],[19.976793,50.079341],[19.976764,50.079364],[19.976684,50.07932],[19.976713,50.079298],[19.976709,50.079269],[19.976675,50.07925]]]}},{"type":"Feature","id":"w599109231","properties":{"type":"apartments","levels":0.0,"address":"Pilotów 71b","residential":true,"residents_est":87,"h3_10":"8a1e2e6a2317fff","h3_11":"8b1e2e6a2313fff"},"geometry":{"type":"Polygon","coordinates":[[[19.975653,50.080726],[19.975669,50.0807],[19.975699,50.080692],[19.975717,50.080696],[19.975732,50.080671],[19.975751,50.080676],[19.97578,50.080629],[19.975752,50.080622],[19.975755,50.080617],[19.975782,50.080624],[19.975815,50.08057],[19.975795,50.080565],[19.975827,50.080514],[19.975965,50.080524],[19.975965,50.080511],[19.976054,50.080516],[19.976052,50.080531],[19.976219,50.080544],[19.97623,50.080482],[19.975849,50.080451],[19.97586,50.080394],[19.976414,50.080436],[19.976388,50.080577],[19.976299,50.080769],[19.976132,50.080736],[19.976174,50.080645],[19.975923,50.08062],[19.975796,50.080835],[19.975653,50.0808],[19.975684,50.08075],[19.975666,50.080745],[19.975653,50.080726]]]}},{"type":"Feature","id":"w599481310","properties":{"type":"apartments","levels":0.0,"address":"Wysoka 11","residential":true,"residents_est":23,"h3_10":"8a1e2e6a230ffff","h3_11":"8b1e2e6a230afff"},"geometry":{"type":"Polygon","coordinates":[[[19.978219,50.080852],[19.978246,50.080789],[19.978447,50.080824],[19.978443,50.080834],[19.9785,50.080844],[19.978507,50.080828],[19.97858,50.080844],[19.978662,50.080821],[19.978705,50.080873],[19.978612,50.080905],[19.978637,50.080931],[19.978589,50.080951],[19.978538,50.08094],[19.978513,50.080992],[19.978408,50.080973],[19.978441,50.080896],[19.978407,50.080889],[19.978415,50.080873],[19.978332,50.080857],[19.978325,50.080871],[19.978219,50.080852]]]}},{"type":"Feature","id":"w607546487","properties":{"type":"yes","levels":0.0,"address":"Ułanów 45","residential":true,"residents_est":2,"h3_10":"8a1e2e6a230ffff","h3_11":"8b1e2e6a230dfff"},"geometry":{"type":"Polygon","coordinates":[[[19.979117,50.081475],[19.97933,50.081474],[19.979332,50.081558],[19.979118,50.081559],[19.979117,50.081475]]]}},{"type":"Feature","id":"w607958650","properties":{"type":"apartments","levels":5.0,"address":"Ułanów 60 m.17-36","residential":true,"residents_est":19,"h3_10":"8a1e2e6a222ffff","h3_11":"8b1e2e6a222efff"},"geometry":{"type":"Polygon","coordinates":[[[19.979929,50.079723],[19.979963,50.079644],[19.980306,50.079703],[19.9803,50.079718],[19.980352,50.079727],[19.980325,50.079792],[19.980159,50.079763],[19.980154,50.079775],[19.980084,50.079763],[19.980089,50.079751],[19.979929,50.079723]]]}},{"type":"Feature","id":"w607958651","properties":{"type":"apartments","levels":4.0,"address":"Ułanów 60 m.1-16","residential":true,"residents_est":15,"h3_10":"8a1e2e6a222ffff","h3_11":"8b1e2e6a2228fff"},"geometry":{"type":"Polygon","coordinates":[[[19.98049,50.079833],[19.980539,50.079774],[19.98059,50.079791],[19.9806,50.079779],[19.98087,50.079871],[19.98086,50.079884],[19.980912,50.079901],[19.980862,50.079961],[19.980724,50.079914],[19.980713,50.079927],[19.980635,50.0799],[19.980646,50.079887],[19.98049,50.079833]]]}},{"type":"Feature","id":"w607960858","properties":{"type":"yes","residential":false,"residents_est":0,"h3_10":"8a1e2e6a222ffff","h3_11":"8b1e2e6a222cfff"},"geometry":{"type":"Polygon","coordinates":[[[19.980357,50.07999],[19.980392,50.079947],[19.980453,50.079968],[19.980418,50.080011],[19.980357,50.07999]]]}},{"type":"Feature","id":"w608670791","properties":{"type":"apartments","levels":0.0,"address":"Fiołkowa 4","residential":true,"residents_est":137,"h3_10":"8a1e2e6a220ffff","h3_11":"8b1e2e6a220cfff"},"geometry":{"type":"Polygon","coordinates":[[[19.98023,50.078837],[19.980238,50.078835],[19.980232,50.078822],[19.980275,50.078815],[19.980298,50.078788],[19.980287,50.078761],[19.980307,50.078757],[19.980305,50.078752],[19.980359,50.078742],[19.980362,50.078748],[19.980382,50.078744],[19.980393,50.078771],[19.980435,50.078786],[19.980495,50.078776],[19.980485,50.078752],[19.98049,50.078751],[19.980496,50.078764],[19.980529,50.078758],[19.980544,50.078742],[19.980576,50.078736],[19.980591,50.07872],[19.980629,50.078713],[19.980645,50.078718],[19.980667,50.078694],[19.98065,50.078687],[19.98069,50.078643],[19.980708,50.078649],[19.980746,50.078606],[19.980742,50.078594],[19.980782,50.078549],[19.98079,50.078551],[19.980807,50.078531],[19.980827,50.078528],[19.980896,50.078553],[19.980913,50.07855],[19.980957,50.078566],[19.980951,50.078573],[19.980982,50.078584],[19.980988,50.078578],[19.981032,50.078593],[19.981037,50.078604],[19.981135,50.07864],[19.981143,50.078659],[19.98118,50.078672],[19.98119,50.078661],[19.98123,50.078675],[19.98122,50.078687],[19.981257,50.078701],[19.981285,50.078696],[19.981351,50.078719],[19.981368,50.078716],[19.981412,50.078733],[19.981406,50.078739],[19.981437,50.078751],[19.981443,50.078744],[19.981487,50.07876],[19.981492,50.078771],[19.981561,50.078796],[19.981566,50.078809],[19.981549,50.078829],[19.981556,50.078832],[19.981512,50.078881],[19.981495,50.078884],[19.981379,50.079016],[19.981392,50.079046],[19.981429,50.079059],[19.981381,50.079114],[19.981343,50.079101],[19.981296,50.079109],[19.981265,50.079144],[19.981248,50.079147],[19.981214,50.079186],[19.981219,50.079197],[19.981203,50.079215],[19.981184,50.079218],[19.981025,50.07916],[19.98102,50.079149],[19.980829,50.079079],[19.980824,50.079067],[19.980887,50.078995],[19.980907,50.078992],[19.981137,50.079076],[19.981175,50.079069],[19.98125,50.078984],[19.981279,50.078979],[19.981294,50.078962],[19.981281,50.078957],[19.9813,50.078936],[19.981313,50.078941],[19.981329,50.078922],[19.981321,50.078904],[19.981362,50.078858],[19.981347,50.078853],[19.981358,50.07884],[19.98125,50.078799],[19.981254,50.078794],[19.981223,50.078783],[19.981219,50.078787],[19.981155,50.078764],[19.98116,50.078759],[19.981053,50.078727],[19.981058,50.078722],[19.981023,50.07871],[19.981019,50.078714],[19.980872,50.078662],[19.980861,50.078675],[19.980846,50.07867],[19.980749,50.07878],[19.980706,50.078796],[19.980697,50.078806],[19.980461,50.078848],[19.980437,50.078874],[19.980449,50.078901],[19.980429,50.078905],[19.980431,50.07891],[19.980376,50.07892],[19.980374,50.078915],[19.980354,50.078918],[19.980342,50.078891],[19.980301,50.078876],[19.980259,50.078883],[19.980253,50.07887],[19.980245,50.078872],[19.98023,50.078837]]]}},{"type":"Feature","id":"w608670792","properties":{"type":"apartments","levels":0.0,"address":"Fiołkowa 6","residential":true,"residents_est":47,"h3_10":"8a1e2e6a221ffff","h3_11":"8b1e2e6a221dfff"},"geometry":{"type":"Polygon","coordinates":[[[19.979972,50.078356],[19.97998,50.078346],[19.979972,50.078339],[19.980028,50.078275],[19.980018,50.078271],[19.980088,50.078191],[19.980108,50.078188],[19.980227,50.078231],[19.980232,50.078244],[19.980162,50.078324],[19.980143,50.078317],[19.980126,50.078337],[19.980142,50.078343],[19.980173,50.078414],[19.980164,50.078425],[19.980194,50.078437],[19.980203,50.078426],[19.980279,50.078452],[19.980325,50.078444],[19.980347,50.078419],[19.980365,50.078426],[19.980373,50.078417],[19.980422,50.078435],[19.980414,50.078444],[19.980432,50.078451],[19.980411,50.078475],[19.980424,50.078505],[19.980462,50.078519],[19.980451,50.07853],[19.980465,50.078535],[19.980437,50.078567],[19.980423,50.078562],[19.980413,50.078574],[19.980375,50.07856],[19.980329,50.078568],[19.980307,50.078592],[19.980289,50.078586],[19.980282,50.078595],[19.980232,50.078577],[19.98024,50.078568],[19.980222,50.078561],[19.980239,50.078541],[19.980214,50.078532],[19.980208,50.078539],[19.98003,50.078474],[19.980032,50.078465],[19.980016,50.07846],[19.980003,50.078429],[19.980011,50.078418],[19.980001,50.078393],[19.979985,50.078386],[19.979972,50.078356]]]}},{"type":"Feature","id":"w609064050","properties":{"type":"yes","levels":0.0,"address":"Ułanów 29a","name":"Niepubliczny Zakład Opieki Zdrowotnej Ugorek","residential":false,"residents_est":0,"h3_10":"8a1e2e6a2247fff","h3_11":"8b1e2e6a2246fff"},"geometry":{"type":"Polygon","coordinates":[[[19.983344,50.079143],[19.983391,50.079049],[19.983899,50.079156],[19.983944,50.079061],[19.984018,50.079076],[19.984014,50.0791],[19.98408,50.079114],[19.984099,50.079094],[19.984289,50.079134],[19.984133,50.07944],[19.983932,50.079397],[19.983994,50.079281],[19.983344,50.079143]]]}},{"type":"Feature","id":"w767412831","properties":{"type":"apartments","levels":0.0,"address":"Fiołkowa 10","residential":true,"residents_est":148,"h3_10":"8a1e2e6a221ffff","h3_11":"8b1e2e6a221cfff"},"geometry":{"type":"Polygon","coordinates":[[[19.978524,50.078394],[19.978532,50.078392],[19.978527,50.078379],[19.978569,50.078372],[19.978592,50.078345],[19.978581,50.078318],[19.978601,50.078314],[19.978599,50.078309],[19.978653,50.078299],[19.978655,50.078305],[19.978676,50.078301],[19.978688,50.078328],[19.978729,50.078343],[19.978789,50.078333],[19.978785,50.078322],[19.978823,50.078316],[19.978837,50.078299],[19.978873,50.078293],[19.978888,50.078276],[19.978919,50.078271],[19.978945,50.07828],[19.979094,50.078254],[19.979202,50.078293],[19.97921,50.078311],[19.979324,50.078353],[19.979336,50.078351],[19.979376,50.078366],[19.979393,50.078363],[19.979433,50.078378],[19.979479,50.07837],[19.979498,50.078347],[19.979516,50.078344],[19.979535,50.078323],[19.979515,50.078315],[19.979541,50.078286],[19.979558,50.078283],[19.979607,50.078228],[19.979602,50.078217],[19.979643,50.078171],[19.979628,50.078166],[19.97964,50.078153],[19.979532,50.078112],[19.979535,50.078107],[19.979501,50.078094],[19.979497,50.078099],[19.979433,50.078076],[19.979437,50.078071],[19.979399,50.078057],[19.979395,50.078062],[19.979331,50.078038],[19.979335,50.078034],[19.979301,50.078021],[19.979297,50.078026],[19.979151,50.077974],[19.979139,50.077987],[19.979124,50.077981],[19.979042,50.078075],[19.979031,50.078071],[19.979021,50.078083],[19.979025,50.078094],[19.979008,50.078114],[19.978988,50.078118],[19.978836,50.078062],[19.978831,50.078049],[19.978848,50.078029],[19.978866,50.078026],[19.978899,50.077988],[19.978926,50.077998],[19.978968,50.077951],[19.978988,50.077958],[19.979024,50.077917],[19.97902,50.077906],[19.97906,50.07786],[19.979067,50.077863],[19.979085,50.077843],[19.979105,50.077839],[19.979174,50.077865],[19.979191,50.077862],[19.97927,50.077893],[19.979254,50.077909],[19.979291,50.077923],[19.97932,50.077918],[19.979413,50.077952],[19.979421,50.07797],[19.979462,50.077985],[19.979457,50.077991],[19.97949,50.078003],[19.979495,50.077997],[19.979535,50.078012],[19.979564,50.078007],[19.979633,50.078032],[19.979649,50.078029],[19.979693,50.078045],[19.979687,50.078052],[19.979718,50.078064],[19.979724,50.078057],[19.979768,50.078073],[19.979773,50.078084],[19.979842,50.078109],[19.979848,50.078122],[19.97983,50.078142],[19.979837,50.078144],[19.979794,50.078194],[19.979776,50.078197],[19.979741,50.078237],[19.979758,50.078243],[19.979764,50.078255],[19.979695,50.078333],[19.9797,50.078344],[19.979682,50.078364],[19.97966,50.078368],[19.979644,50.078363],[19.979626,50.078384],[19.97963,50.078395],[19.979593,50.078438],[19.979576,50.078441],[19.979541,50.078463],[19.979446,50.07848],[19.979398,50.078472],[19.979381,50.078475],[19.979109,50.078382],[19.979113,50.078377],[19.979053,50.078352],[19.97895,50.078376],[19.978948,50.07837],[19.978755,50.078405],[19.978731,50.078431],[19.978743,50.078458],[19.97867,50.078477],[19.978668,50.078472],[19.978648,50.078475],[19.978636,50.078448],[19.978595,50.078433],[19.978553,50.07844],[19.978547,50.078427],[19.978539,50.078429],[19.978524,50.078394]]]}},{"type":"Feature","id":"w767730638","properties":{"type":"apartments","levels":0.0,"address":"Ułanów 54","residential":true,"residents_est":100,"h3_10":"8a1e2e6a2207fff","h3_11":"8b1e2e6a2205fff"},"geometry":{"type":"Polygon","coordinates":[[[19.979428,50.079233],[19.979446,50.07913],[19.979533,50.079136],[19.979534,50.079128],[19.97966,50.079136],[19.979659,50.079145],[19.979741,50.079151],[19.979832,50.079157],[19.979834,50.07915],[19.979957,50.079158],[19.979956,50.079165],[19.979993,50.079167],[19.980087,50.079188],[19.980092,50.07918],[19.980204,50.079211],[19.980198,50.079219],[19.980363,50.079264],[19.980368,50.079256],[19.980483,50.079288],[19.980478,50.079295],[19.98064,50.079339],[19.980645,50.079332],[19.98076,50.079363],[19.980755,50.079371],[19.980837,50.079393],[19.980774,50.07949],[19.98073,50.079478],[19.980721,50.079492],[19.980628,50.079466],[19.980621,50.079476],[19.980551,50.079456],[19.980558,50.079447],[19.980336,50.079398],[19.980342,50.079388],[19.980249,50.079362],[19.980259,50.079348],[19.980177,50.079326],[19.980167,50.07934],[19.980074,50.079315],[19.980066,50.079325],[19.979998,50.079307],[19.980004,50.079297],[19.979974,50.079289],[19.979945,50.079286],[19.979943,50.079297],[19.979869,50.079292],[19.97987,50.079282],[19.979771,50.079274],[19.979774,50.079259],[19.979728,50.079256],[19.979725,50.079271],[19.979646,50.079265],[19.979644,50.079276],[19.979569,50.07927],[19.979571,50.07926],[19.979472,50.079252],[19.979474,50.079237],[19.979428,50.079233]]]}},{"type":"Feature","id":"w779192891","properties":{"type":"garage","residential":false,"residents_est":0,"h3_10":"8a1e2e6a2247fff","h3_11":"8b1e2e6a2240fff"},"geometry":{"type":"Polygon","coordinates":[[[19.984724,50.079057],[19.984757,50.078999],[19.9848,50.07901],[19.984768,50.079067],[19.984724,50.079057]]]}},{"type":"Feature","id":"w779192892","properties":{"type":"service","residential":false,"residents_est":0,"h3_10":"8a1e2e6a2247fff","h3_11":"8b1e2e6a2240fff"},"geometry":{"type":"Polygon","coordinates":[[[19.984661,50.079025],[19.984683,50.078983],[19.984752,50.078998],[19.984729,50.079041],[19.984661,50.079025]]]}},{"type":"Feature","id":"w870818594","properties":{"type":"apartments","levels":4.0,"address":"Ułanów 64d","residential":true,"residents_est":46,"h3_10":"8a1e2e6a2227fff","h3_11":"8b1e2e6a2225fff"},"geometry":{"type":"Polygon","coordinates":[[[19.979293,50.080399],[19.97944,50.080266],[19.979544,50.080132],[19.97961,50.080002],[19.979792,50.080034],[19.97977,50.080085],[19.979845,50.080101],[19.979822,50.080149],[19.979741,50.080133],[19.979674,50.080239],[19.979748,50.08026],[19.979702,50.080322],[19.979631,50.080297],[19.979541,50.08039],[19.979606,50.080418],[19.979561,50.080462],[19.979493,50.080432],[19.979446,50.080473],[19.979293,50.080399]]]}},{"type":"Feature","id":"w870818595","properties":{"type":"apartments","levels":4.0,"address":"Ułanów 64d","residential":true,"residents_est":4,"h3_10":"8a1e2e6a2357fff","h3_11":"8b1e2e6a2352fff"},"geometry":{"type":"Polygon","coordinates":[[[19.97981,50.080301],[19.979857,50.080236],[19.979937,50.08026],[19.979901,50.080311],[19.980054,50.080357],[19.980043,50.080373],[19.97981,50.080301]]]}},{"type":"Feature","id":"w1034774871","properties":{"type":"retail","levels":1.0,"residential":false,"residents_est":0,"h3_10":"8a1e2e6a2297fff","h3_11":"8b1e2e6a2293fff"},"geometry":{"type":"Polygon","coordinates":[[[19.975882,50.075126],[19.975935,50.0751],[19.976037,50.075184],[19.975985,50.075211],[19.975882,50.075126]]]}},{"type":"Feature","id":"w1100854975","properties":{"type":"retail","name":"sklepik klubowy KS Wieczysta","residential":false,"residents_est":0,"h3_10":"8a1e2e6a2287fff","h3_11":"8b1e2e6a2285fff"},"geometry":{"type":"Polygon","coordinates":[[[19.976901,50.076749],[19.977013,50.076692],[19.977115,50.076778],[19.977003,50.076835],[19.976901,50.076749]]]}},{"type":"Feature","id":"w1100854976","properties":{"type":"yes","residential":false,"residents_est":0,"h3_10":"8a1e2e6a2287fff","h3_11":"8b1e2e6a2286fff"},"geometry":{"type":"Polygon","coordinates":[[[19.976334,50.076563],[19.97641,50.076531],[19.976449,50.076569],[19.976372,50.076601],[19.976334,50.076563]]]}},{"type":"Feature","id":"w1197781588","properties":{"type":"outbuilding","levels":1.0,"residential":false,"residents_est":0,"h3_10":"8a1e2e6a2357fff","h3_11":"8b1e2e6a2356fff"},"geometry":{"type":"Polygon","coordinates":[[[19.979691,50.080753],[19.979756,50.080688],[19.979823,50.080716],[19.979758,50.080781],[19.979691,50.080753]]]}},{"type":"Feature","id":"w1197781696","properties":{"type":"outbuilding","levels":1.0,"residential":false,"residents_est":0,"h3_10":"8a1e2e6a2397fff","h3_11":"8b1e2e6a2391fff"},"geometry":{"type":"Polygon","coordinates":[[[19.973584,50.078266],[19.973645,50.078228],[19.973707,50.078273],[19.973644,50.078309],[19.973584,50.078266]]]}},{"type":"Feature","id":"w1197781738","properties":{"type":"outbuilding","levels":1.0,"residential":false,"residents_est":0,"h3_10":"8a1e2e6a2357fff","h3_11":"8b1e2e6a2356fff"},"geometry":{"type":"Polygon","coordinates":[[[19.979736,50.080598],[19.979775,50.08055],[19.979862,50.080579],[19.979823,50.080627],[19.979736,50.080598]]]}},{"type":"Feature","id":"w1197781760","properties":{"type":"outbuilding","levels":1.0,"residential":false,"residents_est":0,"h3_10":"8a1e2e6a230ffff","h3_11":"8b1e2e6a230efff"},"geometry":{"type":"Polygon","coordinates":[[[19.978131,50.081245],[19.978151,50.081209],[19.978232,50.081227],[19.978213,50.081262],[19.978131,50.081245]]]}},{"type":"Feature","id":"w1211593037","properties":{"type":"service","residential":false,"residents_est":0,"h3_10":"8a1e2e6a22effff","h3_11":"8b1e2e6a22ecfff"},"geometry":{"type":"Polygon","coordinates":[[[19.982813,50.077533],[19.982851,50.077483],[19.982931,50.077508],[19.982894,50.077558],[19.982813,50.077533]]]}},{"type":"Feature","id":"w1211932046","properties":{"type":"service","residential":false,"residents_est":0,"h3_10":"8a1e2e6a2387fff","h3_11":"8b1e2e6a2386fff"},"geometry":{"type":"Polygon","coordinates":[[[19.973391,50.078862],[19.973448,50.07883],[19.973494,50.078863],[19.973437,50.078895],[19.973391,50.078862]]]}},{"type":"Feature","id":"w1271564782","properties":{"type":"yes","residential":false,"residents_est":0,"h3_10":"8a1e2e6a2287fff","h3_11":"8b1e2e6a2284fff"},"geometry":{"type":"Polygon","coordinates":[[[19.976773,50.076923],[19.976779,50.076903],[19.976809,50.076886],[19.976841,50.07689],[19.976854,50.076914],[19.976852,50.076933],[19.976841,50.076951],[19.976817,50.076959],[19.976789,50.076951],[19.976776,50.076938],[19.976773,50.076923]]]}},{"type":"Feature","id":"w1314773358","properties":{"type":"apartments","levels":5.0,"address":"Ułanów 58","residential":true,"residents_est":64,"h3_10":"8a1e2e6a222ffff","h3_11":"8b1e2e6a2228fff"},"geometry":{"type":"Polygon","coordinates":[[[19.980839,50.079703],[19.980963,50.079529],[19.981054,50.079556],[19.981023,50.079604],[19.981195,50.07965],[19.981281,50.079546],[19.981518,50.079613],[19.981336,50.079776],[19.981238,50.079905],[19.981072,50.079857],[19.981156,50.079744],[19.981054,50.079714],[19.981031,50.079741],[19.980957,50.079718],[19.980943,50.079736],[19.980839,50.079703]]]}},{"type":"Feature","id":"w1433548093","properties":{"type":"service","levels":1.0,"residential":false,"residents_est":0,"h3_10":"8a1e2e6a2217fff","h3_11":"8b1e2e6a2214fff"},"geometry":{"type":"Polygon","coordinates":[[[19.97769,50.078557],[19.977759,50.078553],[19.977763,50.078582],[19.977694,50.078586],[19.97769,50.078557]]]}},{"type":"Feature","id":"w1433548127","properties":{"type":"service","residential":false,"residents_est":0,"h3_10":"8a1e2e6a23affff","h3_11":"8b1e2e6a23a8fff"},"geometry":{"type":"Polygon","coordinates":[[[19.975698,50.079776],[19.975781,50.079771],[19.975787,50.079812],[19.975704,50.079816],[19.975698,50.079776]]]}},{"type":"Feature","id":"w1452565725","properties":{"type":"yes","residential":false,"residents_est":0,"h3_10":"8a1e2e6a22c7fff","h3_11":"8b1e2e6a22c4fff"},"geometry":{"type":"Polygon","coordinates":[[[19.981377,50.076717],[19.981404,50.076683],[19.981478,50.076707],[19.98145,50.076741],[19.981377,50.076717]]]}},{"type":"Feature","id":"w1452565748","properties":{"type":"yes","residential":false,"residents_est":0,"h3_10":"8a1e2e6a220ffff","h3_11":"8b1e2e6a220bfff"},"geometry":{"type":"Polygon","coordinates":[[[19.981771,50.07826],[19.9818,50.078223],[19.98187,50.078246],[19.981841,50.078283],[19.981771,50.07826]]]}},{"type":"Feature","id":"w1452565755","properties":{"type":"yes","residential":false,"residents_est":0,"h3_10":"8a1e2e6a22dffff","h3_11":"8b1e2e6a22dafff"},"geometry":{"type":"Polygon","coordinates":[[[19.981798,50.074722],[19.981891,50.074718],[19.981895,50.074761],[19.981802,50.074764],[19.981798,50.074722]]]}},{"type":"Feature","id":"w1527657200","properties":{"type":"service","levels":1.0,"residential":false,"residents_est":0,"h3_10":"8a1e2e6a22c7fff","h3_11":"8b1e2e6a22c1fff"},"geometry":{"type":"Polygon","coordinates":[[[19.98246,50.076412],[19.982485,50.07638],[19.982563,50.076404],[19.982539,50.076437],[19.98246,50.076412]]]}},{"type":"Feature","id":"w1550750992","properties":{"type":"yes","residential":true,"residents_est":2,"h3_10":"8a1e2e6a2287fff","h3_11":"8b1e2e6a2284fff"},"geometry":{"type":"Polygon","coordinates":[[[19.97679,50.076656],[19.976903,50.076599],[19.977002,50.076682],[19.976888,50.076738],[19.97679,50.076656]]]}}]}