{"type":"FeatureCollection","features":[{"type":"Feature","id":"w104261267","properties":{"type":"yes","levels":2.0,"residential":true,"residents_est":1,"h3_10":"8a1e2e6b31b7fff","h3_11":"8b1e2e6b31b2fff"},"geometry":{"type":"Polygon","coordinates":[[[19.924339,50.045266],[19.924491,50.045216],[19.924574,50.04533],[19.924432,50.045379],[19.924339,50.045266]]]}},{"type":"Feature","id":"w104382105","properties":{"type":"residential","levels":1.0,"name":"Rogatka w Zakrzówku","residential":true,"residents_est":1,"h3_10":"8a1e2e6b3197fff","h3_11":"8b1e2e6b3195fff"},"geometry":{"type":"Polygon","coordinates":[[[19.925644,50.045151],[19.925757,50.045023],[19.925857,50.045059],[19.925743,50.045187],[19.925644,50.045151]]]}},{"type":"Feature","id":"w104651325","properties":{"type":"apartments","levels":11.0,"address":"Komandosów 14","residential":true,"residents_est":42,"h3_10":"8a1e2e6b308ffff","h3_11":"8b1e2e6b308efff"},"geometry":{"type":"Polygon","coordinates":[[[19.929981,50.042519],[19.930021,50.042412],[19.930037,50.042414],[19.930053,50.042372],[19.930038,50.042369],[19.93004,50.042364],[19.930054,50.042366],[19.93007,50.042324],[19.930014,50.042316],[19.930025,50.042289],[19.93008,50.042298],[19.930083,50.042289],[19.930038,50.042282],[19.93007,50.042196],[19.930081,50.042198],[19.930077,50.042209],[19.930142,50.042219],[19.930147,50.042208],[19.930159,50.04221],[19.930155,50.042221],[19.930178,50.042225],[19.930182,50.042214],[19.930194,50.042216],[19.930189,50.042227],[19.930257,50.042238],[19.93026,50.042228],[19.930271,50.042229],[19.930212,50.042395],[19.930197,50.042392],[19.930184,50.042428],[19.930241,50.042436],[19.93023,50.042467],[19.930176,50.042459],[19.930172,50.042468],[19.930216,50.042474],[19.930184,50.042551],[19.929981,50.042519]]]}},{"type":"Feature","id":"w104651326","properties":{"type":"apartments","levels":9.0,"address":"Komandosów 16","residential":true,"residents_est":34,"h3_10":"8a1e2e6b308ffff","h3_11":"8b1e2e6b308bfff"},"geometry":{"type":"Polygon","coordinates":[[[19.930871,50.042185],[19.930912,50.042079],[19.930926,50.042082],[19.930944,50.042037],[19.930929,50.042035],[19.930932,50.042028],[19.930945,50.04203],[19.930959,50.041994],[19.930906,50.041986],[19.930916,50.041959],[19.930972,50.041968],[19.930976,50.041956],[19.930929,50.041949],[19.930963,50.041864],[19.930974,50.041866],[19.93097,50.041876],[19.931038,50.041887],[19.931042,50.041877],[19.931053,50.041878],[19.931049,50.041889],[19.931074,50.041893],[19.931078,50.041882],[19.931089,50.041884],[19.931084,50.041895],[19.931151,50.041906],[19.931155,50.041897],[19.931163,50.041898],[19.931099,50.042061],[19.931083,50.042058],[19.931068,50.042096],[19.931123,50.042105],[19.931112,50.042132],[19.931057,50.042123],[19.931052,50.042135],[19.9311,50.042142],[19.931071,50.042218],[19.930871,50.042185]]]}},{"type":"Feature","id":"w104651327","properties":{"type":"apartments","levels":5.0,"address":"Komandosów 12","residential":true,"residents_est":33,"h3_10":"8a1e2e6b308ffff","h3_11":"8b1e2e6b308cfff"},"geometry":{"type":"Polygon","coordinates":[[[19.929634,50.042849],[19.929674,50.042756],[19.930733,50.042925],[19.930695,50.04302],[19.929634,50.042849]]]}},{"type":"Feature","id":"w104651328","properties":{"type":"apartments","levels":5.0,"address":"Komandosów 10","residential":true,"residents_est":45,"h3_10":"8a1e2e6b30affff","h3_11":"8b1e2e6b30aafff"},"geometry":{"type":"Polygon","coordinates":[[[19.92908,50.043108],[19.929117,50.043017],[19.930606,50.043259],[19.930571,50.043354],[19.92908,50.043108]]]}},{"type":"Feature","id":"w104651329","properties":{"type":"supermarket","address":"Komandosów 8","residential":false,"residents_est":0,"h3_10":"8a1e2e6b30affff","h3_11":"8b1e2e6b30aefff"},"geometry":{"type":"Polygon","coordinates":[[[19.929624,50.043758],[19.929748,50.04344],[19.930247,50.043524],[19.930122,50.043838],[19.929624,50.043758]]]}},{"type":"Feature","id":"w104652068","properties":{"type":"apartments","levels":5.0,"address":"Słomiana 1","residential":true,"residents_est":29,"h3_10":"8a1e2e6b319ffff","h3_11":"8b1e2e6b319efff"},"geometry":{"type":"Polygon","coordinates":[[[19.92569,50.044294],[19.925732,50.044173],[19.92588,50.044196],[19.925875,50.044209],[19.925939,50.044219],[19.925944,50.044206],[19.926084,50.044228],[19.926079,50.044241],[19.926143,50.044251],[19.926148,50.044238],[19.926285,50.04426],[19.92628,50.044273],[19.926346,50.044283],[19.926351,50.04427],[19.926512,50.044296],[19.926481,50.044379],[19.926458,50.044375],[19.926443,50.044412],[19.92569,50.044294]]]}},{"type":"Feature","id":"w104652071","properties":{"type":"nursery","levels":2.0,"address":"Słomiana 7","residential":false,"residents_est":0,"h3_10":"8a1e2e6b30b7fff","h3_11":"8b1e2e6b30b6fff"},"geometry":{"type":"Polygon","coordinates":[[[19.926225,50.043334],[19.926246,50.043279],[19.926254,50.04328],[19.926274,50.043225],[19.926897,50.043322],[19.926856,50.043432],[19.926532,50.043381],[19.926523,50.043404],[19.92646,50.043394],[19.926469,50.043372],[19.926225,50.043334]]]}},{"type":"Feature","id":"w104652072","properties":{"type":"apartments","levels":5.0,"address":"Słomiana 9","residential":true,"residents_est":51,"h3_10":"8a1e2e6b30b7fff","h3_11":"8b1e2e6b30b2fff"},"geometry":{"type":"Polygon","coordinates":[[[19.926367,50.042791],[19.926403,50.042699],[19.928109,50.042972],[19.928074,50.043064],[19.926367,50.042791]]]}},{"type":"Feature","id":"w104652073","properties":{"type":"apartments","levels":5.0,"address":"Słomiana 11","residential":true,"residents_est":32,"h3_10":"8a1e2e6b3097fff","h3_11":"8b1e2e6b3094fff"},"geometry":{"type":"Polygon","coordinates":[[[19.926568,50.042438],[19.926604,50.042346],[19.927666,50.042518],[19.927631,50.04261],[19.926568,50.042438]]]}},{"type":"Feature","id":"w104654081","properties":{"type":"apartments","levels":3.0,"address":"Szwedzka 74","residential":true,"residents_est":6,"h3_10":"8a1e2e6b30a7fff","h3_11":"8b1e2e6b30a2fff"},"geometry":{"type":"Polygon","coordinates":[[[19.928275,50.043451],[19.928359,50.043395],[19.928641,50.043576],[19.928584,50.043612],[19.928562,50.043598],[19.928533,50.043616],[19.928275,50.043451]]]}},{"type":"Feature","id":"w104654082","properties":{"type":"house","levels":2.0,"address":"Szwedzka 72","residential":true,"residents_est":2,"h3_10":"8a1e2e6b30a7fff","h3_11":"8b1e2e6b30a2fff"},"geometry":{"type":"Polygon","coordinates":[[[19.928147,50.043536],[19.928275,50.043451],[19.928391,50.043525],[19.928382,50.043532],[19.928362,50.043519],[19.928248,50.043598],[19.928147,50.043536]]]}},{"type":"Feature","id":"w104654084","properties":{"type":"apartments","levels":3.0,"address":"Szwedzka 70","residential":true,"residents_est":4,"h3_10":"8a1e2e6b30a7fff","h3_11":"8b1e2e6b30a2fff"},"geometry":{"type":"Polygon","coordinates":[[[19.928002,50.043632],[19.928147,50.043536],[19.928268,50.04361],[19.928122,50.043707],[19.928002,50.043632]]]}},{"type":"Feature","id":"w104654086","properties":{"type":"house","levels":3.0,"address":"Szwedzka 68","name":"Przedszkole Montessori","residential":false,"residents_est":0,"h3_10":"8a1e2e6b30a7fff","h3_11":"8b1e2e6b30a6fff"},"geometry":{"type":"Polygon","coordinates":[[[19.927882,50.043708],[19.928002,50.043632],[19.928122,50.043707],[19.928004,50.043782],[19.927882,50.043708]]]}},{"type":"Feature","id":"w104654088","properties":{"type":"apartments","levels":5.0,"address":"Komandosów 6","residential":true,"residents_est":65,"h3_10":"8a1e2e6b30a7fff","h3_11":"8b1e2e6b30a0fff"},"geometry":{"type":"Polygon","coordinates":[[[19.928079,50.04394],[19.928116,50.043846],[19.930247,50.044195],[19.930211,50.044287],[19.928079,50.04394]]]}},{"type":"Feature","id":"w104654090","properties":{"type":"apartments","levels":5.0,"address":"Komandosów 4","residential":true,"residents_est":78,"h3_10":"8a1e2e6b318ffff","h3_11":"8b1e2e6b318bfff"},"geometry":{"type":"Polygon","coordinates":[[[19.927514,50.044247],[19.92755,50.044153],[19.930101,50.04456],[19.930065,50.044654],[19.927514,50.044247]]]}},{"type":"Feature","id":"w104654091","properties":{"type":"apartments","levels":5.0,"address":"Komandosów 2","residential":true,"residents_est":64,"h3_10":"8a1e2e6b318ffff","h3_11":"8b1e2e6b318bfff"},"geometry":{"type":"Polygon","coordinates":[[[19.927789,50.044671],[19.927824,50.044579],[19.928462,50.044681],[19.928473,50.044652],[19.929963,50.044892],[19.929927,50.044983],[19.928437,50.044744],[19.928425,50.044773],[19.927789,50.044671]]]}},{"type":"Feature","id":"w104657442","properties":{"type":"retail","levels":2.0,"address":"Komandosów 1","residential":false,"residents_est":0,"h3_10":"8a1e2e6b3037fff","h3_11":"8b1e2e6b3031fff"},"geometry":{"type":"Polygon","coordinates":[[[19.930296,50.045622],[19.93034,50.045509],[19.931085,50.04563],[19.931041,50.045743],[19.930296,50.045622]]]}},{"type":"Feature","id":"w104657445","properties":{"type":"apartments","levels":5.0,"address":"Komandosów 3","residential":true,"residents_est":64,"h3_10":"8a1e2e6b3007fff","h3_11":"8b1e2e6b3006fff"},"geometry":{"type":"Polygon","coordinates":[[[19.930189,50.04529],[19.930235,50.045181],[19.932004,50.045461],[19.931955,50.045571],[19.930189,50.04529]]]}},{"type":"Feature","id":"w104657452","properties":{"type":"apartments","levels":5.0,"address":"Komandosów 5","residential":true,"residents_est":38,"h3_10":"8a1e2e6b3017fff","h3_11":"8b1e2e6b3015fff"},"geometry":{"type":"Polygon","coordinates":[[[19.930332,50.044946],[19.930375,50.044835],[19.93143,50.045003],[19.931387,50.045114],[19.930332,50.044946]]]}},{"type":"Feature","id":"w104657453","properties":{"type":"apartments","levels":5.0,"address":"Komandosów 7","residential":true,"residents_est":52,"h3_10":"8a1e2e6b3017fff","h3_11":"8b1e2e6b3011fff"},"geometry":{"type":"Polygon","coordinates":[[[19.930459,50.044594],[19.930507,50.044481],[19.931913,50.04471],[19.93187,50.044823],[19.930459,50.044594]]]}},{"type":"Feature","id":"w104657459","properties":{"type":"apartments","levels":11.0,"address":"Komandosów 11","residential":true,"residents_est":41,"h3_10":"8a1e2e6b301ffff","h3_11":"8b1e2e6b3018fff"},"geometry":{"type":"Polygon","coordinates":[[[19.932087,50.04434],[19.932127,50.044235],[19.932143,50.044237],[19.93216,50.044194],[19.932142,50.044191],[19.932144,50.044185],[19.932162,50.044187],[19.932176,50.04415],[19.932117,50.044141],[19.932127,50.044114],[19.932186,50.044123],[19.93219,50.044111],[19.932141,50.044103],[19.932174,50.044015],[19.932186,50.044017],[19.932182,50.044027],[19.932245,50.044037],[19.932249,50.044027],[19.932273,50.044037],[19.932301,50.044035],[19.932297,50.044046],[19.932359,50.044055],[19.932363,50.044045],[19.932376,50.044047],[19.93233,50.044164],[19.932319,50.044162],[19.932302,50.044209],[19.932318,50.044211],[19.932316,50.044216],[19.9323,50.044213],[19.932286,50.044251],[19.932341,50.04426],[19.932331,50.044286],[19.932276,50.044278],[19.932272,50.044289],[19.932315,50.044295],[19.932287,50.044373],[19.932211,50.044361],[19.932207,50.044371],[19.932172,50.044361],[19.93217,50.044366],[19.932159,50.044364],[19.932164,50.044353],[19.932087,50.04434]]]}},{"type":"Feature","id":"w104657463","properties":{"type":"apartments","levels":5.0,"address":"Komandosów 19","residential":true,"residents_est":67,"h3_10":"8a1e2e6b30f7fff","h3_11":"8b1e2e6b30f0fff"},"geometry":{"type":"Polygon","coordinates":[[[19.931019,50.043159],[19.931062,50.043045],[19.932835,50.043325],[19.93279,50.043442],[19.931019,50.043159]]]}},{"type":"Feature","id":"w104657466","properties":{"type":"apartments","levels":5.0,"address":"Komandosów 17","residential":true,"residents_est":87,"h3_10":"8a1e2e6b30f7fff","h3_11":"8b1e2e6b30f4fff"},"geometry":{"type":"Polygon","coordinates":[[[19.930868,50.043542],[19.930913,50.043426],[19.933213,50.043788],[19.93317,50.043904],[19.930868,50.043542]]]}},{"type":"Feature","id":"w104657468","properties":{"type":"apartments","levels":5.0,"address":"Komandosów 15","residential":true,"residents_est":40,"h3_10":"8a1e2e6b301ffff","h3_11":"8b1e2e6b301afff"},"geometry":{"type":"Polygon","coordinates":[[[19.930729,50.04389],[19.930775,50.043775],[19.931835,50.043942],[19.931794,50.044057],[19.930729,50.04389]]]}},{"type":"Feature","id":"w104657469","properties":{"type":"kindergarten","levels":2.0,"address":"Komandosów 13","name":"Samorządowe Przedszkole numer 127 imienia Koszałka Opałka","residential":false,"residents_est":0,"h3_10":"8a1e2e6b301ffff","h3_11":"8b1e2e6b301efff"},"geometry":{"type":"Polygon","coordinates":[[[19.930731,50.044289],[19.930774,50.044181],[19.930994,50.044215],[19.930974,50.044267],[19.931209,50.044305],[19.931165,50.044416],[19.930924,50.044376],[19.930943,50.044325],[19.930731,50.044289]]]}},{"type":"Feature","id":"w104657470","properties":{"type":"apartments","levels":5.0,"residential":true,"residents_est":12,"h3_10":"8a1e2e6b3007fff","h3_11":"8b1e2e6b3005fff"},"geometry":{"type":"Polygon","coordinates":[[[19.931486,50.045871],[19.931557,50.045657],[19.931728,50.045674],[19.931657,50.04589],[19.931486,50.045871]]]}},{"type":"Feature","id":"w104657471","properties":{"type":"yes","levels":5.0,"name":"Urząd Pocztowy Kraków 54","residential":false,"residents_est":0,"h3_10":"8a1e2e6b3007fff","h3_11":"8b1e2e6b3004fff"},"geometry":{"type":"Polygon","coordinates":[[[19.931168,50.045901],[19.931364,50.045895],[19.931367,50.045999],[19.931174,50.046005],[19.931168,50.045901]]]}},{"type":"Feature","id":"w104657479","properties":{"type":"house","levels":2.0,"name":"Retro Strefa","residential":true,"residents_est":2,"h3_10":"8a1e2e6b300ffff","h3_11":"8b1e2e6b300efff"},"geometry":{"type":"Polygon","coordinates":[[[19.932599,50.045048],[19.932642,50.044941],[19.932798,50.044967],[19.932756,50.045074],[19.932599,50.045048]]]}},{"type":"Feature","id":"w104662473","properties":{"type":"apartments","address":"Komandosów 27","residential":true,"residents_est":19,"h3_10":"8a1e2e6b30d7fff","h3_11":"8b1e2e6b30d0fff"},"geometry":{"type":"Polygon","coordinates":[[[19.932602,50.042285],[19.932642,50.042176],[19.932649,50.042177],[19.932666,50.042133],[19.932654,50.042131],[19.932657,50.042125],[19.932673,50.042127],[19.932687,50.04209],[19.93263,50.042081],[19.93264,50.042055],[19.932697,50.042064],[19.932701,50.042052],[19.932656,50.042045],[19.932688,50.041959],[19.932699,50.041961],[19.932695,50.041971],[19.932764,50.041981],[19.932768,50.041971],[19.932776,50.041973],[19.932774,50.041978],[19.9328,50.041983],[19.932803,50.041976],[19.932812,50.041978],[19.932807,50.04199],[19.932875,50.042],[19.932879,50.041989],[19.93289,50.041991],[19.932846,50.042108],[19.932833,50.042106],[19.932817,50.042151],[19.932832,50.042153],[19.932829,50.042159],[19.932816,50.042158],[19.932802,50.042195],[19.932858,50.042203],[19.932848,50.04223],[19.932792,50.042221],[19.932788,50.042232],[19.932832,50.042239],[19.932803,50.042316],[19.932724,50.042304],[19.93272,50.042315],[19.932698,50.042305],[19.932674,50.042307],[19.932678,50.042296],[19.932602,50.042285]]]}},{"type":"Feature","id":"w104662475","properties":{"type":"apartments","levels":11.0,"address":"Komandosów 25","residential":true,"residents_est":41,"h3_10":"8a1e2e6b30c7fff","h3_11":"8b1e2e6b30c6fff"},"geometry":{"type":"Polygon","coordinates":[[[19.93295,50.042851],[19.93299,50.042745],[19.933004,50.042748],[19.933021,50.042701],[19.933006,50.042699],[19.933008,50.042694],[19.933025,50.042697],[19.933039,50.042659],[19.932981,50.04265],[19.932991,50.042624],[19.933047,50.042633],[19.933052,50.042621],[19.933004,50.042614],[19.933034,50.042535],[19.933048,50.042538],[19.933044,50.042548],[19.933115,50.042559],[19.933119,50.042547],[19.933138,50.042557],[19.933164,50.042554],[19.93316,50.042564],[19.933225,50.042575],[19.93323,50.042563],[19.93324,50.042565],[19.933199,50.042674],[19.933182,50.042671],[19.933165,50.042717],[19.933183,50.04272],[19.933181,50.042725],[19.933163,50.042722],[19.933148,50.04276],[19.933207,50.042769],[19.933196,50.042796],[19.933137,50.042786],[19.933132,50.0428],[19.933183,50.042808],[19.933153,50.042884],[19.933073,50.042872],[19.933069,50.042883],[19.933055,50.042881],[19.933058,50.042875],[19.933032,50.042871],[19.93303,50.042877],[19.933014,50.042875],[19.933019,50.042862],[19.93295,50.042851]]]}},{"type":"Feature","id":"w104662477","properties":{"type":"apartments","levels":11.0,"address":"Komandosów 23","residential":true,"residents_est":39,"h3_10":"8a1e2e6b30c7fff","h3_11":"8b1e2e6b30c4fff"},"geometry":{"type":"Polygon","coordinates":[[[19.933263,50.043449],[19.933301,50.043345],[19.933315,50.043347],[19.933332,50.0433],[19.933318,50.043297],[19.93332,50.04329],[19.933335,50.043292],[19.933365,50.043214],[19.93332,50.043207],[19.933351,50.043122],[19.933358,50.043123],[19.933354,50.043134],[19.933424,50.043144],[19.933427,50.043136],[19.933436,50.043137],[19.933432,50.043146],[19.933462,50.043151],[19.933466,50.043141],[19.933473,50.043143],[19.93347,50.043152],[19.933539,50.043163],[19.933542,50.043153],[19.93355,50.043154],[19.933506,50.043272],[19.933491,50.04327],[19.933475,50.043314],[19.933489,50.043316],[19.933486,50.043324],[19.933472,50.043322],[19.933443,50.043398],[19.933487,50.043405],[19.933459,50.043479],[19.933383,50.043468],[19.933379,50.043478],[19.933362,50.043468],[19.933347,50.043466],[19.933345,50.043473],[19.933337,50.043472],[19.933341,50.043461],[19.933263,50.043449]]]}},{"type":"Feature","id":"w104662478","properties":{"type":"retail","levels":2.0,"address":"Komandosów 21","residential":false,"residents_est":0,"h3_10":"8a1e2e6b30f7fff","h3_11":"8b1e2e6b30f2fff"},"geometry":{"type":"Polygon","coordinates":[[[19.931537,50.042872],[19.931584,50.042754],[19.932369,50.042881],[19.932389,50.04283],[19.932368,50.042827],[19.93237,50.042822],[19.932544,50.042851],[19.932519,50.042913],[19.932513,50.042912],[19.932515,50.042906],[19.932497,50.042903],[19.932452,50.043018],[19.931537,50.042872]]]}},{"type":"Feature","id":"w104662481","properties":{"type":"school","levels":3.0,"residential":false,"residents_est":0,"h3_10":"8a1e2e6b308ffff","h3_11":"8b1e2e6b3089fff"},"geometry":{"type":"Polygon","coordinates":[[[19.931296,50.042443],[19.931338,50.042333],[19.932123,50.042456],[19.932067,50.042603],[19.931928,50.042581],[19.931942,50.042544],[19.93158,50.042488],[19.931583,50.04248],[19.931514,50.042469],[19.931511,50.042477],[19.931296,50.042443]]]}},{"type":"Feature","id":"w104662494","properties":{"type":"hotel","levels":8.0,"address":"Marii Konopnickiej 33","name":"Hilton Garden Inn Krakow","residential":false,"residents_est":0,"h3_10":"8a1e2e6b30e7fff","h3_11":"8b1e2e6b30e1fff"},"geometry":{"type":"Polygon","coordinates":[[[19.933796,50.044292],[19.934186,50.043762],[19.934347,50.043811],[19.934324,50.043845],[19.934344,50.043851],[19.934272,50.043951],[19.934304,50.043959],[19.934255,50.04411],[19.934239,50.044106],[19.934191,50.044173],[19.934127,50.04415],[19.934062,50.044239],[19.934207,50.044258],[19.934173,50.044362],[19.933904,50.044325],[19.933796,50.044292]]]}},{"type":"Feature","id":"w106768034","properties":{"type":"apartments","levels":2.0,"address":"Twardowskiego 39","residential":true,"residents_est":2,"h3_10":"8a1e2e6b3187fff","h3_11":"8b1e2e6b3180fff"},"geometry":{"type":"Polygon","coordinates":[[[19.926413,50.045328],[19.926482,50.045239],[19.926645,50.045292],[19.926583,50.045383],[19.926413,50.045328]]]}},{"type":"Feature","id":"w106768035","properties":{"type":"yes","levels":2.0,"address":"Twardowskiego 41","name":"999 Aparthostel","residential":true,"residents_est":1,"h3_10":"8a1e2e6b3187fff","h3_11":"8b1e2e6b3182fff"},"geometry":{"type":"Polygon","coordinates":[[[19.926225,50.04525],[19.926289,50.045154],[19.926445,50.045198],[19.926381,50.045294],[19.926225,50.04525]]]}},{"type":"Feature","id":"w106768036","properties":{"type":"yes","levels":3.0,"address":"Szwedzka 48","residential":true,"residents_est":4,"h3_10":"8a1e2e6b3187fff","h3_11":"8b1e2e6b3186fff"},"geometry":{"type":"Polygon","coordinates":[[[19.925814,50.045356],[19.925884,50.045283],[19.925911,50.045274],[19.926021,50.045303],[19.925995,50.045344],[19.926278,50.045419],[19.926286,50.045406],[19.926295,50.04541],[19.926248,50.045484],[19.926209,50.045496],[19.926167,50.045484],[19.926154,50.045468],[19.926125,50.045474],[19.926084,50.045462],[19.926071,50.045445],[19.926039,50.045451],[19.926,50.04544],[19.925985,50.045422],[19.925831,50.045381],[19.925842,50.045364],[19.925814,50.045356]]]}},{"type":"Feature","id":"w106768037","properties":{"type":"yes","levels":1.0,"address":"Szwedzka 44","residential":true,"residents_est":1,"h3_10":"8a1e2e6b31b7fff","h3_11":"8b1e2e6b31b1fff"},"geometry":{"type":"Polygon","coordinates":[[[19.925744,50.045828],[19.925804,50.045725],[19.925815,50.045729],[19.925833,50.045704],[19.925889,50.045721],[19.925871,50.045745],[19.925988,50.04578],[19.926005,50.045757],[19.926045,50.045768],[19.925959,50.045887],[19.925919,50.045875],[19.925924,50.045868],[19.925744,50.045828]]]}},{"type":"Feature","id":"w106768038","properties":{"type":"yes","levels":2.0,"address":"Monte Cassino 16","residential":true,"residents_est":2,"h3_10":"8a1e2e6b31a7fff","h3_11":"8b1e2e6b31a0fff"},"geometry":{"type":"Polygon","coordinates":[[[19.92614,50.046554],[19.926158,50.046521],[19.92614,50.046517],[19.926155,50.04649],[19.926172,50.046494],[19.926216,50.04642],[19.926312,50.046443],[19.926319,50.046431],[19.926369,50.046443],[19.926285,50.04659],[19.92614,50.046554]]]}},{"type":"Feature","id":"w106768039","properties":{"type":"civic","levels":3.0,"address":"Szwedzka 42","residential":false,"residents_est":0,"h3_10":"8a1e2e6b31a7fff","h3_11":"8b1e2e6b31a2fff"},"geometry":{"type":"Polygon","coordinates":[[[19.925394,50.046114],[19.925441,50.04603],[19.925449,50.046032],[19.925543,50.045865],[19.925724,50.045908],[19.925657,50.046027],[19.92567,50.04603],[19.925649,50.046066],[19.925644,50.046065],[19.925591,50.04616],[19.925394,50.046114]]]}},{"type":"Feature","id":"w106768040","properties":{"type":"yes","levels":3.0,"address":"Szwedzka 38","residential":true,"residents_est":2,"h3_10":"8a1e2e6b31a7fff","h3_11":"8b1e2e6b31a6fff"},"geometry":{"type":"Polygon","coordinates":[[[19.925285,50.046307],[19.925329,50.04623],[19.925493,50.046268],[19.925447,50.046349],[19.92543,50.046355],[19.925358,50.046338],[19.925365,50.046326],[19.925285,50.046307]]]}},{"type":"Feature","id":"w106768041","properties":{"type":"apartments","levels":3.0,"address":"Monte Cassino 18","residential":true,"residents_est":2,"h3_10":"8a1e2e6b31a7fff","h3_11":"8b1e2e6b31a0fff"},"geometry":{"type":"Polygon","coordinates":[[[19.925916,50.04661],[19.925965,50.046517],[19.926087,50.04654],[19.926046,50.046636],[19.925916,50.04661]]]}},{"type":"Feature","id":"w107562373","properties":{"type":"apartments","levels":3.0,"address":"Szwedzka 52","residential":true,"residents_est":8,"h3_10":"8a1e2e6b3187fff","h3_11":"8b1e2e6b3182fff"},"geometry":{"type":"Polygon","coordinates":[[[19.926223,50.044983],[19.92624,50.044958],[19.926228,50.044955],[19.926292,50.044862],[19.926436,50.044904],[19.926404,50.044951],[19.926607,50.045008],[19.92655,50.045093],[19.926262,50.045011],[19.926267,50.045004],[19.92623,50.044993],[19.926223,50.044983]]]}},{"type":"Feature","id":"w107562379","properties":{"type":"apartments","levels":2.0,"address":"Szwedzka 54","residential":true,"residents_est":2,"h3_10":"8a1e2e6b3187fff","h3_11":"8b1e2e6b3182fff"},"geometry":{"type":"Polygon","coordinates":[[[19.926292,50.044862],[19.926332,50.044815],[19.926519,50.04487],[19.926539,50.04484],[19.926671,50.044878],[19.926648,50.044913],[19.926578,50.044893],[19.926555,50.044926],[19.926489,50.044907],[19.926482,50.044917],[19.926292,50.044862]]]}},{"type":"Feature","id":"w107562383","properties":{"type":"detached","levels":2.0,"residential":true,"residents_est":2,"h3_10":"8a1e2e6b3187fff","h3_11":"8b1e2e6b3183fff"},"geometry":{"type":"Polygon","coordinates":[[[19.926751,50.044888],[19.926806,50.044814],[19.927009,50.044881],[19.926952,50.044955],[19.926751,50.044888]]]}},{"type":"Feature","id":"w107562387","properties":{"type":"yes","levels":1.0,"address":"Twardowskiego 44","residential":true,"residents_est":0,"h3_10":"8a1e2e6b3187fff","h3_11":"8b1e2e6b3183fff"},"geometry":{"type":"Polygon","coordinates":[[[19.926679,50.045135],[19.92674,50.045044],[19.926819,50.045069],[19.926755,50.045156],[19.926679,50.045135]]]}},{"type":"Feature","id":"w107562393","properties":{"type":"yes","levels":1.0,"address":"Twardowskiego 42","residential":true,"residents_est":0,"h3_10":"8a1e2e6b3187fff","h3_11":"8b1e2e6b3183fff"},"geometry":{"type":"Polygon","coordinates":[[[19.92686,50.045015],[19.92689,50.044973],[19.927076,50.045035],[19.927042,50.045074],[19.92686,50.045015]]]}},{"type":"Feature","id":"w107562397","properties":{"type":"house","levels":1.0,"address":"Dworska 11","residential":true,"residents_est":1,"h3_10":"8a1e2e6b3187fff","h3_11":"8b1e2e6b3183fff"},"geometry":{"type":"Polygon","coordinates":[[[19.926968,50.044999],[19.927059,50.044891],[19.927109,50.044914],[19.927054,50.044973],[19.927275,50.04505],[19.927238,50.045091],[19.926968,50.044999]]]}},{"type":"Feature","id":"w107562402","properties":{"type":"detached","levels":1.0,"address":"Twardowskiego 40","residential":true,"residents_est":1,"h3_10":"8a1e2e6b3187fff","h3_11":"8b1e2e6b3183fff"},"geometry":{"type":"Polygon","coordinates":[[[19.92698,50.045217],[19.927047,50.045145],[19.927151,50.045184],[19.927084,50.045257],[19.92698,50.045217]]]}},{"type":"Feature","id":"w107562405","properties":{"type":"apartments","levels":1.0,"residential":true,"residents_est":1,"h3_10":"8a1e2e6b3187fff","h3_11":"8b1e2e6b3181fff"},"geometry":{"type":"Polygon","coordinates":[[[19.927232,50.045312],[19.927316,50.045217],[19.927461,50.045272],[19.927378,50.045366],[19.927232,50.045312]]]}},{"type":"Feature","id":"w107562411","properties":{"type":"apartments","levels":3.0,"residential":true,"residents_est":3,"h3_10":"8a1e2e6b318ffff","h3_11":"8b1e2e6b318cfff"},"geometry":{"type":"Polygon","coordinates":[[[19.927543,50.045428],[19.927636,50.045327],[19.927677,50.04534],[19.927662,50.045358],[19.92775,50.045386],[19.927784,50.045354],[19.927813,50.045365],[19.927704,50.045482],[19.927543,50.045428]]]}},{"type":"Feature","id":"w107562414","properties":{"type":"detached","levels":1.0,"address":"Twardowskiego 35","residential":true,"residents_est":1,"h3_10":"8a1e2e6b3187fff","h3_11":"8b1e2e6b3181fff"},"geometry":{"type":"Polygon","coordinates":[[[19.927016,50.045543],[19.927112,50.04544],[19.92726,50.045498],[19.927163,50.045601],[19.927016,50.045543]]]}},{"type":"Feature","id":"w107562419","properties":{"type":"apartments","levels":5.0,"address":"Twardowskiego 33","residential":true,"residents_est":19,"h3_10":"8a1e2e6b31affff","h3_11":"8b1e2e6b31aafff"},"geometry":{"type":"Polygon","coordinates":[[[19.927121,50.045705],[19.927211,50.045603],[19.927289,50.045632],[19.927359,50.045555],[19.927658,50.045667],[19.927632,50.045693],[19.927641,50.045698],[19.927552,50.045797],[19.927208,50.045671],[19.927172,50.045712],[19.927177,50.045714],[19.92717,50.045722],[19.927121,50.045705]]]}},{"type":"Feature","id":"w107562424","properties":{"type":"apartments","levels":5.0,"address":"Mieszczańska 2","residential":true,"residents_est":20,"h3_10":"8a1e2e6b31affff","h3_11":"8b1e2e6b31aafff"},"geometry":{"type":"Polygon","coordinates":[[[19.927422,50.046004],[19.927627,50.045833],[19.927638,50.045837],[19.927648,50.045825],[19.92759,50.045805],[19.927582,50.045814],[19.927547,50.045802],[19.927641,50.045698],[19.927669,50.045708],[19.92766,50.045718],[19.927707,50.045735],[19.927729,50.045732],[19.927743,50.045737],[19.927747,50.04575],[19.927795,50.045767],[19.927804,50.045758],[19.927884,50.045788],[19.927794,50.045865],[19.927767,50.045865],[19.927712,50.045848],[19.927702,50.04586],[19.92777,50.045884],[19.927554,50.046068],[19.927422,50.046004]]]}},{"type":"Feature","id":"w107562427","properties":{"type":"yes","levels":4.0,"address":"Mieszczańska 4","residential":true,"residents_est":7,"h3_10":"8a1e2e6b31affff","h3_11":"8b1e2e6b31aefff"},"geometry":{"type":"Polygon","coordinates":[[[19.927017,50.046046],[19.927056,50.045949],[19.927119,50.045972],[19.927132,50.045959],[19.927249,50.046002],[19.927237,50.046016],[19.927325,50.046048],[19.927317,50.046056],[19.927348,50.046068],[19.927422,50.046004],[19.927554,50.046068],[19.92741,50.04619],[19.927017,50.046046]]]}},{"type":"Feature","id":"w107562429","properties":{"type":"yes","levels":5.0,"address":"Mieszczańska 18","residential":true,"residents_est":4,"h3_10":"8a1e2e6b31a7fff","h3_11":"8b1e2e6b31a5fff"},"geometry":{"type":"Polygon","coordinates":[[[19.926621,50.046811],[19.92666,50.046672],[19.926745,50.046689],[19.926849,50.046729],[19.926712,50.046854],[19.926621,50.046811]]]}},{"type":"Feature","id":"w107562432","properties":{"type":"yes","levels":3.0,"address":"Mieszczańska 12","residential":true,"residents_est":1,"h3_10":"8a1e2e6b31a7fff","h3_11":"8b1e2e6b31a1fff"},"geometry":{"type":"Polygon","coordinates":[[[19.926911,50.046454],[19.926969,50.046392],[19.926963,50.046373],[19.926941,50.046366],[19.926952,50.046354],[19.927146,50.046416],[19.927057,50.046496],[19.926911,50.046454]]]}},{"type":"Feature","id":"w107693150","properties":{"type":"yes","levels":2.0,"address":"Twardowskiego 25","residential":true,"residents_est":1,"h3_10":"8a1e2e6b31affff","h3_11":"8b1e2e6b31a9fff"},"geometry":{"type":"Polygon","coordinates":[[[19.928501,50.046091],[19.928626,50.045987],[19.928735,50.046042],[19.928653,50.04611],[19.928643,50.046104],[19.928632,50.046114],[19.928643,50.046121],[19.928613,50.046146],[19.928501,50.046091]]]}},{"type":"Feature","id":"w107693151","properties":{"type":"yes","residential":true,"residents_est":2,"h3_10":"8a1e2e6b31affff","h3_11":"8b1e2e6b31a9fff"},"geometry":{"type":"Polygon","coordinates":[[[19.928653,50.04611],[19.928735,50.046041],[19.928996,50.046174],[19.928913,50.046241],[19.928653,50.04611]]]}},{"type":"Feature","id":"w107693152","properties":{"type":"yes","levels":1.0,"address":"Mieszczańska 3","residential":true,"residents_est":0,"h3_10":"8a1e2e6b31affff","h3_11":"8b1e2e6b31a8fff"},"geometry":{"type":"Polygon","coordinates":[[[19.927933,50.046038],[19.928038,50.045969],[19.928158,50.046055],[19.928047,50.046119],[19.927933,50.046038]]]}},{"type":"Feature","id":"w107693153","properties":{"type":"yes","levels":4.0,"residential":true,"residents_est":5,"h3_10":"8a1e2e6b311ffff","h3_11":"8b1e2e6b311efff"},"geometry":{"type":"Polygon","coordinates":[[[19.928307,50.046801],[19.928387,50.046711],[19.92876,50.04685],[19.92868,50.046939],[19.928307,50.046801]]]}},{"type":"Feature","id":"w107693154","properties":{"type":"yes","levels":2.0,"address":"Mieszczańska 15","residential":true,"residents_est":1,"h3_10":"8a1e2e6b3117fff","h3_11":"8b1e2e6b3113fff"},"geometry":{"type":"Polygon","coordinates":[[[19.92807,50.046936],[19.928111,50.046881],[19.928179,50.046899],[19.928206,50.046886],[19.928245,50.046899],[19.928247,50.04691],[19.928241,50.046918],[19.92831,50.046939],[19.928268,50.046996],[19.92807,50.046936]]]}},{"type":"Feature","id":"w107693155","properties":{"type":"yes","levels":2.0,"address":"Mieszczańska 5a","residential":true,"residents_est":1,"h3_10":"8a1e2e6b31affff","h3_11":"8b1e2e6b31acfff"},"geometry":{"type":"Polygon","coordinates":[[[19.927657,50.046286],[19.927739,50.046216],[19.927861,50.046276],[19.927778,50.046347],[19.927657,50.046286]]]}},{"type":"Feature","id":"w107693156","properties":{"type":"yes","levels":3.0,"address":"Mieszczańska 7","residential":true,"residents_est":2,"h3_10":"8a1e2e6b31affff","h3_11":"8b1e2e6b31acfff"},"geometry":{"type":"Polygon","coordinates":[[[19.927535,50.046386],[19.927657,50.046286],[19.927778,50.046347],[19.927658,50.046449],[19.927535,50.046386]]]}},{"type":"Feature","id":"w107693158","properties":{"type":"yes","levels":1.0,"address":"Mieszczańska 17","residential":true,"residents_est":1,"h3_10":"8a1e2e6b3117fff","h3_11":"8b1e2e6b3112fff"},"geometry":{"type":"Polygon","coordinates":[[[19.926954,50.046836],[19.927092,50.046719],[19.927212,50.046776],[19.927074,50.046894],[19.926954,50.046836]]]}},{"type":"Feature","id":"w107693159","properties":{"type":"detached","levels":2.0,"address":"Twardowskiego 20","residential":true,"residents_est":2,"h3_10":"8a1e2e6b311ffff","h3_11":"8b1e2e6b3119fff"},"geometry":{"type":"Polygon","coordinates":[[[19.929985,50.046711],[19.930036,50.046658],[19.930012,50.046649],[19.930056,50.046602],[19.930161,50.046644],[19.930067,50.046743],[19.929985,50.046711]]]}},{"type":"Feature","id":"w107693162","properties":{"type":"detached","levels":2.0,"address":"Twardowskiego 14","residential":true,"residents_est":3,"h3_10":"8a1e2e6b310ffff","h3_11":"8b1e2e6b310afff"},"geometry":{"type":"Polygon","coordinates":[[[19.930351,50.047036],[19.930456,50.046965],[19.930604,50.047054],[19.930532,50.047149],[19.930351,50.047036]]]}},{"type":"Feature","id":"w107693164","properties":{"type":"detached","levels":1.0,"address":"Jana Bułhaka 5","residential":true,"residents_est":0,"h3_10":"8a1e2e6b3027fff","h3_11":"8b1e2e6b3020fff"},"geometry":{"type":"Polygon","coordinates":[[[19.931179,50.046453],[19.931182,50.046391],[19.931279,50.046393],[19.931276,50.046455],[19.931251,50.046455],[19.93125,50.046481],[19.931209,50.04648],[19.93121,50.046453],[19.931179,50.046453]]]}},{"type":"Feature","id":"w107693165","properties":{"type":"terrace","levels":2.0,"address":"Wygrana 7","residential":true,"residents_est":2,"h3_10":"8a1e2e6b310ffff","h3_11":"8b1e2e6b310bfff"},"geometry":{"type":"Polygon","coordinates":[[[19.931058,50.047116],[19.931137,50.047019],[19.931289,50.047065],[19.931202,50.047167],[19.931058,50.047116]]]}},{"type":"Feature","id":"w107693166","properties":{"type":"terrace","levels":3.0,"address":"Wygrana 9","residential":true,"residents_est":4,"h3_10":"8a1e2e6b3027fff","h3_11":"8b1e2e6b3025fff"},"geometry":{"type":"Polygon","coordinates":[[[19.931162,50.047027],[19.9312,50.046979],[19.931193,50.046977],[19.931259,50.046904],[19.931381,50.046945],[19.931289,50.047065],[19.931162,50.047027]]]}},{"type":"Feature","id":"w107693167","properties":{"type":"office","levels":2.0,"address":"Wygrana 2","name":"Krakowskie Biuro Festiwalowe","residential":false,"residents_est":0,"h3_10":"8a1e2e6b310ffff","h3_11":"8b1e2e6b310bfff"},"geometry":{"type":"Polygon","coordinates":[[[19.931162,50.047392],[19.931251,50.047283],[19.931373,50.047318],[19.931376,50.047312],[19.93151,50.047336],[19.931496,50.047424],[19.931307,50.047443],[19.931162,50.047392]]]}},{"type":"Feature","id":"w107693430","properties":{"type":"detached","levels":2.0,"address":"Barska 60","residential":true,"residents_est":2,"h3_10":"8a1e2e6b3157fff","h3_11":"8b1e2e6b3151fff"},"geometry":{"type":"Polygon","coordinates":[[[19.933069,50.047162],[19.933108,50.047066],[19.933131,50.047069],[19.933139,50.04705],[19.933196,50.047059],[19.933188,50.047078],[19.933245,50.047086],[19.933207,50.047184],[19.933181,50.04718],[19.933172,50.047204],[19.933121,50.047195],[19.933131,50.047172],[19.933069,50.047162]]]}},{"type":"Feature","id":"w107693432","properties":{"type":"terrace","levels":2.0,"address":"Barska 57","residential":true,"residents_est":3,"h3_10":"8a1e2e6b3157fff","h3_11":"8b1e2e6b3150fff"},"geometry":{"type":"Polygon","coordinates":[[[19.932599,50.047123],[19.932604,50.047108],[19.932637,50.047113],[19.932651,50.047072],[19.93264,50.04707],[19.932664,50.047005],[19.932838,50.047032],[19.932801,50.047153],[19.932599,50.047123]]]}},{"type":"Feature","id":"w107693433","properties":{"type":"yes","levels":3.0,"address":"Barska 59","name":"Hostel Retro","residential":true,"residents_est":1,"h3_10":"8a1e2e6b3157fff","h3_11":"8b1e2e6b3153fff"},"geometry":{"type":"Polygon","coordinates":[[[19.932674,50.047007],[19.932703,50.046919],[19.932866,50.046943],[19.932838,50.047032],[19.932674,50.047007]]]}},{"type":"Feature","id":"w109330036","properties":{"type":"apartments","levels":11.0,"address":"Komandosów 9","residential":true,"residents_est":41,"h3_10":"8a1e2e6b301ffff","h3_11":"8b1e2e6b301dfff"},"geometry":{"type":"Polygon","coordinates":[[[19.932203,50.044924],[19.932259,50.044765],[19.932275,50.044768],[19.932302,50.044692],[19.93226,50.044685],[19.932291,50.0446],[19.932487,50.044629],[19.932426,50.0448],[19.932412,50.044798],[19.93238,50.044874],[19.932428,50.044882],[19.932398,50.044956],[19.932322,50.044944],[19.932318,50.044954],[19.932276,50.044947],[19.93228,50.044938],[19.932203,50.044924]]]}},{"type":"Feature","id":"w109330038","properties":{"type":"apartments","levels":5.0,"address":"Dworska 8","residential":true,"residents_est":35,"h3_10":"8a1e2e6b318ffff","h3_11":"8b1e2e6b318efff"},"geometry":{"type":"Polygon","coordinates":[[[19.927338,50.044832],[19.927379,50.044726],[19.927465,50.044739],[19.927467,50.044734],[19.927657,50.04477],[19.928111,50.044967],[19.928173,50.044977],[19.928184,50.044952],[19.928276,50.044966],[19.928244,50.045049],[19.928231,50.045047],[19.928212,50.045097],[19.928172,50.045091],[19.92817,50.045096],[19.92804,50.045069],[19.927938,50.045024],[19.927933,50.045029],[19.927872,50.045003],[19.927878,50.044997],[19.927734,50.044936],[19.927729,50.04494],[19.927587,50.044872],[19.927421,50.044851],[19.927423,50.044846],[19.927338,50.044832]]]}},{"type":"Feature","id":"w109334264","properties":{"type":"apartments","levels":1.0,"residential":true,"residents_est":1,"h3_10":"8a1e2e6b3197fff","h3_11":"8b1e2e6b3194fff"},"geometry":{"type":"Polygon","coordinates":[[[19.924648,50.044875],[19.924703,50.044779],[19.924822,50.044806],[19.924764,50.044902],[19.924648,50.044875]]]}},{"type":"Feature","id":"w109334266","properties":{"type":"apartments","levels":3.0,"residential":true,"residents_est":3,"h3_10":"8a1e2e6b3197fff","h3_11":"8b1e2e6b3194fff"},"geometry":{"type":"Polygon","coordinates":[[[19.924764,50.044902],[19.924822,50.044806],[19.924972,50.044841],[19.924906,50.044954],[19.924858,50.044943],[19.924868,50.044926],[19.924764,50.044902]]]}},{"type":"Feature","id":"w109334267","properties":{"type":"garage","address":"Twardowskiego 49","residential":false,"residents_est":0,"h3_10":"8a1e2e6b3197fff","h3_11":"8b1e2e6b3195fff"},"geometry":{"type":"Polygon","coordinates":[[[19.925151,50.044972],[19.92518,50.044917],[19.925233,50.044929],[19.925204,50.044983],[19.925151,50.044972]]]}},{"type":"Feature","id":"w109484893","properties":{"type":"apartments","levels":11.0,"address":"Słomiana 13","residential":true,"residents_est":43,"h3_10":"8a1e2e6b3097fff","h3_11":"8b1e2e6b3096fff"},"geometry":{"type":"Polygon","coordinates":[[[19.927097,50.042107],[19.927159,50.041953],[19.927173,50.041956],[19.927188,50.041919],[19.927135,50.041909],[19.927145,50.041884],[19.927198,50.041894],[19.927202,50.041883],[19.927157,50.041875],[19.927193,50.041789],[19.927396,50.041822],[19.927327,50.041988],[19.927314,50.041986],[19.927299,50.042023],[19.927352,50.042032],[19.927343,50.042054],[19.927288,50.042046],[19.927284,50.042057],[19.92733,50.042064],[19.9273,50.042141],[19.927097,50.042107]]]}},{"type":"Feature","id":"w109484895","properties":{"type":"apartments","levels":12.0,"address":"Słomiana 15","residential":true,"residents_est":48,"h3_10":"8a1e2e6b3097fff","h3_11":"8b1e2e6b3095fff"},"geometry":{"type":"Polygon","coordinates":[[[19.927975,50.042664],[19.928033,50.042508],[19.928047,50.04251],[19.928062,50.042472],[19.928006,50.042463],[19.928018,50.042434],[19.928073,50.042443],[19.928077,50.042432],[19.928033,50.042424],[19.928065,50.04234],[19.928268,50.042371],[19.928204,50.042539],[19.928195,50.042538],[19.92818,50.042577],[19.928238,50.042586],[19.928228,50.042612],[19.92817,50.042603],[19.928166,50.042613],[19.928213,50.042621],[19.928183,50.042696],[19.927975,50.042664]]]}},{"type":"Feature","id":"w154286646","properties":{"type":"yes","levels":4.0,"residential":true,"residents_est":5,"h3_10":"8a1e2e6b311ffff","h3_11":"8b1e2e6b311afff"},"geometry":{"type":"Polygon","coordinates":[[[19.929021,50.046572],[19.929282,50.046445],[19.929442,50.04658],[19.929305,50.046645],[19.929249,50.046598],[19.929179,50.046633],[19.929021,50.046572]]]}},{"type":"Feature","id":"w154286648","properties":{"type":"yes","levels":6.0,"address":"Mieszczańska 13","residential":true,"residents_est":7,"h3_10":"8a1e2e6b3117fff","h3_11":"8b1e2e6b3112fff"},"geometry":{"type":"Polygon","coordinates":[[[19.927197,50.046673],[19.927295,50.046588],[19.927437,50.04665],[19.927406,50.04668],[19.927595,50.046763],[19.927551,50.046816],[19.927336,50.046747],[19.927228,50.0467],[19.927239,50.046695],[19.927197,50.046673]]]}},{"type":"Feature","id":"w154286649","properties":{"type":"yes","residential":true,"residents_est":14,"h3_10":"8a1e2e6b311ffff","h3_11":"8b1e2e6b3118fff"},"geometry":{"type":"Polygon","coordinates":[[[19.928977,50.047004],[19.929067,50.046892],[19.929842,50.047085],[19.929811,50.04714],[19.929782,50.047217],[19.929574,50.04716],[19.929582,50.04715],[19.92948,50.047126],[19.929473,50.047139],[19.929359,50.047112],[19.929367,50.047099],[19.928977,50.047004]]]}},{"type":"Feature","id":"w154286650","properties":{"type":"apartments","levels":9.0,"address":"Dworska 1a","residential":true,"residents_est":73,"h3_10":"8a1e2e6b3037fff","h3_11":"8b1e2e6b3034fff"},"geometry":{"type":"Polygon","coordinates":[[[19.92925,50.045966],[19.92926,50.045906],[19.929351,50.045917],[19.929347,50.045934],[19.929451,50.045943],[19.92945,50.046008],[19.929475,50.046073],[19.929524,50.046129],[19.929572,50.046163],[19.929648,50.046199],[19.929711,50.046217],[19.929789,50.046229],[19.929913,50.046226],[19.929983,50.046213],[19.930021,50.046276],[19.930045,50.04627],[19.930083,50.046323],[19.930008,50.046342],[19.92993,50.046353],[19.929926,50.046339],[19.929891,50.046341],[19.929893,50.046356],[19.929834,50.046359],[19.929692,50.046346],[19.929698,50.046332],[19.929664,50.046325],[19.929657,50.046339],[19.929594,50.046324],[19.929505,50.046291],[19.929479,50.046279],[19.929493,50.046267],[19.929465,50.046253],[19.92945,50.046264],[19.92936,50.0462],[19.929324,50.046163],[19.929344,50.046156],[19.929328,50.046135],[19.929307,50.046142],[19.929274,50.046086],[19.929254,50.046026],[19.92925,50.045966]]]}},{"type":"Feature","id":"w154286654","properties":{"type":"yes","address":"Mieszczańska 6","residential":true,"residents_est":1,"h3_10":"8a1e2e6b31affff","h3_11":"8b1e2e6b31adfff"},"geometry":{"type":"Polygon","coordinates":[[[19.928287,50.046412],[19.928409,50.046296],[19.928534,50.046351],[19.928413,50.046467],[19.928287,50.046412]]]}},{"type":"Feature","id":"w154286656","properties":{"type":"garages","residential":false,"residents_est":0,"h3_10":"8a1e2e6b3037fff","h3_11":"8b1e2e6b3036fff"},"geometry":{"type":"Polygon","coordinates":[[[19.92882,50.045916],[19.929013,50.045564],[19.929171,50.045599],[19.928978,50.045958],[19.928829,50.045923],[19.928831,50.045919],[19.92882,50.045916]]]}},{"type":"Feature","id":"w154286658","properties":{"type":"garage","residential":false,"residents_est":0,"h3_10":"8a1e2e6b31affff","h3_11":"8b1e2e6b31adfff"},"geometry":{"type":"Polygon","coordinates":[[[19.928146,50.046546],[19.928287,50.046412],[19.928413,50.046467],[19.928272,50.0466],[19.928146,50.046546]]]}},{"type":"Feature","id":"w154286660","properties":{"type":"yes","residential":true,"residents_est":1,"h3_10":"8a1e2e6b31affff","h3_11":"8b1e2e6b31a9fff"},"geometry":{"type":"Polygon","coordinates":[[[19.928593,50.046327],[19.928681,50.04626],[19.928801,50.046321],[19.92871,50.046388],[19.928593,50.046327]]]}},{"type":"Feature","id":"w154286661","properties":{"type":"apartments","levels":5.0,"address":"Mieszczańska 19","residential":true,"residents_est":14,"h3_10":"8a1e2e6b3117fff","h3_11":"8b1e2e6b3112fff"},"geometry":{"type":"Polygon","coordinates":[[[19.927335,50.046988],[19.927401,50.046886],[19.927791,50.046991],[19.927738,50.047073],[19.927722,50.047085],[19.927695,50.047086],[19.927335,50.046988]]]}},{"type":"Feature","id":"w154286664","properties":{"type":"apartments","levels":6.0,"address":"Dworska 1c","residential":true,"residents_est":26,"h3_10":"8a1e2e6b3037fff","h3_11":"8b1e2e6b3035fff"},"geometry":{"type":"Polygon","coordinates":[[[19.929807,50.04587],[19.929866,50.045815],[19.929889,50.045825],[19.929949,50.045769],[19.930296,50.045924],[19.930306,50.045923],[19.930183,50.046037],[19.930168,50.046031],[19.930121,50.046075],[19.929967,50.046006],[19.930028,50.045951],[19.93001,50.045943],[19.929987,50.045951],[19.929807,50.04587]]]}},{"type":"Feature","id":"w154286665","properties":{"type":"yes","levels":4.0,"address":"Mieszczańska 9","residential":true,"residents_est":4,"h3_10":"8a1e2e6b31affff","h3_11":"8b1e2e6b31acfff"},"geometry":{"type":"Polygon","coordinates":[[[19.927296,50.046588],[19.927495,50.046423],[19.927631,50.046491],[19.927443,50.04665],[19.927296,50.046588]]]}},{"type":"Feature","id":"w154286668","properties":{"type":"apartments","levels":6.0,"address":"Dworska 1","residential":true,"residents_est":26,"h3_10":"8a1e2e6b3037fff","h3_11":"8b1e2e6b3030fff"},"geometry":{"type":"Polygon","coordinates":[[[19.929292,50.04582],[19.929313,50.045767],[19.929295,50.045764],[19.929349,50.045629],[19.929355,50.045635],[19.929764,50.045702],[19.929738,50.045768],[19.929765,50.045772],[19.929739,50.045837],[19.929521,50.045801],[19.92952,50.045787],[19.929498,50.045784],[19.929473,50.04585],[19.929292,50.04582]]]}},{"type":"Feature","id":"w154286669","properties":{"type":"apartments","levels":3.0,"address":"Dworska 10","residential":true,"residents_est":9,"h3_10":"8a1e2e6b319ffff","h3_11":"8b1e2e6b319dfff"},"geometry":{"type":"Polygon","coordinates":[[[19.926934,50.044727],[19.926962,50.044667],[19.927019,50.044678],[19.927058,50.044597],[19.927076,50.044601],[19.92709,50.044572],[19.927283,50.044611],[19.927269,50.04464],[19.927287,50.044643],[19.927245,50.044729],[19.927228,50.044726],[19.927195,50.044795],[19.927058,50.044767],[19.927065,50.044752],[19.926934,50.044727]]]}},{"type":"Feature","id":"w154286671","properties":{"type":"apartments","levels":6.0,"address":"Dworska 1b","residential":true,"residents_est":26,"h3_10":"8a1e2e6b3037fff","h3_11":"8b1e2e6b3035fff"},"geometry":{"type":"Polygon","coordinates":[[[19.930098,50.046177],[19.930359,50.046094],[19.930364,50.0461],[19.930382,50.046095],[19.930378,50.046089],[19.930467,50.046006],[19.930461,50.046003],[19.930466,50.045999],[19.930689,50.046099],[19.930679,50.0461],[19.93063,50.046146],[19.930659,50.046141],[19.930662,50.046145],[19.930518,50.046191],[19.930509,50.046179],[19.930489,50.046185],[19.930498,50.046197],[19.930395,50.046229],[19.930391,50.046225],[19.930423,50.046215],[19.930414,50.046204],[19.930176,50.046279],[19.930098,50.046177]]]}},{"type":"Feature","id":"w158343549","properties":{"type":"school","levels":3.0,"address":"Komandosów 29","residential":false,"residents_est":0,"h3_10":"8a1e2e6b30d7fff","h3_11":"8b1e2e6b30d4fff"},"geometry":{"type":"Polygon","coordinates":[[[19.932067,50.042603],[19.93209,50.042543],[19.932289,50.042574],[19.93231,50.042518],[19.932641,50.042569],[19.932579,50.042733],[19.932246,50.042681],[19.932264,50.042633],[19.932067,50.042603]]]}},{"type":"Feature","id":"w158345026","properties":{"type":"church","address":"Komandosów 25A","name":"Kościół pw. Świętego Bartłomieja","residential":false,"residents_est":0,"h3_10":"8a1e2e6b30d7fff","h3_11":"8b1e2e6b30d1fff"},"geometry":{"type":"Polygon","coordinates":[[[19.933442,50.042224],[19.933463,50.042177],[19.933545,50.042192],[19.933548,50.042187],[19.933557,50.042189],[19.93357,50.04216],[19.933643,50.042173],[19.933629,50.042203],[19.933659,50.042213],[19.933673,50.04223],[19.933664,50.042249],[19.93362,50.042261],[19.933537,50.042243],[19.933535,50.042248],[19.933522,50.042245],[19.933525,50.042239],[19.933442,50.042224]]]}},{"type":"Feature","id":"w158346901","properties":{"type":"hotel","levels":6.0,"address":"Monte Cassino 2","name":"Park Inn.","residential":false,"residents_est":0,"h3_10":"8a1e2e6b3107fff","h3_11":"8b1e2e6b3103fff"},"geometry":{"type":"Polygon","coordinates":[[[19.929458,50.047732],[19.929553,50.047333],[19.929682,50.047346],[19.929695,50.047279],[19.930349,50.047343],[19.930197,50.047582],[19.929736,50.04761],[19.92971,50.047708],[19.929458,50.047732]]]}},{"type":"Feature","id":"w158346955","properties":{"type":"apartments","levels":6.0,"address":"Monte Cassino 6","residential":true,"residents_est":69,"h3_10":"8a1e2e6b311ffff","h3_11":"8b1e2e6b311cfff"},"geometry":{"type":"Polygon","coordinates":[[[19.928461,50.047318],[19.928502,50.047264],[19.928514,50.047267],[19.928562,50.047205],[19.928578,50.04721],[19.928614,50.047163],[19.928596,50.047158],[19.928666,50.047067],[19.928887,50.047132],[19.928814,50.047227],[19.928793,50.047221],[19.928775,50.047244],[19.929064,50.047336],[19.929081,50.047313],[19.929064,50.047308],[19.929168,50.047173],[19.929389,50.047239],[19.929281,50.047375],[19.929258,50.04737],[19.929222,50.047416],[19.929237,50.047421],[19.929157,50.047526],[19.929019,50.047482],[19.929009,50.047494],[19.928611,50.047366],[19.928619,50.047355],[19.928548,50.047333],[19.92854,50.047343],[19.928461,50.047318]]]}},{"type":"Feature","id":"w160962322","properties":{"type":"terrace","levels":1.0,"residential":true,"residents_est":1,"h3_10":"8a1e2e6b30cffff","h3_11":"8b1e2e6b30c9fff"},"geometry":{"type":"Polygon","coordinates":[[[19.936452,50.042394],[19.93647,50.042364],[19.936525,50.042381],[19.936569,50.042307],[19.936671,50.042333],[19.936616,50.042429],[19.936452,50.042394]]]}},{"type":"Feature","id":"w160962326","properties":{"type":"yes","levels":3.0,"residential":true,"residents_est":2,"h3_10":"8a1e2e6b30cffff","h3_11":"8b1e2e6b30c8fff"},"geometry":{"type":"Polygon","coordinates":[[[19.935837,50.042469],[19.935898,50.042373],[19.936162,50.042441],[19.936104,50.042536],[19.935837,50.042469]]]}},{"type":"Feature","id":"w160962338","properties":{"type":"yes","levels":1.0,"residential":true,"residents_est":0,"h3_10":"8a1e2e6b30cffff","h3_11":"8b1e2e6b30c8fff"},"geometry":{"type":"Polygon","coordinates":[[[19.935639,50.042658],[19.935682,50.042571],[19.935831,50.042606],[19.935792,50.042685],[19.935742,50.042676],[19.935733,50.042692],[19.935686,50.042683],[19.935694,50.042667],[19.935639,50.042658]]]}},{"type":"Feature","id":"w160962345","properties":{"type":"apartments","levels":1.0,"residential":true,"residents_est":1,"h3_10":"8a1e2e6b30cffff","h3_11":"8b1e2e6b30cdfff"},"geometry":{"type":"Polygon","coordinates":[[[19.935834,50.043003],[19.935844,50.042987],[19.935906,50.043003],[19.935938,50.042952],[19.935953,50.042955],[19.935982,50.04291],[19.936124,50.042943],[19.936054,50.043064],[19.935834,50.043003]]]}},{"type":"Feature","id":"w160962347","properties":{"type":"kindergarten","levels":2.0,"residential":false,"residents_est":0,"h3_10":"8a1e2e6b305ffff","h3_11":"8b1e2e6b3058fff"},"geometry":{"type":"Polygon","coordinates":[[[19.936768,50.044265],[19.936906,50.044142],[19.937048,50.044208],[19.936911,50.044331],[19.936768,50.044265]]]}},{"type":"Feature","id":"w160962352","properties":{"type":"apartments","levels":2.0,"residential":true,"residents_est":3,"h3_10":"8a1e2e6b30cffff","h3_11":"8b1e2e6b30cdfff"},"geometry":{"type":"Polygon","coordinates":[[[19.935928,50.042841],[19.935982,50.042773],[19.936173,50.042822],[19.936187,50.042846],[19.936124,50.042943],[19.935982,50.04291],[19.936002,50.042872],[19.936017,50.042867],[19.936009,50.042855],[19.935964,50.04285],[19.93595,50.04286],[19.935931,50.042854],[19.935938,50.042844],[19.935928,50.042841]]]}},{"type":"Feature","id":"w160962353","properties":{"type":"yes","levels":1.0,"residential":true,"residents_est":0,"h3_10":"8a1e2e6b30cffff","h3_11":"8b1e2e6b30c8fff"},"geometry":{"type":"Polygon","coordinates":[[[19.935792,50.042685],[19.935831,50.042606],[19.935984,50.042636],[19.935932,50.04274],[19.935877,50.042729],[19.935883,50.042715],[19.935857,50.042709],[19.935861,50.042701],[19.935792,50.042685]]]}},{"type":"Feature","id":"w160962356","properties":{"type":"terrace","levels":1.0,"residential":true,"residents_est":1,"h3_10":"8a1e2e6b30cffff","h3_11":"8b1e2e6b30c9fff"},"geometry":{"type":"Polygon","coordinates":[[[19.936429,50.042493],[19.936481,50.042401],[19.936616,50.042429],[19.936562,50.042522],[19.936429,50.042493]]]}},{"type":"Feature","id":"w160962359","properties":{"type":"yes","residential":true,"residents_est":0,"h3_10":"8a1e2e6b30cffff","h3_11":"8b1e2e6b30cdfff"},"geometry":{"type":"Polygon","coordinates":[[[19.935811,50.042793],[19.935857,50.042709],[19.935883,50.042715],[19.935876,50.04273],[19.935932,50.04274],[19.935897,50.042811],[19.935811,50.042793]]]}},{"type":"Feature","id":"w161058388","properties":{"type":"detached","levels":1.0,"residential":true,"residents_est":1,"h3_10":"8a1e2e6b318ffff","h3_11":"8b1e2e6b318cfff"},"geometry":{"type":"Polygon","coordinates":[[[19.927806,50.045538],[19.927876,50.045476],[19.927974,50.045524],[19.927906,50.045583],[19.927806,50.045538]]]}},{"type":"Feature","id":"w161058391","properties":{"type":"yes","residential":true,"residents_est":7,"h3_10":"8a1e2e6b31a7fff","h3_11":"8b1e2e6b31a2fff"},"geometry":{"type":"Polygon","coordinates":[[[19.925699,50.046184],[19.925764,50.046075],[19.926189,50.046174],[19.926129,50.046275],[19.926067,50.04626],[19.926063,50.046267],[19.925699,50.046184]]]}},{"type":"Feature","id":"w161058392","properties":{"type":"apartments","levels":2.0,"residential":true,"residents_est":4,"h3_10":"8a1e2e6b318ffff","h3_11":"8b1e2e6b3188fff"},"geometry":{"type":"Polygon","coordinates":[[[19.928405,50.044997],[19.92846,50.044915],[19.928711,50.044985],[19.928595,50.045155],[19.928503,50.045129],[19.92854,50.045075],[19.928489,50.04506],[19.928512,50.045027],[19.928405,50.044997]]]}},{"type":"Feature","id":"w180813840","properties":{"type":"apartments","levels":2.0,"residential":true,"residents_est":3,"h3_10":"8a1e2e6b30cffff","h3_11":"8b1e2e6b30cdfff"},"geometry":{"type":"Polygon","coordinates":[[[19.936245,50.042968],[19.936313,50.04286],[19.936482,50.042903],[19.936455,50.042944],[19.936482,50.042952],[19.936472,50.042968],[19.936443,50.04296],[19.936411,50.043013],[19.936245,50.042968]]]}},{"type":"Feature","id":"w180813842","properties":{"type":"apartments","levels":1.0,"residential":true,"residents_est":1,"h3_10":"8a1e2e6b30effff","h3_11":"8b1e2e6b30ebfff"},"geometry":{"type":"Polygon","coordinates":[[[19.935986,50.043375],[19.936055,50.043268],[19.936177,50.043299],[19.93611,50.043406],[19.935986,50.043375]]]}},{"type":"Feature","id":"w230830140","properties":{"type":"retail","levels":1.0,"address":"Komandosów 1","name":"Awiteks","residential":false,"residents_est":0,"h3_10":"8a1e2e6b3037fff","h3_11":"8b1e2e6b3033fff"},"geometry":{"type":"Polygon","coordinates":[[[19.930055,50.045508],[19.930072,50.045464],[19.930168,50.045479],[19.930151,50.045523],[19.930055,50.045508]]]}},{"type":"Feature","id":"w230998939","properties":{"type":"yes","levels":1.0,"address":"Winnicka 58","name":"Drukarnia LIV.PL","residential":true,"residents_est":0,"h3_10":"8a1e2e6b309ffff","h3_11":"8b1e2e6b309bfff"},"geometry":{"type":"Polygon","coordinates":[[[19.92939,50.041244],[19.929492,50.041206],[19.929516,50.041234],[19.929549,50.041222],[19.929634,50.041319],[19.929516,50.04136],[19.929487,50.041327],[19.92947,50.041333],[19.92939,50.041244]]]}},{"type":"Feature","id":"w233371874","properties":{"type":"yes","levels":3.0,"residential":true,"residents_est":2,"h3_10":"8a1e2e6b3137fff","h3_11":"8b1e2e6b3134fff"},"geometry":{"type":"Polygon","coordinates":[[[19.927051,50.048625],[19.927152,50.048535],[19.927298,50.048604],[19.927259,50.048639],[19.927275,50.048646],[19.927245,50.048673],[19.927229,50.048666],[19.927194,50.048697],[19.927051,50.048625]]]}},{"type":"Feature","id":"w233371908","properties":{"type":"apartments","levels":2.0,"address":"Edmunda Wasilewskiego 9","residential":true,"residents_est":5,"h3_10":"8a1e2e6b3127fff","h3_11":"8b1e2e6b3123fff"},"geometry":{"type":"Polygon","coordinates":[[[19.928781,50.048816],[19.929033,50.048661],[19.929157,50.048739],[19.929054,50.048802],[19.929046,50.048797],[19.928953,50.048854],[19.92896,50.048859],[19.928899,50.048897],[19.928781,50.048816]]]}},{"type":"Feature","id":"w233371922","properties":{"type":"yes","residential":true,"residents_est":1,"h3_10":"8a1e2e6b3127fff","h3_11":"8b1e2e6b3125fff"},"geometry":{"type":"Polygon","coordinates":[[[19.928972,50.049231],[19.929017,50.049202],[19.929151,50.049276],[19.929086,50.049368],[19.929012,50.049323],[19.929065,50.049261],[19.929034,50.049251],[19.929021,50.049262],[19.928972,50.049231]]]}},{"type":"Feature","id":"w233371990","properties":{"type":"house","levels":2.0,"address":"Skwerowa 35","residential":true,"residents_est":2,"h3_10":"8a1e2e6b3137fff","h3_11":"8b1e2e6b3132fff"},"geometry":{"type":"Polygon","coordinates":[[[19.926884,50.04799],[19.92692,50.047936],[19.926945,50.047943],[19.926998,50.047865],[19.927088,50.04789],[19.927075,50.047902],[19.9271,50.047913],[19.927054,50.047955],[19.927028,50.047943],[19.926953,50.04801],[19.926884,50.04799]]]}},{"type":"Feature","id":"w233372059","properties":{"type":"apartments","levels":2.0,"residential":true,"residents_est":4,"h3_10":"8a1e2e6b3107fff","h3_11":"8b1e2e6b3104fff"},"geometry":{"type":"Polygon","coordinates":[[[19.92857,50.048477],[19.928717,50.048373],[19.928782,50.048411],[19.928789,50.048407],[19.92883,50.048431],[19.928824,50.048436],[19.928874,50.048465],[19.928759,50.048546],[19.928776,50.048556],[19.928743,50.048581],[19.92857,50.048477]]]}},{"type":"Feature","id":"w233372121","properties":{"type":"apartments","levels":4.0,"residential":true,"residents_est":11,"h3_10":"8a1e2e6b3107fff","h3_11":"8b1e2e6b3106fff"},"geometry":{"type":"Polygon","coordinates":[[[19.928227,50.048142],[19.928246,50.04805],[19.928492,50.048082],[19.928623,50.048161],[19.928624,50.048167],[19.928458,50.048281],[19.928321,50.048197],[19.928413,50.048132],[19.928269,50.048116],[19.928257,50.04816],[19.928227,50.048142]]]}},{"type":"Feature","id":"w233372267","properties":{"type":"yes","levels":3.0,"residential":true,"residents_est":3,"h3_10":"8a1e2e6b3137fff","h3_11":"8b1e2e6b3133fff"},"geometry":{"type":"Polygon","coordinates":[[[19.927608,50.048071],[19.927687,50.048003],[19.927714,50.047991],[19.92776,50.047986],[19.927932,50.048009],[19.927897,50.048101],[19.927756,50.048083],[19.927753,50.048092],[19.92771,50.048087],[19.927686,50.048108],[19.927608,50.048071]]]}},{"type":"Feature","id":"w233372315","properties":{"type":"yes","address":"Edmunda Wasilewskiego 8","residential":true,"residents_est":1,"h3_10":"8a1e2e6b3127fff","h3_11":"8b1e2e6b3125fff"},"geometry":{"type":"Polygon","coordinates":[[[19.928787,50.049446],[19.928876,50.049356],[19.928884,50.049359],[19.928912,50.049333],[19.929017,50.04938],[19.928974,50.049419],[19.928994,50.049428],[19.928959,50.04946],[19.92894,50.049451],[19.928894,50.049493],[19.928787,50.049446]]]}},{"type":"Feature","id":"w233372437","properties":{"type":"apartments","levels":5.0,"residential":true,"residents_est":15,"h3_10":"8a1e2e6b3127fff","h3_11":"8b1e2e6b3124fff"},"geometry":{"type":"Polygon","coordinates":[[[19.92822,50.049472],[19.928447,50.049339],[19.928679,50.049502],[19.92859,50.049554],[19.928477,50.049475],[19.928339,50.049556],[19.92822,50.049472]]]}},{"type":"Feature","id":"w233372496","properties":{"type":"yes","levels":2.0,"residential":true,"residents_est":1,"h3_10":"8a1e2e6b3137fff","h3_11":"8b1e2e6b3130fff"},"geometry":{"type":"Polygon","coordinates":[[[19.92731,50.048398],[19.927337,50.048374],[19.927327,50.048364],[19.927345,50.048347],[19.927364,50.048348],[19.927374,50.048339],[19.927529,50.048412],[19.927525,50.048415],[19.92754,50.048422],[19.927505,50.048453],[19.927487,50.048444],[19.927459,50.048469],[19.92731,50.048398]]]}},{"type":"Feature","id":"w233372907","properties":{"type":"apartments","levels":3.0,"residential":true,"residents_est":6,"h3_10":"8a1e2e6b3137fff","h3_11":"8b1e2e6b3131fff"},"geometry":{"type":"Polygon","coordinates":[[[19.928081,50.048233],[19.928141,50.048197],[19.92821,50.048237],[19.928209,50.048251],[19.928189,50.048264],[19.92821,50.048276],[19.928227,50.048274],[19.928227,50.04826],[19.928321,50.048197],[19.928458,50.048281],[19.928407,50.048314],[19.928411,50.048317],[19.928311,50.048378],[19.928081,50.048233]]]}},{"type":"Feature","id":"w233372931","properties":{"type":"school","levels":2.0,"residential":false,"residents_est":0,"h3_10":"8a1e2e6b3127fff","h3_11":"8b1e2e6b3126fff"},"geometry":{"type":"Polygon","coordinates":[[[19.927615,50.049151],[19.927711,50.049083],[19.927705,50.04908],[19.927804,50.04901],[19.9278,50.049008],[19.927927,50.048921],[19.927935,50.048926],[19.928033,50.048857],[19.928214,50.048965],[19.928139,50.049018],[19.928073,50.048979],[19.927999,50.049031],[19.928073,50.049071],[19.927802,50.049256],[19.927615,50.049151]]]}},{"type":"Feature","id":"w233372975","properties":{"type":"yes","levels":3.0,"residential":true,"residents_est":5,"h3_10":"8a1e2e6b3137fff","h3_11":"8b1e2e6b3135fff"},"geometry":{"type":"Polygon","coordinates":[[[19.927299,50.048893],[19.927312,50.048893],[19.927438,50.048795],[19.927446,50.0488],[19.927567,50.048704],[19.927576,50.048709],[19.927643,50.048662],[19.927637,50.048658],[19.927643,50.048654],[19.927765,50.048726],[19.927423,50.048967],[19.927299,50.048893]]]}},{"type":"Feature","id":"w233373209","properties":{"type":"apartments","levels":3.0,"residential":true,"residents_est":4,"h3_10":"8a1e2e6b3137fff","h3_11":"8b1e2e6b3131fff"},"geometry":{"type":"Polygon","coordinates":[[[19.927859,50.048501],[19.927974,50.048421],[19.928127,50.048512],[19.928013,50.048592],[19.927859,50.048501]]]}},{"type":"Feature","id":"w233373376","properties":{"type":"hotel","levels":2.0,"address":"Skwerowa 44","residential":false,"residents_est":0,"h3_10":"8a1e2e6b3137fff","h3_11":"8b1e2e6b3130fff"},"geometry":{"type":"Polygon","coordinates":[[[19.927153,50.048535],[19.92731,50.048398],[19.927439,50.04846],[19.92728,50.048595],[19.927153,50.048535]]]}},{"type":"Feature","id":"w233373664","properties":{"type":"apartments","levels":4.0,"residential":true,"residents_est":8,"h3_10":"8a1e2e6b3137fff","h3_11":"8b1e2e6b3133fff"},"geometry":{"type":"Polygon","coordinates":[[[19.927897,50.048101],[19.927932,50.048009],[19.928246,50.04805],[19.928227,50.048142],[19.927897,50.048101]]]}},{"type":"Feature","id":"w233374123","properties":{"type":"yes","levels":2.0,"residential":true,"residents_est":1,"h3_10":"8a1e2e6b3137fff","h3_11":"8b1e2e6b3134fff"},"geometry":{"type":"Polygon","coordinates":[[[19.926955,50.048713],[19.927051,50.048625],[19.92719,50.048695],[19.927093,50.048783],[19.926955,50.048713]]]}},{"type":"Feature","id":"w233374268","properties":{"type":"yes","levels":2.0,"residential":true,"residents_est":1,"h3_10":"8a1e2e6b3137fff","h3_11":"8b1e2e6b3135fff"},"geometry":{"type":"Polygon","coordinates":[[[19.927748,50.048609],[19.927829,50.048553],[19.927955,50.048632],[19.927879,50.048685],[19.927748,50.048609]]]}},{"type":"Feature","id":"w233374280","properties":{"type":"apartments","levels":1.0,"address":"Edmunda Wasilewskiego 16","residential":true,"residents_est":1,"h3_10":"8a1e2e6b3127fff","h3_11":"8b1e2e6b3123fff"},"geometry":{"type":"Polygon","coordinates":[[[19.929119,50.048889],[19.929203,50.048834],[19.929323,50.048911],[19.929284,50.048936],[19.929267,50.048925],[19.929222,50.048955],[19.929119,50.048889]]]}},{"type":"Feature","id":"w233374738","properties":{"type":"apartments","levels":1.0,"address":"Jana Kilińskiego 13","residential":true,"residents_est":1,"h3_10":"8a1e2e6b312ffff","h3_11":"8b1e2e6b312cfff"},"geometry":{"type":"Polygon","coordinates":[[[19.93038,50.048939],[19.930542,50.048937],[19.930544,50.049013],[19.930386,50.049014],[19.93038,50.048939]]]}},{"type":"Feature","id":"w233374832","properties":{"type":"yes","levels":3.0,"residential":true,"residents_est":1,"h3_10":"8a1e2e6b3127fff","h3_11":"8b1e2e6b3120fff"},"geometry":{"type":"Polygon","coordinates":[[[19.928864,50.049104],[19.928965,50.049038],[19.929084,50.049125],[19.92899,50.049181],[19.928864,50.049104]]]}},{"type":"Feature","id":"w233374879","properties":{"type":"yes","residential":true,"residents_est":1,"h3_10":"8a1e2e6b3127fff","h3_11":"8b1e2e6b3125fff"},"geometry":{"type":"Polygon","coordinates":[[[19.929198,50.049478],[19.929202,50.049453],[19.929343,50.049459],[19.92937,50.049367],[19.929495,50.049383],[19.929462,50.049489],[19.929198,50.049478]]]}},{"type":"Feature","id":"w233375109","properties":{"type":"yes","residential":false,"residents_est":0,"h3_10":"8a1e2e6b3127fff","h3_11":"8b1e2e6b3124fff"},"geometry":{"type":"Polygon","coordinates":[[[19.92862,50.049602],[19.928728,50.049538],[19.928764,50.049564],[19.928656,50.049626],[19.92862,50.049602]]]}},{"type":"Feature","id":"w233375205","properties":{"type":"yes","residential":true,"residents_est":0,"h3_10":"8a1e2e6b3137fff","h3_11":"8b1e2e6b3136fff"},"geometry":{"type":"Polygon","coordinates":[[[19.926512,50.048284],[19.926569,50.048232],[19.926644,50.048267],[19.926586,50.048317],[19.926512,50.048284]]]}},{"type":"Feature","id":"w233375225","properties":{"type":"yes","residential":true,"residents_est":0,"h3_10":"8a1e2e6b312ffff","h3_11":"8b1e2e6b312cfff"},"geometry":{"type":"Polygon","coordinates":[[[19.930027,50.04919],[19.93019,50.049189],[19.930191,50.04923],[19.930028,50.049231],[19.930027,50.04919]]]}},{"type":"Feature","id":"w233375329","properties":{"type":"garages","residential":false,"residents_est":0,"h3_10":"8a1e2e6b3127fff","h3_11":"8b1e2e6b3120fff"},"geometry":{"type":"Polygon","coordinates":[[[19.92872,50.048919],[19.928831,50.04885],[19.928888,50.048889],[19.928775,50.048955],[19.92872,50.048919]]]}},{"type":"Feature","id":"w233375479","properties":{"type":"yes","levels":3.0,"residential":true,"residents_est":1,"h3_10":"8a1e2e6b3137fff","h3_11":"8b1e2e6b3136fff"},"geometry":{"type":"Polygon","coordinates":[[[19.926499,50.0482],[19.926584,50.048127],[19.926726,50.048195],[19.926644,50.048267],[19.926499,50.0482]]]}},{"type":"Feature","id":"w233375524","properties":{"type":"shed","residential":false,"residents_est":0,"h3_10":"8a1e2e6b3137fff","h3_11":"8b1e2e6b3135fff"},"geometry":{"type":"Polygon","coordinates":[[[19.927396,50.048651],[19.927572,50.048522],[19.927638,50.048553],[19.927457,50.048681],[19.927396,50.048651]]]}},{"type":"Feature","id":"w233375528","properties":{"type":"apartments","levels":1.0,"address":"Jana Kilińskiego 11","residential":true,"residents_est":1,"h3_10":"8a1e2e6b312ffff","h3_11":"8b1e2e6b312cfff"},"geometry":{"type":"Polygon","coordinates":[[[19.930386,50.049014],[19.930548,50.049013],[19.930554,50.04908],[19.930398,50.049081],[19.930386,50.049014]]]}},{"type":"Feature","id":"w233375670","properties":{"type":"yes","levels":2.0,"residential":true,"residents_est":1,"h3_10":"8a1e2e6b3137fff","h3_11":"8b1e2e6b3136fff"},"geometry":{"type":"Polygon","coordinates":[[[19.926365,50.048318],[19.92644,50.048252],[19.926586,50.048317],[19.926509,50.048385],[19.926365,50.048318]]]}},{"type":"Feature","id":"w233375677","properties":{"type":"yes","levels":2.0,"residential":true,"residents_est":1,"h3_10":"8a1e2e6b3137fff","h3_11":"8b1e2e6b3136fff"},"geometry":{"type":"Polygon","coordinates":[[[19.926264,50.04841],[19.926365,50.048318],[19.926509,50.048385],[19.926404,50.048475],[19.926264,50.04841]]]}},{"type":"Feature","id":"w233375727","properties":{"type":"yes","levels":2.0,"residential":true,"residents_est":1,"h3_10":"8a1e2e6b3137fff","h3_11":"8b1e2e6b3135fff"},"geometry":{"type":"Polygon","coordinates":[[[19.927663,50.048666],[19.927748,50.048609],[19.927879,50.048685],[19.927793,50.048742],[19.927663,50.048666]]]}},{"type":"Feature","id":"w233376346","properties":{"type":"yes","levels":4.0,"residential":true,"residents_est":3,"h3_10":"8a1e2e6b3137fff","h3_11":"8b1e2e6b3134fff"},"geometry":{"type":"Polygon","coordinates":[[[19.926858,50.048803],[19.926955,50.048713],[19.927119,50.048796],[19.927019,50.048887],[19.926858,50.048803]]]}},{"type":"Feature","id":"w233376680","properties":{"type":"apartments","levels":3.0,"residential":true,"residents_est":4,"h3_10":"8a1e2e6b3137fff","h3_11":"8b1e2e6b3131fff"},"geometry":{"type":"Polygon","coordinates":[[[19.928058,50.048326],[19.928141,50.048271],[19.928311,50.048378],[19.928196,50.048453],[19.928059,50.048367],[19.92809,50.048347],[19.928058,50.048326]]]}},{"type":"Feature","id":"w233376996","properties":{"type":"yes","residential":false,"residents_est":0,"h3_10":"8a1e2e6b3137fff","h3_11":"8b1e2e6b3131fff"},"geometry":{"type":"Polygon","coordinates":[[[19.92768,50.048192],[19.927696,50.048178],[19.927716,50.04819],[19.927753,50.048171],[19.927812,50.048205],[19.927771,50.048236],[19.92768,50.048192]]]}},{"type":"Feature","id":"w233377344","properties":{"type":"yes","levels":2.0,"residential":true,"residents_est":1,"h3_10":"8a1e2e6b3127fff","h3_11":"8b1e2e6b3120fff"},"geometry":{"type":"Polygon","coordinates":[[[19.928757,50.049169],[19.928864,50.049104],[19.92899,50.049181],[19.928944,50.04921],[19.928952,50.049215],[19.928919,50.049236],[19.928906,50.049228],[19.928879,50.049246],[19.928757,50.049169]]]}},{"type":"Feature","id":"w233377381","properties":{"type":"yes","levels":4.0,"residential":true,"residents_est":3,"h3_10":"8a1e2e6b3127fff","h3_11":"8b1e2e6b3122fff"},"geometry":{"type":"Polygon","coordinates":[[[19.928139,50.048774],[19.928268,50.048684],[19.928318,50.048714],[19.928338,50.048699],[19.928386,50.048727],[19.928366,50.048741],[19.928412,50.048768],[19.928285,50.04886],[19.928139,50.048774]]]}},{"type":"Feature","id":"w233377419","properties":{"type":"apartments","levels":2.0,"address":"Edmunda Wasilewskiego 22","residential":true,"residents_est":2,"h3_10":"8a1e2e6b3107fff","h3_11":"8b1e2e6b3105fff"},"geometry":{"type":"Polygon","coordinates":[[[19.929512,50.048579],[19.929559,50.048448],[19.929703,50.048462],[19.929691,50.048495],[19.929622,50.048488],[19.929609,50.048525],[19.929677,50.048533],[19.929655,50.048595],[19.929512,50.048579]]]}},{"type":"Feature","id":"w233377536","properties":{"type":"school","levels":1.0,"residential":false,"residents_est":0,"h3_10":"8a1e2e6b3127fff","h3_11":"8b1e2e6b3126fff"},"geometry":{"type":"Polygon","coordinates":[[[19.927972,50.04914],[19.928073,50.049071],[19.928167,50.049127],[19.928376,50.048983],[19.928512,50.049064],[19.928275,50.049229],[19.928254,50.049216],[19.928176,50.049268],[19.927972,50.04914]]]}},{"type":"Feature","id":"w233377646","properties":{"type":"yes","levels":3.0,"residential":true,"residents_est":2,"h3_10":"8a1e2e6b3127fff","h3_11":"8b1e2e6b3122fff"},"geometry":{"type":"Polygon","coordinates":[[[19.928466,50.048547],[19.92857,50.048477],[19.928706,50.048559],[19.928606,50.048629],[19.92852,50.048585],[19.928525,50.048581],[19.928466,50.048547]]]}},{"type":"Feature","id":"w233377943","properties":{"type":"yes","levels":2.0,"residential":true,"residents_est":1,"h3_10":"8a1e2e6b3137fff","h3_11":"8b1e2e6b3133fff"},"geometry":{"type":"Polygon","coordinates":[[[19.927542,50.048131],[19.927608,50.048071],[19.927709,50.048119],[19.927669,50.048155],[19.927686,50.048162],[19.927696,50.048178],[19.92768,50.048192],[19.927542,50.048131]]]}},{"type":"Feature","id":"w233378117","properties":{"type":"yes","levels":2.0,"residential":true,"residents_est":1,"h3_10":"8a1e2e6b3137fff","h3_11":"8b1e2e6b3130fff"},"geometry":{"type":"Polygon","coordinates":[[[19.927443,50.048217],[19.927542,50.048131],[19.92768,50.048192],[19.927664,50.048206],[19.92769,50.048219],[19.927605,50.048292],[19.927443,50.048217]]]}},{"type":"Feature","id":"w239521500","properties":{"type":"detached","levels":1.0,"residential":true,"residents_est":1,"h3_10":"8a1e2e6b30cffff","h3_11":"8b1e2e6b30cdfff"},"geometry":{"type":"Polygon","coordinates":[[[19.936053,50.042663],[19.936112,50.042558],[19.936227,50.042585],[19.936172,50.04269],[19.936053,50.042663]]]}},{"type":"Feature","id":"w239521501","properties":{"type":"garage","residential":false,"residents_est":0,"h3_10":"8a1e2e6b30cffff","h3_11":"8b1e2e6b30cdfff"},"geometry":{"type":"Polygon","coordinates":[[[19.936187,50.042698],[19.936246,50.042577],[19.936283,50.042586],[19.936226,50.042706],[19.936187,50.042698]]]}},{"type":"Feature","id":"w255587968","properties":{"type":"yes","levels":7.0,"address":"Twardowskiego 37","residential":true,"residents_est":10,"h3_10":"8a1e2e6b3187fff","h3_11":"8b1e2e6b3180fff"},"geometry":{"type":"Polygon","coordinates":[[[19.926556,50.045564],[19.926608,50.045432],[19.926597,50.04543],[19.926668,50.045325],[19.926699,50.045332],[19.926707,50.045315],[19.926837,50.045361],[19.926823,50.045395],[19.926842,50.045398],[19.926825,50.045441],[19.926718,50.045424],[19.926711,50.045444],[19.9268,50.045458],[19.926745,50.0456],[19.926562,50.04557],[19.926556,50.045564]]]}},{"type":"Feature","id":"w301936204","properties":{"type":"yes","levels":4.0,"address":"Marii Konopnickiej 17","name":"Centrum Kongresowe ICE Kraków","residential":false,"residents_est":0,"h3_10":"8a1e2e6b3177fff","h3_11":"8b1e2e6b3172fff"},"geometry":{"type":"Polygon","coordinates":[[[19.930595,50.048101],[19.930667,50.047916],[19.930727,50.047926],[19.930738,50.047899],[19.930748,50.047871],[19.930688,50.047862],[19.93079,50.047599],[19.931899,50.047596],[19.93202,50.047694],[19.93208,50.047706],[19.932143,50.047692],[19.932164,50.047676],[19.932188,50.047637],[19.932188,50.047595],[19.932443,50.047592],[19.932457,50.047601],[19.932419,50.047702],[19.932402,50.047699],[19.93234,50.047853],[19.932228,50.048013],[19.932243,50.048017],[19.93219,50.04808],[19.932166,50.048099],[19.932136,50.048104],[19.932066,50.048084],[19.932049,50.048086],[19.931952,50.048187],[19.931897,50.048225],[19.931809,50.048267],[19.931713,50.048296],[19.931548,50.048312],[19.93143,50.048303],[19.931303,50.048284],[19.9309,50.048193],[19.930595,50.048101]]]}},{"type":"Feature","id":"w301936213","properties":{"type":"office","residential":false,"residents_est":0,"h3_10":"8a1e2e6b310ffff","h3_11":"8b1e2e6b310bfff"},"geometry":{"type":"Polygon","coordinates":[[[19.931291,50.047233],[19.93133,50.047186],[19.931524,50.047249],[19.93151,50.047336],[19.931435,50.047323],[19.931447,50.047286],[19.931291,50.047233]]]}},{"type":"Feature","id":"w301936219","properties":{"type":"apartments","levels":5.0,"residential":true,"residents_est":11,"h3_10":"8a1e2e6b3027fff","h3_11":"8b1e2e6b3023fff"},"geometry":{"type":"Polygon","coordinates":[[[19.931365,50.045941],[19.931442,50.04594],[19.931443,50.045978],[19.931466,50.045978],[19.931499,50.045873],[19.931658,50.045891],[19.931614,50.046034],[19.931589,50.046047],[19.931372,50.04605],[19.931365,50.045941]]]}},{"type":"Feature","id":"w301936230","properties":{"type":"yes","residential":true,"residents_est":0,"h3_10":"8a1e2e6b3007fff","h3_11":"8b1e2e6b3004fff"},"geometry":{"type":"Polygon","coordinates":[[[19.931415,50.045734],[19.931434,50.045662],[19.931508,50.04567],[19.93149,50.045742],[19.931415,50.045734]]]}},{"type":"Feature","id":"w301936249","properties":{"type":"service","residential":false,"residents_est":0,"h3_10":"8a1e2e6b3007fff","h3_11":"8b1e2e6b3004fff"},"geometry":{"type":"Polygon","coordinates":[[[19.931255,50.045684],[19.931272,50.045638],[19.931339,50.045648],[19.931322,50.045694],[19.931255,50.045684]]]}},{"type":"Feature","id":"w301936254","properties":{"type":"yes","residential":true,"residents_est":1,"h3_10":"8a1e2e6b3007fff","h3_11":"8b1e2e6b3004fff"},"geometry":{"type":"Polygon","coordinates":[[[19.931434,50.045662],[19.931458,50.045574],[19.931533,50.045583],[19.931508,50.04567],[19.931434,50.045662]]]}},{"type":"Feature","id":"w301936260","properties":{"type":"yes","levels":5.0,"residential":true,"residents_est":6,"h3_10":"8a1e2e6b311ffff","h3_11":"8b1e2e6b3118fff"},"geometry":{"type":"Polygon","coordinates":[[[19.92932,50.046638],[19.929465,50.046571],[19.92968,50.046753],[19.929539,50.046822],[19.92932,50.046638]]]}},{"type":"Feature","id":"w301936272","properties":{"type":"detached","levels":5.0,"address":"Barska 61a","residential":true,"residents_est":7,"h3_10":"8a1e2e6b3157fff","h3_11":"8b1e2e6b3152fff"},"geometry":{"type":"Polygon","coordinates":[[[19.932413,50.046882],[19.93245,50.046732],[19.932582,50.046751],[19.93257,50.0468],[19.932598,50.046804],[19.932589,50.046833],[19.932562,50.04683],[19.932546,50.046899],[19.932413,50.046882]]]}},{"type":"Feature","id":"w301936278","properties":{"type":"terrace","levels":6.0,"address":"Barska 61","residential":true,"residents_est":9,"h3_10":"8a1e2e6b3157fff","h3_11":"8b1e2e6b3153fff"},"geometry":{"type":"Polygon","coordinates":[[[19.932731,50.046923],[19.932761,50.046858],[19.932735,50.046853],[19.932747,50.046824],[19.932774,50.046829],[19.932795,50.046782],[19.93294,50.046801],[19.932866,50.046943],[19.932731,50.046923]]]}},{"type":"Feature","id":"w302960810","properties":{"type":"apartments","levels":4.0,"address":"Edmunda Wasilewskiego 20","residential":true,"residents_est":14,"h3_10":"8a1e2e6b3127fff","h3_11":"8b1e2e6b3123fff"},"geometry":{"type":"Polygon","coordinates":[[[19.929311,50.048847],[19.929316,50.048843],[19.929324,50.048847],[19.929375,50.048811],[19.929367,50.048807],[19.92944,50.048755],[19.929451,50.048757],[19.929506,50.048606],[19.929662,50.04863],[19.929644,50.04868],[19.929707,50.04869],[19.929637,50.048791],[19.929544,50.048776],[19.929521,50.04884],[19.929549,50.048845],[19.929515,50.048937],[19.929424,50.048923],[19.92943,50.048906],[19.92939,50.048882],[19.92938,50.048888],[19.929311,50.048847]]]}},{"type":"Feature","id":"w302960811","properties":{"type":"apartments","levels":1.0,"address":"Jana Kilińskiego 13","residential":false,"residents_est":0,"h3_10":"8a1e2e6b312ffff","h3_11":"8b1e2e6b312cfff"},"geometry":{"type":"Polygon","coordinates":[[[19.930394,50.048928],[19.930395,50.048898],[19.930462,50.048899],[19.930461,50.048929],[19.930394,50.048928]]]}},{"type":"Feature","id":"w302960816","properties":{"type":"yes","residential":true,"residents_est":0,"h3_10":"8a1e2e6b3127fff","h3_11":"8b1e2e6b3125fff"},"geometry":{"type":"Polygon","coordinates":[[[19.929041,50.049644],[19.929104,50.049592],[19.929164,50.049624],[19.9291,50.049675],[19.929041,50.049644]]]}},{"type":"Feature","id":"w302960820","properties":{"type":"yes","residential":false,"residents_est":0,"h3_10":"8a1e2e6b3127fff","h3_11":"8b1e2e6b3125fff"},"geometry":{"type":"Polygon","coordinates":[[[19.928982,50.04959],[19.929035,50.049555],[19.929069,50.049577],[19.929016,50.049611],[19.928982,50.04959]]]}},{"type":"Feature","id":"w302960821","properties":{"type":"yes","residential":false,"residents_est":0,"h3_10":"8a1e2e6b3127fff","h3_11":"8b1e2e6b3121fff"},"geometry":{"type":"Polygon","coordinates":[[[19.929794,50.049112],[19.929934,50.04911],[19.929935,50.049138],[19.929795,50.049141],[19.929794,50.049112]]]}},{"type":"Feature","id":"w303007044","properties":{"type":"garage","residential":false,"residents_est":0,"h3_10":"8a1e2e6b3137fff","h3_11":"8b1e2e6b3134fff"},"geometry":{"type":"Polygon","coordinates":[[[19.927318,50.048758],[19.927373,50.048714],[19.927415,50.048735],[19.92736,50.048779],[19.927318,50.048758]]]}},{"type":"Feature","id":"w303182537","properties":{"type":"apartments","levels":5.0,"address":"Twardowskiego 48","residential":true,"residents_est":28,"h3_10":"8a1e2e6b3197fff","h3_11":"8b1e2e6b3195fff"},"geometry":{"type":"Polygon","coordinates":[[[19.925349,50.04479],[19.92538,50.044735],[19.925459,50.044754],[19.925467,50.044743],[19.925516,50.044754],[19.92553,50.044737],[19.925482,50.044717],[19.925489,50.044705],[19.925415,50.044673],[19.92546,50.044593],[19.926002,50.044823],[19.925905,50.044917],[19.925797,50.044871],[19.92578,50.044892],[19.9257,50.044873],[19.925705,50.044863],[19.925685,50.044858],[19.925679,50.044868],[19.925349,50.04479]]]}},{"type":"Feature","id":"w303182545","properties":{"type":"yes","residential":false,"residents_est":0,"h3_10":"8a1e2e6b31a7fff","h3_11":"8b1e2e6b31a2fff"},"geometry":{"type":"Polygon","coordinates":[[[19.925916,50.046036],[19.925937,50.045998],[19.926025,50.046018],[19.926004,50.046056],[19.925916,50.046036]]]}},{"type":"Feature","id":"w303182552","properties":{"type":"garage","residential":false,"residents_est":0,"h3_10":"8a1e2e6b3197fff","h3_11":"8b1e2e6b3194fff"},"geometry":{"type":"Polygon","coordinates":[[[19.924745,50.045036],[19.924828,50.045003],[19.924845,50.045021],[19.924761,50.045054],[19.924745,50.045036]]]}},{"type":"Feature","id":"w303182563","properties":{"type":"garage","residential":false,"residents_est":0,"h3_10":"8a1e2e6b31a7fff","h3_11":"8b1e2e6b31a0fff"},"geometry":{"type":"Polygon","coordinates":[[[19.926041,50.046413],[19.926073,50.046361],[19.926111,50.04637],[19.926079,50.046422],[19.926041,50.046413]]]}},{"type":"Feature","id":"w303182571","properties":{"type":"garage","residential":false,"residents_est":0,"h3_10":"8a1e2e6b31b7fff","h3_11":"8b1e2e6b31b3fff"},"geometry":{"type":"Polygon","coordinates":[[[19.924819,50.045278],[19.924878,50.045269],[19.924898,50.045322],[19.924839,50.045331],[19.924819,50.045278]]]}},{"type":"Feature","id":"w303182574","properties":{"type":"garage","residential":false,"residents_est":0,"h3_10":"8a1e2e6b31b7fff","h3_11":"8b1e2e6b31b2fff"},"geometry":{"type":"Polygon","coordinates":[[[19.924112,50.04537],[19.924144,50.045351],[19.924195,50.045386],[19.924163,50.045405],[19.924112,50.04537]]]}},{"type":"Feature","id":"w303182578","properties":{"type":"yes","residential":true,"residents_est":0,"h3_10":"8a1e2e6b31a7fff","h3_11":"8b1e2e6b31a2fff"},"geometry":{"type":"Polygon","coordinates":[[[19.925763,50.046001],[19.925785,50.045963],[19.925937,50.045998],[19.925916,50.046036],[19.925763,50.046001]]]}},{"type":"Feature","id":"w303182581","properties":{"type":"garage","residential":false,"residents_est":0,"h3_10":"8a1e2e6b31a7fff","h3_11":"8b1e2e6b31a6fff"},"geometry":{"type":"Polygon","coordinates":[[[19.925701,50.046511],[19.925727,50.046465],[19.925808,50.046481],[19.925784,50.046529],[19.925701,50.046511]]]}},{"type":"Feature","id":"w303182585","properties":{"type":"apartments","levels":3.0,"residential":true,"residents_est":3,"h3_10":"8a1e2e6b3197fff","h3_11":"8b1e2e6b3194fff"},"geometry":{"type":"Polygon","coordinates":[[[19.924919,50.044932],[19.924972,50.044841],[19.925116,50.044874],[19.925067,50.044965],[19.924919,50.044932]]]}},{"type":"Feature","id":"w303182598","properties":{"type":"yes","residential":true,"residents_est":0,"h3_10":"8a1e2e6b3187fff","h3_11":"8b1e2e6b3180fff"},"geometry":{"type":"Polygon","coordinates":[[[19.926229,50.045514],[19.926282,50.045438],[19.926342,50.045454],[19.926293,50.04553],[19.926229,50.045514]]]}},{"type":"Feature","id":"w303182606","properties":{"type":"apartments","levels":7.0,"address":"Władysława Mitkowskiego 4","residential":true,"residents_est":76,"h3_10":"8a1e2e6b3187fff","h3_11":"8b1e2e6b3184fff"},"geometry":{"type":"Polygon","coordinates":[[[19.92602,50.045986],[19.926045,50.045917],[19.926067,50.04592],[19.926094,50.045847],[19.926303,50.045878],[19.926292,50.045908],[19.926409,50.045926],[19.926403,50.045943],[19.926455,50.045951],[19.92646,50.045937],[19.926435,50.045933],[19.926496,50.045768],[19.926521,50.045772],[19.926526,50.045758],[19.926456,50.045748],[19.926449,50.045765],[19.926344,50.045749],[19.92635,50.045732],[19.92633,50.04573],[19.926323,50.045746],[19.926186,50.045725],[19.926212,50.045656],[19.926233,50.045659],[19.926262,50.04558],[19.926435,50.045606],[19.92643,50.04562],[19.926549,50.045638],[19.926541,50.045659],[19.926731,50.045688],[19.926583,50.046095],[19.926386,50.046065],[19.926395,50.046043],[19.926246,50.04602],[19.926251,50.046004],[19.926231,50.046001],[19.926225,50.046017],[19.92602,50.045986]]]}},{"type":"Feature","id":"w303182609","properties":{"type":"yes","residential":false,"residents_est":0,"h3_10":"8a1e2e6b31a7fff","h3_11":"8b1e2e6b31a6fff"},"geometry":{"type":"Polygon","coordinates":[[[19.925536,50.046462],[19.925554,50.046427],[19.925611,50.046439],[19.925593,50.046475],[19.925536,50.046462]]]}},{"type":"Feature","id":"w303182617","properties":{"type":"service","residential":false,"residents_est":0,"h3_10":"8a1e2e6b3197fff","h3_11":"8b1e2e6b3195fff"},"geometry":{"type":"Polygon","coordinates":[[[19.92549,50.045038],[19.925519,50.044992],[19.925578,50.045007],[19.92555,50.045054],[19.92549,50.045038]]]}},{"type":"Feature","id":"w303182621","properties":{"type":"yes","residential":true,"residents_est":0,"h3_10":"8a1e2e6b31a7fff","h3_11":"8b1e2e6b31a6fff"},"geometry":{"type":"Polygon","coordinates":[[[19.925587,50.046486],[19.925611,50.046439],[19.925727,50.046465],[19.925701,50.046511],[19.925587,50.046486]]]}},{"type":"Feature","id":"w303182622","properties":{"type":"shed","residential":false,"residents_est":0,"h3_10":"8a1e2e6b31a7fff","h3_11":"8b1e2e6b31a6fff"},"geometry":{"type":"Polygon","coordinates":[[[19.925852,50.046548],[19.925876,50.046498],[19.925965,50.046517],[19.925957,50.046531],[19.925922,50.046524],[19.925906,50.046559],[19.925852,50.046548]]]}},{"type":"Feature","id":"w303182623","properties":{"type":"apartments","levels":6.0,"address":"Dworska 23","residential":true,"residents_est":45,"h3_10":"8a1e2e6b3197fff","h3_11":"8b1e2e6b3196fff"},"geometry":{"type":"Polygon","coordinates":[[[19.924207,50.044494],[19.924309,50.044317],[19.924339,50.044283],[19.924914,50.044421],[19.924789,50.044634],[19.924608,50.04459],[19.924655,50.044509],[19.924435,50.044456],[19.924388,50.044537],[19.924207,50.044494]]]}},{"type":"Feature","id":"w303182624","properties":{"type":"yes","levels":3.0,"residential":true,"residents_est":2,"h3_10":"8a1e2e6b31a7fff","h3_11":"8b1e2e6b31a6fff"},"geometry":{"type":"Polygon","coordinates":[[[19.925461,50.046326],[19.925493,50.046268],[19.925725,50.046321],[19.925706,50.046355],[19.925737,50.046362],[19.925716,50.046401],[19.925585,50.046371],[19.925576,50.046354],[19.925461,50.046326]]]}},{"type":"Feature","id":"w304685837","properties":{"type":"apartments","levels":5.0,"residential":true,"residents_est":7,"h3_10":"8a1e2e6b3187fff","h3_11":"8b1e2e6b3181fff"},"geometry":{"type":"Polygon","coordinates":[[[19.927378,50.045366],[19.927469,50.045265],[19.927505,50.045278],[19.927511,50.045271],[19.927581,50.045297],[19.927574,50.045305],[19.927588,50.04531],[19.927595,50.045302],[19.927605,50.045306],[19.927598,50.045313],[19.927636,50.045327],[19.927543,50.045428],[19.927378,50.045366]]]}},{"type":"Feature","id":"w304685840","properties":{"type":"service","residential":false,"residents_est":0,"h3_10":"8a1e2e6b319ffff","h3_11":"8b1e2e6b319afff"},"geometry":{"type":"Polygon","coordinates":[[[19.926644,50.043912],[19.92666,50.043869],[19.926725,50.04388],[19.926709,50.043922],[19.926644,50.043912]]]}},{"type":"Feature","id":"w304685843","properties":{"type":"garages","residential":false,"residents_est":0,"h3_10":"8a1e2e6b3037fff","h3_11":"8b1e2e6b3036fff"},"geometry":{"type":"Polygon","coordinates":[[[19.928671,50.045867],[19.928853,50.045535],[19.928931,50.045552],[19.92875,50.045884],[19.928671,50.045867]]]}},{"type":"Feature","id":"w304685844","properties":{"type":"garage","residential":false,"residents_est":0,"h3_10":"8a1e2e6b31affff","h3_11":"8b1e2e6b31a9fff"},"geometry":{"type":"Polygon","coordinates":[[[19.928887,50.045971],[19.928901,50.045945],[19.928967,50.04596],[19.928953,50.045986],[19.928887,50.045971]]]}},{"type":"Feature","id":"w304685846","properties":{"type":"service","name":"Rozdzielnia 15kV \"RS Dębniki\"","residential":false,"residents_est":0,"h3_10":"8a1e2e6b319ffff","h3_11":"8b1e2e6b3198fff"},"geometry":{"type":"Polygon","coordinates":[[[19.926823,50.04452],[19.927031,50.044377],[19.927123,50.044433],[19.926914,50.044576],[19.926823,50.04452]]]}},{"type":"Feature","id":"w304685847","properties":{"type":"retail","levels":1.0,"residential":false,"residents_est":0,"h3_10":"8a1e2e6b318ffff","h3_11":"8b1e2e6b3189fff"},"geometry":{"type":"Polygon","coordinates":[[[19.929125,50.045255],[19.929146,50.045211],[19.929219,50.045225],[19.929198,50.04527],[19.929125,50.045255]]]}},{"type":"Feature","id":"w304685851","properties":{"type":"retail","levels":1.0,"residential":false,"residents_est":0,"h3_10":"8a1e2e6b318ffff","h3_11":"8b1e2e6b3189fff"},"geometry":{"type":"Polygon","coordinates":[[[19.928957,50.045112],[19.928986,50.04505],[19.929057,50.045064],[19.929028,50.045126],[19.928957,50.045112]]]}},{"type":"Feature","id":"w304685855","properties":{"type":"service","residential":false,"residents_est":0,"h3_10":"8a1e2e6b318ffff","h3_11":"8b1e2e6b318afff"},"geometry":{"type":"Polygon","coordinates":[[[19.928302,50.044589],[19.928319,50.044547],[19.928391,50.044559],[19.928374,50.044601],[19.928302,50.044589]]]}},{"type":"Feature","id":"w304685866","properties":{"type":"garage","residential":false,"residents_est":0,"h3_10":"8a1e2e6b300ffff","h3_11":"8b1e2e6b300efff"},"geometry":{"type":"Polygon","coordinates":[[[19.932666,50.0449],[19.932676,50.044874],[19.932749,50.044885],[19.93274,50.044911],[19.932666,50.0449]]]}},{"type":"Feature","id":"w304685867","properties":{"type":"retail","levels":1.0,"residential":false,"residents_est":0,"h3_10":"8a1e2e6b318ffff","h3_11":"8b1e2e6b3189fff"},"geometry":{"type":"Polygon","coordinates":[[[19.929167,50.045167],[19.929202,50.045094],[19.929275,50.045108],[19.92924,50.045182],[19.929167,50.045167]]]}},{"type":"Feature","id":"w304685870","properties":{"type":"garage","residential":false,"residents_est":0,"h3_10":"8a1e2e6b318ffff","h3_11":"8b1e2e6b318dfff"},"geometry":{"type":"Polygon","coordinates":[[[19.928734,50.045246],[19.928792,50.045124],[19.92887,50.045139],[19.928814,50.045262],[19.928734,50.045246]]]}},{"type":"Feature","id":"w304685871","properties":{"type":"yes","residential":true,"residents_est":0,"h3_10":"8a1e2e6b3117fff","h3_11":"8b1e2e6b3113fff"},"geometry":{"type":"Polygon","coordinates":[[[19.928089,50.047012],[19.928131,50.046954],[19.928207,50.046977],[19.928163,50.047034],[19.928089,50.047012]]]}},{"type":"Feature","id":"w304685872","properties":{"type":"garage","residential":false,"residents_est":0,"h3_10":"8a1e2e6b318ffff","h3_11":"8b1e2e6b318cfff"},"geometry":{"type":"Polygon","coordinates":[[[19.927678,50.045283],[19.927736,50.045222],[19.927796,50.045248],[19.927737,50.045309],[19.927678,50.045283]]]}},{"type":"Feature","id":"w304685873","properties":{"type":"retail","address":"Dworska 2A","residential":false,"residents_est":0,"h3_10":"8a1e2e6b318ffff","h3_11":"8b1e2e6b3189fff"},"geometry":{"type":"Polygon","coordinates":[[[19.928897,50.045242],[19.928957,50.045112],[19.929028,50.045126],[19.928967,50.045255],[19.928897,50.045242]]]}},{"type":"Feature","id":"w304685875","properties":{"type":"garage","residential":false,"residents_est":0,"h3_10":"8a1e2e6b318ffff","h3_11":"8b1e2e6b318cfff"},"geometry":{"type":"Polygon","coordinates":[[[19.927994,50.045402],[19.928043,50.045358],[19.928087,50.045381],[19.92804,50.045423],[19.927994,50.045402]]]}},{"type":"Feature","id":"w304685889","properties":{"type":"retail","residential":false,"residents_est":0,"h3_10":"8a1e2e6b3037fff","h3_11":"8b1e2e6b3032fff"},"geometry":{"type":"Polygon","coordinates":[[[19.929105,50.045297],[19.929125,50.045255],[19.929198,50.04527],[19.929178,50.045311],[19.929105,50.045297]]]}},{"type":"Feature","id":"w304685895","properties":{"type":"garage","residential":false,"residents_est":0,"h3_10":"8a1e2e6b318ffff","h3_11":"8b1e2e6b3189fff"},"geometry":{"type":"Polygon","coordinates":[[[19.92874,50.045002],[19.928764,50.044957],[19.928804,50.044966],[19.92878,50.045011],[19.92874,50.045002]]]}},{"type":"Feature","id":"w304685899","properties":{"type":"service","residential":false,"residents_est":0,"h3_10":"8a1e2e6b3017fff","h3_11":"8b1e2e6b3012fff"},"geometry":{"type":"Polygon","coordinates":[[[19.930055,50.044426],[19.930073,50.044383],[19.930137,50.044394],[19.93012,50.044437],[19.930055,50.044426]]]}},{"type":"Feature","id":"w304685902","properties":{"type":"service","residential":false,"residents_est":0,"h3_10":"8a1e2e6b30affff","h3_11":"8b1e2e6b30a9fff"},"geometry":{"type":"Polygon","coordinates":[[[19.93084,50.043685],[19.930857,50.043642],[19.930921,50.043653],[19.930904,50.043695],[19.93084,50.043685]]]}},{"type":"Feature","id":"w304685903","properties":{"type":"retail","residential":false,"residents_est":0,"h3_10":"8a1e2e6b318ffff","h3_11":"8b1e2e6b318dfff"},"geometry":{"type":"Polygon","coordinates":[[[19.928868,50.045304],[19.928897,50.045242],[19.928967,50.045255],[19.928939,50.045317],[19.928868,50.045304]]]}},{"type":"Feature","id":"w304685911","properties":{"type":"retail","levels":1.0,"residential":false,"residents_est":0,"h3_10":"8a1e2e6b318ffff","h3_11":"8b1e2e6b3189fff"},"geometry":{"type":"Polygon","coordinates":[[[19.929146,50.045211],[19.929167,50.045167],[19.92924,50.045182],[19.929219,50.045225],[19.929146,50.045211]]]}},{"type":"Feature","id":"w304685914","properties":{"type":"apartments","levels":1.0,"residential":true,"residents_est":1,"h3_10":"8a1e2e6b318ffff","h3_11":"8b1e2e6b3189fff"},"geometry":{"type":"Polygon","coordinates":[[[19.928735,50.045113],[19.92878,50.04502],[19.928914,50.045047],[19.92887,50.045139],[19.928735,50.045113]]]}},{"type":"Feature","id":"w304685916","properties":{"type":"yes","residential":true,"residents_est":0,"h3_10":"8a1e2e6b31affff","h3_11":"8b1e2e6b31acfff"},"geometry":{"type":"Polygon","coordinates":[[[19.927494,50.046423],[19.927535,50.046386],[19.927658,50.046449],[19.927618,50.046484],[19.927494,50.046423]]]}},{"type":"Feature","id":"w304685917","properties":{"type":"garage","residential":false,"residents_est":0,"h3_10":"8a1e2e6b3187fff","h3_11":"8b1e2e6b3183fff"},"geometry":{"type":"Polygon","coordinates":[[[19.926725,50.044861],[19.926778,50.044796],[19.926811,50.044807],[19.926762,50.044874],[19.926725,50.044861]]]}},{"type":"Feature","id":"w304685918","properties":{"type":"garage","residential":false,"residents_est":0,"h3_10":"8a1e2e6b3187fff","h3_11":"8b1e2e6b3183fff"},"geometry":{"type":"Polygon","coordinates":[[[19.927042,50.045074],[19.927076,50.045035],[19.927238,50.045091],[19.927217,50.045115],[19.927095,50.045072],[19.927081,50.045085],[19.927042,50.045074]]]}},{"type":"Feature","id":"w304685919","properties":{"type":"yes","levels":5.0,"residential":true,"residents_est":7,"h3_10":"8a1e2e6b3117fff","h3_11":"8b1e2e6b3112fff"},"geometry":{"type":"Polygon","coordinates":[[[19.927551,50.046816],[19.927595,50.046763],[19.927623,50.046775],[19.927712,50.046693],[19.927957,50.046782],[19.927866,50.046909],[19.927551,50.046816]]]}},{"type":"Feature","id":"w304685921","properties":{"type":"kiosk","levels":1.0,"residential":false,"residents_est":0,"h3_10":"8a1e2e6b30affff","h3_11":"8b1e2e6b30abfff"},"geometry":{"type":"Polygon","coordinates":[[[19.930645,50.043187],[19.930662,50.043145],[19.930691,50.043149],[19.930704,50.043163],[19.930695,50.043185],[19.930672,50.043192],[19.930645,50.043187]]]}},{"type":"Feature","id":"w304685922","properties":{"type":"yes","levels":2.0,"address":"Mieszczańska 5","residential":true,"residents_est":1,"h3_10":"8a1e2e6b31affff","h3_11":"8b1e2e6b31a8fff"},"geometry":{"type":"Polygon","coordinates":[[[19.927741,50.046217],[19.927796,50.046171],[19.927844,50.046194],[19.927857,50.046183],[19.927932,50.046219],[19.927864,50.046277],[19.927741,50.046217]]]}},{"type":"Feature","id":"w304685923","properties":{"type":"yes","residential":true,"residents_est":0,"h3_10":"8a1e2e6b3187fff","h3_11":"8b1e2e6b3183fff"},"geometry":{"type":"Polygon","coordinates":[[[19.92674,50.045044],[19.926785,50.044985],[19.926861,50.045012],[19.926819,50.045069],[19.92674,50.045044]]]}},{"type":"Feature","id":"w304685924","properties":{"type":"garage","residential":false,"residents_est":0,"h3_10":"8a1e2e6b318ffff","h3_11":"8b1e2e6b318dfff"},"geometry":{"type":"Polygon","coordinates":[[[19.928721,50.045274],[19.928734,50.045246],[19.928814,50.045262],[19.928809,50.045272],[19.928836,50.045277],[19.928826,50.0453],[19.928799,50.045295],[19.928802,50.045289],[19.928721,50.045274]]]}},{"type":"Feature","id":"w304685925","properties":{"type":"service","residential":false,"residents_est":0,"h3_10":"8a1e2e6b3017fff","h3_11":"8b1e2e6b3014fff"},"geometry":{"type":"Polygon","coordinates":[[[19.929861,50.045141],[19.929878,50.045096],[19.929929,50.045103],[19.929925,50.045114],[19.929948,50.045118],[19.929934,50.045157],[19.929861,50.045141]]]}},{"type":"Feature","id":"w304685926","properties":{"type":"garage","residential":false,"residents_est":0,"h3_10":"8a1e2e6b318ffff","h3_11":"8b1e2e6b318cfff"},"geometry":{"type":"Polygon","coordinates":[[[19.927696,50.04549],[19.927744,50.04544],[19.927816,50.04547],[19.927876,50.045476],[19.927806,50.045538],[19.927696,50.04549]]]}},{"type":"Feature","id":"w304685927","properties":{"type":"service","residential":false,"residents_est":0,"h3_10":"8a1e2e6b3037fff","h3_11":"8b1e2e6b3032fff"},"geometry":{"type":"Polygon","coordinates":[[[19.929255,50.045273],[19.929264,50.045272],[19.929257,50.045232],[19.929265,50.045231],[19.929275,50.045195],[19.929282,50.045195],[19.929306,50.045158],[19.929313,50.04516],[19.92935,50.04513],[19.929357,50.045134],[19.929405,50.045109],[19.929411,50.045113],[19.929467,50.045098],[19.92947,50.045103],[19.929532,50.0451],[19.929591,50.04511],[19.929589,50.045116],[19.929647,50.04513],[19.929644,50.045137],[19.929691,50.045158],[19.929684,50.045164],[19.929722,50.045194],[19.929712,50.045196],[19.929735,50.045234],[19.929643,50.04525],[19.929629,50.045229],[19.929638,50.045226],[19.929613,50.045209],[19.929619,50.045203],[19.929592,50.04519],[19.929593,50.045183],[19.929564,50.045177],[19.929566,50.045169],[19.929529,50.045167],[19.929529,50.045161],[19.929494,50.045165],[19.929491,50.045158],[19.929459,50.045168],[19.929455,50.045164],[19.92942,50.045176],[19.929397,50.045193],[19.92939,50.045191],[19.929373,50.045214],[19.929366,50.045213],[19.929359,50.045234],[19.929353,50.045234],[19.929357,50.045256],[19.92935,50.045258],[19.929363,50.045279],[19.929356,50.045282],[19.929378,50.045302],[19.929373,50.045306],[19.929403,50.045318],[19.929401,50.045323],[19.929431,50.045332],[19.929431,50.045338],[19.929467,50.04534],[19.929469,50.045345],[19.9295,50.045342],[19.929504,50.045348],[19.929545,50.045341],[19.929581,50.045333],[19.9296,50.045314],[19.929607,50.045316],[19.929621,50.045298],[19.929716,50.045313],[19.929693,50.04535],[19.92968,50.045348],[19.929646,50.045378],[19.929638,50.045375],[19.92959,50.045399],[19.929584,50.045395],[19.92953,50.045409],[19.929527,50.045403],[19.929467,50.045408],[19.929467,50.045402],[19.929408,50.045398],[19.929409,50.045393],[19.92935,50.045378],[19.929352,50.045371],[19.929304,50.045348],[19.92931,50.045343],[19.929274,50.045314],[19.929281,50.045312],[19.929255,50.045273]]]}},{"type":"Feature","id":"w304690543","properties":{"type":"yes","address":"Szwedzka 27","name":"Przychodnia Dębniki NZOZ Kraków-Południe","residential":false,"residents_est":0,"h3_10":"8a1e2e6b31b7fff","h3_11":"8b1e2e6b31b6fff"},"geometry":{"type":"Polygon","coordinates":[[[19.923777,50.045747],[19.923849,50.045652],[19.924235,50.045774],[19.924246,50.045761],[19.924202,50.045747],[19.924227,50.045715],[19.924258,50.045724],[19.924245,50.045741],[19.924258,50.045746],[19.924507,50.045422],[19.92466,50.045471],[19.92439,50.045824],[19.924423,50.045835],[19.924353,50.045929],[19.924318,50.045918],[19.924233,50.046029],[19.924079,50.04598],[19.924163,50.045869],[19.923777,50.045747]]]}},{"type":"Feature","id":"w304690545","properties":{"type":"service","residential":false,"residents_est":0,"h3_10":"8a1e2e6b3007fff","h3_11":"8b1e2e6b3003fff"},"geometry":{"type":"Polygon","coordinates":[[[19.931618,50.045033],[19.931636,50.04499],[19.931702,50.045002],[19.931684,50.045044],[19.931618,50.045033]]]}},{"type":"Feature","id":"w304690546","properties":{"type":"commercial","address":"Słomiana 7a","name":"Kancelaria Radcy Prawnego","residential":false,"residents_est":0,"h3_10":"8a1e2e6b30b7fff","h3_11":"8b1e2e6b30b5fff"},"geometry":{"type":"Polygon","coordinates":[[[19.927341,50.04362],[19.927365,50.043573],[19.927496,50.043597],[19.927474,50.043645],[19.927341,50.04362]]]}},{"type":"Feature","id":"w304718829","properties":{"type":"service","residential":false,"residents_est":0,"h3_10":"8a1e2e6b30b7fff","h3_11":"8b1e2e6b30b3fff"},"geometry":{"type":"Polygon","coordinates":[[[19.927596,50.04274],[19.927609,50.042705],[19.927674,50.042714],[19.927661,50.04275],[19.927596,50.04274]]]}},{"type":"Feature","id":"w304737061","properties":{"type":"yes","residential":true,"residents_est":1,"h3_10":"8a1e2e6b309ffff","h3_11":"8b1e2e6b309efff"},"geometry":{"type":"Polygon","coordinates":[[[19.928841,50.041596],[19.928931,50.041537],[19.929086,50.041637],[19.929065,50.04165],[19.929093,50.041669],[19.929082,50.041676],[19.929137,50.04171],[19.929099,50.041738],[19.929043,50.041705],[19.928997,50.041696],[19.928841,50.041596]]]}},{"type":"Feature","id":"w304737064","properties":{"type":"yes","residential":true,"residents_est":1,"h3_10":"8a1e2e6b309ffff","h3_11":"8b1e2e6b3098fff"},"geometry":{"type":"Polygon","coordinates":[[[19.929482,50.041875],[19.929522,50.041847],[19.929524,50.041823],[19.929548,50.041807],[19.929579,50.041806],[19.929623,50.041776],[19.929697,50.041822],[19.929651,50.041852],[19.929673,50.041865],[19.929614,50.041905],[19.929593,50.041893],[19.929555,50.041919],[19.929482,50.041875]]]}},{"type":"Feature","id":"w304737084","properties":{"type":"garage","residential":false,"residents_est":0,"h3_10":"8a1e2e6b30f7fff","h3_11":"8b1e2e6b30f2fff"},"geometry":{"type":"Polygon","coordinates":[[[19.931732,50.042687],[19.931749,50.042643],[19.931907,50.04267],[19.93189,50.042713],[19.931732,50.042687]]]}},{"type":"Feature","id":"w304737087","properties":{"type":"yes","residential":true,"residents_est":4,"h3_10":"8a1e2e6b309ffff","h3_11":"8b1e2e6b309efff"},"geometry":{"type":"Polygon","coordinates":[[[19.928521,50.041873],[19.928822,50.041683],[19.928904,50.041737],[19.928604,50.041926],[19.928521,50.041873]]]}},{"type":"Feature","id":"w304737091","properties":{"type":"greenhouse","residential":false,"residents_est":0,"h3_10":"8a1e2e6b309ffff","h3_11":"8b1e2e6b309cfff"},"geometry":{"type":"Polygon","coordinates":[[[19.929081,50.041942],[19.929264,50.041811],[19.929327,50.041847],[19.929255,50.041898],[19.929327,50.041939],[19.929359,50.041917],[19.929415,50.04195],[19.929249,50.042065],[19.929193,50.042032],[19.929267,50.041981],[19.929198,50.041939],[19.929144,50.041978],[19.929081,50.041942]]]}},{"type":"Feature","id":"w304737093","properties":{"type":"service","levels":1.0,"residential":false,"residents_est":0,"h3_10":"8a1e2e6b30f7fff","h3_11":"8b1e2e6b30f1fff"},"geometry":{"type":"Polygon","coordinates":[[[19.932905,50.04343],[19.932962,50.043409],[19.932999,50.043445],[19.932941,50.043468],[19.932905,50.04343]]]}},{"type":"Feature","id":"w304737096","properties":{"type":"service","residential":false,"residents_est":0,"h3_10":"8a1e2e6b30f7fff","h3_11":"8b1e2e6b30f3fff"},"geometry":{"type":"Polygon","coordinates":[[[19.932668,50.042702],[19.932691,50.042644],[19.932764,50.042657],[19.932742,50.042714],[19.932668,50.042702]]]}},{"type":"Feature","id":"w304737100","properties":{"type":"greenhouse","residential":false,"residents_est":0,"h3_10":"8a1e2e6b309ffff","h3_11":"8b1e2e6b309cfff"},"geometry":{"type":"Polygon","coordinates":[[[19.928493,50.042067],[19.928622,50.041981],[19.929102,50.042279],[19.928973,50.042364],[19.928493,50.042067]]]}},{"type":"Feature","id":"w304737103","properties":{"type":"garage","residential":false,"residents_est":0,"h3_10":"8a1e2e6b308ffff","h3_11":"8b1e2e6b308bfff"},"geometry":{"type":"Polygon","coordinates":[[[19.931308,50.042186],[19.931326,50.042143],[19.931376,50.042152],[19.931358,50.042194],[19.931308,50.042186]]]}},{"type":"Feature","id":"w304737118","properties":{"type":"yes","residential":false,"residents_est":0,"h3_10":"8a1e2e6b309ffff","h3_11":"8b1e2e6b309afff"},"geometry":{"type":"Polygon","coordinates":[[[19.929098,50.041286],[19.929174,50.041247],[19.929224,50.041288],[19.929149,50.041326],[19.929098,50.041286]]]}},{"type":"Feature","id":"w304737124","properties":{"type":"yes","residential":true,"residents_est":0,"h3_10":"8a1e2e6b309ffff","h3_11":"8b1e2e6b309afff"},"geometry":{"type":"Polygon","coordinates":[[[19.929109,50.041468],[19.929143,50.041448],[19.929384,50.041611],[19.92935,50.041633],[19.929109,50.041468]]]}},{"type":"Feature","id":"w304737151","properties":{"type":"yes","residential":true,"residents_est":1,"h3_10":"8a1e2e6b309ffff","h3_11":"8b1e2e6b309afff"},"geometry":{"type":"Polygon","coordinates":[[[19.928741,50.041533],[19.928937,50.041392],[19.92899,50.041422],[19.928794,50.041563],[19.928741,50.041533]]]}},{"type":"Feature","id":"w304737161","properties":{"type":"school","residential":false,"residents_est":0,"h3_10":"8a1e2e6b308ffff","h3_11":"8b1e2e6b3089fff"},"geometry":{"type":"Polygon","coordinates":[[[19.931541,50.042365],[19.931569,50.04229],[19.931666,50.042305],[19.931637,50.04238],[19.931541,50.042365]]]}},{"type":"Feature","id":"w304737164","properties":{"type":"greenhouse","residential":false,"residents_est":0,"h3_10":"8a1e2e6b3087fff","h3_11":"8b1e2e6b3082fff"},"geometry":{"type":"Polygon","coordinates":[[[19.928367,50.042147],[19.928475,50.042076],[19.928952,50.042374],[19.928844,50.042445],[19.928367,50.042147]]]}},{"type":"Feature","id":"w304737181","properties":{"type":"yes","residential":true,"residents_est":4,"h3_10":"8a1e2e6b309ffff","h3_11":"8b1e2e6b3098fff"},"geometry":{"type":"Polygon","coordinates":[[[19.929388,50.041514],[19.929481,50.04145],[19.929786,50.041636],[19.929693,50.041699],[19.929388,50.041514]]]}},{"type":"Feature","id":"w304737326","properties":{"type":"yes","residential":false,"residents_est":0,"h3_10":"8a1e2e6b309ffff","h3_11":"8b1e2e6b309bfff"},"geometry":{"type":"Polygon","coordinates":[[[19.929352,50.041491],[19.929444,50.041428],[19.929481,50.04145],[19.929388,50.041514],[19.929352,50.041491]]]}},{"type":"Feature","id":"w304737424","properties":{"type":"yes","residential":true,"residents_est":2,"h3_10":"8a1e2e6b309ffff","h3_11":"8b1e2e6b309efff"},"geometry":{"type":"Polygon","coordinates":[[[19.928867,50.041794],[19.928929,50.041754],[19.928967,50.041778],[19.929027,50.041739],[19.929177,50.041833],[19.929056,50.041914],[19.928867,50.041794]]]}},{"type":"Feature","id":"w304737469","properties":{"type":"school","levels":2.0,"residential":false,"residents_est":0,"h3_10":"8a1e2e6b30d7fff","h3_11":"8b1e2e6b30d6fff"},"geometry":{"type":"Polygon","coordinates":[[[19.931528,50.042283],[19.93161,50.042068],[19.931822,50.042101],[19.931802,50.042152],[19.931827,50.042156],[19.931765,50.04232],[19.931528,50.042283]]]}},{"type":"Feature","id":"w304737474","properties":{"type":"retail","name":"Złoty Kłos","residential":false,"residents_est":0,"h3_10":"8a1e2e6b308ffff","h3_11":"8b1e2e6b308dfff"},"geometry":{"type":"Polygon","coordinates":[[[19.931386,50.042821],[19.931406,50.042769],[19.931513,50.042787],[19.931518,50.042778],[19.93149,50.042849],[19.931435,50.04284],[19.93144,50.04283],[19.931386,50.042821]]]}},{"type":"Feature","id":"w304737486","properties":{"type":"retail","levels":1.0,"address":"Marii Konopnickiej 21","residential":false,"residents_est":0,"h3_10":"8a1e2e6b30c7fff","h3_11":"8b1e2e6b30c4fff"},"geometry":{"type":"Polygon","coordinates":[[[19.933642,50.043362],[19.933662,50.043306],[19.933832,50.043332],[19.933819,50.043366],[19.933751,50.043356],[19.933737,50.043394],[19.933705,50.043399],[19.933681,50.043384],[19.933687,50.043369],[19.933642,50.043362]]]}},{"type":"Feature","id":"w308245316","properties":{"type":"yes","levels":2.0,"residential":true,"residents_est":1,"h3_10":"8a1e2e6b30cffff","h3_11":"8b1e2e6b30c8fff"},"geometry":{"type":"Polygon","coordinates":[[[19.935677,50.042427],[19.93573,50.042339],[19.935854,50.042369],[19.935795,50.042458],[19.935677,50.042427]]]}},{"type":"Feature","id":"w308245318","properties":{"type":"yes","levels":1.0,"residential":true,"residents_est":2,"h3_10":"8a1e2e6b30cffff","h3_11":"8b1e2e6b30cbfff"},"geometry":{"type":"Polygon","coordinates":[[[19.935898,50.042373],[19.935935,50.042328],[19.935956,50.042333],[19.936043,50.042203],[19.936114,50.04222],[19.936132,50.042191],[19.936104,50.042184],[19.936159,50.042093],[19.936348,50.042142],[19.936162,50.042441],[19.935898,50.042373]]]}},{"type":"Feature","id":"w308245328","properties":{"type":"apartments","levels":1.0,"residential":true,"residents_est":1,"h3_10":"8a1e2e6b30cffff","h3_11":"8b1e2e6b30cdfff"},"geometry":{"type":"Polygon","coordinates":[[[19.936201,50.043039],[19.936245,50.042968],[19.936367,50.043001],[19.936323,50.043071],[19.936201,50.043039]]]}},{"type":"Feature","id":"w308245329","properties":{"type":"yes","residential":false,"residents_est":0,"h3_10":"8a1e2e6b30cffff","h3_11":"8b1e2e6b30cdfff"},"geometry":{"type":"Polygon","coordinates":[[[19.935799,50.042913],[19.935838,50.042853],[19.935892,50.042868],[19.935854,50.042927],[19.935799,50.042913]]]}},{"type":"Feature","id":"w308245338","properties":{"type":"yes","residential":false,"residents_est":0,"h3_10":"8a1e2e6b305ffff","h3_11":"8b1e2e6b3058fff"},"geometry":{"type":"Polygon","coordinates":[[[19.936743,50.044348],[19.936784,50.04433],[19.936819,50.044363],[19.936781,50.044382],[19.936743,50.044348]]]}},{"type":"Feature","id":"w308245369","properties":{"type":"commercial","levels":3.0,"residential":false,"residents_est":0,"h3_10":"8a1e2e6b30cffff","h3_11":"8b1e2e6b30c8fff"},"geometry":{"type":"Polygon","coordinates":[[[19.93573,50.042339],[19.935925,50.042135],[19.936022,50.042173],[19.935865,50.042336],[19.935876,50.042342],[19.935854,50.042369],[19.93573,50.042339]]]}},{"type":"Feature","id":"w308245379","properties":{"type":"terrace","levels":1.0,"residential":true,"residents_est":1,"h3_10":"8a1e2e6b30cffff","h3_11":"8b1e2e6b30c9fff"},"geometry":{"type":"Polygon","coordinates":[[[19.936331,50.042578],[19.936345,50.042548],[19.936392,50.042559],[19.936429,50.042493],[19.936562,50.042522],[19.936509,50.042616],[19.936331,50.042578]]]}},{"type":"Feature","id":"w308319464","properties":{"type":"yes","residential":false,"residents_est":0,"h3_10":"8a1e2e6b312ffff","h3_11":"8b1e2e6b312dfff"},"geometry":{"type":"Polygon","coordinates":[[[19.930754,50.049184],[19.93083,50.049181],[19.930833,50.049206],[19.930756,50.049209],[19.930754,50.049184]]]}},{"type":"Feature","id":"w308319465","properties":{"type":"yes","residential":false,"residents_est":0,"h3_10":"8a1e2e6b312ffff","h3_11":"8b1e2e6b312dfff"},"geometry":{"type":"Polygon","coordinates":[[[19.931066,50.049223],[19.931069,50.049175],[19.931142,50.049177],[19.93114,50.049225],[19.931066,50.049223]]]}},{"type":"Feature","id":"w385045135","properties":{"type":"hotel","address":"Wygrana 6","name":"Best Western PLUS Q Hotel Kraków","residential":false,"residents_est":0,"h3_10":"8a1e2e6b3027fff","h3_11":"8b1e2e6b3025fff"},"geometry":{"type":"Polygon","coordinates":[[[19.931453,50.047063],[19.931526,50.046948],[19.931733,50.047004],[19.9318,50.046717],[19.931822,50.046705],[19.931857,50.046708],[19.931863,50.046687],[19.932043,50.046707],[19.931978,50.046911],[19.93194,50.047071],[19.931933,50.047071],[19.931925,50.047106],[19.931911,50.047106],[19.931904,50.047126],[19.931832,50.047157],[19.931806,50.047154],[19.931794,50.04716],[19.93146,50.047073],[19.931453,50.047063]]]}},{"type":"Feature","id":"w406016827","properties":{"type":"yes","name":"Hostel on The River Marta","residential":true,"residents_est":5,"h3_10":"8a1e2e6b3167fff","h3_11":"8b1e2e6b3163fff"},"geometry":{"type":"Polygon","coordinates":[[[19.93413,50.048788],[19.934376,50.048462],[19.934469,50.048491],[19.934223,50.048817],[19.93413,50.048788]]]}},{"type":"Feature","id":"w479755528","properties":{"type":"office","levels":7.0,"address":"Marii Konopnickiej 31","name":"Jacobs","residential":false,"residents_est":0,"h3_10":"8a1e2e6b300ffff","h3_11":"8b1e2e6b3008fff"},"geometry":{"type":"Polygon","coordinates":[[[19.933151,50.045074],[19.933232,50.044944],[19.933527,50.045023],[19.933636,50.044852],[19.933342,50.044774],[19.933422,50.044645],[19.933478,50.04466],[19.933495,50.044636],[19.93387,50.044733],[19.933852,50.044759],[19.934028,50.044781],[19.933881,50.045264],[19.933803,50.045276],[19.933191,50.045114],[19.933205,50.045091],[19.933151,50.045074]]]}},{"type":"Feature","id":"w507088820","properties":{"type":"yes","residential":true,"residents_est":10,"h3_10":"8a1e2e6b3127fff","h3_11":"8b1e2e6b3121fff"},"geometry":{"type":"Polygon","coordinates":[[[19.92924,50.049161],[19.9298,50.049155],[19.929803,50.049293],[19.929243,50.049299],[19.92924,50.049161]]]}},{"type":"Feature","id":"w507088821","properties":{"type":"yes","residential":true,"residents_est":6,"h3_10":"8a1e2e6b311ffff","h3_11":"8b1e2e6b311dfff"},"geometry":{"type":"Polygon","coordinates":[[[19.929789,50.047196],[19.929811,50.04714],[19.929842,50.047085],[19.929886,50.047096],[19.929973,50.047002],[19.930174,50.047168],[19.930191,50.047159],[19.930229,50.04719],[19.930194,50.047231],[19.929789,50.047196]]]}},{"type":"Feature","id":"w668507469","properties":{"type":"office","levels":6.0,"address":"Twardowskiego 16","name":"Narodowe Centrum Nauki","residential":false,"residents_est":0,"h3_10":"8a1e2e6b3027fff","h3_11":"8b1e2e6b3026fff"},"geometry":{"type":"Polygon","coordinates":[[[19.930291,50.046757],[19.930427,50.046603],[19.930508,50.046385],[19.930518,50.046366],[19.930538,50.046349],[19.930596,50.046327],[19.930797,50.046312],[19.930816,50.046318],[19.930824,50.046328],[19.930819,50.046357],[19.930773,50.046548],[19.930698,50.046651],[19.930723,50.04668],[19.930598,50.046792],[19.93055,50.04681],[19.930504,50.046815],[19.930329,50.046793],[19.930298,50.04678],[19.930291,50.046757]]]}},{"type":"Feature","id":"w668710467","properties":{"type":"garage","residential":false,"residents_est":0,"h3_10":"8a1e2e6b311ffff","h3_11":"8b1e2e6b3119fff"},"geometry":{"type":"Polygon","coordinates":[[[19.930322,50.046938],[19.93037,50.046903],[19.930465,50.046958],[19.930417,50.046992],[19.930322,50.046938]]]}},{"type":"Feature","id":"w702853253","properties":{"type":"yes","address":"Mieszczańska 10","residential":true,"residents_est":10,"h3_10":"8a1e2e6b31affff","h3_11":"8b1e2e6b31aefff"},"geometry":{"type":"Polygon","coordinates":[[[19.926841,50.046216],[19.926879,50.046112],[19.926996,50.046154],[19.926993,50.046159],[19.927019,50.046169],[19.927031,50.046161],[19.927051,50.04617],[19.927045,50.046178],[19.927097,50.046197],[19.927105,50.046189],[19.92711,50.04619],[19.92713,50.046198],[19.927124,50.046206],[19.927176,50.046226],[19.927184,50.046217],[19.927209,50.046228],[19.927203,50.046235],[19.927244,50.04625],[19.927256,50.046243],[19.927276,50.046252],[19.92727,50.04626],[19.927298,50.04627],[19.927319,50.046242],[19.927353,50.046252],[19.927346,50.04626],[19.927368,50.046271],[19.927295,50.046333],[19.927279,50.046327],[19.927266,50.046341],[19.927277,50.046344],[19.927247,50.046381],[19.927224,50.046374],[19.927212,50.04639],[19.927225,50.046394],[19.927222,50.046398],[19.927174,50.046382],[19.927149,50.046412],[19.927157,50.046415],[19.927154,50.046418],[19.926944,50.046352],[19.926955,50.046351],[19.92698,50.046317],[19.926865,50.046278],[19.926886,50.04626],[19.926893,50.046262],[19.9269,50.046253],[19.926887,50.046249],[19.926899,50.046235],[19.926841,50.046216]]]}},{"type":"Feature","id":"w702853264","properties":{"type":"hotel","levels":5.0,"address":"Monte Cassino 1","name":"B&B Hotel Kraków Centrum","residential":false,"residents_est":0,"h3_10":"8a1e2e6b312ffff","h3_11":"8b1e2e6b312efff"},"geometry":{"type":"Polygon","coordinates":[[[19.929715,50.04855],[19.929728,50.048501],[19.929744,50.048481],[19.930537,50.048748],[19.93054,50.048799],[19.930243,50.0488],[19.930246,50.04877],[19.930197,50.048771],[19.930121,50.048745],[19.930157,50.0487],[19.930053,50.048665],[19.930015,50.04871],[19.929826,50.048646],[19.929863,50.048599],[19.929715,50.04855]]]}},{"type":"Feature","id":"w702853265","properties":{"type":"commercial","levels":5.0,"residential":false,"residents_est":0,"h3_10":"8a1e2e6b312ffff","h3_11":"8b1e2e6b312dfff"},"geometry":{"type":"Polygon","coordinates":[[[19.930769,50.048853],[19.931171,50.049066],[19.931177,50.049118],[19.930784,50.049137],[19.930769,50.049002],[19.930783,50.048984],[19.930769,50.048853]]]}},{"type":"Feature","id":"w703040876","properties":{"type":"yes","residential":false,"residents_est":0,"h3_10":"8a1e2e6b31b7fff","h3_11":"8b1e2e6b31b3fff"},"geometry":{"type":"Polygon","coordinates":[[[19.925409,50.045274],[19.925442,50.045235],[19.925502,50.045256],[19.925469,50.045295],[19.925409,50.045274]]]}},{"type":"Feature","id":"w703040877","properties":{"type":"yes","residential":false,"residents_est":0,"h3_10":"8a1e2e6b31b7fff","h3_11":"8b1e2e6b31b3fff"},"geometry":{"type":"Polygon","coordinates":[[[19.925382,50.045368],[19.925408,50.045337],[19.925481,50.045362],[19.925455,50.045393],[19.925382,50.045368]]]}},{"type":"Feature","id":"w714717370","properties":{"type":"yes","address":"Twardowskiego 42A","residential":true,"residents_est":1,"h3_10":"8a1e2e6b3187fff","h3_11":"8b1e2e6b3183fff"},"geometry":{"type":"Polygon","coordinates":[[[19.926841,50.045177],[19.9269,50.045097],[19.926922,50.045094],[19.926998,50.045118],[19.926916,50.045204],[19.926841,50.045177]]]}},{"type":"Feature","id":"w714717372","properties":{"type":"carport","residential":false,"residents_est":0,"h3_10":"8a1e2e6b3197fff","h3_11":"8b1e2e6b3191fff"},"geometry":{"type":"Polygon","coordinates":[[[19.925689,50.044444],[19.925705,50.044404],[19.92597,50.044443],[19.925955,50.044485],[19.925689,50.044444]]]}},{"type":"Feature","id":"w714717373","properties":{"type":"carport","residential":false,"residents_est":0,"h3_10":"8a1e2e6b3197fff","h3_11":"8b1e2e6b3191fff"},"geometry":{"type":"Polygon","coordinates":[[[19.926081,50.044508],[19.926098,50.044465],[19.926263,50.044491],[19.926248,50.044532],[19.926081,50.044508]]]}},{"type":"Feature","id":"r10180236","properties":{"type":"yes","name":"Rondo Grunwaldzkie","residential":false,"residents_est":0,"h3_10":"8a1e2e6b312ffff","h3_11":"8b1e2e6b312bfff"},"geometry":{"type":"MultiPolygon","coordinates":[[[[19.930921,50.048486],[19.930931,50.048474],[19.931082,50.048521],[19.931073,50.048533],[19.930921,50.048486]]],[[[19.931114,50.048547],[19.931123,50.048534],[19.931275,50.048581],[19.931266,50.048594],[19.931114,50.048547]]]]}},{"type":"Feature","id":"w765242469","properties":{"type":"service","residential":false,"residents_est":0,"h3_10":"8a1e2e6b301ffff","h3_11":"8b1e2e6b301bfff"},"geometry":{"type":"Polygon","coordinates":[[[19.932154,50.043885],[19.932173,50.04383],[19.932239,50.043839],[19.932219,50.043894],[19.932154,50.043885]]]}},{"type":"Feature","id":"w830131865","properties":{"type":"commercial","address":"Marii Konopnickiej 29","residential":false,"residents_est":0,"h3_10":"8a1e2e6b302ffff","h3_11":"8b1e2e6b3029fff"},"geometry":{"type":"Polygon","coordinates":[[[19.933267,50.046393],[19.933427,50.045924],[19.933839,50.045741],[19.933733,50.046179],[19.933635,50.046458],[19.933267,50.046393]]]}},{"type":"Feature","id":"w830131866","properties":{"type":"apartments","address":"Barska 69","residential":true,"residents_est":59,"h3_10":"8a1e2e6b302ffff","h3_11":"8b1e2e6b302bfff"},"geometry":{"type":"Polygon","coordinates":[[[19.932879,50.045639],[19.932898,50.04552],[19.932925,50.04544],[19.932962,50.045375],[19.932982,50.045362],[19.933035,50.045351],[19.933465,50.045457],[19.933481,50.045465],[19.93349,50.045478],[19.933489,50.045491],[19.93354,50.045504],[19.933566,50.045495],[19.933612,50.045502],[19.933774,50.045632],[19.933572,50.045714],[19.933548,50.045714],[19.933483,50.04564],[19.93344,50.045648],[19.933417,50.045609],[19.933439,50.045566],[19.933329,50.04554],[19.93329,50.04561],[19.933128,50.045648],[19.933077,50.045729],[19.933069,50.045732],[19.933063,50.045725],[19.933035,50.045729],[19.933044,50.045749],[19.933026,50.045769],[19.932959,50.045785],[19.932917,50.045768],[19.932884,50.045697],[19.932879,50.045639]]]}},{"type":"Feature","id":"w849833729","properties":{"type":"school","residential":false,"residents_est":0,"h3_10":"8a1e2e6b30d7fff","h3_11":"8b1e2e6b30d0fff"},"geometry":{"type":"Polygon","coordinates":[[[19.932005,50.042354],[19.932052,50.042168],[19.932024,50.042165],[19.932026,50.042158],[19.932033,50.042159],[19.93204,50.042131],[19.93203,50.04213],[19.932032,50.042122],[19.932043,50.042123],[19.93205,50.042095],[19.932042,50.042094],[19.932044,50.042086],[19.932052,50.042087],[19.932059,50.042059],[19.932052,50.042058],[19.932053,50.042051],[19.93206,50.042051],[19.932069,50.042012],[19.93211,50.042016],[19.932106,50.04203],[19.932363,50.042057],[19.932367,50.042042],[19.932411,50.042046],[19.932401,50.042087],[19.932406,50.042087],[19.932405,50.042095],[19.932398,50.042094],[19.932392,50.042122],[19.932397,50.042123],[19.932389,50.04213],[19.932382,50.042158],[19.932388,50.042158],[19.932386,50.042166],[19.93238,50.042166],[19.932373,50.042193],[19.932379,50.042194],[19.932377,50.042201],[19.932352,50.042198],[19.932307,50.042377],[19.932353,50.042381],[19.93235,50.042389],[19.932333,50.042388],[19.932273,50.042572],[19.932203,50.042561],[19.932256,50.04238],[19.932005,50.042354]]]}},{"type":"Feature","id":"w878939290","properties":{"type":"yes","residential":true,"residents_est":1,"h3_10":"8a1e2e6b31a7fff","h3_11":"8b1e2e6b31a1fff"},"geometry":{"type":"Polygon","coordinates":[[[19.926687,50.046567],[19.926713,50.046523],[19.926986,50.04659],[19.92696,50.046633],[19.926687,50.046567]]]}},{"type":"Feature","id":"w900726965","properties":{"type":"apartments","levels":1.0,"address":"Jana Kilińskiego 11","residential":true,"residents_est":0,"h3_10":"8a1e2e6b312ffff","h3_11":"8b1e2e6b312cfff"},"geometry":{"type":"Polygon","coordinates":[[[19.930393,50.049075],[19.930398,50.049081],[19.930554,50.04908],[19.930559,50.049137],[19.9304,50.049138],[19.930393,50.049075]]]}},{"type":"Feature","id":"w900726966","properties":{"type":"garage","levels":1.0,"residential":false,"residents_est":0,"h3_10":"8a1e2e6b31a7fff","h3_11":"8b1e2e6b31a1fff"},"geometry":{"type":"Polygon","coordinates":[[[19.926732,50.046469],[19.92676,50.046425],[19.92703,50.046497],[19.927002,50.04654],[19.926732,50.046469]]]}},{"type":"Feature","id":"w900726968","properties":{"type":"farm_auxiliary","levels":1.0,"residential":false,"residents_est":0,"h3_10":"8a1e2e6b31a7fff","h3_11":"8b1e2e6b31a2fff"},"geometry":{"type":"Polygon","coordinates":[[[19.926072,50.046086],[19.926101,50.046035],[19.92619,50.046056],[19.92616,50.046107],[19.926072,50.046086]]]}},{"type":"Feature","id":"w900726970","properties":{"type":"farm_auxiliary","levels":1.0,"residential":false,"residents_est":0,"h3_10":"8a1e2e6b3127fff","h3_11":"8b1e2e6b3121fff"},"geometry":{"type":"Polygon","coordinates":[[[19.929551,50.049013],[19.929552,50.048961],[19.929713,50.048963],[19.929712,50.049014],[19.929551,50.049013]]]}},{"type":"Feature","id":"w976781376","properties":{"type":"roof","residential":false,"residents_est":0,"h3_10":"8a1e2e6b3037fff","h3_11":"8b1e2e6b3036fff"},"geometry":{"type":"Polygon","coordinates":[[[19.929264,50.045896],[19.929285,50.045835],[19.929551,50.045878],[19.929525,50.045941],[19.929264,50.045896]]]}},{"type":"Feature","id":"w980130574","properties":{"type":"yes","residential":false,"residents_est":0,"h3_10":"8a1e2e6b30affff","h3_11":"8b1e2e6b30aefff"},"geometry":{"type":"Polygon","coordinates":[[[19.929642,50.043427],[19.929655,50.043392],[19.929743,50.043405],[19.929731,50.043439],[19.929642,50.043427]]]}},{"type":"Feature","id":"w980130578","properties":{"type":"yes","residential":false,"residents_est":0,"h3_10":"8a1e2e6b30affff","h3_11":"8b1e2e6b30abfff"},"geometry":{"type":"Polygon","coordinates":[[[19.930481,50.04314],[19.930492,50.043099],[19.930542,50.043105],[19.930531,50.043145],[19.930481,50.04314]]]}},{"type":"Feature","id":"w1039863634","properties":{"type":"outbuilding","levels":1.0,"residential":false,"residents_est":0,"h3_10":"8a1e2e6b3097fff","h3_11":"8b1e2e6b3093fff"},"geometry":{"type":"Polygon","coordinates":[[[19.928131,50.041848],[19.928279,50.041748],[19.928342,50.041783],[19.928191,50.041884],[19.928131,50.041848]]]}},{"type":"Feature","id":"r14456565","properties":{"type":"hotel","levels":5.0,"address":"Marii Konopnickiej 28","name":"Hotel Forum","residential":false,"residents_est":0,"h3_10":"8a1e2e6b3057fff","h3_11":"8b1e2e6b3055fff"},"geometry":{"type":"Polygon","coordinates":[[[19.93518,50.045238],[19.935231,50.045232],[19.935226,50.045212],[19.935272,50.045207],[19.935264,50.045183],[19.93532,50.045176],[19.935312,50.045155],[19.935363,50.045148],[19.935357,50.045129],[19.935409,50.045122],[19.935402,50.0451],[19.93545,50.045094],[19.935444,50.045075],[19.935498,50.045068],[19.935493,50.045049],[19.935506,50.045047],[19.935406,50.044741],[19.935662,50.044707],[19.935673,50.04474],[19.93593,50.044706],[19.93592,50.044675],[19.936153,50.044644],[19.936164,50.044677],[19.936676,50.044608],[19.936756,50.044853],[19.936855,50.04484],[19.936908,50.045004],[19.936809,50.045018],[19.936843,50.045121],[19.936353,50.045187],[19.936369,50.045235],[19.936355,50.045237],[19.936364,50.045266],[19.936132,50.045298],[19.936151,50.045356],[19.935874,50.045393],[19.935865,50.045366],[19.935619,50.0454],[19.935569,50.045248],[19.935592,50.045245],[19.935582,50.045213],[19.935238,50.045427],[19.93518,50.045238]],[[19.93573,50.044881],[19.935763,50.044981],[19.936368,50.044897],[19.936335,50.044797],[19.93573,50.044881]]]}},{"type":"Feature","id":"w1083964353","properties":{"type":"roof","residential":false,"residents_est":0,"h3_10":"8a1e2e6b305ffff","h3_11":"8b1e2e6b305efff"},"geometry":{"type":"Polygon","coordinates":[[[19.936369,50.04421],[19.936447,50.044199],[19.936584,50.044621],[19.936507,50.044631],[19.936369,50.04421]]]}},{"type":"Feature","id":"w1091089051","properties":{"type":"apartments","address":"Na Ustroniu 4","residential":true,"residents_est":14,"h3_10":"8a1e2e6b3007fff","h3_11":"8b1e2e6b3005fff"},"geometry":{"type":"Polygon","coordinates":[[[19.931964,50.045802],[19.931997,50.045716],[19.932029,50.045709],[19.932173,50.045729],[19.932179,50.045716],[19.932358,50.045784],[19.93232,50.045892],[19.932099,50.04586],[19.932109,50.045823],[19.931964,50.045802]]]}},{"type":"Feature","id":"w1091406149","properties":{"type":"houseboat","residential":false,"residents_est":0,"h3_10":"8a1e2e6b3067fff","h3_11":"8b1e2e6b3063fff"},"geometry":{"type":"Polygon","coordinates":[[[19.936516,50.046145],[19.936706,50.045977],[19.936773,50.046008],[19.936583,50.046176],[19.936516,50.046145]]]}},{"type":"Feature","id":"w1091406150","properties":{"type":"houseboat","residential":false,"residents_est":0,"h3_10":"8a1e2e6b3067fff","h3_11":"8b1e2e6b3063fff"},"geometry":{"type":"Polygon","coordinates":[[[19.936253,50.046384],[19.936433,50.046216],[19.936509,50.04625],[19.936329,50.046418],[19.936253,50.046384]]]}},{"type":"Feature","id":"w1091406151","properties":{"type":"houseboat","residential":false,"residents_est":0,"h3_10":"8a1e2e6b3047fff","h3_11":"8b1e2e6b3045fff"},"geometry":{"type":"Polygon","coordinates":[[[19.9368,50.045905],[19.936998,50.045747],[19.937064,50.045781],[19.936866,50.045939],[19.9368,50.045905]]]}},{"type":"Feature","id":"w1091406152","properties":{"type":"houseboat","residential":false,"residents_est":0,"h3_10":"8a1e2e6b3047fff","h3_11":"8b1e2e6b3041fff"},"geometry":{"type":"Polygon","coordinates":[[[19.937043,50.045704],[19.937318,50.045525],[19.937392,50.045572],[19.937117,50.045751],[19.937043,50.045704]]]}},{"type":"Feature","id":"w1091406153","properties":{"type":"houseboat","residential":false,"residents_est":0,"h3_10":"8a1e2e6b3047fff","h3_11":"8b1e2e6b3041fff"},"geometry":{"type":"Polygon","coordinates":[[[19.937368,50.045489],[19.937605,50.045352],[19.937677,50.045404],[19.93744,50.045541],[19.937368,50.045489]]]}},{"type":"Feature","id":"w1091406154","properties":{"type":"houseboat","residential":false,"residents_est":0,"h3_10":"8a1e2e6b304ffff","h3_11":"8b1e2e6b304cfff"},"geometry":{"type":"Polygon","coordinates":[[[19.937624,50.045338],[19.937926,50.045176],[19.937994,50.045228],[19.937691,50.04539],[19.937624,50.045338]]]}},{"type":"Feature","id":"w1428322504","properties":{"type":"yes","name":"Pino River","residential":false,"residents_est":0,"h3_10":"8a1e2e6b3067fff","h3_11":"8b1e2e6b3064fff"},"geometry":{"type":"Polygon","coordinates":[[[19.935639,50.047074],[19.93566,50.047024],[19.936025,50.046639],[19.936064,50.04664],[19.936107,50.046659],[19.936122,50.046681],[19.936111,50.046708],[19.935772,50.047068],[19.935735,50.047092],[19.935684,50.047107],[19.935661,50.047104],[19.935639,50.047074]]]}},{"type":"Feature","id":"w1552580986","properties":{"type":"apartments","levels":8.0,"address":"Marii Konopnickiej 35","residential":true,"residents_est":196,"h3_10":"8a1e2e6b30dffff","h3_11":"8b1e2e6b30defff"},"geometry":{"type":"Polygon","coordinates":[[[19.932638,50.041488],[19.932767,50.041362],[19.932997,50.04146],[19.932988,50.041469],[19.933046,50.041493],[19.933056,50.041484],[19.933395,50.041629],[19.933385,50.041641],[19.93344,50.041664],[19.933452,50.041653],[19.933503,50.041674],[19.933513,50.041648],[19.933756,50.041689],[19.933706,50.041811],[19.933759,50.041827],[19.933795,50.041792],[19.933866,50.041821],[19.933834,50.041849],[19.934043,50.041909],[19.934034,50.041924],[19.934106,50.041944],[19.934116,50.04193],[19.934625,50.04208],[19.934521,50.042226],[19.933751,50.042003],[19.933712,50.042051],[19.933373,50.041995],[19.93344,50.041829],[19.933038,50.041659],[19.933015,50.04168],[19.932973,50.041662],[19.932995,50.04164],[19.932843,50.041575],[19.93282,50.041597],[19.932777,50.041579],[19.9328,50.041556],[19.932638,50.041488]]]}}]}