{"type":"FeatureCollection","features":[{"type":"Feature","id":"w231919322","properties":{"type":"yes","levels":1.0,"address":"Jana Zygmunta Robla 2","residential":true,"residents_est":1,"h3_10":"8a1e2e6b615ffff","h3_11":"8b1e2e6b615bfff"},"geometry":{"type":"Polygon","coordinates":[[[19.882917,50.064333],[19.883004,50.064299],[19.883029,50.064325],[19.883098,50.064298],[19.883164,50.06437],[19.883035,50.06442],[19.883012,50.064394],[19.882992,50.064402],[19.882981,50.06439],[19.882955,50.0644],[19.882929,50.064373],[19.882948,50.064366],[19.882917,50.064333]]]}},{"type":"Feature","id":"w231919341","properties":{"type":"yes","address":"Franciszka Bielaka 14","residential":true,"residents_est":3,"h3_10":"8a1e2e6b6127fff","h3_11":"8b1e2e6b6123fff"},"geometry":{"type":"Polygon","coordinates":[[[19.877295,50.066507],[19.877402,50.066481],[19.877432,50.066529],[19.877464,50.066521],[19.877531,50.066629],[19.87741,50.066659],[19.87735,50.066556],[19.877327,50.066562],[19.877295,50.066507]]]}},{"type":"Feature","id":"w231919343","properties":{"type":"yes","address":"28 Lipca 1943 22","residential":true,"residents_est":3,"h3_10":"8a1e2e6b6187fff","h3_11":"8b1e2e6b6180fff"},"geometry":{"type":"Polygon","coordinates":[[[19.874595,50.063161],[19.874731,50.063113],[19.874773,50.063161],[19.874801,50.063152],[19.874867,50.063228],[19.874702,50.063287],[19.874669,50.063248],[19.874665,50.06325],[19.874595,50.063161]]]}},{"type":"Feature","id":"w231919353","properties":{"type":"yes","levels":1.0,"address":"Królowej Jadwigi 190e","residential":true,"residents_est":1,"h3_10":"8a1e2e6b605ffff","h3_11":"8b1e2e6b605dfff"},"geometry":{"type":"Polygon","coordinates":[[[19.885318,50.062499],[19.885436,50.062466],[19.885426,50.062451],[19.885502,50.062432],[19.885523,50.062464],[19.885506,50.062469],[19.885543,50.062522],[19.885495,50.062536],[19.885488,50.062551],[19.885468,50.062556],[19.885445,50.06255],[19.885368,50.062572],[19.885318,50.062499]]]}},{"type":"Feature","id":"w231919355","properties":{"type":"yes","levels":1.0,"address":"Jana Zygmunta Robla 6","residential":true,"residents_est":1,"h3_10":"8a1e2e6b615ffff","h3_11":"8b1e2e6b6159fff"},"geometry":{"type":"Polygon","coordinates":[[[19.883441,50.064616],[19.883549,50.064575],[19.883593,50.064623],[19.883609,50.064617],[19.883662,50.064674],[19.883642,50.064681],[19.883655,50.064697],[19.883532,50.064744],[19.883448,50.064654],[19.883469,50.064645],[19.883441,50.064616]]]}},{"type":"Feature","id":"w231919361","properties":{"type":"yes","levels":1.0,"address":"Królowej Jadwigi 190d","residential":true,"residents_est":1,"h3_10":"8a1e2e6b604ffff","h3_11":"8b1e2e6b604efff"},"geometry":{"type":"Polygon","coordinates":[[[19.885395,50.062684],[19.88548,50.062655],[19.885472,50.062646],[19.88556,50.062617],[19.885628,50.062703],[19.885666,50.062689],[19.885691,50.062719],[19.885509,50.062782],[19.885465,50.062729],[19.885439,50.062737],[19.885395,50.062684]]]}},{"type":"Feature","id":"w231919366","properties":{"type":"yes","levels":2.0,"address":"Podłącze 18","residential":true,"residents_est":2,"h3_10":"8a1e2e6b6177fff","h3_11":"8b1e2e6b6174fff"},"geometry":{"type":"Polygon","coordinates":[[[19.879874,50.066491],[19.879933,50.066454],[19.879971,50.066479],[19.880014,50.066453],[19.880006,50.066446],[19.880066,50.066442],[19.880122,50.06648],[19.880087,50.066502],[19.880095,50.066507],[19.880049,50.066536],[19.880039,50.066529],[19.879985,50.066564],[19.879874,50.066491]]]}},{"type":"Feature","id":"w231919370","properties":{"type":"yes","levels":2.0,"address":"Feliksa Kopery 4","residential":true,"residents_est":2,"h3_10":"8a1e2e6b6177fff","h3_11":"8b1e2e6b6171fff"},"geometry":{"type":"Polygon","coordinates":[[[19.881493,50.066117],[19.881594,50.066043],[19.881696,50.0661],[19.881584,50.066177],[19.881493,50.066117]]]}},{"type":"Feature","id":"w231919371","properties":{"type":"yes","levels":1.0,"address":"Koło Strzelnicy 18","residential":true,"residents_est":1,"h3_10":"8a1e2e6b6007fff","h3_11":"8b1e2e6b6000fff"},"geometry":{"type":"Polygon","coordinates":[[[19.879646,50.063172],[19.879734,50.063144],[19.879769,50.063185],[19.879787,50.063179],[19.879805,50.063184],[19.879844,50.063233],[19.879776,50.063252],[19.879754,50.063224],[19.879702,50.063242],[19.879646,50.063172]]]}},{"type":"Feature","id":"w231919372","properties":{"type":"yes","residential":true,"residents_est":3,"h3_10":"8a1e2e6b6137fff","h3_11":"8b1e2e6b6131fff"},"geometry":{"type":"Polygon","coordinates":[[[19.875879,50.06602],[19.875946,50.065993],[19.875954,50.066001],[19.875993,50.065985],[19.875985,50.065977],[19.876092,50.065935],[19.876178,50.066034],[19.875961,50.066112],[19.875879,50.06602]]]}},{"type":"Feature","id":"w231919375","properties":{"type":"yes","address":"Poręba 32","residential":true,"residents_est":3,"h3_10":"8a1e2e6b6187fff","h3_11":"8b1e2e6b6183fff"},"geometry":{"type":"Polygon","coordinates":[[[19.875178,50.062666],[19.875327,50.062642],[19.875343,50.062683],[19.875377,50.062677],[19.875387,50.062705],[19.875353,50.06271],[19.875371,50.06276],[19.875266,50.062777],[19.875261,50.062764],[19.875214,50.062772],[19.875178,50.062666]]]}},{"type":"Feature","id":"w231919376","properties":{"type":"yes","address":"Berberysowa 16","residential":true,"residents_est":3,"h3_10":"8a1e2e6b611ffff","h3_11":"8b1e2e6b611afff"},"geometry":{"type":"Polygon","coordinates":[[[19.877071,50.064211],[19.877185,50.064172],[19.8772,50.06419],[19.877263,50.064169],[19.877331,50.06425],[19.877233,50.064284],[19.877242,50.064294],[19.877149,50.064325],[19.877114,50.064282],[19.877125,50.064278],[19.877071,50.064211]]]}},{"type":"Feature","id":"w231919379","properties":{"type":"yes","levels":1.0,"address":"Podłącze 6","residential":true,"residents_est":1,"h3_10":"8a1e2e6b6147fff","h3_11":"8b1e2e6b6146fff"},"geometry":{"type":"Polygon","coordinates":[[[19.881146,50.065683],[19.881247,50.065619],[19.881286,50.065645],[19.881327,50.065618],[19.881425,50.065682],[19.88137,50.065717],[19.881351,50.065705],[19.881336,50.065715],[19.881355,50.065727],[19.881328,50.065745],[19.881317,50.065737],[19.881272,50.065766],[19.881146,50.065683]]]}},{"type":"Feature","id":"w231919382","properties":{"type":"yes","address":"Tadeusza Rogalskiego 19","residential":true,"residents_est":2,"h3_10":"8a1e2e6b6127fff","h3_11":"8b1e2e6b6125fff"},"geometry":{"type":"Polygon","coordinates":[[[19.876975,50.067108],[19.877044,50.067089],[19.877053,50.067101],[19.877134,50.067079],[19.877187,50.06716],[19.877124,50.067177],[19.877115,50.067163],[19.877096,50.067167],[19.877101,50.067175],[19.877031,50.067194],[19.876975,50.067108]]]}},{"type":"Feature","id":"w231919389","properties":{"type":"yes","levels":3.0,"address":"Ludmiły Korbutowej 26b","residential":true,"residents_est":3,"h3_10":"8a1e2e6b6167fff","h3_11":"8b1e2e6b6161fff"},"geometry":{"type":"Polygon","coordinates":[[[19.882432,50.066652],[19.882493,50.066611],[19.882508,50.06662],[19.882559,50.066585],[19.882645,50.066638],[19.882616,50.066658],[19.882632,50.066667],[19.882579,50.066703],[19.882563,50.066693],[19.882534,50.066713],[19.882432,50.066652]]]}},{"type":"Feature","id":"w231919395","properties":{"type":"yes","levels":3.0,"address":"Królowej Jadwigi 189b","residential":true,"residents_est":2,"h3_10":"8a1e2e6b615ffff","h3_11":"8b1e2e6b615efff"},"geometry":{"type":"Polygon","coordinates":[[[19.881981,50.064717],[19.882083,50.064659],[19.882112,50.064679],[19.882144,50.064661],[19.882176,50.064684],[19.882144,50.064703],[19.882169,50.06472],[19.882169,50.064727],[19.88214,50.064742],[19.88216,50.064757],[19.882123,50.064777],[19.882075,50.064743],[19.882043,50.064761],[19.881981,50.064717]]]}},{"type":"Feature","id":"w231919398","properties":{"type":"yes","levels":1.0,"address":"Poręba 1","residential":true,"residents_est":1,"h3_10":"8a1e2e6b601ffff","h3_11":"8b1e2e6b6018fff"},"geometry":{"type":"Polygon","coordinates":[[[19.879809,50.062145],[19.879871,50.062124],[19.879901,50.062159],[19.879919,50.062154],[19.879929,50.062166],[19.879972,50.062151],[19.87998,50.06216],[19.880006,50.062151],[19.88006,50.062216],[19.880012,50.062233],[19.880026,50.062249],[19.879974,50.062267],[19.879961,50.062252],[19.879912,50.062267],[19.879809,50.062145]]]}},{"type":"Feature","id":"w231919409","properties":{"type":"yes","address":"Berberysowa 2","residential":true,"residents_est":1,"h3_10":"8a1e2e6b618ffff","h3_11":"8b1e2e6b618cfff"},"geometry":{"type":"Polygon","coordinates":[[[19.875917,50.063044],[19.875964,50.063027],[19.875958,50.06302],[19.876026,50.062997],[19.876097,50.063083],[19.875998,50.063112],[19.875955,50.063064],[19.875937,50.063068],[19.875917,50.063044]]]}},{"type":"Feature","id":"w231919410","properties":{"type":"house","levels":3.0,"address":"Pod Sikornikiem 43","residential":true,"residents_est":7,"h3_10":"8a1e2e6b60effff","h3_11":"8b1e2e6b60edfff"},"geometry":{"type":"Polygon","coordinates":[[[19.884073,50.061857],[19.88411,50.061854],[19.884101,50.061812],[19.884225,50.061801],[19.884233,50.061839],[19.884255,50.061837],[19.884265,50.061883],[19.884243,50.061885],[19.884251,50.061925],[19.88409,50.061938],[19.884073,50.061857]]]}},{"type":"Feature","id":"w231919411","properties":{"type":"yes","address":"Poręba 7a","residential":true,"residents_est":4,"h3_10":"8a1e2e6b6017fff","h3_11":"8b1e2e6b6011fff"},"geometry":{"type":"Polygon","coordinates":[[[19.878724,50.062464],[19.878784,50.062444],[19.878874,50.062556],[19.878941,50.062534],[19.87895,50.062547],[19.879002,50.06253],[19.878982,50.062505],[19.879039,50.062486],[19.879109,50.06257],[19.878871,50.062649],[19.878724,50.062464]]]}},{"type":"Feature","id":"w231919415","properties":{"type":"yes","levels":1.0,"residential":true,"residents_est":1,"h3_10":"8a1e2e6b614ffff","h3_11":"8b1e2e6b6149fff"},"geometry":{"type":"Polygon","coordinates":[[[19.884647,50.065371],[19.884692,50.065353],[19.884718,50.06538],[19.884757,50.065365],[19.884768,50.065376],[19.884848,50.065345],[19.884837,50.065333],[19.884875,50.065318],[19.884783,50.065221],[19.884832,50.065202],[19.88496,50.065341],[19.884717,50.065446],[19.884647,50.065371]]]}},{"type":"Feature","id":"w231919419","properties":{"type":"yes","residential":false,"residents_est":0,"h3_10":"8a1e2e6b6137fff","h3_11":"8b1e2e6b6132fff"},"geometry":{"type":"Polygon","coordinates":[[[19.875241,50.065459],[19.875294,50.065446],[19.875332,50.065508],[19.875322,50.065503],[19.875303,50.065508],[19.875307,50.065516],[19.87528,50.065525],[19.875241,50.065459]]]}},{"type":"Feature","id":"w231919420","properties":{"type":"yes","levels":3.0,"address":"Feliksa Kopery 9","residential":true,"residents_est":2,"h3_10":"8a1e2e6b6167fff","h3_11":"8b1e2e6b6166fff"},"geometry":{"type":"Polygon","coordinates":[[[19.881385,50.066866],[19.881455,50.066818],[19.881468,50.066827],[19.881512,50.066798],[19.881544,50.066817],[19.881533,50.066825],[19.881579,50.066853],[19.881539,50.066879],[19.88153,50.066874],[19.881464,50.066917],[19.881385,50.066866]]]}},{"type":"Feature","id":"w231919423","properties":{"type":"yes","levels":1.0,"address":"Zygmunta Wyrobka 10","residential":true,"residents_est":1,"h3_10":"8a1e2e6b6067fff","h3_11":"8b1e2e6b6065fff"},"geometry":{"type":"Polygon","coordinates":[[[19.884491,50.064779],[19.884613,50.064724],[19.884698,50.064798],[19.884573,50.064854],[19.884542,50.064825],[19.884558,50.064818],[19.884547,50.064808],[19.884531,50.064815],[19.884491,50.064779]]]}},{"type":"Feature","id":"w231919424","properties":{"type":"house","address":"28 Lipca 1943 15","residential":true,"residents_est":7,"h3_10":"8a1e2e6b6187fff","h3_11":"8b1e2e6b6184fff"},"geometry":{"type":"Polygon","coordinates":[[[19.874143,50.063545],[19.874223,50.063524],[19.874215,50.063513],[19.874237,50.063507],[19.874217,50.063477],[19.87434,50.063442],[19.87437,50.063488],[19.874403,50.063494],[19.874409,50.063504],[19.874404,50.063515],[19.87439,50.063521],[19.874421,50.063566],[19.8743,50.063599],[19.874277,50.063567],[19.874197,50.063588],[19.874192,50.06358],[19.874169,50.063585],[19.874143,50.063545]]]}},{"type":"Feature","id":"w231919425","properties":{"type":"yes","address":"Tadeusza Rogalskiego 27","residential":true,"residents_est":2,"h3_10":"8a1e2e6b6127fff","h3_11":"8b1e2e6b6124fff"},"geometry":{"type":"Polygon","coordinates":[[[19.876569,50.067326],[19.876643,50.067304],[19.876652,50.067315],[19.876704,50.067299],[19.876765,50.067382],[19.876702,50.067402],[19.876713,50.067418],[19.876637,50.06744],[19.876584,50.067371],[19.876599,50.067366],[19.876569,50.067326]]]}},{"type":"Feature","id":"w231919430","properties":{"type":"yes","address":"Poręba 16","residential":true,"residents_est":2,"h3_10":"8a1e2e6b6017fff","h3_11":"8b1e2e6b6010fff"},"geometry":{"type":"Polygon","coordinates":[[[19.878065,50.062361],[19.87811,50.062343],[19.878091,50.062323],[19.878179,50.062289],[19.878222,50.062334],[19.878202,50.062342],[19.878252,50.062392],[19.878243,50.06239],[19.878168,50.06242],[19.878171,50.062424],[19.878165,50.062426],[19.878147,50.062407],[19.878121,50.062418],[19.878065,50.062361]]]}},{"type":"Feature","id":"w231919434","properties":{"type":"yes","address":"Poręba 10","residential":true,"residents_est":3,"h3_10":"8a1e2e6b6017fff","h3_11":"8b1e2e6b6013fff"},"geometry":{"type":"Polygon","coordinates":[[[19.878717,50.062165],[19.878819,50.062124],[19.878841,50.062146],[19.87891,50.062119],[19.878999,50.062212],[19.878886,50.062263],[19.878853,50.062229],[19.878836,50.062235],[19.878794,50.062191],[19.878755,50.062207],[19.878717,50.062165]]]}},{"type":"Feature","id":"w231919446","properties":{"type":"yes","levels":1.0,"address":"Podłącze 4","residential":true,"residents_est":1,"h3_10":"8a1e2e6b6147fff","h3_11":"8b1e2e6b6146fff"},"geometry":{"type":"Polygon","coordinates":[[[19.881375,50.065566],[19.881434,50.065528],[19.881448,50.065537],[19.881519,50.065492],[19.881617,50.065556],[19.881557,50.065595],[19.881566,50.065601],[19.88153,50.065624],[19.881475,50.065588],[19.881442,50.065609],[19.881375,50.065566]]]}},{"type":"Feature","id":"w231919448","properties":{"type":"yes","levels":3.0,"address":"Czeremchowa 2a","residential":true,"residents_est":2,"h3_10":"8a1e2e6b610ffff","h3_11":"8b1e2e6b6109fff"},"geometry":{"type":"Polygon","coordinates":[[[19.879724,50.06521],[19.879842,50.065153],[19.879919,50.065219],[19.879801,50.065276],[19.879724,50.06521]]]}},{"type":"Feature","id":"w231919449","properties":{"type":"terrace","address":"Królowej Jadwigi 209a","residential":true,"residents_est":4,"h3_10":"8a1e2e6b6107fff","h3_11":"8b1e2e6b6100fff"},"geometry":{"type":"Polygon","coordinates":[[[19.877447,50.065613],[19.877561,50.065573],[19.877663,50.065693],[19.877581,50.065723],[19.877542,50.065676],[19.87751,50.065687],[19.877447,50.065613]]]}},{"type":"Feature","id":"w231919450","properties":{"type":"detached","levels":2.0,"address":"Królowej Jadwigi 200a","residential":true,"residents_est":4,"h3_10":"8a1e2e6b6077fff","h3_11":"8b1e2e6b6073fff"},"geometry":{"type":"Polygon","coordinates":[[[19.883198,50.06314],[19.883211,50.063135],[19.883199,50.063121],[19.883222,50.063112],[19.883235,50.063127],[19.883288,50.063108],[19.883301,50.063122],[19.883353,50.063103],[19.88341,50.063169],[19.883269,50.063221],[19.883198,50.06314]]]}},{"type":"Feature","id":"w231919452","properties":{"type":"yes","levels":3.0,"address":"Tadeusza Wyrwy-Furgalskiego 13","residential":true,"residents_est":3,"h3_10":"8a1e2e6b606ffff","h3_11":"8b1e2e6b606cfff"},"geometry":{"type":"Polygon","coordinates":[[[19.885534,50.064363],[19.885741,50.064273],[19.885793,50.06432],[19.885719,50.064352],[19.885731,50.064364],[19.885664,50.064393],[19.885652,50.064381],[19.885585,50.064411],[19.885534,50.064363]]]}},{"type":"Feature","id":"w231919454","properties":{"type":"yes","address":"Tadeusza Rogalskiego 9","residential":true,"residents_est":2,"h3_10":"8a1e2e6b612ffff","h3_11":"8b1e2e6b612cfff"},"geometry":{"type":"Polygon","coordinates":[[[19.878232,50.066764],[19.878365,50.06673],[19.878391,50.066773],[19.878404,50.06677],[19.878459,50.066862],[19.878383,50.066882],[19.878357,50.066838],[19.878269,50.06686],[19.87824,50.066813],[19.878259,50.066808],[19.878232,50.066764]]]}},{"type":"Feature","id":"w231919455","properties":{"type":"yes","levels":2.0,"address":"Tadeusza Wyrwy-Furgalskiego 1","residential":true,"residents_est":2,"h3_10":"8a1e2e6b6047fff","h3_11":"8b1e2e6b6045fff"},"geometry":{"type":"Polygon","coordinates":[[[19.884803,50.063609],[19.884992,50.063538],[19.885045,50.063594],[19.884849,50.063677],[19.884821,50.063646],[19.884834,50.063642],[19.884803,50.063609]]]}},{"type":"Feature","id":"w231919456","properties":{"type":"yes","levels":1.0,"address":"Podłącze 16","residential":true,"residents_est":1,"h3_10":"8a1e2e6b6177fff","h3_11":"8b1e2e6b6174fff"},"geometry":{"type":"Polygon","coordinates":[[[19.880107,50.066416],[19.880154,50.066385],[19.880133,50.066371],[19.880178,50.066341],[19.880207,50.06636],[19.880239,50.066339],[19.880299,50.066376],[19.880267,50.066398],[19.88028,50.066406],[19.880233,50.066437],[19.880242,50.066443],[19.880202,50.066469],[19.880206,50.066473],[19.880202,50.066475],[19.880107,50.066416]]]}},{"type":"Feature","id":"w231919459","properties":{"type":"yes","address":"Poręba 9","residential":true,"residents_est":3,"h3_10":"8a1e2e6b6017fff","h3_11":"8b1e2e6b6015fff"},"geometry":{"type":"Polygon","coordinates":[[[19.878518,50.062546],[19.878572,50.062526],[19.878613,50.062584],[19.878677,50.062564],[19.878672,50.062557],[19.878678,50.062555],[19.878715,50.062602],[19.878747,50.062592],[19.878783,50.062638],[19.87875,50.062649],[19.878777,50.062683],[19.878659,50.062721],[19.878518,50.062546]]]}},{"type":"Feature","id":"w231919462","properties":{"type":"yes","levels":1.0,"address":"Franciszka Pększyca-Grudzińskiego 29","residential":true,"residents_est":2,"h3_10":"8a1e2e6b614ffff","h3_11":"8b1e2e6b614dfff"},"geometry":{"type":"Polygon","coordinates":[[[19.88412,50.065592],[19.884217,50.065555],[19.884198,50.065537],[19.884335,50.065479],[19.884425,50.065566],[19.884239,50.065645],[19.884232,50.065638],[19.884187,50.065658],[19.88412,50.065592]]]}},{"type":"Feature","id":"w231919465","properties":{"type":"yes","levels":1.0,"address":"Królowej Jadwigi 190a","residential":true,"residents_est":2,"h3_10":"8a1e2e6b604ffff","h3_11":"8b1e2e6b604efff"},"geometry":{"type":"Polygon","coordinates":[[[19.885509,50.062782],[19.885691,50.062719],[19.885718,50.062751],[19.885682,50.062763],[19.885753,50.062848],[19.885646,50.062884],[19.88564,50.062877],[19.885554,50.062906],[19.88551,50.062852],[19.885554,50.062837],[19.885509,50.062782]]]}},{"type":"Feature","id":"w231919473","properties":{"type":"yes","address":"Pod Sulnikiem 18","residential":true,"residents_est":3,"h3_10":"8a1e2e6b6037fff","h3_11":"8b1e2e6b6032fff"},"geometry":{"type":"Polygon","coordinates":[[[19.877518,50.063307],[19.877677,50.063259],[19.877716,50.063307],[19.87769,50.063316],[19.877729,50.063364],[19.877575,50.063416],[19.877531,50.063363],[19.877557,50.063354],[19.877518,50.063307]]]}},{"type":"Feature","id":"w231919480","properties":{"type":"yes","levels":2.0,"address":"Franciszka Pększyca-Grudzińskiego 27","residential":true,"residents_est":3,"h3_10":"8a1e2e6b614ffff","h3_11":"8b1e2e6b6149fff"},"geometry":{"type":"Polygon","coordinates":[[[19.884371,50.065376],[19.884529,50.065318],[19.884611,50.065406],[19.884542,50.065434],[19.884553,50.065446],[19.88447,50.065479],[19.884371,50.065376]]]}},{"type":"Feature","id":"w231919483","properties":{"type":"yes","levels":2.0,"address":"Lajkonika 2","residential":true,"residents_est":3,"h3_10":"8a1e2e6b604ffff","h3_11":"8b1e2e6b604bfff"},"geometry":{"type":"Polygon","coordinates":[[[19.88676,50.062435],[19.886844,50.062407],[19.886811,50.062356],[19.886934,50.062323],[19.88698,50.062394],[19.886955,50.062401],[19.886996,50.062451],[19.886822,50.062511],[19.88676,50.062435]]]}},{"type":"Feature","id":"w231919497","properties":{"type":"yes","address":"28 Lipca 1943 9a","residential":true,"residents_est":9,"h3_10":"8a1e2e6b61a7fff","h3_11":"8b1e2e6b61a5fff"},"geometry":{"type":"Polygon","coordinates":[[[19.874777,50.064459],[19.874811,50.064445],[19.874798,50.064431],[19.874853,50.064411],[19.874865,50.064426],[19.875037,50.064361],[19.875138,50.064475],[19.875017,50.06452],[19.874986,50.064485],[19.874847,50.064537],[19.874777,50.064459]]]}},{"type":"Feature","id":"w231919498","properties":{"type":"yes","levels":1.0,"address":"Czeremchowa 7","residential":true,"residents_est":1,"h3_10":"8a1e2e6b6177fff","h3_11":"8b1e2e6b6173fff"},"geometry":{"type":"Polygon","coordinates":[[[19.880691,50.065727],[19.880757,50.065685],[19.880786,50.065706],[19.880812,50.065691],[19.880803,50.065685],[19.880802,50.065663],[19.880811,50.065657],[19.880798,50.065648],[19.880857,50.065611],[19.880962,50.065679],[19.880788,50.06579],[19.880691,50.065727]]]}},{"type":"Feature","id":"w231919503","properties":{"type":"apartments","address":"Królowej Jadwigi 246","residential":true,"residents_est":13,"h3_10":"8a1e2e6b6117fff","h3_11":"8b1e2e6b6115fff"},"geometry":{"type":"Polygon","coordinates":[[[19.876416,50.065258],[19.8765,50.065237],[19.876512,50.065257],[19.876586,50.065239],[19.876642,50.065334],[19.876479,50.06537],[19.87646,50.065337],[19.876447,50.06534],[19.876422,50.065296],[19.876435,50.065292],[19.876416,50.065258]]]}},{"type":"Feature","id":"w231919505","properties":{"type":"yes","levels":3.0,"address":"Tadeusza Wyrwy-Furgalskiego 10","residential":true,"residents_est":3,"h3_10":"8a1e2e6b6067fff","h3_11":"8b1e2e6b6061fff"},"geometry":{"type":"Polygon","coordinates":[[[19.884696,50.064112],[19.88483,50.064053],[19.884906,50.064125],[19.884851,50.064149],[19.884865,50.064161],[19.884786,50.064195],[19.884696,50.064112]]]}},{"type":"Feature","id":"w231919521","properties":{"type":"yes","levels":1.0,"address":"Feliksa Kopery 11","residential":true,"residents_est":1,"h3_10":"8a1e2e6b6167fff","h3_11":"8b1e2e6b6166fff"},"geometry":{"type":"Polygon","coordinates":[[[19.881251,50.066927],[19.881299,50.066895],[19.881316,50.066906],[19.881384,50.066866],[19.881464,50.066917],[19.881401,50.066958],[19.881409,50.066962],[19.881369,50.066989],[19.881324,50.066961],[19.881314,50.066967],[19.881251,50.066927]]]}},{"type":"Feature","id":"w231919526","properties":{"type":"yes","address":"Poręba 34a","residential":true,"residents_est":2,"h3_10":"8a1e2e6b619ffff","h3_11":"8b1e2e6b619dfff"},"geometry":{"type":"Polygon","coordinates":[[[19.875478,50.062329],[19.875615,50.062303],[19.875631,50.062338],[19.875613,50.062342],[19.875643,50.062409],[19.875526,50.062432],[19.875478,50.062329]]]}},{"type":"Feature","id":"w231919527","properties":{"type":"yes","levels":2.0,"address":"Podłącze 13","residential":true,"residents_est":1,"h3_10":"8a1e2e6b6177fff","h3_11":"8b1e2e6b6175fff"},"geometry":{"type":"Polygon","coordinates":[[[19.880615,50.06656],[19.880705,50.066505],[19.880683,50.066489],[19.88072,50.066467],[19.880795,50.06652],[19.880672,50.066599],[19.880615,50.06656]]]}},{"type":"Feature","id":"w231919530","properties":{"type":"yes","address":"Tadeusza Rogalskiego 25","residential":true,"residents_est":2,"h3_10":"8a1e2e6b6127fff","h3_11":"8b1e2e6b6124fff"},"geometry":{"type":"Polygon","coordinates":[[[19.876435,50.067166],[19.876496,50.067149],[19.876489,50.067139],[19.876493,50.06713],[19.876577,50.067113],[19.876634,50.067195],[19.876589,50.067208],[19.876594,50.067216],[19.876489,50.067246],[19.876435,50.067166]]]}},{"type":"Feature","id":"w231919540","properties":{"type":"yes","levels":3.0,"address":"Tadeusza Wyrwy-Furgalskiego 11","residential":true,"residents_est":2,"h3_10":"8a1e2e6b606ffff","h3_11":"8b1e2e6b606cfff"},"geometry":{"type":"Polygon","coordinates":[[[19.885487,50.064304],[19.885537,50.064283],[19.88553,50.064276],[19.885569,50.064259],[19.885576,50.064266],[19.885651,50.064235],[19.885708,50.064287],[19.885545,50.064357],[19.885487,50.064304]]]}},{"type":"Feature","id":"w231919541","properties":{"type":"yes","levels":1.0,"address":"Podłącze 11","residential":true,"residents_est":1,"h3_10":"8a1e2e6b6177fff","h3_11":"8b1e2e6b6175fff"},"geometry":{"type":"Polygon","coordinates":[[[19.880634,50.066401],[19.880682,50.06637],[19.880704,50.066384],[19.880801,50.066325],[19.880901,50.066389],[19.880755,50.066481],[19.880634,50.066401]]]}},{"type":"Feature","id":"w231919543","properties":{"type":"yes","address":"28 Lipca 1943 5","residential":true,"residents_est":2,"h3_10":"8a1e2e6b6117fff","h3_11":"8b1e2e6b6110fff"},"geometry":{"type":"Polygon","coordinates":[[[19.875428,50.064981],[19.875551,50.064936],[19.875606,50.064997],[19.875623,50.064991],[19.875652,50.065026],[19.875638,50.065032],[19.875648,50.065044],[19.875525,50.065088],[19.875428,50.064981]]]}},{"type":"Feature","id":"w231919546","properties":{"type":"yes","levels":3.0,"address":"Koło Strzelnicy 2","residential":true,"residents_est":6,"h3_10":"8a1e2e6b6027fff","h3_11":"8b1e2e6b6025fff"},"geometry":{"type":"Polygon","coordinates":[[[19.879666,50.064583],[19.879722,50.064571],[19.879716,50.064559],[19.879857,50.064531],[19.879863,50.064544],[19.87992,50.064533],[19.879967,50.064635],[19.879911,50.064646],[19.879915,50.064655],[19.879773,50.064682],[19.87977,50.064673],[19.879713,50.064684],[19.879666,50.064583]]]}},{"type":"Feature","id":"w231919548","properties":{"type":"yes","levels":1.0,"address":"Tadeusza Rogalskiego 1","residential":true,"residents_est":2,"h3_10":"8a1e2e6b612ffff","h3_11":"8b1e2e6b6129fff"},"geometry":{"type":"Polygon","coordinates":[[[19.879026,50.066316],[19.879053,50.066299],[19.879041,50.066291],[19.879108,50.066247],[19.879261,50.066347],[19.879198,50.066388],[19.879266,50.066432],[19.879197,50.066477],[19.879188,50.066473],[19.879105,50.066418],[19.879145,50.066392],[19.879026,50.066316]]]}},{"type":"Feature","id":"w231919554","properties":{"type":"yes","levels":2.0,"address":"Koło Strzelnicy 4","residential":true,"residents_est":2,"h3_10":"8a1e2e6b6027fff","h3_11":"8b1e2e6b6022fff"},"geometry":{"type":"Polygon","coordinates":[[[19.879267,50.063939],[19.879344,50.063921],[19.879356,50.06394],[19.879378,50.063935],[19.87939,50.063918],[19.879417,50.063912],[19.879442,50.06392],[19.879472,50.063969],[19.879461,50.063986],[19.879422,50.063996],[19.879427,50.064005],[19.879321,50.064031],[19.879267,50.063939]]]}},{"type":"Feature","id":"w231919555","properties":{"type":"yes","address":"Pod Sulnikiem 14","residential":true,"residents_est":3,"h3_10":"8a1e2e6b6037fff","h3_11":"8b1e2e6b6030fff"},"geometry":{"type":"Polygon","coordinates":[[[19.877835,50.063662],[19.87784,50.063637],[19.877953,50.063604],[19.877986,50.063606],[19.878031,50.063662],[19.877977,50.063678],[19.877987,50.063692],[19.877995,50.06369],[19.878022,50.063729],[19.877894,50.063765],[19.877846,50.063697],[19.877857,50.063694],[19.877835,50.063662]]]}},{"type":"Feature","id":"w231919559","properties":{"type":"yes","levels":3.0,"address":"Pod Sikornikiem 43a","residential":true,"residents_est":4,"h3_10":"8a1e2e6b60effff","h3_11":"8b1e2e6b60edfff"},"geometry":{"type":"Polygon","coordinates":[[[19.883894,50.061902],[19.883915,50.0619],[19.883907,50.061862],[19.884031,50.061851],[19.884033,50.06186],[19.884073,50.061857],[19.88409,50.061938],[19.88405,50.061942],[19.884056,50.061973],[19.883933,50.061983],[19.883925,50.061945],[19.883903,50.061947],[19.883894,50.061902]]]}},{"type":"Feature","id":"w231919562","properties":{"type":"yes","address":"Poręba 26","residential":true,"residents_est":3,"h3_10":"8a1e2e6b618ffff","h3_11":"8b1e2e6b618afff"},"geometry":{"type":"Polygon","coordinates":[[[19.876166,50.06254],[19.876311,50.062507],[19.876336,50.062553],[19.876324,50.062556],[19.876338,50.062581],[19.8764,50.062568],[19.876433,50.062629],[19.876323,50.062654],[19.876314,50.062638],[19.876247,50.062653],[19.876223,50.062608],[19.876236,50.062605],[19.876222,50.062579],[19.876191,50.062586],[19.876166,50.06254]]]}},{"type":"Feature","id":"w231919565","properties":{"type":"yes","address":"Franciszka Bielaka 11","residential":true,"residents_est":2,"h3_10":"8a1e2e6b6107fff","h3_11":"8b1e2e6b6104fff"},"geometry":{"type":"Polygon","coordinates":[[[19.877057,50.06619],[19.877134,50.066169],[19.877122,50.066151],[19.877205,50.066128],[19.877274,50.066231],[19.877267,50.066233],[19.877262,50.066224],[19.877191,50.066244],[19.877196,50.066253],[19.877185,50.066245],[19.877167,50.06625],[19.877173,50.06626],[19.877115,50.066276],[19.877057,50.06619]]]}},{"type":"Feature","id":"w231919568","properties":{"type":"residential","address":"28 Lipca 1943 32c","residential":true,"residents_est":11,"h3_10":"8a1e2e6b6197fff","h3_11":"8b1e2e6b6196fff"},"geometry":{"type":"Polygon","coordinates":[[[19.872596,50.062357],[19.872685,50.062338],[19.872692,50.06235],[19.872747,50.062338],[19.872768,50.062379],[19.872788,50.062375],[19.872827,50.062445],[19.87269,50.062477],[19.872695,50.062488],[19.872671,50.062494],[19.872636,50.062421],[19.872631,50.062421],[19.872596,50.062357]]]}},{"type":"Feature","id":"w231919577","properties":{"type":"yes","address":"Franciszka Bielaka 10","residential":true,"residents_est":3,"h3_10":"8a1e2e6b612ffff","h3_11":"8b1e2e6b612efff"},"geometry":{"type":"Polygon","coordinates":[[[19.877833,50.06646],[19.877882,50.066448],[19.877865,50.066422],[19.877956,50.066398],[19.877989,50.066452],[19.877977,50.066455],[19.877984,50.066466],[19.878014,50.066458],[19.878045,50.066507],[19.87802,50.066514],[19.878034,50.066538],[19.877902,50.066573],[19.877833,50.06646]]]}},{"type":"Feature","id":"w231919580","properties":{"type":"yes","address":"Pod Sulnikiem 16","residential":true,"residents_est":2,"h3_10":"8a1e2e6b6037fff","h3_11":"8b1e2e6b6030fff"},"geometry":{"type":"Polygon","coordinates":[[[19.877698,50.063454],[19.877782,50.063426],[19.877814,50.063464],[19.877839,50.063456],[19.877896,50.063524],[19.877768,50.063569],[19.877747,50.063543],[19.877715,50.063545],[19.8777,50.063527],[19.877702,50.06349],[19.877722,50.063483],[19.877698,50.063454]]]}},{"type":"Feature","id":"w231919581","properties":{"type":"yes","levels":2.0,"address":"Koło Strzelnicy 16","residential":true,"residents_est":2,"h3_10":"8a1e2e6b6007fff","h3_11":"8b1e2e6b6000fff"},"geometry":{"type":"Polygon","coordinates":[[[19.87968,50.063263],[19.879685,50.063248],[19.879753,50.063225],[19.879776,50.063252],[19.879845,50.063233],[19.879882,50.06328],[19.879876,50.063292],[19.879768,50.063327],[19.879745,50.0633],[19.879734,50.063304],[19.879709,50.063299],[19.87968,50.063263]]]}},{"type":"Feature","id":"w231919583","properties":{"type":"yes","levels":2.0,"address":"Królowej Jadwigi 190b","residential":true,"residents_est":3,"h3_10":"8a1e2e6b6047fff","h3_11":"8b1e2e6b6043fff"},"geometry":{"type":"Polygon","coordinates":[[[19.885177,50.062833],[19.885257,50.062806],[19.885267,50.062818],[19.885319,50.0628],[19.885386,50.062873],[19.885359,50.062883],[19.88539,50.062924],[19.88533,50.062946],[19.885343,50.062964],[19.885298,50.06298],[19.885177,50.062833]]]}},{"type":"Feature","id":"w231919588","properties":{"type":"yes","address":"Berberysowa 5","residential":true,"residents_est":2,"h3_10":"8a1e2e6b61affff","h3_11":"8b1e2e6b61a8fff"},"geometry":{"type":"Polygon","coordinates":[[[19.875957,50.063656],[19.876007,50.063639],[19.875996,50.063626],[19.876091,50.063592],[19.876115,50.063619],[19.876123,50.063616],[19.876151,50.063648],[19.876137,50.063654],[19.876177,50.063701],[19.876067,50.06374],[19.876036,50.063705],[19.876007,50.063716],[19.875957,50.063656]]]}},{"type":"Feature","id":"w231919599","properties":{"type":"yes","levels":1.0,"address":"Ludmiły Korbutowej 7","residential":true,"residents_est":2,"h3_10":"8a1e2e6b6147fff","h3_11":"8b1e2e6b6141fff"},"geometry":{"type":"Polygon","coordinates":[[[19.882984,50.065802],[19.883102,50.065727],[19.883097,50.065724],[19.883101,50.065721],[19.883115,50.065729],[19.883233,50.065652],[19.883332,50.065718],[19.883205,50.065798],[19.883199,50.065793],[19.883088,50.065871],[19.882984,50.065802]]]}},{"type":"Feature","id":"w231919600","properties":{"type":"house","levels":3.0,"address":"Ludmiły Korbutowej 14","residential":true,"residents_est":4,"h3_10":"8a1e2e6b6147fff","h3_11":"8b1e2e6b6140fff"},"geometry":{"type":"Polygon","coordinates":[[[19.882178,50.065685],[19.88227,50.065626],[19.88231,50.065651],[19.882323,50.065643],[19.882373,50.065674],[19.882303,50.065724],[19.88226,50.065746],[19.882233,50.065729],[19.882239,50.065724],[19.882178,50.065685]]]}},{"type":"Feature","id":"w231919601","properties":{"type":"yes","levels":1.0,"address":"Pod Sikornikiem 48","residential":true,"residents_est":2,"h3_10":"8a1e2e6b60cffff","h3_11":"8b1e2e6b60cdfff"},"geometry":{"type":"Polygon","coordinates":[[[19.883901,50.060607],[19.884054,50.060604],[19.884054,50.060591],[19.884189,50.060589],[19.884192,50.060633],[19.884204,50.060634],[19.884205,50.060681],[19.884094,50.060682],[19.884094,50.060696],[19.884046,50.060696],[19.884048,50.060741],[19.883905,50.060743],[19.883901,50.060607]]]}},{"type":"Feature","id":"w231919604","properties":{"type":"yes","address":"Pod Sulnikiem 8","residential":true,"residents_est":3,"h3_10":"8a1e2e6b611ffff","h3_11":"8b1e2e6b611bfff"},"geometry":{"type":"Polygon","coordinates":[[[19.877835,50.064268],[19.878005,50.064206],[19.878023,50.064226],[19.878094,50.0642],[19.878145,50.064258],[19.878067,50.064286],[19.878062,50.064281],[19.878011,50.0643],[19.878016,50.064305],[19.877899,50.064341],[19.877835,50.064268]]]}},{"type":"Feature","id":"w231919609","properties":{"type":"yes","levels":2.0,"address":"Koło Strzelnicy 5","residential":true,"residents_est":17,"h3_10":"8a1e2e6b6007fff","h3_11":"8b1e2e6b6001fff"},"geometry":{"type":"Polygon","coordinates":[[[19.880597,50.063146],[19.88066,50.062981],[19.880747,50.062995],[19.88079,50.06288],[19.881172,50.062939],[19.88107,50.06322],[19.880597,50.063146]]]}},{"type":"Feature","id":"w231919611","properties":{"type":"yes","levels":4.0,"address":"Klemensa Bąkowskiego 5","residential":true,"residents_est":5,"h3_10":"8a1e2e6b606ffff","h3_11":"8b1e2e6b6068fff"},"geometry":{"type":"Polygon","coordinates":[[[19.886186,50.063805],[19.886281,50.063781],[19.886276,50.063774],[19.886336,50.063759],[19.886393,50.063855],[19.886335,50.063869],[19.886347,50.06389],[19.886319,50.063897],[19.886333,50.063921],[19.886297,50.06393],[19.88627,50.063885],[19.886221,50.063897],[19.88619,50.063845],[19.886208,50.063841],[19.886186,50.063805]]]}},{"type":"Feature","id":"w231919613","properties":{"type":"yes","address":"28 Lipca 1943 17","residential":true,"residents_est":3,"h3_10":"8a1e2e6b61b7fff","h3_11":"8b1e2e6b61b5fff"},"geometry":{"type":"Polygon","coordinates":[[[19.873467,50.063686],[19.873527,50.06367],[19.873534,50.063657],[19.873583,50.063643],[19.873602,50.063649],[19.873662,50.063632],[19.873712,50.063706],[19.873667,50.063719],[19.873674,50.063731],[19.873505,50.063778],[19.873469,50.063722],[19.873487,50.063718],[19.873467,50.063686]]]}},{"type":"Feature","id":"w231919614","properties":{"type":"yes","levels":3.0,"address":"Koło Strzelnicy 8","residential":true,"residents_est":6,"h3_10":"8a1e2e6b6027fff","h3_11":"8b1e2e6b6022fff"},"geometry":{"type":"Polygon","coordinates":[[[19.878956,50.063743],[19.879067,50.063704],[19.879038,50.063671],[19.879129,50.063639],[19.879157,50.063673],[19.879206,50.063656],[19.879267,50.063729],[19.879177,50.063761],[19.879189,50.063775],[19.879096,50.063807],[19.879084,50.063793],[19.879018,50.063816],[19.878956,50.063743]]]}},{"type":"Feature","id":"w231919623","properties":{"type":"yes","address":"28 Lipca 1943 30a","residential":true,"residents_est":4,"h3_10":"8a1e2e6b619ffff","h3_11":"8b1e2e6b619efff"},"geometry":{"type":"Polygon","coordinates":[[[19.87442,50.062022],[19.874517,50.062003],[19.874523,50.062016],[19.874551,50.06201],[19.874543,50.061995],[19.874752,50.061953],[19.874764,50.061977],[19.874789,50.061983],[19.874796,50.061997],[19.874781,50.062011],[19.874792,50.062035],[19.874583,50.062076],[19.874576,50.062061],[19.874453,50.06209],[19.87442,50.062022]]]}},{"type":"Feature","id":"w231919631","properties":{"type":"yes","address":"Tadeusza Rogalskiego 15","residential":true,"residents_est":2,"h3_10":"8a1e2e6b6127fff","h3_11":"8b1e2e6b6121fff"},"geometry":{"type":"Polygon","coordinates":[[[19.877517,50.066924],[19.877641,50.066883],[19.877709,50.06699],[19.877644,50.067007],[19.877633,50.066991],[19.877571,50.067007],[19.877547,50.066961],[19.877541,50.066962],[19.877517,50.066924]]]}},{"type":"Feature","id":"w231919633","properties":{"type":"yes","levels":2.0,"address":"Królowej Jadwigi 190c","residential":true,"residents_est":3,"h3_10":"8a1e2e6b6047fff","h3_11":"8b1e2e6b6043fff"},"geometry":{"type":"Polygon","coordinates":[[[19.885055,50.06289],[19.885106,50.062872],[19.885097,50.06286],[19.885177,50.062833],[19.885298,50.06298],[19.885252,50.062996],[19.885236,50.062978],[19.885175,50.062999],[19.885141,50.062958],[19.885112,50.062967],[19.885055,50.06289]]]}},{"type":"Feature","id":"w231919638","properties":{"type":"yes","levels":1.0,"address":"Koło Strzelnicy 12","residential":true,"residents_est":1,"h3_10":"8a1e2e6b6007fff","h3_11":"8b1e2e6b6005fff"},"geometry":{"type":"Polygon","coordinates":[[[19.879616,50.063538],[19.879741,50.063497],[19.87975,50.063509],[19.879836,50.06348],[19.879875,50.06353],[19.879789,50.063558],[19.879828,50.063606],[19.879786,50.063621],[19.879793,50.063629],[19.879741,50.063646],[19.879733,50.063637],[19.879702,50.063648],[19.879616,50.063538]]]}},{"type":"Feature","id":"w231919639","properties":{"type":"yes","address":"Poręba 22","residential":true,"residents_est":3,"h3_10":"8a1e2e6b618ffff","h3_11":"8b1e2e6b618bfff"},"geometry":{"type":"Polygon","coordinates":[[[19.876965,50.062421],[19.877021,50.062409],[19.877014,50.062392],[19.877066,50.062381],[19.877075,50.062398],[19.877131,50.062386],[19.877126,50.062375],[19.877156,50.062369],[19.877184,50.062379],[19.877199,50.062412],[19.877197,50.062422],[19.877154,50.062433],[19.87717,50.062464],[19.877108,50.062477],[19.877115,50.062491],[19.877073,50.062499],[19.877066,50.062486],[19.877005,50.062499],[19.876965,50.062421]]]}},{"type":"Feature","id":"w231919641","properties":{"type":"yes","levels":1.0,"address":"Podłącze 14","residential":true,"residents_est":1,"h3_10":"8a1e2e6b6177fff","h3_11":"8b1e2e6b6170fff"},"geometry":{"type":"Polygon","coordinates":[[[19.880383,50.066228],[19.88047,50.066171],[19.880446,50.066155],[19.880491,50.066126],[19.880618,50.066203],[19.880605,50.066199],[19.880573,50.066221],[19.880582,50.066227],[19.880549,50.066249],[19.880541,50.066244],[19.880522,50.066257],[19.880529,50.066262],[19.880484,50.066292],[19.880383,50.066228]]]}},{"type":"Feature","id":"w231919649","properties":{"type":"yes","levels":1.0,"address":"Stanisława Ciechanowskiego 26","residential":true,"residents_est":2,"h3_10":"8a1e2e6b6167fff","h3_11":"8b1e2e6b6166fff"},"geometry":{"type":"Polygon","coordinates":[[[19.880826,50.066994],[19.881031,50.066855],[19.881099,50.066897],[19.881056,50.066925],[19.881104,50.066956],[19.88106,50.066986],[19.881048,50.066978],[19.880997,50.067012],[19.881012,50.067022],[19.880956,50.067059],[19.880889,50.067016],[19.880876,50.067025],[19.880826,50.066994]]]}},{"type":"Feature","id":"w231919652","properties":{"type":"yes","levels":2.0,"address":"Jana Zygmunta Robla 10","residential":true,"residents_est":3,"h3_10":"8a1e2e6b615ffff","h3_11":"8b1e2e6b615dfff"},"geometry":{"type":"Polygon","coordinates":[[[19.882963,50.064721],[19.883033,50.064679],[19.883214,50.064805],[19.883107,50.064864],[19.882968,50.06476],[19.882995,50.064743],[19.882963,50.064721]]]}},{"type":"Feature","id":"w231919658","properties":{"type":"yes","address":"Tadeusza Rogalskiego 21","residential":true,"residents_est":3,"h3_10":"8a1e2e6b6127fff","h3_11":"8b1e2e6b6120fff"},"geometry":{"type":"Polygon","coordinates":[[[19.876907,50.06691],[19.877013,50.066879],[19.877029,50.066902],[19.877145,50.066869],[19.877181,50.066921],[19.877097,50.066945],[19.877107,50.06696],[19.876937,50.067008],[19.87692,50.066982],[19.876934,50.066977],[19.876915,50.066949],[19.87693,50.066944],[19.876907,50.06691]]]}},{"type":"Feature","id":"w231919675","properties":{"type":"yes","address":"Królowej Jadwigi 219","residential":true,"residents_est":9,"h3_10":"8a1e2e6b6137fff","h3_11":"8b1e2e6b6131fff"},"geometry":{"type":"Polygon","coordinates":[[[19.875749,50.06597],[19.875805,50.065948],[19.87578,50.065922],[19.875978,50.065844],[19.876002,50.065869],[19.876024,50.065861],[19.876092,50.065935],[19.875985,50.065977],[19.875993,50.065985],[19.875954,50.066001],[19.875946,50.065993],[19.875816,50.066045],[19.875749,50.06597]]]}},{"type":"Feature","id":"w231919677","properties":{"type":"yes","levels":1.0,"address":"Poręba 3","residential":true,"residents_est":2,"h3_10":"8a1e2e6b601ffff","h3_11":"8b1e2e6b601cfff"},"geometry":{"type":"Polygon","coordinates":[[[19.879608,50.062352],[19.879614,50.062333],[19.879643,50.062323],[19.879667,50.062328],[19.879792,50.062287],[19.879848,50.062357],[19.879873,50.062354],[19.879942,50.062436],[19.879854,50.062466],[19.879805,50.062409],[19.879705,50.062444],[19.87969,50.062427],[19.879673,50.062433],[19.879608,50.062352]]]}},{"type":"Feature","id":"w231919678","properties":{"type":"yes","levels":1.0,"address":"Złota 6","residential":true,"residents_est":3,"h3_10":"8a1e2e6b616ffff","h3_11":"8b1e2e6b616bfff"},"geometry":{"type":"Polygon","coordinates":[[[19.884,50.066027],[19.884149,50.065935],[19.884326,50.066052],[19.884283,50.06608],[19.884337,50.066116],[19.884343,50.066112],[19.88443,50.066171],[19.884319,50.066239],[19.884231,50.06618],[19.884276,50.066152],[19.884223,50.066116],[19.884203,50.066128],[19.884152,50.066093],[19.884118,50.066113],[19.884083,50.066102],[19.884067,50.066092],[19.884066,50.066079],[19.884052,50.066069],[19.884056,50.066066],[19.884,50.066027]]]}},{"type":"Feature","id":"w231919684","properties":{"type":"yes","residential":true,"residents_est":4,"h3_10":"8a1e2e6b6027fff","h3_11":"8b1e2e6b6026fff"},"geometry":{"type":"Polygon","coordinates":[[[19.878482,50.064077],[19.878573,50.064047],[19.878587,50.064065],[19.878605,50.064059],[19.878719,50.064205],[19.8787,50.064211],[19.878714,50.064229],[19.878623,50.064258],[19.878614,50.064247],[19.878577,50.064259],[19.878539,50.064211],[19.878558,50.064204],[19.878487,50.064113],[19.878506,50.064107],[19.878482,50.064077]]]}},{"type":"Feature","id":"w231919694","properties":{"type":"yes","levels":1.0,"address":"Złota 14","residential":true,"residents_est":1,"h3_10":"8a1e2e6b614ffff","h3_11":"8b1e2e6b614efff"},"geometry":{"type":"Polygon","coordinates":[[[19.882993,50.065354],[19.882999,50.065311],[19.883004,50.065309],[19.882998,50.065303],[19.88307,50.065264],[19.88311,50.065292],[19.883122,50.065285],[19.883142,50.0653],[19.883167,50.065285],[19.883226,50.065327],[19.883123,50.065388],[19.883108,50.065378],[19.883063,50.065404],[19.882993,50.065354]]]}},{"type":"Feature","id":"w231919695","properties":{"type":"yes","address":"28 Lipca 1943 11c","residential":true,"residents_est":2,"h3_10":"8a1e2e6b61a7fff","h3_11":"8b1e2e6b61a2fff"},"geometry":{"type":"Polygon","coordinates":[[[19.87411,50.063952],[19.874197,50.063915],[19.874204,50.063919],[19.874234,50.063908],[19.874284,50.063971],[19.874299,50.063967],[19.874322,50.063994],[19.874307,50.063999],[19.874325,50.064023],[19.874246,50.06405],[19.874207,50.064002],[19.874164,50.064017],[19.87411,50.063952]]]}},{"type":"Feature","id":"w231919697","properties":{"type":"yes","levels":2.0,"address":"Zygmunta Wyrobka 8","residential":true,"residents_est":2,"h3_10":"8a1e2e6b6067fff","h3_11":"8b1e2e6b6065fff"},"geometry":{"type":"Polygon","coordinates":[[[19.884313,50.064619],[19.884445,50.064564],[19.884496,50.064621],[19.884502,50.064618],[19.884523,50.064639],[19.884535,50.064634],[19.884563,50.064662],[19.884465,50.064704],[19.884437,50.064676],[19.884447,50.064671],[19.884431,50.064656],[19.884377,50.06468],[19.884313,50.064619]]]}},{"type":"Feature","id":"w231919702","properties":{"type":"yes","address":"Pod Sulnikiem 12","residential":true,"residents_est":2,"h3_10":"8a1e2e6b6037fff","h3_11":"8b1e2e6b6035fff"},"geometry":{"type":"Polygon","coordinates":[[[19.878019,50.063918],[19.878074,50.063898],[19.878066,50.063889],[19.878121,50.063869],[19.878129,50.063878],[19.878184,50.063858],[19.878246,50.063929],[19.878139,50.063962],[19.878144,50.063966],[19.878082,50.063989],[19.878019,50.063918]]]}},{"type":"Feature","id":"w231919707","properties":{"type":"yes","levels":3.0,"address":"Tadeusza Wyrwy-Furgalskiego 6","residential":true,"residents_est":3,"h3_10":"8a1e2e6b6067fff","h3_11":"8b1e2e6b6063fff"},"geometry":{"type":"Polygon","coordinates":[[[19.884484,50.063937],[19.884541,50.063912],[19.884537,50.063908],[19.884572,50.063893],[19.884576,50.063898],[19.884633,50.063872],[19.884712,50.063947],[19.884563,50.064011],[19.884484,50.063937]]]}},{"type":"Feature","id":"w231919711","properties":{"type":"yes","levels":1.0,"address":"Jana Zygmunta Robla 16","residential":true,"residents_est":1,"h3_10":"8a1e2e6b615ffff","h3_11":"8b1e2e6b615cfff"},"geometry":{"type":"Polygon","coordinates":[[[19.882394,50.065067],[19.882435,50.065043],[19.882482,50.065076],[19.882541,50.065041],[19.8826,50.065082],[19.882593,50.065086],[19.882645,50.06512],[19.88255,50.065171],[19.882557,50.065176],[19.882552,50.065179],[19.882394,50.065067]]]}},{"type":"Feature","id":"w231919715","properties":{"type":"yes","levels":3.0,"address":"Franciszka Pększyca-Grudzińskiego 25","residential":true,"residents_est":4,"h3_10":"8a1e2e6b614ffff","h3_11":"8b1e2e6b6149fff"},"geometry":{"type":"Polygon","coordinates":[[[19.884635,50.065291],[19.884679,50.065273],[19.884674,50.065267],[19.884733,50.065242],[19.884742,50.06525],[19.884792,50.065228],[19.884875,50.065318],[19.884718,50.06538],[19.884635,50.065291]]]}},{"type":"Feature","id":"w231919716","properties":{"type":"yes","address":"Franciszka Bielaka 8","residential":true,"residents_est":8,"h3_10":"8a1e2e6b612ffff","h3_11":"8b1e2e6b612efff"},"geometry":{"type":"Polygon","coordinates":[[[19.877913,50.066228],[19.877956,50.066208],[19.87798,50.066229],[19.878064,50.066193],[19.878149,50.06627],[19.87816,50.066266],[19.878186,50.066289],[19.878178,50.066293],[19.878234,50.066346],[19.878094,50.066408],[19.878049,50.066367],[19.878062,50.066362],[19.877913,50.066228]]]}},{"type":"Feature","id":"w231919718","properties":{"type":"yes","levels":1.0,"address":"Tadeusza Wyrwy-Furgalskiego 9","residential":true,"residents_est":2,"h3_10":"8a1e2e6b6067fff","h3_11":"8b1e2e6b6061fff"},"geometry":{"type":"Polygon","coordinates":[[[19.885302,50.064232],[19.885375,50.064202],[19.885312,50.064134],[19.88538,50.064113],[19.885411,50.064143],[19.885456,50.064123],[19.885462,50.064129],[19.885524,50.064104],[19.885588,50.064165],[19.885341,50.064271],[19.885302,50.064232]]]}},{"type":"Feature","id":"w231919720","properties":{"type":"yes","address":"28 Lipca 1943 16","residential":true,"residents_est":2,"h3_10":"8a1e2e6b61affff","h3_11":"8b1e2e6b61aefff"},"geometry":{"type":"Polygon","coordinates":[[[19.875169,50.063999],[19.875189,50.063992],[19.875174,50.063975],[19.875209,50.063962],[19.875224,50.063979],[19.875308,50.063949],[19.875293,50.063933],[19.87536,50.063909],[19.875389,50.063942],[19.87538,50.063946],[19.875399,50.063969],[19.875205,50.064042],[19.875169,50.063999]]]}},{"type":"Feature","id":"w231919727","properties":{"type":"yes","levels":2.0,"address":"Ludmiły Korbutowej 7a","residential":true,"residents_est":3,"h3_10":"8a1e2e6b616ffff","h3_11":"8b1e2e6b616afff"},"geometry":{"type":"Polygon","coordinates":[[[19.883257,50.065989],[19.883262,50.065977],[19.883281,50.065966],[19.8833,50.065963],[19.883317,50.065975],[19.883422,50.06591],[19.883524,50.065977],[19.883471,50.06601],[19.883481,50.066017],[19.883439,50.066043],[19.883429,50.066036],[19.883372,50.066071],[19.883257,50.065989]]]}},{"type":"Feature","id":"w231919731","properties":{"type":"yes","levels":1.0,"address":"Królowej Jadwigi 190g","residential":true,"residents_est":2,"h3_10":"8a1e2e6b605ffff","h3_11":"8b1e2e6b605dfff"},"geometry":{"type":"Polygon","coordinates":[[[19.885075,50.062336],[19.885137,50.062314],[19.885124,50.062298],[19.885209,50.062268],[19.885223,50.062284],[19.885285,50.062262],[19.885333,50.062317],[19.885357,50.062308],[19.8854,50.062359],[19.885313,50.06239],[19.885284,50.062356],[19.885198,50.062387],[19.885184,50.062371],[19.885123,50.062393],[19.885075,50.062336]]]}},{"type":"Feature","id":"w231919738","properties":{"type":"yes","address":"Pod Sulnikiem 22","residential":true,"residents_est":2,"h3_10":"8a1e2e6b618ffff","h3_11":"8b1e2e6b6189fff"},"geometry":{"type":"Polygon","coordinates":[[[19.87718,50.062973],[19.877218,50.06296],[19.877227,50.062971],[19.87728,50.062952],[19.877271,50.062942],[19.87728,50.062927],[19.877318,50.062914],[19.877339,50.062918],[19.877381,50.062904],[19.877434,50.062967],[19.877393,50.062982],[19.87741,50.063001],[19.877311,50.063036],[19.877294,50.063016],[19.877232,50.063037],[19.87718,50.062973]]]}},{"type":"Feature","id":"w231919741","properties":{"type":"yes","levels":3.0,"address":"Koło Strzelnicy 14","residential":true,"residents_est":3,"h3_10":"8a1e2e6b6007fff","h3_11":"8b1e2e6b6000fff"},"geometry":{"type":"Polygon","coordinates":[[[19.879855,50.063094],[19.879918,50.063074],[19.87991,50.063063],[19.879978,50.06304],[19.880005,50.063076],[19.880024,50.06307],[19.880042,50.063094],[19.880024,50.0631],[19.880048,50.063129],[19.879986,50.06315],[19.879994,50.063161],[19.879926,50.063183],[19.879855,50.063094]]]}},{"type":"Feature","id":"w231919742","properties":{"type":"yes","levels":1.0,"address":"Feliksa Kopery 10","residential":true,"residents_est":2,"h3_10":"8a1e2e6b6167fff","h3_11":"8b1e2e6b6163fff"},"geometry":{"type":"Polygon","coordinates":[[[19.881766,50.066551],[19.881822,50.066515],[19.881852,50.066534],[19.881922,50.06649],[19.881961,50.066516],[19.882103,50.066426],[19.882193,50.066486],[19.882071,50.066563],[19.882082,50.06657],[19.882065,50.066581],[19.882047,50.066588],[19.882034,50.066579],[19.881987,50.066608],[19.881902,50.066552],[19.881834,50.066595],[19.881766,50.066551]]]}},{"type":"Feature","id":"w231919745","properties":{"type":"yes","levels":1.0,"address":"Podłącze 9","residential":true,"residents_est":1,"h3_10":"8a1e2e6b6177fff","h3_11":"8b1e2e6b6175fff"},"geometry":{"type":"Polygon","coordinates":[[[19.880828,50.066341],[19.880914,50.066288],[19.880888,50.066271],[19.880937,50.066238],[19.880994,50.066276],[19.881008,50.066268],[19.881067,50.066306],[19.881004,50.066347],[19.880995,50.066341],[19.880972,50.066355],[19.88099,50.066368],[19.88095,50.066393],[19.880972,50.066407],[19.88095,50.066421],[19.880828,50.066341]]]}},{"type":"Feature","id":"w231919747","properties":{"type":"yes","levels":4.0,"address":"Królowej Jadwigi 195","residential":true,"residents_est":9,"h3_10":"8a1e2e6b6157fff","h3_11":"8b1e2e6b6156fff"},"geometry":{"type":"Polygon","coordinates":[[[19.879961,50.06493],[19.880222,50.064882],[19.880272,50.065008],[19.880058,50.065049],[19.880025,50.065045],[19.879996,50.065024],[19.879961,50.06493]]]}},{"type":"Feature","id":"w231919749","properties":{"type":"yes","levels":1.0,"address":"Pod Sikornikiem 45","residential":true,"residents_est":3,"h3_10":"8a1e2e6b6057fff","h3_11":"8b1e2e6b6053fff"},"geometry":{"type":"Polygon","coordinates":[[[19.883614,50.061931],[19.883653,50.061929],[19.883647,50.061871],[19.88369,50.061869],[19.883674,50.061734],[19.883769,50.061729],[19.883788,50.061867],[19.883775,50.061868],[19.883793,50.06203],[19.883717,50.062034],[19.883716,50.062024],[19.883695,50.062025],[19.883696,50.062035],[19.883627,50.062039],[19.883614,50.061931]]]}},{"type":"Feature","id":"w231919754","properties":{"type":"yes","levels":2.0,"residential":true,"residents_est":4,"h3_10":"8a1e2e6b6047fff","h3_11":"8b1e2e6b6042fff"},"geometry":{"type":"Polygon","coordinates":[[[19.884453,50.062647],[19.884666,50.062574],[19.884744,50.062669],[19.884682,50.06269],[19.88467,50.062676],[19.884618,50.062694],[19.884621,50.062703],[19.884608,50.062714],[19.884693,50.062814],[19.884682,50.062811],[19.884614,50.062834],[19.884619,50.06284],[19.884613,50.062842],[19.884453,50.062647]]]}},{"type":"Feature","id":"w231919757","properties":{"type":"yes","address":"Nasza 14","residential":true,"residents_est":3,"h3_10":"8a1e2e6b6037fff","h3_11":"8b1e2e6b6031fff"},"geometry":{"type":"Polygon","coordinates":[[[19.878829,50.063488],[19.878868,50.063475],[19.878838,50.063439],[19.878946,50.063402],[19.879008,50.063476],[19.879006,50.063481],[19.879057,50.063534],[19.878958,50.063569],[19.878951,50.063561],[19.878887,50.063584],[19.878859,50.063551],[19.878891,50.063539],[19.878875,50.06352],[19.878854,50.063519],[19.878829,50.063488]]]}},{"type":"Feature","id":"w231919758","properties":{"type":"yes","levels":1.0,"address":"Królowej Jadwigi 190j","residential":true,"residents_est":2,"h3_10":"8a1e2e6b605ffff","h3_11":"8b1e2e6b6058fff"},"geometry":{"type":"Polygon","coordinates":[[[19.884817,50.062017],[19.884886,50.062],[19.88488,50.061988],[19.88495,50.061973],[19.884983,50.062032],[19.885007,50.062026],[19.88504,50.062085],[19.88509,50.062073],[19.885123,50.062129],[19.885021,50.062151],[19.885005,50.062122],[19.884972,50.062129],[19.884975,50.062136],[19.884904,50.062153],[19.884856,50.062066],[19.884846,50.062069],[19.884817,50.062017]]]}},{"type":"Feature","id":"w231919762","properties":{"type":"yes","levels":2.0,"address":"Królowej Jadwigi 190k","residential":true,"residents_est":3,"h3_10":"8a1e2e6b605ffff","h3_11":"8b1e2e6b605efff"},"geometry":{"type":"Polygon","coordinates":[[[19.88451,50.062086],[19.884588,50.062066],[19.884571,50.062038],[19.884663,50.062015],[19.884719,50.062098],[19.884715,50.0621],[19.884735,50.062132],[19.884653,50.062153],[19.884672,50.062186],[19.884584,50.062208],[19.884553,50.062149],[19.88451,50.062086]]]}},{"type":"Feature","id":"w231919772","properties":{"type":"yes","address":"Pod Sulnikiem 10","residential":true,"residents_est":4,"h3_10":"8a1e2e6b611ffff","h3_11":"8b1e2e6b611bfff"},"geometry":{"type":"Polygon","coordinates":[[[19.877676,50.064059],[19.877751,50.064033],[19.877741,50.064022],[19.877752,50.064008],[19.877783,50.063997],[19.877807,50.064],[19.877817,50.064011],[19.877893,50.063985],[19.877975,50.064082],[19.877896,50.06411],[19.877907,50.064124],[19.877899,50.064138],[19.877874,50.064147],[19.877842,50.064138],[19.877764,50.064164],[19.877676,50.064059]]]}},{"type":"Feature","id":"w231919773","properties":{"type":"detached","address":"Królowej Jadwigi 250","residential":true,"residents_est":7,"h3_10":"8a1e2e6b6137fff","h3_11":"8b1e2e6b6132fff"},"geometry":{"type":"Polygon","coordinates":[[[19.874848,50.065498],[19.87502,50.065463],[19.875037,50.065499],[19.875053,50.065496],[19.875063,50.065515],[19.875099,50.065508],[19.875128,50.065568],[19.875117,50.06557],[19.875128,50.065592],[19.875042,50.06561],[19.875046,50.065618],[19.874984,50.065629],[19.874967,50.065591],[19.874948,50.065595],[19.874914,50.065527],[19.874867,50.065536],[19.874848,50.065498]]]}},{"type":"Feature","id":"w231919775","properties":{"type":"yes","address":"28 Lipca 1943 32d","residential":true,"residents_est":3,"h3_10":"8a1e2e6b6197fff","h3_11":"8b1e2e6b6196fff"},"geometry":{"type":"Polygon","coordinates":[[[19.872441,50.062232],[19.872458,50.062214],[19.872631,50.062184],[19.872645,50.062212],[19.872698,50.062201],[19.872727,50.06226],[19.872603,50.062282],[19.872586,50.062299],[19.872569,50.062289],[19.872501,50.062303],[19.872471,50.062293],[19.872441,50.062232]]]}},{"type":"Feature","id":"w231919776","properties":{"type":"yes","levels":1.0,"address":"Złota 8","residential":true,"residents_est":1,"h3_10":"8a1e2e6b614ffff","h3_11":"8b1e2e6b614cfff"},"geometry":{"type":"Polygon","coordinates":[[[19.88355,50.065755],[19.883583,50.065734],[19.883579,50.065731],[19.883662,50.065684],[19.883715,50.065718],[19.883723,50.065713],[19.883753,50.065733],[19.883745,50.065738],[19.883798,50.065773],[19.883764,50.065794],[19.883768,50.065797],[19.883686,50.065843],[19.88355,50.065755]]]}},{"type":"Feature","id":"w231919778","properties":{"type":"yes","address":"Franciszka Bielaka 5","residential":true,"residents_est":4,"h3_10":"8a1e2e6b6107fff","h3_11":"8b1e2e6b6105fff"},"geometry":{"type":"Polygon","coordinates":[[[19.877645,50.065909],[19.877726,50.065886],[19.877706,50.065864],[19.877804,50.065827],[19.877953,50.065994],[19.877881,50.066021],[19.877857,50.065994],[19.877789,50.066019],[19.877745,50.065969],[19.877715,50.06598],[19.877724,50.06599],[19.877719,50.065992],[19.877645,50.065909]]]}},{"type":"Feature","id":"w231919781","properties":{"type":"yes","address":"Stanisława Ciechanowskiego 1","residential":true,"residents_est":4,"h3_10":"8a1e2e6b6107fff","h3_11":"8b1e2e6b6101fff"},"geometry":{"type":"Polygon","coordinates":[[[19.878127,50.065644],[19.878261,50.065587],[19.87831,50.065636],[19.878317,50.065633],[19.878312,50.065638],[19.878335,50.06566],[19.878342,50.065657],[19.878337,50.065662],[19.87836,50.065684],[19.878366,50.065681],[19.878362,50.065686],[19.878411,50.065735],[19.878277,50.065791],[19.878127,50.065644]]]}},{"type":"Feature","id":"w231919787","properties":{"type":"yes","levels":1.0,"address":"Królowej Jadwigi 190i","residential":true,"residents_est":2,"h3_10":"8a1e2e6b605ffff","h3_11":"8b1e2e6b6058fff"},"geometry":{"type":"Polygon","coordinates":[[[19.885077,50.061945],[19.885264,50.061902],[19.88529,50.061949],[19.885295,50.061947],[19.885361,50.062073],[19.885295,50.062089],[19.885274,50.062051],[19.885169,50.062077],[19.885189,50.062113],[19.885123,50.062129],[19.885089,50.06207],[19.885111,50.062065],[19.885105,50.062055],[19.885136,50.062048],[19.885077,50.061945]]]}},{"type":"Feature","id":"w231919790","properties":{"type":"yes","address":"Pod Sulnikiem 20","residential":true,"residents_est":3,"h3_10":"8a1e2e6b6037fff","h3_11":"8b1e2e6b6032fff"},"geometry":{"type":"Polygon","coordinates":[[[19.877361,50.063184],[19.877414,50.063166],[19.877425,50.06318],[19.877441,50.063175],[19.877451,50.063156],[19.877435,50.063135],[19.877459,50.063088],[19.877495,50.063095],[19.87752,50.063087],[19.877554,50.06313],[19.877547,50.063145],[19.877557,50.063158],[19.877571,50.063153],[19.877598,50.063186],[19.877409,50.063247],[19.877361,50.063184]]]}},{"type":"Feature","id":"w231919791","properties":{"type":"yes","levels":1.0,"address":"Podłącze 7","residential":true,"residents_est":1,"h3_10":"8a1e2e6b6177fff","h3_11":"8b1e2e6b6171fff"},"geometry":{"type":"Polygon","coordinates":[[[19.881103,50.066112],[19.881174,50.066068],[19.881201,50.066086],[19.881245,50.066056],[19.881341,50.06612],[19.88122,50.066199],[19.881171,50.066167],[19.881187,50.066157],[19.881147,50.066131],[19.881139,50.066136],[19.881103,50.066112]]]}},{"type":"Feature","id":"w231919794","properties":{"type":"yes","levels":2.0,"address":"Złota 10","residential":true,"residents_est":3,"h3_10":"8a1e2e6b614ffff","h3_11":"8b1e2e6b614cfff"},"geometry":{"type":"Polygon","coordinates":[[[19.883338,50.065616],[19.88343,50.065561],[19.88345,50.065574],[19.883505,50.065542],[19.88352,50.065553],[19.883534,50.065544],[19.88361,50.065596],[19.883537,50.06564],[19.883533,50.065637],[19.883449,50.065692],[19.883338,50.065616]]]}},{"type":"Feature","id":"w231919796","properties":{"type":"yes","levels":2.0,"address":"Jana Zygmunta Robla 12","residential":true,"residents_est":2,"h3_10":"8a1e2e6b615ffff","h3_11":"8b1e2e6b615dfff"},"geometry":{"type":"Polygon","coordinates":[[[19.882799,50.064892],[19.882831,50.064872],[19.882817,50.064862],[19.882823,50.064858],[19.882823,50.064845],[19.88285,50.064828],[19.882875,50.064826],[19.882937,50.06487],[19.882948,50.064863],[19.882986,50.064889],[19.882985,50.064897],[19.882963,50.064911],[19.882997,50.064935],[19.882912,50.064985],[19.882856,50.064945],[19.882867,50.064939],[19.882799,50.064892]]]}},{"type":"Feature","id":"w231919799","properties":{"type":"yes","levels":1.0,"address":"Koło Strzelnicy 22","residential":true,"residents_est":1,"h3_10":"8a1e2e6b6007fff","h3_11":"8b1e2e6b6006fff"},"geometry":{"type":"Polygon","coordinates":[[[19.879176,50.063013],[19.879213,50.063002],[19.879206,50.062994],[19.879254,50.062978],[19.87926,50.062987],[19.879296,50.062974],[19.879314,50.062998],[19.879327,50.062994],[19.87935,50.063024],[19.879338,50.063028],[19.879356,50.063052],[19.879295,50.063071],[19.879313,50.063096],[19.879327,50.063091],[19.879365,50.063141],[19.879278,50.06317],[19.87924,50.063119],[19.879255,50.063114],[19.879176,50.063013]]]}},{"type":"Feature","id":"w231919806","properties":{"type":"yes","address":"Franciszka Bielaka 4","residential":true,"residents_est":3,"h3_10":"8a1e2e6b612ffff","h3_11":"8b1e2e6b612afff"},"geometry":{"type":"Polygon","coordinates":[[[19.878388,50.066145],[19.878397,50.066148],[19.878433,50.06613],[19.878465,50.066135],[19.878484,50.066152],[19.87852,50.066134],[19.878533,50.066145],[19.878591,50.066116],[19.878671,50.066185],[19.87852,50.06626],[19.878388,50.066145]]]}},{"type":"Feature","id":"w231919807","properties":{"type":"yes","levels":1.0,"address":"Królowej Jadwigi 228","residential":true,"residents_est":3,"h3_10":"8a1e2e6b6027fff","h3_11":"8b1e2e6b6024fff"},"geometry":{"type":"Polygon","coordinates":[[[19.879033,50.064427],[19.879275,50.064346],[19.879339,50.064427],[19.879408,50.06442],[19.879425,50.064484],[19.879327,50.064496],[19.879319,50.064475],[19.879254,50.064496],[19.879246,50.064486],[19.879221,50.064494],[19.879229,50.064505],[19.879122,50.064539],[19.879033,50.064427]]]}},{"type":"Feature","id":"w231919813","properties":{"type":"yes","address":"Franciszka Bielaka 6","residential":true,"residents_est":2,"h3_10":"8a1e2e6b612ffff","h3_11":"8b1e2e6b612afff"},"geometry":{"type":"Polygon","coordinates":[[[19.878295,50.066271],[19.87834,50.066249],[19.878352,50.066259],[19.878365,50.066253],[19.878331,50.066224],[19.878368,50.066206],[19.87835,50.066191],[19.878405,50.066165],[19.878388,50.066145],[19.87852,50.06626],[19.878366,50.066331],[19.878295,50.066271]]]}},{"type":"Feature","id":"w231919818","properties":{"type":"yes","levels":2.0,"address":"Koło Strzelnicy 10","residential":true,"residents_est":3,"h3_10":"8a1e2e6b6007fff","h3_11":"8b1e2e6b6004fff"},"geometry":{"type":"Polygon","coordinates":[[[19.879295,50.063633],[19.879348,50.063615],[19.879342,50.063607],[19.879347,50.063598],[19.879398,50.06359],[19.879364,50.063546],[19.879448,50.063519],[19.879499,50.063585],[19.879512,50.063581],[19.87955,50.06363],[19.879501,50.063646],[19.879498,50.063657],[19.879462,50.06367],[19.879447,50.063664],[19.879411,50.063676],[19.879445,50.063723],[19.879383,50.063742],[19.879295,50.063633]]]}},{"type":"Feature","id":"w231919819","properties":{"type":"yes","address":"Tadeusza Rogalskiego 41","residential":true,"residents_est":3,"h3_10":"8a1e2e6b6127fff","h3_11":"8b1e2e6b6126fff"},"geometry":{"type":"Polygon","coordinates":[[[19.876015,50.066713],[19.876028,50.066669],[19.876046,50.066674],[19.876116,50.066627],[19.876159,50.066673],[19.876146,50.066678],[19.876179,50.066713],[19.876167,50.066718],[19.8762,50.066754],[19.876145,50.066775],[19.876156,50.066787],[19.876075,50.066818],[19.876027,50.066766],[19.876057,50.066755],[19.876039,50.066713],[19.876015,50.066713]]]}},{"type":"Feature","id":"w231919820","properties":{"type":"detached","levels":2.0,"residential":true,"residents_est":6,"h3_10":"8a1e2e6b604ffff","h3_11":"8b1e2e6b604dfff"},"geometry":{"type":"Polygon","coordinates":[[[19.886764,50.063003],[19.88679,50.062927],[19.886815,50.062919],[19.886803,50.062907],[19.886853,50.062889],[19.886864,50.062901],[19.886978,50.062862],[19.887016,50.062909],[19.887009,50.062911],[19.887028,50.062937],[19.886982,50.062954],[19.886989,50.062964],[19.886924,50.062987],[19.886916,50.062979],[19.886896,50.062985],[19.886875,50.062982],[19.886858,50.06302],[19.886764,50.063003]]]}},{"type":"Feature","id":"w231919835","properties":{"type":"yes","levels":1.0,"address":"Czeremchowa 3","residential":true,"residents_est":2,"h3_10":"8a1e2e6b6157fff","h3_11":"8b1e2e6b6154fff"},"geometry":{"type":"Polygon","coordinates":[[[19.880424,50.065327],[19.880493,50.065284],[19.880607,50.065366],[19.880691,50.065314],[19.880754,50.065356],[19.880689,50.065397],[19.880684,50.065393],[19.880666,50.065404],[19.880672,50.065408],[19.880612,50.065445],[19.880547,50.065403],[19.880551,50.0654],[19.880535,50.065389],[19.880525,50.065395],[19.880424,50.065327]]]}},{"type":"Feature","id":"w231919846","properties":{"type":"yes","levels":2.0,"address":"Piotra Borowego 3","residential":true,"residents_est":2,"h3_10":"8a1e2e6b604ffff","h3_11":"8b1e2e6b6049fff"},"geometry":{"type":"Polygon","coordinates":[[[19.887414,50.062692],[19.88747,50.062674],[19.887489,50.062694],[19.887609,50.062657],[19.887614,50.062664],[19.887601,50.062668],[19.887636,50.062715],[19.887601,50.062726],[19.887604,50.06273],[19.887565,50.062737],[19.887594,50.062777],[19.887547,50.062786],[19.88754,50.062776],[19.887451,50.062803],[19.887416,50.062754],[19.887455,50.062742],[19.887414,50.062692]]]}},{"type":"Feature","id":"w231919850","properties":{"type":"yes","address":"28 Lipca 1943 8a","residential":true,"residents_est":3,"h3_10":"8a1e2e6b61affff","h3_11":"8b1e2e6b61acfff"},"geometry":{"type":"Polygon","coordinates":[[[19.875769,50.064206],[19.87582,50.064189],[19.875823,50.064193],[19.875854,50.064182],[19.875849,50.064176],[19.87598,50.064132],[19.876006,50.064165],[19.876018,50.064161],[19.876034,50.064181],[19.876023,50.064185],[19.876038,50.064204],[19.876027,50.064208],[19.876044,50.064228],[19.875927,50.064264],[19.875938,50.064278],[19.875858,50.064304],[19.875819,50.064253],[19.875809,50.064242],[19.8758,50.064245],[19.875769,50.064206]]]}},{"type":"Feature","id":"w231919853","properties":{"type":"yes","address":"28 Lipca 1943 6","residential":true,"residents_est":9,"h3_10":"8a1e2e6b6117fff","h3_11":"8b1e2e6b6113fff"},"geometry":{"type":"Polygon","coordinates":[[[19.875891,50.064589],[19.8759,50.064569],[19.875945,50.064553],[19.876027,50.064569],[19.876048,50.064593],[19.876091,50.064578],[19.876111,50.064582],[19.876128,50.064602],[19.876123,50.064615],[19.876114,50.064618],[19.876166,50.06468],[19.876066,50.064714],[19.876072,50.064722],[19.875947,50.064766],[19.875942,50.06476],[19.875948,50.064758],[19.875931,50.064737],[19.875922,50.064735],[19.875928,50.064733],[19.875899,50.064709],[19.875949,50.064692],[19.875943,50.064684],[19.875959,50.064679],[19.875943,50.064658],[19.875926,50.064664],[19.875896,50.064628],[19.875917,50.06462],[19.875891,50.064589]]]}},{"type":"Feature","id":"w231919860","properties":{"type":"yes","address":"Królowej Jadwigi 207","residential":true,"residents_est":3,"h3_10":"8a1e2e6b6107fff","h3_11":"8b1e2e6b6101fff"},"geometry":{"type":"Polygon","coordinates":[[[19.877669,50.065529],[19.877713,50.065507],[19.877733,50.065506],[19.877759,50.065534],[19.877847,50.065503],[19.877874,50.065533],[19.877893,50.065526],[19.877917,50.065546],[19.877897,50.065559],[19.877923,50.065588],[19.877782,50.065639],[19.877752,50.065603],[19.87776,50.065599],[19.877749,50.065586],[19.877728,50.065594],[19.877669,50.065529]]]}},{"type":"Feature","id":"w231919864","properties":{"type":"yes","levels":1.0,"address":"Stanisława Ciechanowskiego 16","residential":true,"residents_est":2,"h3_10":"8a1e2e6b6177fff","h3_11":"8b1e2e6b6176fff"},"geometry":{"type":"Polygon","coordinates":[[[19.87959,50.066301],[19.87972,50.066227],[19.879717,50.066224],[19.879774,50.066188],[19.879788,50.066197],[19.879827,50.066173],[19.879812,50.066163],[19.879816,50.066161],[19.879926,50.066233],[19.879879,50.066256],[19.879882,50.066259],[19.879738,50.066349],[19.879688,50.066316],[19.879648,50.066341],[19.87959,50.066301]]]}},{"type":"Feature","id":"w231919868","properties":{"type":"detached","levels":1.0,"address":"Pod Sikornikiem 46","residential":true,"residents_est":3,"h3_10":"8a1e2e6b60effff","h3_11":"8b1e2e6b60e9fff"},"geometry":{"type":"Polygon","coordinates":[[[19.88444,50.061121],[19.88459,50.061111],[19.884603,50.061205],[19.884543,50.061208],[19.884555,50.061281],[19.884467,50.061289],[19.88444,50.061121]]]}},{"type":"Feature","id":"w231919869","properties":{"type":"yes","levels":3.0,"address":"Klemensa Bąkowskiego 7","residential":true,"residents_est":5,"h3_10":"8a1e2e6b606ffff","h3_11":"8b1e2e6b6068fff"},"geometry":{"type":"Polygon","coordinates":[[[19.885811,50.063851],[19.885823,50.063835],[19.885851,50.063831],[19.885872,50.06384],[19.885888,50.063861],[19.885963,50.063838],[19.885944,50.063814],[19.886006,50.063795],[19.886083,50.0639],[19.886028,50.063917],[19.88606,50.063961],[19.886012,50.063976],[19.88598,50.063932],[19.885881,50.063961],[19.885822,50.063881],[19.885827,50.06388],[19.885811,50.063851]]]}},{"type":"Feature","id":"w231919871","properties":{"type":"hospital","levels":3.0,"residential":false,"residents_est":0,"h3_10":"8a1e2e6b602ffff","h3_11":"8b1e2e6b602afff"},"geometry":{"type":"Polygon","coordinates":[[[19.880319,50.063393],[19.880354,50.063299],[19.880387,50.063304],[19.880393,50.063288],[19.880441,50.063295],[19.880435,50.063311],[19.880497,50.063321],[19.880503,50.063305],[19.880551,50.063313],[19.880545,50.063329],[19.880606,50.063338],[19.880612,50.063322],[19.880659,50.063329],[19.880653,50.063346],[19.880688,50.063351],[19.880653,50.063445],[19.880564,50.063435],[19.880565,50.063431],[19.880509,50.063422],[19.880501,50.063426],[19.880461,50.063419],[19.880463,50.063415],[19.880319,50.063393]]]}},{"type":"Feature","id":"w231919872","properties":{"type":"detached","levels":2.0,"address":"Pod Sikornikiem 59","residential":true,"residents_est":8,"h3_10":"8a1e2e6b6077fff","h3_11":"8b1e2e6b6072fff"},"geometry":{"type":"Polygon","coordinates":[[[19.882413,50.06304],[19.882496,50.063036],[19.882495,50.063006],[19.882563,50.063004],[19.882577,50.062991],[19.882597,50.06299],[19.882614,50.063003],[19.882695,50.063001],[19.882697,50.063029],[19.882714,50.063029],[19.882717,50.06308],[19.882701,50.063081],[19.882701,50.063107],[19.882616,50.06311],[19.882615,50.063117],[19.882602,50.063125],[19.882586,50.063125],[19.88257,50.063116],[19.882571,50.063111],[19.882419,50.063115],[19.882413,50.06304]]]}},{"type":"Feature","id":"w231919875","properties":{"type":"yes","levels":1.0,"address":"Ludmiły Korbutowej 16","residential":true,"residents_est":1,"h3_10":"8a1e2e6b6147fff","h3_11":"8b1e2e6b6140fff"},"geometry":{"type":"Polygon","coordinates":[[[19.882129,50.065899],[19.882172,50.06587],[19.882151,50.065857],[19.882217,50.065814],[19.882236,50.065826],[19.882271,50.065803],[19.882284,50.065812],[19.882316,50.06579],[19.882396,50.065841],[19.882334,50.065883],[19.882348,50.065892],[19.882318,50.065911],[19.882304,50.065903],[19.88221,50.065966],[19.882161,50.065935],[19.882174,50.065927],[19.882135,50.065911],[19.882142,50.065906],[19.882129,50.065899]]]}},{"type":"Feature","id":"w231919880","properties":{"type":"detached","levels":1.0,"address":"Królowej Jadwigi 208","residential":true,"residents_est":3,"h3_10":"8a1e2e6b602ffff","h3_11":"8b1e2e6b6029fff"},"geometry":{"type":"Polygon","coordinates":[[[19.882063,50.063858],[19.882119,50.063838],[19.882114,50.063833],[19.882227,50.0638],[19.882307,50.063896],[19.882324,50.063891],[19.882352,50.063923],[19.882336,50.063928],[19.882356,50.063952],[19.882311,50.063968],[19.882303,50.063958],[19.882229,50.063984],[19.882185,50.063932],[19.882242,50.063913],[19.88221,50.063874],[19.88211,50.063915],[19.882063,50.063858]]]}},{"type":"Feature","id":"w231919881","properties":{"type":"yes","residential":true,"residents_est":3,"h3_10":"8a1e2e6b6127fff","h3_11":"8b1e2e6b6120fff"},"geometry":{"type":"Polygon","coordinates":[[[19.876653,50.066625],[19.876727,50.066597],[19.876783,50.06666],[19.876862,50.066631],[19.876931,50.066707],[19.876873,50.066728],[19.876876,50.066738],[19.876864,50.066747],[19.876846,50.066749],[19.876834,50.066742],[19.876777,50.066764],[19.876653,50.066625]]]}},{"type":"Feature","id":"w231919902","properties":{"type":"yes","address":"Stanisława Ciechanowskiego 6","residential":true,"residents_est":3,"h3_10":"8a1e2e6b610ffff","h3_11":"8b1e2e6b610cfff"},"geometry":{"type":"Polygon","coordinates":[[[19.878783,50.065694],[19.878815,50.065678],[19.878783,50.065655],[19.878905,50.065594],[19.878903,50.065599],[19.87893,50.06562],[19.878954,50.065608],[19.878953,50.065613],[19.878981,50.065636],[19.879007,50.065623],[19.879005,50.065628],[19.879053,50.065663],[19.878938,50.06572],[19.87894,50.065715],[19.878927,50.065704],[19.878845,50.065746],[19.878846,50.065741],[19.87882,50.065719],[19.878812,50.065719],[19.878817,50.065716],[19.878791,50.065694],[19.878783,50.065694]]]}},{"type":"Feature","id":"w231919904","properties":{"type":"detached","address":"Królowej Jadwigi 211","residential":true,"residents_est":3,"h3_10":"8a1e2e6b6107fff","h3_11":"8b1e2e6b6100fff"},"geometry":{"type":"Polygon","coordinates":[[[19.87717,50.065593],[19.877196,50.065585],[19.87719,50.065577],[19.877223,50.065567],[19.877229,50.065574],[19.877286,50.06556],[19.877332,50.06562],[19.877335,50.065628],[19.87733,50.065635],[19.877346,50.065655],[19.877293,50.065671],[19.87728,50.065654],[19.877228,50.065671],[19.87717,50.065593]]]}},{"type":"Feature","id":"w231919915","properties":{"type":"civic","levels":1.0,"address":"Królowej Jadwigi 220","name":"Zabytkowa strzelnica","residential":false,"residents_est":0,"h3_10":"8a1e2e6b602ffff","h3_11":"8b1e2e6b602cfff"},"geometry":{"type":"Polygon","coordinates":[[[19.880001,50.064256],[19.880022,50.064201],[19.881361,50.064412],[19.88134,50.06447],[19.881031,50.064421],[19.881024,50.064439],[19.880928,50.064423],[19.88089,50.064447],[19.880837,50.064455],[19.880777,50.064438],[19.880753,50.064416],[19.880747,50.064391],[19.880662,50.064377],[19.88067,50.064359],[19.880001,50.064256]]]}},{"type":"Feature","id":"w231919932","properties":{"type":"yes","levels":3.0,"address":"Feliksa Kopery 17","residential":true,"residents_est":3,"h3_10":"8a1e2e6b6167fff","h3_11":"8b1e2e6b6160fff"},"geometry":{"type":"Polygon","coordinates":[[[19.882122,50.066726],[19.882249,50.066646],[19.882354,50.066715],[19.882226,50.066795],[19.882122,50.066726]]]}},{"type":"Feature","id":"w231919933","properties":{"type":"yes","levels":3.0,"address":"Królowej Jadwigi 163","residential":true,"residents_est":2,"h3_10":"8a1e2e6b604ffff","h3_11":"8b1e2e6b604dfff"},"geometry":{"type":"Polygon","coordinates":[[[19.8865,50.063128],[19.886596,50.063093],[19.886656,50.06317],[19.886562,50.063202],[19.8865,50.063128]]]}},{"type":"Feature","id":"w231919944","properties":{"type":"yes","residential":true,"residents_est":1,"h3_10":"8a1e2e6b618ffff","h3_11":"8b1e2e6b618cfff"},"geometry":{"type":"Polygon","coordinates":[[[19.876233,50.063203],[19.876322,50.063172],[19.876376,50.063238],[19.876289,50.063267],[19.876233,50.063203]]]}},{"type":"Feature","id":"w231919947","properties":{"type":"yes","levels":3.0,"address":"Ludmiły Korbutowej 38a","residential":true,"residents_est":2,"h3_10":"8a1e2e6b6167fff","h3_11":"8b1e2e6b6164fff"},"geometry":{"type":"Polygon","coordinates":[[[19.88151,50.067395],[19.88158,50.067335],[19.881703,50.067394],[19.88167,50.067422],[19.881691,50.067432],[19.881654,50.067464],[19.88151,50.067395]]]}},{"type":"Feature","id":"w231919951","properties":{"type":"yes","levels":2.0,"address":"Ludmiły Korbutowej 26a","residential":true,"residents_est":2,"h3_10":"8a1e2e6b6167fff","h3_11":"8b1e2e6b6161fff"},"geometry":{"type":"Polygon","coordinates":[[[19.882565,50.067011],[19.882715,50.066914],[19.882795,50.066967],[19.882644,50.067062],[19.882565,50.067011]]]}},{"type":"Feature","id":"w231919965","properties":{"type":"yes","residential":false,"residents_est":0,"h3_10":"8a1e2e6b6037fff","h3_11":"8b1e2e6b6035fff"},"geometry":{"type":"Polygon","coordinates":[[[19.877976,50.063942],[19.878025,50.063924],[19.878076,50.063983],[19.878027,50.064],[19.877976,50.063942]]]}},{"type":"Feature","id":"w231919967","properties":{"type":"retail","levels":1.0,"residential":false,"residents_est":0,"h3_10":"8a1e2e6b6027fff","h3_11":"8b1e2e6b6024fff"},"geometry":{"type":"Polygon","coordinates":[[[19.879318,50.064659],[19.87951,50.064605],[19.879557,50.064675],[19.879366,50.064729],[19.879318,50.064659]]]}},{"type":"Feature","id":"w231919968","properties":{"type":"yes","levels":1.0,"address":"Podłącze 2","residential":true,"residents_est":1,"h3_10":"8a1e2e6b6147fff","h3_11":"8b1e2e6b6142fff"},"geometry":{"type":"Polygon","coordinates":[[[19.881604,50.065391],[19.881708,50.065325],[19.881835,50.065407],[19.88173,50.065474],[19.881604,50.065391]]]}},{"type":"Feature","id":"w231919972","properties":{"type":"yes","levels":1.0,"residential":true,"residents_est":0,"h3_10":"8a1e2e6b6177fff","h3_11":"8b1e2e6b6172fff"},"geometry":{"type":"Polygon","coordinates":[[[19.879947,50.065743],[19.880045,50.065689],[19.880084,50.06572],[19.879986,50.065774],[19.879947,50.065743]]]}},{"type":"Feature","id":"w231919984","properties":{"type":"yes","residential":true,"residents_est":2,"h3_10":"8a1e2e6b6117fff","h3_11":"8b1e2e6b6114fff"},"geometry":{"type":"Polygon","coordinates":[[[19.875427,50.065411],[19.87553,50.065386],[19.875585,50.06548],[19.875483,50.065506],[19.875427,50.065411]]]}},{"type":"Feature","id":"w231919987","properties":{"type":"yes","address":"Berberysowa 12","residential":true,"residents_est":1,"h3_10":"8a1e2e6b61affff","h3_11":"8b1e2e6b61a9fff"},"geometry":{"type":"Polygon","coordinates":[[[19.876576,50.063805],[19.876696,50.063761],[19.876755,50.063828],[19.876635,50.063871],[19.876576,50.063805]]]}},{"type":"Feature","id":"w231919993","properties":{"type":"yes","address":"28 Lipca 1943 30c","residential":true,"residents_est":2,"h3_10":"8a1e2e6b6197fff","h3_11":"8b1e2e6b6193fff"},"geometry":{"type":"Polygon","coordinates":[[[19.873912,50.062118],[19.874124,50.062075],[19.874157,50.062145],[19.873945,50.062188],[19.873912,50.062118]]]}},{"type":"Feature","id":"w231919997","properties":{"type":"yes","residential":false,"residents_est":0,"h3_10":"8a1e2e6b6107fff","h3_11":"8b1e2e6b6104fff"},"geometry":{"type":"Polygon","coordinates":[[[19.877062,50.066058],[19.87714,50.066036],[19.877176,50.066088],[19.877097,50.06611],[19.877062,50.066058]]]}},{"type":"Feature","id":"w231919998","properties":{"type":"yes","levels":1.0,"residential":false,"residents_est":0,"h3_10":"8a1e2e6b606ffff","h3_11":"8b1e2e6b606afff"},"geometry":{"type":"Polygon","coordinates":[[[19.885511,50.063485],[19.885556,50.06347],[19.885625,50.063555],[19.885581,50.06357],[19.885511,50.063485]]]}},{"type":"Feature","id":"w231920010","properties":{"type":"yes","address":"Królowej Jadwigi 236","residential":true,"residents_est":3,"h3_10":"8a1e2e6b611ffff","h3_11":"8b1e2e6b611dfff"},"geometry":{"type":"Polygon","coordinates":[[[19.878004,50.064845],[19.878162,50.064792],[19.878254,50.064908],[19.878097,50.064961],[19.878004,50.064845]]]}},{"type":"Feature","id":"w231920017","properties":{"type":"yes","levels":1.0,"residential":true,"residents_est":0,"h3_10":"8a1e2e6b6067fff","h3_11":"8b1e2e6b6066fff"},"geometry":{"type":"Polygon","coordinates":[[[19.883508,50.064337],[19.883638,50.064291],[19.88368,50.064341],[19.88355,50.064385],[19.883508,50.064337]]]}},{"type":"Feature","id":"w231920046","properties":{"type":"yes","residential":false,"residents_est":0,"h3_10":"8a1e2e6b6107fff","h3_11":"8b1e2e6b6100fff"},"geometry":{"type":"Polygon","coordinates":[[[19.877258,50.065708],[19.877346,50.06568],[19.877377,50.06572],[19.877289,50.065748],[19.877258,50.065708]]]}},{"type":"Feature","id":"w231920052","properties":{"type":"yes","address":"28 Lipca 1943 18","residential":true,"residents_est":3,"h3_10":"8a1e2e6b6187fff","h3_11":"8b1e2e6b6185fff"},"geometry":{"type":"Polygon","coordinates":[[[19.875076,50.063688],[19.875274,50.063619],[19.875346,50.063703],[19.875191,50.063756],[19.875178,50.063741],[19.875134,50.063757],[19.875076,50.063688]]]}},{"type":"Feature","id":"w231920055","properties":{"type":"yes","residential":true,"residents_est":1,"h3_10":"8a1e2e6b6037fff","h3_11":"8b1e2e6b6032fff"},"geometry":{"type":"Polygon","coordinates":[[[19.8775,50.063218],[19.877598,50.063186],[19.877637,50.063238],[19.87754,50.063269],[19.8775,50.063218]]]}},{"type":"Feature","id":"w231920076","properties":{"type":"yes","address":"Królowej Jadwigi 215","residential":true,"residents_est":3,"h3_10":"8a1e2e6b6107fff","h3_11":"8b1e2e6b6106fff"},"geometry":{"type":"Polygon","coordinates":[[[19.876329,50.065709],[19.876573,50.065631],[19.876635,50.065715],[19.876393,50.065792],[19.876329,50.065709]]]}},{"type":"Feature","id":"w231920086","properties":{"type":"retail","address":"Królowej Jadwigi 248","residential":false,"residents_est":0,"h3_10":"8a1e2e6b6137fff","h3_11":"8b1e2e6b6132fff"},"geometry":{"type":"Polygon","coordinates":[[[19.875347,50.065542],[19.875531,50.065504],[19.875551,50.065545],[19.875625,50.065531],[19.875671,50.065623],[19.875467,50.065665],[19.87546,50.065663],[19.875453,50.065648],[19.875404,50.065658],[19.875347,50.065542]]]}},{"type":"Feature","id":"w231920093","properties":{"type":"yes","address":"Poręba 18","residential":true,"residents_est":2,"h3_10":"8a1e2e6b6017fff","h3_11":"8b1e2e6b6016fff"},"geometry":{"type":"Polygon","coordinates":[[[19.877748,50.062384],[19.877906,50.062331],[19.877975,50.06242],[19.877819,50.062472],[19.877748,50.062384]]]}},{"type":"Feature","id":"w231920111","properties":{"type":"yes","levels":2.0,"address":"Królowej Jadwigi 167","residential":true,"residents_est":2,"h3_10":"8a1e2e6b604ffff","h3_11":"8b1e2e6b604cfff"},"geometry":{"type":"Polygon","coordinates":[[[19.885905,50.06329],[19.88598,50.063264],[19.886087,50.063389],[19.886014,50.063415],[19.885905,50.06329]]]}},{"type":"Feature","id":"w231920114","properties":{"type":"yes","address":"28 Lipca 1943 8","residential":true,"residents_est":2,"h3_10":"8a1e2e6b61affff","h3_11":"8b1e2e6b61acfff"},"geometry":{"type":"Polygon","coordinates":[[[19.875507,50.064302],[19.87562,50.064262],[19.875683,50.064336],[19.87557,50.064376],[19.875507,50.064302]]]}},{"type":"Feature","id":"w231920120","properties":{"type":"yes","levels":1.0,"residential":true,"residents_est":0,"h3_10":"8a1e2e6b6027fff","h3_11":"8b1e2e6b6020fff"},"geometry":{"type":"Polygon","coordinates":[[[19.879272,50.064068],[19.879359,50.064047],[19.879398,50.064111],[19.87931,50.064133],[19.879272,50.064068]]]}},{"type":"Feature","id":"w231920153","properties":{"type":"yes","levels":1.0,"address":"Tadeusza Wyrwy-Furgalskiego 8","residential":true,"residents_est":1,"h3_10":"8a1e2e6b6067fff","h3_11":"8b1e2e6b6063fff"},"geometry":{"type":"Polygon","coordinates":[[[19.884572,50.064008],[19.884712,50.063947],[19.884769,50.064001],[19.884647,50.064054],[19.884608,50.06402],[19.884592,50.064028],[19.884572,50.064008]]]}},{"type":"Feature","id":"w231920161","properties":{"type":"yes","address":"Poręba 14","residential":true,"residents_est":2,"h3_10":"8a1e2e6b6017fff","h3_11":"8b1e2e6b6010fff"},"geometry":{"type":"Polygon","coordinates":[[[19.878311,50.0623],[19.878402,50.062264],[19.878418,50.062281],[19.878433,50.062275],[19.878511,50.062357],[19.878469,50.062374],[19.878478,50.062384],[19.878399,50.062415],[19.878312,50.062323],[19.878327,50.062317],[19.878311,50.0623]]]}},{"type":"Feature","id":"w231920167","properties":{"type":"yes","levels":1.0,"address":"Królowej Jadwigi 193a","residential":true,"residents_est":2,"h3_10":"8a1e2e6b6157fff","h3_11":"8b1e2e6b6156fff"},"geometry":{"type":"Polygon","coordinates":[[[19.880363,50.064938],[19.880591,50.064907],[19.88063,50.065024],[19.880402,50.065056],[19.880363,50.064938]]]}},{"type":"Feature","id":"w231920177","properties":{"type":"yes","levels":2.0,"address":"Królowej Jadwigi 192","residential":true,"residents_est":3,"h3_10":"8a1e2e6b6047fff","h3_11":"8b1e2e6b6040fff"},"geometry":{"type":"Polygon","coordinates":[[[19.884752,50.063008],[19.884922,50.062947],[19.88501,50.063051],[19.884863,50.063104],[19.884836,50.063073],[19.884814,50.063081],[19.884752,50.063008]]]}},{"type":"Feature","id":"w231920194","properties":{"type":"yes","address":"Królowej Jadwigi 242","residential":true,"residents_est":2,"h3_10":"8a1e2e6b611ffff","h3_11":"8b1e2e6b611cfff"},"geometry":{"type":"Polygon","coordinates":[[[19.876923,50.065048],[19.877039,50.065006],[19.877113,50.06509],[19.877094,50.065097],[19.877121,50.065127],[19.877022,50.065163],[19.876923,50.065048]]]}},{"type":"Feature","id":"w231920196","properties":{"type":"yes","levels":1.0,"residential":true,"residents_est":0,"h3_10":"8a1e2e6b614ffff","h3_11":"8b1e2e6b614efff"},"geometry":{"type":"Polygon","coordinates":[[[19.883323,50.065182],[19.883446,50.065109],[19.883486,50.065136],[19.883364,50.06521],[19.883323,50.065182]]]}},{"type":"Feature","id":"w231920230","properties":{"type":"yes","levels":1.0,"address":"Koło Strzelnicy 24","residential":true,"residents_est":2,"h3_10":"8a1e2e6b6007fff","h3_11":"8b1e2e6b6003fff"},"geometry":{"type":"Polygon","coordinates":[[[19.879649,50.062845],[19.879737,50.062817],[19.879743,50.062824],[19.87987,50.062783],[19.87996,50.062896],[19.879904,50.062915],[19.879917,50.062931],[19.879879,50.062943],[19.879867,50.062928],[19.879826,50.06294],[19.879817,50.062927],[19.879789,50.062936],[19.879799,50.062949],[19.879743,50.062968],[19.879649,50.062845]]]}},{"type":"Feature","id":"w231920245","properties":{"type":"yes","address":"Poręba 15","residential":true,"residents_est":2,"h3_10":"8a1e2e6b618ffff","h3_11":"8b1e2e6b6189fff"},"geometry":{"type":"Polygon","coordinates":[[[19.877026,50.062786],[19.877203,50.062745],[19.877244,50.062818],[19.877067,50.062859],[19.877026,50.062786]]]}},{"type":"Feature","id":"w231920255","properties":{"type":"yes","levels":2.0,"address":"Poręba 7","residential":true,"residents_est":2,"h3_10":"8a1e2e6b6007fff","h3_11":"8b1e2e6b6002fff"},"geometry":{"type":"Polygon","coordinates":[[[19.879096,50.062756],[19.879253,50.062707],[19.879313,50.062787],[19.879266,50.062801],[19.879285,50.062826],[19.879222,50.062845],[19.879203,50.06282],[19.879156,50.062834],[19.879096,50.062756]]]}},{"type":"Feature","id":"w231920256","properties":{"type":"house","levels":3.0,"address":"Pod Sikornikiem 50","residential":true,"residents_est":6,"h3_10":"8a1e2e6b60effff","h3_11":"8b1e2e6b60e9fff"},"geometry":{"type":"Polygon","coordinates":[[[19.884084,50.061197],[19.884241,50.061188],[19.884256,50.061291],[19.884099,50.061298],[19.884084,50.061197]]]}},{"type":"Feature","id":"w231920262","properties":{"type":"garage","levels":1.0,"residential":false,"residents_est":0,"h3_10":"8a1e2e6b6077fff","h3_11":"8b1e2e6b6076fff"},"geometry":{"type":"Polygon","coordinates":[[[19.88214,50.063576],[19.882258,50.063532],[19.882309,50.063589],[19.882191,50.063633],[19.88214,50.063576]]]}},{"type":"Feature","id":"w231920265","properties":{"type":"yes","levels":1.0,"address":"Królowej Jadwigi 199","residential":true,"residents_est":1,"h3_10":"8a1e2e6b610ffff","h3_11":"8b1e2e6b6108fff"},"geometry":{"type":"Polygon","coordinates":[[[19.879181,50.06549],[19.879246,50.065463],[19.879255,50.065472],[19.879318,50.065444],[19.87931,50.065436],[19.879372,50.065407],[19.879448,50.065478],[19.879339,50.065525],[19.879363,50.06555],[19.879303,50.065576],[19.879293,50.065567],[19.879272,50.065576],[19.879181,50.06549]]]}},{"type":"Feature","id":"w231920277","properties":{"type":"yes","residential":true,"residents_est":2,"h3_10":"8a1e2e6b6107fff","h3_11":"8b1e2e6b6100fff"},"geometry":{"type":"Polygon","coordinates":[[[19.876929,50.065736],[19.877041,50.06569],[19.87712,50.065776],[19.877002,50.065819],[19.876929,50.065736]]]}},{"type":"Feature","id":"w231920284","properties":{"type":"yes","address":"Tadeusza Rogalskiego 13","residential":true,"residents_est":2,"h3_10":"8a1e2e6b6127fff","h3_11":"8b1e2e6b6121fff"},"geometry":{"type":"Polygon","coordinates":[[[19.877765,50.066832],[19.87788,50.066801],[19.877943,50.0669],[19.877827,50.066931],[19.877798,50.066886],[19.877783,50.06689],[19.877768,50.066867],[19.877784,50.066862],[19.877765,50.066832]]]}},{"type":"Feature","id":"w231920288","properties":{"type":"yes","address":"Franciszka Bielaka 7","residential":true,"residents_est":1,"h3_10":"8a1e2e6b6107fff","h3_11":"8b1e2e6b6105fff"},"geometry":{"type":"Polygon","coordinates":[[[19.877428,50.065874],[19.877502,50.065845],[19.877592,50.065944],[19.877517,50.065973],[19.877428,50.065874]]]}},{"type":"Feature","id":"w231920291","properties":{"type":"garage","residential":false,"residents_est":0,"h3_10":"8a1e2e6b6107fff","h3_11":"8b1e2e6b6102fff"},"geometry":{"type":"Polygon","coordinates":[[[19.876586,50.065239],[19.876652,50.065222],[19.876709,50.065294],[19.876631,50.065314],[19.876586,50.065239]]]}},{"type":"Feature","id":"w231920294","properties":{"type":"garage","levels":1.0,"residential":false,"residents_est":0,"h3_10":"8a1e2e6b6077fff","h3_11":"8b1e2e6b6072fff"},"geometry":{"type":"Polygon","coordinates":[[[19.882273,50.063235],[19.882392,50.063195],[19.882436,50.063248],[19.882318,50.063288],[19.882273,50.063235]]]}},{"type":"Feature","id":"w231920301","properties":{"type":"yes","levels":1.0,"residential":true,"residents_est":1,"h3_10":"8a1e2e6b6047fff","h3_11":"8b1e2e6b6042fff"},"geometry":{"type":"Polygon","coordinates":[[[19.88462,50.06289],[19.884791,50.062824],[19.884839,50.062875],[19.884667,50.062941],[19.88462,50.06289]]]}},{"type":"Feature","id":"w231920312","properties":{"type":"yes","address":"Królowej Jadwigi 217a","residential":true,"residents_est":4,"h3_10":"8a1e2e6b6137fff","h3_11":"8b1e2e6b6131fff"},"geometry":{"type":"Polygon","coordinates":[[[19.876234,50.065926],[19.876356,50.06588],[19.876518,50.066059],[19.876396,50.066105],[19.876234,50.065926]]]}},{"type":"Feature","id":"w231920316","properties":{"type":"house","levels":1.0,"address":"Królowej Jadwigi 191","residential":true,"residents_est":2,"h3_10":"8a1e2e6b615ffff","h3_11":"8b1e2e6b615efff"},"geometry":{"type":"Polygon","coordinates":[[[19.881475,50.064652],[19.881626,50.064613],[19.881672,50.064689],[19.881522,50.064728],[19.881475,50.064652]]]}},{"type":"Feature","id":"w231920320","properties":{"type":"yes","address":"28 Lipca 1943 11a","residential":true,"residents_est":2,"h3_10":"8a1e2e6b61a7fff","h3_11":"8b1e2e6b61a2fff"},"geometry":{"type":"Polygon","coordinates":[[[19.873754,50.063899],[19.873917,50.06385],[19.873961,50.06391],[19.873799,50.06396],[19.873754,50.063899]]]}},{"type":"Feature","id":"w231920343","properties":{"type":"yes","levels":1.0,"residential":true,"residents_est":1,"h3_10":"8a1e2e6b615ffff","h3_11":"8b1e2e6b615efff"},"geometry":{"type":"Polygon","coordinates":[[[19.881769,50.06481],[19.881916,50.064724],[19.88199,50.064774],[19.881844,50.064865],[19.881769,50.06481]]]}},{"type":"Feature","id":"w231920344","properties":{"type":"yes","levels":1.0,"residential":true,"residents_est":2,"h3_10":"8a1e2e6b604ffff","h3_11":"8b1e2e6b6048fff"},"geometry":{"type":"Polygon","coordinates":[[[19.886319,50.062627],[19.886701,50.062497],[19.886747,50.062548],[19.886366,50.06268],[19.886319,50.062627]]]}},{"type":"Feature","id":"w231920351","properties":{"type":"yes","address":"Poręba 11","residential":true,"residents_est":2,"h3_10":"8a1e2e6b6017fff","h3_11":"8b1e2e6b6015fff"},"geometry":{"type":"Polygon","coordinates":[[[19.87827,50.062617],[19.878393,50.062593],[19.878431,50.062679],[19.878311,50.062703],[19.87827,50.062617]]]}},{"type":"Feature","id":"w231920361","properties":{"type":"yes","address":"Królowej Jadwigi 201","residential":true,"residents_est":3,"h3_10":"8a1e2e6b610ffff","h3_11":"8b1e2e6b610efff"},"geometry":{"type":"Polygon","coordinates":[[[19.878494,50.065186],[19.87866,50.065149],[19.878719,50.065255],[19.878616,50.065279],[19.87863,50.065305],[19.878567,50.06532],[19.878494,50.065186]]]}},{"type":"Feature","id":"w231920377","properties":{"type":"yes","levels":1.0,"residential":true,"residents_est":0,"h3_10":"8a1e2e6b60effff","h3_11":"8b1e2e6b60e8fff"},"geometry":{"type":"Polygon","coordinates":[[[19.883637,50.061467],[19.883727,50.061463],[19.883734,50.061531],[19.883644,50.061535],[19.883637,50.061467]]]}},{"type":"Feature","id":"w231920393","properties":{"type":"yes","levels":1.0,"residential":false,"residents_est":0,"h3_10":"8a1e2e6b606ffff","h3_11":"8b1e2e6b6069fff"},"geometry":{"type":"Polygon","coordinates":[[[19.886979,50.063962],[19.887029,50.06395],[19.887079,50.064039],[19.887031,50.06405],[19.886979,50.063962]]]}},{"type":"Feature","id":"w231920398","properties":{"type":"yes","levels":2.0,"address":"Królowej Jadwigi 167a","residential":true,"residents_est":2,"h3_10":"8a1e2e6b606ffff","h3_11":"8b1e2e6b606afff"},"geometry":{"type":"Polygon","coordinates":[[[19.885827,50.063319],[19.885905,50.06329],[19.886014,50.063415],[19.885935,50.063444],[19.885827,50.063319]]]}},{"type":"Feature","id":"w231920401","properties":{"type":"yes","residential":false,"residents_est":0,"h3_10":"8a1e2e6b6017fff","h3_11":"8b1e2e6b6015fff"},"geometry":{"type":"Polygon","coordinates":[[[19.878638,50.062814],[19.878702,50.062793],[19.878743,50.062845],[19.87868,50.062866],[19.878638,50.062814]]]}},{"type":"Feature","id":"w231920403","properties":{"type":"yes","levels":1.0,"residential":false,"residents_est":0,"h3_10":"8a1e2e6b6047fff","h3_11":"8b1e2e6b6042fff"},"geometry":{"type":"Polygon","coordinates":[[[19.884427,50.062886],[19.884497,50.062861],[19.884531,50.062901],[19.884461,50.062925],[19.884427,50.062886]]]}},{"type":"Feature","id":"w231920408","properties":{"type":"yes","residential":false,"residents_est":0,"h3_10":"8a1e2e6b6107fff","h3_11":"8b1e2e6b6103fff"},"geometry":{"type":"Polygon","coordinates":[[[19.877521,50.065364],[19.877593,50.065342],[19.877632,50.065395],[19.87756,50.065417],[19.877521,50.065364]]]}},{"type":"Feature","id":"w231920413","properties":{"type":"yes","levels":2.0,"address":"Ludmiły Korbutowej 22","residential":true,"residents_est":2,"h3_10":"8a1e2e6b6147fff","h3_11":"8b1e2e6b6145fff"},"geometry":{"type":"Polygon","coordinates":[[[19.882731,50.066033],[19.882822,50.065971],[19.882935,50.06604],[19.882828,50.066112],[19.882797,50.066093],[19.882812,50.066083],[19.882731,50.066033]]]}},{"type":"Feature","id":"w231920415","properties":{"type":"yes","address":"Królowej Jadwigi 223","residential":true,"residents_est":2,"h3_10":"8a1e2e6b6137fff","h3_11":"8b1e2e6b6134fff"},"geometry":{"type":"Polygon","coordinates":[[[19.874909,50.066262],[19.875159,50.066165],[19.875204,50.066218],[19.874956,50.066313],[19.874909,50.066262]]]}},{"type":"Feature","id":"w231920423","properties":{"type":"yes","levels":1.0,"address":"Poręba 8","residential":true,"residents_est":1,"h3_10":"8a1e2e6b601ffff","h3_11":"8b1e2e6b601efff"},"geometry":{"type":"Polygon","coordinates":[[[19.878996,50.062106],[19.879034,50.062089],[19.879026,50.062081],[19.879081,50.062056],[19.879089,50.062064],[19.879128,50.062046],[19.879198,50.06211],[19.87921,50.062105],[19.879267,50.062158],[19.879188,50.062193],[19.879153,50.062162],[19.879128,50.062174],[19.879114,50.062161],[19.879076,50.062179],[19.878996,50.062106]]]}},{"type":"Feature","id":"w231920436","properties":{"type":"yes","levels":1.0,"residential":true,"residents_est":0,"h3_10":"8a1e2e6b6057fff","h3_11":"8b1e2e6b6052fff"},"geometry":{"type":"Polygon","coordinates":[[[19.883051,50.062165],[19.883173,50.062125],[19.883212,50.062176],[19.88309,50.062215],[19.883051,50.062165]]]}},{"type":"Feature","id":"w231920451","properties":{"type":"yes","levels":1.0,"residential":false,"residents_est":0,"h3_10":"8a1e2e6b601ffff","h3_11":"8b1e2e6b601efff"},"geometry":{"type":"Polygon","coordinates":[[[19.879584,50.061985],[19.879637,50.061947],[19.879703,50.061985],[19.87965,50.062023],[19.879584,50.061985]]]}},{"type":"Feature","id":"w231920466","properties":{"type":"yes","residential":true,"residents_est":1,"h3_10":"8a1e2e6b6137fff","h3_11":"8b1e2e6b6134fff"},"geometry":{"type":"Polygon","coordinates":[[[19.875206,50.066354],[19.875276,50.066334],[19.875325,50.066412],[19.875258,50.06643],[19.875206,50.066354]]]}},{"type":"Feature","id":"w231920490","properties":{"type":"yes","residential":true,"residents_est":1,"h3_10":"8a1e2e6b6117fff","h3_11":"8b1e2e6b6110fff"},"geometry":{"type":"Polygon","coordinates":[[[19.875988,50.064928],[19.876073,50.064897],[19.876122,50.064952],[19.876036,50.064983],[19.875988,50.064928]]]}},{"type":"Feature","id":"w231920523","properties":{"type":"yes","residential":false,"residents_est":0,"h3_10":"8a1e2e6b608ffff","h3_11":"8b1e2e6b608afff"},"geometry":{"type":"Polygon","coordinates":[[[19.878661,50.05972],[19.878728,50.059709],[19.878743,50.059745],[19.878676,50.059757],[19.878661,50.05972]]]}},{"type":"Feature","id":"w231920556","properties":{"type":"yes","levels":1.0,"address":"Pod Sikornikiem 41","residential":true,"residents_est":1,"h3_10":"8a1e2e6b60effff","h3_11":"8b1e2e6b60edfff"},"geometry":{"type":"Polygon","coordinates":[[[19.883961,50.061485],[19.884086,50.061479],[19.884093,50.061543],[19.88413,50.061541],[19.884137,50.061593],[19.884035,50.061598],[19.884032,50.061571],[19.883971,50.061574],[19.883961,50.061485]]]}},{"type":"Feature","id":"w231920562","properties":{"type":"house","levels":1.0,"address":"Podłącze 1a","residential":true,"residents_est":2,"h3_10":"8a1e2e6b6147fff","h3_11":"8b1e2e6b6146fff"},"geometry":{"type":"Polygon","coordinates":[[[19.881794,50.065693],[19.881907,50.065619],[19.882002,50.065682],[19.881891,50.065754],[19.881794,50.065693]]]}},{"type":"Feature","id":"w231920573","properties":{"type":"yes","address":"Królowej Jadwigi 232","residential":true,"residents_est":2,"h3_10":"8a1e2e6b610ffff","h3_11":"8b1e2e6b610afff"},"geometry":{"type":"Polygon","coordinates":[[[19.878502,50.064844],[19.878645,50.064816],[19.878698,50.06493],[19.878588,50.06495],[19.878502,50.064844]]]}},{"type":"Feature","id":"w231920574","properties":{"type":"yes","address":"28 Lipca 1943 34","residential":true,"residents_est":2,"h3_10":"8a1e2e6b6197fff","h3_11":"8b1e2e6b6196fff"},"geometry":{"type":"Polygon","coordinates":[[[19.872267,50.062466],[19.872392,50.062442],[19.872432,50.062535],[19.872309,50.062559],[19.872267,50.062466]]]}},{"type":"Feature","id":"w231920591","properties":{"type":"yes","residential":true,"residents_est":1,"h3_10":"8a1e2e6b6117fff","h3_11":"8b1e2e6b6111fff"},"geometry":{"type":"Polygon","coordinates":[[[19.876492,50.065008],[19.876562,50.064983],[19.876617,50.065046],[19.876547,50.065072],[19.876492,50.065008]]]}},{"type":"Feature","id":"w231920592","properties":{"type":"yes","levels":1.0,"address":"Czeremchowa 8","residential":true,"residents_est":1,"h3_10":"8a1e2e6b6177fff","h3_11":"8b1e2e6b6172fff"},"geometry":{"type":"Polygon","coordinates":[[[19.880083,50.065627],[19.880261,50.065549],[19.880333,50.065619],[19.880154,50.065695],[19.880083,50.065627]]]}},{"type":"Feature","id":"w231920593","properties":{"type":"yes","levels":1.0,"address":"Klemensa Bąkowskiego 6","residential":true,"residents_est":1,"h3_10":"8a1e2e6b606ffff","h3_11":"8b1e2e6b606dfff"},"geometry":{"type":"Polygon","coordinates":[[[19.886472,50.064075],[19.886606,50.064035],[19.886655,50.064102],[19.886521,50.064142],[19.886472,50.064075]]]}},{"type":"Feature","id":"w231920595","properties":{"type":"garage","levels":1.0,"residential":false,"residents_est":0,"h3_10":"8a1e2e6b6047fff","h3_11":"8b1e2e6b6046fff"},"geometry":{"type":"Polygon","coordinates":[[[19.883685,50.063127],[19.883818,50.063078],[19.883897,50.063167],[19.883765,50.063217],[19.883685,50.063127]]]}},{"type":"Feature","id":"w231920602","properties":{"type":"yes","levels":2.0,"address":"Królowej Jadwigi 190f","residential":true,"residents_est":3,"h3_10":"8a1e2e6b6047fff","h3_11":"8b1e2e6b6043fff"},"geometry":{"type":"Polygon","coordinates":[[[19.884836,50.062612],[19.884918,50.062589],[19.884929,50.062605],[19.884998,50.062586],[19.884985,50.06257],[19.885071,50.062545],[19.885108,50.062598],[19.885083,50.062606],[19.885117,50.062655],[19.884906,50.062714],[19.884836,50.062612]]]}},{"type":"Feature","id":"w231920609","properties":{"type":"yes","levels":1.0,"residential":false,"residents_est":0,"h3_10":"8a1e2e6b616ffff","h3_11":"8b1e2e6b6168fff"},"geometry":{"type":"Polygon","coordinates":[[[19.883401,50.066467],[19.883486,50.066409],[19.88353,50.066437],[19.883444,50.066494],[19.883401,50.066467]]]}},{"type":"Feature","id":"w231920620","properties":{"type":"yes","residential":true,"residents_est":1,"h3_10":"8a1e2e6b6137fff","h3_11":"8b1e2e6b6130fff"},"geometry":{"type":"Polygon","coordinates":[[[19.875816,50.066045],[19.875879,50.06602],[19.875961,50.066112],[19.875897,50.066136],[19.875816,50.066045]]]}},{"type":"Feature","id":"w231920637","properties":{"type":"yes","levels":1.0,"residential":false,"residents_est":0,"h3_10":"8a1e2e6b6027fff","h3_11":"8b1e2e6b6021fff"},"geometry":{"type":"Polygon","coordinates":[[[19.879936,50.064129],[19.879966,50.064053],[19.880028,50.064063],[19.879999,50.064139],[19.879936,50.064129]]]}},{"type":"Feature","id":"w231920643","properties":{"type":"yes","levels":1.0,"residential":true,"residents_est":1,"h3_10":"8a1e2e6b606ffff","h3_11":"8b1e2e6b606afff"},"geometry":{"type":"Polygon","coordinates":[[[19.885581,50.063348],[19.885666,50.063319],[19.885791,50.063469],[19.885705,50.063499],[19.885581,50.063348]]]}},{"type":"Feature","id":"w231920649","properties":{"type":"yes","address":"Królowej Jadwigi 203","residential":true,"residents_est":3,"h3_10":"8a1e2e6b610ffff","h3_11":"8b1e2e6b610efff"},"geometry":{"type":"Polygon","coordinates":[[[19.878234,50.065288],[19.878285,50.065275],[19.878282,50.06527],[19.878397,50.065245],[19.878465,50.065353],[19.878417,50.065366],[19.878425,50.065381],[19.878357,50.065393],[19.878351,50.065383],[19.878302,50.065395],[19.878234,50.065288]]]}},{"type":"Feature","id":"w231920674","properties":{"type":"yes","levels":2.0,"address":"Czeremchowa 4","residential":true,"residents_est":2,"h3_10":"8a1e2e6b610ffff","h3_11":"8b1e2e6b6109fff"},"geometry":{"type":"Polygon","coordinates":[[[19.87987,50.065334],[19.879967,50.065285],[19.880058,50.065362],[19.879962,50.06541],[19.87987,50.065334]]]}},{"type":"Feature","id":"w231920676","properties":{"type":"yes","levels":3.0,"residential":true,"residents_est":4,"h3_10":"8a1e2e6b6157fff","h3_11":"8b1e2e6b6150fff"},"geometry":{"type":"Polygon","coordinates":[[[19.881084,50.064959],[19.881234,50.064853],[19.881342,50.064917],[19.881193,50.065023],[19.881084,50.064959]]]}},{"type":"Feature","id":"w231920685","properties":{"type":"yes","levels":3.0,"address":"Stanisława Ciechanowskiego 12","residential":true,"residents_est":3,"h3_10":"8a1e2e6b612ffff","h3_11":"8b1e2e6b612bfff"},"geometry":{"type":"Polygon","coordinates":[[[19.879308,50.066034],[19.879422,50.065969],[19.879511,50.066034],[19.879395,50.066098],[19.879308,50.066034]]]}},{"type":"Feature","id":"w231920697","properties":{"type":"yes","residential":false,"residents_est":0,"h3_10":"8a1e2e6b6187fff","h3_11":"8b1e2e6b6180fff"},"geometry":{"type":"Polygon","coordinates":[[[19.874431,50.063141],[19.874525,50.063106],[19.874559,50.063145],[19.874465,50.063179],[19.874431,50.063141]]]}},{"type":"Feature","id":"w231920698","properties":{"type":"yes","levels":1.0,"address":"Feliksa Kopery 15","residential":true,"residents_est":1,"h3_10":"8a1e2e6b6167fff","h3_11":"8b1e2e6b6160fff"},"geometry":{"type":"Polygon","coordinates":[[[19.881848,50.066891],[19.881954,50.066821],[19.881958,50.066824],[19.881988,50.066799],[19.88212,50.066882],[19.88198,50.066974],[19.881848,50.066891]]]}},{"type":"Feature","id":"w231920702","properties":{"type":"yes","address":"Poręba 20","residential":true,"residents_est":2,"h3_10":"8a1e2e6b6017fff","h3_11":"8b1e2e6b6016fff"},"geometry":{"type":"Polygon","coordinates":[[[19.877398,50.062442],[19.877565,50.062414],[19.877599,50.062496],[19.877432,50.062524],[19.877398,50.062442]]]}},{"type":"Feature","id":"w231920703","properties":{"type":"yes","levels":1.0,"address":"Podłącze 3","residential":true,"residents_est":1,"h3_10":"8a1e2e6b6177fff","h3_11":"8b1e2e6b6171fff"},"geometry":{"type":"Polygon","coordinates":[[[19.881415,50.065951],[19.881547,50.06587],[19.881636,50.065927],[19.881504,50.066008],[19.881415,50.065951]]]}},{"type":"Feature","id":"w231920709","properties":{"type":"yes","levels":3.0,"address":"Czeremchowa 2","residential":true,"residents_est":2,"h3_10":"8a1e2e6b610ffff","h3_11":"8b1e2e6b610bfff"},"geometry":{"type":"Polygon","coordinates":[[[19.879572,50.065076],[19.879693,50.06502],[19.87977,50.065088],[19.879648,50.065144],[19.879572,50.065076]]]}},{"type":"Feature","id":"w231920710","properties":{"type":"yes","levels":1.0,"residential":true,"residents_est":0,"h3_10":"8a1e2e6b6167fff","h3_11":"8b1e2e6b6165fff"},"geometry":{"type":"Polygon","coordinates":[[[19.88228,50.067044],[19.882466,50.066933],[19.882499,50.066954],[19.882313,50.067066],[19.88228,50.067044]]]}},{"type":"Feature","id":"w231920724","properties":{"type":"yes","residential":false,"residents_est":0,"h3_10":"8a1e2e6b6117fff","h3_11":"8b1e2e6b6111fff"},"geometry":{"type":"Polygon","coordinates":[[[19.876187,50.064977],[19.876288,50.064939],[19.876318,50.064973],[19.876216,50.06501],[19.876187,50.064977]]]}},{"type":"Feature","id":"w231920725","properties":{"type":"yes","levels":2.0,"address":"Królowej Jadwigi 202","residential":true,"residents_est":2,"h3_10":"8a1e2e6b6077fff","h3_11":"8b1e2e6b6071fff"},"geometry":{"type":"Polygon","coordinates":[[[19.883317,50.063578],[19.883446,50.063531],[19.883532,50.063623],[19.883388,50.063675],[19.883336,50.063617],[19.88334,50.063603],[19.883317,50.063578]]]}},{"type":"Feature","id":"w231920734","properties":{"type":"yes","address":"28 Lipca 1943 30b","residential":true,"residents_est":2,"h3_10":"8a1e2e6b619ffff","h3_11":"8b1e2e6b619efff"},"geometry":{"type":"Polygon","coordinates":[[[19.874124,50.062075],[19.874337,50.062032],[19.874371,50.062102],[19.874157,50.062145],[19.874124,50.062075]]]}},{"type":"Feature","id":"w231920740","properties":{"type":"yes","levels":2.0,"address":"Złota 12","residential":true,"residents_est":1,"h3_10":"8a1e2e6b614ffff","h3_11":"8b1e2e6b614efff"},"geometry":{"type":"Polygon","coordinates":[[[19.883168,50.065496],[19.883228,50.06546],[19.88324,50.065468],[19.883258,50.065457],[19.883247,50.065449],[19.883282,50.065428],[19.883324,50.065457],[19.883337,50.065449],[19.883375,50.065474],[19.883248,50.065551],[19.883168,50.065496]]]}},{"type":"Feature","id":"w231920742","properties":{"type":"house","levels":2.0,"address":"Ludmiły Korbutowej 26","residential":true,"residents_est":4,"h3_10":"8a1e2e6b616ffff","h3_11":"8b1e2e6b616afff"},"geometry":{"type":"Polygon","coordinates":[[[19.882996,50.06621],[19.883097,50.066141],[19.883226,50.066221],[19.883123,50.066289],[19.882996,50.06621]]]}},{"type":"Feature","id":"w231920744","properties":{"type":"retail","address":"Królowej Jadwigi 248","residential":false,"residents_est":0,"h3_10":"8a1e2e6b6137fff","h3_11":"8b1e2e6b6133fff"},"geometry":{"type":"Polygon","coordinates":[[[19.875625,50.065531],[19.875794,50.065497],[19.875839,50.065588],[19.875671,50.065623],[19.875625,50.065531]]]}},{"type":"Feature","id":"w231920750","properties":{"type":"yes","levels":1.0,"residential":true,"residents_est":1,"h3_10":"8a1e2e6b614ffff","h3_11":"8b1e2e6b6149fff"},"geometry":{"type":"Polygon","coordinates":[[[19.88484,50.065211],[19.884888,50.065192],[19.885012,50.065322],[19.88496,50.065341],[19.88484,50.065211]]]}},{"type":"Feature","id":"w231920751","properties":{"type":"yes","levels":1.0,"residential":true,"residents_est":0,"h3_10":"8a1e2e6b6167fff","h3_11":"8b1e2e6b6164fff"},"geometry":{"type":"Polygon","coordinates":[[[19.881692,50.067296],[19.881755,50.067245],[19.881846,50.067291],[19.881783,50.067342],[19.881692,50.067296]]]}},{"type":"Feature","id":"w231920756","properties":{"type":"yes","levels":2.0,"address":"Tadeusza Wyrwy-Furgalskiego 3","residential":true,"residents_est":1,"h3_10":"8a1e2e6b6067fff","h3_11":"8b1e2e6b6063fff"},"geometry":{"type":"Polygon","coordinates":[[[19.884873,50.063778],[19.884972,50.063734],[19.885011,50.063769],[19.885028,50.06376],[19.885063,50.063792],[19.884945,50.063842],[19.884873,50.063778]]]}},{"type":"Feature","id":"w231920761","properties":{"type":"yes","levels":1.0,"residential":true,"residents_est":1,"h3_10":"8a1e2e6b6077fff","h3_11":"8b1e2e6b6075fff"},"geometry":{"type":"Polygon","coordinates":[[[19.883164,50.064027],[19.883326,50.063971],[19.883327,50.064006],[19.883188,50.064056],[19.883164,50.064027]]]}},{"type":"Feature","id":"w231920768","properties":{"type":"yes","address":"Berberysowa 7","residential":true,"residents_est":2,"h3_10":"8a1e2e6b61affff","h3_11":"8b1e2e6b61a8fff"},"geometry":{"type":"Polygon","coordinates":[[[19.875933,50.063862],[19.876022,50.06383],[19.876029,50.063839],[19.876051,50.063831],[19.876045,50.063824],[19.876133,50.063793],[19.876174,50.063836],[19.875971,50.063907],[19.87594,50.063864],[19.875933,50.063862]]]}},{"type":"Feature","id":"w231920770","properties":{"type":"yes","address":"28 Lipca 1943 11","residential":true,"residents_est":2,"h3_10":"8a1e2e6b61a7fff","h3_11":"8b1e2e6b61a3fff"},"geometry":{"type":"Polygon","coordinates":[[[19.874436,50.063823],[19.874589,50.06377],[19.874682,50.063882],[19.874566,50.063921],[19.874498,50.063838],[19.87446,50.063851],[19.874436,50.063823]]]}},{"type":"Feature","id":"w231920792","properties":{"type":"yes","residential":false,"residents_est":0,"h3_10":"8a1e2e6b6137fff","h3_11":"8b1e2e6b6131fff"},"geometry":{"type":"Polygon","coordinates":[[[19.876134,50.066241],[19.876207,50.066214],[19.876251,50.066263],[19.876181,50.066292],[19.876134,50.066241]]]}},{"type":"Feature","id":"w231920821","properties":{"type":"yes","levels":2.0,"address":"Zygmunta Wyrobka 3","residential":true,"residents_est":1,"h3_10":"8a1e2e6b6067fff","h3_11":"8b1e2e6b6064fff"},"geometry":{"type":"Polygon","coordinates":[[[19.883718,50.064552],[19.883848,50.064504],[19.883906,50.06457],[19.883776,50.064616],[19.883718,50.064552]]]}},{"type":"Feature","id":"w231920828","properties":{"type":"yes","address":"Królowej Jadwigi 240","residential":true,"residents_est":12,"h3_10":"8a1e2e6b611ffff","h3_11":"8b1e2e6b611cfff"},"geometry":{"type":"Polygon","coordinates":[[[19.877129,50.064907],[19.877141,50.064887],[19.877163,50.064875],[19.877171,50.064883],[19.877215,50.064868],[19.877208,50.064859],[19.877233,50.064853],[19.877276,50.064859],[19.8773,50.064885],[19.877288,50.064889],[19.87734,50.06495],[19.877353,50.064946],[19.877361,50.064959],[19.877358,50.064971],[19.877381,50.064997],[19.877406,50.065008],[19.87741,50.065013],[19.877398,50.065017],[19.87745,50.065078],[19.877462,50.065073],[19.877479,50.065096],[19.877479,50.065115],[19.87747,50.065127],[19.877448,50.065138],[19.87744,50.065129],[19.877395,50.065145],[19.877403,50.065154],[19.877376,50.06516],[19.87734,50.065154],[19.87731,50.065127],[19.877324,50.065123],[19.87727,50.065062],[19.877257,50.065067],[19.877249,50.065054],[19.877252,50.065041],[19.877229,50.065015],[19.8772,50.064999],[19.877213,50.064995],[19.87716,50.064933],[19.877147,50.064938],[19.877131,50.064919],[19.877129,50.064907]]]}},{"type":"Feature","id":"w231920838","properties":{"type":"house","levels":1.0,"address":"Ludmiły Korbutowej 36","residential":true,"residents_est":1,"h3_10":"8a1e2e6b616ffff","h3_11":"8b1e2e6b616dfff"},"geometry":{"type":"Polygon","coordinates":[[[19.884022,50.067128],[19.884024,50.067027],[19.884085,50.067028],[19.884086,50.067004],[19.884135,50.067005],[19.884134,50.06713],[19.884022,50.067128]]]}},{"type":"Feature","id":"w231920843","properties":{"type":"yes","levels":1.0,"residential":false,"residents_est":0,"h3_10":"8a1e2e6b606ffff","h3_11":"8b1e2e6b606cfff"},"geometry":{"type":"Polygon","coordinates":[[[19.88573,50.064483],[19.885837,50.064435],[19.885867,50.064463],[19.88576,50.064511],[19.88573,50.064483]]]}},{"type":"Feature","id":"w231920848","properties":{"type":"yes","address":"Królowej Jadwigi 238","residential":true,"residents_est":13,"h3_10":"8a1e2e6b611ffff","h3_11":"8b1e2e6b611dfff"},"geometry":{"type":"Polygon","coordinates":[[[19.877519,50.064992],[19.87772,50.06494],[19.877705,50.064916],[19.877823,50.064885],[19.877838,50.064909],[19.877909,50.064891],[19.877977,50.064995],[19.877587,50.065097],[19.877519,50.064992]]]}},{"type":"Feature","id":"w231920862","properties":{"type":"yes","levels":1.0,"address":"Feliksa Kopery 13","residential":true,"residents_est":2,"h3_10":"8a1e2e6b6167fff","h3_11":"8b1e2e6b6164fff"},"geometry":{"type":"Polygon","coordinates":[[[19.881378,50.067084],[19.881475,50.067026],[19.881553,50.067078],[19.881607,50.067047],[19.881678,50.067098],[19.881527,50.067186],[19.881378,50.067084]]]}},{"type":"Feature","id":"w231920864","properties":{"type":"yes","levels":1.0,"address":"Czeremchowa 10","residential":true,"residents_est":1,"h3_10":"8a1e2e6b6177fff","h3_11":"8b1e2e6b6172fff"},"geometry":{"type":"Polygon","coordinates":[[[19.880202,50.065815],[19.880341,50.065733],[19.880434,50.065798],[19.880295,50.06588],[19.880202,50.065815]]]}},{"type":"Feature","id":"w231920869","properties":{"type":"yes","levels":1.0,"address":"Podłącze 26","residential":true,"residents_est":1,"h3_10":"8a1e2e6b612ffff","h3_11":"8b1e2e6b612dfff"},"geometry":{"type":"Polygon","coordinates":[[[19.879175,50.066974],[19.879265,50.06692],[19.879365,50.066991],[19.879311,50.067023],[19.879263,50.06699],[19.879227,50.067011],[19.879175,50.066974]]]}},{"type":"Feature","id":"w231920870","properties":{"type":"yes","levels":1.0,"residential":true,"residents_est":1,"h3_10":"8a1e2e6b615ffff","h3_11":"8b1e2e6b6158fff"},"geometry":{"type":"Polygon","coordinates":[[[19.882391,50.064598],[19.882512,50.064526],[19.882615,50.064596],[19.88258,50.064617],[19.882564,50.064607],[19.882481,50.064658],[19.882391,50.064598]]]}},{"type":"Feature","id":"w231920890","properties":{"type":"retail","address":"Królowej Jadwigi 244","residential":false,"residents_est":0,"h3_10":"8a1e2e6b6107fff","h3_11":"8b1e2e6b6102fff"},"geometry":{"type":"Polygon","coordinates":[[[19.876699,50.065149],[19.87685,50.065092],[19.876936,50.06519],[19.876783,50.065246],[19.876699,50.065149]]]}},{"type":"Feature","id":"w231920891","properties":{"type":"yes","levels":3.0,"address":"Ludmiły Korbutowej 32a","residential":true,"residents_est":2,"h3_10":"8a1e2e6b616ffff","h3_11":"8b1e2e6b616cfff"},"geometry":{"type":"Polygon","coordinates":[[[19.883373,50.066799],[19.883404,50.06678],[19.883432,50.066741],[19.883533,50.066803],[19.883461,50.066853],[19.883373,50.066799]]]}},{"type":"Feature","id":"w231920892","properties":{"type":"yes","levels":1.0,"address":"Królowej Jadwigi 189","residential":true,"residents_est":1,"h3_10":"8a1e2e6b615ffff","h3_11":"8b1e2e6b6158fff"},"geometry":{"type":"Polygon","coordinates":[[[19.882292,50.064538],[19.882377,50.064486],[19.882364,50.064476],[19.882404,50.064452],[19.882512,50.064526],[19.882383,50.064602],[19.882292,50.064538]]]}},{"type":"Feature","id":"w231920895","properties":{"type":"yes","residential":true,"residents_est":1,"h3_10":"8a1e2e6b6137fff","h3_11":"8b1e2e6b6134fff"},"geometry":{"type":"Polygon","coordinates":[[[19.875296,50.066356],[19.875379,50.066333],[19.875441,50.066428],[19.875358,50.066451],[19.875296,50.066356]]]}},{"type":"Feature","id":"w231920897","properties":{"type":"yes","levels":2.0,"address":"Ludmiły Korbutowej 6","residential":true,"residents_est":1,"h3_10":"8a1e2e6b6157fff","h3_11":"8b1e2e6b6151fff"},"geometry":{"type":"Polygon","coordinates":[[[19.88141,50.065026],[19.881503,50.064971],[19.88158,50.065026],[19.881487,50.065081],[19.88141,50.065026]]]}},{"type":"Feature","id":"w231920898","properties":{"type":"yes","levels":1.0,"residential":false,"residents_est":0,"h3_10":"8a1e2e6b6147fff","h3_11":"8b1e2e6b6144fff"},"geometry":{"type":"Polygon","coordinates":[[[19.881919,50.066228],[19.881992,50.06618],[19.882032,50.066205],[19.88196,50.066253],[19.881919,50.066228]]]}},{"type":"Feature","id":"w231920906","properties":{"type":"yes","levels":1.0,"residential":true,"residents_est":25,"h3_10":"8a1e2e6b600ffff","h3_11":"8b1e2e6b600cfff"},"geometry":{"type":"Polygon","coordinates":[[[19.880357,50.063212],[19.880508,50.062809],[19.881097,50.062901],[19.881113,50.062859],[19.881458,50.062913],[19.881443,50.062955],[19.881989,50.063038],[19.881989,50.063067],[19.881874,50.063371],[19.88123,50.063274],[19.88136,50.062925],[19.881187,50.062898],[19.881172,50.062939],[19.88079,50.06288],[19.880747,50.062995],[19.88066,50.062981],[19.880597,50.063146],[19.88107,50.06322],[19.881055,50.063259],[19.881096,50.063265],[19.881099,50.063258],[19.881186,50.063272],[19.881183,50.063282],[19.881225,50.063288],[19.881212,50.063324],[19.881111,50.063308],[19.881115,50.063299],[19.881082,50.063294],[19.88107,50.063322],[19.880661,50.063259],[19.880688,50.063186],[19.880513,50.063161],[19.880486,50.063232],[19.880357,50.063212]]]}},{"type":"Feature","id":"w231920919","properties":{"type":"yes","levels":2.0,"residential":false,"residents_est":0,"h3_10":"8a1e2e6b60cffff","h3_11":"8b1e2e6b60cdfff"},"geometry":{"type":"Polygon","coordinates":[[[19.884549,50.060482],[19.884655,50.060476],[19.884661,50.060513],[19.884554,50.060519],[19.884549,50.060482]]]}},{"type":"Feature","id":"w231920925","properties":{"type":"yes","levels":1.0,"address":"Królowej Jadwigi 187","residential":true,"residents_est":1,"h3_10":"8a1e2e6b615ffff","h3_11":"8b1e2e6b6158fff"},"geometry":{"type":"Polygon","coordinates":[[[19.882453,50.064485],[19.882492,50.064461],[19.882506,50.064471],[19.882591,50.064419],[19.882684,50.064483],[19.882558,50.064557],[19.882453,50.064485]]]}},{"type":"Feature","id":"w231920947","properties":{"type":"house","levels":1.0,"address":"Ludmiły Korbutowej 18","residential":true,"residents_est":2,"h3_10":"8a1e2e6b6147fff","h3_11":"8b1e2e6b6145fff"},"geometry":{"type":"Polygon","coordinates":[[[19.882463,50.065883],[19.882569,50.065812],[19.882689,50.065888],[19.882584,50.065959],[19.882536,50.065929],[19.882525,50.065935],[19.8825,50.065919],[19.88251,50.065912],[19.882463,50.065883]]]}},{"type":"Feature","id":"w231920954","properties":{"type":"yes","levels":3.0,"address":"Tadeusza Wyrwy-Furgalskiego 14","residential":true,"residents_est":4,"h3_10":"8a1e2e6b6067fff","h3_11":"8b1e2e6b6061fff"},"geometry":{"type":"Polygon","coordinates":[[[19.884971,50.064472],[19.885145,50.064396],[19.885221,50.064469],[19.885049,50.064544],[19.884971,50.064472]]]}},{"type":"Feature","id":"w231920959","properties":{"type":"yes","residential":false,"residents_est":0,"h3_10":"8a1e2e6b6197fff","h3_11":"8b1e2e6b6196fff"},"geometry":{"type":"Polygon","coordinates":[[[19.87261,50.062495],[19.872664,50.062483],[19.872671,50.062494],[19.872696,50.062488],[19.87269,50.062477],[19.872699,50.062475],[19.872725,50.06252],[19.872631,50.06254],[19.87261,50.062495]]]}},{"type":"Feature","id":"w231920964","properties":{"type":"yes","levels":1.0,"residential":true,"residents_est":0,"h3_10":"8a1e2e6b616ffff","h3_11":"8b1e2e6b616cfff"},"geometry":{"type":"Polygon","coordinates":[[[19.883218,50.066911],[19.883302,50.066849],[19.883368,50.066889],[19.883296,50.066938],[19.883258,50.066935],[19.883218,50.066911]]]}},{"type":"Feature","id":"w231920973","properties":{"type":"yes","levels":2.0,"residential":true,"residents_est":2,"h3_10":"8a1e2e6b615ffff","h3_11":"8b1e2e6b6158fff"},"geometry":{"type":"Polygon","coordinates":[[[19.882558,50.064557],[19.882684,50.064483],[19.882776,50.064546],[19.882713,50.064584],[19.882723,50.064591],[19.882662,50.064628],[19.882558,50.064557]]]}},{"type":"Feature","id":"w231920975","properties":{"type":"yes","levels":3.0,"address":"Królowej Jadwigi 194a","residential":true,"residents_est":3,"h3_10":"8a1e2e6b6047fff","h3_11":"8b1e2e6b6042fff"},"geometry":{"type":"Polygon","coordinates":[[[19.884271,50.062802],[19.884393,50.062761],[19.884454,50.062835],[19.884427,50.062844],[19.884434,50.062852],[19.884313,50.062894],[19.88429,50.062862],[19.884313,50.062854],[19.884271,50.062802]]]}},{"type":"Feature","id":"w231920984","properties":{"type":"yes","levels":1.0,"address":"Poręba 5","residential":true,"residents_est":1,"h3_10":"8a1e2e6b6017fff","h3_11":"8b1e2e6b6011fff"},"geometry":{"type":"Polygon","coordinates":[[[19.879183,50.062372],[19.879231,50.062356],[19.879245,50.062373],[19.879377,50.062328],[19.879425,50.062385],[19.879345,50.062413],[19.879375,50.062449],[19.879275,50.062482],[19.879183,50.062372]]]}},{"type":"Feature","id":"w231920986","properties":{"type":"house","levels":1.0,"address":"Pod Sikornikiem 35","residential":true,"residents_est":3,"h3_10":"8a1e2e6b605ffff","h3_11":"8b1e2e6b605afff"},"geometry":{"type":"Polygon","coordinates":[[[19.884707,50.061413],[19.884869,50.061398],[19.88491,50.061548],[19.884829,50.06156],[19.884819,50.061526],[19.884749,50.061532],[19.884741,50.061506],[19.884732,50.061507],[19.884707,50.061413]]]}},{"type":"Feature","id":"w231921020","properties":{"type":"yes","residential":false,"residents_est":0,"h3_10":"8a1e2e6b608ffff","h3_11":"8b1e2e6b608afff"},"geometry":{"type":"Polygon","coordinates":[[[19.878728,50.059709],[19.878837,50.059691],[19.878851,50.059727],[19.878743,50.059745],[19.878728,50.059709]]]}},{"type":"Feature","id":"w231921021","properties":{"type":"yes","levels":1.0,"residential":true,"residents_est":0,"h3_10":"8a1e2e6b614ffff","h3_11":"8b1e2e6b6149fff"},"geometry":{"type":"Polygon","coordinates":[[[19.884577,50.065436],[19.884671,50.065397],[19.884717,50.065446],[19.884625,50.065486],[19.884577,50.065436]]]}},{"type":"Feature","id":"w231921022","properties":{"type":"yes","levels":2.0,"address":"Ludmiły Korbutowej 4","residential":true,"residents_est":1,"h3_10":"8a1e2e6b6157fff","h3_11":"8b1e2e6b6151fff"},"geometry":{"type":"Polygon","coordinates":[[[19.881343,50.06498],[19.881436,50.064924],[19.881503,50.064971],[19.88141,50.065026],[19.881343,50.06498]]]}},{"type":"Feature","id":"w231921024","properties":{"type":"yes","levels":3.0,"address":"Ludmiły Korbutowej 30","residential":true,"residents_est":1,"h3_10":"8a1e2e6b616ffff","h3_11":"8b1e2e6b6168fff"},"geometry":{"type":"Polygon","coordinates":[[[19.883414,50.066578],[19.883505,50.066518],[19.883563,50.066555],[19.883472,50.066614],[19.883414,50.066578]]]}},{"type":"Feature","id":"w231921039","properties":{"type":"yes","levels":1.0,"address":"Królowej Jadwigi 200","residential":true,"residents_est":1,"h3_10":"8a1e2e6b6077fff","h3_11":"8b1e2e6b6071fff"},"geometry":{"type":"Polygon","coordinates":[[[19.883446,50.063531],[19.883571,50.063485],[19.883586,50.063501],[19.883606,50.063493],[19.883676,50.063569],[19.883532,50.063623],[19.883446,50.063531]]]}},{"type":"Feature","id":"w231921056","properties":{"type":"yes","levels":1.0,"address":"Królowej Jadwigi 177","residential":true,"residents_est":1,"h3_10":"8a1e2e6b6067fff","h3_11":"8b1e2e6b6062fff"},"geometry":{"type":"Polygon","coordinates":[[[19.88398,50.063817],[19.884056,50.06379],[19.884134,50.063875],[19.884036,50.063912],[19.883987,50.063861],[19.884011,50.063852],[19.88398,50.063817]]]}},{"type":"Feature","id":"w231921064","properties":{"type":"yes","address":"Królowej Jadwigi 223a","residential":true,"residents_est":3,"h3_10":"8a1e2e6b6137fff","h3_11":"8b1e2e6b6134fff"},"geometry":{"type":"Polygon","coordinates":[[[19.875184,50.066534],[19.875315,50.066498],[19.875411,50.066645],[19.875256,50.066689],[19.8752,50.066606],[19.875226,50.066598],[19.875184,50.066534]]]}},{"type":"Feature","id":"w231921065","properties":{"type":"yes","address":"28 Lipca 1943 32a","residential":true,"residents_est":2,"h3_10":"8a1e2e6b6197fff","h3_11":"8b1e2e6b6192fff"},"geometry":{"type":"Polygon","coordinates":[[[19.872755,50.062101],[19.872826,50.062083],[19.872831,50.062092],[19.872935,50.062064],[19.872986,50.062147],[19.87281,50.062191],[19.872755,50.062101]]]}},{"type":"Feature","id":"w231921073","properties":{"type":"yes","levels":1.0,"address":"Jana Zygmunta Robla 14","residential":true,"residents_est":1,"h3_10":"8a1e2e6b615ffff","h3_11":"8b1e2e6b615dfff"},"geometry":{"type":"Polygon","coordinates":[[[19.882585,50.064961],[19.882648,50.064923],[19.882621,50.064905],[19.882662,50.06488],[19.882788,50.064968],[19.882771,50.064978],[19.882831,50.06502],[19.882761,50.065062],[19.8827,50.06502],[19.882684,50.06503],[19.882585,50.064961]]]}},{"type":"Feature","id":"w231921078","properties":{"type":"yes","address":"Poręba 19","residential":true,"residents_est":1,"h3_10":"8a1e2e6b618ffff","h3_11":"8b1e2e6b618cfff"},"geometry":{"type":"Polygon","coordinates":[[[19.876185,50.06289],[19.876254,50.062874],[19.876316,50.062976],[19.876223,50.062996],[19.876213,50.062979],[19.87623,50.062975],[19.876185,50.06289]]]}},{"type":"Feature","id":"w231921079","properties":{"type":"yes","levels":3.0,"address":"Franciszka Pększyca-Grudzińskiego 23","residential":true,"residents_est":3,"h3_10":"8a1e2e6b614ffff","h3_11":"8b1e2e6b6149fff"},"geometry":{"type":"Polygon","coordinates":[[[19.884898,50.065188],[19.884968,50.06516],[19.884977,50.065169],[19.885039,50.065144],[19.885114,50.065219],[19.884981,50.065273],[19.884898,50.065188]]]}},{"type":"Feature","id":"w231921082","properties":{"type":"yes","address":"Tadeusza Rogalskiego 3","residential":true,"residents_est":2,"h3_10":"8a1e2e6b612ffff","h3_11":"8b1e2e6b6128fff"},"geometry":{"type":"Polygon","coordinates":[[[19.878864,50.066468],[19.878996,50.066386],[19.879095,50.066451],[19.879001,50.06651],[19.879014,50.066519],[19.878976,50.066543],[19.878864,50.066468]]]}},{"type":"Feature","id":"w231921086","properties":{"type":"yes","levels":3.0,"address":"Królowej Jadwigi 193","residential":true,"residents_est":4,"h3_10":"8a1e2e6b6157fff","h3_11":"8b1e2e6b6150fff"},"geometry":{"type":"Polygon","coordinates":[[[19.880591,50.064907],[19.880623,50.064902],[19.880614,50.064873],[19.880727,50.064858],[19.880776,50.065004],[19.88063,50.065024],[19.880591,50.064907]]]}},{"type":"Feature","id":"w231921093","properties":{"type":"yes","levels":1.0,"residential":false,"residents_est":0,"h3_10":"8a1e2e6b604ffff","h3_11":"8b1e2e6b604cfff"},"geometry":{"type":"Polygon","coordinates":[[[19.886404,50.063235],[19.886448,50.063221],[19.886462,50.063237],[19.886502,50.063224],[19.886529,50.063257],[19.886447,50.063286],[19.886404,50.063235]]]}},{"type":"Feature","id":"w231921101","properties":{"type":"house","levels":3.0,"address":"Podłącze 1b","residential":true,"residents_est":8,"h3_10":"8a1e2e6b6147fff","h3_11":"8b1e2e6b6146fff"},"geometry":{"type":"Polygon","coordinates":[[[19.881585,50.065824],[19.881679,50.065765],[19.88166,50.065753],[19.881704,50.065725],[19.881832,50.065808],[19.881695,50.065894],[19.881585,50.065824]]]}},{"type":"Feature","id":"w231921102","properties":{"type":"yes","levels":1.0,"residential":true,"residents_est":1,"h3_10":"8a1e2e6b6157fff","h3_11":"8b1e2e6b6151fff"},"geometry":{"type":"Polygon","coordinates":[[[19.881553,50.064796],[19.88161,50.064764],[19.881658,50.064799],[19.88171,50.064771],[19.881751,50.064802],[19.881641,50.064864],[19.881553,50.064796]]]}},{"type":"Feature","id":"w231921103","properties":{"type":"yes","levels":3.0,"address":"Zygmunta Wyrobka 4","residential":true,"residents_est":2,"h3_10":"8a1e2e6b6067fff","h3_11":"8b1e2e6b6060fff"},"geometry":{"type":"Polygon","coordinates":[[[19.883952,50.064228],[19.884056,50.064182],[19.884093,50.064217],[19.884104,50.064212],[19.884147,50.064252],[19.884114,50.064266],[19.884126,50.064278],[19.884093,50.064292],[19.884081,50.064281],[19.884017,50.064309],[19.88398,50.064275],[19.883965,50.064275],[19.883992,50.064263],[19.883952,50.064228]]]}},{"type":"Feature","id":"w231921131","properties":{"type":"yes","levels":3.0,"address":"Poręba 6","residential":true,"residents_est":3,"h3_10":"8a1e2e6b601ffff","h3_11":"8b1e2e6b601efff"},"geometry":{"type":"Polygon","coordinates":[[[19.879216,50.06198],[19.879327,50.06193],[19.87945,50.062042],[19.879397,50.062066],[19.879372,50.062043],[19.879314,50.06207],[19.879216,50.06198]]]}},{"type":"Feature","id":"w231921134","properties":{"type":"yes","address":"Franciszka Bielaka 12","residential":true,"residents_est":2,"h3_10":"8a1e2e6b6127fff","h3_11":"8b1e2e6b6121fff"},"geometry":{"type":"Polygon","coordinates":[[[19.877591,50.066528],[19.877751,50.066492],[19.877804,50.066589],[19.877684,50.066617],[19.877678,50.066607],[19.877641,50.066615],[19.877591,50.066528]]]}},{"type":"Feature","id":"w231921138","properties":{"type":"yes","address":"28 Lipca 1943 4","residential":true,"residents_est":3,"h3_10":"8a1e2e6b6117fff","h3_11":"8b1e2e6b6113fff"},"geometry":{"type":"Polygon","coordinates":[[[19.876297,50.064781],[19.876336,50.064768],[19.876309,50.064737],[19.876432,50.064694],[19.876469,50.064739],[19.876552,50.06471],[19.876586,50.064754],[19.876345,50.064838],[19.876297,50.064781]]]}},{"type":"Feature","id":"w231921140","properties":{"type":"yes","levels":2.0,"address":"Ludwika Krzywickiego 15","residential":true,"residents_est":3,"h3_10":"8a1e2e6b604ffff","h3_11":"8b1e2e6b604dfff"},"geometry":{"type":"Polygon","coordinates":[[[19.887091,50.063088],[19.887195,50.063063],[19.887178,50.063036],[19.887192,50.063032],[19.887173,50.063001],[19.887263,50.06298],[19.887337,50.063105],[19.887131,50.063155],[19.887091,50.063088]]]}},{"type":"Feature","id":"w231921142","properties":{"type":"yes","address":"Berberysowa 18","residential":true,"residents_est":2,"h3_10":"8a1e2e6b611ffff","h3_11":"8b1e2e6b611afff"},"geometry":{"type":"Polygon","coordinates":[[[19.877157,50.064403],[19.877333,50.064342],[19.877397,50.064418],[19.877305,50.064451],[19.877295,50.064439],[19.877211,50.064469],[19.877157,50.064403]]]}},{"type":"Feature","id":"w231921147","properties":{"type":"yes","address":"Poręba 36","residential":true,"residents_est":2,"h3_10":"8a1e2e6b6187fff","h3_11":"8b1e2e6b6182fff"},"geometry":{"type":"Polygon","coordinates":[[[19.874657,50.062756],[19.874822,50.062734],[19.874865,50.062845],[19.874773,50.062857],[19.874768,50.062844],[19.874695,50.062856],[19.874657,50.062756]]]}},{"type":"Feature","id":"w231921153","properties":{"type":"yes","levels":1.0,"address":"Tadeusza Wyrwy-Furgalskiego 5","residential":true,"residents_est":1,"h3_10":"8a1e2e6b606ffff","h3_11":"8b1e2e6b606efff"},"geometry":{"type":"Polygon","coordinates":[[[19.885072,50.063943],[19.885191,50.063893],[19.885295,50.063998],[19.885207,50.064034],[19.88517,50.063997],[19.885138,50.06401],[19.885072,50.063943]]]}},{"type":"Feature","id":"w231921179","properties":{"type":"yes","levels":1.0,"residential":true,"residents_est":1,"h3_10":"8a1e2e6b614ffff","h3_11":"8b1e2e6b6149fff"},"geometry":{"type":"Polygon","coordinates":[[[19.884526,50.065194],[19.884649,50.065145],[19.884733,50.065242],[19.884674,50.065267],[19.884679,50.065273],[19.884625,50.065298],[19.884526,50.065194]]]}},{"type":"Feature","id":"w231921180","properties":{"type":"yes","address":"28 Lipca 1943 14","residential":true,"residents_est":2,"h3_10":"8a1e2e6b61affff","h3_11":"8b1e2e6b61aefff"},"geometry":{"type":"Polygon","coordinates":[[[19.875325,50.064039],[19.875466,50.06399],[19.875515,50.064049],[19.875562,50.064035],[19.875553,50.064024],[19.875646,50.063992],[19.875674,50.064026],[19.875396,50.064123],[19.875325,50.064039]]]}},{"type":"Feature","id":"w231921195","properties":{"type":"yes","levels":3.0,"address":"Podłącze 24","residential":true,"residents_est":2,"h3_10":"8a1e2e6b612ffff","h3_11":"8b1e2e6b612dfff"},"geometry":{"type":"Polygon","coordinates":[[[19.879265,50.06692],[19.879323,50.066886],[19.879335,50.066894],[19.879371,50.066873],[19.879459,50.066936],[19.879365,50.066991],[19.879265,50.06692]]]}},{"type":"Feature","id":"w231921205","properties":{"type":"yes","levels":3.0,"address":"Królowej Jadwigi 165a","residential":true,"residents_est":2,"h3_10":"8a1e2e6b604ffff","h3_11":"8b1e2e6b604cfff"},"geometry":{"type":"Polygon","coordinates":[[[19.88611,50.063265],[19.886204,50.063232],[19.886278,50.063321],[19.886203,50.063347],[19.886176,50.063315],[19.886157,50.063322],[19.88611,50.063265]]]}},{"type":"Feature","id":"w231921207","properties":{"type":"yes","address":"Poręba 25","residential":true,"residents_est":2,"h3_10":"8a1e2e6b6187fff","h3_11":"8b1e2e6b6181fff"},"geometry":{"type":"Polygon","coordinates":[[[19.875345,50.063121],[19.875445,50.063085],[19.875542,50.0632],[19.875437,50.063238],[19.875345,50.063121]]]}},{"type":"Feature","id":"w231921211","properties":{"type":"yes","address":"Poręba 12","residential":true,"residents_est":2,"h3_10":"8a1e2e6b6017fff","h3_11":"8b1e2e6b6011fff"},"geometry":{"type":"Polygon","coordinates":[[[19.878553,50.062271],[19.878665,50.062227],[19.878678,50.06224],[19.878712,50.062228],[19.878762,50.062285],[19.878752,50.06228],[19.878728,50.062289],[19.878734,50.062296],[19.878619,50.062342],[19.878553,50.062271]]]}},{"type":"Feature","id":"w231921216","properties":{"type":"yes","levels":1.0,"address":"Czeremchowa 12","residential":true,"residents_est":1,"h3_10":"8a1e2e6b6177fff","h3_11":"8b1e2e6b6170fff"},"geometry":{"type":"Polygon","coordinates":[[[19.880295,50.06588],[19.880414,50.065811],[19.880462,50.065866],[19.880464,50.065878],[19.880443,50.065895],[19.880488,50.065928],[19.880419,50.065968],[19.880295,50.06588]]]}},{"type":"Feature","id":"w231921228","properties":{"type":"yes","levels":1.0,"residential":true,"residents_est":1,"h3_10":"8a1e2e6b6157fff","h3_11":"8b1e2e6b6154fff"},"geometry":{"type":"Polygon","coordinates":[[[19.880368,50.065195],[19.880422,50.065163],[19.880546,50.06525],[19.880494,50.065282],[19.880368,50.065195]]]}},{"type":"Feature","id":"w231921229","properties":{"type":"yes","address":"Poręba 38","residential":true,"residents_est":1,"h3_10":"8a1e2e6b6187fff","h3_11":"8b1e2e6b6182fff"},"geometry":{"type":"Polygon","coordinates":[[[19.874457,50.062865],[19.874574,50.062847],[19.874604,50.062926],[19.87453,50.062937],[19.874533,50.062945],[19.87449,50.062951],[19.874457,50.062865]]]}},{"type":"Feature","id":"w231921235","properties":{"type":"yes","address":"Poręba 13","residential":true,"residents_est":1,"h3_10":"8a1e2e6b618ffff","h3_11":"8b1e2e6b6189fff"},"geometry":{"type":"Polygon","coordinates":[[[19.877323,50.06272],[19.877429,50.062691],[19.877473,50.062759],[19.877368,50.062786],[19.877323,50.06272]]]}},{"type":"Feature","id":"w231921239","properties":{"type":"yes","address":"28 Lipca 1943 2","residential":true,"residents_est":2,"h3_10":"8a1e2e6b6117fff","h3_11":"8b1e2e6b6111fff"},"geometry":{"type":"Polygon","coordinates":[[[19.876203,50.065015],[19.876361,50.064957],[19.876421,50.065024],[19.876264,50.065082],[19.876203,50.065015]]]}},{"type":"Feature","id":"w231921240","properties":{"type":"yes","address":"Poręba 30","residential":true,"residents_est":2,"h3_10":"8a1e2e6b618ffff","h3_11":"8b1e2e6b618efff"},"geometry":{"type":"Polygon","coordinates":[[[19.875455,50.062764],[19.875645,50.062723],[19.875685,50.06281],[19.875622,50.062823],[19.875615,50.062809],[19.875488,50.062834],[19.875455,50.062764]]]}},{"type":"Feature","id":"w231921244","properties":{"type":"yes","address":"Królowej Jadwigi 221a","residential":true,"residents_est":2,"h3_10":"8a1e2e6b6137fff","h3_11":"8b1e2e6b6135fff"},"geometry":{"type":"Polygon","coordinates":[[[19.876015,50.06639],[19.876131,50.066344],[19.876219,50.066434],[19.876109,50.066479],[19.876056,50.066423],[19.876048,50.066426],[19.876015,50.06639]]]}},{"type":"Feature","id":"w231921262","properties":{"type":"yes","levels":1.0,"residential":false,"residents_est":0,"h3_10":"8a1e2e6b604ffff","h3_11":"8b1e2e6b604cfff"},"geometry":{"type":"Polygon","coordinates":[[[19.886339,50.063253],[19.886399,50.063231],[19.886447,50.063286],[19.886385,50.063307],[19.886339,50.063253]]]}},{"type":"Feature","id":"w231921264","properties":{"type":"yes","levels":3.0,"residential":true,"residents_est":3,"h3_10":"8a1e2e6b606ffff","h3_11":"8b1e2e6b6069fff"},"geometry":{"type":"Polygon","coordinates":[[[19.887027,50.063945],[19.887145,50.063917],[19.887202,50.064014],[19.887081,50.064042],[19.887027,50.063945]]]}},{"type":"Feature","id":"w231921271","properties":{"type":"yes","address":"28 Lipca 1943 3","residential":true,"residents_est":2,"h3_10":"8a1e2e6b6117fff","h3_11":"8b1e2e6b6114fff"},"geometry":{"type":"Polygon","coordinates":[[[19.875529,50.065169],[19.875699,50.065108],[19.875743,50.065161],[19.87572,50.065169],[19.875743,50.065197],[19.875597,50.06525],[19.875529,50.065169]]]}},{"type":"Feature","id":"w231921279","properties":{"type":"yes","address":"Królowej Jadwigi 217b","residential":true,"residents_est":4,"h3_10":"8a1e2e6b6127fff","h3_11":"8b1e2e6b6122fff"},"geometry":{"type":"Polygon","coordinates":[[[19.876439,50.06615],[19.876559,50.066106],[19.876724,50.066289],[19.8766,50.06633],[19.876439,50.06615]]]}},{"type":"Feature","id":"w231921282","properties":{"type":"yes","residential":true,"residents_est":2,"h3_10":"8a1e2e6b61a7fff","h3_11":"8b1e2e6b61a1fff"},"geometry":{"type":"Polygon","coordinates":[[[19.874878,50.064363],[19.875042,50.064303],[19.875181,50.064459],[19.875138,50.064475],[19.875037,50.064361],[19.874916,50.064406],[19.874878,50.064363]]]}},{"type":"Feature","id":"w231921288","properties":{"type":"yes","residential":true,"residents_est":3,"h3_10":"8a1e2e6b61a7fff","h3_11":"8b1e2e6b61a0fff"},"geometry":{"type":"Polygon","coordinates":[[[19.874351,50.064378],[19.874498,50.064331],[19.874607,50.064472],[19.87446,50.064518],[19.874351,50.064378]]]}},{"type":"Feature","id":"w231921290","properties":{"type":"yes","levels":1.0,"address":"Złota 15","residential":true,"residents_est":1,"h3_10":"8a1e2e6b614ffff","h3_11":"8b1e2e6b6148fff"},"geometry":{"type":"Polygon","coordinates":[[[19.883927,50.065439],[19.88411,50.06533],[19.884155,50.065362],[19.884114,50.065386],[19.884167,50.065423],[19.884118,50.065452],[19.884128,50.065459],[19.884035,50.065514],[19.883927,50.065439]]]}},{"type":"Feature","id":"w231921295","properties":{"type":"yes","levels":1.0,"address":"Ludmiły Korbutowej 8","residential":true,"residents_est":1,"h3_10":"8a1e2e6b6147fff","h3_11":"8b1e2e6b6142fff"},"geometry":{"type":"Polygon","coordinates":[[[19.88148,50.065241],[19.881557,50.065191],[19.881593,50.065215],[19.881608,50.065205],[19.881673,50.065247],[19.881579,50.065305],[19.88148,50.065241]]]}},{"type":"Feature","id":"w231921301","properties":{"type":"yes","levels":1.0,"address":"Koło Strzelnicy 26","residential":true,"residents_est":1,"h3_10":"8a1e2e6b6007fff","h3_11":"8b1e2e6b6003fff"},"geometry":{"type":"Polygon","coordinates":[[[19.880011,50.062765],[19.88004,50.062692],[19.880033,50.062691],[19.880039,50.062677],[19.880046,50.062678],[19.880061,50.06264],[19.880229,50.062667],[19.880199,50.062739],[19.880154,50.062732],[19.880146,50.062753],[19.880169,50.062757],[19.880157,50.062788],[19.880011,50.062765]]]}},{"type":"Feature","id":"w231921302","properties":{"type":"apartments","levels":3.0,"address":"Królowej Jadwigi 217","residential":true,"residents_est":10,"h3_10":"8a1e2e6b6137fff","h3_11":"8b1e2e6b6131fff"},"geometry":{"type":"Polygon","coordinates":[[[19.876112,50.065785],[19.876258,50.06573],[19.876346,50.065825],[19.876316,50.065836],[19.876356,50.06588],[19.876234,50.065926],[19.876112,50.065785]]]}},{"type":"Feature","id":"w231921308","properties":{"type":"yes","levels":1.0,"address":"Feliksa Kopery 6","residential":true,"residents_est":1,"h3_10":"8a1e2e6b6167fff","h3_11":"8b1e2e6b6162fff"},"geometry":{"type":"Polygon","coordinates":[[[19.881482,50.066333],[19.881654,50.066223],[19.881747,50.066284],[19.88164,50.066353],[19.881596,50.066324],[19.881531,50.066365],[19.881482,50.066333]]]}},{"type":"Feature","id":"w231921314","properties":{"type":"yes","residential":true,"residents_est":1,"h3_10":"8a1e2e6b618ffff","h3_11":"8b1e2e6b6188fff"},"geometry":{"type":"Polygon","coordinates":[[[19.876386,50.062831],[19.876474,50.062813],[19.876481,50.062829],[19.876505,50.062824],[19.876538,50.062892],[19.876426,50.062915],[19.876386,50.062831]]]}},{"type":"Feature","id":"w231921317","properties":{"type":"yes","levels":1.0,"address":"Królowej Jadwigi 175","residential":true,"residents_est":0,"h3_10":"8a1e2e6b6067fff","h3_11":"8b1e2e6b6062fff"},"geometry":{"type":"Polygon","coordinates":[[[19.884057,50.063789],[19.884131,50.063762],[19.884171,50.063806],[19.884184,50.063802],[19.88422,50.063842],[19.884134,50.063875],[19.884057,50.063789]]]}},{"type":"Feature","id":"w231921321","properties":{"type":"yes","levels":1.0,"residential":true,"residents_est":0,"h3_10":"8a1e2e6b606ffff","h3_11":"8b1e2e6b606afff"},"geometry":{"type":"Polygon","coordinates":[[[19.885785,50.063433],[19.885874,50.063402],[19.885916,50.06345],[19.885827,50.063482],[19.885785,50.063433]]]}},{"type":"Feature","id":"w231921338","properties":{"type":"yes","levels":2.0,"address":"Zygmunta Wyrobka 6","residential":true,"residents_est":4,"h3_10":"8a1e2e6b6067fff","h3_11":"8b1e2e6b6060fff"},"geometry":{"type":"Polygon","coordinates":[[[19.884055,50.064419],[19.884278,50.064312],[19.884373,50.064393],[19.88424,50.064457],[19.884248,50.064464],[19.884157,50.064508],[19.884055,50.064419]]]}},{"type":"Feature","id":"w231921339","properties":{"type":"yes","levels":1.0,"address":"Ludmiły Korbutowej 8a","residential":true,"residents_est":1,"h3_10":"8a1e2e6b6157fff","h3_11":"8b1e2e6b6155fff"},"geometry":{"type":"Polygon","coordinates":[[[19.881405,50.065287],[19.88148,50.065241],[19.881579,50.065305],[19.881489,50.065362],[19.881424,50.065319],[19.881438,50.06531],[19.881405,50.065287]]]}},{"type":"Feature","id":"w231921342","properties":{"type":"yes","address":"28 Lipca 1943 20","residential":true,"residents_est":2,"h3_10":"8a1e2e6b6187fff","h3_11":"8b1e2e6b6185fff"},"geometry":{"type":"Polygon","coordinates":[[[19.874875,50.063393],[19.874955,50.063367],[19.874967,50.063381],[19.874984,50.063375],[19.875022,50.063421],[19.875034,50.063417],[19.875106,50.063504],[19.874998,50.063541],[19.87495,50.063491],[19.874955,50.063489],[19.874935,50.063465],[19.874929,50.063466],[19.874919,50.063453],[19.874923,50.063451],[19.874875,50.063393]]]}},{"type":"Feature","id":"w231921343","properties":{"type":"yes","address":"Królowej Jadwigi 217c","residential":true,"residents_est":4,"h3_10":"8a1e2e6b6127fff","h3_11":"8b1e2e6b6122fff"},"geometry":{"type":"Polygon","coordinates":[[[19.876646,50.066383],[19.876765,50.066336],[19.876929,50.066518],[19.876808,50.066563],[19.876646,50.066383]]]}},{"type":"Feature","id":"w231921347","properties":{"type":"yes","address":"Poręba 40","residential":true,"residents_est":1,"h3_10":"8a1e2e6b6187fff","h3_11":"8b1e2e6b6182fff"},"geometry":{"type":"Polygon","coordinates":[[[19.87434,50.062883],[19.874457,50.062865],[19.87449,50.062951],[19.874447,50.062958],[19.874444,50.06295],[19.87437,50.062961],[19.87434,50.062883]]]}},{"type":"Feature","id":"w231921352","properties":{"type":"yes","address":"Królowej Jadwigi 205","residential":true,"residents_est":3,"h3_10":"8a1e2e6b6107fff","h3_11":"8b1e2e6b6101fff"},"geometry":{"type":"Polygon","coordinates":[[[19.877888,50.065431],[19.878073,50.065366],[19.878148,50.065457],[19.877994,50.065512],[19.878013,50.065535],[19.877984,50.065546],[19.877888,50.065431]]]}},{"type":"Feature","id":"w231921356","properties":{"type":"yes","levels":1.0,"address":"Królowej Jadwigi 198","residential":true,"residents_est":1,"h3_10":"8a1e2e6b6077fff","h3_11":"8b1e2e6b6071fff"},"geometry":{"type":"Polygon","coordinates":[[[19.883741,50.063401],[19.883905,50.063333],[19.883993,50.063424],[19.88393,50.063449],[19.883924,50.063442],[19.883823,50.063484],[19.883741,50.063401]]]}},{"type":"Feature","id":"w231921357","properties":{"type":"yes","address":"28 Lipca 1943 32b","residential":true,"residents_est":3,"h3_10":"8a1e2e6b6197fff","h3_11":"8b1e2e6b6190fff"},"geometry":{"type":"Polygon","coordinates":[[[19.872893,50.062348],[19.87303,50.062315],[19.873023,50.062304],[19.873172,50.062267],[19.873218,50.062343],[19.872931,50.062413],[19.872893,50.062348]]]}},{"type":"Feature","id":"w231921358","properties":{"type":"apartments","address":"Królowej Jadwigi 254","residential":true,"residents_est":28,"h3_10":"8a1e2e6b6137fff","h3_11":"8b1e2e6b6136fff"},"geometry":{"type":"Polygon","coordinates":[[[19.874505,50.066009],[19.874691,50.065944],[19.874776,50.06604],[19.874824,50.066022],[19.874873,50.066078],[19.874824,50.066095],[19.874855,50.06613],[19.87476,50.066165],[19.874751,50.066156],[19.874697,50.066175],[19.874616,50.06608],[19.874584,50.066092],[19.874588,50.066097],[19.874584,50.066098],[19.874505,50.066009]]]}},{"type":"Feature","id":"w231921363","properties":{"type":"garage","levels":1.0,"residential":false,"residents_est":0,"h3_10":"8a1e2e6b602ffff","h3_11":"8b1e2e6b6029fff"},"geometry":{"type":"Polygon","coordinates":[[[19.882094,50.063718],[19.882193,50.063683],[19.88225,50.063746],[19.882192,50.063765],[19.882167,50.063733],[19.882119,50.063749],[19.882094,50.063718]]]}},{"type":"Feature","id":"w231921365","properties":{"type":"house","levels":1.0,"address":"Podłącze 1","residential":true,"residents_est":2,"h3_10":"8a1e2e6b6147fff","h3_11":"8b1e2e6b6140fff"},"geometry":{"type":"Polygon","coordinates":[[[19.881984,50.065577],[19.882032,50.065545],[19.882027,50.065538],[19.882035,50.065544],[19.882064,50.065525],[19.882056,50.06552],[19.882094,50.065494],[19.882207,50.065567],[19.882089,50.065645],[19.881984,50.065577]]]}},{"type":"Feature","id":"w231921371","properties":{"type":"hospital","levels":2.0,"residential":false,"residents_est":0,"h3_10":"8a1e2e6b6007fff","h3_11":"8b1e2e6b6005fff"},"geometry":{"type":"Polygon","coordinates":[[[19.880219,50.063654],[19.880292,50.063461],[19.880588,50.063509],[19.880517,50.0637],[19.880219,50.063654]]]}},{"type":"Feature","id":"w231921377","properties":{"type":"yes","levels":1.0,"address":"Podłącze 5","residential":true,"residents_est":1,"h3_10":"8a1e2e6b6177fff","h3_11":"8b1e2e6b6171fff"},"geometry":{"type":"Polygon","coordinates":[[[19.88131,50.066052],[19.881355,50.066023],[19.881327,50.066005],[19.881415,50.065951],[19.881502,50.066008],[19.881369,50.066091],[19.88131,50.066052]]]}},{"type":"Feature","id":"w231921385","properties":{"type":"yes","levels":2.0,"address":"Pod Sikornikiem 54","residential":true,"residents_est":2,"h3_10":"8a1e2e6b60effff","h3_11":"8b1e2e6b60e8fff"},"geometry":{"type":"Polygon","coordinates":[[[19.883708,50.061248],[19.88381,50.061244],[19.883806,50.061209],[19.883895,50.061206],[19.883912,50.061308],[19.883717,50.061316],[19.883708,50.061248]]]}},{"type":"Feature","id":"w231921386","properties":{"type":"yes","address":"28 Lipca 1943 12","residential":true,"residents_est":2,"h3_10":"8a1e2e6b61a7fff","h3_11":"8b1e2e6b61a1fff"},"geometry":{"type":"Polygon","coordinates":[[[19.875396,50.064123],[19.875554,50.064068],[19.875572,50.06409],[19.875528,50.064105],[19.875571,50.064156],[19.875458,50.064196],[19.875396,50.064123]]]}},{"type":"Feature","id":"w231921393","properties":{"type":"yes","levels":1.0,"address":"Poręba 5a","residential":true,"residents_est":1,"h3_10":"8a1e2e6b6007fff","h3_11":"8b1e2e6b6002fff"},"geometry":{"type":"Polygon","coordinates":[[[19.879431,50.062708],[19.879465,50.062697],[19.879437,50.062663],[19.879621,50.062604],[19.879674,50.062671],[19.879456,50.06274],[19.879431,50.062708]]]}},{"type":"Feature","id":"w231921406","properties":{"type":"yes","levels":2.0,"address":"Nasza 12","residential":true,"residents_est":3,"h3_10":"8a1e2e6b6007fff","h3_11":"8b1e2e6b6006fff"},"geometry":{"type":"Polygon","coordinates":[[[19.879026,50.063333],[19.879054,50.063278],[19.879099,50.063288],[19.879188,50.063256],[19.879253,50.063333],[19.879089,50.063392],[19.879039,50.063336],[19.879026,50.063333]]]}},{"type":"Feature","id":"w231921409","properties":{"type":"house","levels":3.0,"address":"Klemensa Bąkowskiego 10","residential":true,"residents_est":7,"h3_10":"8a1e2e6b606ffff","h3_11":"8b1e2e6b606cfff"},"geometry":{"type":"Polygon","coordinates":[[[19.885929,50.064191],[19.886056,50.064153],[19.886138,50.064266],[19.886009,50.064305],[19.885929,50.064191]]]}},{"type":"Feature","id":"w231921411","properties":{"type":"yes","levels":1.0,"address":"Ludmiły Korbutowej 32","residential":true,"residents_est":1,"h3_10":"8a1e2e6b616ffff","h3_11":"8b1e2e6b6168fff"},"geometry":{"type":"Polygon","coordinates":[[[19.883602,50.066615],[19.883678,50.066566],[19.88371,50.066588],[19.883751,50.066563],[19.883873,50.06664],[19.883768,50.066711],[19.883707,50.066673],[19.883662,50.066702],[19.883626,50.06668],[19.883665,50.066654],[19.883602,50.066615]]]}},{"type":"Feature","id":"w231921437","properties":{"type":"yes","levels":3.0,"address":"Klemensa Bąkowskiego 11","residential":true,"residents_est":4,"h3_10":"8a1e2e6b606ffff","h3_11":"8b1e2e6b606efff"},"geometry":{"type":"Polygon","coordinates":[[[19.885191,50.063893],[19.885319,50.06384],[19.885399,50.063921],[19.88537,50.063933],[19.885394,50.063958],[19.885295,50.063998],[19.885191,50.063893]]]}},{"type":"Feature","id":"w231921452","properties":{"type":"yes","levels":2.0,"address":"Królowej Jadwigi 163a","residential":true,"residents_est":1,"h3_10":"8a1e2e6b604ffff","h3_11":"8b1e2e6b604cfff"},"geometry":{"type":"Polygon","coordinates":[[[19.886401,50.063163],[19.8865,50.063128],[19.886562,50.063202],[19.886462,50.063237],[19.886401,50.063163]]]}},{"type":"Feature","id":"w231921457","properties":{"type":"yes","address":"28 Lipca 1943 28","residential":true,"residents_est":1,"h3_10":"8a1e2e6b6197fff","h3_11":"8b1e2e6b6191fff"},"geometry":{"type":"Polygon","coordinates":[[[19.873901,50.062379],[19.874029,50.062354],[19.874065,50.062438],[19.874025,50.062447],[19.874029,50.062454],[19.873976,50.062464],[19.873967,50.062444],[19.873934,50.06245],[19.873901,50.062379]]]}},{"type":"Feature","id":"w231921471","properties":{"type":"yes","levels":3.0,"address":"Podłącze 12","residential":true,"residents_est":3,"h3_10":"8a1e2e6b6177fff","h3_11":"8b1e2e6b6170fff"},"geometry":{"type":"Polygon","coordinates":[[[19.880503,50.066133],[19.880553,50.0661],[19.880567,50.06611],[19.88064,50.066063],[19.880738,50.066125],[19.880618,50.066203],[19.880503,50.066133]]]}},{"type":"Feature","id":"w231921476","properties":{"type":"yes","levels":1.0,"address":"Ludmiły Korbutowej 30b","residential":true,"residents_est":1,"h3_10":"8a1e2e6b616ffff","h3_11":"8b1e2e6b616cfff"},"geometry":{"type":"Polygon","coordinates":[[[19.88293,50.066915],[19.883077,50.066817],[19.883153,50.066864],[19.883076,50.066916],[19.883121,50.066944],[19.883094,50.066962],[19.883029,50.066975],[19.88293,50.066915]]]}},{"type":"Feature","id":"w231921477","properties":{"type":"yes","levels":1.0,"address":"Tadeusza Wyrwy-Furgalskiego 8a","residential":true,"residents_est":1,"h3_10":"8a1e2e6b6067fff","h3_11":"8b1e2e6b6063fff"},"geometry":{"type":"Polygon","coordinates":[[[19.884647,50.064054],[19.884769,50.064001],[19.884826,50.064054],[19.884687,50.064115],[19.884668,50.064098],[19.884684,50.06409],[19.884647,50.064054]]]}},{"type":"Feature","id":"w231921478","properties":{"type":"yes","levels":2.0,"address":"Klemensa Bąkowskiego 8","residential":true,"residents_est":2,"h3_10":"8a1e2e6b606ffff","h3_11":"8b1e2e6b606dfff"},"geometry":{"type":"Polygon","coordinates":[[[19.886065,50.064164],[19.886179,50.064131],[19.886188,50.064144],[19.88622,50.064134],[19.886239,50.064161],[19.886222,50.064166],[19.886259,50.064217],[19.886131,50.064255],[19.886065,50.064164]]]}},{"type":"Feature","id":"w231921479","properties":{"type":"yes","levels":2.0,"address":"Ludmiły Korbutowej 34","residential":true,"residents_est":2,"h3_10":"8a1e2e6b616ffff","h3_11":"8b1e2e6b616dfff"},"geometry":{"type":"Polygon","coordinates":[[[19.883733,50.066736],[19.883873,50.06664],[19.883912,50.066665],[19.883874,50.066691],[19.883926,50.066724],[19.883824,50.066792],[19.883733,50.066736]]]}},{"type":"Feature","id":"w231921486","properties":{"type":"yes","levels":3.0,"address":"Królowej Jadwigi 165","residential":true,"residents_est":2,"h3_10":"8a1e2e6b604ffff","h3_11":"8b1e2e6b604cfff"},"geometry":{"type":"Polygon","coordinates":[[[19.886204,50.063232],[19.886294,50.0632],[19.886369,50.063289],[19.886278,50.063321],[19.886204,50.063232]]]}},{"type":"Feature","id":"w231921491","properties":{"type":"yes","residential":false,"residents_est":0,"h3_10":"8a1e2e6b612ffff","h3_11":"8b1e2e6b612efff"},"geometry":{"type":"Polygon","coordinates":[[[19.878324,50.06643],[19.878381,50.066399],[19.878411,50.066425],[19.878354,50.066455],[19.878324,50.06643]]]}},{"type":"Feature","id":"w231921492","properties":{"type":"yes","address":"Stanisława Ciechanowskiego 4","residential":true,"residents_est":3,"h3_10":"8a1e2e6b610ffff","h3_11":"8b1e2e6b610cfff"},"geometry":{"type":"Polygon","coordinates":[[[19.878636,50.065508],[19.878673,50.065489],[19.878646,50.065466],[19.878747,50.065416],[19.878835,50.06549],[19.87882,50.065497],[19.878863,50.065534],[19.87874,50.065595],[19.878636,50.065508]]]}},{"type":"Feature","id":"w231921590","properties":{"type":"yes","levels":3.0,"address":"Złota 21","residential":true,"residents_est":5,"h3_10":"8a1e2e6b614ffff","h3_11":"8b1e2e6b614afff"},"geometry":{"type":"Polygon","coordinates":[[[19.883348,50.065027],[19.883472,50.064953],[19.883621,50.065056],[19.883497,50.06513],[19.883348,50.065027]]]}},{"type":"Feature","id":"w231921613","properties":{"type":"yes","levels":1.0,"address":"Feliksa Kopery 3","residential":true,"residents_est":1,"h3_10":"8a1e2e6b6177fff","h3_11":"8b1e2e6b6175fff"},"geometry":{"type":"Polygon","coordinates":[[[19.880897,50.066497],[19.881039,50.066406],[19.881092,50.066359],[19.881161,50.066394],[19.881105,50.066438],[19.881093,50.066432],[19.881087,50.066436],[19.881135,50.066466],[19.881007,50.066551],[19.880961,50.066522],[19.88095,50.06653],[19.880897,50.066497]]]}},{"type":"Feature","id":"w231921629","properties":{"type":"yes","levels":1.0,"residential":true,"residents_est":1,"h3_10":"8a1e2e6b6067fff","h3_11":"8b1e2e6b6066fff"},"geometry":{"type":"Polygon","coordinates":[[[19.88344,50.064257],[19.883574,50.064205],[19.883647,50.064287],[19.883508,50.064337],[19.88344,50.064257]]]}},{"type":"Feature","id":"w231921638","properties":{"type":"yes","levels":1.0,"residential":true,"residents_est":1,"h3_10":"8a1e2e6b6157fff","h3_11":"8b1e2e6b6154fff"},"geometry":{"type":"Polygon","coordinates":[[[19.880301,50.065342],[19.880338,50.065316],[19.880309,50.065294],[19.880381,50.065248],[19.880462,50.065302],[19.880343,50.065378],[19.880301,50.065342]]]}},{"type":"Feature","id":"w231921658","properties":{"type":"terrace","address":"Królowej Jadwigi 209","residential":true,"residents_est":4,"h3_10":"8a1e2e6b6107fff","h3_11":"8b1e2e6b6100fff"},"geometry":{"type":"Polygon","coordinates":[[[19.877353,50.065497],[19.877465,50.065454],[19.877565,50.065571],[19.877482,50.0656],[19.877445,50.065556],[19.877413,50.065567],[19.877353,50.065497]]]}},{"type":"Feature","id":"w231921667","properties":{"type":"yes","levels":1.0,"address":"Stanisława Ciechanowskiego 10","residential":true,"residents_est":1,"h3_10":"8a1e2e6b612ffff","h3_11":"8b1e2e6b612bfff"},"geometry":{"type":"Polygon","coordinates":[[[19.87907,50.065954],[19.879215,50.065876],[19.879238,50.065894],[19.87926,50.065883],[19.879328,50.065937],[19.879189,50.06601],[19.879133,50.065967],[19.879105,50.065981],[19.87907,50.065954]]]}},{"type":"Feature","id":"w231921670","properties":{"type":"yes","levels":1.0,"address":"Tadeusza Wyrwy-Furgalskiego 12","residential":true,"residents_est":1,"h3_10":"8a1e2e6b6067fff","h3_11":"8b1e2e6b6061fff"},"geometry":{"type":"Polygon","coordinates":[[[19.884917,50.064412],[19.885086,50.064338],[19.885145,50.064396],[19.884977,50.06447],[19.884917,50.064412]]]}},{"type":"Feature","id":"w231921674","properties":{"type":"yes","address":"28 Lipca 1943 11b","residential":true,"residents_est":1,"h3_10":"8a1e2e6b61b7fff","h3_11":"8b1e2e6b61b5fff"},"geometry":{"type":"Polygon","coordinates":[[[19.873653,50.06393],[19.873754,50.0639],[19.873797,50.063958],[19.873697,50.063983],[19.873653,50.06393]]]}},{"type":"Feature","id":"w231921686","properties":{"type":"yes","levels":3.0,"address":"Złota 23","residential":true,"residents_est":7,"h3_10":"8a1e2e6b615ffff","h3_11":"8b1e2e6b615dfff"},"geometry":{"type":"Polygon","coordinates":[[[19.883053,50.064999],[19.883302,50.064849],[19.883415,50.064926],[19.883165,50.065076],[19.883053,50.064999]]]}},{"type":"Feature","id":"w231921692","properties":{"type":"yes","address":"Berberysowa 10","residential":true,"residents_est":1,"h3_10":"8a1e2e6b61affff","h3_11":"8b1e2e6b61abfff"},"geometry":{"type":"Polygon","coordinates":[[[19.876384,50.063584],[19.876517,50.06354],[19.876563,50.063597],[19.876502,50.063617],[19.876513,50.063631],[19.876478,50.063643],[19.876466,50.063629],[19.876431,50.063641],[19.876384,50.063584]]]}},{"type":"Feature","id":"w231921715","properties":{"type":"yes","levels":1.0,"residential":false,"residents_est":0,"h3_10":"8a1e2e6b605ffff","h3_11":"8b1e2e6b605bfff"},"geometry":{"type":"Polygon","coordinates":[[[19.885434,50.061566],[19.885495,50.061558],[19.885518,50.061622],[19.885458,50.061631],[19.885434,50.061566]]]}},{"type":"Feature","id":"w231921721","properties":{"type":"yes","levels":1.0,"address":"Feliksa Kopery 8","residential":true,"residents_est":1,"h3_10":"8a1e2e6b6167fff","h3_11":"8b1e2e6b6162fff"},"geometry":{"type":"Polygon","coordinates":[[[19.88165,50.066449],[19.88177,50.066373],[19.881815,50.066403],[19.881826,50.066397],[19.881879,50.066433],[19.88177,50.066502],[19.881736,50.066479],[19.881719,50.066491],[19.88165,50.066449]]]}},{"type":"Feature","id":"w231921722","properties":{"type":"yes","address":"Poręba 28","residential":true,"residents_est":2,"h3_10":"8a1e2e6b618ffff","h3_11":"8b1e2e6b618efff"},"geometry":{"type":"Polygon","coordinates":[[[19.875792,50.062633],[19.875854,50.062619],[19.87585,50.062609],[19.875899,50.062599],[19.875966,50.062728],[19.875921,50.062737],[19.875915,50.062726],[19.87585,50.062741],[19.875792,50.062633]]]}},{"type":"Feature","id":"w231921725","properties":{"type":"yes","levels":2.0,"address":"Ludmiły Korbutowej 6a","residential":true,"residents_est":1,"h3_10":"8a1e2e6b6157fff","h3_11":"8b1e2e6b6155fff"},"geometry":{"type":"Polygon","coordinates":[[[19.881137,50.065233],[19.881243,50.065174],[19.881274,50.065196],[19.881285,50.06519],[19.881331,50.065221],[19.881203,50.0653],[19.881154,50.065265],[19.881169,50.065256],[19.881137,50.065233]]]}},{"type":"Feature","id":"w231921726","properties":{"type":"yes","address":"Franciszka Bielaka 3","residential":true,"residents_est":3,"h3_10":"8a1e2e6b6107fff","h3_11":"8b1e2e6b6101fff"},"geometry":{"type":"Polygon","coordinates":[[[19.877939,50.065809],[19.878076,50.065756],[19.878096,50.065777],[19.878117,50.065769],[19.8782,50.065858],[19.878122,50.065889],[19.87811,50.065877],[19.878031,50.065907],[19.877939,50.065809]]]}},{"type":"Feature","id":"w231921745","properties":{"type":"yes","levels":1.0,"address":"Feliksa Kopery 7","residential":true,"residents_est":1,"h3_10":"8a1e2e6b6167fff","h3_11":"8b1e2e6b6166fff"},"geometry":{"type":"Polygon","coordinates":[[[19.881323,50.066654],[19.881446,50.066574],[19.881512,50.066617],[19.88156,50.066586],[19.881598,50.06661],[19.881415,50.066729],[19.881365,50.066697],[19.881377,50.066688],[19.881323,50.066654]]]}},{"type":"Feature","id":"w231921746","properties":{"type":"yes","address":"Tadeusza Rogalskiego 10","residential":true,"residents_est":3,"h3_10":"8a1e2e6b612ffff","h3_11":"8b1e2e6b612dfff"},"geometry":{"type":"Polygon","coordinates":[[[19.87875,50.066955],[19.878836,50.066907],[19.878776,50.066864],[19.878826,50.066835],[19.878991,50.066954],[19.878855,50.067032],[19.87875,50.066955]]]}},{"type":"Feature","id":"w231921748","properties":{"type":"yes","levels":1.0,"address":"Królowej Jadwigi 188","residential":true,"residents_est":2,"h3_10":"8a1e2e6b604ffff","h3_11":"8b1e2e6b604afff"},"geometry":{"type":"Polygon","coordinates":[[[19.886205,50.062363],[19.886263,50.062344],[19.886243,50.06232],[19.886301,50.0623],[19.886338,50.0623],[19.886352,50.062313],[19.886436,50.062285],[19.886518,50.062387],[19.886444,50.062411],[19.886469,50.062447],[19.886456,50.062462],[19.886396,50.062475],[19.88636,50.062439],[19.886287,50.062464],[19.886205,50.062363]]]}},{"type":"Feature","id":"w231921753","properties":{"type":"yes","levels":1.0,"address":"Czeremchowa 6","residential":true,"residents_est":1,"h3_10":"8a1e2e6b610ffff","h3_11":"8b1e2e6b6109fff"},"geometry":{"type":"Polygon","coordinates":[[[19.87999,50.06543],[19.880086,50.065384],[19.880164,50.065449],[19.880127,50.065467],[19.880163,50.065496],[19.880097,50.06553],[19.880063,50.065499],[19.880055,50.065504],[19.880031,50.065484],[19.880046,50.065476],[19.87999,50.06543]]]}},{"type":"Feature","id":"w231921755","properties":{"type":"yes","address":"Królowej Jadwigi 244","residential":true,"residents_est":2,"h3_10":"8a1e2e6b6117fff","h3_11":"8b1e2e6b6111fff"},"geometry":{"type":"Polygon","coordinates":[[[19.876562,50.064983],[19.876709,50.064928],[19.876799,50.065035],[19.876733,50.065059],[19.876717,50.06504],[19.876637,50.065069],[19.876562,50.064983]]]}},{"type":"Feature","id":"w231921756","properties":{"type":"yes","levels":2.0,"address":"Klemensa Bąkowskiego 3","residential":true,"residents_est":3,"h3_10":"8a1e2e6b606ffff","h3_11":"8b1e2e6b6069fff"},"geometry":{"type":"Polygon","coordinates":[[[19.886502,50.063818],[19.886544,50.063808],[19.88652,50.063765],[19.886688,50.063724],[19.886737,50.063807],[19.886574,50.063847],[19.886581,50.06386],[19.886533,50.063871],[19.886502,50.063818]]]}},{"type":"Feature","id":"w231921757","properties":{"type":"yes","levels":2.0,"address":"Pod Sikornikiem 52","residential":true,"residents_est":2,"h3_10":"8a1e2e6b60effff","h3_11":"8b1e2e6b60e9fff"},"geometry":{"type":"Polygon","coordinates":[[[19.883895,50.061206],[19.884084,50.061197],[19.884099,50.061298],[19.884036,50.061301],[19.884037,50.061306],[19.884014,50.061307],[19.884013,50.061302],[19.883912,50.061308],[19.883895,50.061206]]]}},{"type":"Feature","id":"w231921763","properties":{"type":"yes","levels":3.0,"address":"Jana Zygmunta Robla 18","residential":true,"residents_est":3,"h3_10":"8a1e2e6b615ffff","h3_11":"8b1e2e6b615cfff"},"geometry":{"type":"Polygon","coordinates":[[[19.882319,50.065156],[19.882361,50.06513],[19.882345,50.065118],[19.88241,50.065079],[19.882509,50.065149],[19.882469,50.065173],[19.882477,50.065179],[19.882411,50.065219],[19.882319,50.065156]]]}},{"type":"Feature","id":"w231921764","properties":{"type":"yes","levels":1.0,"address":"Tadeusza Wyrwy-Furgalskiego 4","residential":true,"residents_est":1,"h3_10":"8a1e2e6b6067fff","h3_11":"8b1e2e6b6063fff"},"geometry":{"type":"Polygon","coordinates":[[[19.884323,50.063845],[19.884372,50.063825],[19.884325,50.063775],[19.884438,50.063732],[19.884497,50.063797],[19.884415,50.063828],[19.884446,50.063862],[19.884363,50.063891],[19.884323,50.063845]]]}},{"type":"Feature","id":"w231921774","properties":{"type":"yes","residential":true,"residents_est":1,"h3_10":"8a1e2e6b6027fff","h3_11":"8b1e2e6b6026fff"},"geometry":{"type":"Polygon","coordinates":[[[19.878781,50.064326],[19.878852,50.064302],[19.878958,50.064438],[19.878888,50.064461],[19.878781,50.064326]]]}},{"type":"Feature","id":"w231921778","properties":{"type":"yes","levels":1.0,"address":"Czeremchowa 5","residential":true,"residents_est":1,"h3_10":"8a1e2e6b6177fff","h3_11":"8b1e2e6b6173fff"},"geometry":{"type":"Polygon","coordinates":[[[19.880598,50.065542],[19.88075,50.065448],[19.880795,50.065479],[19.88077,50.065494],[19.880833,50.065537],[19.88071,50.065612],[19.880598,50.065542]]]}},{"type":"Feature","id":"w231921786","properties":{"type":"yes","levels":1.0,"address":"Ludmiły Korbutowej 32b","residential":true,"residents_est":1,"h3_10":"8a1e2e6b616ffff","h3_11":"8b1e2e6b616cfff"},"geometry":{"type":"Polygon","coordinates":[[[19.883296,50.066846],[19.883298,50.066836],[19.88335,50.066818],[19.883373,50.066799],[19.883461,50.066853],[19.883389,50.066902],[19.883296,50.066846]]]}},{"type":"Feature","id":"w231921787","properties":{"type":"yes","address":"Poręba 34","residential":true,"residents_est":2,"h3_10":"8a1e2e6b6187fff","h3_11":"8b1e2e6b6183fff"},"geometry":{"type":"Polygon","coordinates":[[[19.874899,50.062752],[19.874975,50.06274],[19.874944,50.062665],[19.875029,50.06265],[19.875088,50.062794],[19.874926,50.062821],[19.874899,50.062752]]]}},{"type":"Feature","id":"w231921790","properties":{"type":"yes","address":"Królowej Jadwigi 230","residential":true,"residents_est":2,"h3_10":"8a1e2e6b6027fff","h3_11":"8b1e2e6b6024fff"},"geometry":{"type":"Polygon","coordinates":[[[19.87873,50.064544],[19.878905,50.064487],[19.878971,50.064571],[19.878909,50.064591],[19.878922,50.064608],[19.87887,50.064624],[19.878857,50.064608],[19.878796,50.064628],[19.87873,50.064544]]]}},{"type":"Feature","id":"w231921791","properties":{"type":"yes","address":"Stanisława Ciechanowskiego 3","residential":true,"residents_est":3,"h3_10":"8a1e2e6b612ffff","h3_11":"8b1e2e6b612bfff"},"geometry":{"type":"Polygon","coordinates":[[[19.878667,50.066062],[19.878776,50.066007],[19.878811,50.066037],[19.878828,50.066029],[19.87893,50.066114],[19.878806,50.066177],[19.878667,50.066062]]]}},{"type":"Feature","id":"w231921798","properties":{"type":"detached","levels":1.0,"residential":true,"residents_est":3,"h3_10":"8a1e2e6b6057fff","h3_11":"8b1e2e6b6054fff"},"geometry":{"type":"Polygon","coordinates":[[[19.882536,50.062786],[19.882707,50.062723],[19.882764,50.062785],[19.882756,50.062788],[19.882775,50.062809],[19.882602,50.062876],[19.882575,50.062846],[19.882585,50.062842],[19.882536,50.062786]]]}},{"type":"Feature","id":"w231921799","properties":{"type":"yes","levels":2.0,"address":"Królowej Jadwigi 194","residential":true,"residents_est":2,"h3_10":"8a1e2e6b6047fff","h3_11":"8b1e2e6b6040fff"},"geometry":{"type":"Polygon","coordinates":[[[19.884424,50.063122],[19.884595,50.063058],[19.884666,50.063137],[19.884495,50.063201],[19.884424,50.063122]]]}},{"type":"Feature","id":"w231921800","properties":{"type":"yes","levels":3.0,"address":"Feliksa Kopery 5","residential":true,"residents_est":3,"h3_10":"8a1e2e6b6167fff","h3_11":"8b1e2e6b6162fff"},"geometry":{"type":"Polygon","coordinates":[[[19.881155,50.066554],[19.881205,50.066519],[19.881218,50.066527],[19.881282,50.066482],[19.881367,50.06654],[19.881258,50.066615],[19.881155,50.066554]]]}},{"type":"Feature","id":"w231921804","properties":{"type":"yes","address":"28 Lipca 1943 9","residential":true,"residents_est":3,"h3_10":"8a1e2e6b61a7fff","h3_11":"8b1e2e6b61a4fff"},"geometry":{"type":"Polygon","coordinates":[[[19.874286,50.06455],[19.874375,50.06452],[19.874497,50.06467],[19.874382,50.06471],[19.874354,50.064674],[19.874336,50.06468],[19.874306,50.064644],[19.874351,50.064629],[19.874286,50.06455]]]}},{"type":"Feature","id":"w231921815","properties":{"type":"yes","levels":1.0,"address":"Podłącze 8","residential":true,"residents_est":1,"h3_10":"8a1e2e6b6177fff","h3_11":"8b1e2e6b6173fff"},"geometry":{"type":"Polygon","coordinates":[[[19.880954,50.065854],[19.881033,50.065803],[19.881026,50.065798],[19.881063,50.065776],[19.881116,50.065812],[19.881087,50.065831],[19.881139,50.065865],[19.881055,50.065919],[19.880954,50.065854]]]}},{"type":"Feature","id":"w231921816","properties":{"type":"detached","levels":1.0,"residential":true,"residents_est":5,"h3_10":"8a1e2e6b6077fff","h3_11":"8b1e2e6b6076fff"},"geometry":{"type":"Polygon","coordinates":[[[19.882344,50.063382],[19.882585,50.063297],[19.882635,50.063355],[19.882665,50.063345],[19.882707,50.063396],[19.882411,50.063499],[19.882368,50.063448],[19.882393,50.06344],[19.882344,50.063382]]]}},{"type":"Feature","id":"w231921826","properties":{"type":"yes","address":"Berberysowa 8","residential":true,"residents_est":1,"h3_10":"8a1e2e6b61affff","h3_11":"8b1e2e6b61abfff"},"geometry":{"type":"Polygon","coordinates":[[[19.876338,50.063528],[19.876371,50.063517],[19.876361,50.063504],[19.876395,50.063493],[19.876405,50.063506],[19.87647,50.063484],[19.876517,50.06354],[19.876384,50.063584],[19.876338,50.063528]]]}},{"type":"Feature","id":"w231921841","properties":{"type":"yes","levels":1.0,"address":"Ludmiły Korbutowej 28","residential":true,"residents_est":1,"h3_10":"8a1e2e6b616ffff","h3_11":"8b1e2e6b616efff"},"geometry":{"type":"Polygon","coordinates":[[[19.883091,50.06654],[19.883168,50.066489],[19.883257,50.066545],[19.883313,50.06651],[19.88337,50.066546],[19.883183,50.066666],[19.883127,50.066632],[19.883181,50.066597],[19.883091,50.06654]]]}},{"type":"Feature","id":"w231921843","properties":{"type":"yes","levels":1.0,"address":"Poręba 4","residential":true,"residents_est":1,"h3_10":"8a1e2e6b601ffff","h3_11":"8b1e2e6b601efff"},"geometry":{"type":"Polygon","coordinates":[[[19.87935,50.061839],[19.879399,50.061804],[19.879429,50.061821],[19.879461,50.061819],[19.879515,50.061779],[19.879569,50.06181],[19.879584,50.061809],[19.879613,50.061825],[19.879614,50.061836],[19.879651,50.061857],[19.879599,50.061895],[19.879569,50.061878],[19.87955,50.061892],[19.879542,50.061888],[19.879496,50.061922],[19.87935,50.061839]]]}},{"type":"Feature","id":"w231921848","properties":{"type":"yes","address":"Berberysowa 14","residential":true,"residents_est":4,"h3_10":"8a1e2e6b61affff","h3_11":"8b1e2e6b61a9fff"},"geometry":{"type":"Polygon","coordinates":[[[19.87674,50.063995],[19.876852,50.063952],[19.87683,50.063928],[19.876909,50.063895],[19.877031,50.064028],[19.876951,50.064059],[19.876941,50.064047],[19.876825,50.064091],[19.87674,50.063995]]]}},{"type":"Feature","id":"w231921857","properties":{"type":"yes","levels":2.0,"address":"Ludmiły Korbutowej 24","residential":true,"residents_est":3,"h3_10":"8a1e2e6b6147fff","h3_11":"8b1e2e6b6145fff"},"geometry":{"type":"Polygon","coordinates":[[[19.882854,50.066121],[19.882955,50.066054],[19.883004,50.066084],[19.883025,50.06607],[19.883065,50.066094],[19.883043,50.066108],[19.883097,50.066141],[19.882996,50.06621],[19.882854,50.066121]]]}},{"type":"Feature","id":"w231921860","properties":{"type":"yes","levels":2.0,"address":"Koło Strzelnicy 22a","residential":true,"residents_est":2,"h3_10":"8a1e2e6b6007fff","h3_11":"8b1e2e6b6000fff"},"geometry":{"type":"Polygon","coordinates":[[[19.87944,50.062976],[19.879555,50.06294],[19.879564,50.062951],[19.8796,50.06294],[19.87962,50.062948],[19.879628,50.062959],[19.879622,50.06297],[19.879643,50.062999],[19.879494,50.063047],[19.87944,50.062976]]]}},{"type":"Feature","id":"w231921866","properties":{"type":"yes","address":"Stanisława Ciechanowskiego 8","residential":true,"residents_est":2,"h3_10":"8a1e2e6b610ffff","h3_11":"8b1e2e6b610dfff"},"geometry":{"type":"Polygon","coordinates":[[[19.879016,50.065742],[19.879126,50.065685],[19.879238,50.065774],[19.87913,50.06583],[19.879087,50.065795],[19.879061,50.065808],[19.879035,50.06579],[19.879059,50.065776],[19.879016,50.065742]]]}},{"type":"Feature","id":"w231921868","properties":{"type":"yes","levels":2.0,"address":"Klemensa Bąkowskiego 9","residential":true,"residents_est":2,"h3_10":"8a1e2e6b606ffff","h3_11":"8b1e2e6b606efff"},"geometry":{"type":"Polygon","coordinates":[[[19.885439,50.063822],[19.885588,50.063773],[19.88567,50.063871],[19.885518,50.063918],[19.885439,50.063822]]]}},{"type":"Feature","id":"w231921872","properties":{"type":"yes","address":"Poręba 24a","residential":true,"residents_est":2,"h3_10":"8a1e2e6b618ffff","h3_11":"8b1e2e6b6188fff"},"geometry":{"type":"Polygon","coordinates":[[[19.876461,50.062535],[19.87662,50.062499],[19.876663,50.062577],[19.876503,50.062613],[19.876461,50.062535]]]}},{"type":"Feature","id":"w231921877","properties":{"type":"yes","levels":1.0,"address":"Jana Zygmunta Robla 4","residential":true,"residents_est":2,"h3_10":"8a1e2e6b615ffff","h3_11":"8b1e2e6b6159fff"},"geometry":{"type":"Polygon","coordinates":[[[19.883129,50.064471],[19.883266,50.064422],[19.883307,50.064469],[19.883327,50.064462],[19.883397,50.06454],[19.883223,50.064607],[19.883134,50.064509],[19.883156,50.0645],[19.883129,50.064471]]]}},{"type":"Feature","id":"w231921888","properties":{"type":"yes","levels":3.0,"residential":true,"residents_est":4,"h3_10":"8a1e2e6b606ffff","h3_11":"8b1e2e6b606afff"},"geometry":{"type":"Polygon","coordinates":[[[19.885691,50.063615],[19.885761,50.063594],[19.885743,50.06357],[19.885875,50.063529],[19.885907,50.063572],[19.885923,50.063572],[19.885951,50.063611],[19.885737,50.063676],[19.885691,50.063615]]]}},{"type":"Feature","id":"w231921890","properties":{"type":"yes","levels":1.0,"address":"Zygmunta Wyrobka 5","residential":true,"residents_est":1,"h3_10":"8a1e2e6b6067fff","h3_11":"8b1e2e6b6064fff"},"geometry":{"type":"Polygon","coordinates":[[[19.883743,50.064713],[19.883852,50.06467],[19.883874,50.064693],[19.883883,50.064689],[19.883911,50.064718],[19.883902,50.064722],[19.883941,50.064763],[19.883869,50.064791],[19.883862,50.064784],[19.883825,50.064799],[19.883743,50.064713]]]}},{"type":"Feature","id":"w231921895","properties":{"type":"yes","levels":1.0,"address":"Podłącze 10","residential":true,"residents_est":1,"h3_10":"8a1e2e6b6177fff","h3_11":"8b1e2e6b6173fff"},"geometry":{"type":"Polygon","coordinates":[[[19.880836,50.065922],[19.880868,50.065902],[19.880875,50.065906],[19.880954,50.065854],[19.881055,50.065919],[19.880971,50.065974],[19.880918,50.06594],[19.880889,50.065958],[19.880836,50.065922]]]}},{"type":"Feature","id":"w231921897","properties":{"type":"retail","address":"Królowej Jadwigi 221","residential":false,"residents_est":0,"h3_10":"8a1e2e6b6137fff","h3_11":"8b1e2e6b6130fff"},"geometry":{"type":"Polygon","coordinates":[[[19.875323,50.066103],[19.875409,50.06607],[19.875416,50.066077],[19.875475,50.066054],[19.875469,50.066046],[19.875555,50.066013],[19.875618,50.066084],[19.875591,50.066094],[19.87561,50.066114],[19.875556,50.066134],[19.875537,50.066115],[19.875387,50.066173],[19.875323,50.066103]]]}},{"type":"Feature","id":"w231921900","properties":{"type":"yes","address":"Królowej Jadwigi 236a","residential":true,"residents_est":2,"h3_10":"8a1e2e6b611ffff","h3_11":"8b1e2e6b6118fff"},"geometry":{"type":"Polygon","coordinates":[[[19.877848,50.064642],[19.877919,50.064618],[19.877913,50.064611],[19.877976,50.06459],[19.878065,50.064701],[19.877928,50.064742],[19.877848,50.064642]]]}},{"type":"Feature","id":"w231921901","properties":{"type":"yes","address":"Poręba 17","residential":true,"residents_est":4,"h3_10":"8a1e2e6b618ffff","h3_11":"8b1e2e6b618dfff"},"geometry":{"type":"Polygon","coordinates":[[[19.87654,50.06307],[19.8767,50.063008],[19.876692,50.062999],[19.87676,50.062973],[19.87686,50.063083],[19.876792,50.063109],[19.876782,50.063098],[19.876621,50.063159],[19.87654,50.06307]]]}},{"type":"Feature","id":"w231921904","properties":{"type":"yes","levels":1.0,"address":"Koło Strzelnicy 20","residential":true,"residents_est":1,"h3_10":"8a1e2e6b6007fff","h3_11":"8b1e2e6b6004fff"},"geometry":{"type":"Polygon","coordinates":[[[19.879449,50.063365],[19.879507,50.063346],[19.879492,50.063328],[19.879574,50.0633],[19.879604,50.063338],[19.879628,50.06333],[19.87965,50.063357],[19.879627,50.063365],[19.879649,50.063392],[19.879531,50.063432],[19.879524,50.063425],[19.879504,50.063432],[19.879449,50.063365]]]}},{"type":"Feature","id":"w231921912","properties":{"type":"yes","address":"Franciszka Bielaka 9","residential":true,"residents_est":2,"h3_10":"8a1e2e6b6107fff","h3_11":"8b1e2e6b6105fff"},"geometry":{"type":"Polygon","coordinates":[[[19.877305,50.066121],[19.877355,50.066107],[19.877363,50.066119],[19.877479,50.066087],[19.877521,50.066152],[19.877405,50.066184],[19.877411,50.066195],[19.877363,50.066208],[19.877305,50.066121]]]}},{"type":"Feature","id":"w231921913","properties":{"type":"yes","levels":2.0,"address":"Feliksa Kopery 12","residential":true,"residents_est":2,"h3_10":"8a1e2e6b6167fff","h3_11":"8b1e2e6b6163fff"},"geometry":{"type":"Polygon","coordinates":[[[19.882238,50.066511],[19.882297,50.066472],[19.882329,50.066492],[19.882397,50.066448],[19.882414,50.066448],[19.882495,50.0665],[19.882368,50.066581],[19.882281,50.066526],[19.882273,50.066532],[19.882238,50.066511]]]}},{"type":"Feature","id":"w231921934","properties":{"type":"yes","levels":1.0,"address":"Koło Strzelnicy 28","residential":true,"residents_est":1,"h3_10":"8a1e2e6b601ffff","h3_11":"8b1e2e6b601dfff"},"geometry":{"type":"Polygon","coordinates":[[[19.880018,50.062396],[19.880163,50.062346],[19.880197,50.062386],[19.880216,50.06238],[19.880248,50.062419],[19.880168,50.062446],[19.880217,50.062505],[19.880133,50.062535],[19.880018,50.062396]]]}},{"type":"Feature","id":"w231921939","properties":{"type":"yes","address":"Poręba 28a","residential":true,"residents_est":2,"h3_10":"8a1e2e6b618ffff","h3_11":"8b1e2e6b618efff"},"geometry":{"type":"Polygon","coordinates":[[[19.875899,50.062599],[19.875947,50.062588],[19.875951,50.062597],[19.876014,50.062582],[19.876072,50.062693],[19.876006,50.062707],[19.876013,50.062718],[19.875967,50.062728],[19.875899,50.062599]]]}},{"type":"Feature","id":"w231921953","properties":{"type":"yes","address":"Berberysowa 4","residential":true,"residents_est":2,"h3_10":"8a1e2e6b618ffff","h3_11":"8b1e2e6b618cfff"},"geometry":{"type":"Polygon","coordinates":[[[19.875998,50.063112],[19.876115,50.063077],[19.876151,50.063119],[19.87617,50.063112],[19.876219,50.063171],[19.876192,50.06318],[19.876197,50.063187],[19.876188,50.06319],[19.876182,50.063184],[19.876068,50.063223],[19.876049,50.063201],[19.876067,50.063193],[19.875998,50.063112]]]}},{"type":"Feature","id":"w231921962","properties":{"type":"yes","levels":1.0,"residential":true,"residents_est":1,"h3_10":"8a1e2e6b6167fff","h3_11":"8b1e2e6b6164fff"},"geometry":{"type":"Polygon","coordinates":[[[19.881307,50.067297],[19.88137,50.067241],[19.88141,50.067259],[19.881398,50.06727],[19.881465,50.067301],[19.881409,50.067349],[19.881307,50.067297]]]}},{"type":"Feature","id":"w231921968","properties":{"type":"yes","levels":1.0,"address":"Zygmunta Wyrobka 7","residential":true,"residents_est":1,"h3_10":"8a1e2e6b6067fff","h3_11":"8b1e2e6b6064fff"},"geometry":{"type":"Polygon","coordinates":[[[19.883965,50.064821],[19.884102,50.064763],[19.884169,50.064826],[19.884136,50.064841],[19.884176,50.064882],[19.884087,50.064918],[19.884005,50.064837],[19.883988,50.064844],[19.883965,50.064821]]]}},{"type":"Feature","id":"w231921974","properties":{"type":"yes","address":"Berberysowa 20","residential":true,"residents_est":2,"h3_10":"8a1e2e6b611ffff","h3_11":"8b1e2e6b611bfff"},"geometry":{"type":"Polygon","coordinates":[[[19.877551,50.064308],[19.877652,50.064274],[19.877665,50.064289],[19.877734,50.064266],[19.877793,50.064343],[19.877692,50.064377],[19.877678,50.064359],[19.877609,50.064382],[19.877551,50.064308]]]}},{"type":"Feature","id":"w231921976","properties":{"type":"yes","address":"Królowej Jadwigi 234","residential":true,"residents_est":3,"h3_10":"8a1e2e6b610ffff","h3_11":"8b1e2e6b610afff"},"geometry":{"type":"Polygon","coordinates":[[[19.878359,50.064871],[19.878414,50.064861],[19.87841,50.064852],[19.878453,50.064845],[19.878457,50.064853],[19.878501,50.064844],[19.878588,50.06495],[19.87841,50.064984],[19.878359,50.064871]]]}},{"type":"Feature","id":"w231921980","properties":{"type":"yes","levels":3.0,"address":"Klemensa Bąkowskiego 1","residential":true,"residents_est":3,"h3_10":"8a1e2e6b606ffff","h3_11":"8b1e2e6b6069fff"},"geometry":{"type":"Polygon","coordinates":[[[19.886821,50.063723],[19.886845,50.063717],[19.886824,50.063681],[19.886863,50.063671],[19.886859,50.063664],[19.886937,50.063644],[19.886997,50.063744],[19.886879,50.063774],[19.886868,50.063756],[19.886843,50.063762],[19.886821,50.063723]]]}},{"type":"Feature","id":"w231921987","properties":{"type":"yes","levels":1.0,"address":"Ludmiły Korbutowej 36c","residential":true,"residents_est":1,"h3_10":"8a1e2e6b6167fff","h3_11":"8b1e2e6b6165fff"},"geometry":{"type":"Polygon","coordinates":[[[19.882105,50.067171],[19.882137,50.06715],[19.882131,50.067146],[19.882227,50.067082],[19.882318,50.067138],[19.882221,50.067202],[19.882215,50.067198],[19.882183,50.06722],[19.882105,50.067171]]]}},{"type":"Feature","id":"w231922004","properties":{"type":"yes","address":"28 Lipca 1943 24","residential":true,"residents_est":2,"h3_10":"8a1e2e6b6187fff","h3_11":"8b1e2e6b6182fff"},"geometry":{"type":"Polygon","coordinates":[[[19.874161,50.062745],[19.874278,50.062717],[19.874341,50.062828],[19.874249,50.062853],[19.874246,50.062847],[19.874229,50.062851],[19.874218,50.062832],[19.874235,50.062828],[19.874211,50.062787],[19.874186,50.062793],[19.874161,50.062745]]]}},{"type":"Feature","id":"w231922007","properties":{"type":"yes","address":"28 Lipca 1943 6a","residential":true,"residents_est":1,"h3_10":"8a1e2e6b61affff","h3_11":"8b1e2e6b61adfff"},"geometry":{"type":"Polygon","coordinates":[[[19.876258,50.064069],[19.87636,50.064034],[19.876415,50.0641],[19.876314,50.064134],[19.876304,50.064122],[19.876285,50.064129],[19.87627,50.064111],[19.876288,50.064105],[19.876258,50.064069]]]}},{"type":"Feature","id":"w231922010","properties":{"type":"yes","levels":2.0,"address":"Zygmunta Wyrobka 11","residential":true,"residents_est":4,"h3_10":"8a1e2e6b614ffff","h3_11":"8b1e2e6b614bfff"},"geometry":{"type":"Polygon","coordinates":[[[19.884217,50.06514],[19.884455,50.065042],[19.884493,50.065082],[19.884485,50.065085],[19.884499,50.0651],[19.884517,50.065092],[19.884547,50.065122],[19.884553,50.065119],[19.884558,50.065125],[19.884306,50.06523],[19.884217,50.06514]]]}},{"type":"Feature","id":"w231922014","properties":{"type":"yes","levels":1.0,"address":"Klemensa Bąkowskiego 4","residential":true,"residents_est":2,"h3_10":"8a1e2e6b606ffff","h3_11":"8b1e2e6b6069fff"},"geometry":{"type":"Polygon","coordinates":[[[19.88672,50.064039],[19.886888,50.063996],[19.886974,50.064137],[19.886804,50.064178],[19.88678,50.064138],[19.886757,50.064143],[19.886727,50.064092],[19.886749,50.064087],[19.88672,50.064039]]]}},{"type":"Feature","id":"w231922020","properties":{"type":"yes","levels":1.0,"address":"Zygmunta Wyrobka 9","residential":true,"residents_est":1,"h3_10":"8a1e2e6b614ffff","h3_11":"8b1e2e6b614bfff"},"geometry":{"type":"Polygon","coordinates":[[[19.88412,50.064968],[19.88415,50.064955],[19.884142,50.064947],[19.884186,50.064929],[19.884216,50.064955],[19.884303,50.064919],[19.88438,50.064997],[19.884287,50.065036],[19.884279,50.065029],[19.884207,50.065058],[19.88412,50.064968]]]}},{"type":"Feature","id":"w231922021","properties":{"type":"house","address":"28 Lipca 1943 26","residential":true,"residents_est":3,"h3_10":"8a1e2e6b6197fff","h3_11":"8b1e2e6b6195fff"},"geometry":{"type":"Polygon","coordinates":[[[19.874008,50.06264],[19.874048,50.062632],[19.874035,50.062603],[19.874128,50.062586],[19.874164,50.062677],[19.874056,50.062696],[19.87404,50.062657],[19.874017,50.062661],[19.874008,50.06264]]]}},{"type":"Feature","id":"w231922024","properties":{"type":"yes","address":"Tadeusza Rogalskiego 11","residential":true,"residents_est":2,"h3_10":"8a1e2e6b612ffff","h3_11":"8b1e2e6b612cfff"},"geometry":{"type":"Polygon","coordinates":[[[19.877976,50.066783],[19.878114,50.066748],[19.87818,50.066857],[19.878139,50.066867],[19.878146,50.066878],[19.878141,50.066896],[19.878115,50.066903],[19.878093,50.066892],[19.878048,50.066904],[19.877976,50.066783]]]}},{"type":"Feature","id":"w231922025","properties":{"type":"yes","address":"Pod Sulnikiem 4","residential":true,"residents_est":2,"h3_10":"8a1e2e6b611ffff","h3_11":"8b1e2e6b6119fff"},"geometry":{"type":"Polygon","coordinates":[[[19.878185,50.064591],[19.878394,50.064517],[19.878435,50.064566],[19.878397,50.064579],[19.878403,50.064587],[19.878352,50.064605],[19.878346,50.064597],[19.878276,50.064621],[19.878269,50.064614],[19.878219,50.064631],[19.878185,50.064591]]]}},{"type":"Feature","id":"w231922032","properties":{"type":"semidetached_house","address":"Królowej Jadwigi 213","residential":true,"residents_est":8,"h3_10":"8a1e2e6b6107fff","h3_11":"8b1e2e6b6106fff"},"geometry":{"type":"Polygon","coordinates":[[[19.876798,50.065559],[19.876976,50.065503],[19.877038,50.065584],[19.876978,50.065603],[19.876993,50.06562],[19.876955,50.065633],[19.877015,50.065704],[19.876929,50.065736],[19.876847,50.065642],[19.876857,50.065639],[19.876798,50.065559]]]}},{"type":"Feature","id":"w231922047","properties":{"type":"yes","address":"Berberysowa 6","residential":true,"residents_est":2,"h3_10":"8a1e2e6b61affff","h3_11":"8b1e2e6b61abfff"},"geometry":{"type":"Polygon","coordinates":[[[19.876134,50.063359],[19.876268,50.063312],[19.876328,50.063385],[19.876356,50.063376],[19.876378,50.063403],[19.876221,50.063457],[19.876134,50.063359]]]}},{"type":"Feature","id":"w231922052","properties":{"type":"yes","levels":2.0,"address":"Królowej Jadwigi 169","residential":true,"residents_est":3,"h3_10":"8a1e2e6b6047fff","h3_11":"8b1e2e6b6045fff"},"geometry":{"type":"Polygon","coordinates":[[[19.885341,50.063573],[19.885367,50.063564],[19.885343,50.063534],[19.885507,50.063479],[19.885581,50.06357],[19.885416,50.063625],[19.885391,50.063596],[19.885369,50.063604],[19.885341,50.063573]]]}},{"type":"Feature","id":"w231922071","properties":{"type":"yes","levels":1.0,"residential":false,"residents_est":0,"h3_10":"8a1e2e6b6147fff","h3_11":"8b1e2e6b6144fff"},"geometry":{"type":"Polygon","coordinates":[[[19.881936,50.066176],[19.881997,50.066136],[19.882028,50.066156],[19.881967,50.066196],[19.881936,50.066176]]]}},{"type":"Feature","id":"w231922076","properties":{"type":"yes","address":"28 Lipca 1943 26a","residential":true,"residents_est":2,"h3_10":"8a1e2e6b619ffff","h3_11":"8b1e2e6b619cfff"},"geometry":{"type":"Polygon","coordinates":[[[19.874431,50.062509],[19.874483,50.062501],[19.874479,50.06249],[19.874518,50.062484],[19.874522,50.062494],[19.874615,50.062479],[19.874648,50.062561],[19.874548,50.062577],[19.874543,50.062564],[19.874459,50.062578],[19.874431,50.062509]]]}},{"type":"Feature","id":"w231922078","properties":{"type":"yes","address":"28 Lipca 1943 30","residential":true,"residents_est":2,"h3_10":"8a1e2e6b6197fff","h3_11":"8b1e2e6b6191fff"},"geometry":{"type":"Polygon","coordinates":[[[19.873833,50.062315],[19.873997,50.062281],[19.874029,50.062354],[19.873901,50.062379],[19.873893,50.062362],[19.873856,50.062368],[19.873833,50.062315]]]}},{"type":"Feature","id":"w231922088","properties":{"type":"yes","levels":1.0,"residential":false,"residents_est":0,"h3_10":"8a1e2e6b6067fff","h3_11":"8b1e2e6b6065fff"},"geometry":{"type":"Polygon","coordinates":[[[19.884867,50.064599],[19.884917,50.064569],[19.884947,50.064591],[19.884897,50.064621],[19.884867,50.064599]]]}},{"type":"Feature","id":"w231922092","properties":{"type":"yes","address":"Pod Sulnikiem 4a","residential":true,"residents_est":1,"h3_10":"8a1e2e6b611ffff","h3_11":"8b1e2e6b6119fff"},"geometry":{"type":"Polygon","coordinates":[[[19.878151,50.064551],[19.878201,50.064533],[19.878195,50.064527],[19.878266,50.064502],[19.878259,50.064494],[19.878309,50.064476],[19.878316,50.064484],[19.878354,50.06447],[19.878394,50.064517],[19.878185,50.064591],[19.878151,50.064551]]]}},{"type":"Feature","id":"w231922093","properties":{"type":"yes","address":"Królowej Jadwigi 219a","residential":true,"residents_est":9,"h3_10":"8a1e2e6b6137fff","h3_11":"8b1e2e6b6131fff"},"geometry":{"type":"Polygon","coordinates":[[[19.875897,50.066136],[19.876178,50.066034],[19.876258,50.066118],[19.876158,50.066158],[19.876169,50.066169],[19.876009,50.066234],[19.875998,50.066222],[19.87598,50.066229],[19.875897,50.066136]]]}},{"type":"Feature","id":"w231922096","properties":{"type":"yes","levels":1.0,"address":"Królowej Jadwigi 189a","residential":true,"residents_est":1,"h3_10":"8a1e2e6b615ffff","h3_11":"8b1e2e6b615efff"},"geometry":{"type":"Polygon","coordinates":[[[19.882146,50.064703],[19.882205,50.064669],[19.88222,50.064692],[19.882266,50.064665],[19.882295,50.064686],[19.882328,50.064668],[19.88236,50.064692],[19.882326,50.06471],[19.882355,50.064731],[19.882323,50.064749],[19.882343,50.064763],[19.882307,50.064784],[19.882265,50.064755],[19.882233,50.064773],[19.882169,50.064727],[19.882169,50.06472],[19.882146,50.064703]]]}},{"type":"Feature","id":"w231922101","properties":{"type":"yes","address":"Tadeusza Rogalskiego 23","residential":true,"residents_est":2,"h3_10":"8a1e2e6b6127fff","h3_11":"8b1e2e6b6124fff"},"geometry":{"type":"Polygon","coordinates":[[[19.876675,50.067031],[19.876783,50.067002],[19.876805,50.067037],[19.876821,50.067033],[19.87684,50.067062],[19.876824,50.067066],[19.876842,50.067093],[19.876734,50.067122],[19.876717,50.067096],[19.876701,50.067099],[19.876682,50.06707],[19.876697,50.067066],[19.876675,50.067031]]]}},{"type":"Feature","id":"w231922103","properties":{"type":"warehouse","residential":false,"residents_est":0,"h3_10":"8a1e2e6b6117fff","h3_11":"8b1e2e6b6111fff"},"geometry":{"type":"Polygon","coordinates":[[[19.876632,50.065071],[19.876717,50.06504],[19.876733,50.065059],[19.876799,50.065035],[19.87685,50.065092],[19.876699,50.065149],[19.876632,50.065071]]]}},{"type":"Feature","id":"w231922137","properties":{"type":"yes","address":"Poręba 24","residential":true,"residents_est":2,"h3_10":"8a1e2e6b618ffff","h3_11":"8b1e2e6b618bfff"},"geometry":{"type":"Polygon","coordinates":[[[19.876696,50.062526],[19.876743,50.062517],[19.876721,50.062472],[19.876872,50.06244],[19.876915,50.062524],[19.876859,50.062537],[19.876866,50.062548],[19.876815,50.06256],[19.876817,50.062564],[19.876727,50.062583],[19.876696,50.062526]]]}},{"type":"Feature","id":"w338832322","properties":{"type":"yes","residential":true,"residents_est":3,"h3_10":"8a1e2e6b61a7fff","h3_11":"8b1e2e6b61a6fff"},"geometry":{"type":"Polygon","coordinates":[[[19.873464,50.064177],[19.873598,50.064135],[19.873585,50.064117],[19.873638,50.0641],[19.873647,50.064112],[19.873698,50.064096],[19.873724,50.064129],[19.873711,50.064133],[19.87375,50.064184],[19.873665,50.064211],[19.873675,50.064224],[19.873564,50.064259],[19.873534,50.06422],[19.873544,50.064218],[19.873539,50.064211],[19.873499,50.064223],[19.873464,50.064177]]]}},{"type":"Feature","id":"w338832325","properties":{"type":"yes","residential":false,"residents_est":0,"h3_10":"8a1e2e6b61b7fff","h3_11":"8b1e2e6b61b5fff"},"geometry":{"type":"Polygon","coordinates":[[[19.873428,50.064044],[19.873539,50.064013],[19.873553,50.064033],[19.87344,50.064063],[19.873428,50.064044]]]}},{"type":"Feature","id":"w338832327","properties":{"type":"kiosk","residential":false,"residents_est":0,"h3_10":"8a1e2e6b6137fff","h3_11":"8b1e2e6b6132fff"},"geometry":{"type":"Polygon","coordinates":[[[19.875297,50.065676],[19.875348,50.065665],[19.875367,50.065702],[19.875315,50.065713],[19.875297,50.065676]]]}},{"type":"Feature","id":"w338832341","properties":{"type":"transformer_tower","residential":false,"residents_est":0,"h3_10":"8a1e2e6b6137fff","h3_11":"8b1e2e6b6132fff"},"geometry":{"type":"Polygon","coordinates":[[[19.875231,50.065862],[19.875288,50.065833],[19.875341,50.065877],[19.87528,50.065908],[19.875231,50.065862]]]}},{"type":"Feature","id":"w338832342","properties":{"type":"yes","address":"Królowej Jadwigi 248","name":"Pożegnanie z Afryką","residential":false,"residents_est":0,"h3_10":"8a1e2e6b6137fff","h3_11":"8b1e2e6b6132fff"},"geometry":{"type":"Polygon","coordinates":[[[19.875361,50.065792],[19.875423,50.06577],[19.875457,50.06581],[19.875396,50.065831],[19.875361,50.065792]]]}},{"type":"Feature","id":"w350680030","properties":{"type":"yes","levels":3.0,"residential":true,"residents_est":13,"h3_10":"8a1e2e6b600ffff","h3_11":"8b1e2e6b600cfff"},"geometry":{"type":"Polygon","coordinates":[[[19.881055,50.063259],[19.881187,50.062898],[19.88136,50.062925],[19.881225,50.063288],[19.881183,50.063282],[19.881186,50.063272],[19.881099,50.063258],[19.881096,50.063265],[19.881055,50.063259]]]}},{"type":"Feature","id":"w350680032","properties":{"type":"kiosk","residential":false,"residents_est":0,"h3_10":"8a1e2e6b6117fff","h3_11":"8b1e2e6b6114fff"},"geometry":{"type":"Polygon","coordinates":[[[19.875679,50.065313],[19.875738,50.065292],[19.875777,50.065338],[19.875718,50.065359],[19.875679,50.065313]]]}},{"type":"Feature","id":"w350680037","properties":{"type":"yes","residential":false,"residents_est":0,"h3_10":"8a1e2e6b611ffff","h3_11":"8b1e2e6b611dfff"},"geometry":{"type":"Polygon","coordinates":[[[19.878013,50.065042],[19.878067,50.065028],[19.878093,50.065069],[19.878039,50.065083],[19.878013,50.065042]]]}},{"type":"Feature","id":"w350680038","properties":{"type":"yes","residential":true,"residents_est":1,"h3_10":"8a1e2e6b6107fff","h3_11":"8b1e2e6b6102fff"},"geometry":{"type":"Polygon","coordinates":[[[19.877102,50.065155],[19.877198,50.06512],[19.87727,50.065199],[19.877161,50.065224],[19.877102,50.065155]]]}},{"type":"Feature","id":"w350680041","properties":{"type":"kiosk","residential":false,"residents_est":0,"h3_10":"8a1e2e6b6117fff","h3_11":"8b1e2e6b6115fff"},"geometry":{"type":"Polygon","coordinates":[[[19.875903,50.065243],[19.875962,50.065223],[19.87599,50.065256],[19.875931,50.065277],[19.875903,50.065243]]]}},{"type":"Feature","id":"w350682941","properties":{"type":"hospital","levels":1.0,"residential":false,"residents_est":0,"h3_10":"8a1e2e6b602ffff","h3_11":"8b1e2e6b602afff"},"geometry":{"type":"Polygon","coordinates":[[[19.880436,50.063484],[19.880461,50.063419],[19.880501,50.063426],[19.880476,50.06349],[19.880436,50.063484]]]}},{"type":"Feature","id":"w350682942","properties":{"type":"hospital","levels":2.0,"address":"Koło Strzelnicy 3","name":"Szpital ortopedyczny \"Ortopedicum\"","residential":false,"residents_est":0,"h3_10":"8a1e2e6b602ffff","h3_11":"8b1e2e6b602efff"},"geometry":{"type":"Polygon","coordinates":[[[19.880042,50.063886],[19.880099,50.063738],[19.880196,50.063754],[19.880195,50.063758],[19.880299,50.06377],[19.880337,50.063673],[19.88042,50.063685],[19.880384,50.063687],[19.880349,50.063782],[19.880612,50.063819],[19.880611,50.063823],[19.880629,50.063826],[19.880615,50.063863],[19.880662,50.06387],[19.880638,50.063935],[19.880591,50.063928],[19.880577,50.063964],[19.880556,50.063966],[19.88049,50.063955],[19.880492,50.063951],[19.880042,50.063886]]]}},{"type":"Feature","id":"w350682943","properties":{"type":"yes","levels":1.0,"residential":true,"residents_est":0,"h3_10":"8a1e2e6b602ffff","h3_11":"8b1e2e6b602afff"},"geometry":{"type":"Polygon","coordinates":[[[19.880546,50.063624],[19.880575,50.063549],[19.880656,50.063562],[19.880628,50.063637],[19.880546,50.063624]]]}},{"type":"Feature","id":"w350682944","properties":{"type":"yes","levels":1.0,"residential":true,"residents_est":1,"h3_10":"8a1e2e6b6007fff","h3_11":"8b1e2e6b6005fff"},"geometry":{"type":"Polygon","coordinates":[[[19.880155,50.063594],[19.880194,50.06349],[19.880276,50.063503],[19.880236,50.063606],[19.880155,50.063594]]]}},{"type":"Feature","id":"w350873936","properties":{"type":"yes","levels":3.0,"address":"Królowej Jadwigi 194b","residential":true,"residents_est":3,"h3_10":"8a1e2e6b6047fff","h3_11":"8b1e2e6b6042fff"},"geometry":{"type":"Polygon","coordinates":[[[19.884177,50.062728],[19.884299,50.062688],[19.884305,50.062695],[19.884332,50.062686],[19.884393,50.062761],[19.884271,50.062802],[19.884228,50.06275],[19.884205,50.062759],[19.884177,50.062728]]]}},{"type":"Feature","id":"w350873937","properties":{"type":"yes","levels":3.0,"address":"Królowej Jadwigi 194c","residential":true,"residents_est":3,"h3_10":"8a1e2e6b6047fff","h3_11":"8b1e2e6b6042fff"},"geometry":{"type":"Polygon","coordinates":[[[19.884095,50.062589],[19.884217,50.062547],[19.884279,50.062621],[19.884252,50.062631],[19.884259,50.062638],[19.884138,50.06268],[19.884114,50.062649],[19.884138,50.062641],[19.884095,50.062589]]]}},{"type":"Feature","id":"w350873938","properties":{"type":"yes","levels":3.0,"address":"Królowej Jadwigi 194d","residential":true,"residents_est":3,"h3_10":"8a1e2e6b6057fff","h3_11":"8b1e2e6b6051fff"},"geometry":{"type":"Polygon","coordinates":[[[19.884002,50.062515],[19.884123,50.062474],[19.88413,50.062482],[19.884156,50.062473],[19.884217,50.062547],[19.884095,50.062589],[19.884053,50.062537],[19.88403,50.062545],[19.884002,50.062515]]]}},{"type":"Feature","id":"w350873939","properties":{"type":"yes","levels":3.0,"address":"Królowej Jadwigi 194e","residential":true,"residents_est":3,"h3_10":"8a1e2e6b6057fff","h3_11":"8b1e2e6b6051fff"},"geometry":{"type":"Polygon","coordinates":[[[19.88392,50.062376],[19.884041,50.062333],[19.884103,50.062408],[19.884076,50.062417],[19.884083,50.062425],[19.883962,50.062467],[19.883938,50.062436],[19.883962,50.062427],[19.88392,50.062376]]]}},{"type":"Feature","id":"w350873940","properties":{"type":"yes","levels":3.0,"address":"Królowej Jadwigi 194f","residential":true,"residents_est":3,"h3_10":"8a1e2e6b6057fff","h3_11":"8b1e2e6b6051fff"},"geometry":{"type":"Polygon","coordinates":[[[19.883826,50.062301],[19.883948,50.062261],[19.883954,50.062268],[19.88398,50.062259],[19.884041,50.062333],[19.88392,50.062376],[19.883877,50.062324],[19.883854,50.062332],[19.883826,50.062301]]]}},{"type":"Feature","id":"w350873941","properties":{"type":"yes","levels":3.0,"address":"Pod Sikornikiem 56","residential":true,"residents_est":3,"h3_10":"8a1e2e6b60effff","h3_11":"8b1e2e6b60e8fff"},"geometry":{"type":"Polygon","coordinates":[[[19.883424,50.061252],[19.883486,50.061249],[19.88348,50.061193],[19.883575,50.061189],[19.883586,50.061305],[19.88343,50.061311],[19.883424,50.061252]]]}},{"type":"Feature","id":"w350873943","properties":{"type":"yes","levels":1.0,"address":"Pod Sikornikiem 58","residential":true,"residents_est":2,"h3_10":"8a1e2e6b60effff","h3_11":"8b1e2e6b60eefff"},"geometry":{"type":"Polygon","coordinates":[[[19.882944,50.061314],[19.882955,50.06118],[19.883203,50.061194],[19.883202,50.061241],[19.883215,50.061244],[19.883186,50.061302],[19.883204,50.061306],[19.883191,50.061332],[19.883051,50.061303],[19.883049,50.06132],[19.882944,50.061314]]]}},{"type":"Feature","id":"w350873944","properties":{"type":"yes","residential":true,"residents_est":9,"h3_10":"8a1e2e6b6037fff","h3_11":"8b1e2e6b6035fff"},"geometry":{"type":"Polygon","coordinates":[[[19.87839,50.063785],[19.878439,50.063768],[19.878419,50.063744],[19.878526,50.063707],[19.878546,50.063731],[19.878645,50.063698],[19.87872,50.063789],[19.878523,50.063858],[19.878538,50.063873],[19.87848,50.063893],[19.87839,50.063785]]]}},{"type":"Feature","id":"w350873945","properties":{"type":"yes","levels":3.0,"residential":true,"residents_est":3,"h3_10":"8a1e2e6b6057fff","h3_11":"8b1e2e6b6053fff"},"geometry":{"type":"Polygon","coordinates":[[[19.883681,50.062197],[19.883875,50.062131],[19.883919,50.062185],[19.883897,50.062192],[19.883909,50.062206],[19.883919,50.062207],[19.883762,50.06226],[19.883764,50.062251],[19.88374,50.062259],[19.883732,50.062248],[19.883725,50.062251],[19.883681,50.062197]]]}},{"type":"Feature","id":"w350873946","properties":{"type":"yes","levels":1.0,"residential":false,"residents_est":0,"h3_10":"8a1e2e6b60effff","h3_11":"8b1e2e6b60ebfff"},"geometry":{"type":"Polygon","coordinates":[[[19.88382,50.061039],[19.883858,50.061039],[19.883864,50.061118],[19.883825,50.061119],[19.88382,50.061039]]]}},{"type":"Feature","id":"w350873950","properties":{"type":"yes","levels":1.0,"residential":false,"residents_est":0,"h3_10":"8a1e2e6b60f7fff","h3_11":"8b1e2e6b60f2fff"},"geometry":{"type":"Polygon","coordinates":[[[19.879823,50.06052],[19.879884,50.060499],[19.879925,50.060547],[19.879864,50.060568],[19.879823,50.06052]]]}},{"type":"Feature","id":"w350873951","properties":{"type":"garage","levels":1.0,"residential":false,"residents_est":0,"h3_10":"8a1e2e6b60f7fff","h3_11":"8b1e2e6b60f5fff"},"geometry":{"type":"Polygon","coordinates":[[[19.88073,50.061177],[19.88079,50.061161],[19.880832,50.061225],[19.880775,50.061241],[19.88073,50.061177]]]}},{"type":"Feature","id":"w350873955","properties":{"type":"yes","residential":true,"residents_est":1,"h3_10":"8a1e2e6b6037fff","h3_11":"8b1e2e6b6031fff"},"geometry":{"type":"Polygon","coordinates":[[[19.878387,50.063542],[19.878485,50.063508],[19.878522,50.063551],[19.878424,50.063585],[19.878387,50.063542]]]}},{"type":"Feature","id":"w350873956","properties":{"type":"yes","levels":1.0,"residential":false,"residents_est":0,"h3_10":"8a1e2e6b6077fff","h3_11":"8b1e2e6b6070fff"},"geometry":{"type":"Polygon","coordinates":[[[19.8832,50.063374],[19.883263,50.063349],[19.883307,50.063398],[19.883244,50.063422],[19.8832,50.063374]]]}},{"type":"Feature","id":"w350873957","properties":{"type":"yes","levels":1.0,"residential":false,"residents_est":0,"h3_10":"8a1e2e6b6047fff","h3_11":"8b1e2e6b6044fff"},"geometry":{"type":"Polygon","coordinates":[[[19.884055,50.063468],[19.884115,50.063446],[19.88415,50.063483],[19.884089,50.063506],[19.884055,50.063468]]]}},{"type":"Feature","id":"w350873959","properties":{"type":"yes","levels":1.0,"residential":false,"residents_est":0,"h3_10":"8a1e2e6b6007fff","h3_11":"8b1e2e6b6002fff"},"geometry":{"type":"Polygon","coordinates":[[[19.879315,50.06276],[19.87936,50.062746],[19.879405,50.062805],[19.879363,50.062821],[19.879315,50.06276]]]}},{"type":"Feature","id":"w350873961","properties":{"type":"yes","levels":1.0,"residential":false,"residents_est":0,"h3_10":"8a1e2e6b6077fff","h3_11":"8b1e2e6b6071fff"},"geometry":{"type":"Polygon","coordinates":[[[19.88355,50.063389],[19.883598,50.063371],[19.883639,50.063415],[19.883592,50.063433],[19.88355,50.063389]]]}},{"type":"Feature","id":"w407197946","properties":{"type":"house","levels":3.0,"address":"Tadeusza Rogalskiego 7","residential":true,"residents_est":6,"h3_10":"8a1e2e6b612ffff","h3_11":"8b1e2e6b612cfff"},"geometry":{"type":"Polygon","coordinates":[[[19.878498,50.066697],[19.878598,50.066633],[19.878711,50.066705],[19.878611,50.06677],[19.878498,50.066697]]]}},{"type":"Feature","id":"w430860480","properties":{"type":"yes","address":"Tadeusza Rogalskiego 19A","residential":true,"residents_est":2,"h3_10":"8a1e2e6b6127fff","h3_11":"8b1e2e6b6124fff"},"geometry":{"type":"Polygon","coordinates":[[[19.876779,50.067222],[19.876821,50.067211],[19.87681,50.067193],[19.876894,50.06717],[19.876961,50.067271],[19.876883,50.067293],[19.876896,50.067312],[19.876847,50.067326],[19.876779,50.067222]]]}},{"type":"Feature","id":"w430863094","properties":{"type":"yes","levels":2.0,"residential":true,"residents_est":3,"h3_10":"8a1e2e6b60effff","h3_11":"8b1e2e6b60ecfff"},"geometry":{"type":"Polygon","coordinates":[[[19.883349,50.061707],[19.883474,50.061701],[19.883483,50.061784],[19.883474,50.061784],[19.883475,50.061797],[19.883498,50.061796],[19.883503,50.061835],[19.883489,50.061835],[19.883493,50.061873],[19.883368,50.061879],[19.883349,50.061707]]]}},{"type":"Feature","id":"w430878068","properties":{"type":"house","levels":1.0,"residential":true,"residents_est":2,"h3_10":"8a1e2e6b616ffff","h3_11":"8b1e2e6b6169fff"},"geometry":{"type":"Polygon","coordinates":[[[19.884353,50.066568],[19.884359,50.066566],[19.884366,50.066542],[19.884359,50.066541],[19.884361,50.066537],[19.884372,50.066538],[19.884381,50.066504],[19.88437,50.066503],[19.884381,50.066461],[19.884529,50.066477],[19.8845,50.066585],[19.884353,50.066568]]]}},{"type":"Feature","id":"w452096774","properties":{"type":"yes","residential":true,"residents_est":1,"h3_10":"8a1e2e6b6117fff","h3_11":"8b1e2e6b6116fff"},"geometry":{"type":"Polygon","coordinates":[[[19.874883,50.065016],[19.875025,50.064965],[19.875078,50.065024],[19.874937,50.065076],[19.874883,50.065016]]]}},{"type":"Feature","id":"w452096775","properties":{"type":"yes","residential":true,"residents_est":4,"h3_10":"8a1e2e6b61a7fff","h3_11":"8b1e2e6b61a5fff"},"geometry":{"type":"Polygon","coordinates":[[[19.874952,50.06465],[19.875041,50.064617],[19.875102,50.064687],[19.875261,50.06463],[19.875315,50.064692],[19.875065,50.064783],[19.874952,50.06465]]]}},{"type":"Feature","id":"w551488829","properties":{"type":"yes","levels":1.0,"residential":true,"residents_est":0,"h3_10":"8a1e2e6b6077fff","h3_11":"8b1e2e6b6075fff"},"geometry":{"type":"Polygon","coordinates":[[[19.883441,50.063931],[19.883517,50.063904],[19.883561,50.063955],[19.883485,50.063982],[19.883441,50.063931]]]}},{"type":"Feature","id":"w591362114","properties":{"type":"residential","levels":3.0,"residential":true,"residents_est":13,"h3_10":"8a1e2e6b60cffff","h3_11":"8b1e2e6b60c9fff"},"geometry":{"type":"Polygon","coordinates":[[[19.884544,50.060096],[19.884776,50.060085],[19.884792,50.060229],[19.88456,50.060239],[19.884544,50.060096]]]}},{"type":"Feature","id":"w591362116","properties":{"type":"yes","levels":1.0,"residential":false,"residents_est":0,"h3_10":"8a1e2e6b605ffff","h3_11":"8b1e2e6b605bfff"},"geometry":{"type":"Polygon","coordinates":[[[19.885551,50.061548],[19.885602,50.06154],[19.885634,50.061603],[19.88558,50.061613],[19.885551,50.061548]]]}},{"type":"Feature","id":"w591362117","properties":{"type":"yes","levels":1.0,"residential":false,"residents_est":0,"h3_10":"8a1e2e6b605ffff","h3_11":"8b1e2e6b6059fff"},"geometry":{"type":"Polygon","coordinates":[[[19.886066,50.062007],[19.886128,50.06199],[19.886164,50.062045],[19.886102,50.062062],[19.886066,50.062007]]]}},{"type":"Feature","id":"w591542768","properties":{"type":"house","levels":2.0,"residential":true,"residents_est":4,"h3_10":"8a1e2e6b60effff","h3_11":"8b1e2e6b60ecfff"},"geometry":{"type":"Polygon","coordinates":[[[19.883013,50.06157],[19.88308,50.06156],[19.883087,50.06158],[19.88315,50.061571],[19.883183,50.061662],[19.883054,50.061682],[19.883013,50.06157]]]}},{"type":"Feature","id":"w708084986","properties":{"type":"yes","residential":false,"residents_est":0,"h3_10":"8a1e2e6b619ffff","h3_11":"8b1e2e6b619cfff"},"geometry":{"type":"Polygon","coordinates":[[[19.87478,50.06252],[19.874823,50.062513],[19.874843,50.062563],[19.8748,50.062571],[19.87478,50.06252]]]}},{"type":"Feature","id":"w708084988","properties":{"type":"yes","residential":false,"residents_est":0,"h3_10":"8a1e2e6b61affff","h3_11":"8b1e2e6b61a9fff"},"geometry":{"type":"Polygon","coordinates":[[[19.876576,50.063894],[19.876655,50.063866],[19.87669,50.063906],[19.876611,50.063934],[19.876576,50.063894]]]}},{"type":"Feature","id":"w708084989","properties":{"type":"yes","residential":false,"residents_est":0,"h3_10":"8a1e2e6b61a7fff","h3_11":"8b1e2e6b61a2fff"},"geometry":{"type":"Polygon","coordinates":[[[19.874298,50.063844],[19.874351,50.063827],[19.874396,50.063882],[19.874344,50.063901],[19.874298,50.063844]]]}},{"type":"Feature","id":"w712509277","properties":{"type":"apartments","levels":1.0,"address":"Królowej Jadwigi 206","name":"Lewiatan","residential":true,"residents_est":8,"h3_10":"8a1e2e6b6077fff","h3_11":"8b1e2e6b6074fff"},"geometry":{"type":"Polygon","coordinates":[[[19.882362,50.063633],[19.882517,50.063575],[19.8828,50.06389],[19.882651,50.063945],[19.882362,50.063633]]]}},{"type":"Feature","id":"w718397925","properties":{"type":"yes","address":"28 Lipca 1943 30F","residential":true,"residents_est":2,"h3_10":"8a1e2e6b6197fff","h3_11":"8b1e2e6b6192fff"},"geometry":{"type":"Polygon","coordinates":[[[19.873233,50.062091],[19.873355,50.062047],[19.873443,50.062151],[19.873322,50.062195],[19.873233,50.062091]]]}},{"type":"Feature","id":"w718397926","properties":{"type":"yes","address":"28 Lipca 1943 30E","residential":true,"residents_est":2,"h3_10":"8a1e2e6b6197fff","h3_11":"8b1e2e6b6190fff"},"geometry":{"type":"Polygon","coordinates":[[[19.873322,50.062195],[19.873443,50.062151],[19.873532,50.062253],[19.873409,50.062297],[19.873322,50.062195]]]}},{"type":"Feature","id":"w718397927","properties":{"type":"yes","residential":false,"residents_est":0,"h3_10":"8a1e2e6b6197fff","h3_11":"8b1e2e6b6196fff"},"geometry":{"type":"Polygon","coordinates":[[[19.872778,50.062479],[19.872851,50.062463],[19.872864,50.062488],[19.872792,50.062505],[19.872778,50.062479]]]}},{"type":"Feature","id":"w718413958","properties":{"type":"yes","address":"28 Lipca 1943 13","residential":true,"residents_est":2,"h3_10":"8a1e2e6b6187fff","h3_11":"8b1e2e6b6184fff"},"geometry":{"type":"Polygon","coordinates":[[[19.8743,50.063599],[19.874421,50.063566],[19.874405,50.063574],[19.874443,50.063622],[19.87446,50.063617],[19.874516,50.06369],[19.874397,50.063727],[19.8743,50.063599]]]}},{"type":"Feature","id":"w718413959","properties":{"type":"retail","address":"Królowej Jadwigi 230A","residential":false,"residents_est":0,"h3_10":"8a1e2e6b6027fff","h3_11":"8b1e2e6b6024fff"},"geometry":{"type":"Polygon","coordinates":[[[19.878886,50.064749],[19.879085,50.06469],[19.879139,50.064764],[19.878939,50.064823],[19.878886,50.064749]]]}},{"type":"Feature","id":"w718413961","properties":{"type":"yes","residential":false,"residents_est":0,"h3_10":"8a1e2e6b60a7fff","h3_11":"8b1e2e6b60a5fff"},"geometry":{"type":"Polygon","coordinates":[[[19.877145,50.062175],[19.877162,50.06217],[19.877156,50.062161],[19.877228,50.062141],[19.877247,50.062168],[19.877157,50.062193],[19.877145,50.062175]]]}},{"type":"Feature","id":"w718413962","properties":{"type":"yes","residential":false,"residents_est":0,"h3_10":"8a1e2e6b618ffff","h3_11":"8b1e2e6b618afff"},"geometry":{"type":"Polygon","coordinates":[[[19.876216,50.06227],[19.876262,50.06226],[19.8763,50.062328],[19.876254,50.062339],[19.876216,50.06227]]]}},{"type":"Feature","id":"w718413963","properties":{"type":"yes","residential":false,"residents_est":0,"h3_10":"8a1e2e6b618ffff","h3_11":"8b1e2e6b618afff"},"geometry":{"type":"Polygon","coordinates":[[[19.876393,50.062387],[19.876445,50.062374],[19.876473,50.062425],[19.876421,50.062438],[19.876393,50.062387]]]}},{"type":"Feature","id":"w718428065","properties":{"type":"yes","levels":3.0,"residential":true,"residents_est":2,"h3_10":"8a1e2e6b604ffff","h3_11":"8b1e2e6b604dfff"},"geometry":{"type":"Polygon","coordinates":[[[19.886614,50.063185],[19.886656,50.06317],[19.886626,50.06313],[19.88668,50.06311],[19.886744,50.063194],[19.886649,50.063229],[19.886614,50.063185]]]}},{"type":"Feature","id":"w718428066","properties":{"type":"yes","levels":1.0,"residential":false,"residents_est":0,"h3_10":"8a1e2e6b606ffff","h3_11":"8b1e2e6b606afff"},"geometry":{"type":"Polygon","coordinates":[[[19.885923,50.063572],[19.885965,50.06356],[19.885999,50.063595],[19.885951,50.063611],[19.885923,50.063572]]]}},{"type":"Feature","id":"w718428067","properties":{"type":"yes","levels":1.0,"residential":false,"residents_est":0,"h3_10":"8a1e2e6b606ffff","h3_11":"8b1e2e6b6068fff"},"geometry":{"type":"Polygon","coordinates":[[[19.886163,50.063951],[19.886213,50.063938],[19.886241,50.063985],[19.886192,50.063998],[19.886163,50.063951]]]}},{"type":"Feature","id":"w718428069","properties":{"type":"yes","levels":1.0,"residential":false,"residents_est":0,"h3_10":"8a1e2e6b606ffff","h3_11":"8b1e2e6b606cfff"},"geometry":{"type":"Polygon","coordinates":[[[19.885507,50.0642],[19.885588,50.064165],[19.885611,50.064186],[19.885529,50.064221],[19.885507,50.0642]]]}},{"type":"Feature","id":"w718428070","properties":{"type":"yes","levels":1.0,"residential":false,"residents_est":0,"h3_10":"8a1e2e6b606ffff","h3_11":"8b1e2e6b606cfff"},"geometry":{"type":"Polygon","coordinates":[[[19.885657,50.064239],[19.88569,50.064225],[19.885741,50.064273],[19.885708,50.064287],[19.885657,50.064239]]]}},{"type":"Feature","id":"w718428088","properties":{"type":"service","levels":1.0,"residential":false,"residents_est":0,"h3_10":"8a1e2e6b614ffff","h3_11":"8b1e2e6b614cfff"},"geometry":{"type":"Polygon","coordinates":[[[19.88395,50.065601],[19.884002,50.06557],[19.88405,50.065603],[19.883999,50.065634],[19.88395,50.065601]]]}},{"type":"Feature","id":"w718428089","properties":{"type":"house","levels":1.0,"residential":true,"residents_est":2,"h3_10":"8a1e2e6b616ffff","h3_11":"8b1e2e6b6169fff"},"geometry":{"type":"Polygon","coordinates":[[[19.884297,50.066612],[19.884327,50.06659],[19.884334,50.066567],[19.884353,50.066568],[19.884431,50.066578],[19.884427,50.066594],[19.884495,50.066628],[19.884497,50.066634],[19.884403,50.066695],[19.88431,50.066642],[19.884327,50.066629],[19.884297,50.066612]]]}},{"type":"Feature","id":"w718428090","properties":{"type":"yes","levels":1.0,"residential":true,"residents_est":0,"h3_10":"8a1e2e6b616ffff","h3_11":"8b1e2e6b6168fff"},"geometry":{"type":"Polygon","coordinates":[[[19.883505,50.066518],[19.883593,50.066459],[19.883609,50.066458],[19.883663,50.06649],[19.883563,50.066555],[19.883505,50.066518]]]}},{"type":"Feature","id":"w718428093","properties":{"type":"yes","levels":1.0,"residential":false,"residents_est":0,"h3_10":"8a1e2e6b6167fff","h3_11":"8b1e2e6b6163fff"},"geometry":{"type":"Polygon","coordinates":[[[19.882121,50.066326],[19.882182,50.066288],[19.882221,50.066313],[19.882162,50.066351],[19.882121,50.066326]]]}},{"type":"Feature","id":"w718428094","properties":{"type":"yes","levels":1.0,"residential":false,"residents_est":0,"h3_10":"8a1e2e6b6167fff","h3_11":"8b1e2e6b6165fff"},"geometry":{"type":"Polygon","coordinates":[[[19.882374,50.067102],[19.882428,50.067067],[19.882493,50.067107],[19.882439,50.067143],[19.882374,50.067102]]]}},{"type":"Feature","id":"w718428098","properties":{"type":"yes","levels":1.0,"residential":true,"residents_est":0,"h3_10":"8a1e2e6b6167fff","h3_11":"8b1e2e6b6160fff"},"geometry":{"type":"Polygon","coordinates":[[[19.881585,50.066694],[19.881654,50.066654],[19.881718,50.0667],[19.881649,50.06674],[19.881585,50.066694]]]}},{"type":"Feature","id":"w718428100","properties":{"type":"yes","levels":1.0,"residential":false,"residents_est":0,"h3_10":"8a1e2e6b6067fff","h3_11":"8b1e2e6b6063fff"},"geometry":{"type":"Polygon","coordinates":[[[19.88435,50.063938],[19.884413,50.06391],[19.884437,50.063934],[19.884374,50.063962],[19.88435,50.063938]]]}},{"type":"Feature","id":"w718428101","properties":{"type":"yes","levels":1.0,"residential":false,"residents_est":0,"h3_10":"8a1e2e6b6067fff","h3_11":"8b1e2e6b6063fff"},"geometry":{"type":"Polygon","coordinates":[[[19.884467,50.063979],[19.884509,50.063962],[19.88455,50.064001],[19.884508,50.064018],[19.884467,50.063979]]]}},{"type":"Feature","id":"w718428102","properties":{"type":"yes","levels":1.0,"residential":false,"residents_est":0,"h3_10":"8a1e2e6b6067fff","h3_11":"8b1e2e6b6060fff"},"geometry":{"type":"Polygon","coordinates":[[[19.884426,50.064249],[19.884499,50.064217],[19.884548,50.064264],[19.884475,50.064296],[19.884426,50.064249]]]}},{"type":"Feature","id":"w718428103","properties":{"type":"yes","levels":3.0,"address":"Królowej Jadwigi 185","residential":true,"residents_est":2,"h3_10":"8a1e2e6b615ffff","h3_11":"8b1e2e6b615bfff"},"geometry":{"type":"Polygon","coordinates":[[[19.883001,50.064145],[19.883131,50.064096],[19.883179,50.064151],[19.883049,50.064199],[19.883001,50.064145]]]}},{"type":"Feature","id":"w718428104","properties":{"type":"yes","levels":3.0,"address":"Jana Zygmunta Robla 2a","residential":true,"residents_est":2,"h3_10":"8a1e2e6b615ffff","h3_11":"8b1e2e6b615bfff"},"geometry":{"type":"Polygon","coordinates":[[[19.882739,50.064228],[19.882892,50.064174],[19.882945,50.064237],[19.882793,50.064291],[19.882739,50.064228]]]}},{"type":"Feature","id":"w718428105","properties":{"type":"yes","levels":1.0,"residential":true,"residents_est":1,"h3_10":"8a1e2e6b6157fff","h3_11":"8b1e2e6b6150fff"},"geometry":{"type":"Polygon","coordinates":[[[19.880832,50.064804],[19.881071,50.064773],[19.88109,50.064832],[19.880933,50.064853],[19.880952,50.06491],[19.880869,50.06492],[19.880832,50.064804]]]}},{"type":"Feature","id":"w718428108","properties":{"type":"yes","residential":false,"residents_est":0,"h3_10":"8a1e2e6b612ffff","h3_11":"8b1e2e6b612bfff"},"geometry":{"type":"Polygon","coordinates":[[[19.878971,50.065934],[19.879063,50.065887],[19.879105,50.065915],[19.879012,50.065967],[19.878971,50.065934]]]}},{"type":"Feature","id":"w718428110","properties":{"type":"yes","residential":false,"residents_est":0,"h3_10":"8a1e2e6b610ffff","h3_11":"8b1e2e6b610efff"},"geometry":{"type":"Polygon","coordinates":[[[19.878186,50.065509],[19.878187,50.065501],[19.878233,50.065481],[19.878285,50.065535],[19.878233,50.065557],[19.878186,50.065509]]]}},{"type":"Feature","id":"w718428112","properties":{"type":"house","levels":3.0,"address":"Tadeusza Rogalskiego 7a","residential":true,"residents_est":6,"h3_10":"8a1e2e6b612ffff","h3_11":"8b1e2e6b612cfff"},"geometry":{"type":"Polygon","coordinates":[[[19.878386,50.066625],[19.878485,50.06656],[19.878598,50.066633],[19.878498,50.066697],[19.878386,50.066625]]]}},{"type":"Feature","id":"w718428114","properties":{"type":"yes","residential":true,"residents_est":1,"h3_10":"8a1e2e6b612ffff","h3_11":"8b1e2e6b612efff"},"geometry":{"type":"Polygon","coordinates":[[[19.877696,50.066289],[19.87778,50.066251],[19.877829,50.066294],[19.877723,50.066349],[19.877696,50.066289]]]}},{"type":"Feature","id":"w718500848","properties":{"type":"yes","levels":1.0,"residential":false,"residents_est":0,"h3_10":"8a1e2e6b6047fff","h3_11":"8b1e2e6b6041fff"},"geometry":{"type":"Polygon","coordinates":[[[19.885248,50.063017],[19.88529,50.063002],[19.885329,50.063048],[19.885286,50.063063],[19.885248,50.063017]]]}},{"type":"Feature","id":"w718500849","properties":{"type":"yes","levels":1.0,"residential":false,"residents_est":0,"h3_10":"8a1e2e6b6047fff","h3_11":"8b1e2e6b6041fff"},"geometry":{"type":"Polygon","coordinates":[[[19.885167,50.063047],[19.88521,50.063032],[19.885248,50.063078],[19.885206,50.063093],[19.885167,50.063047]]]}},{"type":"Feature","id":"w718500850","properties":{"type":"yes","levels":1.0,"residential":true,"residents_est":2,"h3_10":"8a1e2e6b604ffff","h3_11":"8b1e2e6b604bfff"},"geometry":{"type":"Polygon","coordinates":[[[19.886596,50.062241],[19.886714,50.06221],[19.886695,50.062181],[19.886793,50.062154],[19.886829,50.06221],[19.886793,50.062219],[19.886831,50.062279],[19.886769,50.062295],[19.886764,50.062288],[19.886649,50.06232],[19.886596,50.062241]]]}},{"type":"Feature","id":"w718500852","properties":{"type":"yes","levels":1.0,"residential":false,"residents_est":0,"h3_10":"8a1e2e6b60effff","h3_11":"8b1e2e6b60eafff"},"geometry":{"type":"Polygon","coordinates":[[[19.882931,50.061035],[19.882963,50.060973],[19.88301,50.060975],[19.88298,50.06104],[19.882931,50.061035]]]}},{"type":"Feature","id":"w894256138","properties":{"type":"kiosk","residential":false,"residents_est":0,"h3_10":"8a1e2e6b6117fff","h3_11":"8b1e2e6b6114fff"},"geometry":{"type":"Polygon","coordinates":[[[19.875788,50.06528],[19.875858,50.065256],[19.875896,50.065302],[19.875826,50.065326],[19.875788,50.06528]]]}},{"type":"Feature","id":"w894256150","properties":{"type":"yes","residential":true,"residents_est":9,"h3_10":"8a1e2e6b6127fff","h3_11":"8b1e2e6b6126fff"},"geometry":{"type":"Polygon","coordinates":[[[19.876126,50.066913],[19.876331,50.066836],[19.876446,50.066966],[19.876242,50.067043],[19.876126,50.066913]]]}},{"type":"Feature","id":"w894256151","properties":{"type":"yes","residential":true,"residents_est":12,"h3_10":"8a1e2e6b6127fff","h3_11":"8b1e2e6b6126fff"},"geometry":{"type":"Polygon","coordinates":[[[19.876271,50.066667],[19.876458,50.066598],[19.876563,50.066715],[19.876543,50.066723],[19.876615,50.066804],[19.87645,50.066865],[19.876271,50.066667]]]}},{"type":"Feature","id":"w894256152","properties":{"type":"yes","address":"28 Lipca 1943 5A","residential":true,"residents_est":2,"h3_10":"8a1e2e6b6117fff","h3_11":"8b1e2e6b6116fff"},"geometry":{"type":"Polygon","coordinates":[[[19.875387,50.064797],[19.875488,50.064761],[19.875563,50.064847],[19.875462,50.064883],[19.875387,50.064797]]]}},{"type":"Feature","id":"w894256169","properties":{"type":"detached","levels":2.0,"address":"28 Lipca 1943 5B","residential":true,"residents_est":3,"h3_10":"8a1e2e6b6117fff","h3_11":"8b1e2e6b6116fff"},"geometry":{"type":"Polygon","coordinates":[[[19.875287,50.064833],[19.875362,50.06492],[19.875462,50.064883],[19.875387,50.064797],[19.875287,50.064833]],[[19.875386,50.064799],[19.875385,50.064799],[19.875385,50.064798],[19.875386,50.064799]]]}},{"type":"Feature","id":"w894256191","properties":{"type":"yes","levels":1.0,"residential":true,"residents_est":1,"h3_10":"8a1e2e6b609ffff","h3_11":"8b1e2e6b6099fff"},"geometry":{"type":"Polygon","coordinates":[[[19.878208,50.059417],[19.878298,50.059401],[19.878416,50.059665],[19.878327,50.059682],[19.878208,50.059417]]]}},{"type":"Feature","id":"w894256206","properties":{"type":"farm_auxiliary","levels":1.0,"residential":false,"residents_est":0,"h3_10":"8a1e2e6b61b7fff","h3_11":"8b1e2e6b61b1fff"},"geometry":{"type":"Polygon","coordinates":[[[19.873758,50.063639],[19.873806,50.063626],[19.873867,50.063716],[19.873817,50.063729],[19.873758,50.063639]]]}},{"type":"Feature","id":"w894256207","properties":{"type":"yes","levels":1.0,"residential":true,"residents_est":2,"h3_10":"8a1e2e6b609ffff","h3_11":"8b1e2e6b6099fff"},"geometry":{"type":"Polygon","coordinates":[[[19.878324,50.059394],[19.878414,50.059378],[19.878533,50.059642],[19.878443,50.059659],[19.878324,50.059394]]]}},{"type":"Feature","id":"w894256229","properties":{"type":"farm_auxiliary","levels":1.0,"residential":false,"residents_est":0,"h3_10":"8a1e2e6b61affff","h3_11":"8b1e2e6b61adfff"},"geometry":{"type":"Polygon","coordinates":[[[19.876857,50.064183],[19.876933,50.064155],[19.877,50.064231],[19.876924,50.064259],[19.876857,50.064183]]]}},{"type":"Feature","id":"w894256239","properties":{"type":"farm_auxiliary","levels":1.0,"residential":false,"residents_est":0,"h3_10":"8a1e2e6b6107fff","h3_11":"8b1e2e6b6104fff"},"geometry":{"type":"Polygon","coordinates":[[[19.877014,50.065832],[19.877104,50.065802],[19.877187,50.065903],[19.877096,50.065933],[19.877014,50.065832]]]}},{"type":"Feature","id":"w894256269","properties":{"type":"farm_auxiliary","levels":1.0,"residential":false,"residents_est":0,"h3_10":"8a1e2e6b6197fff","h3_11":"8b1e2e6b6191fff"},"geometry":{"type":"Polygon","coordinates":[[[19.87414,50.062244],[19.874223,50.062227],[19.874253,50.062287],[19.874171,50.062304],[19.87414,50.062244]]]}},{"type":"Feature","id":"w923313035","properties":{"type":"yes","address":"28 Lipca 1943 30DA","residential":true,"residents_est":2,"h3_10":"8a1e2e6b6197fff","h3_11":"8b1e2e6b6193fff"},"geometry":{"type":"Polygon","coordinates":[[[19.873442,50.061931],[19.873567,50.061903],[19.873621,50.062001],[19.873496,50.062029],[19.873442,50.061931]]]}},{"type":"Feature","id":"w923313036","properties":{"type":"yes","address":"28 Lipca 1943 30D","residential":true,"residents_est":2,"h3_10":"8a1e2e6b6197fff","h3_11":"8b1e2e6b6193fff"},"geometry":{"type":"Polygon","coordinates":[[[19.873496,50.062029],[19.873621,50.062001],[19.873674,50.062097],[19.87355,50.062126],[19.873496,50.062029]]]}},{"type":"Feature","id":"w1039863536","properties":{"type":"outbuilding","levels":1.0,"residential":false,"residents_est":0,"h3_10":"8a1e2e6b609ffff","h3_11":"8b1e2e6b6099fff"},"geometry":{"type":"Polygon","coordinates":[[[19.878425,50.059331],[19.878567,50.059309],[19.878586,50.059355],[19.878445,50.059378],[19.878425,50.059331]]]}},{"type":"Feature","id":"w1039863677","properties":{"type":"yes","levels":2.0,"residential":true,"residents_est":3,"h3_10":"8a1e2e6b6037fff","h3_11":"8b1e2e6b6036fff"},"geometry":{"type":"Polygon","coordinates":[[[19.877254,50.063536],[19.877437,50.063471],[19.877497,50.063542],[19.877439,50.063563],[19.877479,50.06361],[19.877392,50.063642],[19.877352,50.063595],[19.877326,50.063603],[19.877299,50.063573],[19.877289,50.063577],[19.877254,50.063536]]]}},{"type":"Feature","id":"w1167077279","properties":{"type":"yes","levels":2.0,"residential":true,"residents_est":3,"h3_10":"8a1e2e6b6157fff","h3_11":"8b1e2e6b6155fff"},"geometry":{"type":"Polygon","coordinates":[[[19.88104,50.065475],[19.881156,50.065393],[19.881215,50.065427],[19.881323,50.06535],[19.881388,50.065388],[19.881296,50.065454],[19.881277,50.065443],[19.881146,50.065536],[19.88104,50.065475]]]}},{"type":"Feature","id":"w1217262989","properties":{"type":"yes","residential":true,"residents_est":3,"h3_10":"8a1e2e6b60b7fff","h3_11":"8b1e2e6b60b6fff"},"geometry":{"type":"Polygon","coordinates":[[[19.874658,50.060933],[19.874717,50.060867],[19.875019,50.060978],[19.87496,50.061044],[19.874658,50.060933]]]}},{"type":"Feature","id":"w1217262992","properties":{"type":"yes","levels":1.0,"residential":true,"residents_est":2,"h3_10":"8a1e2e6b601ffff","h3_11":"8b1e2e6b6018fff"},"geometry":{"type":"Polygon","coordinates":[[[19.880255,50.061982],[19.880295,50.061973],[19.880275,50.061946],[19.880422,50.061912],[19.880414,50.061899],[19.880539,50.061861],[19.880442,50.062048],[19.880303,50.062083],[19.880255,50.061982]]]}},{"type":"Feature","id":"w1219367316","properties":{"type":"yes","residential":true,"residents_est":10,"h3_10":"8a1e2e6b6037fff","h3_11":"8b1e2e6b6033fff"},"geometry":{"type":"Polygon","coordinates":[[[19.878023,50.063133],[19.878202,50.063073],[19.878318,50.063211],[19.878076,50.063293],[19.878023,50.063133]]]}},{"type":"Feature","id":"w1219367318","properties":{"type":"yes","residential":true,"residents_est":2,"h3_10":"8a1e2e6b6017fff","h3_11":"8b1e2e6b6015fff"},"geometry":{"type":"Polygon","coordinates":[[[19.878686,50.062773],[19.878823,50.062731],[19.878911,50.06285],[19.878816,50.062879],[19.878762,50.062805],[19.878721,50.062818],[19.878686,50.062773]]]}},{"type":"Feature","id":"w1219367321","properties":{"type":"construction","residential":false,"residents_est":0,"h3_10":"8a1e2e6b61affff","h3_11":"8b1e2e6b61abfff"},"geometry":{"type":"Polygon","coordinates":[[[19.876744,50.063587],[19.877014,50.063496],[19.877049,50.063539],[19.876982,50.063562],[19.877031,50.063622],[19.876878,50.063673],[19.876837,50.063623],[19.876787,50.06364],[19.876744,50.063587]]]}},{"type":"Feature","id":"w1219367322","properties":{"type":"construction","residential":false,"residents_est":0,"h3_10":"8a1e2e6b61affff","h3_11":"8b1e2e6b61a9fff"},"geometry":{"type":"Polygon","coordinates":[[[19.87705,50.063927],[19.877322,50.063843],[19.877365,50.063899],[19.877292,50.063922],[19.877304,50.063938],[19.877205,50.063969],[19.877195,50.063956],[19.877095,50.063987],[19.87705,50.063927]]]}},{"type":"Feature","id":"w1219367323","properties":{"type":"construction","residential":false,"residents_est":0,"h3_10":"8a1e2e6b61affff","h3_11":"8b1e2e6b61abfff"},"geometry":{"type":"Polygon","coordinates":[[[19.876695,50.063396],[19.876749,50.063379],[19.876727,50.06335],[19.876826,50.063319],[19.876942,50.063471],[19.876788,50.063519],[19.876695,50.063396]]]}},{"type":"Feature","id":"w1219367331","properties":{"type":"construction","residential":false,"residents_est":0,"h3_10":"8a1e2e6b60b7fff","h3_11":"8b1e2e6b60b2fff"},"geometry":{"type":"Polygon","coordinates":[[[19.874863,50.060409],[19.87511,50.060357],[19.87519,50.060515],[19.874944,50.060567],[19.874863,50.060409]]]}},{"type":"Feature","id":"w1245495407","properties":{"type":"yes","residential":true,"residents_est":2,"h3_10":"8a1e2e6b6187fff","h3_11":"8b1e2e6b6182fff"},"geometry":{"type":"Polygon","coordinates":[[[19.874139,50.062539],[19.874306,50.062509],[19.874345,50.062598],[19.874178,50.062628],[19.874139,50.062539]]]}},{"type":"Feature","id":"w1245495416","properties":{"type":"construction","levels":2.0,"residential":false,"residents_est":0,"h3_10":"8a1e2e6b6147fff","h3_11":"8b1e2e6b6145fff"},"geometry":{"type":"Polygon","coordinates":[[[19.882418,50.066099],[19.882567,50.066003],[19.882652,50.066057],[19.882503,50.066153],[19.882418,50.066099]]]}},{"type":"Feature","id":"w1245495421","properties":{"type":"yes","levels":1.0,"residential":true,"residents_est":1,"h3_10":"8a1e2e6b60effff","h3_11":"8b1e2e6b60ecfff"},"geometry":{"type":"Polygon","coordinates":[[[19.883236,50.061505],[19.88339,50.061499],[19.883397,50.061572],[19.883243,50.061578],[19.883236,50.061505]]]}}]}