{"type":"FeatureCollection","features":[{"type":"Feature","id":"w54411295","properties":{"type":"school","levels":3.0,"address":"Osiedle Spółdzielcze 6","residential":false,"residents_est":0,"h3_10":"8a1e2e6ae437fff","h3_11":"8b1e2e6ae435fff"},"geometry":{"type":"Polygon","coordinates":[[[20.024321,50.077186],[20.0244,50.077123],[20.024429,50.077087],[20.024464,50.077106],[20.024549,50.077044],[20.024791,50.077182],[20.024697,50.077255],[20.024904,50.077383],[20.025104,50.077249],[20.025206,50.077312],[20.025022,50.077433],[20.025188,50.077534],[20.025386,50.077399],[20.02549,50.077466],[20.025309,50.077587],[20.02547,50.077688],[20.025669,50.077552],[20.025773,50.077616],[20.025599,50.07773],[20.025613,50.077738],[20.025554,50.077774],[20.025543,50.077767],[20.02546,50.077821],[20.025365,50.077765],[20.025376,50.077757],[20.0252,50.077662],[20.02518,50.077674],[20.025077,50.07761],[20.025091,50.077601],[20.02492,50.077511],[20.024903,50.077523],[20.024797,50.077457],[20.02481,50.07745],[20.024687,50.077384],[20.024642,50.077417],[20.024551,50.077365],[20.024591,50.077331],[20.024321,50.077186]]]}},{"type":"Feature","id":"w54534235","properties":{"type":"apartments","levels":4.0,"address":"Osiedle Handlowe 2","residential":true,"residents_est":19,"h3_10":"8a1e2e6ae4dffff","h3_11":"8b1e2e6ae4ddfff"},"geometry":{"type":"Polygon","coordinates":[[[20.029817,50.072911],[20.029897,50.072903],[20.029899,50.072912],[20.029986,50.072903],[20.030142,50.073551],[20.029973,50.073567],[20.029817,50.072911]]]}},{"type":"Feature","id":"w54534238","properties":{"type":"kindergarten","levels":1.0,"address":"Osiedle Handlowe 3","residential":false,"residents_est":0,"h3_10":"8a1e2e6ae4cffff","h3_11":"8b1e2e6ae4cbfff"},"geometry":{"type":"Polygon","coordinates":[[[20.03079,50.073296],[20.030817,50.073294],[20.030804,50.073235],[20.030994,50.073219],[20.030998,50.073236],[20.031087,50.073228],[20.031083,50.073211],[20.031231,50.073197],[20.031235,50.073215],[20.031323,50.073207],[20.031319,50.07319],[20.031443,50.073179],[20.03147,50.073303],[20.031009,50.073348],[20.031028,50.073434],[20.03085,50.07345],[20.030839,50.073396],[20.030812,50.073399],[20.03079,50.073296]]]}},{"type":"Feature","id":"w54534241","properties":{"type":"apartments","levels":7.0,"address":"Osiedle Handlowe 7","residential":true,"residents_est":19,"h3_10":"8a1e2e6ae45ffff","h3_11":"8b1e2e6ae458fff"},"geometry":{"type":"Polygon","coordinates":[[[20.031331,50.075357],[20.031432,50.075285],[20.031933,50.075572],[20.031832,50.075645],[20.031331,50.075357]]]}},{"type":"Feature","id":"w54534243","properties":{"type":"apartments","levels":7.0,"address":"Osiedle Handlowe 5","residential":true,"residents_est":20,"h3_10":"8a1e2e6ae4effff","h3_11":"8b1e2e6ae4edfff"},"geometry":{"type":"Polygon","coordinates":[[[20.030501,50.075188],[20.030609,50.075114],[20.031097,50.0754],[20.030989,50.075475],[20.030501,50.075188]]]}},{"type":"Feature","id":"w54562455","properties":{"type":"apartments","levels":4.0,"address":"Osiedle Spółdzielcze 12","residential":true,"residents_est":16,"h3_10":"8a1e2e6ae42ffff","h3_11":"8b1e2e6ae42dfff"},"geometry":{"type":"Polygon","coordinates":[[[20.027838,50.077631],[20.027952,50.077544],[20.028575,50.077879],[20.028462,50.077966],[20.027838,50.077631]]]}},{"type":"Feature","id":"w54562457","properties":{"type":"apartments","levels":4.0,"address":"Osiedle Spółdzielcze 11","residential":true,"residents_est":15,"h3_10":"8a1e2e6ae557fff","h3_11":"8b1e2e6ae553fff"},"geometry":{"type":"Polygon","coordinates":[[[20.027434,50.077941],[20.027547,50.077856],[20.028171,50.078195],[20.028059,50.07828],[20.027434,50.077941]]]}},{"type":"Feature","id":"w54562458","properties":{"type":"apartments","levels":4.0,"address":"Osiedle Spółdzielcze 10","residential":true,"residents_est":16,"h3_10":"8a1e2e6ae557fff","h3_11":"8b1e2e6ae556fff"},"geometry":{"type":"Polygon","coordinates":[[[20.027024,50.078252],[20.027143,50.078161],[20.027772,50.078497],[20.027652,50.078589],[20.027024,50.078252]]]}},{"type":"Feature","id":"w54562459","properties":{"type":"apartments","levels":4.0,"address":"Osiedle Spółdzielcze 8","residential":true,"residents_est":23,"h3_10":"8a1e2e6ae50ffff","h3_11":"8b1e2e6ae50bfff"},"geometry":{"type":"Polygon","coordinates":[[[20.025888,50.07809],[20.026004,50.078002],[20.026931,50.078503],[20.026816,50.078591],[20.025888,50.07809]]]}},{"type":"Feature","id":"w54562460","properties":{"type":"apartments","levels":4.0,"address":"Osiedle Spółdzielcze 3","residential":true,"residents_est":16,"h3_10":"8a1e2e6ae40ffff","h3_11":"8b1e2e6ae40cfff"},"geometry":{"type":"Polygon","coordinates":[[[20.027643,50.076451],[20.027761,50.07636],[20.028382,50.076692],[20.028264,50.076783],[20.027643,50.076451]]]}},{"type":"Feature","id":"w54562461","properties":{"type":"office","levels":1.0,"address":"Osiedle Spółdzielcze 4","residential":false,"residents_est":0,"h3_10":"8a1e2e6ae407fff","h3_11":"8b1e2e6ae401fff"},"geometry":{"type":"Polygon","coordinates":[[[20.026923,50.076666],[20.027187,50.076465],[20.02741,50.076588],[20.027148,50.076787],[20.026923,50.076666]]]}},{"type":"Feature","id":"w54562462","properties":{"type":"apartments","levels":4.0,"address":"Osiedle Spółdzielcze 13","residential":true,"residents_est":19,"h3_10":"8a1e2e6ae42ffff","h3_11":"8b1e2e6ae428fff"},"geometry":{"type":"Polygon","coordinates":[[[20.027755,50.077071],[20.027867,50.076986],[20.028645,50.077405],[20.028533,50.07749],[20.027755,50.077071]]]}},{"type":"Feature","id":"w54562484","properties":{"type":"apartments","levels":5.0,"address":"Osiedle Kolorowe 2","residential":true,"residents_est":7,"h3_10":"8a1e2e6ae4e7fff","h3_11":"8b1e2e6ae4e4fff"},"geometry":{"type":"Polygon","coordinates":[[[20.028474,50.075365],[20.02854,50.075358],[20.028541,50.075362],[20.028717,50.075339],[20.028734,50.075415],[20.028701,50.075418],[20.028722,50.07551],[20.028548,50.075527],[20.028527,50.075435],[20.028491,50.075438],[20.028474,50.075365]]]}},{"type":"Feature","id":"w54562487","properties":{"type":"apartments","levels":4.0,"address":"Osiedle Spółdzielcze 1","residential":true,"residents_est":16,"h3_10":"8a1e2e6ae40ffff","h3_11":"8b1e2e6ae409fff"},"geometry":{"type":"Polygon","coordinates":[[[20.029047,50.076178],[20.029161,50.07609],[20.029792,50.076428],[20.029679,50.076515],[20.029047,50.076178]]]}},{"type":"Feature","id":"w54562491","properties":{"type":"apartments","levels":4.0,"address":"Osiedle Spółdzielcze 2","residential":true,"residents_est":15,"h3_10":"8a1e2e6ae40ffff","h3_11":"8b1e2e6ae40dfff"},"geometry":{"type":"Polygon","coordinates":[[[20.02836,50.076313],[20.028471,50.076227],[20.029093,50.076557],[20.028981,50.076643],[20.02836,50.076313]]]}},{"type":"Feature","id":"w54562500","properties":{"type":"apartments","levels":5.0,"address":"Osiedle Kolorowe 44","residential":true,"residents_est":15,"h3_10":"8a1e2e6ae4b7fff","h3_11":"8b1e2e6ae4b4fff"},"geometry":{"type":"Polygon","coordinates":[[[20.021345,50.074711],[20.022104,50.074606],[20.022134,50.074697],[20.021375,50.074802],[20.021345,50.074711]]]}},{"type":"Feature","id":"w54562516","properties":{"type":"apartments","levels":5.0,"address":"Osiedle Kolorowe 45","residential":true,"residents_est":20,"h3_10":"8a1e2e6ae59ffff","h3_11":"8b1e2e6ae598fff"},"geometry":{"type":"Polygon","coordinates":[[[20.02115,50.075432],[20.022143,50.075291],[20.022174,50.075382],[20.021181,50.075523],[20.02115,50.075432]]]}},{"type":"Feature","id":"w54562525","properties":{"type":"kindergarten","levels":2.0,"address":"Osiedle Kolorowe 28","residential":false,"residents_est":0,"h3_10":"8a1e2e6ae4a7fff","h3_11":"8b1e2e6ae4a6fff"},"geometry":{"type":"Polygon","coordinates":[[[20.022608,50.075018],[20.023075,50.074949],[20.023113,50.075055],[20.022646,50.075125],[20.022608,50.075018]]]}},{"type":"Feature","id":"w54562546","properties":{"type":"apartments","levels":4.0,"address":"Osiedle Kolorowe 19B","residential":true,"residents_est":20,"h3_10":"8a1e2e6ae4a7fff","h3_11":"8b1e2e6ae4a2fff"},"geometry":{"type":"Polygon","coordinates":[[[20.023191,50.074267],[20.023365,50.074239],[20.023456,50.074498],[20.023422,50.074502],[20.023507,50.074754],[20.023539,50.07475],[20.023586,50.074887],[20.023414,50.074911],[20.02337,50.074775],[20.023341,50.07478],[20.023256,50.074525],[20.023276,50.074523],[20.023191,50.074267]]]}},{"type":"Feature","id":"w54562548","properties":{"type":"apartments","levels":5.0,"address":"Osiedle Kolorowe 20","residential":true,"residents_est":20,"h3_10":"8a1e2e6ae4b7fff","h3_11":"8b1e2e6ae4b6fff"},"geometry":{"type":"Polygon","coordinates":[[[20.021257,50.074272],[20.022056,50.074152],[20.022095,50.074267],[20.0213,50.074387],[20.021257,50.074272]]]}},{"type":"Feature","id":"w54562549","properties":{"type":"apartments","levels":11.0,"address":"Osiedle Kolorowe 22","residential":true,"residents_est":18,"h3_10":"8a1e2e6ae497fff","h3_11":"8b1e2e6ae496fff"},"geometry":{"type":"Polygon","coordinates":[[[20.021715,50.073367],[20.021889,50.07335],[20.021911,50.073446],[20.021949,50.073442],[20.021978,50.073569],[20.02182,50.073584],[20.021797,50.073484],[20.021743,50.073489],[20.021715,50.073367]]]}},{"type":"Feature","id":"w54562554","properties":{"type":"office","levels":2.0,"address":"Osiedle Kolorowe 11","residential":false,"residents_est":0,"h3_10":"8a1e2e6ae48ffff","h3_11":"8b1e2e6ae48dfff"},"geometry":{"type":"Polygon","coordinates":[[[20.025968,50.07391],[20.026256,50.073881],[20.026332,50.074202],[20.026044,50.07423],[20.025968,50.07391]]]}},{"type":"Feature","id":"w54562557","properties":{"type":"commercial","levels":1.0,"address":"Osiedle Kolorowe 16C","residential":false,"residents_est":0,"h3_10":"8a1e2e6ae49ffff","h3_11":"8b1e2e6ae49dfff"},"geometry":{"type":"Polygon","coordinates":[[[20.024842,50.073365],[20.025184,50.07333],[20.025195,50.073378],[20.025112,50.073385],[20.025106,50.073363],[20.024935,50.073379],[20.024951,50.073451],[20.025123,50.073434],[20.025119,50.073414],[20.025202,50.073407],[20.02522,50.073486],[20.024878,50.073517],[20.024842,50.073365]]]}},{"type":"Feature","id":"w54562559","properties":{"type":"apartments","levels":5.0,"address":"Osiedle Kolorowe 16","residential":true,"residents_est":65,"h3_10":"8a1e2e6ae487fff","h3_11":"8b1e2e6ae482fff"},"geometry":{"type":"Polygon","coordinates":[[[20.022201,50.073796],[20.022997,50.07368],[20.022986,50.073653],[20.024569,50.073427],[20.024611,50.073552],[20.023076,50.073771],[20.023084,50.073794],[20.022241,50.073914],[20.022201,50.073796]]]}},{"type":"Feature","id":"w54562560","properties":{"type":"apartments","levels":5.0,"address":"Osiedle Kolorowe 17A","residential":true,"residents_est":27,"h3_10":"8a1e2e6ae4affff","h3_11":"8b1e2e6ae4aafff"},"geometry":{"type":"Polygon","coordinates":[[[20.025158,50.073931],[20.025334,50.073905],[20.025578,50.074595],[20.025402,50.074621],[20.025158,50.073931]]]}},{"type":"Feature","id":"w54562563","properties":{"type":"apartments","levels":4.0,"address":"Osiedle Kolorowe 14","residential":true,"residents_est":20,"h3_10":"8a1e2e6ae48ffff","h3_11":"8b1e2e6ae48bfff"},"geometry":{"type":"Polygon","coordinates":[[[20.026405,50.072946],[20.026588,50.072934],[20.026693,50.073587],[20.02651,50.073599],[20.026405,50.072946]]]}},{"type":"Feature","id":"w54562564","properties":{"type":"apartments","levels":4.0,"address":"Osiedle Kolorowe 15","residential":true,"residents_est":21,"h3_10":"8a1e2e6ae48ffff","h3_11":"8b1e2e6ae48bfff"},"geometry":{"type":"Polygon","coordinates":[[[20.025803,50.072999],[20.025988,50.072988],[20.026082,50.073648],[20.025897,50.073659],[20.025803,50.072999]]]}},{"type":"Feature","id":"w54562565","properties":{"type":"apartments","levels":7.0,"address":"Osiedle Kolorowe 11A","residential":true,"residents_est":56,"h3_10":"8a1e2e6ae4f7fff","h3_11":"8b1e2e6ae4f2fff"},"geometry":{"type":"Polygon","coordinates":[[[20.026592,50.07388],[20.026776,50.073869],[20.026774,50.073831],[20.027272,50.073807],[20.027275,50.073828],[20.027302,50.073827],[20.027314,50.073949],[20.027338,50.073948],[20.027364,50.074199],[20.027398,50.074197],[20.027408,50.074276],[20.027437,50.074275],[20.027443,50.074341],[20.027485,50.07434],[20.0275,50.07445],[20.02741,50.074455],[20.027409,50.074446],[20.027387,50.074447],[20.027388,50.074456],[20.0273,50.074461],[20.027282,50.074295],[20.027247,50.074296],[20.027236,50.074192],[20.027207,50.074194],[20.027179,50.073953],[20.027086,50.073957],[20.027086,50.073981],[20.026606,50.074007],[20.026592,50.07388]]]}},{"type":"Feature","id":"w54562567","properties":{"type":"apartments","levels":5.0,"address":"Osiedle Kolorowe 6","residential":true,"residents_est":7,"h3_10":"8a1e2e6ae4f7fff","h3_11":"8b1e2e6ae4f5fff"},"geometry":{"type":"Polygon","coordinates":[[[20.027333,50.074778],[20.027335,50.074703],[20.027579,50.074705],[20.027577,50.074777],[20.027542,50.074777],[20.027542,50.074872],[20.027369,50.074871],[20.027371,50.074778],[20.027333,50.074778]]]}},{"type":"Feature","id":"w54562570","properties":{"type":"apartments","levels":5.0,"address":"Osiedle Kolorowe 3","residential":true,"residents_est":33,"h3_10":"8a1e2e6ae41ffff","h3_11":"8b1e2e6ae41bfff"},"geometry":{"type":"Polygon","coordinates":[[[20.02659,50.075387],[20.026599,50.075386],[20.0266,50.075391],[20.028078,50.075249],[20.028077,50.075243],[20.028085,50.075243],[20.028116,50.075356],[20.028106,50.075351],[20.026625,50.075495],[20.026626,50.0755],[20.026616,50.075501],[20.02659,50.075387]]]}},{"type":"Feature","id":"w54562575","properties":{"type":"apartments","levels":5.0,"address":"Osiedle Kolorowe 9","residential":true,"residents_est":28,"h3_10":"8a1e2e6ae4c7fff","h3_11":"8b1e2e6ae4c6fff"},"geometry":{"type":"Polygon","coordinates":[[[20.027987,50.074099],[20.028457,50.074052],[20.02846,50.074064],[20.029192,50.07399],[20.029218,50.074095],[20.029107,50.074106],[20.02911,50.074122],[20.029069,50.074126],[20.029066,50.074111],[20.028843,50.074134],[20.028846,50.074149],[20.028801,50.074154],[20.028797,50.074138],[20.028584,50.07416],[20.028588,50.074175],[20.028545,50.074179],[20.028542,50.074163],[20.028488,50.074169],[20.028485,50.074155],[20.028367,50.074167],[20.028371,50.074183],[20.028329,50.074188],[20.028325,50.074172],[20.028111,50.074193],[20.028115,50.074209],[20.028074,50.074213],[20.02807,50.074197],[20.028013,50.074203],[20.027987,50.074099]]]}},{"type":"Feature","id":"w54562577","properties":{"type":"apartments","levels":5.0,"address":"Osiedle Kolorowe 8","residential":true,"residents_est":27,"h3_10":"8a1e2e6ae4c7fff","h3_11":"8b1e2e6ae4c4fff"},"geometry":{"type":"Polygon","coordinates":[[[20.02808,50.074507],[20.028555,50.074459],[20.028557,50.07447],[20.02929,50.074398],[20.029314,50.0745],[20.029203,50.074511],[20.029208,50.074533],[20.029165,50.074537],[20.02916,50.074515],[20.028948,50.074536],[20.028953,50.074558],[20.02891,50.074562],[20.028905,50.07454],[20.028683,50.074562],[20.028689,50.074584],[20.028646,50.074588],[20.028641,50.074566],[20.028582,50.074571],[20.02858,50.07456],[20.028466,50.074571],[20.028471,50.074594],[20.028429,50.074598],[20.028423,50.074575],[20.028207,50.074597],[20.028212,50.074619],[20.028169,50.074623],[20.028164,50.074601],[20.028102,50.074607],[20.02808,50.074507]]]}},{"type":"Feature","id":"w54562578","properties":{"type":"apartments","levels":4.0,"address":"Osiedle Kolorowe 12","residential":true,"residents_est":20,"h3_10":"8a1e2e6ae4d7fff","h3_11":"8b1e2e6ae4d0fff"},"geometry":{"type":"Polygon","coordinates":[[[20.02756,50.072833],[20.02774,50.072822],[20.027836,50.073467],[20.027657,50.073478],[20.02756,50.072833]]]}},{"type":"Feature","id":"w54562579","properties":{"type":"apartments","levels":4.0,"address":"Osiedle Kolorowe 13","residential":true,"residents_est":20,"h3_10":"8a1e2e6ae4d7fff","h3_11":"8b1e2e6ae4d6fff"},"geometry":{"type":"Polygon","coordinates":[[[20.026979,50.072887],[20.02716,50.072875],[20.02726,50.073526],[20.027079,50.073538],[20.026979,50.072887]]]}},{"type":"Feature","id":"w54565402","properties":{"type":"apartments","levels":5.0,"address":"Osiedle Niepodległości 12","residential":true,"residents_est":9,"h3_10":"8a1e2e6ae52ffff","h3_11":"8b1e2e6ae52efff"},"geometry":{"type":"Polygon","coordinates":[[[20.024695,50.079943],[20.024702,50.07986],[20.024737,50.079861],[20.024744,50.07978],[20.024736,50.07978],[20.024742,50.079704],[20.024819,50.079707],[20.024823,50.079657],[20.024858,50.079658],[20.024855,50.079691],[20.024932,50.079694],[20.024925,50.07977],[20.024886,50.079769],[20.024872,50.079937],[20.024803,50.079934],[20.0248,50.079971],[20.024768,50.07997],[20.02477,50.079945],[20.024695,50.079943]]]}},{"type":"Feature","id":"w54565427","properties":{"type":"apartments","levels":5.0,"address":"Osiedle Niepodległości 9","residential":true,"residents_est":23,"h3_10":"8a1e2e6ae527fff","h3_11":"8b1e2e6ae521fff"},"geometry":{"type":"Polygon","coordinates":[[[20.023749,50.080183],[20.023767,50.080087],[20.024861,50.080172],[20.024842,50.080272],[20.024745,50.080265],[20.024743,50.080276],[20.024708,50.080273],[20.02471,50.08026],[20.024532,50.080246],[20.024529,50.080258],[20.024489,50.080255],[20.024492,50.080243],[20.024314,50.080228],[20.024311,50.08024],[20.024293,50.080239],[20.024275,50.080237],[20.024277,50.080226],[20.024097,50.080212],[20.024094,50.080222],[20.024075,50.080221],[20.024055,50.080219],[20.024057,50.080208],[20.02388,50.080194],[20.023878,50.080205],[20.023861,50.080204],[20.023843,50.080202],[20.023844,50.080191],[20.023749,50.080183]]]}},{"type":"Feature","id":"w80477433","properties":{"type":"retail","levels":1.0,"address":"Osiedle Kolorowe 45","residential":false,"residents_est":0,"h3_10":"8a1e2e6ae4dffff","h3_11":"8b1e2e6ae4dafff"},"geometry":{"type":"Polygon","coordinates":[[[20.028957,50.072674],[20.029135,50.072656],[20.029147,50.072702],[20.029045,50.072793],[20.029059,50.072854],[20.029007,50.072859],[20.028957,50.072674]]]}},{"type":"Feature","id":"w83075368","properties":{"type":"yes","residential":true,"residents_est":8,"h3_10":"8a1e2e6ae507fff","h3_11":"8b1e2e6ae502fff"},"geometry":{"type":"Polygon","coordinates":[[[20.023859,50.078753],[20.024281,50.078455],[20.024461,50.07856],[20.024049,50.078864],[20.023859,50.078753]]]}},{"type":"Feature","id":"w83075370","properties":{"type":"yes","residential":true,"residents_est":7,"h3_10":"8a1e2e6ae507fff","h3_11":"8b1e2e6ae506fff"},"geometry":{"type":"Polygon","coordinates":[[[20.023169,50.079142],[20.023695,50.078761],[20.023821,50.078834],[20.023296,50.079214],[20.023169,50.079142]]]}},{"type":"Feature","id":"w83075373","properties":{"type":"yes","residential":true,"residents_est":5,"h3_10":"8a1e2e6ae537fff","h3_11":"8b1e2e6ae533fff"},"geometry":{"type":"Polygon","coordinates":[[[20.022494,50.079091],[20.022765,50.078889],[20.022938,50.078984],[20.022666,50.079186],[20.022494,50.079091]]]}},{"type":"Feature","id":"w83075385","properties":{"type":"retail","levels":1.0,"address":"Bieńczycka 168","residential":false,"residents_est":0,"h3_10":"8a1e2e6ae51ffff","h3_11":"8b1e2e6ae51dfff"},"geometry":{"type":"Polygon","coordinates":[[[20.024667,50.078477],[20.024743,50.078417],[20.025048,50.078579],[20.024972,50.078638],[20.024667,50.078477]]]}},{"type":"Feature","id":"w83075389","properties":{"type":"roof","residential":false,"residents_est":0,"h3_10":"8a1e2e6ae50ffff","h3_11":"8b1e2e6ae50efff"},"geometry":{"type":"Polygon","coordinates":[[[20.025022,50.078607],[20.02508,50.078566],[20.025345,50.078775],[20.02527,50.078814],[20.025022,50.078607]]]}},{"type":"Feature","id":"w83075392","properties":{"type":"retail","levels":1.0,"residential":false,"residents_est":0,"h3_10":"8a1e2e6ae51ffff","h3_11":"8b1e2e6ae51cfff"},"geometry":{"type":"Polygon","coordinates":[[[20.024368,50.07828],[20.024398,50.078256],[20.024634,50.078379],[20.024584,50.078419],[20.024388,50.078317],[20.024368,50.07828]]]}},{"type":"Feature","id":"w83075393","properties":{"type":"retail","levels":1.0,"address":"Bieńczycka 19","residential":false,"residents_est":0,"h3_10":"8a1e2e6ae51ffff","h3_11":"8b1e2e6ae51cfff"},"geometry":{"type":"Polygon","coordinates":[[[20.023871,50.078257],[20.024012,50.078151],[20.024157,50.07823],[20.024026,50.07833],[20.023984,50.078307],[20.023975,50.078314],[20.023871,50.078257]]]}},{"type":"Feature","id":"w83075396","properties":{"type":"retail","residential":false,"residents_est":0,"h3_10":"8a1e2e6ae52ffff","h3_11":"8b1e2e6ae52afff"},"geometry":{"type":"Polygon","coordinates":[[[20.025212,50.079567],[20.025239,50.079532],[20.025269,50.079541],[20.025758,50.079406],[20.025829,50.079509],[20.02569,50.079547],[20.025708,50.079574],[20.025434,50.07965],[20.025416,50.079622],[20.025338,50.079644],[20.025325,50.079625],[20.025281,50.079635],[20.025212,50.079567]]]}},{"type":"Feature","id":"w83075397","properties":{"type":"retail","residential":false,"residents_est":0,"h3_10":"8a1e2e6ae507fff","h3_11":"8b1e2e6ae501fff"},"geometry":{"type":"Polygon","coordinates":[[[20.024761,50.078882],[20.024866,50.078802],[20.025399,50.079091],[20.025294,50.079171],[20.024761,50.078882]]]}},{"type":"Feature","id":"w83093355","properties":{"type":"apartments","levels":5.0,"address":"Osiedle Niepodległości 13","residential":true,"residents_est":9,"h3_10":"8a1e2e6ae507fff","h3_11":"8b1e2e6ae505fff"},"geometry":{"type":"Polygon","coordinates":[[[20.024242,50.079634],[20.024249,50.079551],[20.024284,50.079552],[20.024291,50.079471],[20.024283,50.079471],[20.024289,50.079396],[20.024366,50.079398],[20.02437,50.079348],[20.024405,50.079349],[20.024402,50.079382],[20.024479,50.079385],[20.024472,50.079461],[20.024433,50.07946],[20.024419,50.079628],[20.024351,50.079625],[20.024347,50.079662],[20.024315,50.079661],[20.024317,50.079636],[20.024242,50.079634]]]}},{"type":"Feature","id":"w83093363","properties":{"type":"retail","levels":1.0,"name":"Aston Nieruchomości","residential":false,"residents_est":0,"h3_10":"8a1e2e6ae52ffff","h3_11":"8b1e2e6ae52dfff"},"geometry":{"type":"Polygon","coordinates":[[[20.025834,50.080296],[20.025883,50.080262],[20.02595,50.080302],[20.0259,50.080336],[20.025834,50.080296]]]}},{"type":"Feature","id":"w83093373","properties":{"type":"retail","levels":1.0,"address":"Bieńczycka 15A","residential":false,"residents_est":0,"h3_10":"8a1e2e6ae587fff","h3_11":"8b1e2e6ae580fff"},"geometry":{"type":"Polygon","coordinates":[[[20.021511,50.076681],[20.021613,50.07667],[20.021634,50.076748],[20.021703,50.076742],[20.021725,50.076823],[20.021657,50.076831],[20.021663,50.076863],[20.021565,50.076875],[20.021511,50.076681]]]}},{"type":"Feature","id":"w83093389","properties":{"type":"retail","levels":1.0,"name":"Happy","residential":false,"residents_est":0,"h3_10":"8a1e2e6ae52ffff","h3_11":"8b1e2e6ae52dfff"},"geometry":{"type":"Polygon","coordinates":[[[20.025937,50.080188],[20.025985,50.080152],[20.026006,50.080164],[20.026024,50.08015],[20.026095,50.080187],[20.026049,50.080223],[20.026027,50.080212],[20.026009,50.080226],[20.025937,50.080188]]]}},{"type":"Feature","id":"w83093398","properties":{"type":"yes","levels":5.0,"address":"Osiedle Niepodległości 16","residential":true,"residents_est":4,"h3_10":"8a1e2e6ae537fff","h3_11":"8b1e2e6ae535fff"},"geometry":{"type":"Polygon","coordinates":[[[20.022678,50.079861],[20.022685,50.079778],[20.02272,50.07978],[20.022727,50.079699],[20.022719,50.079699],[20.022726,50.079623],[20.022803,50.079626],[20.022807,50.079575],[20.022841,50.079577],[20.022838,50.07961],[20.022915,50.079613],[20.022908,50.079689],[20.02287,50.079687],[20.022855,50.079855],[20.022787,50.079853],[20.022784,50.079889],[20.022751,50.079888],[20.022753,50.079864],[20.022678,50.079861]]]}},{"type":"Feature","id":"w83093414","properties":{"type":"detached","levels":1.0,"address":"Bieńczycka 11","residential":true,"residents_est":1,"h3_10":"8a1e2e6ae597fff","h3_11":"8b1e2e6ae590fff"},"geometry":{"type":"Polygon","coordinates":[[[20.020246,50.075917],[20.020394,50.075898],[20.020424,50.075998],[20.020276,50.076017],[20.020246,50.075917]]]}},{"type":"Feature","id":"w83093451","properties":{"type":"apartments","levels":5.0,"address":"Osiedle Niepodległości 14","residential":true,"residents_est":9,"h3_10":"8a1e2e6ae507fff","h3_11":"8b1e2e6ae504fff"},"geometry":{"type":"Polygon","coordinates":[[[20.023778,50.079546],[20.023785,50.079463],[20.02382,50.079464],[20.023827,50.079383],[20.023819,50.079383],[20.023825,50.079307],[20.023902,50.07931],[20.023906,50.07926],[20.023941,50.079261],[20.023938,50.079294],[20.024014,50.079297],[20.024008,50.079373],[20.023969,50.079372],[20.023955,50.079539],[20.023886,50.079537],[20.023883,50.079574],[20.02385,50.079572],[20.023852,50.079548],[20.023778,50.079546]]]}},{"type":"Feature","id":"w83093480","properties":{"type":"yes","residential":true,"residents_est":3,"h3_10":"8a1e2e6ae507fff","h3_11":"8b1e2e6ae502fff"},"geometry":{"type":"Polygon","coordinates":[[[20.023758,50.078701],[20.024131,50.078436],[20.024238,50.07845],[20.023832,50.078744],[20.023758,50.078701]]]}},{"type":"Feature","id":"w83093484","properties":{"type":"detached","levels":1.0,"address":"Bieńczycka 15","residential":true,"residents_est":0,"h3_10":"8a1e2e6ae587fff","h3_11":"8b1e2e6ae582fff"},"geometry":{"type":"Polygon","coordinates":[[[20.021265,50.076375],[20.021379,50.076365],[20.021397,50.07645],[20.021283,50.07646],[20.021265,50.076375]]]}},{"type":"Feature","id":"w83093528","properties":{"type":"yes","levels":5.0,"address":"Osiedle Niepodległości 15","residential":true,"residents_est":4,"h3_10":"8a1e2e6ae537fff","h3_11":"8b1e2e6ae531fff"},"geometry":{"type":"Polygon","coordinates":[[[20.023232,50.079643],[20.023239,50.07956],[20.023274,50.079561],[20.023281,50.079481],[20.023273,50.07948],[20.023279,50.079405],[20.023356,50.079407],[20.02336,50.079357],[20.023395,50.079358],[20.023392,50.079391],[20.023468,50.079394],[20.023462,50.07947],[20.023423,50.079469],[20.023409,50.079637],[20.02334,50.079634],[20.023337,50.079671],[20.023304,50.07967],[20.023307,50.079645],[20.023232,50.079643]]]}},{"type":"Feature","id":"w83093531","properties":{"type":"yes","levels":5.0,"address":"Osiedle Niepodległości 17","residential":true,"residents_est":4,"h3_10":"8a1e2e6ae537fff","h3_11":"8b1e2e6ae534fff"},"geometry":{"type":"Polygon","coordinates":[[[20.022126,50.080125],[20.022133,50.080042],[20.022168,50.080044],[20.022175,50.079963],[20.022167,50.079963],[20.022173,50.079887],[20.02225,50.07989],[20.022254,50.079839],[20.022289,50.079841],[20.022286,50.079874],[20.022362,50.079877],[20.022356,50.079953],[20.022317,50.079951],[20.022303,50.080119],[20.022234,50.080117],[20.022231,50.080153],[20.022198,50.080152],[20.022201,50.080128],[20.022126,50.080125]]]}},{"type":"Feature","id":"w83093576","properties":{"type":"apartments","levels":5.0,"address":"Osiedle Niepodległości 11","residential":true,"residents_est":9,"h3_10":"8a1e2e6ae52ffff","h3_11":"8b1e2e6ae52cfff"},"geometry":{"type":"Polygon","coordinates":[[[20.0252,50.08032],[20.025209,50.080237],[20.025241,50.080237],[20.025256,50.080083],[20.025328,50.080085],[20.025333,50.080034],[20.025371,50.080036],[20.025369,50.080071],[20.025442,50.080075],[20.025434,50.080153],[20.025391,50.080151],[20.025381,50.080314],[20.02531,50.080311],[20.025307,50.080352],[20.025268,50.08035],[20.025269,50.080324],[20.0252,50.08032]]]}},{"type":"Feature","id":"w83093591","properties":{"type":"retail","levels":2.0,"address":"Bieńczycka 15A","residential":false,"residents_est":0,"h3_10":"8a1e2e6ae587fff","h3_11":"8b1e2e6ae580fff"},"geometry":{"type":"Polygon","coordinates":[[[20.02145,50.076486],[20.021702,50.07662],[20.021716,50.076659],[20.021511,50.076681],[20.02145,50.076486]]]}},{"type":"Feature","id":"w83115661","properties":{"type":"garages","address":"Osiedle Spółdzielcze 14a","residential":false,"residents_est":0,"h3_10":"8a1e2e6ae477fff","h3_11":"8b1e2e6ae472fff"},"geometry":{"type":"Polygon","coordinates":[[[20.029288,50.076631],[20.029347,50.076585],[20.029582,50.076707],[20.029523,50.076754],[20.029288,50.076631]]]}},{"type":"Feature","id":"w83115662","properties":{"type":"retail","levels":1.0,"address":"Osiedle Kolorowe 9B","residential":false,"residents_est":0,"h3_10":"8a1e2e6ae4c7fff","h3_11":"8b1e2e6ae4c3fff"},"geometry":{"type":"Polygon","coordinates":[[[20.02904,50.073642],[20.029189,50.073627],[20.029203,50.07369],[20.029055,50.073704],[20.02904,50.073642]]]}},{"type":"Feature","id":"w83115664","properties":{"type":"apartments","levels":5.0,"address":"Osiedle Kolorowe 4","residential":true,"residents_est":7,"h3_10":"8a1e2e6ae41ffff","h3_11":"8b1e2e6ae41afff"},"geometry":{"type":"Polygon","coordinates":[[[20.0263,50.075031],[20.026301,50.074956],[20.026364,50.07496],[20.026547,50.074954],[20.026548,50.075027],[20.026511,50.075028],[20.026512,50.075122],[20.026339,50.075123],[20.026338,50.075031],[20.0263,50.075031]]]}},{"type":"Feature","id":"w83115669","properties":{"type":"apartments","levels":5.0,"address":"Osiedle Kolorowe 10A","residential":true,"residents_est":7,"h3_10":"8a1e2e6ae41ffff","h3_11":"8b1e2e6ae41efff"},"geometry":{"type":"Polygon","coordinates":[[[20.026012,50.07549],[20.026255,50.075485],[20.026257,50.075564],[20.026217,50.075565],[20.026219,50.075654],[20.026049,50.075655],[20.026049,50.075564],[20.026013,50.075564],[20.026012,50.07549]]]}},{"type":"Feature","id":"w83115681","properties":{"type":"garages","address":"Osiedle Spółdzielcze 2a","residential":false,"residents_est":0,"h3_10":"8a1e2e6ae477fff","h3_11":"8b1e2e6ae476fff"},"geometry":{"type":"Polygon","coordinates":[[[20.02911,50.076767],[20.029172,50.076718],[20.029407,50.076842],[20.029346,50.07689],[20.02911,50.076767]]]}},{"type":"Feature","id":"w83115686","properties":{"type":"garages","address":"Osiedle Kolorowe 5A","residential":false,"residents_est":0,"h3_10":"8a1e2e6ae4affff","h3_11":"8b1e2e6ae4abfff"},"geometry":{"type":"Polygon","coordinates":[[[20.025928,50.074341],[20.026465,50.074287],[20.026481,50.074354],[20.025944,50.074408],[20.025928,50.074341]]]}},{"type":"Feature","id":"w83115690","properties":{"type":"garages","address":"Osiedle Kolorowe 18A","residential":false,"residents_est":0,"h3_10":"8a1e2e6ae487fff","h3_11":"8b1e2e6ae480fff"},"geometry":{"type":"Polygon","coordinates":[[[20.02408,50.073809],[20.024296,50.073777],[20.024318,50.07384],[20.024102,50.073872],[20.02408,50.073809]]]}},{"type":"Feature","id":"w83115693","properties":{"type":"kindergarten","levels":2.0,"address":"Osiedle Spółdzielcze 5","residential":false,"residents_est":0,"h3_10":"8a1e2e6ae407fff","h3_11":"8b1e2e6ae406fff"},"geometry":{"type":"Polygon","coordinates":[[[20.026012,50.076667],[20.026071,50.076544],[20.026531,50.076634],[20.026473,50.076757],[20.026012,50.076667]]]}},{"type":"Feature","id":"w83115696","properties":{"type":"garages","address":"Osiedle Kolorowe 18B","residential":false,"residents_est":0,"h3_10":"8a1e2e6ae487fff","h3_11":"8b1e2e6ae486fff"},"geometry":{"type":"Polygon","coordinates":[[[20.023418,50.073915],[20.023628,50.073885],[20.023647,50.073941],[20.023436,50.073971],[20.023418,50.073915]]]}},{"type":"Feature","id":"w83115698","properties":{"type":"garages","address":"Osiedle Kolorowe 19A","residential":false,"residents_est":0,"h3_10":"8a1e2e6ae4b7fff","h3_11":"8b1e2e6ae4b3fff"},"geometry":{"type":"Polygon","coordinates":[[[20.022584,50.074031],[20.022923,50.073985],[20.022943,50.074043],[20.022604,50.07409],[20.022584,50.074031]]]}},{"type":"Feature","id":"w83115702","properties":{"type":"detached","levels":1.0,"address":"Osiedle Kolorowe 39","residential":true,"residents_est":1,"h3_10":"8a1e2e6ae417fff","h3_11":"8b1e2e6ae415fff"},"geometry":{"type":"Polygon","coordinates":[[[20.025204,50.076076],[20.025389,50.076054],[20.025421,50.076164],[20.025236,50.076186],[20.025204,50.076076]]]}},{"type":"Feature","id":"w83115705","properties":{"type":"garages","residential":false,"residents_est":0,"h3_10":"8a1e2e6ae407fff","h3_11":"8b1e2e6ae401fff"},"geometry":{"type":"Polygon","coordinates":[[[20.027222,50.076822],[20.027467,50.076637],[20.027609,50.076713],[20.027364,50.076902],[20.027222,50.076822]]]}},{"type":"Feature","id":"w83115707","properties":{"type":"retail","levels":1.0,"address":"Osiedle Kolorowe 9A","residential":false,"residents_est":0,"h3_10":"8a1e2e6ae4c7fff","h3_11":"8b1e2e6ae4c3fff"},"geometry":{"type":"Polygon","coordinates":[[[20.029091,50.073736],[20.02921,50.073724],[20.029225,50.073783],[20.029179,50.073788],[20.029183,50.073808],[20.02911,50.073815],[20.029091,50.073736]]]}},{"type":"Feature","id":"w83115712","properties":{"type":"garages","address":"Osiedle Kolorowe 3A","residential":false,"residents_est":0,"h3_10":"8a1e2e6ae4e7fff","h3_11":"8b1e2e6ae4e6fff"},"geometry":{"type":"Polygon","coordinates":[[[20.027762,50.074933],[20.027846,50.074917],[20.027883,50.075021],[20.027805,50.075035],[20.027762,50.074933]]]}},{"type":"Feature","id":"w83115718","properties":{"type":"garages","levels":1.0,"address":"Osiedle Spółdzielcze 8A","residential":false,"residents_est":0,"h3_10":"8a1e2e6ae427fff","h3_11":"8b1e2e6ae425fff"},"geometry":{"type":"Polygon","coordinates":[[[20.026412,50.078002],[20.02647,50.077957],[20.026836,50.07815],[20.026778,50.078195],[20.026412,50.078002]]]}},{"type":"Feature","id":"w83115719","properties":{"type":"garages","address":"Osiedle Spółdzielcze 7a","residential":false,"residents_est":0,"h3_10":"8a1e2e6ae427fff","h3_11":"8b1e2e6ae425fff"},"geometry":{"type":"Polygon","coordinates":[[[20.026537,50.077906],[20.026644,50.077824],[20.027003,50.078015],[20.026897,50.078097],[20.026537,50.077906]]]}},{"type":"Feature","id":"w83115720","properties":{"type":"garages","address":"Osiedle Spółdzielcze 1a","residential":false,"residents_est":0,"h3_10":"8a1e2e6ae477fff","h3_11":"8b1e2e6ae476fff"},"geometry":{"type":"Polygon","coordinates":[[[20.028977,50.076872],[20.029046,50.076816],[20.029285,50.076939],[20.029216,50.076994],[20.028977,50.076872]]]}},{"type":"Feature","id":"w83115723","properties":{"type":"apartments","levels":5.0,"address":"Osiedle Kolorowe 1","residential":true,"residents_est":7,"h3_10":"8a1e2e6ae4e7fff","h3_11":"8b1e2e6ae4e1fff"},"geometry":{"type":"Polygon","coordinates":[[[20.029082,50.075211],[20.029262,50.075195],[20.029261,50.075191],[20.02932,50.075183],[20.029336,50.07526],[20.029303,50.075262],[20.029325,50.075356],[20.029156,50.075372],[20.029132,50.075277],[20.0291,50.075281],[20.029082,50.075211]]]}},{"type":"Feature","id":"w83115728","properties":{"type":"apartments","levels":5.0,"address":"Osiedle Kolorowe 7","residential":true,"residents_est":28,"h3_10":"8a1e2e6ae4e7fff","h3_11":"8b1e2e6ae4e0fff"},"geometry":{"type":"Polygon","coordinates":[[[20.028174,50.07491],[20.028651,50.074864],[20.028653,50.074874],[20.029386,50.074802],[20.029411,50.074905],[20.029295,50.074916],[20.029299,50.074932],[20.029259,50.074936],[20.029255,50.07492],[20.029039,50.074942],[20.029042,50.074957],[20.029022,50.074959],[20.029001,50.074961],[20.028997,50.074946],[20.028782,50.074967],[20.028786,50.074983],[20.028744,50.074987],[20.02874,50.074971],[20.028676,50.074977],[20.028674,50.074967],[20.028561,50.074978],[20.028565,50.074994],[20.028523,50.074998],[20.028519,50.074982],[20.0283,50.075004],[20.028305,50.07502],[20.028264,50.075024],[20.02826,50.075008],[20.028199,50.075014],[20.028174,50.07491]]]}},{"type":"Feature","id":"w83115739","properties":{"type":"apartments","levels":5.0,"address":"Osiedle Kolorowe 5","residential":true,"residents_est":7,"h3_10":"8a1e2e6ae4f7fff","h3_11":"8b1e2e6ae4f4fff"},"geometry":{"type":"Polygon","coordinates":[[[20.026697,50.074601],[20.026698,50.074527],[20.026938,50.074528],[20.026937,50.074609],[20.026904,50.074609],[20.026903,50.074703],[20.026729,50.074702],[20.02673,50.074601],[20.026697,50.074601]]]}},{"type":"Feature","id":"w83115751","properties":{"type":"apartments","levels":4.0,"address":"Osiedle Spółdzielcze 5b","residential":true,"residents_est":6,"h3_10":"8a1e2e6ae42ffff","h3_11":"8b1e2e6ae42bfff"},"geometry":{"type":"Polygon","coordinates":[[[20.02849,50.07699],[20.028647,50.07687],[20.028735,50.076917],[20.028712,50.076935],[20.028823,50.076994],[20.028712,50.07708],[20.028602,50.07702],[20.028579,50.077038],[20.02849,50.07699]]]}},{"type":"Feature","id":"w83115753","properties":{"type":"house","levels":1.0,"address":"Osiedle Kolorowe 40","residential":true,"residents_est":1,"h3_10":"8a1e2e6ae417fff","h3_11":"8b1e2e6ae416fff"},"geometry":{"type":"Polygon","coordinates":[[[20.024637,50.07589],[20.024693,50.075884],[20.024689,50.075866],[20.024755,50.07586],[20.024759,50.075876],[20.024826,50.075869],[20.024851,50.075972],[20.024786,50.075979],[20.024788,50.07599],[20.024751,50.075994],[20.024714,50.075997],[20.024711,50.075986],[20.024662,50.075991],[20.024637,50.07589]]]}},{"type":"Feature","id":"w83115757","properties":{"type":"garages","residential":false,"residents_est":0,"h3_10":"8a1e2e6ae42ffff","h3_11":"8b1e2e6ae42afff"},"geometry":{"type":"Polygon","coordinates":[[[20.027462,50.076913],[20.027684,50.076744],[20.027763,50.076787],[20.027541,50.076955],[20.027462,50.076913]]]}},{"type":"Feature","id":"w83115765","properties":{"type":"kiosk","name":"Rato kebab","residential":false,"residents_est":0,"h3_10":"8a1e2e6ae4c7fff","h3_11":"8b1e2e6ae4c3fff"},"geometry":{"type":"Polygon","coordinates":[[[20.029057,50.073539],[20.029114,50.073534],[20.029121,50.073567],[20.029064,50.073572],[20.029057,50.073539]]]}},{"type":"Feature","id":"w83115767","properties":{"type":"house","levels":1.0,"address":"Osiedle Kolorowe 41","residential":true,"residents_est":1,"h3_10":"8a1e2e6ae437fff","h3_11":"8b1e2e6ae433fff"},"geometry":{"type":"Polygon","coordinates":[[[20.025202,50.076476],[20.02544,50.076429],[20.025502,50.076557],[20.025263,50.076604],[20.025202,50.076476]]]}},{"type":"Feature","id":"w83156441","properties":{"type":"retail","levels":2.0,"address":"Osiedle Kolorowe 16B","residential":false,"residents_est":0,"h3_10":"8a1e2e6ae48ffff","h3_11":"8b1e2e6ae48efff"},"geometry":{"type":"Polygon","coordinates":[[[20.024994,50.073595],[20.025009,50.07355],[20.025098,50.073544],[20.025129,50.073586],[20.025112,50.073631],[20.025025,50.073637],[20.024994,50.073595]]]}},{"type":"Feature","id":"w83156466","properties":{"type":"detached","levels":1.0,"address":"Osiedle Kolorowe 40A","residential":true,"residents_est":1,"h3_10":"8a1e2e6ae417fff","h3_11":"8b1e2e6ae414fff"},"geometry":{"type":"Polygon","coordinates":[[[20.024925,50.076007],[20.025021,50.075997],[20.025063,50.076169],[20.024967,50.076179],[20.024925,50.076007]]]}},{"type":"Feature","id":"w83156476","properties":{"type":"roof","residential":false,"residents_est":0,"h3_10":"8a1e2e6ae417fff","h3_11":"8b1e2e6ae414fff"},"geometry":{"type":"Polygon","coordinates":[[[20.024953,50.076251],[20.025037,50.076244],[20.025052,50.076312],[20.024968,50.076317],[20.024953,50.076251]]]}},{"type":"Feature","id":"w83156479","properties":{"type":"shed","address":"Osiedle Kolorowe 4A","residential":false,"residents_est":0,"h3_10":"8a1e2e6ae417fff","h3_11":"8b1e2e6ae412fff"},"geometry":{"type":"Polygon","coordinates":[[[20.024783,50.075598],[20.02487,50.075589],[20.024879,50.075622],[20.024791,50.075632],[20.024783,50.075598]]]}},{"type":"Feature","id":"w125175164","properties":{"type":"detached","levels":1.0,"address":"Osiedle Kolorowe 36","residential":true,"residents_est":1,"h3_10":"8a1e2e6ae4b7fff","h3_11":"8b1e2e6ae4b2fff"},"geometry":{"type":"Polygon","coordinates":[[[20.021597,50.073895],[20.021721,50.073882],[20.021742,50.073962],[20.021617,50.073975],[20.021597,50.073895]]]}},{"type":"Feature","id":"w125175166","properties":{"type":"detached","levels":1.0,"address":"Osiedle Kolorowe 37","residential":true,"residents_est":0,"h3_10":"8a1e2e6ae4b7fff","h3_11":"8b1e2e6ae4b2fff"},"geometry":{"type":"Polygon","coordinates":[[[20.021845,50.073868],[20.021975,50.073855],[20.021994,50.073926],[20.021954,50.073931],[20.021958,50.073946],[20.021924,50.073949],[20.02192,50.073934],[20.021863,50.07394],[20.021845,50.073868]]]}},{"type":"Feature","id":"w127029786","properties":{"type":"apartments","levels":11.0,"address":"Osiedle Handlowe 6","residential":true,"residents_est":13,"h3_10":"8a1e2e6ae45ffff","h3_11":"8b1e2e6ae45afff"},"geometry":{"type":"Polygon","coordinates":[[[20.03142,50.075014],[20.031582,50.074898],[20.031726,50.074978],[20.031659,50.075025],[20.031638,50.075013],[20.031538,50.075083],[20.03142,50.075014]]]}},{"type":"Feature","id":"w127029792","properties":{"type":"garages","levels":1.0,"address":"Osiedle Handlowe 1a","residential":false,"residents_est":0,"h3_10":"8a1e2e6ae4dffff","h3_11":"8b1e2e6ae4d9fff"},"geometry":{"type":"Polygon","coordinates":[[[20.03024,50.072842],[20.030629,50.072802],[20.030644,50.072863],[20.030254,50.072901],[20.03024,50.072842]]]}},{"type":"Feature","id":"w128266882","properties":{"type":"apartments","levels":5.0,"address":"Osiedle Spółdzielcze 5a","residential":true,"residents_est":7,"h3_10":"8a1e2e6ae42ffff","h3_11":"8b1e2e6ae42efff"},"geometry":{"type":"Polygon","coordinates":[[[20.027205,50.077402],[20.02736,50.077285],[20.027443,50.077331],[20.027422,50.077347],[20.027534,50.077408],[20.027423,50.077491],[20.02732,50.077435],[20.027297,50.077452],[20.027205,50.077402]]]}},{"type":"Feature","id":"w128266951","properties":{"type":"retail","levels":1.0,"residential":false,"residents_est":0,"h3_10":"8a1e2e6ae557fff","h3_11":"8b1e2e6ae554fff"},"geometry":{"type":"Polygon","coordinates":[[[20.027534,50.078845],[20.027672,50.078738],[20.027769,50.078789],[20.027631,50.078896],[20.027534,50.078845]]]}},{"type":"Feature","id":"w128266952","properties":{"type":"retail","levels":1.0,"address":"Osiedle Spółdzielcze 8B","name":"Fortuna","residential":false,"residents_est":0,"h3_10":"8a1e2e6ae50ffff","h3_11":"8b1e2e6ae509fff"},"geometry":{"type":"Polygon","coordinates":[[[20.026876,50.078681],[20.026928,50.078638],[20.027081,50.078715],[20.027029,50.078757],[20.026876,50.078681]]]}},{"type":"Feature","id":"w128266954","properties":{"type":"apartments","levels":5.0,"address":"Osiedle Spółdzielcze 16","residential":true,"residents_est":15,"h3_10":"8a1e2e6ae477fff","h3_11":"8b1e2e6ae470fff"},"geometry":{"type":"Polygon","coordinates":[[[20.02959,50.076942],[20.029983,50.076642],[20.030121,50.076717],[20.029728,50.077016],[20.02959,50.076942]]]}},{"type":"Feature","id":"w128266955","properties":{"type":"apartments","levels":4.0,"address":"Osiedle Spółdzielcze 7","residential":true,"residents_est":16,"h3_10":"8a1e2e6ae427fff","h3_11":"8b1e2e6ae423fff"},"geometry":{"type":"Polygon","coordinates":[[[20.026517,50.077452],[20.027035,50.077056],[20.027178,50.077133],[20.02666,50.077529],[20.026517,50.077452]]]}},{"type":"Feature","id":"w160404856","properties":{"type":"retail","residential":false,"residents_est":0,"h3_10":"8a1e2e6ae507fff","h3_11":"8b1e2e6ae501fff"},"geometry":{"type":"Polygon","coordinates":[[[20.024782,50.079006],[20.024827,50.078972],[20.024935,50.07903],[20.02489,50.079065],[20.024782,50.079006]]]}},{"type":"Feature","id":"w160404857","properties":{"type":"retail","residential":false,"residents_est":0,"h3_10":"8a1e2e6ae507fff","h3_11":"8b1e2e6ae501fff"},"geometry":{"type":"Polygon","coordinates":[[[20.02456,50.079002],[20.024613,50.078961],[20.024722,50.07902],[20.024668,50.07906],[20.02456,50.079002]]]}},{"type":"Feature","id":"w160404858","properties":{"type":"retail","residential":false,"residents_est":0,"h3_10":"8a1e2e6ae50ffff","h3_11":"8b1e2e6ae50cfff"},"geometry":{"type":"Polygon","coordinates":[[[20.025423,50.079195],[20.025545,50.079161],[20.025572,50.0792],[20.025449,50.079234],[20.025423,50.079195]]]}},{"type":"Feature","id":"w160404859","properties":{"type":"retail","residential":false,"residents_est":0,"h3_10":"8a1e2e6ae507fff","h3_11":"8b1e2e6ae503fff"},"geometry":{"type":"Polygon","coordinates":[[[20.024346,50.078769],[20.024397,50.07873],[20.024505,50.078789],[20.024455,50.078827],[20.024346,50.078769]]]}},{"type":"Feature","id":"w160404860","properties":{"type":"retail","residential":false,"residents_est":0,"h3_10":"8a1e2e6ae50ffff","h3_11":"8b1e2e6ae50efff"},"geometry":{"type":"Polygon","coordinates":[[[20.024928,50.078709],[20.02495,50.078692],[20.025165,50.078803],[20.025143,50.07882],[20.024928,50.078709]]]}},{"type":"Feature","id":"w160404861","properties":{"type":"retail","residential":false,"residents_est":0,"h3_10":"8a1e2e6ae50ffff","h3_11":"8b1e2e6ae50cfff"},"geometry":{"type":"Polygon","coordinates":[[[20.02566,50.079116],[20.025713,50.079091],[20.025888,50.079238],[20.025835,50.079264],[20.02566,50.079116]]]}},{"type":"Feature","id":"w160404863","properties":{"type":"retail","residential":false,"residents_est":0,"h3_10":"8a1e2e6ae507fff","h3_11":"8b1e2e6ae503fff"},"geometry":{"type":"Polygon","coordinates":[[[20.024255,50.078833],[20.024309,50.078792],[20.024417,50.078851],[20.024364,50.078892],[20.024255,50.078833]]]}},{"type":"Feature","id":"w160404865","properties":{"type":"retail","residential":false,"residents_est":0,"h3_10":"8a1e2e6ae507fff","h3_11":"8b1e2e6ae503fff"},"geometry":{"type":"Polygon","coordinates":[[[20.024425,50.078709],[20.024479,50.078668],[20.024587,50.078727],[20.024534,50.078768],[20.024425,50.078709]]]}},{"type":"Feature","id":"w160404867","properties":{"type":"retail","levels":1.0,"residential":false,"residents_est":0,"h3_10":"8a1e2e6ae52ffff","h3_11":"8b1e2e6ae52bfff"},"geometry":{"type":"Polygon","coordinates":[[[20.025849,50.079394],[20.025913,50.079377],[20.025967,50.079453],[20.025903,50.079473],[20.025849,50.079394]]]}},{"type":"Feature","id":"w160404868","properties":{"type":"retail","levels":1.0,"residential":false,"residents_est":0,"h3_10":"8a1e2e6ae52ffff","h3_11":"8b1e2e6ae52bfff"},"geometry":{"type":"Polygon","coordinates":[[[20.025947,50.079341],[20.025978,50.079329],[20.026088,50.079442],[20.026057,50.079454],[20.025947,50.079341]]]}},{"type":"Feature","id":"w160404869","properties":{"type":"retail","residential":false,"residents_est":0,"h3_10":"8a1e2e6ae50ffff","h3_11":"8b1e2e6ae50cfff"},"geometry":{"type":"Polygon","coordinates":[[[20.02559,50.079285],[20.025655,50.079266],[20.025673,50.07929],[20.025607,50.079309],[20.02559,50.079285]]]}},{"type":"Feature","id":"w160404871","properties":{"type":"retail","residential":false,"residents_est":0,"h3_10":"8a1e2e6ae507fff","h3_11":"8b1e2e6ae501fff"},"geometry":{"type":"Polygon","coordinates":[[[20.024966,50.079218],[20.025019,50.079177],[20.025128,50.079236],[20.025075,50.079276],[20.024966,50.079218]]]}},{"type":"Feature","id":"w160404872","properties":{"type":"retail","residential":false,"residents_est":0,"h3_10":"8a1e2e6ae50ffff","h3_11":"8b1e2e6ae50cfff"},"geometry":{"type":"Polygon","coordinates":[[[20.025602,50.079345],[20.025725,50.07931],[20.025756,50.079353],[20.025632,50.079388],[20.025602,50.079345]]]}},{"type":"Feature","id":"w160404873","properties":{"type":"retail","residential":false,"residents_est":0,"h3_10":"8a1e2e6ae507fff","h3_11":"8b1e2e6ae503fff"},"geometry":{"type":"Polygon","coordinates":[[[20.024513,50.078646],[20.024566,50.078606],[20.024675,50.078664],[20.024622,50.078705],[20.024513,50.078646]]]}},{"type":"Feature","id":"w160404874","properties":{"type":"retail","residential":false,"residents_est":0,"h3_10":"8a1e2e6ae507fff","h3_11":"8b1e2e6ae501fff"},"geometry":{"type":"Polygon","coordinates":[[[20.024917,50.079079],[20.024964,50.079043],[20.025073,50.079102],[20.025026,50.079138],[20.024917,50.079079]]]}},{"type":"Feature","id":"w160404875","properties":{"type":"retail","residential":false,"residents_est":0,"h3_10":"8a1e2e6ae507fff","h3_11":"8b1e2e6ae503fff"},"geometry":{"type":"Polygon","coordinates":[[[20.024476,50.07884],[20.024525,50.078803],[20.024633,50.078863],[20.024583,50.0789],[20.024476,50.07884]]]}},{"type":"Feature","id":"w160404876","properties":{"type":"retail","residential":false,"residents_est":0,"h3_10":"8a1e2e6ae507fff","h3_11":"8b1e2e6ae503fff"},"geometry":{"type":"Polygon","coordinates":[[[20.024643,50.078936],[20.02469,50.078899],[20.024799,50.078958],[20.024752,50.078995],[20.024643,50.078936]]]}},{"type":"Feature","id":"w160404877","properties":{"type":"retail","residential":false,"residents_est":0,"h3_10":"8a1e2e6ae507fff","h3_11":"8b1e2e6ae503fff"},"geometry":{"type":"Polygon","coordinates":[[[20.024384,50.078903],[20.024438,50.078863],[20.024545,50.078923],[20.024491,50.078963],[20.024384,50.078903]]]}},{"type":"Feature","id":"w160404878","properties":{"type":"retail","residential":false,"residents_est":0,"h3_10":"8a1e2e6ae507fff","h3_11":"8b1e2e6ae503fff"},"geometry":{"type":"Polygon","coordinates":[[[20.024556,50.078781],[20.024611,50.078741],[20.024718,50.078801],[20.024664,50.078841],[20.024556,50.078781]]]}},{"type":"Feature","id":"w160404881","properties":{"type":"retail","residential":false,"residents_est":0,"h3_10":"8a1e2e6ae507fff","h3_11":"8b1e2e6ae503fff"},"geometry":{"type":"Polygon","coordinates":[[[20.024645,50.078719],[20.024699,50.078679],[20.024807,50.078738],[20.024753,50.078778],[20.024645,50.078719]]]}},{"type":"Feature","id":"w160404882","properties":{"type":"retail","residential":false,"residents_est":0,"h3_10":"8a1e2e6ae507fff","h3_11":"8b1e2e6ae501fff"},"geometry":{"type":"Polygon","coordinates":[[[20.025052,50.079152],[20.025101,50.079114],[20.02521,50.079173],[20.025161,50.07921],[20.025052,50.079152]]]}},{"type":"Feature","id":"w160404886","properties":{"type":"retail","residential":false,"residents_est":0,"h3_10":"8a1e2e6ae507fff","h3_11":"8b1e2e6ae501fff"},"geometry":{"type":"Polygon","coordinates":[[[20.02483,50.079145],[20.024883,50.079104],[20.024992,50.079163],[20.024938,50.079203],[20.02483,50.079145]]]}},{"type":"Feature","id":"w160404887","properties":{"type":"retail","residential":false,"residents_est":0,"h3_10":"8a1e2e6ae507fff","h3_11":"8b1e2e6ae501fff"},"geometry":{"type":"Polygon","coordinates":[[[20.024692,50.079071],[20.024746,50.07903],[20.024854,50.079088],[20.024801,50.079129],[20.024692,50.079071]]]}},{"type":"Feature","id":"w160404888","properties":{"type":"retail","residential":false,"residents_est":0,"h3_10":"8a1e2e6ae50ffff","h3_11":"8b1e2e6ae50efff"},"geometry":{"type":"Polygon","coordinates":[[[20.025337,50.078926],[20.025371,50.078899],[20.025584,50.079011],[20.025549,50.079038],[20.025337,50.078926]]]}},{"type":"Feature","id":"w160407131","properties":{"type":"yes","residential":false,"residents_est":0,"h3_10":"8a1e2e6ae517fff","h3_11":"8b1e2e6ae511fff"},"geometry":{"type":"Polygon","coordinates":[[[20.023546,50.078287],[20.023581,50.078261],[20.023664,50.078307],[20.023629,50.078333],[20.023546,50.078287]]]}},{"type":"Feature","id":"w160407134","properties":{"type":"yes","residential":false,"residents_est":0,"h3_10":"8a1e2e6ae517fff","h3_11":"8b1e2e6ae511fff"},"geometry":{"type":"Polygon","coordinates":[[[20.023381,50.078195],[20.023417,50.078169],[20.02346,50.078194],[20.023425,50.07822],[20.023381,50.078195]]]}},{"type":"Feature","id":"w160407137","properties":{"type":"yes","residential":true,"residents_est":1,"h3_10":"8a1e2e6ae517fff","h3_11":"8b1e2e6ae511fff"},"geometry":{"type":"Polygon","coordinates":[[[20.023351,50.078437],[20.023427,50.078382],[20.02351,50.078429],[20.023435,50.078484],[20.023351,50.078437]]]}},{"type":"Feature","id":"w160407140","properties":{"type":"yes","residential":false,"residents_est":0,"h3_10":"8a1e2e6ae517fff","h3_11":"8b1e2e6ae511fff"},"geometry":{"type":"Polygon","coordinates":[[[20.023363,50.078322],[20.023432,50.07827],[20.023468,50.07829],[20.023399,50.078342],[20.023363,50.078322]]]}},{"type":"Feature","id":"w160407143","properties":{"type":"yes","residential":false,"residents_est":0,"h3_10":"8a1e2e6ae517fff","h3_11":"8b1e2e6ae515fff"},"geometry":{"type":"Polygon","coordinates":[[[20.022987,50.078597],[20.023056,50.078544],[20.023092,50.078564],[20.023022,50.078616],[20.022987,50.078597]]]}},{"type":"Feature","id":"w160407144","properties":{"type":"yes","residential":false,"residents_est":0,"h3_10":"8a1e2e6ae517fff","h3_11":"8b1e2e6ae511fff"},"geometry":{"type":"Polygon","coordinates":[[[20.023462,50.078241],[20.023499,50.078214],[20.02354,50.078237],[20.023503,50.078264],[20.023462,50.078241]]]}},{"type":"Feature","id":"w160407145","properties":{"type":"yes","residential":false,"residents_est":0,"h3_10":"8a1e2e6ae517fff","h3_11":"8b1e2e6ae511fff"},"geometry":{"type":"Polygon","coordinates":[[[20.023308,50.078246],[20.023342,50.07822],[20.023393,50.078247],[20.023358,50.078274],[20.023308,50.078246]]]}},{"type":"Feature","id":"w160407147","properties":{"type":"yes","residential":false,"residents_est":0,"h3_10":"8a1e2e6ae517fff","h3_11":"8b1e2e6ae511fff"},"geometry":{"type":"Polygon","coordinates":[[[20.023269,50.078391],[20.023338,50.078339],[20.023373,50.078359],[20.023304,50.078411],[20.023269,50.078391]]]}},{"type":"Feature","id":"w160407148","properties":{"type":"yes","residential":true,"residents_est":0,"h3_10":"8a1e2e6ae517fff","h3_11":"8b1e2e6ae511fff"},"geometry":{"type":"Polygon","coordinates":[[[20.023442,50.078369],[20.023509,50.07832],[20.023594,50.078369],[20.023527,50.078417],[20.023442,50.078369]]]}},{"type":"Feature","id":"w160407151","properties":{"type":"yes","residential":false,"residents_est":0,"h3_10":"8a1e2e6ae517fff","h3_11":"8b1e2e6ae511fff"},"geometry":{"type":"Polygon","coordinates":[[[20.023079,50.07853],[20.023148,50.078478],[20.023183,50.078498],[20.023114,50.07855],[20.023079,50.07853]]]}},{"type":"Feature","id":"w160407152","properties":{"type":"yes","residential":true,"residents_est":1,"h3_10":"8a1e2e6ae51ffff","h3_11":"8b1e2e6ae51cfff"},"geometry":{"type":"Polygon","coordinates":[[[20.023794,50.078263],[20.02382,50.078242],[20.023998,50.078333],[20.024289,50.0783],[20.024294,50.078327],[20.023986,50.078361],[20.023794,50.078263]]]}},{"type":"Feature","id":"w162043521","properties":{"type":"apartments","levels":4.0,"address":"Osiedle Kolorowe 17","residential":true,"residents_est":26,"h3_10":"8a1e2e6ae487fff","h3_11":"8b1e2e6ae485fff"},"geometry":{"type":"Polygon","coordinates":[[[20.024479,50.073823],[20.024647,50.073799],[20.024821,50.074307],[20.024794,50.074311],[20.024878,50.074556],[20.024908,50.074552],[20.024954,50.074686],[20.024784,50.07471],[20.024739,50.074579],[20.024712,50.074583],[20.024625,50.074329],[20.024651,50.074325],[20.024479,50.073823]]]}},{"type":"Feature","id":"w162043522","properties":{"type":"apartments","levels":4.0,"address":"Osiedle Kolorowe 18","residential":true,"residents_est":27,"h3_10":"8a1e2e6ae487fff","h3_11":"8b1e2e6ae484fff"},"geometry":{"type":"Polygon","coordinates":[[[20.023788,50.073913],[20.023962,50.073889],[20.024132,50.074398],[20.024105,50.074402],[20.024193,50.074663],[20.024226,50.074659],[20.024269,50.074786],[20.024097,50.07481],[20.024054,50.074683],[20.024027,50.074686],[20.023939,50.074424],[20.023959,50.074422],[20.023788,50.073913]]]}},{"type":"Feature","id":"w162043524","properties":{"type":"service","residential":false,"residents_est":0,"h3_10":"8a1e2e6ae4b7fff","h3_11":"8b1e2e6ae4b0fff"},"geometry":{"type":"Polygon","coordinates":[[[20.021976,50.074471],[20.022098,50.074452],[20.022119,50.074509],[20.021998,50.074528],[20.021976,50.074471]]]}},{"type":"Feature","id":"w162043525","properties":{"type":"service","residential":false,"residents_est":0,"h3_10":"8a1e2e6ae59ffff","h3_11":"8b1e2e6ae598fff"},"geometry":{"type":"Polygon","coordinates":[[[20.021933,50.075566],[20.021987,50.075522],[20.022049,50.075554],[20.021995,50.075598],[20.021933,50.075566]]]}},{"type":"Feature","id":"w163882306","properties":{"type":"sports_hall","levels":3.0,"address":"Osiedle Zgody 13B","residential":false,"residents_est":0,"h3_10":"8a1e2e6ae44ffff","h3_11":"8b1e2e6ae449fff"},"geometry":{"type":"Polygon","coordinates":[[[20.033996,50.076287],[20.034817,50.076182],[20.034885,50.076404],[20.034063,50.076509],[20.033996,50.076287]]]}},{"type":"Feature","id":"w163882311","properties":{"type":"office","levels":1.0,"address":"Osiedle Zgody 4B","residential":false,"residents_est":0,"h3_10":"8a1e2e6ae44ffff","h3_11":"8b1e2e6ae449fff"},"geometry":{"type":"Polygon","coordinates":[[[20.033885,50.076138],[20.034289,50.076085],[20.034307,50.076136],[20.033998,50.076177],[20.03401,50.076217],[20.033915,50.07623],[20.033885,50.076138]]]}},{"type":"Feature","id":"w172741037","properties":{"type":"apartments","levels":4.0,"address":"Osiedle Teatralne 1","residential":true,"residents_est":12,"h3_10":"8a1e2e6ae54ffff","h3_11":"8b1e2e6ae54cfff"},"geometry":{"type":"Polygon","coordinates":[[[20.030245,50.07944],[20.030691,50.079098],[20.030809,50.079161],[20.030368,50.079506],[20.030245,50.07944]]]}},{"type":"Feature","id":"w172741038","properties":{"type":"cinema","levels":2.0,"address":"Osiedle Teatralne 10","name":"Dawne kino Świt","residential":false,"residents_est":0,"h3_10":"8a1e2e6ae55ffff","h3_11":"8b1e2e6ae559fff"},"geometry":{"type":"Polygon","coordinates":[[[20.029966,50.078186],[20.030293,50.077935],[20.030745,50.078179],[20.030417,50.078429],[20.029966,50.078186]]]}},{"type":"Feature","id":"w172741039","properties":{"type":"apartments","levels":4.0,"address":"Osiedle Teatralne 11","residential":true,"residents_est":16,"h3_10":"8a1e2e6ae467fff","h3_11":"8b1e2e6ae466fff"},"geometry":{"type":"Polygon","coordinates":[[[20.030328,50.077703],[20.030439,50.077627],[20.030949,50.077905],[20.030962,50.077895],[20.031053,50.077943],[20.031019,50.077971],[20.031025,50.077975],[20.030945,50.078038],[20.03079,50.077951],[20.030755,50.077978],[20.030445,50.077817],[20.030485,50.077785],[20.030328,50.077703]]]}},{"type":"Feature","id":"w172741040","properties":{"type":"apartments","levels":5.0,"address":"Osiedle Teatralne 12","residential":true,"residents_est":16,"h3_10":"8a1e2e6ae467fff","h3_11":"8b1e2e6ae462fff"},"geometry":{"type":"Polygon","coordinates":[[[20.030421,50.077616],[20.030863,50.077276],[20.030884,50.077287],[20.0309,50.077276],[20.030993,50.077327],[20.030981,50.077337],[20.030992,50.077344],[20.030562,50.077675],[20.030548,50.077667],[20.030532,50.07768],[20.030421,50.077616]]]}},{"type":"Feature","id":"w172741041","properties":{"type":"apartments","levels":4.0,"address":"Osiedle Teatralne 13","residential":true,"residents_est":13,"h3_10":"8a1e2e6ae467fff","h3_11":"8b1e2e6ae462fff"},"geometry":{"type":"Polygon","coordinates":[[[20.0309,50.077276],[20.030917,50.077261],[20.030911,50.077258],[20.030999,50.077193],[20.031551,50.07749],[20.031446,50.07757],[20.0309,50.077276]]]}},{"type":"Feature","id":"w172741042","properties":{"type":"apartments","levels":4.0,"address":"Osiedle Teatralne 14","residential":true,"residents_est":22,"h3_10":"8a1e2e6ae467fff","h3_11":"8b1e2e6ae461fff"},"geometry":{"type":"Polygon","coordinates":[[[20.031446,50.07757],[20.031551,50.07749],[20.032489,50.077999],[20.032391,50.078078],[20.032293,50.078025],[20.032287,50.07803],[20.032273,50.078023],[20.031446,50.07757]]]}},{"type":"Feature","id":"w172741047","properties":{"type":"apartments","levels":5.0,"address":"Osiedle Teatralne 2","residential":true,"residents_est":37,"h3_10":"8a1e2e6ae54ffff","h3_11":"8b1e2e6ae54efff"},"geometry":{"type":"Polygon","coordinates":[[[20.029463,50.078431],[20.029495,50.078406],[20.029488,50.078402],[20.029558,50.078348],[20.030871,50.079059],[20.030767,50.079138],[20.029463,50.078431]]]}},{"type":"Feature","id":"w172741054","properties":{"type":"apartments","levels":4.0,"address":"Osiedle Teatralne 25","residential":true,"residents_est":22,"h3_10":"8a1e2e6ae56ffff","h3_11":"8b1e2e6ae56bfff"},"geometry":{"type":"Polygon","coordinates":[[[20.030678,50.079709],[20.03071,50.079684],[20.030683,50.07967],[20.031134,50.07933],[20.031182,50.079356],[20.031195,50.079345],[20.031191,50.079343],[20.031272,50.079279],[20.031647,50.079479],[20.031534,50.079566],[20.031245,50.079412],[20.030817,50.079742],[20.030811,50.079739],[20.03078,50.079763],[20.030678,50.079709]]]}},{"type":"Feature","id":"w172741055","properties":{"type":"apartments","levels":4.0,"address":"Osiedle Teatralne 26","residential":true,"residents_est":9,"h3_10":"8a1e2e6ae56ffff","h3_11":"8b1e2e6ae568fff"},"geometry":{"type":"Polygon","coordinates":[[[20.030368,50.079938],[20.030673,50.079706],[20.0308,50.079776],[20.0305,50.080011],[20.030368,50.079938]]]}},{"type":"Feature","id":"w172741056","properties":{"type":"apartments","levels":5.0,"address":"Osiedle Teatralne 3","residential":true,"residents_est":45,"h3_10":"8a1e2e6ae547fff","h3_11":"8b1e2e6ae542fff"},"geometry":{"type":"Polygon","coordinates":[[[20.028135,50.079365],[20.029405,50.078387],[20.029476,50.078421],[20.029463,50.078431],[20.029525,50.078464],[20.028972,50.078891],[20.028957,50.078902],[20.028951,50.078899],[20.028841,50.078987],[20.028845,50.078989],[20.028265,50.079435],[20.028135,50.079365]]]}},{"type":"Feature","id":"w172741057","properties":{"type":"apartments","levels":4.0,"address":"Osiedle Teatralne 31","residential":true,"residents_est":19,"h3_10":"8a1e2e6ae56ffff","h3_11":"8b1e2e6ae569fff"},"geometry":{"type":"Polygon","coordinates":[[[20.030963,50.080188],[20.031537,50.079751],[20.031713,50.079847],[20.031671,50.079878],[20.031637,50.07986],[20.031159,50.080224],[20.031193,50.080242],[20.031139,50.080284],[20.030963,50.080188]]]}},{"type":"Feature","id":"w172741058","properties":{"type":"apartments","levels":5.0,"address":"Osiedle Teatralne 4","residential":true,"residents_est":10,"h3_10":"8a1e2e6ae567fff","h3_11":"8b1e2e6ae563fff"},"geometry":{"type":"Polygon","coordinates":[[[20.029068,50.079992],[20.029182,50.079913],[20.029521,50.080099],[20.029413,50.080179],[20.029068,50.079992]]]}},{"type":"Feature","id":"w172741059","properties":{"type":"apartments","levels":4.0,"address":"Osiedle Teatralne 5","residential":true,"residents_est":12,"h3_10":"8a1e2e6ae56ffff","h3_11":"8b1e2e6ae56efff"},"geometry":{"type":"Polygon","coordinates":[[[20.029439,50.080056],[20.029887,50.079716],[20.030008,50.079782],[20.029563,50.08012],[20.029439,50.080056]]]}},{"type":"Feature","id":"w172741060","properties":{"type":"apartments","levels":4.0,"address":"Osiedle Teatralne 6","residential":true,"residents_est":18,"h3_10":"8a1e2e6ae547fff","h3_11":"8b1e2e6ae545fff"},"geometry":{"type":"Polygon","coordinates":[[[20.028881,50.07935],[20.028992,50.079265],[20.029715,50.079655],[20.029603,50.07974],[20.028881,50.07935]]]}},{"type":"Feature","id":"w172741061","properties":{"type":"apartments","levels":4.0,"address":"Osiedle Teatralne 7","residential":true,"residents_est":17,"h3_10":"8a1e2e6ae547fff","h3_11":"8b1e2e6ae541fff"},"geometry":{"type":"Polygon","coordinates":[[[20.029421,50.07895],[20.029531,50.078865],[20.030246,50.07925],[20.030136,50.079335],[20.029421,50.07895]]]}},{"type":"Feature","id":"w172741062","properties":{"type":"apartments","levels":4.0,"address":"Osiedle Teatralne 9","residential":true,"residents_est":8,"h3_10":"8a1e2e6ae54ffff","h3_11":"8b1e2e6ae54bfff"},"geometry":{"type":"Polygon","coordinates":[[[20.030927,50.078433],[20.031033,50.078352],[20.031397,50.078548],[20.031292,50.078628],[20.030927,50.078433]]]}},{"type":"Feature","id":"w172741063","properties":{"type":"apartments","levels":4.0,"address":"Osiedle Teatralne 9A","residential":true,"residents_est":16,"h3_10":"8a1e2e6ae54ffff","h3_11":"8b1e2e6ae549fff"},"geometry":{"type":"Polygon","coordinates":[[[20.031292,50.078628],[20.031397,50.078548],[20.032095,50.078919],[20.031984,50.079003],[20.031292,50.078628]]]}},{"type":"Feature","id":"w172741064","properties":{"type":"office","levels":5.0,"address":"Osiedle Teatralne 8","name":"Zakład Ubezpieczeń Społecznych","residential":false,"residents_est":0,"h3_10":"8a1e2e6ae54ffff","h3_11":"8b1e2e6ae54bfff"},"geometry":{"type":"Polygon","coordinates":[[[20.030945,50.078246],[20.031229,50.078021],[20.031483,50.078161],[20.031195,50.07838],[20.031176,50.07837],[20.03113,50.078404],[20.031043,50.078357],[20.031087,50.078322],[20.030945,50.078246]]]}},{"type":"Feature","id":"w172741070","properties":{"type":"apartments","levels":4.0,"address":"Osiedle Teatralne 27","residential":true,"residents_est":22,"h3_10":"8a1e2e6ae56ffff","h3_11":"8b1e2e6ae56cfff"},"geometry":{"type":"Polygon","coordinates":[[[20.029815,50.080397],[20.029897,50.080334],[20.029907,50.080339],[20.029928,50.080323],[20.029871,50.080293],[20.030317,50.079951],[20.030342,50.079965],[20.030373,50.079941],[20.030474,50.079996],[20.030443,50.08002],[20.030449,50.080023],[20.030006,50.080363],[20.030216,50.080476],[20.03021,50.08048],[20.030274,50.080515],[20.030178,50.080588],[20.030113,50.080554],[20.030108,50.080558],[20.029815,50.080397]]]}},{"type":"Feature","id":"w179612764","properties":{"type":"yes","levels":2.0,"residential":true,"residents_est":0,"h3_10":"8a1e2e6ae46ffff","h3_11":"8b1e2e6ae46bfff"},"geometry":{"type":"Polygon","coordinates":[[[20.03324,50.076945],[20.033318,50.076881],[20.033482,50.076964],[20.033429,50.077005],[20.033324,50.076951],[20.033294,50.076974],[20.03324,50.076945]]]}},{"type":"Feature","id":"w230357566","properties":{"type":"roof","residential":false,"residents_est":0,"h3_10":"8a1e2e6ae4dffff","h3_11":"8b1e2e6ae4dafff"},"geometry":{"type":"Polygon","coordinates":[[[20.029081,50.07276],[20.029145,50.072704],[20.029162,50.072768],[20.029086,50.072775],[20.029081,50.07276]]]}},{"type":"Feature","id":"w230357567","properties":{"type":"roof","residential":false,"residents_est":0,"h3_10":"8a1e2e6ae4dffff","h3_11":"8b1e2e6ae4d8fff"},"geometry":{"type":"Polygon","coordinates":[[[20.029067,50.072777],[20.029162,50.072768],[20.029197,50.072911],[20.029102,50.072921],[20.029067,50.072777]]]}},{"type":"Feature","id":"w232939768","properties":{"type":"apartments","levels":4.0,"address":"Osiedle Zgody 1","residential":true,"residents_est":11,"h3_10":"8a1e2e6ae46ffff","h3_11":"8b1e2e6ae46afff"},"geometry":{"type":"Polygon","coordinates":[[[20.032306,50.076914],[20.032392,50.076847],[20.032411,50.076858],[20.032534,50.076764],[20.032409,50.076696],[20.032493,50.076633],[20.032557,50.076667],[20.032569,50.076659],[20.032686,50.076722],[20.032675,50.076731],[20.032741,50.076766],[20.032449,50.07699],[20.032306,50.076914]]]}},{"type":"Feature","id":"w232939771","properties":{"type":"office","levels":3.0,"address":"Osiedle Zgody 14","residential":false,"residents_est":0,"h3_10":"8a1e2e6ae44ffff","h3_11":"8b1e2e6ae44cfff"},"geometry":{"type":"Polygon","coordinates":[[[20.032813,50.076615],[20.032909,50.076543],[20.033007,50.076596],[20.033054,50.07656],[20.033112,50.076592],[20.033065,50.076628],[20.03341,50.076814],[20.033355,50.076856],[20.033343,50.07685],[20.033302,50.076881],[20.033024,50.07673],[20.032993,50.076749],[20.032857,50.076675],[20.032885,50.076654],[20.032813,50.076615]]]}},{"type":"Feature","id":"w232939772","properties":{"type":"public","levels":6.0,"address":"Osiedle Zgody 2","residential":false,"residents_est":0,"h3_10":"8a1e2e6ae447fff","h3_11":"8b1e2e6ae445fff"},"geometry":{"type":"Polygon","coordinates":[[[20.031561,50.076757],[20.031696,50.076653],[20.031802,50.07671],[20.031779,50.076727],[20.032228,50.076969],[20.032247,50.076955],[20.032387,50.07703],[20.032256,50.077131],[20.031561,50.076757]]]}},{"type":"Feature","id":"w232939773","properties":{"type":"office","levels":3.0,"address":"Osiedle Zgody 4a","residential":false,"residents_est":0,"h3_10":"8a1e2e6ae44ffff","h3_11":"8b1e2e6ae448fff"},"geometry":{"type":"Polygon","coordinates":[[[20.032997,50.076529],[20.033389,50.076231],[20.033529,50.076307],[20.0335,50.076329],[20.033546,50.076354],[20.033183,50.07663],[20.032997,50.076529]]]}},{"type":"Feature","id":"w232939777","properties":{"type":"apartments","levels":5.0,"address":"Osiedle Zgody 3","residential":true,"residents_est":38,"h3_10":"8a1e2e6ae447fff","h3_11":"8b1e2e6ae443fff"},"geometry":{"type":"Polygon","coordinates":[[[20.031701,50.076656],[20.03175,50.076618],[20.031733,50.076607],[20.032346,50.076138],[20.032359,50.076146],[20.03259,50.07597],[20.03285,50.075935],[20.032883,50.076037],[20.032891,50.076046],[20.032695,50.076072],[20.03248,50.076229],[20.032468,50.076224],[20.031868,50.076681],[20.031833,50.076663],[20.031785,50.0767],[20.031701,50.076656]]]}},{"type":"Feature","id":"w232939780","properties":{"type":"public","levels":4.0,"residential":false,"residents_est":0,"h3_10":"8a1e2e6ae46ffff","h3_11":"8b1e2e6ae46afff"},"geometry":{"type":"Polygon","coordinates":[[[20.03227,50.076967],[20.032325,50.076924],[20.032428,50.076979],[20.032372,50.077022],[20.03227,50.076967]]]}},{"type":"Feature","id":"w358621084","properties":{"type":"roof","residential":false,"residents_est":0,"h3_10":"8a1e2e6ae5affff","h3_11":"8b1e2e6ae5acfff"},"geometry":{"type":"Polygon","coordinates":[[[20.022916,50.07779],[20.023116,50.077627],[20.023181,50.07766],[20.022981,50.077823],[20.022916,50.07779]]]}},{"type":"Feature","id":"w375927111","properties":{"type":"yes","levels":1.0,"address":"Osiedle Zgody 15","residential":true,"residents_est":2,"h3_10":"8a1e2e6ae46ffff","h3_11":"8b1e2e6ae46bfff"},"geometry":{"type":"Polygon","coordinates":[[[20.033429,50.077005],[20.033596,50.076878],[20.033989,50.07709],[20.033822,50.077218],[20.033429,50.077005]]]}},{"type":"Feature","id":"w375927115","properties":{"type":"apartments","levels":5.0,"address":"Osiedle Zgody 17","residential":true,"residents_est":17,"h3_10":"8a1e2e6ae46ffff","h3_11":"8b1e2e6ae469fff"},"geometry":{"type":"Polygon","coordinates":[[[20.033424,50.077643],[20.03379,50.077363],[20.033766,50.07735],[20.033818,50.07731],[20.033842,50.077323],[20.033879,50.077297],[20.034003,50.077366],[20.03355,50.077711],[20.033424,50.077643]]]}},{"type":"Feature","id":"w375927117","properties":{"type":"public","levels":3.0,"residential":false,"residents_est":0,"h3_10":"8a1e2e6ae46ffff","h3_11":"8b1e2e6ae468fff"},"geometry":{"type":"Polygon","coordinates":[[[20.032607,50.077166],[20.032742,50.077063],[20.033492,50.077469],[20.033465,50.07749],[20.033558,50.07754],[20.033469,50.077608],[20.033374,50.077555],[20.033354,50.077571],[20.032607,50.077166]]]}},{"type":"Feature","id":"w375927118","properties":{"type":"yes","levels":5.0,"residential":true,"residents_est":10,"h3_10":"8a1e2e6ae46ffff","h3_11":"8b1e2e6ae46afff"},"geometry":{"type":"Polygon","coordinates":[[[20.032747,50.077066],[20.032767,50.07705],[20.032802,50.077055],[20.032824,50.077038],[20.032812,50.077016],[20.032827,50.077004],[20.032823,50.077002],[20.03309,50.076799],[20.033098,50.076803],[20.033123,50.076783],[20.033302,50.076881],[20.033309,50.076876],[20.033318,50.076881],[20.033026,50.077107],[20.033044,50.077117],[20.033013,50.077141],[20.032998,50.077133],[20.032946,50.077173],[20.032747,50.077066]]]}},{"type":"Feature","id":"w410254549","properties":{"type":"school","levels":3.0,"address":"Osiedle Handlowe 4","residential":false,"residents_est":0,"h3_10":"8a1e2e6ae4cffff","h3_11":"8b1e2e6ae4ccfff"},"geometry":{"type":"Polygon","coordinates":[[[20.030137,50.073885],[20.031145,50.073785],[20.031174,50.073905],[20.030668,50.073956],[20.030768,50.074389],[20.031277,50.07434],[20.031308,50.074461],[20.030667,50.074522],[20.030626,50.074336],[20.030579,50.074338],[20.030602,50.07433],[20.030584,50.074252],[20.030557,50.074251],[20.030603,50.074246],[20.030531,50.073935],[20.030158,50.07397],[20.030137,50.073885]]]}},{"type":"Feature","id":"w410254557","properties":{"type":"school","levels":2.0,"residential":false,"residents_est":0,"h3_10":"8a1e2e6ae4cffff","h3_11":"8b1e2e6ae4c9fff"},"geometry":{"type":"Polygon","coordinates":[[[20.031352,50.073868],[20.031452,50.073857],[20.031457,50.073882],[20.031542,50.073873],[20.031534,50.073844],[20.031751,50.073822],[20.031766,50.073886],[20.031367,50.073926],[20.031352,50.073868]]]}},{"type":"Feature","id":"w410254558","properties":{"type":"school","levels":1.0,"residential":false,"residents_est":0,"h3_10":"8a1e2e6ae4effff","h3_11":"8b1e2e6ae4ebfff"},"geometry":{"type":"Polygon","coordinates":[[[20.03068,50.07452],[20.030824,50.074506],[20.030852,50.074626],[20.03082,50.074629],[20.03083,50.074671],[20.030863,50.074667],[20.030875,50.074723],[20.030806,50.074729],[20.030784,50.074637],[20.03071,50.074644],[20.03068,50.07452]]]}},{"type":"Feature","id":"w410254559","properties":{"type":"school","levels":1.0,"residential":false,"residents_est":0,"h3_10":"8a1e2e6ae4cffff","h3_11":"8b1e2e6ae4c9fff"},"geometry":{"type":"Polygon","coordinates":[[[20.031148,50.073793],[20.031222,50.073784],[20.031233,50.073834],[20.031524,50.073808],[20.031542,50.073873],[20.031457,50.073882],[20.031452,50.073857],[20.031352,50.073868],[20.031357,50.073883],[20.031174,50.0739],[20.031148,50.073793]]]}},{"type":"Feature","id":"w410254560","properties":{"type":"school","levels":1.0,"residential":false,"residents_est":0,"h3_10":"8a1e2e6ae4effff","h3_11":"8b1e2e6ae4e9fff"},"geometry":{"type":"Polygon","coordinates":[[[20.030806,50.074729],[20.030875,50.074723],[20.030863,50.074667],[20.03083,50.074671],[20.03082,50.074629],[20.030852,50.074626],[20.030837,50.07456],[20.031066,50.074537],[20.031084,50.074594],[20.031086,50.074624],[20.031043,50.074628],[20.031108,50.074907],[20.031028,50.074914],[20.030982,50.074725],[20.030808,50.074742],[20.030806,50.074729]]]}},{"type":"Feature","id":"w410254561","properties":{"type":"school","levels":1.0,"name":"Basen Zespołu Szkół Ogólnokształcących Sportowych Nr 1 w Krakowie","residential":false,"residents_est":0,"h3_10":"8a1e2e6ae4effff","h3_11":"8b1e2e6ae4e8fff"},"geometry":{"type":"Polygon","coordinates":[[[20.030593,50.074975],[20.030546,50.074767],[20.030982,50.074725],[20.031032,50.074933],[20.030593,50.074975]]]}},{"type":"Feature","id":"w410254562","properties":{"type":"garages","levels":1.0,"address":"Osiedle Handlowe 2a","residential":false,"residents_est":0,"h3_10":"8a1e2e6ae4cffff","h3_11":"8b1e2e6ae4cafff"},"geometry":{"type":"Polygon","coordinates":[[[20.030327,50.073478],[20.03054,50.073457],[20.030552,50.07351],[20.03034,50.073531],[20.030327,50.073478]]]}},{"type":"Feature","id":"w410254563","properties":{"type":"shed","residential":false,"residents_est":0,"h3_10":"8a1e2e6ae4cffff","h3_11":"8b1e2e6ae4cafff"},"geometry":{"type":"Polygon","coordinates":[[[20.030675,50.073432],[20.030712,50.073428],[20.030727,50.073493],[20.030691,50.073497],[20.030675,50.073432]]]}},{"type":"Feature","id":"w410254564","properties":{"type":"shed","residential":false,"residents_est":0,"h3_10":"8a1e2e6ae4cffff","h3_11":"8b1e2e6ae4c8fff"},"geometry":{"type":"Polygon","coordinates":[[[20.030914,50.073678],[20.030998,50.07367],[20.031004,50.073695],[20.03092,50.073703],[20.030914,50.073678]]]}},{"type":"Feature","id":"w410254565","properties":{"type":"shed","residential":false,"residents_est":0,"h3_10":"8a1e2e6ae4cffff","h3_11":"8b1e2e6ae4c8fff"},"geometry":{"type":"Polygon","coordinates":[[[20.030864,50.073686],[20.030907,50.073681],[20.030918,50.073727],[20.030876,50.073731],[20.030864,50.073686]]]}},{"type":"Feature","id":"w410254566","properties":{"type":"school","levels":2.0,"residential":false,"residents_est":0,"h3_10":"8a1e2e6ae4cffff","h3_11":"8b1e2e6ae4c9fff"},"geometry":{"type":"Polygon","coordinates":[[[20.031212,50.07373],[20.031522,50.073702],[20.031547,50.073805],[20.031233,50.073834],[20.031212,50.07373]]]}},{"type":"Feature","id":"w410254567","properties":{"type":"yes","residential":true,"residents_est":1,"h3_10":"8a1e2e6ae4cffff","h3_11":"8b1e2e6ae4c8fff"},"geometry":{"type":"Polygon","coordinates":[[[20.030674,50.073631],[20.030805,50.073616],[20.030829,50.073706],[20.030739,50.073715],[20.030741,50.073723],[20.030698,50.073727],[20.030674,50.073631]]]}},{"type":"Feature","id":"w410254568","properties":{"type":"school","levels":2.0,"residential":false,"residents_est":0,"h3_10":"8a1e2e6ae4effff","h3_11":"8b1e2e6ae4e8fff"},"geometry":{"type":"Polygon","coordinates":[[[20.030474,50.074667],[20.030784,50.074637],[20.030808,50.074742],[20.030499,50.074772],[20.030474,50.074667]]]}},{"type":"Feature","id":"w498097998","properties":{"type":"apartments","levels":7.0,"address":"Bieńczycka 15C","residential":true,"residents_est":27,"h3_10":"8a1e2e6ae5a7fff","h3_11":"8b1e2e6ae5a0fff"},"geometry":{"type":"Polygon","coordinates":[[[20.021219,50.077693],[20.021443,50.077657],[20.021505,50.077812],[20.021491,50.077815],[20.021496,50.077829],[20.021512,50.077826],[20.02159,50.078024],[20.021517,50.078036],[20.021528,50.078063],[20.0214,50.078084],[20.021389,50.078056],[20.021364,50.07806],[20.021219,50.077693]]]}},{"type":"Feature","id":"w498097999","properties":{"type":"apartments","levels":7.0,"address":"Bieńczycka 15B","residential":true,"residents_est":55,"h3_10":"8a1e2e6ae5a7fff","h3_11":"8b1e2e6ae5a3fff"},"geometry":{"type":"Polygon","coordinates":[[[20.021028,50.077211],[20.021497,50.077138],[20.021524,50.077114],[20.021516,50.077111],[20.021592,50.077043],[20.021585,50.077039],[20.021645,50.076986],[20.021655,50.07699],[20.02174,50.076914],[20.021821,50.076951],[20.021849,50.076925],[20.021955,50.076974],[20.021642,50.077246],[20.021607,50.07723],[20.021295,50.077279],[20.021395,50.07753],[20.021169,50.077567],[20.021149,50.077518],[20.021162,50.077516],[20.021139,50.077458],[20.021127,50.07746],[20.021091,50.077369],[20.021104,50.077367],[20.021089,50.077329],[20.021076,50.077331],[20.021028,50.077211]]]}},{"type":"Feature","id":"r7657448","properties":{"type":"retail","levels":1.0,"address":"Osiedle Kolorowe 10","residential":false,"residents_est":0,"h3_10":"8a1e2e6ae4d7fff","h3_11":"8b1e2e6ae4d1fff"},"geometry":{"type":"Polygon","coordinates":[[[20.028167,50.073081],[20.028416,50.073056],[20.028414,50.073047],[20.028472,50.073041],[20.028474,50.07305],[20.028958,50.073002],[20.029076,50.073508],[20.028291,50.073587],[20.028167,50.073081]],[[20.028343,50.073185],[20.028415,50.073478],[20.02887,50.073432],[20.028798,50.073139],[20.028343,50.073185]]]}},{"type":"Feature","id":"w533051062","properties":{"type":"yes","name":"Przedszkole High Five","residential":false,"residents_est":0,"h3_10":"8a1e2e6ae4c7fff","h3_11":"8b1e2e6ae4c2fff"},"geometry":{"type":"Polygon","coordinates":[[[20.028716,50.073677],[20.028965,50.073653],[20.029,50.073805],[20.028752,50.073829],[20.028716,50.073677]]]}},{"type":"Feature","id":"w553118517","properties":{"type":"apartments","levels":7.0,"address":"Bieńczycka 15E","residential":true,"residents_est":43,"h3_10":"8a1e2e6ae5affff","h3_11":"8b1e2e6ae5acfff"},"geometry":{"type":"Polygon","coordinates":[[[20.022174,50.077907],[20.022761,50.07739],[20.022948,50.077477],[20.022595,50.077788],[20.022573,50.077778],[20.022477,50.077862],[20.0225,50.077873],[20.022362,50.077995],[20.022174,50.077907]]]}},{"type":"Feature","id":"w553118518","properties":{"type":"apartments","levels":7.0,"address":"Bieńczycka 15D","residential":true,"residents_est":42,"h3_10":"8a1e2e6ae5a7fff","h3_11":"8b1e2e6ae5a1fff"},"geometry":{"type":"Polygon","coordinates":[[[20.021691,50.077649],[20.022274,50.077136],[20.022467,50.077221],[20.022114,50.077531],[20.022091,50.07752],[20.021995,50.077604],[20.022019,50.077615],[20.021881,50.077737],[20.02182,50.077708],[20.021863,50.07767],[20.021799,50.07764],[20.021755,50.077679],[20.021691,50.077649]]]}},{"type":"Feature","id":"w696621690","properties":{"type":"retail","levels":1.0,"residential":false,"residents_est":0,"h3_10":"8a1e2e6ae447fff","h3_11":"8b1e2e6ae444fff"},"geometry":{"type":"Polygon","coordinates":[[[20.031176,50.077153],[20.031216,50.077127],[20.031256,50.077125],[20.031299,50.077149],[20.031245,50.077191],[20.031176,50.077153]]]}},{"type":"Feature","id":"w707216799","properties":{"type":"retail","levels":1.0,"residential":false,"residents_est":0,"h3_10":"8a1e2e6ae567fff","h3_11":"8b1e2e6ae561fff"},"geometry":{"type":"Polygon","coordinates":[[[20.029658,50.080277],[20.029702,50.080244],[20.029743,50.080267],[20.02971,50.080293],[20.029687,50.080292],[20.029658,50.080277]]]}},{"type":"Feature","id":"w707216800","properties":{"type":"garbage_shed","residential":false,"residents_est":0,"h3_10":"8a1e2e6ae547fff","h3_11":"8b1e2e6ae546fff"},"geometry":{"type":"Polygon","coordinates":[[[20.028682,50.079241],[20.028723,50.079211],[20.0288,50.079254],[20.02876,50.079284],[20.028682,50.079241]]]}},{"type":"Feature","id":"w707216801","properties":{"type":"garages","address":"Osiedle Teatralne 3a","residential":false,"residents_est":0,"h3_10":"8a1e2e6ae547fff","h3_11":"8b1e2e6ae540fff"},"geometry":{"type":"Polygon","coordinates":[[[20.028751,50.079223],[20.028998,50.079036],[20.029063,50.079071],[20.028816,50.079258],[20.028751,50.079223]]]}},{"type":"Feature","id":"w707216803","properties":{"type":"yes","residential":false,"residents_est":0,"h3_10":"8a1e2e6ae54ffff","h3_11":"8b1e2e6ae54cfff"},"geometry":{"type":"Polygon","coordinates":[[[20.030289,50.079097],[20.030323,50.079069],[20.030385,50.079101],[20.030351,50.079129],[20.030289,50.079097]]]}},{"type":"Feature","id":"w707216804","properties":{"type":"garbage_shed","residential":false,"residents_est":0,"h3_10":"8a1e2e6ae547fff","h3_11":"8b1e2e6ae543fff"},"geometry":{"type":"Polygon","coordinates":[[[20.029182,50.078838],[20.029223,50.078808],[20.029322,50.078863],[20.029281,50.078894],[20.029182,50.078838]]]}},{"type":"Feature","id":"w707216805","properties":{"type":"apartments","levels":5.0,"address":"Osiedle Teatralne 4","residential":true,"residents_est":13,"h3_10":"8a1e2e6ae577fff","h3_11":"8b1e2e6ae571fff"},"geometry":{"type":"Polygon","coordinates":[[[20.028084,50.079466],[20.028165,50.079405],[20.028175,50.079411],[20.028194,50.079397],[20.028265,50.079435],[20.028278,50.079425],[20.028626,50.079612],[20.028523,50.079696],[20.028084,50.079466]]]}},{"type":"Feature","id":"w707216806","properties":{"type":"apartments","levels":5.0,"residential":true,"residents_est":22,"h3_10":"8a1e2e6ae567fff","h3_11":"8b1e2e6ae563fff"},"geometry":{"type":"Polygon","coordinates":[[[20.028529,50.079692],[20.028661,50.079586],[20.029218,50.079888],[20.029073,50.079989],[20.029043,50.079972],[20.029033,50.07998],[20.028551,50.079715],[20.028559,50.079709],[20.028529,50.079692]]]}},{"type":"Feature","id":"w833853074","properties":{"type":"apartments","levels":5.0,"address":"Osiedle Zgody 4","residential":true,"residents_est":42,"h3_10":"8a1e2e6ae44ffff","h3_11":"8b1e2e6ae44bfff"},"geometry":{"type":"Polygon","coordinates":[[[20.032847,50.075925],[20.033389,50.075853],[20.033393,50.075865],[20.033823,50.075807],[20.03382,50.075797],[20.034364,50.075724],[20.034367,50.075735],[20.034588,50.075706],[20.034624,50.075815],[20.034398,50.075845],[20.034395,50.075834],[20.033857,50.075907],[20.033861,50.075919],[20.033419,50.075977],[20.033416,50.075966],[20.032883,50.076037],[20.032847,50.075925]]]}},{"type":"Feature","id":"w833853083","properties":{"type":"garages","residential":false,"residents_est":0,"h3_10":"8a1e2e6ae44ffff","h3_11":"8b1e2e6ae44efff"},"geometry":{"type":"Polygon","coordinates":[[[20.03281,50.076202],[20.033067,50.076173],[20.033082,50.076227],[20.032825,50.076255],[20.03281,50.076202]]]}},{"type":"Feature","id":"w833853084","properties":{"type":"garages","residential":false,"residents_est":0,"h3_10":"8a1e2e6ae44ffff","h3_11":"8b1e2e6ae44dfff"},"geometry":{"type":"Polygon","coordinates":[[[20.033566,50.076549],[20.03368,50.076458],[20.033717,50.076478],[20.033727,50.07647],[20.033665,50.076295],[20.033746,50.076283],[20.033811,50.076464],[20.033649,50.076591],[20.033566,50.076549]]]}},{"type":"Feature","id":"w892838784","properties":{"type":"garages","levels":1.0,"residential":false,"residents_est":0,"h3_10":"8a1e2e6ae4f7fff","h3_11":"8b1e2e6ae4f2fff"},"geometry":{"type":"Polygon","coordinates":[[[20.026808,50.074128],[20.026897,50.074123],[20.026933,50.074394],[20.026844,50.074399],[20.026808,50.074128]]]}},{"type":"Feature","id":"w892838785","properties":{"type":"garages","levels":1.0,"address":"Osiedle Kolorowe 11B","residential":false,"residents_est":0,"h3_10":"8a1e2e6ae4f7fff","h3_11":"8b1e2e6ae4f6fff"},"geometry":{"type":"Polygon","coordinates":[[[20.026574,50.07414],[20.026662,50.074135],[20.026698,50.074407],[20.026611,50.074412],[20.026574,50.07414]]]}},{"type":"Feature","id":"w899579258","properties":{"type":"service","residential":false,"residents_est":0,"h3_10":"8a1e2e6ae59ffff","h3_11":"8b1e2e6ae59bfff"},"geometry":{"type":"Polygon","coordinates":[[[20.022131,50.074952],[20.022213,50.07494],[20.022232,50.074988],[20.022149,50.075001],[20.022131,50.074952]]]}},{"type":"Feature","id":"w899579259","properties":{"type":"kiosk","levels":1.0,"residential":false,"residents_est":0,"h3_10":"8a1e2e6ae4b7fff","h3_11":"8b1e2e6ae4b0fff"},"geometry":{"type":"Polygon","coordinates":[[[20.022298,50.074474],[20.02238,50.074462],[20.022391,50.074493],[20.022309,50.074505],[20.022298,50.074474]]]}},{"type":"Feature","id":"w899579266","properties":{"type":"yes","residential":false,"residents_est":0,"h3_10":"8a1e2e6ae59ffff","h3_11":"8b1e2e6ae598fff"},"geometry":{"type":"Polygon","coordinates":[[[20.021918,50.075606],[20.021955,50.075577],[20.021995,50.075598],[20.021958,50.075627],[20.021918,50.075606]]]}},{"type":"Feature","id":"w899579272","properties":{"type":"yes","residential":false,"residents_est":0,"h3_10":"8a1e2e6ae4b7fff","h3_11":"8b1e2e6ae4b1fff"},"geometry":{"type":"Polygon","coordinates":[[[20.022867,50.074358],[20.022934,50.074349],[20.022949,50.074395],[20.022882,50.074404],[20.022867,50.074358]]]}},{"type":"Feature","id":"w900017103","properties":{"type":"yes","residential":false,"residents_est":0,"h3_10":"8a1e2e6ae487fff","h3_11":"8b1e2e6ae480fff"},"geometry":{"type":"Polygon","coordinates":[[[20.024259,50.073902],[20.024324,50.073894],[20.024334,50.073929],[20.024269,50.073936],[20.024259,50.073902]]]}},{"type":"Feature","id":"w900017109","properties":{"type":"yes","residential":false,"residents_est":0,"h3_10":"8a1e2e6ae487fff","h3_11":"8b1e2e6ae481fff"},"geometry":{"type":"Polygon","coordinates":[[[20.024941,50.074147],[20.02504,50.074137],[20.025048,50.074172],[20.02495,50.074182],[20.024941,50.074147]]]}},{"type":"Feature","id":"w901277666","properties":{"type":"yes","residential":false,"residents_est":0,"h3_10":"8a1e2e6ae48ffff","h3_11":"8b1e2e6ae48bfff"},"geometry":{"type":"Polygon","coordinates":[[[20.02625,50.073369],[20.026323,50.073365],[20.026327,50.073394],[20.026254,50.073398],[20.02625,50.073369]]]}},{"type":"Feature","id":"w904804844","properties":{"type":"apartments","levels":4.0,"address":"Osiedle Kolorowe 19","residential":true,"residents_est":8,"h3_10":"8a1e2e6ae487fff","h3_11":"8b1e2e6ae486fff"},"geometry":{"type":"Polygon","coordinates":[[[20.023105,50.074014],[20.02328,50.07399],[20.023365,50.074239],[20.023191,50.074267],[20.023105,50.074014]]]}},{"type":"Feature","id":"w907562323","properties":{"type":"garage","residential":false,"residents_est":0,"h3_10":"8a1e2e6ae4b7fff","h3_11":"8b1e2e6ae4b2fff"},"geometry":{"type":"Polygon","coordinates":[[[20.021961,50.073979],[20.022007,50.073974],[20.022024,50.074032],[20.021977,50.074036],[20.021961,50.073979]]]}},{"type":"Feature","id":"w948683271","properties":{"type":"yes","residential":false,"residents_est":0,"h3_10":"8a1e2e6ae44ffff","h3_11":"8b1e2e6ae449fff"},"geometry":{"type":"Polygon","coordinates":[[[20.033684,50.076135],[20.03374,50.076127],[20.033756,50.076171],[20.0337,50.076179],[20.033684,50.076135]]]}},{"type":"Feature","id":"w951573291","properties":{"type":"retail","levels":1.0,"address":"Osiedle Kolorowe 16A","residential":false,"residents_est":0,"h3_10":"8a1e2e6ae49ffff","h3_11":"8b1e2e6ae49dfff"},"geometry":{"type":"Polygon","coordinates":[[[20.024794,50.073164],[20.025139,50.07313],[20.025184,50.07333],[20.024842,50.073365],[20.024794,50.073164]]]}},{"type":"Feature","id":"w958314171","properties":{"type":"apartments","levels":4.0,"address":"Osiedle Kolorowe 12A","residential":true,"residents_est":12,"h3_10":"8a1e2e6ae4d7fff","h3_11":"8b1e2e6ae4d5fff"},"geometry":{"type":"Polygon","coordinates":[[[20.027631,50.07348],[20.027806,50.073469],[20.027866,50.073865],[20.027689,50.073876],[20.027631,50.07348]]]}},{"type":"Feature","id":"w958980291","properties":{"type":"retail","levels":1.0,"residential":false,"residents_est":0,"h3_10":"8a1e2e6ae4e7fff","h3_11":"8b1e2e6ae4e6fff"},"geometry":{"type":"Polygon","coordinates":[[[20.028147,50.075251],[20.028218,50.075243],[20.028226,50.075274],[20.028156,50.075282],[20.028147,50.075251]]]}},{"type":"Feature","id":"w983892796","properties":{"type":"yes","residential":false,"residents_est":0,"h3_10":"8a1e2e6ae4e7fff","h3_11":"8b1e2e6ae4e0fff"},"geometry":{"type":"Polygon","coordinates":[[[20.028806,50.075137],[20.028869,50.075131],[20.02888,50.075179],[20.028817,50.075186],[20.028806,50.075137]]]}},{"type":"Feature","id":"w989757382","properties":{"type":"garages","residential":false,"residents_est":0,"h3_10":"8a1e2e6ae477fff","h3_11":"8b1e2e6ae476fff"},"geometry":{"type":"Polygon","coordinates":[[[20.028788,50.077161],[20.029033,50.076974],[20.029156,50.07704],[20.028911,50.077228],[20.028788,50.077161]]]}},{"type":"Feature","id":"w989757383","properties":{"type":"yes","levels":1.0,"residential":true,"residents_est":0,"h3_10":"8a1e2e6ae46ffff","h3_11":"8b1e2e6ae469fff"},"geometry":{"type":"Polygon","coordinates":[[[20.03379,50.077243],[20.03396,50.077112],[20.034054,50.077163],[20.033884,50.077293],[20.03379,50.077243]]]}},{"type":"Feature","id":"w990529991","properties":{"type":"retail","levels":1.0,"address":"Osiedle Spółdzielcze 12a","residential":false,"residents_est":0,"h3_10":"8a1e2e6ae55ffff","h3_11":"8b1e2e6ae55efff"},"geometry":{"type":"Polygon","coordinates":[[[20.028761,50.077966],[20.028813,50.077925],[20.028879,50.077959],[20.028827,50.078001],[20.028761,50.077966]]]}},{"type":"Feature","id":"w990529992","properties":{"type":"retail","levels":1.0,"address":"Osiedle Spółdzielcze 12b","residential":false,"residents_est":0,"h3_10":"8a1e2e6ae55ffff","h3_11":"8b1e2e6ae55efff"},"geometry":{"type":"Polygon","coordinates":[[[20.028594,50.078091],[20.028659,50.07804],[20.02872,50.078073],[20.028656,50.078124],[20.028594,50.078091]]]}},{"type":"Feature","id":"w990529994","properties":{"type":"apartments","levels":5.0,"address":"Osiedle Spółdzielcze 14","residential":true,"residents_est":29,"h3_10":"8a1e2e6ae477fff","h3_11":"8b1e2e6ae474fff"},"geometry":{"type":"Polygon","coordinates":[[[20.028846,50.077557],[20.029626,50.076962],[20.029763,50.077036],[20.028983,50.077631],[20.028846,50.077557]]]}},{"type":"Feature","id":"w990529995","properties":{"type":"apartments","levels":4.0,"address":"Osiedle Spółdzielcze 9","residential":true,"residents_est":14,"h3_10":"8a1e2e6ae427fff","h3_11":"8b1e2e6ae420fff"},"geometry":{"type":"Polygon","coordinates":[[[20.026155,50.077771],[20.026549,50.077469],[20.026706,50.077554],[20.026312,50.077855],[20.026155,50.077771]]]}},{"type":"Feature","id":"w992076695","properties":{"type":"apartments","levels":4.0,"address":"Osiedle Teatralne 30a","residential":true,"residents_est":8,"h3_10":"8a1e2e6ae56ffff","h3_11":"8b1e2e6ae56dfff"},"geometry":{"type":"Polygon","coordinates":[[[20.030727,50.080375],[20.030831,50.080295],[20.031184,50.080485],[20.031079,50.080565],[20.030727,50.080375]]]}},{"type":"Feature","id":"w993357345","properties":{"type":"retail","residential":false,"residents_est":0,"h3_10":"8a1e2e6ae507fff","h3_11":"8b1e2e6ae501fff"},"geometry":{"type":"Polygon","coordinates":[[[20.0249,50.079269],[20.024934,50.079244],[20.02504,50.079302],[20.025005,50.079328],[20.0249,50.079269]]]}},{"type":"Feature","id":"w993357346","properties":{"type":"retail","residential":false,"residents_est":0,"h3_10":"8a1e2e6ae507fff","h3_11":"8b1e2e6ae501fff"},"geometry":{"type":"Polygon","coordinates":[[[20.024624,50.079126],[20.024658,50.079101],[20.024764,50.07916],[20.02473,50.079185],[20.024624,50.079126]]]}},{"type":"Feature","id":"w993357347","properties":{"type":"retail","residential":false,"residents_est":0,"h3_10":"8a1e2e6ae507fff","h3_11":"8b1e2e6ae503fff"},"geometry":{"type":"Polygon","coordinates":[[[20.024184,50.078885],[20.024227,50.078852],[20.024333,50.078911],[20.024289,50.078944],[20.024184,50.078885]]]}},{"type":"Feature","id":"w993357348","properties":{"type":"retail","levels":1.0,"address":"Osiedle Niepodległości 9a","residential":false,"residents_est":0,"h3_10":"8a1e2e6ae527fff","h3_11":"8b1e2e6ae520fff"},"geometry":{"type":"Polygon","coordinates":[[[20.023601,50.080106],[20.023685,50.080098],[20.023711,50.080215],[20.023627,50.080222],[20.023601,50.080106]]]}},{"type":"Feature","id":"w993357349","properties":{"type":"retail","residential":false,"residents_est":0,"h3_10":"8a1e2e6ae507fff","h3_11":"8b1e2e6ae501fff"},"geometry":{"type":"Polygon","coordinates":[[[20.024767,50.079199],[20.0248,50.079174],[20.024906,50.079233],[20.024873,50.079257],[20.024767,50.079199]]]}},{"type":"Feature","id":"w993357350","properties":{"type":"retail","residential":false,"residents_est":0,"h3_10":"8a1e2e6ae507fff","h3_11":"8b1e2e6ae503fff"},"geometry":{"type":"Polygon","coordinates":[[[20.024313,50.078958],[20.024357,50.078926],[20.024462,50.078986],[20.024418,50.079018],[20.024313,50.078958]]]}},{"type":"Feature","id":"w993357352","properties":{"type":"retail","residential":false,"residents_est":0,"h3_10":"8a1e2e6ae507fff","h3_11":"8b1e2e6ae501fff"},"geometry":{"type":"Polygon","coordinates":[[[20.024491,50.079054],[20.024527,50.079028],[20.024632,50.079087],[20.024597,50.079113],[20.024491,50.079054]]]}},{"type":"Feature","id":"w1080655697","properties":{"type":"garage","residential":false,"residents_est":0,"h3_10":"8a1e2e6ae597fff","h3_11":"8b1e2e6ae595fff"},"geometry":{"type":"Polygon","coordinates":[[[20.020267,50.076138],[20.020368,50.076126],[20.02037,50.076132],[20.020403,50.076128],[20.020416,50.076174],[20.020385,50.076178],[20.020389,50.076194],[20.020287,50.076206],[20.020267,50.076138]]]}},{"type":"Feature","id":"w1088502749","properties":{"type":"roof","residential":false,"residents_est":0,"h3_10":"8a1e2e6ae50ffff","h3_11":"8b1e2e6ae50cfff"},"geometry":{"type":"Polygon","coordinates":[[[20.025218,50.079369],[20.025578,50.079267],[20.025607,50.079309],[20.025705,50.079281],[20.025725,50.07931],[20.025602,50.079345],[20.025632,50.079388],[20.025756,50.079353],[20.025794,50.079409],[20.025849,50.079394],[20.025903,50.079473],[20.02582,50.079497],[20.025746,50.079389],[20.025315,50.079511],[20.025218,50.079369]]]}},{"type":"Feature","id":"w1088502750","properties":{"type":"roof","residential":false,"residents_est":0,"h3_10":"8a1e2e6ae50ffff","h3_11":"8b1e2e6ae50cfff"},"geometry":{"type":"Polygon","coordinates":[[[20.02531,50.078942],[20.025332,50.078924],[20.025337,50.078926],[20.025613,50.079075],[20.025835,50.079264],[20.025846,50.079258],[20.025947,50.079341],[20.026057,50.079454],[20.025985,50.079475],[20.025893,50.079348],[20.025578,50.079081],[20.02531,50.078942]]]}},{"type":"Feature","id":"w1088502751","properties":{"type":"retail","residential":false,"residents_est":0,"h3_10":"8a1e2e6ae50ffff","h3_11":"8b1e2e6ae50cfff"},"geometry":{"type":"Polygon","coordinates":[[[20.025613,50.079075],[20.025665,50.07905],[20.025713,50.079091],[20.02566,50.079116],[20.025613,50.079075]]]}},{"type":"Feature","id":"w1088502752","properties":{"type":"retail","residential":false,"residents_est":0,"h3_10":"8a1e2e6ae50ffff","h3_11":"8b1e2e6ae50cfff"},"geometry":{"type":"Polygon","coordinates":[[[20.025559,50.079044],[20.025596,50.079014],[20.025665,50.07905],[20.025613,50.079075],[20.025559,50.079044]]]}},{"type":"Feature","id":"w1088502753","properties":{"type":"roof","residential":false,"residents_est":0,"h3_10":"8a1e2e6ae50ffff","h3_11":"8b1e2e6ae50efff"},"geometry":{"type":"Polygon","coordinates":[[[20.024821,50.078682],[20.024839,50.078667],[20.024854,50.078672],[20.025143,50.07882],[20.025236,50.078876],[20.025216,50.078891],[20.024821,50.078682]]]}},{"type":"Feature","id":"w1088502754","properties":{"type":"yes","residential":true,"residents_est":0,"h3_10":"8a1e2e6ae50ffff","h3_11":"8b1e2e6ae50efff"},"geometry":{"type":"Polygon","coordinates":[[[20.02525,50.078827],[20.025335,50.078786],[20.025423,50.078866],[20.025372,50.078897],[20.02525,50.078827]]]}},{"type":"Feature","id":"w1088502767","properties":{"type":"roof","residential":false,"residents_est":0,"h3_10":"8a1e2e6ae51ffff","h3_11":"8b1e2e6ae51cfff"},"geometry":{"type":"Polygon","coordinates":[[[20.023751,50.078264],[20.023793,50.078228],[20.02382,50.078242],[20.023794,50.078263],[20.023986,50.078361],[20.024294,50.078327],[20.024292,50.078317],[20.024328,50.078313],[20.024335,50.078342],[20.023981,50.078382],[20.023751,50.078264]]]}},{"type":"Feature","id":"w1088502772","properties":{"type":"roof","residential":false,"residents_est":0,"h3_10":"8a1e2e6ae507fff","h3_11":"8b1e2e6ae502fff"},"geometry":{"type":"Polygon","coordinates":[[[20.023652,50.078743],[20.024094,50.078421],[20.024211,50.07842],[20.024298,50.078435],[20.024508,50.078557],[20.024193,50.078787],[20.024263,50.078826],[20.024255,50.078833],[20.024491,50.078963],[20.024462,50.078986],[20.02416,50.078813],[20.024074,50.078876],[20.024049,50.078864],[20.024461,50.07856],[20.024281,50.078455],[20.024131,50.078436],[20.023758,50.078701],[20.023891,50.078772],[20.023814,50.078829],[20.023695,50.078761],[20.023652,50.078743]]]}},{"type":"Feature","id":"w1088502773","properties":{"type":"roof","residential":false,"residents_est":0,"h3_10":"8a1e2e6ae507fff","h3_11":"8b1e2e6ae502fff"},"geometry":{"type":"Polygon","coordinates":[[[20.023832,50.078744],[20.024238,50.07845],[20.024281,50.078455],[20.023859,50.078753],[20.023832,50.078744]]]}},{"type":"Feature","id":"w1088502774","properties":{"type":"yes","residential":true,"residents_est":0,"h3_10":"8a1e2e6ae507fff","h3_11":"8b1e2e6ae502fff"},"geometry":{"type":"Polygon","coordinates":[[[20.023745,50.078963],[20.023821,50.078907],[20.023874,50.078938],[20.023798,50.078993],[20.023745,50.078963]]]}},{"type":"Feature","id":"w1088502776","properties":{"type":"yes","residential":true,"residents_est":0,"h3_10":"8a1e2e6ae507fff","h3_11":"8b1e2e6ae502fff"},"geometry":{"type":"Polygon","coordinates":[[[20.023935,50.078963],[20.024122,50.078906],[20.024146,50.078938],[20.023959,50.078995],[20.023935,50.078963]]]}},{"type":"Feature","id":"w1088502777","properties":{"type":"roof","residential":false,"residents_est":0,"h3_10":"8a1e2e6ae507fff","h3_11":"8b1e2e6ae503fff"},"geometry":{"type":"Polygon","coordinates":[[[20.024309,50.078792],[20.024346,50.078769],[20.024583,50.0789],[20.024545,50.078923],[20.024309,50.078792]]]}},{"type":"Feature","id":"w1088502778","properties":{"type":"roof","residential":false,"residents_est":0,"h3_10":"8a1e2e6ae507fff","h3_11":"8b1e2e6ae503fff"},"geometry":{"type":"Polygon","coordinates":[[[20.024397,50.07873],[20.024425,50.078709],[20.024664,50.078841],[20.024633,50.078863],[20.024397,50.07873]]]}},{"type":"Feature","id":"w1088502779","properties":{"type":"roof","residential":false,"residents_est":0,"h3_10":"8a1e2e6ae507fff","h3_11":"8b1e2e6ae503fff"},"geometry":{"type":"Polygon","coordinates":[[[20.024479,50.078668],[20.024513,50.078646],[20.024753,50.078778],[20.024718,50.078801],[20.024479,50.078668]]]}},{"type":"Feature","id":"w1088502780","properties":{"type":"roof","residential":false,"residents_est":0,"h3_10":"8a1e2e6ae507fff","h3_11":"8b1e2e6ae501fff"},"geometry":{"type":"Polygon","coordinates":[[[20.024527,50.079028],[20.02456,50.079002],[20.025075,50.079276],[20.02504,50.079302],[20.0248,50.079174],[20.024764,50.07916],[20.024527,50.079028]]]}},{"type":"Feature","id":"w1088502781","properties":{"type":"roof","residential":false,"residents_est":0,"h3_10":"8a1e2e6ae507fff","h3_11":"8b1e2e6ae501fff"},"geometry":{"type":"Polygon","coordinates":[[[20.024613,50.078961],[20.024643,50.078936],[20.025223,50.07924],[20.025541,50.079148],[20.025551,50.079159],[20.025423,50.079195],[20.025436,50.079215],[20.02517,50.07929],[20.025155,50.07927],[20.025181,50.079263],[20.024613,50.078961]]]}},{"type":"Feature","id":"w1088502782","properties":{"type":"roof","residential":false,"residents_est":0,"h3_10":"8a1e2e6ae507fff","h3_11":"8b1e2e6ae501fff"},"geometry":{"type":"Polygon","coordinates":[[[20.02469,50.078899],[20.024725,50.078865],[20.025309,50.07918],[20.025271,50.079209],[20.02469,50.078899]]]}},{"type":"Feature","id":"w1088502783","properties":{"type":"roof","residential":false,"residents_est":0,"h3_10":"8a1e2e6ae50ffff","h3_11":"8b1e2e6ae50efff"},"geometry":{"type":"Polygon","coordinates":[[[20.02483,50.078782],[20.024854,50.078763],[20.025438,50.079074],[20.02541,50.079097],[20.02483,50.078782]]]}},{"type":"Feature","id":"w1088502784","properties":{"type":"roof","residential":false,"residents_est":0,"h3_10":"8a1e2e6ae52ffff","h3_11":"8b1e2e6ae52bfff"},"geometry":{"type":"Polygon","coordinates":[[[20.025532,50.079623],[20.025708,50.079574],[20.025716,50.079591],[20.025545,50.07964],[20.025532,50.079623]]]}},{"type":"Feature","id":"w1088502793","properties":{"type":"roof","residential":false,"residents_est":0,"h3_10":"8a1e2e6ae507fff","h3_11":"8b1e2e6ae506fff"},"geometry":{"type":"Polygon","coordinates":[[[20.023133,50.079084],[20.023435,50.078863],[20.0235,50.078902],[20.023197,50.079122],[20.023133,50.079084]]]}},{"type":"Feature","id":"w1172414088","properties":{"type":"yes","residential":false,"residents_est":0,"h3_10":"8a1e2e6ae567fff","h3_11":"8b1e2e6ae563fff"},"geometry":{"type":"Polygon","coordinates":[[[20.029298,50.079854],[20.029342,50.07982],[20.029396,50.079849],[20.029352,50.079882],[20.029298,50.079854]]]}},{"type":"Feature","id":"w1177574627","properties":{"type":"yes","residential":false,"residents_est":0,"h3_10":"8a1e2e6ae56ffff","h3_11":"8b1e2e6ae56bfff"},"geometry":{"type":"Polygon","coordinates":[[[20.031144,50.079633],[20.031182,50.079605],[20.031249,50.079643],[20.031211,50.079671],[20.031144,50.079633]]]}},{"type":"Feature","id":"w1197846733","properties":{"type":"house","levels":2.0,"address":"Bieńczycka 15AA","residential":true,"residents_est":1,"h3_10":"8a1e2e6ae587fff","h3_11":"8b1e2e6ae584fff"},"geometry":{"type":"Polygon","coordinates":[[[20.021305,50.07681],[20.021408,50.076792],[20.021449,50.076892],[20.021346,50.076909],[20.021305,50.07681]]]}},{"type":"Feature","id":"w1199244018","properties":{"type":"retail","levels":1.0,"address":"Osiedle Kolorowe 7","residential":false,"residents_est":0,"h3_10":"8a1e2e6ae4effff","h3_11":"8b1e2e6ae4eefff"},"geometry":{"type":"Polygon","coordinates":[[[20.029473,50.074881],[20.029545,50.074874],[20.029555,50.074917],[20.029483,50.074925],[20.029473,50.074881]]]}},{"type":"Feature","id":"w1216400477","properties":{"type":"yes","residential":false,"residents_est":0,"h3_10":"8a1e2e6ae507fff","h3_11":"8b1e2e6ae506fff"},"geometry":{"type":"Polygon","coordinates":[[[20.023585,50.079259],[20.023642,50.079248],[20.023658,50.079281],[20.023602,50.079293],[20.023585,50.079259]]]}},{"type":"Feature","id":"w1247589687","properties":{"type":"yes","residential":false,"residents_est":0,"h3_10":"8a1e2e6ae557fff","h3_11":"8b1e2e6ae556fff"},"geometry":{"type":"Polygon","coordinates":[[[20.027103,50.078549],[20.027159,50.0785],[20.027189,50.078514],[20.027133,50.078563],[20.027103,50.078549]]]}},{"type":"Feature","id":"w1249471604","properties":{"type":"retail","levels":1.0,"residential":false,"residents_est":0,"h3_10":"8a1e2e6ae44ffff","h3_11":"8b1e2e6ae44afff"},"geometry":{"type":"Polygon","coordinates":[[[20.032851,50.075853],[20.032865,50.075841],[20.032859,50.075823],[20.032902,50.075817],[20.032907,50.075832],[20.032931,50.07584],[20.032914,50.075859],[20.032874,50.075865],[20.032851,50.075853]]]}},{"type":"Feature","id":"w1270435410","properties":{"type":"school","levels":3.0,"residential":false,"residents_est":0,"h3_10":"8a1e2e6ae58ffff","h3_11":"8b1e2e6ae588fff"},"geometry":{"type":"Polygon","coordinates":[[[20.022042,50.076001],[20.022832,50.075733],[20.023066,50.075592],[20.023173,50.075667],[20.02293,50.075808],[20.023072,50.075946],[20.023201,50.075889],[20.02358,50.076248],[20.023448,50.076305],[20.023634,50.076482],[20.024369,50.076229],[20.024442,50.076317],[20.02375,50.076555],[20.023761,50.076568],[20.02381,50.076568],[20.023816,50.076587],[20.023649,50.076643],[20.023616,50.0766],[20.023355,50.076755],[20.023252,50.076684],[20.023514,50.076529],[20.02327,50.076292],[20.023198,50.076324],[20.023074,50.076209],[20.023146,50.076177],[20.022805,50.07585],[20.022111,50.076086],[20.022042,50.076001]]]}},{"type":"Feature","id":"w1287718651","properties":{"type":"service","residential":false,"residents_est":0,"h3_10":"8a1e2e6ae587fff","h3_11":"8b1e2e6ae584fff"},"geometry":{"type":"Polygon","coordinates":[[[20.021336,50.077041],[20.021419,50.077024],[20.021433,50.077053],[20.02135,50.07707],[20.021336,50.077041]]]}},{"type":"Feature","id":"w1306122128","properties":{"type":"yes","residential":false,"residents_est":0,"h3_10":"8a1e2e6ae537fff","h3_11":"8b1e2e6ae530fff"},"geometry":{"type":"Polygon","coordinates":[[[20.022557,50.079631],[20.022563,50.079595],[20.022621,50.079599],[20.022616,50.079634],[20.022557,50.079631]]]}},{"type":"Feature","id":"w1306122134","properties":{"type":"yes","residential":false,"residents_est":0,"h3_10":"8a1e2e6ae52ffff","h3_11":"8b1e2e6ae52efff"},"geometry":{"type":"Polygon","coordinates":[[[20.025031,50.079985],[20.025034,50.079958],[20.025121,50.079961],[20.025119,50.079989],[20.025031,50.079985]]]}},{"type":"Feature","id":"w1317825646","properties":{"type":"yes","residential":false,"residents_est":0,"h3_10":"8a1e2e6ae4cffff","h3_11":"8b1e2e6ae4cafff"},"geometry":{"type":"Polygon","coordinates":[[[20.03054,50.073457],[20.030594,50.073452],[20.030606,50.073505],[20.030552,50.07351],[20.03054,50.073457]]]}},{"type":"Feature","id":"w1361093524","properties":{"type":"yes","residential":false,"residents_est":0,"h3_10":"8a1e2e6ae467fff","h3_11":"8b1e2e6ae465fff"},"geometry":{"type":"Polygon","coordinates":[[[20.031629,50.078112],[20.031664,50.078085],[20.031727,50.078119],[20.031691,50.078146],[20.031629,50.078112]]]}},{"type":"Feature","id":"w1453829438","properties":{"type":"roof","residential":false,"residents_est":0,"h3_10":"8a1e2e6ae417fff","h3_11":"8b1e2e6ae414fff"},"geometry":{"type":"Polygon","coordinates":[[[20.02479,50.07614],[20.024874,50.076131],[20.024894,50.07621],[20.02481,50.076219],[20.02479,50.07614]]]}},{"type":"Feature","id":"w1527743502","properties":{"type":"yes","residential":false,"residents_est":0,"h3_10":"8a1e2e6ae5affff","h3_11":"8b1e2e6ae5a9fff"},"geometry":{"type":"Polygon","coordinates":[[[20.023894,50.077146],[20.02393,50.07712],[20.023985,50.077151],[20.02395,50.077177],[20.023894,50.077146]]]}}]}