{"type":"FeatureCollection","features":[{"type":"Feature","id":"w263614934","properties":{"type":"apartments","address":"Lasogórska 6","residential":true,"residents_est":24,"h3_10":"8a1e2e692347fff","h3_11":"8b1e2e692345fff"},"geometry":{"type":"Polygon","coordinates":[[[19.928633,49.991923],[19.928673,49.991915],[19.928665,49.991899],[19.928786,49.991875],[19.928794,49.991892],[19.928834,49.991884],[19.928868,49.991955],[19.928828,49.991963],[19.928835,49.991978],[19.928716,49.992001],[19.928709,49.991986],[19.928669,49.991994],[19.928633,49.991923]]]}},{"type":"Feature","id":"w299841391","properties":{"type":"yes","address":"Kazimierza Moszyńskiego 28a","residential":true,"residents_est":4,"h3_10":"8a1e2e69236ffff","h3_11":"8b1e2e69236dfff"},"geometry":{"type":"Polygon","coordinates":[[[19.929711,49.992747],[19.929732,49.992742],[19.92972,49.992721],[19.929872,49.992685],[19.929904,49.992734],[19.929928,49.992729],[19.92995,49.992759],[19.929842,49.992782],[19.929849,49.992794],[19.929803,49.992804],[19.929796,49.992793],[19.929763,49.9928],[19.929745,49.992766],[19.929724,49.992771],[19.929711,49.992747]]]}},{"type":"Feature","id":"w299841407","properties":{"type":"yes","residential":false,"residents_est":0,"h3_10":"8a1e2e69236ffff","h3_11":"8b1e2e69236dfff"},"geometry":{"type":"Polygon","coordinates":[[[19.929585,49.992679],[19.929633,49.992662],[19.929675,49.992714],[19.929627,49.99273],[19.929585,49.992679]]]}},{"type":"Feature","id":"w299841442","properties":{"type":"yes","residential":false,"residents_est":0,"h3_10":"8a1e2e69236ffff","h3_11":"8b1e2e69236dfff"},"geometry":{"type":"Polygon","coordinates":[[[19.930081,49.992566],[19.930151,49.992559],[19.930159,49.99259],[19.930089,49.992597],[19.930081,49.992566]]]}},{"type":"Feature","id":"w299841486","properties":{"type":"yes","address":"Kazimierza Moszyńskiego 28","residential":true,"residents_est":3,"h3_10":"8a1e2e69236ffff","h3_11":"8b1e2e69236dfff"},"geometry":{"type":"Polygon","coordinates":[[[19.929872,49.992685],[19.930018,49.992653],[19.930063,49.992734],[19.92995,49.992759],[19.929928,49.992729],[19.929904,49.992734],[19.929872,49.992685]]]}},{"type":"Feature","id":"w337222815","properties":{"type":"yes","residential":true,"residents_est":6,"h3_10":"8a1e2e692337fff","h3_11":"8b1e2e692330fff"},"geometry":{"type":"Polygon","coordinates":[[[19.921079,49.991912],[19.92135,49.991907],[19.921355,49.992005],[19.921276,49.992006],[19.921275,49.991982],[19.921218,49.991983],[19.921219,49.99201],[19.921176,49.992011],[19.921175,49.991985],[19.921082,49.991987],[19.921079,49.991912]]]}},{"type":"Feature","id":"w337222821","properties":{"type":"detached","address":"Jerzego Smoleńskiego 67c","residential":true,"residents_est":9,"h3_10":"8a1e2e6923a7fff","h3_11":"8b1e2e6923a3fff"},"geometry":{"type":"Polygon","coordinates":[[[19.92039,49.989652],[19.920401,49.989651],[19.9204,49.989626],[19.920406,49.989626],[19.920403,49.989594],[19.920463,49.989592],[19.920476,49.989583],[19.9205,49.989582],[19.920516,49.989591],[19.920575,49.989589],[19.920581,49.989681],[19.920392,49.989687],[19.92039,49.989652]]]}},{"type":"Feature","id":"w337222825","properties":{"type":"detached","address":"Jerzego Smoleńskiego 69","residential":true,"residents_est":7,"h3_10":"8a1e2e6923a7fff","h3_11":"8b1e2e6923a3fff"},"geometry":{"type":"Polygon","coordinates":[[[19.920214,49.989442],[19.920293,49.989421],[19.920309,49.989423],[19.920324,49.989447],[19.920343,49.989442],[19.920395,49.989522],[19.920353,49.989534],[19.920357,49.98954],[19.920274,49.989555],[19.920223,49.989473],[19.920232,49.989471],[19.920214,49.989442]]]}},{"type":"Feature","id":"w337222829","properties":{"type":"yes","address":"Jerzego Smoleńskiego 31","residential":true,"residents_est":8,"h3_10":"8a1e2e692337fff","h3_11":"8b1e2e692335fff"},"geometry":{"type":"Polygon","coordinates":[[[19.921416,49.992369],[19.921424,49.992285],[19.921557,49.99229],[19.921558,49.992281],[19.921616,49.992246],[19.92171,49.992314],[19.921668,49.992338],[19.921739,49.99239],[19.921672,49.992428],[19.9216,49.992376],[19.921558,49.992375],[19.921557,49.992394],[19.921502,49.992392],[19.921503,49.992372],[19.921416,49.992369]]]}},{"type":"Feature","id":"w337222838","properties":{"type":"detached","address":"Jerzego Smoleńskiego 63","residential":true,"residents_est":6,"h3_10":"8a1e2e6923a7fff","h3_11":"8b1e2e6923a5fff"},"geometry":{"type":"Polygon","coordinates":[[[19.920515,49.990222],[19.920521,49.990141],[19.920668,49.990146],[19.920662,49.990226],[19.920515,49.990222]]]}},{"type":"Feature","id":"w337222842","properties":{"type":"yes","address":"Jerzego Smoleńskiego 35","residential":true,"residents_est":4,"h3_10":"8a1e2e692337fff","h3_11":"8b1e2e692332fff"},"geometry":{"type":"Polygon","coordinates":[[[19.920901,49.991608],[19.920905,49.991522],[19.921072,49.991525],[19.921068,49.991611],[19.920901,49.991608]]]}},{"type":"Feature","id":"w337222856","properties":{"type":"yes","address":"Jerzego Smoleńskiego 35a","residential":true,"residents_est":3,"h3_10":"8a1e2e692337fff","h3_11":"8b1e2e692330fff"},"geometry":{"type":"Polygon","coordinates":[[[19.921233,49.991668],[19.921366,49.991663],[19.921373,49.991747],[19.921239,49.991752],[19.921233,49.991668]]]}},{"type":"Feature","id":"w337222868","properties":{"type":"yes","address":"Jerzego Smoleńskiego 71","residential":true,"residents_est":4,"h3_10":"8a1e2e692387fff","h3_11":"8b1e2e692385fff"},"geometry":{"type":"Polygon","coordinates":[[[19.920535,49.989145],[19.920627,49.98907],[19.920772,49.989143],[19.92068,49.989219],[19.920535,49.989145]]]}},{"type":"Feature","id":"w337222878","properties":{"type":"yes","residential":true,"residents_est":3,"h3_10":"8a1e2e692387fff","h3_11":"8b1e2e692384fff"},"geometry":{"type":"Polygon","coordinates":[[[19.920095,49.989302],[19.920153,49.989198],[19.920261,49.989223],[19.920203,49.989327],[19.920095,49.989302]]]}},{"type":"Feature","id":"w337222880","properties":{"type":"yes","address":"Jerzego Smoleńskiego 65","residential":true,"residents_est":4,"h3_10":"8a1e2e6923a7fff","h3_11":"8b1e2e6923a1fff"},"geometry":{"type":"Polygon","coordinates":[[[19.920599,49.990057],[19.920602,49.989974],[19.920784,49.989976],[19.920781,49.990059],[19.920599,49.990057]]]}},{"type":"Feature","id":"w337222897","properties":{"type":"yes","residential":true,"residents_est":2,"h3_10":"8a1e2e692337fff","h3_11":"8b1e2e692336fff"},"geometry":{"type":"Polygon","coordinates":[[[19.920456,49.991669],[19.920458,49.991636],[19.920634,49.99164],[19.920629,49.991725],[19.920554,49.991723],[19.920557,49.991671],[19.920456,49.991669]]]}},{"type":"Feature","id":"w337222899","properties":{"type":"yes","residential":true,"residents_est":3,"h3_10":"8a1e2e692337fff","h3_11":"8b1e2e692332fff"},"geometry":{"type":"Polygon","coordinates":[[[19.920839,49.99146],[19.920844,49.991396],[19.921041,49.991408],[19.921037,49.991466],[19.920839,49.99146]]]}},{"type":"Feature","id":"w337222902","properties":{"type":"detached","address":"Jerzego Smoleńskiego 61","residential":true,"residents_est":5,"h3_10":"8a1e2e6923a7fff","h3_11":"8b1e2e6923a5fff"},"geometry":{"type":"Polygon","coordinates":[[[19.920334,49.990363],[19.920342,49.990285],[19.920463,49.99029],[19.920452,49.990389],[19.920389,49.990386],[19.920391,49.990366],[19.920334,49.990363]]]}},{"type":"Feature","id":"w337222917","properties":{"type":"yes","address":"Jerzego Smoleńskiego 67b","residential":true,"residents_est":3,"h3_10":"8a1e2e6923a7fff","h3_11":"8b1e2e6923a1fff"},"geometry":{"type":"Polygon","coordinates":[[[19.921063,49.989903],[19.921067,49.989833],[19.921197,49.989835],[19.921196,49.989844],[19.921246,49.989845],[19.921243,49.989898],[19.921194,49.989897],[19.921193,49.989906],[19.921063,49.989903]]]}},{"type":"Feature","id":"w337222918","properties":{"type":"detached","address":"Jerzego Smoleńskiego 67","residential":true,"residents_est":5,"h3_10":"8a1e2e6923a7fff","h3_11":"8b1e2e6923a1fff"},"geometry":{"type":"Polygon","coordinates":[[[19.920484,49.989913],[19.920493,49.98984],[19.920614,49.989846],[19.920611,49.989867],[19.920635,49.989868],[19.920631,49.989902],[19.920609,49.989901],[19.920607,49.989919],[19.920484,49.989913]]]}},{"type":"Feature","id":"w337222923","properties":{"type":"yes","residential":true,"residents_est":4,"h3_10":"8a1e2e692337fff","h3_11":"8b1e2e692332fff"},"geometry":{"type":"Polygon","coordinates":[[[19.92121,49.991539],[19.921211,49.99146],[19.921405,49.991461],[19.921404,49.991539],[19.921348,49.991539],[19.921348,49.991547],[19.921281,49.991547],[19.921281,49.991539],[19.92121,49.991539]]]}},{"type":"Feature","id":"w337222925","properties":{"type":"yes","residential":true,"residents_est":26,"h3_10":"8a1e2e692387fff","h3_11":"8b1e2e692386fff"},"geometry":{"type":"Polygon","coordinates":[[[19.919771,49.988921],[19.919929,49.988903],[19.919999,49.989049],[19.920094,49.989173],[19.919947,49.989225],[19.919884,49.989149],[19.919805,49.989024],[19.919771,49.988921]]]}},{"type":"Feature","id":"w337222928","properties":{"type":"yes","address":"Jerzego Smoleńskiego 37a","residential":true,"residents_est":4,"h3_10":"8a1e2e692337fff","h3_11":"8b1e2e692336fff"},"geometry":{"type":"Polygon","coordinates":[[[19.920616,49.991596],[19.920623,49.991506],[19.920769,49.991511],[19.920761,49.991601],[19.920704,49.991599],[19.920703,49.991613],[19.920651,49.991612],[19.920652,49.991597],[19.920616,49.991596]]]}},{"type":"Feature","id":"w337263575","properties":{"type":"apartments","address":"Lasogórska 6A","residential":true,"residents_est":28,"h3_10":"8a1e2e692367fff","h3_11":"8b1e2e692363fff"},"geometry":{"type":"Polygon","coordinates":[[[19.928145,49.992],[19.928202,49.991989],[19.928197,49.991978],[19.92832,49.991954],[19.928328,49.991973],[19.928385,49.991962],[19.928423,49.992043],[19.928302,49.992067],[19.928295,49.992052],[19.92818,49.992075],[19.928145,49.992]]]}},{"type":"Feature","id":"w337263679","properties":{"type":"yes","address":"Lasogórska 6g","residential":true,"residents_est":4,"h3_10":"8a1e2e692347fff","h3_11":"8b1e2e692344fff"},"geometry":{"type":"Polygon","coordinates":[[[19.927941,49.991749],[19.928028,49.991732],[19.928036,49.991748],[19.928082,49.991738],[19.928138,49.991859],[19.928076,49.99187],[19.92806,49.991836],[19.927988,49.991849],[19.927941,49.991749]]]}},{"type":"Feature","id":"w337263682","properties":{"type":"yes","address":"Lasogórska 6f","residential":true,"residents_est":3,"h3_10":"8a1e2e692347fff","h3_11":"8b1e2e692345fff"},"geometry":{"type":"Polygon","coordinates":[[[19.928211,49.991736],[19.92822,49.991723],[19.92831,49.991707],[19.928306,49.991697],[19.928354,49.991688],[19.928386,49.991759],[19.928346,49.991766],[19.928354,49.991784],[19.928316,49.991791],[19.928321,49.991801],[19.928246,49.991815],[19.928211,49.991736]]]}},{"type":"Feature","id":"w337263707","properties":{"type":"yes","address":"Lasogórska 6c","residential":true,"residents_est":3,"h3_10":"8a1e2e69236ffff","h3_11":"8b1e2e69236afff"},"geometry":{"type":"Polygon","coordinates":[[[19.928832,49.991608],[19.928887,49.991598],[19.928904,49.991604],[19.928908,49.991612],[19.928955,49.991603],[19.929008,49.99172],[19.92896,49.991729],[19.928941,49.991686],[19.92892,49.99169],[19.928914,49.991701],[19.928878,49.991707],[19.928832,49.991608]]]}},{"type":"Feature","id":"w337263730","properties":{"type":"yes","address":"Kazimierza Moszyńskiego 34","residential":true,"residents_est":4,"h3_10":"8a1e2e69234ffff","h3_11":"8b1e2e69234cfff"},"geometry":{"type":"Polygon","coordinates":[[[19.92971,49.991414],[19.929883,49.991407],[19.92989,49.991507],[19.929718,49.991513],[19.92971,49.991414]]]}},{"type":"Feature","id":"w337263793","properties":{"type":"yes","address":"Lasogórska 8","residential":true,"residents_est":7,"h3_10":"8a1e2e692347fff","h3_11":"8b1e2e692341fff"},"geometry":{"type":"Polygon","coordinates":[[[19.928464,49.991393],[19.92858,49.991382],[19.928574,49.991357],[19.928642,49.991351],[19.928648,49.991375],[19.928786,49.991362],[19.928805,49.991444],[19.928483,49.991475],[19.928464,49.991393]]]}},{"type":"Feature","id":"w337263813","properties":{"type":"yes","address":"Lasogórska 8c","residential":true,"residents_est":4,"h3_10":"8a1e2e692347fff","h3_11":"8b1e2e692346fff"},"geometry":{"type":"Polygon","coordinates":[[[19.927402,49.991408],[19.927517,49.991388],[19.927558,49.991486],[19.927542,49.991489],[19.927554,49.99152],[19.927457,49.991537],[19.927402,49.991408]]]}},{"type":"Feature","id":"w337560641","properties":{"type":"yes","residential":true,"residents_est":4,"h3_10":"8a1e2e692397fff","h3_11":"8b1e2e692395fff"},"geometry":{"type":"Polygon","coordinates":[[[19.919429,49.988272],[19.919439,49.988202],[19.919649,49.988213],[19.919641,49.988282],[19.919585,49.98828],[19.919583,49.988296],[19.919539,49.988294],[19.919541,49.988277],[19.919429,49.988272]]]}},{"type":"Feature","id":"w337560648","properties":{"type":"yes","residential":true,"residents_est":3,"h3_10":"8a1e2e692397fff","h3_11":"8b1e2e692390fff"},"geometry":{"type":"Polygon","coordinates":[[[19.919127,49.987957],[19.919223,49.987953],[19.919232,49.988072],[19.919138,49.988076],[19.919127,49.987957]]]}},{"type":"Feature","id":"w337560653","properties":{"type":"yes","address":"Lasogórska 22","residential":true,"residents_est":4,"h3_10":"8a1e2e69222ffff","h3_11":"8b1e2e692229fff"},"geometry":{"type":"Polygon","coordinates":[[[19.927207,49.989463],[19.92722,49.989461],[19.927234,49.989449],[19.927256,49.989447],[19.927276,49.989455],[19.927324,49.989449],[19.927345,49.98953],[19.927387,49.989529],[19.927397,49.989565],[19.927237,49.989583],[19.927207,49.989463]]]}},{"type":"Feature","id":"w337560662","properties":{"type":"yes","address":"Lasogórska 19","residential":true,"residents_est":5,"h3_10":"8a1e2e69222ffff","h3_11":"8b1e2e692229fff"},"geometry":{"type":"Polygon","coordinates":[[[19.927701,49.98939],[19.927742,49.989386],[19.927738,49.989371],[19.927804,49.989363],[19.927808,49.989378],[19.92789,49.989369],[19.927913,49.989464],[19.927727,49.989482],[19.927701,49.98939]]]}},{"type":"Feature","id":"w337560672","properties":{"type":"yes","address":"Starowiejska 39","residential":true,"residents_est":7,"h3_10":"8a1e2e692257fff","h3_11":"8b1e2e692250fff"},"geometry":{"type":"Polygon","coordinates":[[[19.928995,49.988056],[19.929067,49.988047],[19.929072,49.988063],[19.929184,49.988049],[19.929201,49.988104],[19.929242,49.988099],[19.929261,49.988164],[19.929159,49.988177],[19.929161,49.988185],[19.929102,49.988192],[19.929099,49.988181],[19.929013,49.988192],[19.928997,49.988138],[19.929018,49.988135],[19.928995,49.988056]]]}},{"type":"Feature","id":"w337560684","properties":{"type":"yes","address":"Jerzego Smoleńskiego 82a","residential":true,"residents_est":4,"h3_10":"8a1e2e692397fff","h3_11":"8b1e2e692391fff"},"geometry":{"type":"Polygon","coordinates":[[[19.919854,49.988144],[19.919864,49.988087],[19.920045,49.988101],[19.920028,49.988195],[19.919883,49.988183],[19.919889,49.988146],[19.919854,49.988144]]]}},{"type":"Feature","id":"w337560693","properties":{"type":"yes","address":"Jerzego Smoleńskiego 115","residential":true,"residents_est":4,"h3_10":"8a1e2e692297fff","h3_11":"8b1e2e692292fff"},"geometry":{"type":"Polygon","coordinates":[[[19.921184,49.985078],[19.921209,49.985074],[19.921193,49.985019],[19.921374,49.984996],[19.921385,49.985029],[19.921349,49.985034],[19.921363,49.985073],[19.921329,49.985076],[19.921336,49.985104],[19.921259,49.985112],[19.92126,49.985117],[19.921253,49.985117],[19.921255,49.985124],[19.921198,49.98513],[19.921184,49.985078]]]}},{"type":"Feature","id":"w337560699","properties":{"type":"yes","address":"Kazimierza Moszyńskiego 68","residential":true,"residents_est":5,"h3_10":"8a1e2e6922effff","h3_11":"8b1e2e6922ebfff"},"geometry":{"type":"Polygon","coordinates":[[[19.929943,49.986633],[19.929963,49.986609],[19.929998,49.986602],[19.930005,49.986615],[19.930105,49.986595],[19.930125,49.986637],[19.930172,49.986627],[19.930202,49.986687],[19.930116,49.986705],[19.93011,49.986693],[19.930083,49.986699],[19.930085,49.986704],[19.929984,49.986719],[19.929943,49.986633]]]}},{"type":"Feature","id":"w337560703","properties":{"type":"yes","address":"Starowiejska 3","residential":true,"residents_est":2,"h3_10":"8a1e2e69239ffff","h3_11":"8b1e2e69239efff"},"geometry":{"type":"Polygon","coordinates":[[[19.920089,49.987679],[19.920108,49.987613],[19.920158,49.987618],[19.920165,49.987598],[19.920208,49.987603],[19.920179,49.98769],[19.920089,49.987679]]]}},{"type":"Feature","id":"w337560711","properties":{"type":"yes","address":"Jerzego Smoleńskiego 28a","residential":true,"residents_est":4,"h3_10":"8a1e2e692397fff","h3_11":"8b1e2e692392fff"},"geometry":{"type":"Polygon","coordinates":[[[19.918395,49.987865],[19.918452,49.987863],[19.918451,49.987853],[19.918534,49.987849],[19.918532,49.987833],[19.918578,49.987831],[19.91858,49.987846],[19.918597,49.987845],[19.918605,49.987923],[19.918458,49.987929],[19.918457,49.98792],[19.9184,49.987922],[19.918395,49.987865]]]}},{"type":"Feature","id":"w337560713","properties":{"type":"yes","address":"Lasogórska 24","residential":true,"residents_est":4,"h3_10":"8a1e2e69222ffff","h3_11":"8b1e2e69222bfff"},"geometry":{"type":"Polygon","coordinates":[[[19.927156,49.989199],[19.927187,49.989195],[19.927184,49.989185],[19.927247,49.989178],[19.927251,49.989191],[19.927292,49.989186],[19.927303,49.989224],[19.927289,49.989225],[19.927297,49.989255],[19.927313,49.989254],[19.927328,49.989306],[19.92719,49.989322],[19.927156,49.989199]]]}},{"type":"Feature","id":"w337560755","properties":{"type":"yes","address":"Starowiejska 20","residential":true,"residents_est":17,"h3_10":"8a1e2e6922e7fff","h3_11":"8b1e2e6922e0fff"},"geometry":{"type":"Polygon","coordinates":[[[19.927279,49.987439],[19.92736,49.987431],[19.927377,49.987496],[19.927522,49.987482],[19.927497,49.98738],[19.92758,49.987372],[19.927617,49.987528],[19.927507,49.987538],[19.927511,49.987556],[19.927487,49.987577],[19.927432,49.987582],[19.927424,49.987547],[19.92731,49.987558],[19.927279,49.987439]]]}},{"type":"Feature","id":"w337560767","properties":{"type":"yes","address":"Starowiejska 62d","residential":true,"residents_est":6,"h3_10":"8a1e2e6922effff","h3_11":"8b1e2e6922e9fff"},"geometry":{"type":"Polygon","coordinates":[[[19.929907,49.987175],[19.929987,49.987156],[19.930007,49.987163],[19.930129,49.987136],[19.930133,49.987145],[19.930187,49.987135],[19.930211,49.987193],[19.930157,49.987203],[19.930165,49.98722],[19.929941,49.98726],[19.929907,49.987175]]]}},{"type":"Feature","id":"w337560778","properties":{"type":"yes","address":"Lasogórska 8g","residential":true,"residents_est":5,"h3_10":"8a1e2e692347fff","h3_11":"8b1e2e692342fff"},"geometry":{"type":"Polygon","coordinates":[[[19.927873,49.990994],[19.927934,49.990982],[19.927915,49.990938],[19.927987,49.990925],[19.928054,49.991057],[19.928048,49.991058],[19.928071,49.991113],[19.928012,49.991123],[19.927988,49.99107],[19.927913,49.991083],[19.927899,49.991053],[19.927882,49.991047],[19.927876,49.991034],[19.927886,49.991023],[19.927873,49.990994]]]}},{"type":"Feature","id":"w337560792","properties":{"type":"yes","address":"Starowiejska 2","residential":true,"residents_est":4,"h3_10":"8a1e2e69239ffff","h3_11":"8b1e2e69239afff"},"geometry":{"type":"Polygon","coordinates":[[[19.920623,49.987415],[19.920677,49.987327],[19.920723,49.987339],[19.920729,49.987329],[19.920755,49.987326],[19.920781,49.987333],[19.920787,49.987344],[19.920796,49.987346],[19.920781,49.987369],[19.920828,49.987381],[19.920783,49.987455],[19.920732,49.987442],[19.920721,49.987461],[19.920662,49.987446],[19.920674,49.987428],[19.920623,49.987415]]]}},{"type":"Feature","id":"w337560795","properties":{"type":"yes","address":"Lasogórska 27","residential":true,"residents_est":7,"h3_10":"8a1e2e69220ffff","h3_11":"8b1e2e692208fff"},"geometry":{"type":"Polygon","coordinates":[[[19.927425,49.988366],[19.927433,49.988359],[19.92743,49.988345],[19.927502,49.988337],[19.927485,49.98827],[19.927604,49.988258],[19.927637,49.988368],[19.927633,49.988369],[19.927654,49.988453],[19.927564,49.988463],[19.927551,49.98841],[19.927522,49.988413],[19.927518,49.988397],[19.927445,49.988405],[19.927441,49.988391],[19.92743,49.988385],[19.927425,49.988366]]]}},{"type":"Feature","id":"w337560801","properties":{"type":"yes","address":"Lasogórska 8h","residential":true,"residents_est":5,"h3_10":"8a1e2e692347fff","h3_11":"8b1e2e692343fff"},"geometry":{"type":"Polygon","coordinates":[[[19.928162,49.99099],[19.928339,49.990959],[19.928356,49.990999],[19.928324,49.991005],[19.92835,49.991066],[19.928297,49.991075],[19.92828,49.991087],[19.928258,49.991082],[19.928203,49.991092],[19.928162,49.99099]]]}},{"type":"Feature","id":"w337560803","properties":{"type":"yes","address":"Starowiejska 2a","residential":true,"residents_est":4,"h3_10":"8a1e2e69239ffff","h3_11":"8b1e2e69239afff"},"geometry":{"type":"Polygon","coordinates":[[[19.920246,49.987311],[19.920258,49.987291],[19.920288,49.987283],[19.920389,49.987306],[19.920397,49.987292],[19.920474,49.987312],[19.920481,49.9873],[19.920556,49.987318],[19.920517,49.987382],[19.920442,49.987363],[19.920434,49.987377],[19.920273,49.987336],[19.920259,49.98733],[19.920246,49.987311]]]}},{"type":"Feature","id":"w337560863","properties":{"type":"yes","address":"Jerzego Smoleńskiego 28","residential":true,"residents_est":3,"h3_10":"8a1e2e692397fff","h3_11":"8b1e2e692392fff"},"geometry":{"type":"Polygon","coordinates":[[[19.918756,49.987836],[19.918899,49.987825],[19.918915,49.987916],[19.918772,49.987927],[19.918756,49.987836]]]}},{"type":"Feature","id":"w337560866","properties":{"type":"yes","address":"Lasogórska 14","residential":true,"residents_est":3,"h3_10":"8a1e2e69235ffff","h3_11":"8b1e2e69235efff"},"geometry":{"type":"Polygon","coordinates":[[[19.92757,49.990408],[19.927698,49.990386],[19.927731,49.990465],[19.927603,49.990487],[19.92757,49.990408]]]}},{"type":"Feature","id":"w337560868","properties":{"type":"yes","residential":false,"residents_est":0,"h3_10":"8a1e2e692397fff","h3_11":"8b1e2e692390fff"},"geometry":{"type":"Polygon","coordinates":[[[19.918878,49.988207],[19.918941,49.988206],[19.918943,49.988283],[19.91888,49.988283],[19.918878,49.988207]]]}},{"type":"Feature","id":"w337560901","properties":{"type":"yes","address":"Jerzego Smoleńskiego 14c","residential":true,"residents_est":3,"h3_10":"8a1e2e692397fff","h3_11":"8b1e2e692394fff"},"geometry":{"type":"Polygon","coordinates":[[[19.918983,49.988414],[19.919134,49.988413],[19.919135,49.988491],[19.918984,49.988492],[19.918983,49.988414]]]}},{"type":"Feature","id":"w337560904","properties":{"type":"yes","residential":true,"residents_est":2,"h3_10":"8a1e2e69235ffff","h3_11":"8b1e2e69235efff"},"geometry":{"type":"Polygon","coordinates":[[[19.927647,49.990182],[19.927733,49.990166],[19.927773,49.990254],[19.927687,49.99027],[19.927647,49.990182]]]}},{"type":"Feature","id":"w337560928","properties":{"type":"yes","residential":false,"residents_est":0,"h3_10":"8a1e2e69225ffff","h3_11":"8b1e2e69225bfff"},"geometry":{"type":"Polygon","coordinates":[[[19.931191,49.987296],[19.931273,49.987285],[19.931291,49.987338],[19.93121,49.98735],[19.931191,49.987296]]]}},{"type":"Feature","id":"w337560968","properties":{"type":"yes","address":"Lasogórska 16","residential":true,"residents_est":3,"h3_10":"8a1e2e69235ffff","h3_11":"8b1e2e69235afff"},"geometry":{"type":"Polygon","coordinates":[[[19.927859,49.990141],[19.927994,49.990119],[19.928026,49.990202],[19.927891,49.990224],[19.927859,49.990141]]]}},{"type":"Feature","id":"w337560974","properties":{"type":"detached","address":"Jerzego Smoleńskiego 14","residential":true,"residents_est":7,"h3_10":"8a1e2e692397fff","h3_11":"8b1e2e692395fff"},"geometry":{"type":"Polygon","coordinates":[[[19.919381,49.9885],[19.919397,49.988408],[19.919546,49.988419],[19.919528,49.988512],[19.919381,49.9885]]]}},{"type":"Feature","id":"w337560978","properties":{"type":"yes","residential":false,"residents_est":0,"h3_10":"8a1e2e69239ffff","h3_11":"8b1e2e69239dfff"},"geometry":{"type":"Polygon","coordinates":[[[19.921023,49.987993],[19.921057,49.987937],[19.92113,49.987955],[19.921097,49.988011],[19.921023,49.987993]]]}},{"type":"Feature","id":"w337560979","properties":{"type":"yes","address":"Lasogórska 12","residential":true,"residents_est":3,"h3_10":"8a1e2e69235ffff","h3_11":"8b1e2e69235cfff"},"geometry":{"type":"Polygon","coordinates":[[[19.927932,49.99054],[19.928067,49.990516],[19.928109,49.990611],[19.927975,49.990635],[19.927932,49.99054]]]}},{"type":"Feature","id":"w337560992","properties":{"type":"yes","address":"Starowiejska 5","residential":true,"residents_est":3,"h3_10":"8a1e2e69239ffff","h3_11":"8b1e2e69239efff"},"geometry":{"type":"Polygon","coordinates":[[[19.920352,49.98769],[19.92038,49.987609],[19.92052,49.987628],[19.920493,49.98771],[19.920451,49.987704],[19.920446,49.987718],[19.920394,49.98771],[19.920399,49.987696],[19.920352,49.98769]]]}},{"type":"Feature","id":"w337560996","properties":{"type":"yes","address":"Jerzego Smoleńskiego 30","residential":true,"residents_est":3,"h3_10":"8a1e2e692397fff","h3_11":"8b1e2e692393fff"},"geometry":{"type":"Polygon","coordinates":[[[19.919441,49.987516],[19.919552,49.987505],[19.919572,49.987593],[19.919461,49.987603],[19.919441,49.987516]]]}},{"type":"Feature","id":"w337561000","properties":{"type":"yes","residential":true,"residents_est":2,"h3_10":"8a1e2e69221ffff","h3_11":"8b1e2e69221afff"},"geometry":{"type":"Polygon","coordinates":[[[19.925681,49.987364],[19.925711,49.987323],[19.925841,49.987364],[19.925811,49.987404],[19.925681,49.987364]]]}},{"type":"Feature","id":"w337561005","properties":{"type":"yes","residential":true,"residents_est":1,"h3_10":"8a1e2e69239ffff","h3_11":"8b1e2e692398fff"},"geometry":{"type":"Polygon","coordinates":[[[19.9209,49.987882],[19.920944,49.987824],[19.921021,49.987848],[19.920978,49.987906],[19.9209,49.987882]]]}},{"type":"Feature","id":"w337561088","properties":{"type":"yes","address":"Lasogórska 32","residential":true,"residents_est":6,"h3_10":"8a1e2e69220ffff","h3_11":"8b1e2e69220afff"},"geometry":{"type":"Polygon","coordinates":[[[19.926827,49.988048],[19.927007,49.988026],[19.927054,49.988188],[19.926874,49.988209],[19.926858,49.988154],[19.92694,49.988144],[19.926924,49.988088],[19.926842,49.988098],[19.926827,49.988048]]]}},{"type":"Feature","id":"w337561169","properties":{"type":"yes","residential":true,"residents_est":2,"h3_10":"8a1e2e692387fff","h3_11":"8b1e2e692382fff"},"geometry":{"type":"Polygon","coordinates":[[[19.919994,49.988608],[19.919999,49.988555],[19.920141,49.988561],[19.920136,49.988614],[19.919994,49.988608]]]}},{"type":"Feature","id":"w337561197","properties":{"type":"yes","address":"Jerzego Smoleńskiego 81","residential":true,"residents_est":3,"h3_10":"8a1e2e692387fff","h3_11":"8b1e2e692382fff"},"geometry":{"type":"Polygon","coordinates":[[[19.920005,49.988391],[19.920018,49.988306],[19.920166,49.988315],[19.920154,49.9884],[19.920005,49.988391]]]}},{"type":"Feature","id":"w337561208","properties":{"type":"yes","residential":true,"residents_est":2,"h3_10":"8a1e2e6922f7fff","h3_11":"8b1e2e6922f5fff"},"geometry":{"type":"Polygon","coordinates":[[[19.926584,49.986948],[19.926591,49.986877],[19.926686,49.986881],[19.926679,49.986952],[19.926584,49.986948]]]}},{"type":"Feature","id":"w337561221","properties":{"type":"yes","address":"Jerzego Smoleńskiego 83","residential":true,"residents_est":3,"h3_10":"8a1e2e692397fff","h3_11":"8b1e2e692391fff"},"geometry":{"type":"Polygon","coordinates":[[[19.920067,49.987992],[19.920093,49.987925],[19.920251,49.98795],[19.920226,49.988017],[19.920067,49.987992]]]}},{"type":"Feature","id":"w337561273","properties":{"type":"yes","residential":true,"residents_est":4,"h3_10":"8a1e2e6922f7fff","h3_11":"8b1e2e6922f5fff"},"geometry":{"type":"Polygon","coordinates":[[[19.926283,49.987221],[19.926301,49.98713],[19.926358,49.987135],[19.926372,49.987127],[19.926401,49.98713],[19.926413,49.987139],[19.92647,49.987144],[19.926452,49.987235],[19.926283,49.987221]]]}},{"type":"Feature","id":"w337561289","properties":{"type":"yes","address":"Jerzego Smoleńskiego 26A","residential":true,"residents_est":2,"h3_10":"8a1e2e692397fff","h3_11":"8b1e2e692393fff"},"geometry":{"type":"Polygon","coordinates":[[[19.919282,49.98775],[19.919341,49.987748],[19.919344,49.987797],[19.919366,49.987797],[19.91937,49.987839],[19.919287,49.987843],[19.919282,49.98775]]]}},{"type":"Feature","id":"w337561303","properties":{"type":"yes","residential":true,"residents_est":2,"h3_10":"8a1e2e692347fff","h3_11":"8b1e2e692342fff"},"geometry":{"type":"Polygon","coordinates":[[[19.927551,49.990878],[19.927689,49.990848],[19.927716,49.9909],[19.927576,49.990929],[19.927551,49.990878]]]}},{"type":"Feature","id":"w337561322","properties":{"type":"yes","residential":true,"residents_est":3,"h3_10":"8a1e2e692397fff","h3_11":"8b1e2e692394fff"},"geometry":{"type":"Polygon","coordinates":[[[19.918544,49.988249],[19.918685,49.988244],[19.918691,49.98833],[19.918551,49.988335],[19.918544,49.988249]]]}},{"type":"Feature","id":"w337561376","properties":{"type":"yes","residential":true,"residents_est":2,"h3_10":"8a1e2e692397fff","h3_11":"8b1e2e692395fff"},"geometry":{"type":"Polygon","coordinates":[[[19.919391,49.98861],[19.919406,49.988566],[19.919597,49.988593],[19.919579,49.988645],[19.919449,49.988627],[19.919452,49.988618],[19.919391,49.98861]]]}},{"type":"Feature","id":"w337561379","properties":{"type":"yes","address":"Lasogórska 10","residential":true,"residents_est":5,"h3_10":"8a1e2e69235ffff","h3_11":"8b1e2e69235cfff"},"geometry":{"type":"Polygon","coordinates":[[[19.927866,49.990758],[19.928092,49.99071],[19.928112,49.99075],[19.928079,49.990757],[19.928103,49.990803],[19.92791,49.990844],[19.927866,49.990758]]]}},{"type":"Feature","id":"w337561395","properties":{"type":"yes","residential":true,"residents_est":3,"h3_10":"8a1e2e69235ffff","h3_11":"8b1e2e69235efff"},"geometry":{"type":"Polygon","coordinates":[[[19.927344,49.99044],[19.927475,49.990415],[19.927489,49.990445],[19.927467,49.990449],[19.9275,49.990522],[19.927391,49.990542],[19.927344,49.99044]]]}},{"type":"Feature","id":"w337561400","properties":{"type":"yes","address":"Starowiejska 11","residential":true,"residents_est":3,"h3_10":"8a1e2e69239ffff","h3_11":"8b1e2e69239dfff"},"geometry":{"type":"Polygon","coordinates":[[[19.921,49.987912],[19.92104,49.987844],[19.921222,49.987889],[19.9212,49.987927],[19.921162,49.987918],[19.921144,49.987947],[19.921,49.987912]]]}},{"type":"Feature","id":"w337561417","properties":{"type":"yes","address":"Starowiejska 7","residential":true,"residents_est":3,"h3_10":"8a1e2e69239ffff","h3_11":"8b1e2e692398fff"},"geometry":{"type":"Polygon","coordinates":[[[19.920669,49.987869],[19.920707,49.987774],[19.920829,49.987795],[19.920792,49.987886],[19.920669,49.987869]]]}},{"type":"Feature","id":"w337561423","properties":{"type":"yes","address":"Lasogórska 21a","residential":true,"residents_est":4,"h3_10":"8a1e2e69222ffff","h3_11":"8b1e2e69222bfff"},"geometry":{"type":"Polygon","coordinates":[[[19.927563,49.989144],[19.927693,49.989124],[19.927721,49.98923],[19.927655,49.989237],[19.92766,49.989253],[19.927593,49.98926],[19.927563,49.989144]]]}},{"type":"Feature","id":"w337561431","properties":{"type":"yes","address":"Lasogórska 28","residential":true,"residents_est":4,"h3_10":"8a1e2e69220ffff","h3_11":"8b1e2e692208fff"},"geometry":{"type":"Polygon","coordinates":[[[19.927046,49.988669],[19.927068,49.988666],[19.927058,49.988632],[19.927175,49.988618],[19.927213,49.988744],[19.927073,49.988761],[19.927046,49.988669]]]}},{"type":"Feature","id":"w337561468","properties":{"type":"yes","residential":true,"residents_est":2,"h3_10":"8a1e2e6922e7fff","h3_11":"8b1e2e6922e4fff"},"geometry":{"type":"Polygon","coordinates":[[[19.927194,49.987564],[19.927293,49.987554],[19.927305,49.9876],[19.927277,49.987603],[19.927281,49.987621],[19.927209,49.987628],[19.927194,49.987564]]]}},{"type":"Feature","id":"w337561499","properties":{"type":"yes","address":"Jerzego Smoleńskiego 16a","residential":true,"residents_est":2,"h3_10":"8a1e2e692397fff","h3_11":"8b1e2e692390fff"},"geometry":{"type":"Polygon","coordinates":[[[19.919022,49.988183],[19.919147,49.98818],[19.919151,49.988253],[19.919026,49.988255],[19.919022,49.988183]]]}},{"type":"Feature","id":"w337561538","properties":{"type":"yes","address":"Starowiejska 32","residential":true,"residents_est":6,"h3_10":"8a1e2e6922effff","h3_11":"8b1e2e6922ecfff"},"geometry":{"type":"Polygon","coordinates":[[[19.928939,49.987552],[19.928966,49.987551],[19.928962,49.987506],[19.929138,49.987499],[19.929143,49.987544],[19.929232,49.987541],[19.929237,49.987599],[19.928945,49.987611],[19.928939,49.987552]]]}},{"type":"Feature","id":"w337561588","properties":{"type":"yes","address":"Kazimierza Moszyńskiego 70b","residential":true,"residents_est":3,"h3_10":"8a1e2e6922cffff","h3_11":"8b1e2e6922cdfff"},"geometry":{"type":"Polygon","coordinates":[[[19.930258,49.986404],[19.930396,49.986384],[19.930394,49.986376],[19.930455,49.986367],[19.930475,49.986425],[19.930421,49.986433],[19.930424,49.986442],[19.930278,49.986463],[19.930258,49.986404]]]}},{"type":"Feature","id":"w337561594","properties":{"type":"yes","address":"Jerzego Smoleńskiego 14a","residential":true,"residents_est":4,"h3_10":"8a1e2e692397fff","h3_11":"8b1e2e692394fff"},"geometry":{"type":"Polygon","coordinates":[[[19.918671,49.988418],[19.918818,49.988413],[19.918821,49.988455],[19.918848,49.988454],[19.91885,49.988473],[19.918823,49.988474],[19.918826,49.988509],[19.918679,49.988514],[19.918671,49.988418]]]}},{"type":"Feature","id":"w337561599","properties":{"type":"yes","address":"Lasogórska 21","residential":true,"residents_est":3,"h3_10":"8a1e2e692277fff","h3_11":"8b1e2e692276fff"},"geometry":{"type":"Polygon","coordinates":[[[19.927696,49.989124],[19.927828,49.989115],[19.927855,49.989222],[19.927788,49.98923],[19.927785,49.989213],[19.927721,49.989221],[19.927696,49.989124]]]}},{"type":"Feature","id":"w337561600","properties":{"type":"yes","address":"Starowiejska 51","residential":true,"residents_est":4,"h3_10":"8a1e2e69225ffff","h3_11":"8b1e2e69225bfff"},"geometry":{"type":"Polygon","coordinates":[[[19.931031,49.987425],[19.931212,49.987392],[19.931242,49.987463],[19.931126,49.987484],[19.931132,49.987499],[19.931069,49.98751],[19.931031,49.987425]]]}},{"type":"Feature","id":"w337561606","properties":{"type":"yes","address":"Lasogórska 8f","residential":true,"residents_est":4,"h3_10":"8a1e2e692347fff","h3_11":"8b1e2e692342fff"},"geometry":{"type":"Polygon","coordinates":[[[19.927532,49.991096],[19.927641,49.991078],[19.927634,49.991059],[19.927695,49.991048],[19.927742,49.99116],[19.927673,49.991172],[19.927662,49.991145],[19.92756,49.991163],[19.927532,49.991096]]]}},{"type":"Feature","id":"w337561629","properties":{"type":"detached","address":"Jerzego Smoleńskiego 24","residential":true,"residents_est":7,"h3_10":"8a1e2e692397fff","h3_11":"8b1e2e692393fff"},"geometry":{"type":"Polygon","coordinates":[[[19.919529,49.987707],[19.919641,49.987704],[19.919653,49.987829],[19.919542,49.987832],[19.919529,49.987707]]]}},{"type":"Feature","id":"w337561633","properties":{"type":"yes","address":"Jerzego Smoleńskiego 14b","residential":true,"residents_est":4,"h3_10":"8a1e2e692397fff","h3_11":"8b1e2e692394fff"},"geometry":{"type":"Polygon","coordinates":[[[19.918414,49.988427],[19.918561,49.988422],[19.918564,49.988455],[19.918595,49.988454],[19.918598,49.988485],[19.918566,49.988486],[19.918569,49.988518],[19.918422,49.988523],[19.918414,49.988427]]]}},{"type":"Feature","id":"w337561637","properties":{"type":"yes","address":"Lasogórska 26","residential":true,"residents_est":5,"h3_10":"8a1e2e69220ffff","h3_11":"8b1e2e69220cfff"},"geometry":{"type":"Polygon","coordinates":[[[19.927055,49.988908],[19.927167,49.988896],[19.927185,49.988969],[19.927254,49.988962],[19.92727,49.989028],[19.92721,49.989034],[19.927213,49.989045],[19.927179,49.989049],[19.927177,49.989041],[19.92709,49.98905],[19.927055,49.988908]]]}},{"type":"Feature","id":"w337583227","properties":{"type":"yes","address":"Kazimierza Moszyńskiego 21","residential":true,"residents_est":4,"h3_10":"8a1e2e692267fff","h3_11":"8b1e2e692261fff"},"geometry":{"type":"Polygon","coordinates":[[[19.930872,49.989971],[19.930938,49.989955],[19.930951,49.989978],[19.93103,49.989959],[19.931075,49.990037],[19.931023,49.990049],[19.931032,49.990066],[19.930984,49.990077],[19.930975,49.99006],[19.930929,49.990071],[19.930872,49.989971]]]}},{"type":"Feature","id":"w337583230","properties":{"type":"yes","address":"Kazimierza Moszyńskiego 42d","residential":true,"residents_est":4,"h3_10":"8a1e2e692267fff","h3_11":"8b1e2e692260fff"},"geometry":{"type":"Polygon","coordinates":[[[19.92979,49.989873],[19.929847,49.989871],[19.929846,49.989864],[19.929886,49.989863],[19.929887,49.98987],[19.929951,49.989867],[19.929959,49.989956],[19.929799,49.989962],[19.92979,49.989873]]]}},{"type":"Feature","id":"w337583243","properties":{"type":"yes","address":"Lasogórska 11","residential":true,"residents_est":4,"h3_10":"8a1e2e69235ffff","h3_11":"8b1e2e692358fff"},"geometry":{"type":"Polygon","coordinates":[[[19.928374,49.990207],[19.928518,49.990187],[19.928536,49.990241],[19.928552,49.990239],[19.928569,49.990293],[19.928428,49.990312],[19.928416,49.990261],[19.928393,49.990264],[19.928374,49.990207]]]}},{"type":"Feature","id":"w337583258","properties":{"type":"yes","residential":true,"residents_est":4,"h3_10":"8a1e2e692247fff","h3_11":"8b1e2e692240fff"},"geometry":{"type":"Polygon","coordinates":[[[19.930426,49.988772],[19.930478,49.988757],[19.930469,49.988745],[19.930523,49.988729],[19.930606,49.988847],[19.930508,49.988876],[19.930472,49.988825],[19.930446,49.988832],[19.930432,49.988812],[19.93045,49.988806],[19.930426,49.988772]]]}},{"type":"Feature","id":"w337583303","properties":{"type":"yes","address":"Kazimierza Moszyńskiego 31","residential":true,"residents_est":3,"h3_10":"8a1e2e69225ffff","h3_11":"8b1e2e69225dfff"},"geometry":{"type":"Polygon","coordinates":[[[19.931278,49.988305],[19.931287,49.988292],[19.931366,49.988271],[19.931341,49.988231],[19.931429,49.988208],[19.931484,49.988298],[19.93132,49.98834],[19.931311,49.988323],[19.931289,49.988321],[19.931278,49.988305]]]}},{"type":"Feature","id":"w337583306","properties":{"type":"yes","address":"Kazimierza Moszyńskiego 52","residential":true,"residents_est":5,"h3_10":"8a1e2e692247fff","h3_11":"8b1e2e692242fff"},"geometry":{"type":"Polygon","coordinates":[[[19.930146,49.98834],[19.930161,49.988339],[19.930152,49.988301],[19.930292,49.988287],[19.930311,49.988365],[19.930347,49.988362],[19.930369,49.98845],[19.930284,49.988459],[19.930267,49.98839],[19.930176,49.988399],[19.930169,49.98837],[19.930154,49.988372],[19.930146,49.98834]]]}},{"type":"Feature","id":"w337583371","properties":{"type":"yes","address":"Starowiejska 49","residential":true,"residents_est":3,"h3_10":"8a1e2e69225ffff","h3_11":"8b1e2e692258fff"},"geometry":{"type":"Polygon","coordinates":[[[19.930724,49.987779],[19.930879,49.987766],[19.930894,49.98784],[19.930739,49.987853],[19.930724,49.987779]]]}},{"type":"Feature","id":"w337583379","properties":{"type":"yes","address":"Lasogórska 15","residential":true,"residents_est":4,"h3_10":"8a1e2e69235ffff","h3_11":"8b1e2e69235bfff"},"geometry":{"type":"Polygon","coordinates":[[[19.928684,49.989778],[19.92876,49.98976],[19.928754,49.98975],[19.928808,49.989737],[19.928814,49.989747],[19.928832,49.989743],[19.928884,49.989834],[19.928736,49.989869],[19.928684,49.989778]]]}},{"type":"Feature","id":"w337583395","properties":{"type":"yes","address":"Kazimierza Moszyńskiego 50","residential":true,"residents_est":5,"h3_10":"8a1e2e692247fff","h3_11":"8b1e2e692246fff"},"geometry":{"type":"Polygon","coordinates":[[[19.929511,49.98903],[19.929555,49.989023],[19.929575,49.988999],[19.929652,49.988986],[19.929666,49.989022],[19.929659,49.989033],[19.929674,49.989069],[19.929691,49.989076],[19.929714,49.989132],[19.92961,49.98915],[19.929585,49.989086],[19.929536,49.989094],[19.929511,49.98903]]]}},{"type":"Feature","id":"w337583429","properties":{"type":"yes","address":"Kazimierza Moszyńskiego 23","residential":true,"residents_est":8,"h3_10":"8a1e2e692247fff","h3_11":"8b1e2e692245fff"},"geometry":{"type":"Polygon","coordinates":[[[19.931062,49.989253],[19.931112,49.989241],[19.931064,49.989154],[19.931186,49.989126],[19.931273,49.989283],[19.931265,49.989295],[19.931246,49.989299],[19.931227,49.989294],[19.931218,49.989277],[19.931178,49.989286],[19.931211,49.989345],[19.93111,49.989368],[19.931077,49.989306],[19.931089,49.989303],[19.931062,49.989253]]]}},{"type":"Feature","id":"w337583458","properties":{"type":"yes","address":"Kazimierza Moszyńskiego 43","residential":true,"residents_est":5,"h3_10":"8a1e2e69224ffff","h3_11":"8b1e2e69224afff"},"geometry":{"type":"Polygon","coordinates":[[[19.931862,49.988349],[19.931997,49.988328],[19.931992,49.988315],[19.932011,49.988312],[19.931998,49.988276],[19.932085,49.988262],[19.932102,49.988307],[19.932125,49.988303],[19.932138,49.988338],[19.932114,49.988342],[19.932125,49.98837],[19.932078,49.988377],[19.932082,49.988388],[19.932019,49.988398],[19.932014,49.988387],[19.931884,49.988407],[19.931862,49.988349]]]}},{"type":"Feature","id":"w337583466","properties":{"type":"yes","address":"Kazimierza Moszyńskiego 42b","residential":true,"residents_est":4,"h3_10":"8a1e2e692267fff","h3_11":"8b1e2e692264fff"},"geometry":{"type":"Polygon","coordinates":[[[19.929804,49.990167],[19.929815,49.990153],[19.929919,49.990149],[19.929931,49.990285],[19.929879,49.990288],[19.929876,49.990267],[19.929825,49.990268],[19.929818,49.990187],[19.929806,49.990179],[19.929804,49.990167]]]}},{"type":"Feature","id":"w337583472","properties":{"type":"yes","address":"Kazimierza Moszyńskiego 50a","residential":true,"residents_est":5,"h3_10":"8a1e2e692247fff","h3_11":"8b1e2e692246fff"},"geometry":{"type":"Polygon","coordinates":[[[19.929852,49.988977],[19.929896,49.98897],[19.929891,49.988958],[19.929908,49.988955],[19.929892,49.988914],[19.929983,49.988898],[19.930001,49.988942],[19.930023,49.988938],[19.930045,49.98895],[19.93006,49.988989],[19.930054,49.989006],[19.929976,49.989011],[19.929962,49.989024],[19.929976,49.98906],[19.92989,49.989073],[19.929852,49.988977]]]}},{"type":"Feature","id":"w337583529","properties":{"type":"yes","residential":true,"residents_est":2,"h3_10":"8a1e2e69234ffff","h3_11":"8b1e2e692349fff"},"geometry":{"type":"Polygon","coordinates":[[[19.930743,49.99112],[19.930837,49.991117],[19.930845,49.991222],[19.930752,49.991225],[19.930743,49.99112]]]}},{"type":"Feature","id":"w337583534","properties":{"type":"yes","residential":false,"residents_est":0,"h3_10":"8a1e2e692267fff","h3_11":"8b1e2e692266fff"},"geometry":{"type":"Polygon","coordinates":[[[19.92931,49.990059],[19.929398,49.990043],[19.929419,49.990091],[19.92933,49.990107],[19.92931,49.990059]]]}},{"type":"Feature","id":"w337583575","properties":{"type":"yes","residential":true,"residents_est":2,"h3_10":"8a1e2e69234ffff","h3_11":"8b1e2e69234afff"},"geometry":{"type":"Polygon","coordinates":[[[19.929154,49.99058],[19.929229,49.99057],[19.929257,49.990662],[19.929181,49.990671],[19.929154,49.99058]]]}},{"type":"Feature","id":"w337583590","properties":{"type":"yes","address":"Kazimierza Moszyńskiego 37b","residential":true,"residents_est":5,"h3_10":"8a1e2e69226ffff","h3_11":"8b1e2e692268fff"},"geometry":{"type":"Polygon","coordinates":[[[19.931844,49.989643],[19.93202,49.989591],[19.932092,49.989692],[19.931916,49.989744],[19.931844,49.989643]]]}},{"type":"Feature","id":"w337583593","properties":{"type":"yes","residential":true,"residents_est":3,"h3_10":"8a1e2e69225ffff","h3_11":"8b1e2e692259fff"},"geometry":{"type":"Polygon","coordinates":[[[19.931683,49.987781],[19.931835,49.987747],[19.931868,49.987809],[19.931716,49.987843],[19.931683,49.987781]]]}},{"type":"Feature","id":"w337583595","properties":{"type":"yes","address":"Kazimierza Moszyńskiego 21c","residential":true,"residents_est":3,"h3_10":"8a1e2e692267fff","h3_11":"8b1e2e692265fff"},"geometry":{"type":"Polygon","coordinates":[[[19.93064,49.990299],[19.930654,49.990213],[19.930817,49.990224],[19.930802,49.99031],[19.93064,49.990299]]]}},{"type":"Feature","id":"w337583607","properties":{"type":"yes","residential":true,"residents_est":2,"h3_10":"8a1e2e69226ffff","h3_11":"8b1e2e69226efff"},"geometry":{"type":"Polygon","coordinates":[[[19.931383,49.989592],[19.931462,49.989569],[19.931515,49.989645],[19.931436,49.989668],[19.931383,49.989592]]]}},{"type":"Feature","id":"w337583615","properties":{"type":"yes","residential":false,"residents_est":0,"h3_10":"8a1e2e69224ffff","h3_11":"8b1e2e69224afff"},"geometry":{"type":"Polygon","coordinates":[[[19.931753,49.988324],[19.931839,49.988312],[19.931858,49.988365],[19.931773,49.988378],[19.931753,49.988324]]]}},{"type":"Feature","id":"w337583617","properties":{"type":"yes","residential":false,"residents_est":0,"h3_10":"8a1e2e69226ffff","h3_11":"8b1e2e69226cfff"},"geometry":{"type":"Polygon","coordinates":[[[19.931185,49.989851],[19.931242,49.989835],[19.931291,49.98991],[19.931235,49.989926],[19.931185,49.989851]]]}},{"type":"Feature","id":"w337583629","properties":{"type":"yes","address":"Kazimierza Moszyńskiego 38","residential":true,"residents_est":2,"h3_10":"8a1e2e69234ffff","h3_11":"8b1e2e69234bfff"},"geometry":{"type":"Polygon","coordinates":[[[19.930081,49.990647],[19.930126,49.990645],[19.930121,49.990606],[19.930214,49.990601],[19.930221,49.990669],[19.930084,49.990675],[19.930081,49.990647]]]}},{"type":"Feature","id":"w337583648","properties":{"type":"yes","residential":false,"residents_est":0,"h3_10":"8a1e2e69235ffff","h3_11":"8b1e2e692359fff"},"geometry":{"type":"Polygon","coordinates":[[[19.928811,49.990359],[19.92885,49.990355],[19.92888,49.990465],[19.928841,49.990469],[19.928811,49.990359]]]}},{"type":"Feature","id":"w337583660","properties":{"type":"yes","residential":true,"residents_est":2,"h3_10":"8a1e2e69235ffff","h3_11":"8b1e2e692358fff"},"geometry":{"type":"Polygon","coordinates":[[[19.928437,49.990393],[19.928568,49.990377],[19.928582,49.990426],[19.928451,49.990441],[19.928437,49.990393]]]}},{"type":"Feature","id":"w337583668","properties":{"type":"yes","residential":true,"residents_est":2,"h3_10":"8a1e2e69225ffff","h3_11":"8b1e2e69225cfff"},"geometry":{"type":"Polygon","coordinates":[[[19.930199,49.98805],[19.930303,49.98804],[19.930318,49.988106],[19.930214,49.988116],[19.930199,49.98805]]]}},{"type":"Feature","id":"w337583673","properties":{"type":"yes","address":"Kazimierza Moszyńskiego 29","residential":true,"residents_est":4,"h3_10":"8a1e2e692247fff","h3_11":"8b1e2e692243fff"},"geometry":{"type":"Polygon","coordinates":[[[19.931027,49.988501],[19.931148,49.988477],[19.9312,49.988583],[19.93108,49.988608],[19.931027,49.988501]]]}},{"type":"Feature","id":"w337583674","properties":{"type":"yes","residential":true,"residents_est":6,"h3_10":"8a1e2e69226ffff","h3_11":"8b1e2e69226afff"},"geometry":{"type":"Polygon","coordinates":[[[19.931646,49.989195],[19.931885,49.989139],[19.931926,49.989211],[19.931884,49.98922],[19.931894,49.989237],[19.931695,49.989283],[19.931646,49.989195]]]}},{"type":"Feature","id":"w337583723","properties":{"type":"yes","residential":true,"residents_est":1,"h3_10":"8a1e2e692247fff","h3_11":"8b1e2e692246fff"},"geometry":{"type":"Polygon","coordinates":[[[19.92949,49.988751],[19.929565,49.988742],[19.929583,49.988808],[19.929508,49.988816],[19.92949,49.988751]]]}},{"type":"Feature","id":"w337583726","properties":{"type":"yes","residential":true,"residents_est":2,"h3_10":"8a1e2e69224ffff","h3_11":"8b1e2e69224dfff"},"geometry":{"type":"Polygon","coordinates":[[[19.932572,49.988908],[19.932667,49.988893],[19.932692,49.988959],[19.932597,49.988974],[19.932572,49.988908]]]}},{"type":"Feature","id":"w337583728","properties":{"type":"yes","address":"Lasogórska 17","residential":true,"residents_est":5,"h3_10":"8a1e2e692277fff","h3_11":"8b1e2e692275fff"},"geometry":{"type":"Polygon","coordinates":[[[19.929063,49.989694],[19.929262,49.989645],[19.929313,49.989732],[19.929115,49.989781],[19.929063,49.989694]]]}},{"type":"Feature","id":"w337583730","properties":{"type":"yes","residential":false,"residents_est":0,"h3_10":"8a1e2e69234ffff","h3_11":"8b1e2e692349fff"},"geometry":{"type":"Polygon","coordinates":[[[19.930398,49.990977],[19.930403,49.990916],[19.93047,49.990919],[19.930464,49.990979],[19.930398,49.990977]]]}},{"type":"Feature","id":"w337583755","properties":{"type":"yes","residential":true,"residents_est":2,"h3_10":"8a1e2e69226ffff","h3_11":"8b1e2e69226efff"},"geometry":{"type":"Polygon","coordinates":[[[19.931189,49.989564],[19.931264,49.989541],[19.931316,49.98961],[19.931241,49.989633],[19.931189,49.989564]]]}},{"type":"Feature","id":"w337583760","properties":{"type":"yes","address":"Kazimierza Moszyńskiego 13","residential":true,"residents_est":4,"h3_10":"8a1e2e69234ffff","h3_11":"8b1e2e692349fff"},"geometry":{"type":"Polygon","coordinates":[[[19.930452,49.991128],[19.930605,49.991123],[19.930613,49.991214],[19.930457,49.991219],[19.930452,49.991128]]]}},{"type":"Feature","id":"w337583792","properties":{"type":"yes","address":"Kazimierza Moszyńskiego 48","residential":true,"residents_est":3,"h3_10":"8a1e2e692247fff","h3_11":"8b1e2e692244fff"},"geometry":{"type":"Polygon","coordinates":[[[19.930023,49.989176],[19.930146,49.989156],[19.930178,49.989236],[19.930055,49.989256],[19.930023,49.989176]]]}},{"type":"Feature","id":"w337583819","properties":{"type":"yes","address":"Kazimierza Moszyńskiego 21d","residential":true,"residents_est":4,"h3_10":"8a1e2e692267fff","h3_11":"8b1e2e692263fff"},"geometry":{"type":"Polygon","coordinates":[[[19.930709,49.989728],[19.930825,49.989695],[19.930895,49.989798],[19.930779,49.98983],[19.930709,49.989728]]]}},{"type":"Feature","id":"w337583825","properties":{"type":"yes","residential":true,"residents_est":1,"h3_10":"8a1e2e692267fff","h3_11":"8b1e2e692261fff"},"geometry":{"type":"Polygon","coordinates":[[[19.931023,49.989821],[19.931081,49.989806],[19.931133,49.989895],[19.931074,49.989911],[19.931023,49.989821]]]}},{"type":"Feature","id":"w337583860","properties":{"type":"yes","address":"Kazimierza Moszyńskiego 41","residential":true,"residents_est":4,"h3_10":"8a1e2e69224ffff","h3_11":"8b1e2e692248fff"},"geometry":{"type":"Polygon","coordinates":[[[19.931844,49.98852],[19.931898,49.988506],[19.931923,49.988526],[19.931935,49.988523],[19.931939,49.98853],[19.931984,49.988519],[19.931968,49.988491],[19.932029,49.988476],[19.932079,49.98856],[19.931881,49.988609],[19.931878,49.988605],[19.931893,49.988601],[19.931844,49.98852]]]}},{"type":"Feature","id":"w337583895","properties":{"type":"yes","address":"Lasogórska 11a","residential":true,"residents_est":2,"h3_10":"8a1e2e692267fff","h3_11":"8b1e2e692266fff"},"geometry":{"type":"Polygon","coordinates":[[[19.929119,49.989975],[19.929205,49.989956],[19.929252,49.990049],[19.929166,49.990067],[19.929119,49.989975]]]}},{"type":"Feature","id":"w337583931","properties":{"type":"yes","residential":true,"residents_est":2,"h3_10":"8a1e2e692247fff","h3_11":"8b1e2e692244fff"},"geometry":{"type":"Polygon","coordinates":[[[19.929813,49.989254],[19.929916,49.989235],[19.929944,49.989296],[19.929957,49.989293],[19.929962,49.989306],[19.929846,49.989328],[19.929813,49.989254]]]}},{"type":"Feature","id":"w337583991","properties":{"type":"yes","address":"Kazimierza Moszyńskiego 42","residential":true,"residents_est":5,"h3_10":"8a1e2e692267fff","h3_11":"8b1e2e692265fff"},"geometry":{"type":"Polygon","coordinates":[[[19.930138,49.990166],[19.930338,49.990163],[19.93034,49.990231],[19.930299,49.990232],[19.930301,49.990277],[19.930142,49.990279],[19.930138,49.990166]]]}},{"type":"Feature","id":"w337584052","properties":{"type":"yes","address":"Starowiejska 47","residential":true,"residents_est":4,"h3_10":"8a1e2e69225ffff","h3_11":"8b1e2e692258fff"},"geometry":{"type":"Polygon","coordinates":[[[19.930408,49.987715],[19.930536,49.987703],[19.930546,49.987747],[19.930571,49.987744],[19.930588,49.987819],[19.930445,49.987831],[19.930436,49.987789],[19.930425,49.987791],[19.930408,49.987715]]]}},{"type":"Feature","id":"w337584068","properties":{"type":"yes","residential":false,"residents_est":0,"h3_10":"8a1e2e69234ffff","h3_11":"8b1e2e69234efff"},"geometry":{"type":"Polygon","coordinates":[[[19.929227,49.991188],[19.929265,49.991184],[19.929286,49.991249],[19.92928,49.99125],[19.929286,49.991269],[19.929252,49.991273],[19.929227,49.991188]]]}},{"type":"Feature","id":"w337584121","properties":{"type":"yes","residential":true,"residents_est":2,"h3_10":"8a1e2e69235ffff","h3_11":"8b1e2e69235dfff"},"geometry":{"type":"Polygon","coordinates":[[[19.928839,49.990565],[19.928921,49.990551],[19.928935,49.990586],[19.928951,49.990583],[19.928962,49.990612],[19.928864,49.990628],[19.928839,49.990565]]]}},{"type":"Feature","id":"w337584145","properties":{"type":"yes","address":"Kazimierza Moszyńskiego 37a","residential":true,"residents_est":5,"h3_10":"8a1e2e69226ffff","h3_11":"8b1e2e692268fff"},"geometry":{"type":"Polygon","coordinates":[[[19.931558,49.989534],[19.931632,49.989514],[19.931618,49.989491],[19.93172,49.989464],[19.931785,49.989564],[19.931609,49.989612],[19.931558,49.989534]]]}},{"type":"Feature","id":"w337584162","properties":{"type":"yes","address":"Kazimierza Moszyńskiego 52a","residential":true,"residents_est":2,"h3_10":"8a1e2e692247fff","h3_11":"8b1e2e692242fff"},"geometry":{"type":"Polygon","coordinates":[[[19.929751,49.988582],[19.92987,49.988571],[19.929878,49.988606],[19.929856,49.988608],[19.92986,49.988628],[19.929763,49.988636],[19.929751,49.988582]]]}},{"type":"Feature","id":"w337584166","properties":{"type":"yes","address":"Kazimierza Moszyńskiego 56","residential":true,"residents_est":3,"h3_10":"8a1e2e69225ffff","h3_11":"8b1e2e69225dfff"},"geometry":{"type":"Polygon","coordinates":[[[19.930801,49.988149],[19.930851,49.988143],[19.930847,49.988129],[19.930934,49.988119],[19.930954,49.988198],[19.930819,49.988214],[19.930801,49.988149]]]}},{"type":"Feature","id":"w337584209","properties":{"type":"yes","address":"Kazimierza Moszyńskiego 42e","residential":true,"residents_est":4,"h3_10":"8a1e2e692267fff","h3_11":"8b1e2e692260fff"},"geometry":{"type":"Polygon","coordinates":[[[19.930194,49.989893],[19.930243,49.98989],[19.930238,49.989854],[19.930387,49.989845],[19.9304,49.989935],[19.930201,49.989947],[19.930194,49.989893]]]}},{"type":"Feature","id":"w337584214","properties":{"type":"yes","address":"Kazimierza Moszyńskiego 25","residential":true,"residents_est":5,"h3_10":"8a1e2e692247fff","h3_11":"8b1e2e692245fff"},"geometry":{"type":"Polygon","coordinates":[[[19.930472,49.989271],[19.9307,49.989216],[19.930737,49.989281],[19.930633,49.989306],[19.930646,49.989328],[19.930522,49.989358],[19.930472,49.989271]]]}},{"type":"Feature","id":"w337584238","properties":{"type":"yes","address":"Kazimierza Moszyńskiego 36","residential":true,"residents_est":5,"h3_10":"8a1e2e69234ffff","h3_11":"8b1e2e692348fff"},"geometry":{"type":"Polygon","coordinates":[[[19.929912,49.991125],[19.929922,49.991064],[19.929931,49.991065],[19.929939,49.991011],[19.930103,49.991023],[19.930084,49.991136],[19.929912,49.991125]]]}},{"type":"Feature","id":"w337584305","properties":{"type":"yes","address":"Kazimierza Moszyńskiego 42c","residential":true,"residents_est":4,"h3_10":"8a1e2e69235ffff","h3_11":"8b1e2e692359fff"},"geometry":{"type":"Polygon","coordinates":[[[19.929237,49.990289],[19.929345,49.990276],[19.929359,49.990324],[19.929404,49.990318],[19.929425,49.990388],[19.929272,49.990407],[19.929237,49.990289]]]}},{"type":"Feature","id":"w337584316","properties":{"type":"yes","address":"Lasogórska 13","residential":true,"residents_est":3,"h3_10":"8a1e2e69235ffff","h3_11":"8b1e2e69235afff"},"geometry":{"type":"Polygon","coordinates":[[[19.928226,49.989871],[19.928361,49.989836],[19.928397,49.989894],[19.92835,49.989906],[19.928366,49.989932],[19.928279,49.989955],[19.928226,49.989871]]]}},{"type":"Feature","id":"w337584336","properties":{"type":"yes","address":"Kazimierza Moszyńskiego 21a","residential":true,"residents_est":4,"h3_10":"8a1e2e69226ffff","h3_11":"8b1e2e69226cfff"},"geometry":{"type":"Polygon","coordinates":[[[19.931302,49.989866],[19.931437,49.98983],[19.931494,49.989919],[19.931449,49.989932],[19.931455,49.989942],[19.931366,49.989966],[19.931302,49.989866]]]}},{"type":"Feature","id":"w337584341","properties":{"type":"yes","address":"Kazimierza Moszyńskiego 46","residential":true,"residents_est":4,"h3_10":"8a1e2e692267fff","h3_11":"8b1e2e692262fff"},"geometry":{"type":"Polygon","coordinates":[[[19.929844,49.989441],[19.929974,49.989423],[19.930013,49.989534],[19.929883,49.989553],[19.929844,49.989441]]]}},{"type":"Feature","id":"w337584356","properties":{"type":"yes","address":"Kazimierza Moszyńskiego 21b","residential":true,"residents_est":4,"h3_10":"8a1e2e69226ffff","h3_11":"8b1e2e69226efff"},"geometry":{"type":"Polygon","coordinates":[[[19.931004,49.989617],[19.931136,49.98958],[19.931193,49.989663],[19.931149,49.989676],[19.93116,49.989692],[19.93112,49.989704],[19.931109,49.989688],[19.931061,49.989702],[19.931004,49.989617]]]}},{"type":"Feature","id":"w337584386","properties":{"type":"yes","address":"Kazimierza Moszyńskiego 52b","residential":true,"residents_est":4,"h3_10":"8a1e2e692257fff","h3_11":"8b1e2e692255fff"},"geometry":{"type":"Polygon","coordinates":[[[19.929452,49.988621],[19.929506,49.988615],[19.929503,49.988604],[19.929574,49.988596],[19.929586,49.988639],[19.929601,49.988638],[19.929618,49.988699],[19.929479,49.988716],[19.929452,49.988621]]]}},{"type":"Feature","id":"w337584387","properties":{"type":"yes","address":"Kazimierza Moszyńskiego 54","residential":true,"residents_est":3,"h3_10":"8a1e2e69225ffff","h3_11":"8b1e2e69225cfff"},"geometry":{"type":"Polygon","coordinates":[[[19.930464,49.988276],[19.930601,49.988262],[19.93061,49.988298],[19.93059,49.9883],[19.930602,49.98835],[19.930486,49.988361],[19.930464,49.988276]]]}},{"type":"Feature","id":"w337584441","properties":{"type":"yes","address":"Kazimierza Moszyńskiego 29a","residential":true,"residents_est":6,"h3_10":"8a1e2e69226ffff","h3_11":"8b1e2e69226afff"},"geometry":{"type":"Polygon","coordinates":[[[19.931327,49.989074],[19.931389,49.989057],[19.93137,49.989019],[19.931452,49.989001],[19.931536,49.98917],[19.93149,49.98918],[19.931479,49.989193],[19.931456,49.989197],[19.931436,49.989191],[19.93139,49.989201],[19.931364,49.989149],[19.931344,49.989143],[19.931338,49.98913],[19.931348,49.989118],[19.931327,49.989074]]]}},{"type":"Feature","id":"w337584546","properties":{"type":"yes","address":"Kazimierza Moszyńskiego 47","residential":true,"residents_est":5,"h3_10":"8a1e2e69224ffff","h3_11":"8b1e2e69224afff"},"geometry":{"type":"Polygon","coordinates":[[[19.931751,49.987913],[19.931937,49.987862],[19.93196,49.987898],[19.931906,49.987912],[19.931948,49.987976],[19.931814,49.988012],[19.931751,49.987913]]]}},{"type":"Feature","id":"w337584578","properties":{"type":"yes","address":"Kazimierza Moszyńskiego 40a","residential":true,"residents_est":5,"h3_10":"8a1e2e69234ffff","h3_11":"8b1e2e69234afff"},"geometry":{"type":"Polygon","coordinates":[[[19.929305,49.990657],[19.92938,49.990647],[19.929388,49.990673],[19.929465,49.990663],[19.929468,49.990671],[19.929519,49.990665],[19.929545,49.990748],[19.929342,49.990775],[19.929305,49.990657]]]}},{"type":"Feature","id":"w337584607","properties":{"type":"yes","address":"Starowiejska 43","residential":true,"residents_est":5,"h3_10":"8a1e2e692257fff","h3_11":"8b1e2e692251fff"},"geometry":{"type":"Polygon","coordinates":[[[19.929642,49.987938],[19.929685,49.987934],[19.929674,49.987884],[19.929752,49.987877],[19.929798,49.9879],[19.929862,49.987894],[19.929878,49.987972],[19.929653,49.987991],[19.929642,49.987938]]]}},{"type":"Feature","id":"w337584630","properties":{"type":"yes","address":"Kazimierza Moszyńskiego 40","residential":true,"residents_est":4,"h3_10":"8a1e2e69235ffff","h3_11":"8b1e2e692359fff"},"geometry":{"type":"Polygon","coordinates":[[[19.928891,49.990467],[19.929054,49.990439],[19.929087,49.990519],[19.928955,49.990541],[19.928952,49.990533],[19.928928,49.990537],[19.928916,49.990508],[19.928908,49.99051],[19.928891,49.990467]]]}},{"type":"Feature","id":"w337584664","properties":{"type":"yes","address":"Kazimierza Moszyńskiego 27a","residential":true,"residents_est":4,"h3_10":"8a1e2e692247fff","h3_11":"8b1e2e692243fff"},"geometry":{"type":"Polygon","coordinates":[[[19.930742,49.988722],[19.930816,49.988703],[19.930802,49.988681],[19.930843,49.988671],[19.930851,49.98866],[19.930887,49.988652],[19.930917,49.988653],[19.930969,49.988741],[19.930855,49.988769],[19.930847,49.988756],[19.930774,49.988775],[19.930742,49.988722]]]}},{"type":"Feature","id":"w337584667","properties":{"type":"yes","residential":true,"residents_est":2,"h3_10":"8a1e2e692247fff","h3_11":"8b1e2e692245fff"},"geometry":{"type":"Polygon","coordinates":[[[19.930618,49.989439],[19.930708,49.989416],[19.930718,49.989433],[19.930783,49.989416],[19.930808,49.989458],[19.930653,49.989497],[19.930618,49.989439]]]}},{"type":"Feature","id":"w337584710","properties":{"type":"yes","address":"Kazimierza Moszyńskiego 44","residential":true,"residents_est":4,"h3_10":"8a1e2e692267fff","h3_11":"8b1e2e692263fff"},"geometry":{"type":"Polygon","coordinates":[[[19.930193,49.989688],[19.930373,49.989677],[19.930385,49.989767],[19.930205,49.989777],[19.930193,49.989688]]]}},{"type":"Feature","id":"w337584739","properties":{"type":"yes","address":"Kazimierza Moszyńskiego 52c","residential":true,"residents_est":3,"h3_10":"8a1e2e692277fff","h3_11":"8b1e2e692273fff"},"geometry":{"type":"Polygon","coordinates":[[[19.929212,49.988883],[19.929329,49.98887],[19.929337,49.988905],[19.929347,49.988904],[19.929358,49.98895],[19.929318,49.988954],[19.929322,49.988971],[19.929237,49.988979],[19.929212,49.988883]]]}},{"type":"Feature","id":"w337584743","properties":{"type":"yes","address":"Starowiejska 45","residential":true,"residents_est":7,"h3_10":"8a1e2e69225ffff","h3_11":"8b1e2e69225efff"},"geometry":{"type":"Polygon","coordinates":[[[19.930008,49.987915],[19.930029,49.987913],[19.930009,49.987818],[19.930148,49.987806],[19.930167,49.987901],[19.930204,49.987898],[19.93022,49.987976],[19.930024,49.987993],[19.930008,49.987915]]]}},{"type":"Feature","id":"w708514065","properties":{"type":"yes","residential":false,"residents_est":0,"h3_10":"8a1e2e69234ffff","h3_11":"8b1e2e69234bfff"},"geometry":{"type":"Polygon","coordinates":[[[19.930028,49.99061],[19.930121,49.990606],[19.930125,49.990644],[19.93008,49.990646],[19.930084,49.990675],[19.930035,49.990677],[19.930028,49.99061]]]}},{"type":"Feature","id":"w708514071","properties":{"type":"yes","residential":true,"residents_est":2,"h3_10":"8a1e2e692267fff","h3_11":"8b1e2e692265fff"},"geometry":{"type":"Polygon","coordinates":[[[19.930142,49.990279],[19.930301,49.990277],[19.930302,49.990316],[19.930143,49.990318],[19.930142,49.990279]]]}},{"type":"Feature","id":"w708514072","properties":{"type":"yes","address":"Kazimierza Moszyńskiego 42a","residential":true,"residents_est":3,"h3_10":"8a1e2e692267fff","h3_11":"8b1e2e692264fff"},"geometry":{"type":"Polygon","coordinates":[[[19.929919,49.990149],[19.930022,49.990145],[19.930036,49.990157],[19.930037,49.990169],[19.930026,49.990179],[19.930034,49.990259],[19.929982,49.990261],[19.929984,49.990283],[19.929931,49.990285],[19.929919,49.990149]]]}},{"type":"Feature","id":"w708514073","properties":{"type":"yes","residential":false,"residents_est":0,"h3_10":"8a1e2e69235ffff","h3_11":"8b1e2e692359fff"},"geometry":{"type":"Polygon","coordinates":[[[19.928752,49.990296],[19.928813,49.990287],[19.928823,49.990318],[19.928762,49.990326],[19.928752,49.990296]]]}},{"type":"Feature","id":"w708514075","properties":{"type":"yes","address":"Lasogórska 11b","residential":true,"residents_est":3,"h3_10":"8a1e2e692267fff","h3_11":"8b1e2e692266fff"},"geometry":{"type":"Polygon","coordinates":[[[19.929025,49.989994],[19.929119,49.989975],[19.929166,49.990067],[19.929073,49.990087],[19.929025,49.989994]]]}},{"type":"Feature","id":"w708514076","properties":{"type":"yes","residential":true,"residents_est":1,"h3_10":"8a1e2e69235ffff","h3_11":"8b1e2e69235bfff"},"geometry":{"type":"Polygon","coordinates":[[[19.928625,49.989781],[19.928686,49.989766],[19.928691,49.989776],[19.928683,49.989778],[19.928726,49.989853],[19.928673,49.989866],[19.928625,49.989781]]]}},{"type":"Feature","id":"w708514077","properties":{"type":"yes","residential":false,"residents_est":0,"h3_10":"8a1e2e692277fff","h3_11":"8b1e2e692274fff"},"geometry":{"type":"Polygon","coordinates":[[[19.928411,49.989712],[19.928455,49.9897],[19.928473,49.989728],[19.928494,49.989723],[19.928508,49.989745],[19.928442,49.989762],[19.928411,49.989712]]]}},{"type":"Feature","id":"w708514078","properties":{"type":"yes","residential":false,"residents_est":0,"h3_10":"8a1e2e69224ffff","h3_11":"8b1e2e69224dfff"},"geometry":{"type":"Polygon","coordinates":[[[19.932621,49.988823],[19.932694,49.988808],[19.932709,49.988838],[19.932635,49.988853],[19.932621,49.988823]]]}},{"type":"Feature","id":"w708514079","properties":{"type":"yes","residential":false,"residents_est":0,"h3_10":"8a1e2e69224ffff","h3_11":"8b1e2e69224efff"},"geometry":{"type":"Polygon","coordinates":[[[19.931404,49.98832],[19.931484,49.988298],[19.931499,49.988321],[19.931418,49.988342],[19.931404,49.98832]]]}},{"type":"Feature","id":"w708514087","properties":{"type":"yes","address":"Adama Krzyżanowskiego 36","residential":true,"residents_est":4,"h3_10":"8a1e2e6922cffff","h3_11":"8b1e2e6922cdfff"},"geometry":{"type":"Polygon","coordinates":[[[19.93027,49.98621],[19.930271,49.986197],[19.930287,49.986186],[19.93029,49.986165],[19.930482,49.98617],[19.930477,49.986248],[19.930286,49.986243],[19.930287,49.986221],[19.93027,49.98621]]]}},{"type":"Feature","id":"w708514089","properties":{"type":"yes","address":"Starowiejska 30","residential":true,"residents_est":52,"h3_10":"8a1e2e692257fff","h3_11":"8b1e2e692252fff"},"geometry":{"type":"Polygon","coordinates":[[[19.928487,49.987444],[19.928873,49.987435],[19.92889,49.987701],[19.928503,49.987711],[19.928487,49.987444]]]}},{"type":"Feature","id":"w708514090","properties":{"type":"yes","address":"Starowiejska 22","residential":true,"residents_est":6,"h3_10":"8a1e2e6922e7fff","h3_11":"8b1e2e6922e5fff"},"geometry":{"type":"Polygon","coordinates":[[[19.92773,49.987738],[19.927737,49.98768],[19.92773,49.98768],[19.927742,49.987575],[19.927802,49.987577],[19.927803,49.987564],[19.927868,49.987566],[19.927866,49.98758],[19.927925,49.987583],[19.927923,49.987599],[19.927936,49.987599],[19.92794,49.987614],[19.927931,49.987649],[19.927918,49.987647],[19.927916,49.987664],[19.927858,49.987661],[19.927856,49.987685],[19.927826,49.987684],[19.927819,49.987742],[19.92773,49.987738]]]}},{"type":"Feature","id":"w708514092","properties":{"type":"yes","address":"Lasogórska 23","residential":true,"residents_est":4,"h3_10":"8a1e2e69220ffff","h3_11":"8b1e2e69220dfff"},"geometry":{"type":"Polygon","coordinates":[[[19.927617,49.988922],[19.927728,49.988904],[19.92773,49.98891],[19.92779,49.988903],[19.927815,49.988996],[19.927642,49.989015],[19.927633,49.98898],[19.92764,49.988979],[19.927634,49.988956],[19.927626,49.988957],[19.927617,49.988922]]]}},{"type":"Feature","id":"w708514093","properties":{"type":"yes","residential":true,"residents_est":2,"h3_10":"8a1e2e692267fff","h3_11":"8b1e2e692263fff"},"geometry":{"type":"Polygon","coordinates":[[[19.930373,49.989677],[19.930458,49.989672],[19.930467,49.98974],[19.930382,49.989745],[19.930373,49.989677]]]}},{"type":"Feature","id":"w708514094","properties":{"type":"yes","residential":false,"residents_est":0,"h3_10":"8a1e2e692267fff","h3_11":"8b1e2e692260fff"},"geometry":{"type":"Polygon","coordinates":[[[19.929951,49.989867],[19.930013,49.989865],[19.930018,49.989918],[19.929956,49.98992],[19.929951,49.989867]]]}},{"type":"Feature","id":"w708514096","properties":{"type":"yes","residential":false,"residents_est":0,"h3_10":"8a1e2e692247fff","h3_11":"8b1e2e692246fff"},"geometry":{"type":"Polygon","coordinates":[[[19.929479,49.988716],[19.929555,49.988707],[19.929564,49.988742],[19.929488,49.988751],[19.929479,49.988716]]]}},{"type":"Feature","id":"w708514097","properties":{"type":"yes","residential":false,"residents_est":0,"h3_10":"8a1e2e692247fff","h3_11":"8b1e2e692243fff"},"geometry":{"type":"Polygon","coordinates":[[[19.930591,49.988636],[19.930629,49.988626],[19.930658,49.988673],[19.93062,49.988682],[19.930591,49.988636]]]}},{"type":"Feature","id":"w708514098","properties":{"type":"yes","residential":false,"residents_est":0,"h3_10":"8a1e2e692247fff","h3_11":"8b1e2e692240fff"},"geometry":{"type":"Polygon","coordinates":[[[19.93068,49.988782],[19.93072,49.988772],[19.930746,49.988816],[19.930707,49.988826],[19.93068,49.988782]]]}},{"type":"Feature","id":"w708514099","properties":{"type":"yes","residential":false,"residents_est":0,"h3_10":"8a1e2e69225ffff","h3_11":"8b1e2e69225cfff"},"geometry":{"type":"Polygon","coordinates":[[[19.930485,49.988362],[19.930595,49.988351],[19.930602,49.988375],[19.930492,49.988386],[19.930485,49.988362]]]}},{"type":"Feature","id":"w708514101","properties":{"type":"yes","address":"Starowiejska 36","residential":true,"residents_est":6,"h3_10":"8a1e2e6922effff","h3_11":"8b1e2e6922edfff"},"geometry":{"type":"Polygon","coordinates":[[[19.929633,49.987449],[19.929775,49.987423],[19.929891,49.987388],[19.929899,49.987401],[19.930034,49.987373],[19.930059,49.987417],[19.929668,49.987512],[19.929633,49.987449]]]}},{"type":"Feature","id":"w708514102","properties":{"type":"yes","residential":false,"residents_est":0,"h3_10":"8a1e2e69225ffff","h3_11":"8b1e2e69225bfff"},"geometry":{"type":"Polygon","coordinates":[[[19.930981,49.987434],[19.931031,49.987425],[19.931062,49.987495],[19.931011,49.987503],[19.930981,49.987434]]]}},{"type":"Feature","id":"w708514103","properties":{"type":"yes","residential":false,"residents_est":0,"h3_10":"8a1e2e69225ffff","h3_11":"8b1e2e69225bfff"},"geometry":{"type":"Polygon","coordinates":[[[19.930946,49.987566],[19.931003,49.987557],[19.93103,49.987627],[19.930974,49.987636],[19.930946,49.987566]]]}},{"type":"Feature","id":"w708514106","properties":{"type":"yes","residential":false,"residents_est":0,"h3_10":"8a1e2e69224ffff","h3_11":"8b1e2e69224afff"},"geometry":{"type":"Polygon","coordinates":[[[19.93192,49.987932],[19.931973,49.987918],[19.932001,49.987962],[19.931948,49.987976],[19.93192,49.987932]]]}},{"type":"Feature","id":"w981540733","properties":{"type":"yes","address":"Jerzego Smoleńskiego 81b","residential":true,"residents_est":3,"h3_10":"8a1e2e692397fff","h3_11":"8b1e2e692391fff"},"geometry":{"type":"Polygon","coordinates":[[[19.920092,49.98819],[19.920107,49.988104],[19.920237,49.988115],[19.920222,49.9882],[19.920092,49.98819]]]}},{"type":"Feature","id":"w981540734","properties":{"type":"yes","address":"Jerzego Smoleńskiego 16","residential":true,"residents_est":2,"h3_10":"8a1e2e692397fff","h3_11":"8b1e2e692390fff"},"geometry":{"type":"Polygon","coordinates":[[[19.919147,49.98818],[19.919253,49.98818],[19.919255,49.988249],[19.919151,49.988253],[19.919147,49.98818]]]}},{"type":"Feature","id":"w981540735","properties":{"type":"yes","residential":false,"residents_est":0,"h3_10":"8a1e2e69239ffff","h3_11":"8b1e2e69239efff"},"geometry":{"type":"Polygon","coordinates":[[[19.919844,49.98785],[19.919862,49.987781],[19.919915,49.987786],[19.919898,49.987856],[19.919844,49.98785]]]}},{"type":"Feature","id":"w987443188","properties":{"type":"house","address":"Starowiejska 89E","residential":true,"residents_est":5,"h3_10":"8a1e2e69239ffff","h3_11":"8b1e2e69239afff"},"geometry":{"type":"Polygon","coordinates":[[[19.920521,49.987228],[19.920521,49.987172],[19.920546,49.987172],[19.920546,49.987159],[19.920615,49.987158],[19.920615,49.987171],[19.92066,49.98717],[19.920693,49.987235],[19.920521,49.987228]]]}},{"type":"Feature","id":"w1005991349","properties":{"type":"grandstand","residential":false,"residents_est":0,"h3_10":"8a1e2e6923b7fff","h3_11":"8b1e2e6923b2fff"},"geometry":{"type":"Polygon","coordinates":[[[19.918215,49.988968],[19.918524,49.988948],[19.918535,49.989016],[19.918225,49.989036],[19.918215,49.988968]]]}},{"type":"Feature","id":"w1005991350","properties":{"type":"house","residential":true,"residents_est":5,"h3_10":"8a1e2e6923a7fff","h3_11":"8b1e2e6923a1fff"},"geometry":{"type":"Polygon","coordinates":[[[19.920812,49.989844],[19.920968,49.989841],[19.920972,49.989909],[19.920816,49.989913],[19.920812,49.989844]]]}},{"type":"Feature","id":"w1005991351","properties":{"type":"house","address":"Jerzego Smoleńskiego 65A","residential":true,"residents_est":10,"h3_10":"8a1e2e6923a7fff","h3_11":"8b1e2e6923a1fff"},"geometry":{"type":"Polygon","coordinates":[[[19.921013,49.990076],[19.92102,49.989994],[19.921257,49.990001],[19.921251,49.990083],[19.921013,49.990076]]]}},{"type":"Feature","id":"w1039516969","properties":{"type":"garage","levels":1.0,"residential":false,"residents_est":0,"h3_10":"8a1e2e69225ffff","h3_11":"8b1e2e69225dfff"},"geometry":{"type":"Polygon","coordinates":[[[19.930934,49.988119],[19.930992,49.988112],[19.931013,49.988192],[19.930955,49.988199],[19.930934,49.988119]]]}},{"type":"Feature","id":"w1039516978","properties":{"type":"garage","levels":1.0,"residential":false,"residents_est":0,"h3_10":"8a1e2e69235ffff","h3_11":"8b1e2e69235bfff"},"geometry":{"type":"Polygon","coordinates":[[[19.928361,49.989836],[19.92842,49.989821],[19.928466,49.989896],[19.92841,49.98991],[19.928361,49.989836]]]}},{"type":"Feature","id":"w1039516998","properties":{"type":"detached","levels":2.0,"address":"Starowiejska 12A","residential":true,"residents_est":11,"h3_10":"8a1e2e6922f7fff","h3_11":"8b1e2e6922f4fff"},"geometry":{"type":"Polygon","coordinates":[[[19.925993,49.987138],[19.926011,49.987073],[19.926025,49.987075],[19.926043,49.987004],[19.926163,49.987017],[19.926124,49.987186],[19.926002,49.987174],[19.926008,49.98714],[19.925993,49.987138]]]}},{"type":"Feature","id":"w1039517000","properties":{"type":"outbuilding","levels":1.0,"residential":false,"residents_est":0,"h3_10":"8a1e2e692337fff","h3_11":"8b1e2e692330fff"},"geometry":{"type":"Polygon","coordinates":[[[19.921561,49.991659],[19.921664,49.991659],[19.921664,49.991703],[19.921635,49.991703],[19.921635,49.991715],[19.921561,49.991715],[19.921561,49.991659]]]}},{"type":"Feature","id":"w1039517001","properties":{"type":"detached","levels":2.0,"address":"Lasogórska 1","residential":true,"residents_est":4,"h3_10":"8a1e2e69234ffff","h3_11":"8b1e2e69234cfff"},"geometry":{"type":"Polygon","coordinates":[[[19.929412,49.991527],[19.929485,49.991461],[19.929568,49.9915],[19.929569,49.991515],[19.929557,49.991526],[19.929537,49.991528],[19.929494,49.991566],[19.929412,49.991527]]]}},{"type":"Feature","id":"w1039517002","properties":{"type":"detached","levels":2.0,"address":"Lasogórska 1A","residential":true,"residents_est":4,"h3_10":"8a1e2e69234ffff","h3_11":"8b1e2e69234cfff"},"geometry":{"type":"Polygon","coordinates":[[[19.929329,49.991489],[19.929371,49.991451],[19.929367,49.991438],[19.92938,49.991427],[19.929403,49.991423],[19.929485,49.991461],[19.929412,49.991527],[19.929329,49.991489]]]}},{"type":"Feature","id":"w1039517007","properties":{"type":"yes","levels":2.0,"address":"Starowiejska 18","residential":true,"residents_est":5,"h3_10":"8a1e2e6922e7fff","h3_11":"8b1e2e6922e6fff"},"geometry":{"type":"Polygon","coordinates":[[[19.926997,49.987562],[19.927045,49.987351],[19.927131,49.987359],[19.927084,49.98757],[19.926997,49.987562]]]}},{"type":"Feature","id":"w1039517010","properties":{"type":"outbuilding","levels":1.0,"residential":false,"residents_est":0,"h3_10":"8a1e2e69239ffff","h3_11":"8b1e2e69239cfff"},"geometry":{"type":"Polygon","coordinates":[[[19.920374,49.988078],[19.920392,49.988004],[19.920462,49.988011],[19.920456,49.988057],[19.92052,49.988061],[19.920516,49.988087],[19.920374,49.988078]]]}},{"type":"Feature","id":"w1039517011","properties":{"type":"detached","levels":2.0,"address":"Lasogórska 5A","residential":true,"residents_est":5,"h3_10":"8a1e2e69234ffff","h3_11":"8b1e2e69234efff"},"geometry":{"type":"Polygon","coordinates":[[[19.929061,49.991045],[19.929185,49.991028],[19.929193,49.991051],[19.929202,49.99105],[19.929212,49.991077],[19.929203,49.991079],[19.92921,49.991102],[19.929087,49.99112],[19.929061,49.991045]]]}},{"type":"Feature","id":"w1039517014","properties":{"type":"detached","levels":2.0,"address":"Lasogórska 4","residential":true,"residents_est":3,"h3_10":"8a1e2e69236ffff","h3_11":"8b1e2e69236afff"},"geometry":{"type":"Polygon","coordinates":[[[19.928943,49.991868],[19.92904,49.991854],[19.929069,49.991914],[19.92902,49.991923],[19.929025,49.991934],[19.928978,49.991943],[19.928943,49.991868]]]}},{"type":"Feature","id":"w1106000142","properties":{"type":"yes","address":"Lasogórska 19B","residential":true,"residents_est":6,"h3_10":"8a1e2e692277fff","h3_11":"8b1e2e692272fff"},"geometry":{"type":"Polygon","coordinates":[[[19.927955,49.988929],[19.928055,49.988919],[19.928063,49.988952],[19.928135,49.988945],[19.928127,49.988911],[19.928212,49.988903],[19.928243,49.989026],[19.928146,49.989036],[19.928135,49.988993],[19.928082,49.988999],[19.928087,49.989016],[19.927979,49.989027],[19.927955,49.988929]]]}},{"type":"Feature","id":"w1106000143","properties":{"type":"yes","address":"Lasogórska 8e","residential":true,"residents_est":5,"h3_10":"8a1e2e692357fff","h3_11":"8b1e2e692355fff"},"geometry":{"type":"Polygon","coordinates":[[[19.927199,49.991194],[19.927315,49.991173],[19.927287,49.991108],[19.927375,49.991092],[19.927417,49.991187],[19.9274,49.99119],[19.927413,49.991219],[19.927225,49.991253],[19.927199,49.991194]]]}},{"type":"Feature","id":"w1170399592","properties":{"type":"yes","residential":true,"residents_est":5,"h3_10":"8a1e2e692247fff","h3_11":"8b1e2e692245fff"},"geometry":{"type":"Polygon","coordinates":[[[19.930801,49.989363],[19.930996,49.989317],[19.931049,49.98941],[19.930854,49.989456],[19.930801,49.989363]]]}},{"type":"Feature","id":"w1299372564","properties":{"type":"yes","residential":true,"residents_est":4,"h3_10":"8a1e2e692397fff","h3_11":"8b1e2e692392fff"},"geometry":{"type":"Polygon","coordinates":[[[19.91872,49.987528],[19.918893,49.987516],[19.918911,49.987619],[19.918737,49.987631],[19.91872,49.987528]]]}},{"type":"Feature","id":"w1299372565","properties":{"type":"yes","residential":true,"residents_est":4,"h3_10":"8a1e2e692397fff","h3_11":"8b1e2e692392fff"},"geometry":{"type":"Polygon","coordinates":[[[19.9185,49.987565],[19.918644,49.987557],[19.918657,49.987657],[19.918513,49.987664],[19.9185,49.987565]]]}},{"type":"Feature","id":"w1299372566","properties":{"type":"yes","residential":true,"residents_est":2,"h3_10":"8a1e2e692397fff","h3_11":"8b1e2e692391fff"},"geometry":{"type":"Polygon","coordinates":[[[19.919962,49.987978],[19.91999,49.987905],[19.920094,49.987922],[19.920066,49.987995],[19.919962,49.987978]]]}},{"type":"Feature","id":"w1299372567","properties":{"type":"yes","residential":true,"residents_est":6,"h3_10":"8a1e2e692397fff","h3_11":"8b1e2e692390fff"},"geometry":{"type":"Polygon","coordinates":[[[19.919011,49.988126],[19.919035,49.988124],[19.919029,49.987986],[19.91913,49.98798],[19.919138,49.988076],[19.919169,49.988075],[19.919173,49.988104],[19.919143,49.988105],[19.919147,49.98818],[19.919022,49.988183],[19.919011,49.988126]]]}},{"type":"Feature","id":"w1300470835","properties":{"type":"yes","residential":false,"residents_est":0,"h3_10":"8a1e2e692337fff","h3_11":"8b1e2e692336fff"},"geometry":{"type":"Polygon","coordinates":[[[19.920266,49.991675],[19.920271,49.991619],[19.920315,49.99162],[19.92031,49.991676],[19.920266,49.991675]]]}},{"type":"Feature","id":"w1300470847","properties":{"type":"yes","address":"Jerzego Smoleńskiego 26","residential":true,"residents_est":3,"h3_10":"8a1e2e692397fff","h3_11":"8b1e2e692393fff"},"geometry":{"type":"Polygon","coordinates":[[[19.919341,49.987748],[19.919465,49.987746],[19.919471,49.987835],[19.91937,49.987839],[19.919366,49.987797],[19.919344,49.987797],[19.919341,49.987748]]]}},{"type":"Feature","id":"w1300470883","properties":{"type":"yes","residential":true,"residents_est":1,"h3_10":"8a1e2e69239ffff","h3_11":"8b1e2e69239cfff"},"geometry":{"type":"Polygon","coordinates":[[[19.920441,49.988155],[19.920453,49.988088],[19.920543,49.988095],[19.92053,49.988162],[19.920441,49.988155]]]}},{"type":"Feature","id":"w1300470884","properties":{"type":"yes","residential":false,"residents_est":0,"h3_10":"8a1e2e69239ffff","h3_11":"8b1e2e69239efff"},"geometry":{"type":"Polygon","coordinates":[[[19.920277,49.987699],[19.920292,49.987647],[19.920345,49.987654],[19.920331,49.987705],[19.920277,49.987699]]]}},{"type":"Feature","id":"w1300470885","properties":{"type":"yes","residential":true,"residents_est":2,"h3_10":"8a1e2e69239ffff","h3_11":"8b1e2e69239efff"},"geometry":{"type":"Polygon","coordinates":[[[19.92018,49.987687],[19.920198,49.987625],[19.920295,49.987635],[19.920277,49.987699],[19.92018,49.987687]]]}},{"type":"Feature","id":"w1300470886","properties":{"type":"yes","residential":false,"residents_est":0,"h3_10":"8a1e2e69239ffff","h3_11":"8b1e2e692398fff"},"geometry":{"type":"Polygon","coordinates":[[[19.920836,49.987571],[19.920861,49.987548],[19.920918,49.987573],[19.920932,49.987559],[19.920968,49.987575],[19.92093,49.987612],[19.920836,49.987571]]]}},{"type":"Feature","id":"w1302489993","properties":{"type":"yes","residential":false,"residents_est":0,"h3_10":"8a1e2e692397fff","h3_11":"8b1e2e692394fff"},"geometry":{"type":"Polygon","coordinates":[[[19.918945,49.988612],[19.918993,49.988611],[19.918997,49.988661],[19.918949,49.988663],[19.918945,49.988612]]]}},{"type":"Feature","id":"w1302489998","properties":{"type":"yes","residential":true,"residents_est":5,"h3_10":"8a1e2e692397fff","h3_11":"8b1e2e692390fff"},"geometry":{"type":"Polygon","coordinates":[[[19.919222,49.987899],[19.919391,49.987895],[19.919392,49.987983],[19.919293,49.987986],[19.919299,49.98804],[19.91923,49.988044],[19.919222,49.987899]]]}},{"type":"Feature","id":"w1302490000","properties":{"type":"yes","residential":false,"residents_est":0,"h3_10":"8a1e2e692397fff","h3_11":"8b1e2e692390fff"},"geometry":{"type":"Polygon","coordinates":[[[19.919026,49.988255],[19.919116,49.988253],[19.919117,49.988275],[19.919027,49.988276],[19.919026,49.988255]]]}},{"type":"Feature","id":"w1302490001","properties":{"type":"house","address":"Jerzego Smoleńskiego 18","residential":true,"residents_est":7,"h3_10":"8a1e2e692397fff","h3_11":"8b1e2e692390fff"},"geometry":{"type":"Polygon","coordinates":[[[19.919299,49.988265],[19.919313,49.988152],[19.919444,49.988159],[19.919429,49.988272],[19.919299,49.988265]]]}},{"type":"Feature","id":"w1302490002","properties":{"type":"yes","residential":true,"residents_est":1,"h3_10":"8a1e2e69239ffff","h3_11":"8b1e2e69239cfff"},"geometry":{"type":"Polygon","coordinates":[[[19.920624,49.987975],[19.920652,49.98791],[19.920734,49.987924],[19.920706,49.98799],[19.920624,49.987975]]]}},{"type":"Feature","id":"w1302490003","properties":{"type":"yes","residential":false,"residents_est":0,"h3_10":"8a1e2e69239ffff","h3_11":"8b1e2e69239cfff"},"geometry":{"type":"Polygon","coordinates":[[[19.920571,49.987966],[19.920599,49.9879],[19.920652,49.98791],[19.920624,49.987975],[19.920571,49.987966]]]}},{"type":"Feature","id":"w1302490004","properties":{"type":"yes","address":"Starowiejska 5a","residential":true,"residents_est":3,"h3_10":"8a1e2e69239ffff","h3_11":"8b1e2e69239cfff"},"geometry":{"type":"Polygon","coordinates":[[[19.920435,49.987943],[19.920473,49.987852],[19.92061,49.987876],[19.920571,49.987966],[19.920435,49.987943]]]}},{"type":"Feature","id":"w1302490005","properties":{"type":"yes","residential":false,"residents_est":0,"h3_10":"8a1e2e692397fff","h3_11":"8b1e2e692391fff"},"geometry":{"type":"Polygon","coordinates":[[[19.920036,49.988153],[19.920045,49.988101],[19.920107,49.988104],[19.920098,49.988157],[19.920036,49.988153]]]}},{"type":"Feature","id":"w1302490006","properties":{"type":"yes","residential":true,"residents_est":2,"h3_10":"8a1e2e692387fff","h3_11":"8b1e2e692384fff"},"geometry":{"type":"Polygon","coordinates":[[[19.920461,49.989108],[19.920554,49.989033],[19.920627,49.98907],[19.920535,49.989145],[19.920461,49.989108]]]}},{"type":"Feature","id":"w1302490008","properties":{"type":"yes","residential":false,"residents_est":0,"h3_10":"8a1e2e6923affff","h3_11":"8b1e2e6923acfff"},"geometry":{"type":"Polygon","coordinates":[[[19.921324,49.989804],[19.921325,49.989767],[19.921403,49.989767],[19.921402,49.989805],[19.921324,49.989804]]]}},{"type":"Feature","id":"w1302490009","properties":{"type":"yes","residential":false,"residents_est":0,"h3_10":"8a1e2e6923affff","h3_11":"8b1e2e6923acfff"},"geometry":{"type":"Polygon","coordinates":[[[19.921478,49.989957],[19.921483,49.989914],[19.921546,49.989917],[19.921542,49.98996],[19.921478,49.989957]]]}},{"type":"Feature","id":"w1302490010","properties":{"type":"yes","residential":false,"residents_est":0,"h3_10":"8a1e2e6923affff","h3_11":"8b1e2e6923acfff"},"geometry":{"type":"Polygon","coordinates":[[[19.92143,49.990049],[19.921435,49.990008],[19.921515,49.990011],[19.921511,49.990053],[19.92143,49.990049]]]}},{"type":"Feature","id":"w1302490011","properties":{"type":"yes","residential":false,"residents_est":0,"h3_10":"8a1e2e6923affff","h3_11":"8b1e2e6923aefff"},"geometry":{"type":"Polygon","coordinates":[[[19.921165,49.989639],[19.92122,49.989639],[19.92122,49.989681],[19.921165,49.989681],[19.921165,49.989639]]]}},{"type":"Feature","id":"w1302490012","properties":{"type":"yes","residential":false,"residents_est":0,"h3_10":"8a1e2e6923affff","h3_11":"8b1e2e6923aefff"},"geometry":{"type":"Polygon","coordinates":[[[19.920985,49.989626],[19.921072,49.989626],[19.921072,49.989668],[19.920985,49.989668],[19.920985,49.989626]]]}},{"type":"Feature","id":"w1302490013","properties":{"type":"yes","residential":true,"residents_est":2,"h3_10":"8a1e2e6923affff","h3_11":"8b1e2e6923aefff"},"geometry":{"type":"Polygon","coordinates":[[[19.921072,49.989626],[19.921165,49.989626],[19.921165,49.989702],[19.921072,49.989702],[19.921072,49.989626]]]}},{"type":"Feature","id":"w1302490014","properties":{"type":"yes","residential":false,"residents_est":0,"h3_10":"8a1e2e6923affff","h3_11":"8b1e2e6923aefff"},"geometry":{"type":"Polygon","coordinates":[[[19.921077,49.98956],[19.921149,49.98956],[19.921149,49.989617],[19.921077,49.989617],[19.921077,49.98956]]]}},{"type":"Feature","id":"w1302490015","properties":{"type":"yes","residential":false,"residents_est":0,"h3_10":"8a1e2e6923affff","h3_11":"8b1e2e6923aefff"},"geometry":{"type":"Polygon","coordinates":[[[19.921009,49.98956],[19.921077,49.98956],[19.921077,49.989617],[19.921009,49.989617],[19.921009,49.98956]]]}},{"type":"Feature","id":"w1302490021","properties":{"type":"yes","residential":false,"residents_est":0,"h3_10":"8a1e2e6923a7fff","h3_11":"8b1e2e6923a5fff"},"geometry":{"type":"Polygon","coordinates":[[[19.920824,49.990234],[19.920825,49.990192],[19.920906,49.990193],[19.920904,49.990235],[19.920824,49.990234]]]}},{"type":"Feature","id":"w1302490030","properties":{"type":"yes","residential":false,"residents_est":0,"h3_10":"8a1e2e692317fff","h3_11":"8b1e2e692316fff"},"geometry":{"type":"Polygon","coordinates":[[[19.920808,49.990672],[19.920812,49.990627],[19.920855,49.990629],[19.920851,49.990674],[19.920808,49.990672]]]}},{"type":"Feature","id":"w1302490034","properties":{"type":"yes","residential":false,"residents_est":0,"h3_10":"8a1e2e692337fff","h3_11":"8b1e2e692331fff"},"geometry":{"type":"Polygon","coordinates":[[[19.921664,49.991659],[19.921717,49.991659],[19.921717,49.991703],[19.921664,49.991703],[19.921664,49.991659]]]}},{"type":"Feature","id":"w1302490036","properties":{"type":"yes","residential":false,"residents_est":0,"h3_10":"8a1e2e692337fff","h3_11":"8b1e2e692334fff"},"geometry":{"type":"Polygon","coordinates":[[[19.920851,49.992074],[19.920883,49.992053],[19.920936,49.992086],[19.920904,49.992108],[19.920851,49.992074]]]}},{"type":"Feature","id":"w1302490037","properties":{"type":"yes","residential":false,"residents_est":0,"h3_10":"8a1e2e692337fff","h3_11":"8b1e2e692334fff"},"geometry":{"type":"Polygon","coordinates":[[[19.92126,49.992064],[19.921343,49.992061],[19.921347,49.992099],[19.921264,49.992102],[19.92126,49.992064]]]}},{"type":"Feature","id":"w1302505394","properties":{"type":"yes","residential":false,"residents_est":0,"h3_10":"8a1e2e692277fff","h3_11":"8b1e2e692276fff"},"geometry":{"type":"Polygon","coordinates":[[[19.927857,49.989258],[19.927931,49.989251],[19.927937,49.989278],[19.927864,49.989285],[19.927857,49.989258]]]}},{"type":"Feature","id":"w1302505395","properties":{"type":"yes","residential":false,"residents_est":0,"h3_10":"8a1e2e692277fff","h3_11":"8b1e2e692276fff"},"geometry":{"type":"Polygon","coordinates":[[[19.927851,49.989231],[19.927925,49.989224],[19.927931,49.989251],[19.927857,49.989258],[19.927851,49.989231]]]}},{"type":"Feature","id":"w1302505396","properties":{"type":"yes","residential":false,"residents_est":0,"h3_10":"8a1e2e692277fff","h3_11":"8b1e2e692276fff"},"geometry":{"type":"Polygon","coordinates":[[[19.928047,49.98915],[19.928117,49.989132],[19.928132,49.989158],[19.928063,49.989176],[19.928047,49.98915]]]}},{"type":"Feature","id":"w1302505399","properties":{"type":"yes","residential":false,"residents_est":0,"h3_10":"8a1e2e69222ffff","h3_11":"8b1e2e692228fff"},"geometry":{"type":"Polygon","coordinates":[[[19.926915,49.98945],[19.926956,49.989444],[19.92697,49.989489],[19.926929,49.989494],[19.926915,49.98945]]]}},{"type":"Feature","id":"w1302682018","properties":{"type":"yes","residential":false,"residents_est":0,"h3_10":"8a1e2e69238ffff","h3_11":"8b1e2e69238efff"},"geometry":{"type":"Polygon","coordinates":[[[19.921646,49.988422],[19.92165,49.988375],[19.921696,49.988377],[19.921692,49.988424],[19.921646,49.988422]]]}},{"type":"Feature","id":"w1302682020","properties":{"type":"yes","residential":false,"residents_est":0,"h3_10":"8a1e2e692387fff","h3_11":"8b1e2e692381fff"},"geometry":{"type":"Polygon","coordinates":[[[19.921145,49.988792],[19.921156,49.988747],[19.921206,49.988752],[19.921195,49.988797],[19.921145,49.988792]]]}},{"type":"Feature","id":"w1302682021","properties":{"type":"yes","residential":true,"residents_est":3,"h3_10":"8a1e2e692387fff","h3_11":"8b1e2e692381fff"},"geometry":{"type":"Polygon","coordinates":[[[19.921193,49.988749],[19.921204,49.988673],[19.92128,49.988678],[19.921269,49.988754],[19.921193,49.988749]]]}},{"type":"Feature","id":"w1302730596","properties":{"type":"yes","address":"Jerzego Smoleńskiego 115a","residential":true,"residents_est":3,"h3_10":"8a1e2e692297fff","h3_11":"8b1e2e692292fff"},"geometry":{"type":"Polygon","coordinates":[[[19.921349,49.985034],[19.921385,49.985029],[19.921374,49.984996],[19.921495,49.984981],[19.921517,49.985052],[19.921363,49.985073],[19.921349,49.985034]]]}},{"type":"Feature","id":"w1304057198","properties":{"type":"yes","address":"Kazimierza Moszyńskiego 32","residential":true,"residents_est":3,"h3_10":"8a1e2e69236ffff","h3_11":"8b1e2e69236bfff"},"geometry":{"type":"Polygon","coordinates":[[[19.929685,49.991661],[19.929737,49.991587],[19.929874,49.991627],[19.929823,49.991701],[19.929685,49.991661]]]}},{"type":"Feature","id":"w1304057199","properties":{"type":"yes","residential":false,"residents_est":0,"h3_10":"8a1e2e69234ffff","h3_11":"8b1e2e69234efff"},"geometry":{"type":"Polygon","coordinates":[[[19.929345,49.991135],[19.929428,49.991123],[19.929442,49.991165],[19.929359,49.991176],[19.929345,49.991135]]]}},{"type":"Feature","id":"w1304057200","properties":{"type":"yes","residential":true,"residents_est":1,"h3_10":"8a1e2e69234ffff","h3_11":"8b1e2e69234efff"},"geometry":{"type":"Polygon","coordinates":[[[19.929359,49.991176],[19.929442,49.991165],[19.929464,49.99123],[19.929381,49.991242],[19.929359,49.991176]]]}},{"type":"Feature","id":"w1304057201","properties":{"type":"yes","residential":true,"residents_est":2,"h3_10":"8a1e2e69234ffff","h3_11":"8b1e2e69234cfff"},"geometry":{"type":"Polygon","coordinates":[[[19.929337,49.991266],[19.929386,49.991259],[19.929381,49.991242],[19.929464,49.99123],[19.929483,49.991286],[19.92935,49.991305],[19.929337,49.991266]]]}},{"type":"Feature","id":"w1304057202","properties":{"type":"yes","residential":true,"residents_est":2,"h3_10":"8a1e2e69234ffff","h3_11":"8b1e2e69234cfff"},"geometry":{"type":"Polygon","coordinates":[[[19.92935,49.991305],[19.92949,49.991285],[19.929504,49.991327],[19.929364,49.991347],[19.92935,49.991305]]]}},{"type":"Feature","id":"w1304057203","properties":{"type":"yes","residential":false,"residents_est":0,"h3_10":"8a1e2e69234ffff","h3_11":"8b1e2e69234efff"},"geometry":{"type":"Polygon","coordinates":[[[19.929033,49.991302],[19.929272,49.991271],[19.929278,49.991289],[19.929039,49.991321],[19.929033,49.991302]]]}},{"type":"Feature","id":"w1304057205","properties":{"type":"yes","address":"Lasogórska 3","residential":true,"residents_est":5,"h3_10":"8a1e2e69234ffff","h3_11":"8b1e2e69234efff"},"geometry":{"type":"Polygon","coordinates":[[[19.929017,49.991219],[19.929227,49.991188],[19.929252,49.991273],[19.929046,49.9913],[19.929017,49.991219]]]}},{"type":"Feature","id":"w1304057206","properties":{"type":"yes","residential":true,"residents_est":1,"h3_10":"8a1e2e69235ffff","h3_11":"8b1e2e69235dfff"},"geometry":{"type":"Polygon","coordinates":[[[19.928754,49.990869],[19.928814,49.990859],[19.928818,49.99087],[19.928889,49.990858],[19.928882,49.99084],[19.928895,49.990838],[19.928915,49.99089],[19.928801,49.990909],[19.928788,49.990876],[19.928759,49.990881],[19.928754,49.990869]]]}},{"type":"Feature","id":"w1304057207","properties":{"type":"yes","residential":false,"residents_est":0,"h3_10":"8a1e2e69235ffff","h3_11":"8b1e2e69235dfff"},"geometry":{"type":"Polygon","coordinates":[[[19.928807,49.990785],[19.928851,49.990778],[19.92887,49.990827],[19.928826,49.990834],[19.928807,49.990785]]]}},{"type":"Feature","id":"w1304057208","properties":{"type":"yes","residential":true,"residents_est":2,"h3_10":"8a1e2e69235ffff","h3_11":"8b1e2e69235dfff"},"geometry":{"type":"Polygon","coordinates":[[[19.928697,49.99073],[19.92878,49.990717],[19.928807,49.990785],[19.928723,49.990799],[19.928697,49.99073]]]}},{"type":"Feature","id":"w1304057209","properties":{"type":"yes","residential":true,"residents_est":2,"h3_10":"8a1e2e69235ffff","h3_11":"8b1e2e69235dfff"},"geometry":{"type":"Polygon","coordinates":[[[19.928723,49.990799],[19.928807,49.990785],[19.928835,49.990856],[19.928751,49.99087],[19.928723,49.990799]]]}},{"type":"Feature","id":"w1304057210","properties":{"type":"yes","residential":false,"residents_est":0,"h3_10":"8a1e2e69235ffff","h3_11":"8b1e2e69235dfff"},"geometry":{"type":"Polygon","coordinates":[[[19.928668,49.990808],[19.928723,49.990799],[19.928751,49.99087],[19.928696,49.990879],[19.928668,49.990808]]]}},{"type":"Feature","id":"w1304057211","properties":{"type":"yes","address":"Lasogórska 9","residential":true,"residents_est":3,"h3_10":"8a1e2e69235ffff","h3_11":"8b1e2e69235dfff"},"geometry":{"type":"Polygon","coordinates":[[[19.928523,49.990831],[19.928668,49.990808],[19.928696,49.990879],[19.928584,49.990897],[19.928578,49.990883],[19.928546,49.990888],[19.928523,49.990831]]]}},{"type":"Feature","id":"w1304057212","properties":{"type":"yes","address":"Lasogórska 8I","residential":true,"residents_est":4,"h3_10":"8a1e2e692347fff","h3_11":"8b1e2e692343fff"},"geometry":{"type":"Polygon","coordinates":[[[19.928121,49.990889],[19.928175,49.99088],[19.928171,49.99087],[19.928211,49.990863],[19.928215,49.990873],[19.928264,49.990865],[19.928289,49.990926],[19.928322,49.99092],[19.928339,49.990959],[19.928162,49.99099],[19.928121,49.990889]]]}},{"type":"Feature","id":"w1304234338","properties":{"type":"yes","residential":true,"residents_est":5,"h3_10":"8a1e2e6922effff","h3_11":"8b1e2e6922eafff"},"geometry":{"type":"Polygon","coordinates":[[[19.928901,49.98672],[19.928919,49.986718],[19.928912,49.986688],[19.929039,49.986676],[19.929047,49.986708],[19.929059,49.986707],[19.92906,49.986713],[19.929048,49.986714],[19.929054,49.986743],[19.929137,49.986736],[19.92915,49.986796],[19.928993,49.98681],[19.928989,49.98679],[19.928934,49.986795],[19.928928,49.986762],[19.928911,49.986764],[19.928901,49.98672]]]}},{"type":"Feature","id":"w1304234343","properties":{"type":"yes","residential":false,"residents_est":0,"h3_10":"8a1e2e692267fff","h3_11":"8b1e2e692262fff"},"geometry":{"type":"Polygon","coordinates":[[[19.929834,49.98941],[19.929951,49.989393],[19.929962,49.989424],[19.929844,49.989441],[19.929834,49.98941]]]}},{"type":"Feature","id":"w1304234345","properties":{"type":"yes","address":"Lasogórska 6b","residential":true,"residents_est":3,"h3_10":"8a1e2e69236ffff","h3_11":"8b1e2e69236afff"},"geometry":{"type":"Polygon","coordinates":[[[19.928955,49.991603],[19.929002,49.991594],[19.928998,49.991586],[19.929007,49.991575],[19.929062,49.991565],[19.929107,49.991664],[19.929072,49.991671],[19.929058,49.991664],[19.929037,49.991668],[19.929056,49.991711],[19.929008,49.99172],[19.928955,49.991603]]]}},{"type":"Feature","id":"w1304234346","properties":{"type":"yes","address":"Lasogórska 6d","residential":true,"residents_est":3,"h3_10":"8a1e2e69236ffff","h3_11":"8b1e2e69236afff"},"geometry":{"type":"Polygon","coordinates":[[[19.928718,49.99163],[19.928773,49.991619],[19.92879,49.991625],[19.928793,49.991633],[19.92884,49.991624],[19.928894,49.991741],[19.928844,49.99175],[19.928826,49.991707],[19.928805,49.991711],[19.928801,49.991722],[19.928766,49.991728],[19.928718,49.99163]]]}},{"type":"Feature","id":"w1304234347","properties":{"type":"yes","residential":true,"residents_est":3,"h3_10":"8a1e2e692347fff","h3_11":"8b1e2e692340fff"},"geometry":{"type":"Polygon","coordinates":[[[19.928214,49.991428],[19.92831,49.991415],[19.928366,49.991546],[19.92827,49.99156],[19.928214,49.991428]]]}},{"type":"Feature","id":"w1304234348","properties":{"type":"yes","residential":false,"residents_est":0,"h3_10":"8a1e2e692347fff","h3_11":"8b1e2e692340fff"},"geometry":{"type":"Polygon","coordinates":[[[19.92827,49.99156],[19.928366,49.991546],[19.928379,49.991583],[19.928282,49.991596],[19.92827,49.99156]]]}},{"type":"Feature","id":"w1304234349","properties":{"type":"yes","address":"Lasogórska 6e","residential":true,"residents_est":3,"h3_10":"8a1e2e692347fff","h3_11":"8b1e2e692345fff"},"geometry":{"type":"Polygon","coordinates":[[[19.928354,49.991688],[19.928401,49.991679],[19.928406,49.991691],[19.928509,49.991672],[19.928547,49.991758],[19.928476,49.991771],[19.928471,49.991761],[19.928434,49.991768],[19.928427,49.991751],[19.928386,49.991759],[19.928354,49.991688]]]}},{"type":"Feature","id":"w1304234350","properties":{"type":"yes","address":"Lasogórska 6h","residential":true,"residents_est":4,"h3_10":"8a1e2e692347fff","h3_11":"8b1e2e692344fff"},"geometry":{"type":"Polygon","coordinates":[[[19.927828,49.991771],[19.927941,49.991749],[19.928007,49.991884],[19.927944,49.991896],[19.927927,49.991861],[19.927874,49.991871],[19.927828,49.991771]]]}},{"type":"Feature","id":"w1304234351","properties":{"type":"yes","address":"Lasogórska 6i","residential":true,"residents_est":4,"h3_10":"8a1e2e692347fff","h3_11":"8b1e2e692344fff"},"geometry":{"type":"Polygon","coordinates":[[[19.927701,49.991812],[19.927747,49.991803],[19.92774,49.991788],[19.927828,49.991771],[19.927874,49.991871],[19.927802,49.991884],[19.927818,49.99192],[19.927756,49.991931],[19.927701,49.991812]]]}},{"type":"Feature","id":"w1304234352","properties":{"type":"yes","residential":false,"residents_est":0,"h3_10":"8a1e2e692347fff","h3_11":"8b1e2e692344fff"},"geometry":{"type":"Polygon","coordinates":[[[19.927812,49.991618],[19.927903,49.991599],[19.927922,49.991638],[19.927831,49.991657],[19.927812,49.991618]]]}},{"type":"Feature","id":"w1304282996","properties":{"type":"yes","residential":false,"residents_est":0,"h3_10":"8a1e2e6922e7fff","h3_11":"8b1e2e6922e0fff"},"geometry":{"type":"Polygon","coordinates":[[[19.927266,49.987385],[19.927347,49.987377],[19.92736,49.987431],[19.927279,49.987439],[19.927266,49.987385]]]}},{"type":"Feature","id":"w1304282997","properties":{"type":"yes","residential":false,"residents_est":0,"h3_10":"8a1e2e6922e7fff","h3_11":"8b1e2e6922e4fff"},"geometry":{"type":"Polygon","coordinates":[[[19.926915,49.987683],[19.926924,49.98765],[19.927011,49.987659],[19.927003,49.987692],[19.926915,49.987683]]]}},{"type":"Feature","id":"w1304282998","properties":{"type":"yes","residential":false,"residents_est":0,"h3_10":"8a1e2e6922e7fff","h3_11":"8b1e2e6922e2fff"},"geometry":{"type":"Polygon","coordinates":[[[19.927096,49.986849],[19.9271,49.98682],[19.927191,49.986824],[19.927188,49.986853],[19.927096,49.986849]]]}},{"type":"Feature","id":"w1304282999","properties":{"type":"yes","residential":false,"residents_est":0,"h3_10":"8a1e2e6922f7fff","h3_11":"8b1e2e6922f1fff"},"geometry":{"type":"Polygon","coordinates":[[[19.926674,49.986839],[19.926685,49.986776],[19.926748,49.986781],[19.926737,49.986844],[19.926674,49.986839]]]}},{"type":"Feature","id":"w1304283000","properties":{"type":"yes","residential":false,"residents_est":0,"h3_10":"8a1e2e6922f7fff","h3_11":"8b1e2e6922f5fff"},"geometry":{"type":"Polygon","coordinates":[[[19.926587,49.986834],[19.926592,49.986797],[19.926679,49.986802],[19.926674,49.986839],[19.926587,49.986834]]]}},{"type":"Feature","id":"w1304283012","properties":{"type":"yes","residential":false,"residents_est":0,"h3_10":"8a1e2e692267fff","h3_11":"8b1e2e692263fff"},"geometry":{"type":"Polygon","coordinates":[[[19.930497,49.989447],[19.930539,49.989436],[19.930587,49.989514],[19.930529,49.98954],[19.930497,49.989447]]]}},{"type":"Feature","id":"w1304283013","properties":{"type":"yes","residential":true,"residents_est":2,"h3_10":"8a1e2e692267fff","h3_11":"8b1e2e692263fff"},"geometry":{"type":"Polygon","coordinates":[[[19.930539,49.989436],[19.930605,49.989419],[19.930653,49.989497],[19.930587,49.989514],[19.930539,49.989436]]]}},{"type":"Feature","id":"w1304283015","properties":{"type":"yes","residential":false,"residents_est":0,"h3_10":"8a1e2e692247fff","h3_11":"8b1e2e692240fff"},"geometry":{"type":"Polygon","coordinates":[[[19.930279,49.988821],[19.930343,49.988807],[19.930367,49.988851],[19.930303,49.988866],[19.930279,49.988821]]]}},{"type":"Feature","id":"w1304283026","properties":{"type":"yes","address":"Kazimierza Moszyńskiego 39","residential":true,"residents_est":5,"h3_10":"8a1e2e69224ffff","h3_11":"8b1e2e69224cfff"},"geometry":{"type":"Polygon","coordinates":[[[19.932011,49.988992],[19.932222,49.988953],[19.93222,49.988948],[19.932232,49.988946],[19.932236,49.988954],[19.932231,49.988955],[19.932267,49.98903],[19.932276,49.989035],[19.932056,49.98908],[19.93202,49.988999],[19.932011,49.988992]]]}},{"type":"Feature","id":"w1304283041","properties":{"type":"yes","residential":false,"residents_est":0,"h3_10":"8a1e2e692247fff","h3_11":"8b1e2e692246fff"},"geometry":{"type":"Polygon","coordinates":[[[19.92984,49.988666],[19.929898,49.988659],[19.929908,49.988695],[19.92985,49.988702],[19.92984,49.988666]]]}},{"type":"Feature","id":"w1304283059","properties":{"type":"yes","residential":false,"residents_est":0,"h3_10":"8a1e2e692267fff","h3_11":"8b1e2e692262fff"},"geometry":{"type":"Polygon","coordinates":[[[19.929721,49.989661],[19.929839,49.989648],[19.92985,49.989689],[19.929732,49.989702],[19.929721,49.989661]]]}},{"type":"Feature","id":"w1304283060","properties":{"type":"yes","residential":true,"residents_est":3,"h3_10":"8a1e2e692267fff","h3_11":"8b1e2e692262fff"},"geometry":{"type":"Polygon","coordinates":[[[19.929936,49.98962],[19.930048,49.989612],[19.930064,49.989709],[19.929952,49.989717],[19.929936,49.98962]]]}},{"type":"Feature","id":"w1304283070","properties":{"type":"yes","residential":false,"residents_est":0,"h3_10":"8a1e2e69235ffff","h3_11":"8b1e2e692359fff"},"geometry":{"type":"Polygon","coordinates":[[[19.9291,49.990359],[19.929165,49.990351],[19.929182,49.990414],[19.929117,49.990421],[19.9291,49.990359]]]}},{"type":"Feature","id":"w1304283076","properties":{"type":"yes","residential":false,"residents_est":0,"h3_10":"8a1e2e69234ffff","h3_11":"8b1e2e692348fff"},"geometry":{"type":"Polygon","coordinates":[[[19.929907,49.991218],[19.930028,49.991205],[19.930034,49.991231],[19.929913,49.991244],[19.929907,49.991218]]]}},{"type":"Feature","id":"w1305058903","properties":{"type":"yes","residential":false,"residents_est":0,"h3_10":"8a1e2e69224ffff","h3_11":"8b1e2e69224bfff"},"geometry":{"type":"Polygon","coordinates":[[[19.93279,49.988114],[19.932892,49.9881],[19.932902,49.988128],[19.9328,49.988143],[19.93279,49.988114]]]}},{"type":"Feature","id":"w1305058904","properties":{"type":"yes","residential":false,"residents_est":0,"h3_10":"8a1e2e69224ffff","h3_11":"8b1e2e69224bfff"},"geometry":{"type":"Polygon","coordinates":[[[19.93271,49.98797],[19.932802,49.987956],[19.932812,49.987985],[19.93272,49.987999],[19.93271,49.98797]]]}},{"type":"Feature","id":"w1305058919","properties":{"type":"yes","residential":true,"residents_est":2,"h3_10":"8a1e2e692247fff","h3_11":"8b1e2e692243fff"},"geometry":{"type":"Polygon","coordinates":[[[19.93108,49.988608],[19.93118,49.988588],[19.931213,49.988654],[19.931112,49.988675],[19.93108,49.988608]]]}},{"type":"Feature","id":"w1305058920","properties":{"type":"yes","residential":false,"residents_est":0,"h3_10":"8a1e2e69224ffff","h3_11":"8b1e2e69224cfff"},"geometry":{"type":"Polygon","coordinates":[[[19.931692,49.988904],[19.931775,49.988884],[19.931805,49.988938],[19.931722,49.988957],[19.931692,49.988904]]]}},{"type":"Feature","id":"w1305058922","properties":{"type":"yes","residential":false,"residents_est":0,"h3_10":"8a1e2e69224ffff","h3_11":"8b1e2e69224dfff"},"geometry":{"type":"Polygon","coordinates":[[[19.932324,49.988922],[19.932378,49.988908],[19.932405,49.988952],[19.93235,49.988965],[19.932324,49.988922]]]}}]}