{"type":"FeatureCollection","features":[{"type":"Feature","id":"w29330934","properties":{"type":"church","address":"Osiedle Tysiąclecia 86","name":"Kościół pw. Świętego Maksymiliana Marii Kolbego","residential":false,"residents_est":0,"h3_10":"8a1e2e6a028ffff","h3_11":"8b1e2e6a028efff"},"geometry":{"type":"Polygon","coordinates":[[[19.995623,50.094117],[19.995639,50.094104],[19.995633,50.094098],[19.995641,50.094097],[19.995648,50.094086],[19.995642,50.094081],[19.995651,50.094079],[19.995657,50.094069],[19.995651,50.094063],[19.99566,50.094061],[19.995665,50.094053],[19.995661,50.094047],[19.995669,50.094046],[19.995674,50.094035],[19.995669,50.094029],[19.995678,50.094027],[19.995682,50.094019],[19.995677,50.094014],[19.995691,50.094003],[19.995685,50.093998],[19.9957,50.093985],[19.995694,50.093979],[19.995704,50.093976],[19.995709,50.093966],[19.995705,50.093962],[19.995717,50.09395],[19.995713,50.093946],[19.99572,50.093944],[19.995726,50.093933],[19.995722,50.093929],[19.995729,50.093927],[19.995735,50.093916],[19.995731,50.093913],[19.995743,50.093899],[19.995739,50.093895],[19.995752,50.093882],[19.995747,50.093878],[19.99576,50.093874],[19.995756,50.09387],[19.995762,50.093867],[19.99577,50.093874],[19.995787,50.093875],[19.995791,50.093869],[19.995797,50.093875],[19.995814,50.093875],[19.995819,50.09387],[19.995825,50.093876],[19.995842,50.093876],[19.995848,50.09387],[19.995853,50.093876],[19.995867,50.093876],[19.995873,50.09387],[19.995879,50.093876],[19.995898,50.093877],[19.995903,50.093872],[19.995906,50.093877],[19.995926,50.093878],[19.995933,50.093872],[19.995938,50.093878],[19.995954,50.093878],[19.99596,50.093872],[19.995985,50.093878],[19.995992,50.093873],[19.995996,50.093879],[19.996019,50.093874],[19.99604,50.093879],[19.996045,50.093874],[19.996067,50.09388],[19.996073,50.093874],[19.996077,50.093879],[19.996095,50.09388],[19.9961,50.093875],[19.996102,50.09388],[19.996122,50.093881],[19.996131,50.093875],[19.996148,50.093881],[19.996157,50.093875],[19.996201,50.093959],[19.996269,50.093952],[19.996272,50.093956],[19.996267,50.093959],[19.996273,50.093973],[19.996279,50.093973],[19.996275,50.093977],[19.996281,50.093989],[19.996288,50.093989],[19.996283,50.093993],[19.996289,50.094007],[19.996296,50.094007],[19.996291,50.094011],[19.996296,50.094023],[19.996305,50.094024],[19.996299,50.094029],[19.996305,50.09404],[19.996313,50.094041],[19.996307,50.094045],[19.996312,50.094057],[19.99632,50.094058],[19.996314,50.094062],[19.996321,50.094075],[19.996329,50.094077],[19.996323,50.09408],[19.996329,50.094092],[19.996339,50.094094],[19.996332,50.094099],[19.996337,50.09411],[19.996347,50.094111],[19.99634,50.094116],[19.996345,50.094127],[19.996354,50.094127],[19.996347,50.094131],[19.996353,50.094143],[19.996362,50.094145],[19.996355,50.094149],[19.996361,50.09416],[19.996372,50.094162],[19.996364,50.094167],[19.996369,50.094178],[19.996378,50.09418],[19.996372,50.094185],[19.996384,50.094196],[19.996379,50.0942],[19.996386,50.094213],[19.996394,50.094214],[19.996388,50.094219],[19.996393,50.09423],[19.996401,50.094231],[19.996396,50.094235],[19.996408,50.094249],[19.996404,50.094253],[19.996409,50.094264],[19.996417,50.094266],[19.996344,50.094284],[19.996171,50.094357],[19.996125,50.0944],[19.996113,50.094403],[19.996111,50.094396],[19.996091,50.094392],[19.996089,50.094386],[19.996066,50.09438],[19.99605,50.094367],[19.99604,50.094369],[19.996039,50.094362],[19.996006,50.094346],[19.995999,50.094348],[19.995984,50.094336],[19.995973,50.094337],[19.995973,50.094331],[19.995936,50.094313],[19.995929,50.094317],[19.995927,50.094311],[19.995902,50.094308],[19.995904,50.094302],[19.99588,50.094297],[19.995881,50.09429],[19.99586,50.094278],[19.995845,50.09427],[19.995838,50.094273],[19.995838,50.094267],[19.995823,50.09426],[19.995815,50.094262],[19.995815,50.094255],[19.995802,50.094249],[19.995792,50.094251],[19.995793,50.094245],[19.99577,50.09424],[19.995769,50.094233],[19.995748,50.094229],[19.995748,50.094223],[19.995733,50.094216],[19.995725,50.094218],[19.995726,50.094213],[19.995713,50.094206],[19.995704,50.094208],[19.995703,50.094201],[19.995724,50.09417],[19.995623,50.094117]]]}},{"type":"Feature","id":"w54520884","properties":{"type":"apartments","levels":5.0,"address":"Osiedle Tysiąclecia 50","residential":true,"residents_est":62,"h3_10":"8a1e2e6a02dffff","h3_11":"8b1e2e6a02d9fff"},"geometry":{"type":"Polygon","coordinates":[[[20.000594,50.093189],[20.000612,50.093002],[20.000843,50.093011],[20.000825,50.093198],[20.000749,50.093195],[20.000751,50.093176],[20.000675,50.093173],[20.000673,50.093192],[20.000594,50.093189]]]}},{"type":"Feature","id":"w54520891","properties":{"type":"apartments","levels":5.0,"address":"Osiedle Tysiąclecia 49","residential":true,"residents_est":62,"h3_10":"8a1e2e6a02dffff","h3_11":"8b1e2e6a02dbfff"},"geometry":{"type":"Polygon","coordinates":[[[19.999894,50.093139],[19.999912,50.092952],[20.000143,50.092961],[20.000125,50.093149],[20.00005,50.093146],[20.000052,50.093126],[19.999975,50.093123],[19.999973,50.093143],[19.999894,50.093139]]]}},{"type":"Feature","id":"w54520896","properties":{"type":"yes","address":"Osiedle Tysiąclecia 66","residential":true,"residents_est":34,"h3_10":"8a1e2e6a02d7fff","h3_11":"8b1e2e6a02d0fff"},"geometry":{"type":"Polygon","coordinates":[[[19.997679,50.093635],[19.997694,50.093502],[19.997872,50.093509],[19.997869,50.093536],[19.998194,50.093553],[19.998179,50.093677],[19.998058,50.093671],[19.998062,50.093641],[19.997803,50.093628],[19.997802,50.093641],[19.997679,50.093635]]]}},{"type":"Feature","id":"w54520897","properties":{"type":"apartments","levels":5.0,"address":"Osiedle Tysiąclecia 48","residential":true,"residents_est":62,"h3_10":"8a1e2e6a02dffff","h3_11":"8b1e2e6a02defff"},"geometry":{"type":"Polygon","coordinates":[[[19.999211,50.093275],[19.999229,50.093088],[19.99946,50.093097],[19.999442,50.093284],[19.999366,50.093281],[19.999368,50.093261],[19.999292,50.093258],[19.99929,50.093278],[19.999211,50.093275]]]}},{"type":"Feature","id":"w54520898","properties":{"type":"apartments","levels":5.0,"address":"Osiedle Tysiąclecia 47","residential":true,"residents_est":62,"h3_10":"8a1e2e6a02dffff","h3_11":"8b1e2e6a02dcfff"},"geometry":{"type":"Polygon","coordinates":[[[19.999513,50.093725],[19.999531,50.093538],[19.999762,50.093547],[19.999744,50.093734],[19.999668,50.093731],[19.99967,50.093711],[19.999594,50.093708],[19.999592,50.093728],[19.999513,50.093725]]]}},{"type":"Feature","id":"w54520899","properties":{"type":"apartments","levels":5.0,"address":"Osiedle Tysiąclecia 45","residential":true,"residents_est":62,"h3_10":"8a1e2e6a02dffff","h3_11":"8b1e2e6a02ddfff"},"geometry":{"type":"Polygon","coordinates":[[[20.000177,50.093682],[20.000195,50.093494],[20.000426,50.093504],[20.000408,50.093691],[20.000333,50.093688],[20.000335,50.093668],[20.000258,50.093665],[20.000256,50.093685],[20.000177,50.093682]]]}},{"type":"Feature","id":"w54520900","properties":{"type":"apartments","levels":5.0,"address":"Osiedle Tysiąclecia 43","residential":true,"residents_est":62,"h3_10":"8a1e2e6a02cffff","h3_11":"8b1e2e6a02cafff"},"geometry":{"type":"Polygon","coordinates":[[[20.000955,50.093637],[20.000973,50.09345],[20.001205,50.093459],[20.001187,50.093646],[20.001111,50.093643],[20.001113,50.093623],[20.001036,50.09362],[20.001034,50.09364],[20.000955,50.093637]]]}},{"type":"Feature","id":"w54521034","properties":{"type":"apartments","residential":true,"residents_est":97,"h3_10":"8a1e2e6a029ffff","h3_11":"8b1e2e6a029efff"},"geometry":{"type":"Polygon","coordinates":[[[19.994071,50.093373],[19.994104,50.093338],[19.994075,50.093327],[19.994118,50.093281],[19.994132,50.093286],[19.994175,50.09324],[19.994161,50.093234],[19.994203,50.093189],[19.994214,50.093193],[19.994234,50.09317],[19.994196,50.093155],[19.994265,50.093082],[19.99437,50.093122],[19.994374,50.093117],[19.994413,50.093132],[19.994404,50.093141],[19.994441,50.093155],[19.994381,50.09322],[19.994432,50.09324],[19.994389,50.093286],[19.994374,50.09328],[19.994269,50.093393],[19.994254,50.093387],[19.994234,50.093409],[19.994219,50.093403],[19.994195,50.09343],[19.994125,50.093403],[19.994131,50.093396],[19.994071,50.093373]]]}},{"type":"Feature","id":"w54521061","properties":{"type":"apartments","levels":12.0,"address":"Osiedle Złotego Wieku 54","residential":true,"residents_est":181,"h3_10":"8a1e2e6a0227fff","h3_11":"8b1e2e6a0224fff"},"geometry":{"type":"Polygon","coordinates":[[[19.996446,50.098554],[19.996951,50.098545],[19.996955,50.098642],[19.996887,50.098643],[19.996888,50.098662],[19.996847,50.098663],[19.996847,50.098672],[19.996812,50.098673],[19.996811,50.098639],[19.996601,50.098643],[19.996602,50.098666],[19.99656,50.098667],[19.99656,50.098676],[19.996525,50.098677],[19.996524,50.098649],[19.99645,50.098651],[19.996446,50.098554]]]}},{"type":"Feature","id":"w54521089","properties":{"type":"apartments","levels":12.0,"address":"Osiedle Złotego Wieku 65","residential":true,"residents_est":185,"h3_10":"8a1e2e6a0357fff","h3_11":"8b1e2e6a0350fff"},"geometry":{"type":"Polygon","coordinates":[[[19.997879,50.098672],[19.998388,50.098666],[19.998391,50.098764],[19.998312,50.098765],[19.998313,50.098788],[19.998268,50.098788],[19.998269,50.098796],[19.998241,50.098797],[19.99824,50.098761],[19.998026,50.098763],[19.998027,50.098791],[19.997983,50.098791],[19.997983,50.098799],[19.997955,50.0988],[19.997954,50.098769],[19.997882,50.09877],[19.997879,50.098672]]]}},{"type":"Feature","id":"w54521092","properties":{"type":"apartments","levels":12.0,"address":"Osiedle Złotego Wieku 64","residential":true,"residents_est":187,"h3_10":"8a1e2e6a0357fff","h3_11":"8b1e2e6a0354fff"},"geometry":{"type":"Polygon","coordinates":[[[19.997445,50.099025],[19.997954,50.099021],[19.997957,50.099118],[19.997886,50.099119],[19.997886,50.099141],[19.997837,50.099141],[19.997837,50.099151],[19.997806,50.099151],[19.997805,50.099116],[19.997597,50.099117],[19.997598,50.099144],[19.997552,50.099145],[19.997552,50.099153],[19.997522,50.099154],[19.997522,50.099123],[19.997447,50.099124],[19.997445,50.099025]]]}},{"type":"Feature","id":"w54521118","properties":{"type":"yes","levels":5.0,"address":"Osiedle Złotego Wieku 67","residential":true,"residents_est":60,"h3_10":"8a1e2e6a0227fff","h3_11":"8b1e2e6a0223fff"},"geometry":{"type":"Polygon","coordinates":[[[19.996833,50.097769],[19.99765,50.097552],[19.997705,50.097636],[19.996888,50.097854],[19.996833,50.097769]]]}},{"type":"Feature","id":"w54521123","properties":{"type":"apartments","levels":5.0,"address":"Osiedle Złotego Wieku 70","residential":true,"residents_est":156,"h3_10":"8a1e2e6a0237fff","h3_11":"8b1e2e6a0230fff"},"geometry":{"type":"Polygon","coordinates":[[[19.995196,50.097272],[19.996313,50.09708],[19.99635,50.097169],[19.995236,50.09736],[19.995196,50.097272]]]}},{"type":"Feature","id":"w54521127","properties":{"type":"apartments","levels":5.0,"address":"Osiedle Złotego Wieku 68","residential":true,"residents_est":158,"h3_10":"8a1e2e6a0237fff","h3_11":"8b1e2e6a0235fff"},"geometry":{"type":"Polygon","coordinates":[[[19.995229,50.097697],[19.996347,50.097506],[19.996384,50.097595],[19.995269,50.097787],[19.995229,50.097697]]]}},{"type":"Feature","id":"w54521135","properties":{"type":"apartments","levels":5.0,"address":"Osiedle Złotego Wieku 66","residential":true,"residents_est":121,"h3_10":"8a1e2e6a0227fff","h3_11":"8b1e2e6a0226fff"},"geometry":{"type":"Polygon","coordinates":[[[19.995702,50.098061],[19.996549,50.097914],[19.996587,50.098005],[19.99574,50.098151],[19.995702,50.098061]]]}},{"type":"Feature","id":"w54521140","properties":{"type":"yes","levels":5.0,"address":"Osiedle Złotego Wieku 9","residential":true,"residents_est":108,"h3_10":"8a1e2e6a02effff","h3_11":"8b1e2e6a02eefff"},"geometry":{"type":"Polygon","coordinates":[[[19.999787,50.095498],[20.001265,50.095194],[20.001309,50.095284],[19.999832,50.095588],[19.999787,50.095498]]]}},{"type":"Feature","id":"w54521143","properties":{"type":"yes","levels":5.0,"address":"Osiedle Złotego Wieku 11","residential":true,"residents_est":92,"h3_10":"8a1e2e6a0257fff","h3_11":"8b1e2e6a0250fff"},"geometry":{"type":"Polygon","coordinates":[[[20.000058,50.096201],[20.001331,50.095941],[20.001376,50.09603],[20.000103,50.096291],[20.000058,50.096201]]]}},{"type":"Feature","id":"w54521144","properties":{"type":"yes","levels":5.0,"address":"Osiedle Złotego Wieku 12","residential":true,"residents_est":93,"h3_10":"8a1e2e6a0257fff","h3_11":"8b1e2e6a0254fff"},"geometry":{"type":"Polygon","coordinates":[[[20.000082,50.096576],[20.001347,50.096316],[20.001392,50.096407],[20.000127,50.096667],[20.000082,50.096576]]]}},{"type":"Feature","id":"w54521151","properties":{"type":"yes","levels":5.0,"address":"Osiedle Złotego Wieku 71","residential":true,"residents_est":75,"h3_10":"8a1e2e6a0207fff","h3_11":"8b1e2e6a0203fff"},"geometry":{"type":"Polygon","coordinates":[[[19.996816,50.096862],[19.997837,50.096591],[19.997891,50.096675],[19.996868,50.096948],[19.996816,50.096862]]]}},{"type":"Feature","id":"w54521153","properties":{"type":"yes","levels":5.0,"address":"Osiedle Złotego Wieku 69","residential":true,"residents_est":75,"h3_10":"8a1e2e6a0207fff","h3_11":"8b1e2e6a0204fff"},"geometry":{"type":"Polygon","coordinates":[[[19.996715,50.09733],[19.997742,50.097065],[19.997795,50.09715],[19.996769,50.097417],[19.996715,50.09733]]]}},{"type":"Feature","id":"w54521154","properties":{"type":"yes","levels":5.0,"address":"Osiedle Złotego Wieku 5","residential":true,"residents_est":80,"h3_10":"8a1e2e6a020ffff","h3_11":"8b1e2e6a020dfff"},"geometry":{"type":"Polygon","coordinates":[[[19.998565,50.097169],[19.999554,50.096856],[19.99962,50.096943],[19.999535,50.09697],[19.999543,50.09698],[19.999511,50.09699],[19.999503,50.09698],[19.999338,50.097032],[19.999346,50.097043],[19.999314,50.097052],[19.999306,50.097042],[19.999142,50.097094],[19.99915,50.097104],[19.999118,50.097114],[19.99911,50.097104],[19.998945,50.097156],[19.998953,50.097167],[19.998921,50.097177],[19.998913,50.097166],[19.99875,50.097218],[19.998758,50.097228],[19.998727,50.097238],[19.998718,50.097228],[19.998631,50.097255],[19.998565,50.097169]]]}},{"type":"Feature","id":"w54521155","properties":{"type":"yes","levels":5.0,"address":"Osiedle Złotego Wieku 6","residential":true,"residents_est":79,"h3_10":"8a1e2e6a020ffff","h3_11":"8b1e2e6a0208fff"},"geometry":{"type":"Polygon","coordinates":[[[19.998551,50.096778],[19.999538,50.096465],[19.999604,50.096551],[19.999519,50.096578],[19.999527,50.096588],[19.999494,50.096599],[19.999486,50.096588],[19.999322,50.09664],[19.99933,50.096651],[19.999299,50.09666],[19.999291,50.09665],[19.999128,50.096702],[19.999136,50.096712],[19.999103,50.096722],[19.999095,50.096712],[19.998929,50.096764],[19.998937,50.096775],[19.998906,50.096785],[19.998898,50.096774],[19.998735,50.096826],[19.998743,50.096836],[19.99871,50.096847],[19.998702,50.096836],[19.998617,50.096863],[19.998551,50.096778]]]}},{"type":"Feature","id":"w54521156","properties":{"type":"yes","levels":5.0,"address":"Osiedle Złotego Wieku 7","residential":true,"residents_est":79,"h3_10":"8a1e2e6a020ffff","h3_11":"8b1e2e6a020bfff"},"geometry":{"type":"Polygon","coordinates":[[[19.9986,50.096358],[19.999588,50.096045],[19.999653,50.096131],[19.999568,50.096158],[19.999576,50.096168],[19.999544,50.096178],[19.999535,50.096168],[19.999371,50.09622],[19.999379,50.09623],[19.999348,50.09624],[19.99934,50.09623],[19.999175,50.096282],[19.999183,50.096292],[19.999151,50.096302],[19.999143,50.096292],[19.998977,50.096344],[19.998985,50.096355],[19.998954,50.096364],[19.998946,50.096354],[19.998784,50.096405],[19.998792,50.096416],[19.998759,50.096426],[19.998752,50.096416],[19.998665,50.096443],[19.9986,50.096358]]]}},{"type":"Feature","id":"w54521157","properties":{"type":"yes","levels":5.0,"address":"Osiedle Złotego Wieku 8","residential":true,"residents_est":47,"h3_10":"8a1e2e6a02e7fff","h3_11":"8b1e2e6a02e4fff"},"geometry":{"type":"Polygon","coordinates":[[[19.99881,50.095891],[19.999406,50.095703],[19.999471,50.095788],[19.999389,50.095815],[19.999397,50.095825],[19.999361,50.095836],[19.999353,50.095826],[19.999192,50.095877],[19.9992,50.095887],[19.999166,50.095898],[19.999158,50.095887],[19.998997,50.095938],[19.999005,50.095948],[19.998972,50.095959],[19.998964,50.095948],[19.998876,50.095976],[19.99881,50.095891]]]}},{"type":"Feature","id":"w54521158","properties":{"type":"yes","levels":5.0,"address":"Osiedle Złotego Wieku 10","residential":true,"residents_est":109,"h3_10":"8a1e2e6a02effff","h3_11":"8b1e2e6a02ecfff"},"geometry":{"type":"Polygon","coordinates":[[[19.999969,50.095844],[20.001451,50.095542],[20.001496,50.095632],[20.000014,50.095935],[19.999969,50.095844]]]}},{"type":"Feature","id":"w54521165","properties":{"type":"residential","levels":5.0,"address":"Osiedle Złotego Wieku 39","residential":true,"residents_est":60,"h3_10":"8a1e2e6a0267fff","h3_11":"8b1e2e6a0263fff"},"geometry":{"type":"Polygon","coordinates":[[[20.002149,50.097951],[20.002156,50.097864],[20.00219,50.097866],[20.002196,50.097711],[20.002305,50.097715],[20.002306,50.097699],[20.00239,50.097702],[20.002384,50.097781],[20.002343,50.09778],[20.00233,50.097941],[20.002224,50.097937],[20.002222,50.097954],[20.002149,50.097951]]]}},{"type":"Feature","id":"w54521166","properties":{"type":"residential","levels":5.0,"address":"Osiedle Złotego Wieku 40","residential":true,"residents_est":60,"h3_10":"8a1e2e6a0267fff","h3_11":"8b1e2e6a0261fff"},"geometry":{"type":"Polygon","coordinates":[[[20.002695,50.098219],[20.002703,50.098132],[20.002736,50.098132],[20.002741,50.097979],[20.00285,50.097983],[20.002851,50.097967],[20.002936,50.09797],[20.002929,50.098049],[20.002888,50.098048],[20.002876,50.09821],[20.002771,50.098206],[20.00277,50.098222],[20.002695,50.098219]]]}},{"type":"Feature","id":"w54521172","properties":{"type":"residential","levels":5.0,"address":"Osiedle Złotego Wieku 29","residential":true,"residents_est":125,"h3_10":"8a1e2e6a024ffff","h3_11":"8b1e2e6a024dfff"},"geometry":{"type":"Polygon","coordinates":[[[20.003989,50.096905],[20.004104,50.096844],[20.00467,50.097284],[20.004555,50.097345],[20.003989,50.096905]]]}},{"type":"Feature","id":"w54521178","properties":{"type":"residential","levels":5.0,"address":"Osiedle Złotego Wieku 30","residential":true,"residents_est":152,"h3_10":"8a1e2e6a024ffff","h3_11":"8b1e2e6a0249fff"},"geometry":{"type":"Polygon","coordinates":[[[20.004353,50.096616],[20.004465,50.096557],[20.005169,50.097108],[20.005057,50.097167],[20.004353,50.096616]]]}},{"type":"Feature","id":"w54521180","properties":{"type":"residential","levels":5.0,"address":"Osiedle Złotego Wieku 17","residential":true,"residents_est":160,"h3_10":"8a1e2e6a025ffff","h3_11":"8b1e2e6a025afff"},"geometry":{"type":"Polygon","coordinates":[[[20.001982,50.09566],[20.002021,50.095564],[20.003085,50.095739],[20.003047,50.095835],[20.001982,50.09566]]]}},{"type":"Feature","id":"w54521181","properties":{"type":"residential","address":"Osiedle Złotego Wieku 16","residential":true,"residents_est":103,"h3_10":"8a1e2e6a025ffff","h3_11":"8b1e2e6a0258fff"},"geometry":{"type":"Polygon","coordinates":[[[20.002089,50.096055],[20.002128,50.095959],[20.002983,50.0961],[20.002944,50.096196],[20.002089,50.096055]]]}},{"type":"Feature","id":"w54521182","properties":{"type":"residential","levels":5.0,"address":"Osiedle Złotego Wieku 28","residential":true,"residents_est":93,"h3_10":"8a1e2e6a024ffff","h3_11":"8b1e2e6a024afff"},"geometry":{"type":"Polygon","coordinates":[[[20.0032,50.096341],[20.003284,50.096263],[20.003832,50.096503],[20.003748,50.096581],[20.0032,50.096341]]]}},{"type":"Feature","id":"w57837299","properties":{"type":"kindergarten","levels":1.0,"address":"Osiedle Złotego Wieku 13","name":"Samorządowe Przedszkole nr 131","residential":false,"residents_est":0,"h3_10":"8a1e2e6a0277fff","h3_11":"8b1e2e6a0271fff"},"geometry":{"type":"Polygon","coordinates":[[[20.000615,50.097284],[20.001032,50.097153],[20.001021,50.097139],[20.001077,50.097121],[20.00109,50.097138],[20.001075,50.097143],[20.001149,50.097241],[20.000849,50.097335],[20.000855,50.097343],[20.000811,50.097357],[20.000805,50.097349],[20.000691,50.097385],[20.000615,50.097284]]]}},{"type":"Feature","id":"w57837302","properties":{"type":"school","levels":3.0,"address":"Osiedle Złotego Wieku 4","name":"Szkoła Podstawowa nr 85","residential":false,"residents_est":0,"h3_10":"8a1e2e6a0277fff","h3_11":"8b1e2e6a0276fff"},"geometry":{"type":"Polygon","coordinates":[[[19.999524,50.097623],[19.999973,50.09748],[19.999952,50.097453],[19.99994,50.097457],[19.999924,50.097437],[19.999845,50.097462],[19.999711,50.097287],[19.999729,50.097281],[19.999692,50.097233],[19.999888,50.097171],[20.00004,50.097369],[19.999999,50.097382],[20.000055,50.097455],[20.000243,50.097395],[20.00032,50.097496],[19.999601,50.097724],[19.999524,50.097623]]]}},{"type":"Feature","id":"w60712233","properties":{"type":"yes","residential":true,"residents_est":0,"h3_10":"8a1e2e6a02effff","h3_11":"8b1e2e6a02eafff"},"geometry":{"type":"Polygon","coordinates":[[[20.000345,50.09496],[20.000506,50.094917],[20.000528,50.094952],[20.000367,50.094995],[20.000345,50.09496]]]}},{"type":"Feature","id":"w60712234","properties":{"type":"retail","levels":2.0,"residential":false,"residents_est":0,"h3_10":"8a1e2e6a02c7fff","h3_11":"8b1e2e6a02c4fff"},"geometry":{"type":"Polygon","coordinates":[[[19.999088,50.095054],[19.999131,50.095042],[19.999171,50.095043],[19.999196,50.095036],[19.999212,50.095019],[19.999263,50.095005],[19.999296,50.095008],[19.999321,50.095001],[19.999328,50.094987],[19.999447,50.094955],[19.999485,50.094972],[19.99952,50.094934],[19.999556,50.094956],[19.999574,50.094983],[19.999556,50.095005],[19.999138,50.095125],[19.999088,50.095054]]]}},{"type":"Feature","id":"w60712274","properties":{"type":"yes","address":"Osiedle Tysiąclecia 42a","residential":true,"residents_est":64,"h3_10":"8a1e2e6a02cffff","h3_11":"8b1e2e6a02cbfff"},"geometry":{"type":"Polygon","coordinates":[[[20.001573,50.093545],[20.001839,50.093516],[20.001884,50.093687],[20.001757,50.0937],[20.00177,50.093748],[20.001855,50.093739],[20.001885,50.093853],[20.001844,50.093858],[20.001873,50.093969],[20.001609,50.093997],[20.001579,50.093882],[20.001748,50.093864],[20.001745,50.093854],[20.001787,50.093849],[20.001777,50.093811],[20.001606,50.09383],[20.001576,50.093714],[20.001616,50.093709],[20.001573,50.093545]]]}},{"type":"Feature","id":"w173292451","properties":{"type":"yes","residential":true,"residents_est":89,"h3_10":"8a1e2e6a02effff","h3_11":"8b1e2e6a02ebfff"},"geometry":{"type":"Polygon","coordinates":[[[20.000949,50.094744],[20.001531,50.094679],[20.001516,50.094623],[20.002103,50.094558],[20.002132,50.094671],[20.001467,50.094748],[20.00148,50.094802],[20.001153,50.094837],[20.001181,50.094944],[20.001008,50.094963],[20.000949,50.094744]]]}},{"type":"Feature","id":"w173292456","properties":{"type":"yes","address":"Osiedle Złotego Wieku 19","residential":true,"residents_est":20,"h3_10":"8a1e2e6a02effff","h3_11":"8b1e2e6a02ebfff"},"geometry":{"type":"Polygon","coordinates":[[[20.001496,50.094854],[20.001833,50.094814],[20.001863,50.094927],[20.001613,50.094955],[20.001599,50.094899],[20.00151,50.094909],[20.001496,50.094854]]]}},{"type":"Feature","id":"w173302250","properties":{"type":"apartments","levels":12.0,"address":"Osiedle Złotego Wieku 53","residential":true,"residents_est":176,"h3_10":"8a1e2e6a0227fff","h3_11":"8b1e2e6a0221fff"},"geometry":{"type":"Polygon","coordinates":[[[19.997354,50.098275],[19.997865,50.098266],[19.997869,50.09836],[19.997798,50.098361],[19.997799,50.098383],[19.997724,50.098391],[19.997723,50.098354],[19.997513,50.098358],[19.997514,50.098387],[19.997469,50.098387],[19.997469,50.098396],[19.997434,50.098396],[19.997433,50.098366],[19.997358,50.098367],[19.997354,50.098275]]]}},{"type":"Feature","id":"w173302252","properties":{"type":"garages","residential":false,"residents_est":0,"h3_10":"8a1e2e6a021ffff","h3_11":"8b1e2e6a0218fff"},"geometry":{"type":"Polygon","coordinates":[[[19.997424,50.096035],[19.998272,50.09586],[19.998303,50.095923],[19.997455,50.096098],[19.997424,50.096035]]]}},{"type":"Feature","id":"w173302253","properties":{"type":"yes","residential":true,"residents_est":4,"h3_10":"8a1e2e6a02e7fff","h3_11":"8b1e2e6a02e6fff"},"geometry":{"type":"Polygon","coordinates":[[[19.998221,50.095633],[19.998348,50.095606],[19.998401,50.095712],[19.998276,50.095739],[19.998221,50.095633]]]}},{"type":"Feature","id":"w173302254","properties":{"type":"yes","residential":true,"residents_est":3,"h3_10":"8a1e2e6a021ffff","h3_11":"8b1e2e6a021efff"},"geometry":{"type":"Polygon","coordinates":[[[19.99707,50.095779],[19.997197,50.095752],[19.997236,50.095829],[19.99711,50.095855],[19.99707,50.095779]]]}},{"type":"Feature","id":"w173302255","properties":{"type":"yes","address":"Osiedle Złotego Wieku 67a","residential":true,"residents_est":30,"h3_10":"8a1e2e6a0227fff","h3_11":"8b1e2e6a0221fff"},"geometry":{"type":"Polygon","coordinates":[[[19.997109,50.098038],[19.997931,50.097818],[19.997965,50.097871],[19.997143,50.09809],[19.997109,50.098038]]]}},{"type":"Feature","id":"w173302256","properties":{"type":"yes","residential":true,"residents_est":7,"h3_10":"8a1e2e6a021ffff","h3_11":"8b1e2e6a0218fff"},"geometry":{"type":"Polygon","coordinates":[[[19.99711,50.095855],[19.997236,50.095829],[19.997314,50.095988],[19.997187,50.096013],[19.99711,50.095855]]]}},{"type":"Feature","id":"w173302257","properties":{"type":"garages","residential":false,"residents_est":0,"h3_10":"8a1e2e6a021ffff","h3_11":"8b1e2e6a021bfff"},"geometry":{"type":"Polygon","coordinates":[[[19.997236,50.095829],[19.998214,50.095627],[19.998274,50.095748],[19.997296,50.095949],[19.997236,50.095829]]]}},{"type":"Feature","id":"w173303520","properties":{"type":"apartments","levels":12.0,"address":"Osiedle Złotego Wieku 55","residential":true,"residents_est":183,"h3_10":"8a1e2e6a030ffff","h3_11":"8b1e2e6a030afff"},"geometry":{"type":"Polygon","coordinates":[[[19.995928,50.098927],[19.996433,50.098921],[19.996436,50.09902],[19.996364,50.099021],[19.996365,50.09904],[19.996293,50.099048],[19.996292,50.099015],[19.996079,50.099018],[19.996079,50.099043],[19.996004,50.099052],[19.996003,50.099025],[19.995931,50.099026],[19.995928,50.098927]]]}},{"type":"Feature","id":"w173303521","properties":{"type":"apartments","levels":12.0,"address":"Osiedle Złotego Wieku 58","residential":true,"residents_est":170,"h3_10":"8a1e2e6a030ffff","h3_11":"8b1e2e6a030cfff"},"geometry":{"type":"Polygon","coordinates":[[[19.995878,50.099443],[19.996385,50.099437],[19.996388,50.09953],[19.996315,50.099531],[19.996315,50.099542],[19.996234,50.099543],[19.996234,50.099528],[19.996026,50.09953],[19.996026,50.099545],[19.99595,50.099545],[19.99595,50.099536],[19.995881,50.099536],[19.995878,50.099443]]]}},{"type":"Feature","id":"w173306608","properties":{"type":"retail","address":"Osiedle Złotego Wieku 52","name":"Biedronka","residential":false,"residents_est":0,"h3_10":"8a1e2e6a0357fff","h3_11":"8b1e2e6a0353fff"},"geometry":{"type":"Polygon","coordinates":[[[19.998144,50.098346],[19.998579,50.098343],[19.998581,50.098461],[19.998146,50.098464],[19.998144,50.098346]]]}},{"type":"Feature","id":"w173354583","properties":{"type":"apartments","levels":12.0,"address":"Osiedle Złotego Wieku 60","residential":true,"residents_est":177,"h3_10":"8a1e2e6a032ffff","h3_11":"8b1e2e6a032bfff"},"geometry":{"type":"Polygon","coordinates":[[[19.996403,50.099957],[19.996913,50.099953],[19.996915,50.100049],[19.996841,50.10005],[19.996842,50.100058],[19.996763,50.100058],[19.996763,50.100048],[19.996555,50.10005],[19.996556,50.10006],[19.996405,50.100055],[19.996403,50.099957]]]}},{"type":"Feature","id":"w173378961","properties":{"type":"apartments","levels":12.0,"address":"Osiedle Złotego Wieku 61","residential":true,"residents_est":177,"h3_10":"8a1e2e6a030ffff","h3_11":"8b1e2e6a030dfff"},"geometry":{"type":"Polygon","coordinates":[[[19.996957,50.099588],[19.997466,50.099585],[19.997468,50.099682],[19.997318,50.099691],[19.997318,50.09968],[19.997111,50.099681],[19.997111,50.099692],[19.996959,50.099688],[19.996957,50.099588]]]}},{"type":"Feature","id":"w184336066","properties":{"type":"yes","address":"Księdza Józefa Kurzei 14","residential":true,"residents_est":25,"h3_10":"8a1e2e6a03b7fff","h3_11":"8b1e2e6a03b2fff"},"geometry":{"type":"Polygon","coordinates":[[[19.989659,50.096979],[19.98968,50.096962],[19.989791,50.096956],[19.989794,50.096983],[19.989828,50.096981],[19.989829,50.096994],[19.989921,50.096989],[19.989919,50.096976],[19.98997,50.096973],[19.989983,50.09707],[19.989921,50.097074],[19.989923,50.097092],[19.989929,50.097096],[19.989902,50.097117],[19.989891,50.09711],[19.989871,50.097111],[19.989877,50.097152],[19.989725,50.09716],[19.989721,50.097127],[19.989742,50.097126],[19.989734,50.097068],[19.989713,50.097069],[19.98971,50.097048],[19.989669,50.09705],[19.989659,50.096979]]]}},{"type":"Feature","id":"w184336086","properties":{"type":"school","levels":3.0,"address":"Osiedle Złotego Wieku 36","residential":false,"residents_est":0,"h3_10":"8a1e2e6a026ffff","h3_11":"8b1e2e6a0268fff"},"geometry":{"type":"Polygon","coordinates":[[[20.00327,50.097438],[20.003468,50.09737],[20.003955,50.097959],[20.003757,50.098027],[20.003695,50.097953],[20.00374,50.097937],[20.003457,50.097595],[20.003412,50.09761],[20.00327,50.097438]]]}},{"type":"Feature","id":"w184336093","properties":{"type":"yes","address":"Osiedle Złotego Wieku 74","residential":true,"residents_est":40,"h3_10":"8a1e2e6a02f7fff","h3_11":"8b1e2e6a02f5fff"},"geometry":{"type":"Polygon","coordinates":[[[19.997906,50.095402],[19.998334,50.095292],[19.998321,50.09527],[19.998369,50.095258],[19.99838,50.095275],[19.99846,50.095255],[19.998494,50.095308],[19.998417,50.095329],[19.998464,50.095405],[19.998301,50.095448],[19.998284,50.095422],[19.997969,50.095503],[19.997906,50.095402]]]}},{"type":"Feature","id":"w184336094","properties":{"type":"retail","address":"Osiedle Złotego Wieku 76a","residential":false,"residents_est":0,"h3_10":"8a1e2e6a02e7fff","h3_11":"8b1e2e6a02e2fff"},"geometry":{"type":"Polygon","coordinates":[[[19.998734,50.095321],[19.998892,50.095278],[19.998982,50.095412],[19.998824,50.095456],[19.998734,50.095321]]]}},{"type":"Feature","id":"w184336102","properties":{"type":"retail","levels":2.0,"address":"Osiedle Złotego Wieku 79","residential":false,"residents_est":0,"h3_10":"8a1e2e6a02e7fff","h3_11":"8b1e2e6a02e3fff"},"geometry":{"type":"Polygon","coordinates":[[[19.999371,50.095133],[19.9995,50.095099],[19.999555,50.095179],[19.999466,50.095203],[19.999406,50.095196],[19.999371,50.095133]]]}},{"type":"Feature","id":"w184336106","properties":{"type":"retail","levels":2.0,"residential":false,"residents_est":0,"h3_10":"8a1e2e6a02e7fff","h3_11":"8b1e2e6a02e2fff"},"geometry":{"type":"Polygon","coordinates":[[[19.999078,50.09521],[19.999195,50.09518],[19.999245,50.095259],[19.999129,50.095289],[19.999078,50.09521]]]}},{"type":"Feature","id":"w184336107","properties":{"type":"garages","levels":1.0,"address":"Osiedle Złotego Wieku 59","residential":false,"residents_est":0,"h3_10":"8a1e2e6a032ffff","h3_11":"8b1e2e6a032afff"},"geometry":{"type":"Polygon","coordinates":[[[19.99612,50.099918],[19.996184,50.099785],[19.99627,50.099802],[19.996206,50.099935],[19.99612,50.099918]]]}},{"type":"Feature","id":"w184336108","properties":{"type":"retail","levels":2.0,"residential":false,"residents_est":0,"h3_10":"8a1e2e6a02e7fff","h3_11":"8b1e2e6a02e2fff"},"geometry":{"type":"Polygon","coordinates":[[[19.998967,50.095239],[19.999078,50.09521],[19.999129,50.095289],[19.99902,50.095318],[19.998967,50.095239]]]}},{"type":"Feature","id":"w184336109","properties":{"type":"yes","residential":true,"residents_est":3,"h3_10":"8a1e2e6a031ffff","h3_11":"8b1e2e6a031afff"},"geometry":{"type":"Polygon","coordinates":[[[19.994619,50.098168],[19.994619,50.098145],[19.994648,50.098145],[19.994648,50.098135],[19.994621,50.098135],[19.994622,50.098093],[19.994727,50.098094],[19.994727,50.098132],[19.994719,50.098132],[19.994718,50.098187],[19.994726,50.098187],[19.994726,50.098219],[19.994622,50.098219],[19.994623,50.098181],[19.994647,50.098181],[19.994647,50.098169],[19.994619,50.098168]]]}},{"type":"Feature","id":"w184336110","properties":{"type":"retail","levels":2.0,"residential":false,"residents_est":0,"h3_10":"8a1e2e6a02e7fff","h3_11":"8b1e2e6a02e2fff"},"geometry":{"type":"Polygon","coordinates":[[[19.999195,50.09518],[19.999335,50.095143],[19.99938,50.095202],[19.999336,50.095235],[19.999305,50.095233],[19.999275,50.095241],[19.999245,50.095259],[19.999195,50.09518]]]}},{"type":"Feature","id":"w184336111","properties":{"type":"yes","residential":true,"residents_est":2,"h3_10":"8a1e2e6a02c7fff","h3_11":"8b1e2e6a02c5fff"},"geometry":{"type":"Polygon","coordinates":[[[20.000141,50.094891],[20.000265,50.094859],[20.000286,50.094894],[20.000164,50.094927],[20.000141,50.094891]]]}},{"type":"Feature","id":"w184336114","properties":{"type":"school","levels":1.0,"residential":false,"residents_est":0,"h3_10":"8a1e2e6a026ffff","h3_11":"8b1e2e6a026bfff"},"geometry":{"type":"Polygon","coordinates":[[[20.003658,50.09736],[20.003772,50.097321],[20.003891,50.097465],[20.003777,50.097503],[20.003658,50.09736]]]}},{"type":"Feature","id":"w184336119","properties":{"type":"school","levels":2.0,"residential":false,"residents_est":0,"h3_10":"8a1e2e6a026ffff","h3_11":"8b1e2e6a026bfff"},"geometry":{"type":"Polygon","coordinates":[[[20.003791,50.097499],[20.003953,50.097444],[20.004112,50.097636],[20.00395,50.097691],[20.003791,50.097499]]]}},{"type":"Feature","id":"w184336120","properties":{"type":"school","residential":false,"residents_est":0,"h3_10":"8a1e2e6a026ffff","h3_11":"8b1e2e6a026bfff"},"geometry":{"type":"Polygon","coordinates":[[[20.003606,50.097537],[20.003761,50.097485],[20.003777,50.097503],[20.003791,50.097499],[20.00381,50.097522],[20.003641,50.097579],[20.003606,50.097537]]]}},{"type":"Feature","id":"w184336121","properties":{"type":"retail","levels":2.0,"address":"Osiedle Złotego Wieku 80","residential":false,"residents_est":0,"h3_10":"8a1e2e6a02e7fff","h3_11":"8b1e2e6a02e3fff"},"geometry":{"type":"Polygon","coordinates":[[[19.999498,50.095096],[19.999542,50.095083],[19.999598,50.095031],[19.999649,50.095111],[19.999683,50.095129],[19.999667,50.095166],[19.999629,50.095176],[19.999637,50.095188],[19.999598,50.095199],[19.999569,50.095177],[19.999559,50.095183],[19.999555,50.095179],[19.999498,50.095096]]]}},{"type":"Feature","id":"r2455102","properties":{"type":"yes","address":"Osiedle Złotego Wieku 14","residential":true,"residents_est":96,"h3_10":"8a1e2e6a0247fff","h3_11":"8b1e2e6a0242fff"},"geometry":{"type":"Polygon","coordinates":[[[20.001259,50.096753],[20.001496,50.096685],[20.001475,50.096655],[20.001521,50.09664],[20.001545,50.096669],[20.001733,50.096607],[20.001758,50.096638],[20.001749,50.096642],[20.001798,50.096713],[20.001762,50.096724],[20.001833,50.096818],[20.001861,50.096813],[20.001798,50.096833],[20.001874,50.096933],[20.001418,50.097077],[20.001339,50.096974],[20.001376,50.096962],[20.001299,50.096866],[20.001337,50.096854],[20.001259,50.096753]],[[20.001495,50.096838],[20.001539,50.096899],[20.001665,50.096862],[20.00162,50.096801],[20.001495,50.096838]]]}},{"type":"Feature","id":"w233072944","properties":{"type":"supermarket","levels":1.0,"address":"Miśnieńska 87","name":"Biedronka","residential":false,"residents_est":0,"h3_10":"8a1e2e6a02c7fff","h3_11":"8b1e2e6a02c6fff"},"geometry":{"type":"Polygon","coordinates":[[[19.998634,50.094357],[19.998815,50.094315],[19.998719,50.094144],[19.999044,50.094068],[19.99921,50.094366],[19.999177,50.094412],[19.998726,50.09452],[19.998634,50.094357]]]}},{"type":"Feature","id":"w233266630","properties":{"type":"service","residential":false,"residents_est":0,"h3_10":"8a1e2e6a0297fff","h3_11":"8b1e2e6a0290fff"},"geometry":{"type":"Polygon","coordinates":[[[19.992875,50.093701],[19.992916,50.093655],[19.992985,50.093681],[19.992944,50.093727],[19.992875,50.093701]]]}},{"type":"Feature","id":"w233266632","properties":{"type":"yes","address":"Osiedle Tysiąclecia 86","residential":true,"residents_est":24,"h3_10":"8a1e2e6a028ffff","h3_11":"8b1e2e6a028afff"},"geometry":{"type":"Polygon","coordinates":[[[19.995704,50.093626],[19.995709,50.093546],[19.99619,50.093562],[19.996179,50.093654],[19.996056,50.093651],[19.996057,50.093638],[19.996002,50.093637],[19.996001,50.093648],[19.995996,50.093647],[19.995996,50.093636],[19.995926,50.093634],[19.995926,50.093644],[19.995918,50.093644],[19.995919,50.093634],[19.995852,50.093632],[19.995851,50.093642],[19.995843,50.093642],[19.995844,50.093631],[19.99578,50.093629],[19.995779,50.093639],[19.995771,50.093639],[19.995772,50.093627],[19.995704,50.093626]]]}},{"type":"Feature","id":"w233266634","properties":{"type":"yes","residential":true,"residents_est":2,"h3_10":"8a1e2e6a029ffff","h3_11":"8b1e2e6a029dfff"},"geometry":{"type":"Polygon","coordinates":[[[19.995503,50.09363],[19.995505,50.0936],[19.995529,50.093601],[19.995532,50.093551],[19.995598,50.093553],[19.995591,50.093654],[19.995524,50.09365],[19.995526,50.093631],[19.995503,50.09363]]]}},{"type":"Feature","id":"w235367291","properties":{"type":"bunker","residential":false,"residents_est":0,"h3_10":"8a1e2e6a0367fff","h3_11":"8b1e2e6a0363fff"},"geometry":{"type":"Polygon","coordinates":[[[19.999227,50.10018],[19.999343,50.10009],[19.999392,50.100115],[19.999348,50.100149],[19.999518,50.100239],[19.999591,50.100144],[19.999717,50.100179],[19.999633,50.100301],[19.999606,50.100322],[19.999437,50.100398],[19.999358,50.100325],[19.999488,50.100262],[19.999319,50.100172],[19.999276,50.100206],[19.999227,50.10018]]]}},{"type":"Feature","id":"w235367293","properties":{"type":"yes","residential":true,"residents_est":0,"h3_10":"8a1e2e6a0347fff","h3_11":"8b1e2e6a0344fff"},"geometry":{"type":"Polygon","coordinates":[[[19.999515,50.099919],[19.999557,50.099888],[19.999675,50.099956],[19.999632,50.099986],[19.999515,50.099919]]]}},{"type":"Feature","id":"w289962948","properties":{"type":"service","address":"Osiedle Złotego Wieku 27A","residential":false,"residents_est":0,"h3_10":"8a1e2e6a025ffff","h3_11":"8b1e2e6a0259fff"},"geometry":{"type":"Polygon","coordinates":[[[20.00327,50.096099],[20.003309,50.096061],[20.003367,50.096085],[20.003328,50.096123],[20.00327,50.096099]]]}},{"type":"Feature","id":"w292026281","properties":{"type":"yes","residential":false,"residents_est":0,"h3_10":"8a1e2e6a0247fff","h3_11":"8b1e2e6a0240fff"},"geometry":{"type":"Polygon","coordinates":[[[20.002093,50.097033],[20.002163,50.097021],[20.002175,50.097051],[20.002105,50.097062],[20.002093,50.097033]]]}},{"type":"Feature","id":"w292026282","properties":{"type":"yes","residential":false,"residents_est":0,"h3_10":"8a1e2e6a0247fff","h3_11":"8b1e2e6a0240fff"},"geometry":{"type":"Polygon","coordinates":[[[20.002176,50.096999],[20.002241,50.096987],[20.002259,50.097029],[20.002194,50.09704],[20.002176,50.096999]]]}},{"type":"Feature","id":"w292633982","properties":{"type":"service","address":"Osiedle Złotego Wieku 4A","residential":false,"residents_est":0,"h3_10":"8a1e2e6a0277fff","h3_11":"8b1e2e6a0270fff"},"geometry":{"type":"Polygon","coordinates":[[[20.000388,50.097586],[20.00045,50.097568],[20.000479,50.097607],[20.000417,50.097626],[20.000388,50.097586]]]}},{"type":"Feature","id":"w299909651","properties":{"type":"apartments","levels":5.0,"residential":true,"residents_est":139,"h3_10":"8a1e2e6a0297fff","h3_11":"8b1e2e6a0294fff"},"geometry":{"type":"Polygon","coordinates":[[[19.992563,50.094271],[19.992577,50.094216],[19.992572,50.094215],[19.992576,50.09419],[19.992615,50.094169],[19.99265,50.094172],[19.992652,50.094158],[19.992759,50.094165],[19.992757,50.094179],[19.992852,50.094186],[19.992854,50.094172],[19.99296,50.094178],[19.992958,50.094192],[19.993056,50.094199],[19.993058,50.094185],[19.993164,50.094192],[19.993162,50.094206],[19.993254,50.094212],[19.993257,50.094198],[19.993365,50.094206],[19.993363,50.094219],[19.993398,50.094221],[19.993431,50.094247],[19.993417,50.094288],[19.993424,50.094289],[19.993417,50.094327],[19.992563,50.094271]]]}},{"type":"Feature","id":"w310848950","properties":{"type":"apartments","levels":5.0,"address":"Osiedle Oświecenia 55","residential":true,"residents_est":256,"h3_10":"8a1e2e6a02b7fff","h3_11":"8b1e2e6a02b0fff"},"geometry":{"type":"Polygon","coordinates":[[[19.99251,50.094626],[19.992545,50.094401],[19.992672,50.094409],[19.992704,50.094435],[19.9927,50.094457],[19.992721,50.094459],[19.99271,50.094528],[19.992689,50.094527],[19.992679,50.094588],[19.992704,50.094607],[19.992806,50.094614],[19.992808,50.0946],[19.99287,50.094605],[19.992868,50.094618],[19.993002,50.094627],[19.993004,50.094613],[19.993112,50.09462],[19.99311,50.094634],[19.993245,50.094642],[19.993246,50.094629],[19.993309,50.094633],[19.993306,50.094647],[19.993409,50.094653],[19.993438,50.094638],[19.993448,50.094576],[19.993428,50.094575],[19.993438,50.094507],[19.993459,50.094508],[19.993463,50.094485],[19.993503,50.094465],[19.993628,50.094473],[19.993592,50.094698],[19.993563,50.094696],[19.99356,50.094714],[19.993552,50.094714],[19.99355,50.094724],[19.993518,50.094742],[19.993471,50.094743],[19.993468,50.094763],[19.992611,50.094706],[19.992614,50.094687],[19.99257,50.094679],[19.992543,50.094658],[19.992545,50.094647],[19.992536,50.094647],[19.992539,50.094628],[19.99251,50.094626]]]}},{"type":"Feature","id":"w310848952","properties":{"type":"retail","address":"Osiedle Oświecenia 55a","residential":false,"residents_est":0,"h3_10":"8a1e2e6a0287fff","h3_11":"8b1e2e6a0286fff"},"geometry":{"type":"Polygon","coordinates":[[[19.993716,50.094677],[19.993738,50.094486],[19.993764,50.094487],[19.993761,50.094514],[19.993825,50.094516],[19.993807,50.094681],[19.993716,50.094677]]]}},{"type":"Feature","id":"w310855075","properties":{"type":"apartments","address":"Osiedle Oświecenia 40","residential":true,"residents_est":17,"h3_10":"8a1e2e6a0287fff","h3_11":"8b1e2e6a0284fff"},"geometry":{"type":"Polygon","coordinates":[[[19.994339,50.094855],[19.99434,50.094793],[19.994488,50.094789],[19.994486,50.094857],[19.994468,50.094884],[19.994478,50.094887],[19.994474,50.094891],[19.994339,50.094855]]]}},{"type":"Feature","id":"w310955102","properties":{"type":"apartments","address":"Osiedle Oświecenia 53","residential":true,"residents_est":78,"h3_10":"8a1e2e6a0297fff","h3_11":"8b1e2e6a0294fff"},"geometry":{"type":"Polygon","coordinates":[[[19.99246,50.094015],[19.992478,50.093896],[19.992538,50.0939],[19.992542,50.093879],[19.992631,50.093884],[19.992628,50.093906],[19.992711,50.09391],[19.992708,50.093933],[19.992789,50.093938],[19.992786,50.093962],[19.992823,50.093964],[19.992825,50.093953],[19.992969,50.093962],[19.992956,50.094047],[19.99246,50.094015]]]}},{"type":"Feature","id":"w313989991","properties":{"type":"yes","levels":3.0,"residential":true,"residents_est":3,"h3_10":"8a1e2e6a02d7fff","h3_11":"8b1e2e6a02d0fff"},"geometry":{"type":"Polygon","coordinates":[[[19.998409,50.093784],[19.998473,50.09375],[19.998492,50.093835],[19.998517,50.093833],[19.99852,50.093852],[19.998441,50.093859],[19.998438,50.093849],[19.998421,50.09385],[19.998409,50.093784]]]}},{"type":"Feature","id":"w313989992","properties":{"type":"yes","levels":3.0,"residential":true,"residents_est":3,"h3_10":"8a1e2e6a02d7fff","h3_11":"8b1e2e6a02d1fff"},"geometry":{"type":"Polygon","coordinates":[[[19.998539,50.093716],[19.998602,50.093685],[19.998629,50.093802],[19.998561,50.093807],[19.998539,50.093716]]]}},{"type":"Feature","id":"w313989993","properties":{"type":"apartments","levels":3.0,"residential":true,"residents_est":9,"h3_10":"8a1e2e6a02f7fff","h3_11":"8b1e2e6a02f3fff"},"geometry":{"type":"Polygon","coordinates":[[[19.998247,50.094364],[19.998464,50.094315],[19.998487,50.094357],[19.998293,50.094402],[19.998266,50.094395],[19.998247,50.094364]]]}},{"type":"Feature","id":"w313989994","properties":{"type":"yes","residential":false,"residents_est":0,"h3_10":"8a1e2e6a02d7fff","h3_11":"8b1e2e6a02d0fff"},"geometry":{"type":"Polygon","coordinates":[[[19.998344,50.093831],[19.998416,50.093827],[19.998428,50.093871],[19.998353,50.093873],[19.998344,50.093831]]]}},{"type":"Feature","id":"w313989995","properties":{"type":"apartments","levels":3.0,"residential":true,"residents_est":9,"h3_10":"8a1e2e6a02f7fff","h3_11":"8b1e2e6a02f3fff"},"geometry":{"type":"Polygon","coordinates":[[[19.998225,50.094322],[19.998437,50.094271],[19.998464,50.094315],[19.998247,50.094364],[19.998225,50.094322]]]}},{"type":"Feature","id":"w313989996","properties":{"type":"yes","levels":3.0,"residential":true,"residents_est":9,"h3_10":"8a1e2e6a02d7fff","h3_11":"8b1e2e6a02d4fff"},"geometry":{"type":"Polygon","coordinates":[[[19.998014,50.09418],[19.998232,50.094126],[19.998283,50.09421],[19.998083,50.094259],[19.998076,50.094248],[19.998057,50.094252],[19.998014,50.09418]]]}},{"type":"Feature","id":"w313989997","properties":{"type":"yes","residential":false,"residents_est":0,"h3_10":"8a1e2e6a02d7fff","h3_11":"8b1e2e6a02d0fff"},"geometry":{"type":"Polygon","coordinates":[[[19.998143,50.093928],[19.998216,50.093924],[19.99823,50.093972],[19.99815,50.093975],[19.998143,50.093928]]]}},{"type":"Feature","id":"w313989998","properties":{"type":"apartments","levels":3.0,"residential":true,"residents_est":9,"h3_10":"8a1e2e6a02f7fff","h3_11":"8b1e2e6a02f3fff"},"geometry":{"type":"Polygon","coordinates":[[[19.998146,50.094292],[19.998363,50.094239],[19.998389,50.094282],[19.998171,50.094336],[19.998146,50.094292]]]}},{"type":"Feature","id":"w313989999","properties":{"type":"apartments","levels":3.0,"residential":true,"residents_est":13,"h3_10":"8a1e2e6a02f7fff","h3_11":"8b1e2e6a02f3fff"},"geometry":{"type":"Polygon","coordinates":[[[19.998343,50.094391],[19.998501,50.094354],[19.99856,50.094459],[19.998496,50.094473],[19.99844,50.094451],[19.998432,50.094435],[19.998411,50.094439],[19.99836,50.09442],[19.998343,50.094391]]]}},{"type":"Feature","id":"w340012575","properties":{"type":"yes","residential":true,"residents_est":4,"h3_10":"8a1e2e6a029ffff","h3_11":"8b1e2e6a029dfff"},"geometry":{"type":"Polygon","coordinates":[[[19.995591,50.093664],[19.995599,50.093542],[19.995709,50.093546],[19.9957,50.093668],[19.995693,50.093668],[19.995693,50.093659],[19.995591,50.093664]]]}},{"type":"Feature","id":"w340012578","properties":{"type":"yes","residential":true,"residents_est":2,"h3_10":"8a1e2e6a02d7fff","h3_11":"8b1e2e6a02d0fff"},"geometry":{"type":"Polygon","coordinates":[[[19.998209,50.093885],[19.998275,50.093852],[19.998286,50.093902],[19.9983,50.093902],[19.998311,50.093968],[19.99823,50.093972],[19.998209,50.093885]]]}},{"type":"Feature","id":"w340012580","properties":{"type":"apartments","residential":true,"residents_est":201,"h3_10":"8a1e2e6a0297fff","h3_11":"8b1e2e6a0293fff"},"geometry":{"type":"Polygon","coordinates":[[[19.992841,50.093266],[19.992935,50.093166],[19.99396,50.093558],[19.993916,50.093606],[19.993878,50.093594],[19.993839,50.093634],[19.99381,50.093623],[19.993801,50.093632],[19.992841,50.093266]]]}},{"type":"Feature","id":"w340012582","properties":{"type":"apartments","residential":true,"residents_est":98,"h3_10":"8a1e2e6a0287fff","h3_11":"8b1e2e6a0280fff"},"geometry":{"type":"Polygon","coordinates":[[[19.994344,50.094575],[19.994351,50.094217],[19.994519,50.094219],[19.994518,50.094244],[19.994543,50.094244],[19.994541,50.094374],[19.994516,50.094374],[19.994515,50.094422],[19.99454,50.094422],[19.994537,50.094552],[19.994512,50.094552],[19.994512,50.094577],[19.994344,50.094575]]]}},{"type":"Feature","id":"w340012587","properties":{"type":"service","levels":1.0,"residential":false,"residents_est":0,"h3_10":"8a1e2e6a029ffff","h3_11":"8b1e2e6a029bfff"},"geometry":{"type":"Polygon","coordinates":[[[19.995026,50.09311],[19.995027,50.093066],[19.995095,50.093067],[19.995093,50.093111],[19.995026,50.09311]]]}},{"type":"Feature","id":"w340012591","properties":{"type":"yes","residential":true,"residents_est":2,"h3_10":"8a1e2e6a02d7fff","h3_11":"8b1e2e6a02d0fff"},"geometry":{"type":"Polygon","coordinates":[[[19.998275,50.093852],[19.998342,50.093817],[19.998353,50.093874],[19.998374,50.093872],[19.998381,50.093906],[19.99831,50.093913],[19.998307,50.093901],[19.998286,50.093902],[19.998275,50.093852]]]}},{"type":"Feature","id":"w340012593","properties":{"type":"yes","residential":true,"residents_est":45,"h3_10":"8a1e2e6a029ffff","h3_11":"8b1e2e6a029bfff"},"geometry":{"type":"Polygon","coordinates":[[[19.995444,50.093166],[19.995502,50.092763],[19.995603,50.092768],[19.995596,50.092812],[19.995621,50.092813],[19.995564,50.093193],[19.995577,50.093217],[19.9956,50.093237],[19.995631,50.093252],[19.995685,50.09326],[19.995673,50.093336],[19.995504,50.093317],[19.99545,50.093275],[19.995451,50.093166],[19.995444,50.093166]]]}},{"type":"Feature","id":"w340012597","properties":{"type":"apartments","residential":true,"residents_est":67,"h3_10":"8a1e2e6a0287fff","h3_11":"8b1e2e6a0282fff"},"geometry":{"type":"Polygon","coordinates":[[[19.994325,50.093825],[19.994325,50.093792],[19.994345,50.093792],[19.994347,50.093733],[19.994461,50.093736],[19.994478,50.093745],[19.994488,50.093757],[19.994515,50.094033],[19.994354,50.094032],[19.994355,50.093976],[19.994338,50.093976],[19.994339,50.093944],[19.994357,50.093944],[19.994358,50.093879],[19.994346,50.09388],[19.994348,50.093824],[19.994325,50.093825]]]}},{"type":"Feature","id":"w340012614","properties":{"type":"apartments","residential":true,"residents_est":103,"h3_10":"8a1e2e6a0297fff","h3_11":"8b1e2e6a0291fff"},"geometry":{"type":"Polygon","coordinates":[[[19.993551,50.093946],[19.993888,50.093603],[19.994036,50.093654],[19.993703,50.094004],[19.993551,50.093946]]]}},{"type":"Feature","id":"w340012619","properties":{"type":"retail","levels":3.0,"residential":false,"residents_est":0,"h3_10":"8a1e2e6a02d7fff","h3_11":"8b1e2e6a02d1fff"},"geometry":{"type":"Polygon","coordinates":[[[19.998614,50.093734],[19.998707,50.093724],[19.998717,50.093781],[19.998626,50.093787],[19.998614,50.093734]]]}},{"type":"Feature","id":"w340012625","properties":{"type":"service","levels":1.0,"residential":false,"residents_est":0,"h3_10":"8a1e2e6a029ffff","h3_11":"8b1e2e6a029afff"},"geometry":{"type":"Polygon","coordinates":[[[19.994631,50.092956],[19.994671,50.092944],[19.994702,50.092987],[19.994662,50.092999],[19.994631,50.092956]]]}},{"type":"Feature","id":"w340012626","properties":{"type":"service","residential":false,"residents_est":0,"h3_10":"8a1e2e6a02d7fff","h3_11":"8b1e2e6a02d5fff"},"geometry":{"type":"Polygon","coordinates":[[[19.998843,50.093975],[19.998908,50.09396],[19.998933,50.094003],[19.998867,50.094018],[19.998843,50.093975]]]}},{"type":"Feature","id":"w340012636","properties":{"type":"yes","address":"Osiedle Tysiąclecia 64A","residential":true,"residents_est":1,"h3_10":"8a1e2e6a029ffff","h3_11":"8b1e2e6a0299fff"},"geometry":{"type":"Polygon","coordinates":[[[19.995696,50.093318],[19.995699,50.093262],[19.995832,50.093265],[19.995828,50.093322],[19.995696,50.093318]]]}},{"type":"Feature","id":"w340012648","properties":{"type":"yes","levels":3.0,"residential":true,"residents_est":5,"h3_10":"8a1e2e6a02f7fff","h3_11":"8b1e2e6a02f3fff"},"geometry":{"type":"Polygon","coordinates":[[[19.998121,50.09425],[19.998338,50.094197],[19.998363,50.094239],[19.998146,50.094292],[19.998121,50.09425]]]}},{"type":"Feature","id":"w340012650","properties":{"type":"retail","levels":3.0,"residential":false,"residents_est":0,"h3_10":"8a1e2e6a02d7fff","h3_11":"8b1e2e6a02d1fff"},"geometry":{"type":"Polygon","coordinates":[[[19.998602,50.093685],[19.998677,50.093648],[19.998695,50.093658],[19.998707,50.093724],[19.998614,50.093734],[19.998602,50.093685]]]}},{"type":"Feature","id":"w340012651","properties":{"type":"garages","residential":false,"residents_est":0,"h3_10":"8a1e2e6a02c7fff","h3_11":"8b1e2e6a02c3fff"},"geometry":{"type":"Polygon","coordinates":[[[19.999538,50.094089],[19.999544,50.094032],[19.999588,50.094034],[19.99959,50.094007],[19.999677,50.094011],[19.999674,50.094039],[19.999751,50.094042],[19.999753,50.094019],[19.999837,50.094023],[19.999839,50.094001],[19.999923,50.094004],[19.999925,50.093982],[20.000007,50.093986],[20.00001,50.093963],[20.000093,50.093967],[20.000096,50.093944],[20.000186,50.093948],[20.00018,50.094005],[20.000097,50.094002],[20.000095,50.094024],[20.000013,50.094021],[20.000011,50.094043],[19.999927,50.094039],[19.999925,50.094062],[19.999841,50.094058],[19.999838,50.09408],[19.999755,50.094077],[19.999752,50.094099],[19.999669,50.094096],[19.999663,50.094151],[19.999705,50.094152],[19.999699,50.094207],[19.999821,50.094212],[19.999822,50.094196],[19.999906,50.0942],[19.999909,50.094176],[19.999999,50.09418],[19.999993,50.094236],[19.999911,50.094233],[19.999908,50.094255],[19.999823,50.094251],[19.999822,50.094268],[19.999735,50.094264],[19.999732,50.094292],[19.999643,50.094288],[19.999649,50.094234],[19.999606,50.094232],[19.999615,50.094147],[19.999573,50.094146],[19.999579,50.094091],[19.999538,50.094089]]]}},{"type":"Feature","id":"w340012665","properties":{"type":"yes","levels":3.0,"residential":true,"residents_est":3,"h3_10":"8a1e2e6a02d7fff","h3_11":"8b1e2e6a02d0fff"},"geometry":{"type":"Polygon","coordinates":[[[19.998473,50.09375],[19.998539,50.093716],[19.998566,50.093829],[19.998492,50.093835],[19.998473,50.09375]]]}},{"type":"Feature","id":"w340012671","properties":{"type":"apartments","residential":true,"residents_est":23,"h3_10":"8a1e2e6a0287fff","h3_11":"8b1e2e6a0284fff"},"geometry":{"type":"Polygon","coordinates":[[[19.994156,50.094781],[19.994168,50.094781],[19.994166,50.094744],[19.994341,50.094747],[19.994339,50.094855],[19.994157,50.094808],[19.994156,50.094781]]]}},{"type":"Feature","id":"w340012672","properties":{"type":"yes","residential":false,"residents_est":0,"h3_10":"8a1e2e6a02d7fff","h3_11":"8b1e2e6a02d4fff"},"geometry":{"type":"Polygon","coordinates":[[[19.998035,50.094159],[19.99804,50.094146],[19.998132,50.094124],[19.998151,50.094129],[19.998159,50.094144],[19.998043,50.094172],[19.998035,50.094159]]]}},{"type":"Feature","id":"w340012675","properties":{"type":"apartments","residential":true,"residents_est":53,"h3_10":"8a1e2e6a0287fff","h3_11":"8b1e2e6a0284fff"},"geometry":{"type":"Polygon","coordinates":[[[19.99434,50.094793],[19.994344,50.094575],[19.994512,50.094577],[19.994508,50.094788],[19.99434,50.094793]]]}},{"type":"Feature","id":"w340012679","properties":{"type":"apartments","residential":true,"residents_est":51,"h3_10":"8a1e2e6a0287fff","h3_11":"8b1e2e6a0282fff"},"geometry":{"type":"Polygon","coordinates":[[[19.994351,50.094217],[19.994354,50.094032],[19.994523,50.094033],[19.994526,50.094064],[19.994547,50.094064],[19.994544,50.094193],[19.994519,50.094193],[19.994519,50.094219],[19.994351,50.094217]]]}},{"type":"Feature","id":"w340022991","properties":{"type":"yes","residential":true,"residents_est":2,"h3_10":"8a1e2e6a031ffff","h3_11":"8b1e2e6a031dfff"},"geometry":{"type":"Polygon","coordinates":[[[19.995246,50.098874],[19.995279,50.098822],[19.995258,50.098817],[19.995286,50.098773],[19.995354,50.098792],[19.995344,50.098807],[19.995424,50.098827],[19.995409,50.098852],[19.995318,50.098828],[19.995282,50.098883],[19.995246,50.098874]]]}},{"type":"Feature","id":"w340022992","properties":{"type":"yes","residential":true,"residents_est":5,"h3_10":"8a1e2e6a021ffff","h3_11":"8b1e2e6a021afff"},"geometry":{"type":"Polygon","coordinates":[[[19.997009,50.095566],[19.99718,50.09553],[19.997185,50.095539],[19.997201,50.095535],[19.997236,50.0956],[19.997051,50.095641],[19.997009,50.095566]]]}},{"type":"Feature","id":"w340022993","properties":{"type":"service","levels":1.0,"address":"Osiedle Złotego Wieku 62","residential":false,"residents_est":0,"h3_10":"8a1e2e6a0377fff","h3_11":"8b1e2e6a0372fff"},"geometry":{"type":"Polygon","coordinates":[[[19.997422,50.099369],[19.997682,50.099365],[19.997684,50.099431],[19.997424,50.099435],[19.997422,50.099369]]]}},{"type":"Feature","id":"w340022994","properties":{"type":"yes","residential":true,"residents_est":3,"h3_10":"8a1e2e6a032ffff","h3_11":"8b1e2e6a032efff"},"geometry":{"type":"Polygon","coordinates":[[[19.99529,50.100023],[19.995309,50.100012],[19.995505,50.100152],[19.995553,50.10017],[19.995805,50.100232],[19.995796,50.100246],[19.99556,50.100192],[19.995508,50.100172],[19.995455,50.100146],[19.99529,50.100023]]]}},{"type":"Feature","id":"w340022995","properties":{"type":"yes","residential":true,"residents_est":20,"h3_10":"8a1e2e6a021ffff","h3_11":"8b1e2e6a021afff"},"geometry":{"type":"Polygon","coordinates":[[[19.997201,50.095535],[19.997245,50.095526],[19.997256,50.095513],[19.997277,50.095519],[19.997289,50.095516],[19.997299,50.095503],[19.99732,50.095509],[19.997346,50.095504],[19.997364,50.0955],[19.99736,50.095491],[19.997469,50.095467],[19.997488,50.095501],[19.997477,50.095504],[19.997519,50.09558],[19.997539,50.095579],[19.997259,50.095643],[19.997201,50.095535]]]}},{"type":"Feature","id":"w340022996","properties":{"type":"yes","residential":true,"residents_est":23,"h3_10":"8a1e2e6a0307fff","h3_11":"8b1e2e6a0305fff"},"geometry":{"type":"Polygon","coordinates":[[[19.9951,50.099717],[19.995224,50.099693],[19.99523,50.099706],[19.995314,50.099689],[19.995307,50.099676],[19.99536,50.099666],[19.995406,50.099761],[19.995344,50.099773],[19.99535,50.099786],[19.995374,50.099793],[19.995351,50.09982],[19.99533,50.099813],[19.995307,50.099817],[19.995327,50.099856],[19.995178,50.099884],[19.995162,50.099851],[19.995182,50.099847],[19.995158,50.099792],[19.995137,50.099797],[19.9951,50.099717]]]}},{"type":"Feature","id":"w340022997","properties":{"type":"apartments","residential":true,"residents_est":54,"h3_10":"8a1e2e6a031ffff","h3_11":"8b1e2e6a031dfff"},"geometry":{"type":"Polygon","coordinates":[[[19.995363,50.0987],[19.995391,50.098673],[19.995408,50.098681],[19.995427,50.098661],[19.995414,50.098656],[19.995427,50.098627],[19.995448,50.098607],[19.995471,50.098599],[19.995484,50.098604],[19.995499,50.098591],[19.995481,50.098583],[19.995509,50.098556],[19.995576,50.098584],[19.995565,50.098595],[19.995681,50.098642],[19.995692,50.098631],[19.995735,50.098649],[19.995653,50.098731],[19.995599,50.09871],[19.99559,50.098719],[19.995541,50.098726],[19.995525,50.098719],[19.995491,50.098754],[19.995363,50.0987]]]}},{"type":"Feature","id":"w340022998","properties":{"type":"yes","residential":true,"residents_est":43,"h3_10":"8a1e2e6a032ffff","h3_11":"8b1e2e6a032afff"},"geometry":{"type":"Polygon","coordinates":[[[19.995304,50.100008],[19.995365,50.099975],[19.99537,50.099979],[19.995405,50.099959],[19.995399,50.099955],[19.99546,50.099921],[19.995522,50.099967],[19.995512,50.099972],[19.995614,50.100049],[19.995642,50.100061],[19.995791,50.100095],[19.995795,50.100087],[19.995882,50.100108],[19.995855,50.100156],[19.995847,50.100154],[19.995833,50.100183],[19.995839,50.100185],[19.995813,50.100233],[19.995805,50.100232],[19.995553,50.10017],[19.995505,50.100152],[19.995304,50.100008]]]}},{"type":"Feature","id":"w340022999","properties":{"type":"yes","residential":true,"residents_est":23,"h3_10":"8a1e2e6a0307fff","h3_11":"8b1e2e6a0301fff"},"geometry":{"type":"Polygon","coordinates":[[[19.995101,50.099554],[19.99511,50.099521],[19.995132,50.099523],[19.995133,50.099516],[19.995106,50.099505],[19.995111,50.099479],[19.99514,50.099472],[19.995142,50.099465],[19.99512,50.099463],[19.995135,50.099382],[19.995261,50.099391],[19.995259,50.099404],[19.995348,50.09941],[19.995351,50.099397],[19.995402,50.099401],[19.995386,50.099498],[19.995343,50.099495],[19.995337,50.09953],[19.995263,50.099524],[19.995256,50.099565],[19.995101,50.099554]]]}},{"type":"Feature","id":"w340023000","properties":{"type":"yes","residential":true,"residents_est":24,"h3_10":"8a1e2e6a031ffff","h3_11":"8b1e2e6a031dfff"},"geometry":{"type":"Polygon","coordinates":[[[19.995218,50.098988],[19.995238,50.098958],[19.995257,50.098963],[19.99526,50.098958],[19.995241,50.098945],[19.995241,50.098927],[19.995261,50.098915],[19.995288,50.098915],[19.995292,50.098909],[19.995269,50.098905],[19.995318,50.098828],[19.99544,50.098861],[19.995432,50.098873],[19.995516,50.098897],[19.995524,50.098884],[19.995572,50.098897],[19.995511,50.098987],[19.995472,50.098976],[19.995458,50.098998],[19.995413,50.099012],[19.995395,50.099006],[19.995403,50.098995],[19.995383,50.09899],[19.995358,50.099027],[19.995218,50.098988]]]}},{"type":"Feature","id":"w340023001","properties":{"type":"yes","residential":true,"residents_est":3,"h3_10":"8a1e2e6a021ffff","h3_11":"8b1e2e6a021afff"},"geometry":{"type":"Polygon","coordinates":[[[19.997282,50.095685],[19.997493,50.095638],[19.997516,50.09568],[19.997305,50.095727],[19.997282,50.095685]]]}},{"type":"Feature","id":"w340023002","properties":{"type":"retail","levels":1.0,"address":"Osiedle Złotego Wieku 96","residential":false,"residents_est":0,"h3_10":"8a1e2e6a0217fff","h3_11":"8b1e2e6a0211fff"},"geometry":{"type":"Polygon","coordinates":[[[19.996359,50.096228],[19.996717,50.096171],[19.996744,50.096243],[19.996386,50.0963],[19.996359,50.096228]]]}},{"type":"Feature","id":"w340023005","properties":{"type":"garages","levels":1.0,"address":"Osiedle Złotego Wieku 57","residential":false,"residents_est":0,"h3_10":"8a1e2e6a030ffff","h3_11":"8b1e2e6a030efff"},"geometry":{"type":"Polygon","coordinates":[[[19.995779,50.09936],[19.995811,50.099198],[19.995902,50.099205],[19.995869,50.099367],[19.995779,50.09936]]]}},{"type":"Feature","id":"w340023006","properties":{"type":"service","levels":1.0,"residential":false,"residents_est":0,"h3_10":"8a1e2e6a0227fff","h3_11":"8b1e2e6a0226fff"},"geometry":{"type":"Polygon","coordinates":[[[19.996001,50.098221],[19.996068,50.09821],[19.996087,50.098254],[19.996019,50.098266],[19.996001,50.098221]]]}},{"type":"Feature","id":"w340023007","properties":{"type":"yes","residential":true,"residents_est":23,"h3_10":"8a1e2e6a0307fff","h3_11":"8b1e2e6a0303fff"},"geometry":{"type":"Polygon","coordinates":[[[19.995147,50.099266],[19.995159,50.099233],[19.99518,50.099236],[19.9952,50.099178],[19.99518,50.099175],[19.995209,50.099097],[19.995333,50.099115],[19.995328,50.099128],[19.995417,50.099142],[19.995422,50.099129],[19.995472,50.099136],[19.995436,50.099231],[19.995376,50.099222],[19.995371,50.099235],[19.995385,50.099246],[19.995435,50.099253],[19.995433,50.099257],[19.995383,50.09925],[19.995367,50.099257],[19.99538,50.099266],[19.995352,50.099274],[19.995337,50.099269],[19.995331,50.099252],[19.995309,50.099248],[19.995295,50.099288],[19.995147,50.099266]]]}},{"type":"Feature","id":"w340023008","properties":{"type":"yes","residential":true,"residents_est":3,"h3_10":"8a1e2e6a021ffff","h3_11":"8b1e2e6a021afff"},"geometry":{"type":"Polygon","coordinates":[[[19.997048,50.095689],[19.997259,50.095643],[19.997282,50.095685],[19.99707,50.095732],[19.997048,50.095689]]]}},{"type":"Feature","id":"w340023010","properties":{"type":"yes","residential":true,"residents_est":3,"h3_10":"8a1e2e6a021ffff","h3_11":"8b1e2e6a021afff"},"geometry":{"type":"Polygon","coordinates":[[[19.997025,50.095647],[19.997236,50.0956],[19.997259,50.095643],[19.997048,50.095689],[19.997025,50.095647]]]}},{"type":"Feature","id":"w340023011","properties":{"type":"yes","address":"Osiedle Złotego Wieku 51a","residential":true,"residents_est":7,"h3_10":"8a1e2e6a035ffff","h3_11":"8b1e2e6a0358fff"},"geometry":{"type":"Polygon","coordinates":[[[20.000089,50.0985],[20.000098,50.098387],[20.000176,50.09839],[20.000175,50.098397],[20.000322,50.098401],[20.000312,50.098505],[20.000089,50.0985]]]}},{"type":"Feature","id":"w340023012","properties":{"type":"yes","residential":true,"residents_est":3,"h3_10":"8a1e2e6a021ffff","h3_11":"8b1e2e6a021afff"},"geometry":{"type":"Polygon","coordinates":[[[19.99707,50.095732],[19.997282,50.095685],[19.997305,50.095727],[19.997093,50.095774],[19.99707,50.095732]]]}},{"type":"Feature","id":"w340023013","properties":{"type":"yes","residential":true,"residents_est":4,"h3_10":"8a1e2e6a021ffff","h3_11":"8b1e2e6a021afff"},"geometry":{"type":"Polygon","coordinates":[[[19.997259,50.095643],[19.997523,50.095583],[19.997546,50.095626],[19.997282,50.095685],[19.997259,50.095643]]]}},{"type":"Feature","id":"w340023014","properties":{"type":"yes","residential":true,"residents_est":6,"h3_10":"8a1e2e6a02e7fff","h3_11":"8b1e2e6a02e6fff"},"geometry":{"type":"Polygon","coordinates":[[[19.998504,50.095466],[19.998692,50.095403],[19.998685,50.09541],[19.99875,50.095489],[19.998564,50.095551],[19.998567,50.095555],[19.998561,50.095557],[19.998504,50.095466]]]}},{"type":"Feature","id":"w340023015","properties":{"type":"yes","residential":true,"residents_est":2,"h3_10":"8a1e2e6a0307fff","h3_11":"8b1e2e6a0305fff"},"geometry":{"type":"Polygon","coordinates":[[[19.995055,50.099715],[19.995071,50.099694],[19.995179,50.099673],[19.995191,50.099699],[19.9951,50.099717],[19.995127,50.099775],[19.995088,50.099783],[19.995055,50.099715]]]}},{"type":"Feature","id":"w408547263","properties":{"type":"yes","address":"Księdza Józefa Kurzei 21","residential":true,"residents_est":5,"h3_10":"8a1e2e6a03b7fff","h3_11":"8b1e2e6a03b0fff"},"geometry":{"type":"Polygon","coordinates":[[[19.990524,50.097468],[19.99058,50.097464],[19.990582,50.097473],[19.990602,50.097472],[19.990599,50.097453],[19.990696,50.097448],[19.990711,50.097548],[19.990624,50.097553],[19.990622,50.09754],[19.990599,50.097541],[19.990601,50.097555],[19.990537,50.097558],[19.990524,50.097468]]]}},{"type":"Feature","id":"w408547266","properties":{"type":"yes","address":"Księdza Józefa Kurzei 19","residential":true,"residents_est":4,"h3_10":"8a1e2e6a03b7fff","h3_11":"8b1e2e6a03b0fff"},"geometry":{"type":"Polygon","coordinates":[[[19.990368,50.097467],[19.990446,50.097462],[19.990449,50.097481],[19.990467,50.09748],[19.990466,50.097471],[19.990524,50.097468],[19.990537,50.097558],[19.99048,50.097562],[19.990478,50.097551],[19.99046,50.097552],[19.990461,50.097563],[19.990383,50.097568],[19.990368,50.097467]]]}},{"type":"Feature","id":"w408547274","properties":{"type":"yes","address":"Księdza Józefa Kurzei 17","residential":true,"residents_est":23,"h3_10":"8a1e2e6a03b7fff","h3_11":"8b1e2e6a03b4fff"},"geometry":{"type":"Polygon","coordinates":[[[19.989897,50.09759],[19.989922,50.097589],[19.98991,50.097511],[19.990005,50.097505],[19.990009,50.097529],[19.990251,50.097515],[19.990267,50.097618],[19.989905,50.09764],[19.989897,50.09759]]]}},{"type":"Feature","id":"w423079742","properties":{"type":"yes","address":"Zjazdu Gnieźnieńskiego 10","residential":true,"residents_est":20,"h3_10":"8a1e2e6a03a7fff","h3_11":"8b1e2e6a03a5fff"},"geometry":{"type":"Polygon","coordinates":[[[19.992301,50.098618],[19.992323,50.098529],[19.992366,50.098534],[19.992369,50.098518],[19.992534,50.098535],[19.992531,50.098551],[19.992574,50.098555],[19.992552,50.098644],[19.992541,50.098643],[19.992534,50.098678],[19.992307,50.098655],[19.992313,50.09862],[19.992301,50.098618]]]}},{"type":"Feature","id":"w423079743","properties":{"type":"yes","address":"Teodora Parnickiego 11","residential":true,"residents_est":20,"h3_10":"8a1e2e6a0317fff","h3_11":"8b1e2e6a0311fff"},"geometry":{"type":"Polygon","coordinates":[[[19.99389,50.09905],[19.993918,50.098961],[19.993963,50.098967],[19.993967,50.09895],[19.994125,50.098969],[19.99412,50.098986],[19.994166,50.098992],[19.994139,50.099081],[19.994128,50.09908],[19.994118,50.099113],[19.993891,50.099085],[19.993901,50.099051],[19.99389,50.09905]]]}},{"type":"Feature","id":"w423079744","properties":{"type":"yes","address":"Teodora Parnickiego 13","residential":true,"residents_est":20,"h3_10":"8a1e2e6a0317fff","h3_11":"8b1e2e6a0315fff"},"geometry":{"type":"Polygon","coordinates":[[[19.993819,50.099291],[19.993845,50.099202],[19.993891,50.099208],[19.993895,50.099192],[19.994052,50.099212],[19.994048,50.099228],[19.994093,50.099234],[19.994066,50.099324],[19.994056,50.099323],[19.994046,50.099355],[19.99382,50.099327],[19.99383,50.099292],[19.993819,50.099291]]]}},{"type":"Feature","id":"w423079745","properties":{"type":"house","address":"Orła Białego 2","residential":true,"residents_est":20,"h3_10":"8a1e2e6a03affff","h3_11":"8b1e2e6a03a9fff"},"geometry":{"type":"Polygon","coordinates":[[[19.994098,50.097708],[19.994292,50.097614],[19.994376,50.097643],[19.994354,50.097669],[19.994391,50.097682],[19.994367,50.097709],[19.994389,50.097716],[19.99434,50.097776],[19.994282,50.097757],[19.994274,50.097768],[19.994282,50.09777],[19.994241,50.097821],[19.994202,50.097807],[19.994204,50.097798],[19.994098,50.097708]]]}},{"type":"Feature","id":"w423079746","properties":{"type":"yes","address":"Zjazdu Gnieźnieńskiego 2","residential":true,"residents_est":26,"h3_10":"8a1e2e6a0317fff","h3_11":"8b1e2e6a0311fff"},"geometry":{"type":"Polygon","coordinates":[[[19.994004,50.098793],[19.99403,50.098685],[19.994335,50.098714],[19.994294,50.098895],[19.994122,50.098878],[19.994131,50.09884],[19.994194,50.098846],[19.994202,50.098811],[19.994004,50.098793]]]}},{"type":"Feature","id":"w423079747","properties":{"type":"house","address":"Orła Białego 21","residential":true,"residents_est":11,"h3_10":"8a1e2e6a03affff","h3_11":"8b1e2e6a03aefff"},"geometry":{"type":"Polygon","coordinates":[[[19.993135,50.097781],[19.993194,50.09775],[19.993205,50.097759],[19.993258,50.097732],[19.993312,50.097775],[19.99335,50.097755],[19.993409,50.097801],[19.993368,50.097825],[19.99335,50.097811],[19.993245,50.097867],[19.993135,50.097781]]]}},{"type":"Feature","id":"w423079748","properties":{"type":"house","address":"Orła Białego 23","residential":true,"residents_est":11,"h3_10":"8a1e2e6a03affff","h3_11":"8b1e2e6a03aefff"},"geometry":{"type":"Polygon","coordinates":[[[19.993036,50.097849],[19.993086,50.097822],[19.993075,50.097813],[19.993083,50.097809],[19.993064,50.097795],[19.993106,50.097773],[19.993124,50.097787],[19.993135,50.097781],[19.993245,50.097867],[19.993138,50.097923],[19.993156,50.097937],[19.99311,50.097957],[19.993052,50.097912],[19.99309,50.097892],[19.993036,50.097849]]]}},{"type":"Feature","id":"w423079749","properties":{"type":"yes","address":"Orła Białego 27","residential":true,"residents_est":4,"h3_10":"8a1e2e6a03a7fff","h3_11":"8b1e2e6a03a1fff"},"geometry":{"type":"Polygon","coordinates":[[[19.992815,50.098051],[19.992861,50.098053],[19.992868,50.098027],[19.992819,50.098006],[19.992874,50.097955],[19.992964,50.097998],[19.993023,50.098004],[19.993014,50.098041],[19.993031,50.098042],[19.993023,50.098073],[19.992815,50.098051]]]}},{"type":"Feature","id":"w423079750","properties":{"type":"yes","address":"Zjazdu Gnieźnieńskiego 3","residential":true,"residents_est":21,"h3_10":"8a1e2e6a0317fff","h3_11":"8b1e2e6a0313fff"},"geometry":{"type":"Polygon","coordinates":[[[19.993653,50.098438],[19.993667,50.098383],[19.99366,50.098383],[19.993668,50.098351],[19.993675,50.098351],[19.993689,50.098296],[19.993765,50.098304],[19.993762,50.098313],[19.993862,50.098323],[19.993864,50.098314],[19.99394,50.098322],[19.993925,50.09841],[19.993919,50.098409],[19.993905,50.098464],[19.993653,50.098438]]]}},{"type":"Feature","id":"w423079751","properties":{"type":"yes","address":"Orła Białego 4","residential":true,"residents_est":9,"h3_10":"8a1e2e6a03affff","h3_11":"8b1e2e6a03a9fff"},"geometry":{"type":"Polygon","coordinates":[[[19.993913,50.097798],[19.993975,50.097768],[19.993965,50.09776],[19.993977,50.097744],[19.994007,50.097752],[19.994026,50.097728],[19.994036,50.097738],[19.994098,50.097708],[19.994204,50.097798],[19.994152,50.097868],[19.994092,50.097849],[19.994084,50.09786],[19.994092,50.097863],[19.99406,50.097915],[19.994021,50.097901],[19.994023,50.097892],[19.993913,50.097798]]]}},{"type":"Feature","id":"w423079752","properties":{"type":"yes","address":"Zjazdu Gnieźnieńskiego 4","residential":true,"residents_est":21,"h3_10":"8a1e2e6a0317fff","h3_11":"8b1e2e6a0313fff"},"geometry":{"type":"Polygon","coordinates":[[[19.993573,50.098748],[19.993595,50.098656],[19.993639,50.098661],[19.993642,50.098645],[19.993809,50.098662],[19.993806,50.098678],[19.99385,50.098682],[19.993827,50.098774],[19.993816,50.098773],[19.993809,50.098807],[19.993576,50.098783],[19.993584,50.098749],[19.993573,50.098748]]]}},{"type":"Feature","id":"w423079753","properties":{"type":"yes","address":"Teodora Parnickiego 5","residential":true,"residents_est":21,"h3_10":"8a1e2e6a03affff","h3_11":"8b1e2e6a03adfff"},"geometry":{"type":"Polygon","coordinates":[[[19.994161,50.098172],[19.994162,50.098122],[19.994176,50.098122],[19.994177,50.098057],[19.994163,50.098057],[19.994163,50.098008],[19.99425,50.098004],[19.994388,50.09801],[19.994384,50.098174],[19.994248,50.098177],[19.994248,50.098172],[19.994161,50.098172]]]}},{"type":"Feature","id":"w423079754","properties":{"type":"yes","address":"Orła Białego 6","residential":true,"residents_est":19,"h3_10":"8a1e2e6a03affff","h3_11":"8b1e2e6a03a8fff"},"geometry":{"type":"Polygon","coordinates":[[[19.993712,50.097894],[19.993817,50.097842],[19.99383,50.097819],[19.993844,50.097828],[19.993913,50.097798],[19.994023,50.097892],[19.994021,50.097901],[19.994008,50.097898],[19.993954,50.09796],[19.993903,50.097941],[19.993893,50.097952],[19.993899,50.097954],[19.993858,50.098005],[19.993798,50.097985],[19.993805,50.097973],[19.993712,50.097894]]]}},{"type":"Feature","id":"w423079755","properties":{"type":"yes","address":"Zjazdu Gnieźnieńskiego 6","residential":true,"residents_est":20,"h3_10":"8a1e2e6a0317fff","h3_11":"8b1e2e6a0310fff"},"geometry":{"type":"Polygon","coordinates":[[[19.993189,50.098713],[19.993212,50.098618],[19.993256,50.098623],[19.99326,50.098608],[19.993426,50.098624],[19.993423,50.098639],[19.993466,50.098643],[19.993444,50.098737],[19.993433,50.098736],[19.993425,50.098769],[19.993194,50.098747],[19.993202,50.098714],[19.993189,50.098713]]]}},{"type":"Feature","id":"w423079756","properties":{"type":"yes","address":"Teodora Parnickiego 7","residential":true,"residents_est":30,"h3_10":"8a1e2e6a031ffff","h3_11":"8b1e2e6a031efff"},"geometry":{"type":"Polygon","coordinates":[[[19.99404,50.098476],[19.994068,50.098374],[19.994222,50.098391],[19.994241,50.09838],[19.994242,50.09828],[19.994404,50.09828],[19.994403,50.09841],[19.994376,50.09841],[19.994376,50.098439],[19.994347,50.098454],[19.994367,50.09847],[19.994336,50.098487],[19.994315,50.098472],[19.994286,50.098488],[19.994277,50.098517],[19.994227,50.098512],[19.994231,50.098498],[19.99404,50.098476]]]}},{"type":"Feature","id":"w423079757","properties":{"type":"yes","address":"Zjazdu Gnieźnieńskiego 8","residential":true,"residents_est":20,"h3_10":"8a1e2e6a0317fff","h3_11":"8b1e2e6a0312fff"},"geometry":{"type":"Polygon","coordinates":[[[19.992745,50.098664],[19.992766,50.098575],[19.99281,50.09858],[19.992814,50.098564],[19.992979,50.09858],[19.992975,50.098596],[19.993018,50.0986],[19.992997,50.098689],[19.992985,50.098688],[19.992979,50.098723],[19.992751,50.0987],[19.99276,50.098665],[19.992745,50.098664]]]}},{"type":"Feature","id":"w423079758","properties":{"type":"yes","residential":true,"residents_est":4,"h3_10":"8a1e2e6a0317fff","h3_11":"8b1e2e6a0312fff"},"geometry":{"type":"Polygon","coordinates":[[[19.992754,50.098275],[19.992987,50.098299],[19.992965,50.0983],[19.992954,50.098343],[19.992974,50.098345],[19.992966,50.098377],[19.992792,50.098359],[19.992799,50.098331],[19.992758,50.098325],[19.99277,50.098277],[19.992754,50.098275]]]}},{"type":"Feature","id":"w423079759","properties":{"type":"yes","residential":true,"residents_est":21,"h3_10":"8a1e2e6a03affff","h3_11":"8b1e2e6a03acfff"},"geometry":{"type":"Polygon","coordinates":[[[19.993406,50.098043],[19.993659,50.097922],[19.993748,50.097997],[19.993727,50.098022],[19.993747,50.098028],[19.993703,50.098083],[19.993675,50.098074],[19.99364,50.09812],[19.993545,50.098087],[19.993536,50.098099],[19.993433,50.098063],[19.993406,50.098043]]]}},{"type":"Feature","id":"w423079760","properties":{"type":"yes","residential":true,"residents_est":22,"h3_10":"8a1e2e6a0317fff","h3_11":"8b1e2e6a0313fff"},"geometry":{"type":"Polygon","coordinates":[[[19.99327,50.098399],[19.993284,50.098344],[19.993277,50.098343],[19.993304,50.098256],[19.993385,50.098264],[19.993383,50.098272],[19.99348,50.098281],[19.993482,50.098273],[19.993561,50.098281],[19.993547,50.098338],[19.993554,50.098339],[19.993546,50.098372],[19.993539,50.098371],[19.993526,50.098425],[19.99327,50.098399]]]}},{"type":"Feature","id":"w423079761","properties":{"type":"yes","residential":true,"residents_est":4,"h3_10":"8a1e2e6a03a7fff","h3_11":"8b1e2e6a03a1fff"},"geometry":{"type":"Polygon","coordinates":[[[19.992809,50.098126],[19.992851,50.098129],[19.992857,50.098104],[19.992815,50.0981],[19.992849,50.098102],[19.992856,50.098072],[19.992811,50.098065],[19.992857,50.09807],[19.99286,50.098058],[19.992815,50.098051],[19.993023,50.098073],[19.993012,50.098117],[19.993032,50.098119],[19.993025,50.098148],[19.992809,50.098126]]]}},{"type":"Feature","id":"w423079762","properties":{"type":"yes","residential":true,"residents_est":4,"h3_10":"8a1e2e6a03a7fff","h3_11":"8b1e2e6a03a1fff"},"geometry":{"type":"Polygon","coordinates":[[[19.992754,50.098275],[19.99281,50.098279],[19.992816,50.098255],[19.992777,50.098248],[19.992811,50.098251],[19.992815,50.098238],[19.992781,50.098233],[19.992815,50.098237],[19.992823,50.098206],[19.99279,50.098201],[19.993006,50.098224],[19.992984,50.098224],[19.992973,50.098269],[19.992994,50.098271],[19.992987,50.098299],[19.992754,50.098275]]]}},{"type":"Feature","id":"w423079763","properties":{"type":"yes","residential":true,"residents_est":4,"h3_10":"8a1e2e6a03a7fff","h3_11":"8b1e2e6a03a1fff"},"geometry":{"type":"Polygon","coordinates":[[[19.99279,50.098201],[19.992832,50.098202],[19.992838,50.098181],[19.992797,50.098172],[19.992831,50.098174],[19.992834,50.098163],[19.9928,50.098159],[19.992834,50.098161],[19.992842,50.098131],[19.992809,50.098126],[19.993025,50.098148],[19.993004,50.098149],[19.992992,50.098192],[19.993013,50.098194],[19.993006,50.098224],[19.99279,50.098201]]]}},{"type":"Feature","id":"w423079764","properties":{"type":"yes","residential":false,"residents_est":0,"h3_10":"8a1e2e6a03affff","h3_11":"8b1e2e6a03acfff"},"geometry":{"type":"Polygon","coordinates":[[[19.993435,50.098129],[19.993474,50.098078],[19.993516,50.098092],[19.993477,50.098143],[19.993435,50.098129]]]}},{"type":"Feature","id":"w423079765","properties":{"type":"yes","residential":false,"residents_est":0,"h3_10":"8a1e2e6a03affff","h3_11":"8b1e2e6a03acfff"},"geometry":{"type":"Polygon","coordinates":[[[19.99353,50.098148],[19.993569,50.098095],[19.993613,50.098111],[19.99357,50.098161],[19.99353,50.098148]]]}},{"type":"Feature","id":"w423079766","properties":{"type":"service","levels":1.0,"residential":false,"residents_est":0,"h3_10":"8a1e2e6a031ffff","h3_11":"8b1e2e6a031cfff"},"geometry":{"type":"Polygon","coordinates":[[[19.994522,50.09887],[19.994534,50.098828],[19.994597,50.098835],[19.994585,50.098878],[19.994522,50.09887]]]}},{"type":"Feature","id":"w423079767","properties":{"type":"yes","residential":false,"residents_est":0,"h3_10":"8a1e2e6a03affff","h3_11":"8b1e2e6a03acfff"},"geometry":{"type":"Polygon","coordinates":[[[19.993389,50.098117],[19.993433,50.098063],[19.993474,50.098078],[19.993435,50.098129],[19.993389,50.098117]]]}},{"type":"Feature","id":"w423079768","properties":{"type":"yes","residential":false,"residents_est":0,"h3_10":"8a1e2e6a03affff","h3_11":"8b1e2e6a03acfff"},"geometry":{"type":"Polygon","coordinates":[[[19.993477,50.098143],[19.993516,50.098092],[19.993536,50.098099],[19.993545,50.098087],[19.993569,50.098095],[19.993521,50.098158],[19.993477,50.098143]]]}},{"type":"Feature","id":"w423433314","properties":{"type":"house","residential":true,"residents_est":10,"h3_10":"8a1e2e6a038ffff","h3_11":"8b1e2e6a038dfff"},"geometry":{"type":"Polygon","coordinates":[[[19.994262,50.09688],[19.99429,50.096866],[19.994279,50.096856],[19.994302,50.096845],[19.994268,50.096815],[19.994312,50.096794],[19.994462,50.096921],[19.994409,50.096947],[19.994409,50.096958],[19.994373,50.096975],[19.994262,50.09688]]]}},{"type":"Feature","id":"w423433315","properties":{"type":"yes","residential":true,"residents_est":4,"h3_10":"8a1e2e6a03affff","h3_11":"8b1e2e6a03a8fff"},"geometry":{"type":"Polygon","coordinates":[[[19.993581,50.097541],[19.993678,50.097494],[19.993778,50.097579],[19.993735,50.0976],[19.99376,50.097621],[19.993756,50.097624],[19.993748,50.097617],[19.9937,50.097641],[19.993707,50.097648],[19.993581,50.097541]]]}},{"type":"Feature","id":"w423433316","properties":{"type":"house","residential":true,"residents_est":10,"h3_10":"8a1e2e6a038ffff","h3_11":"8b1e2e6a038dfff"},"geometry":{"type":"Polygon","coordinates":[[[19.99412,50.096887],[19.994161,50.096867],[19.994195,50.096896],[19.994218,50.096885],[19.99423,50.096896],[19.994262,50.09688],[19.994373,50.096975],[19.994334,50.096994],[19.994318,50.096991],[19.994268,50.097015],[19.99412,50.096887]]]}},{"type":"Feature","id":"w423433317","properties":{"type":"house","residential":true,"residents_est":8,"h3_10":"8a1e2e6a03affff","h3_11":"8b1e2e6a03a8fff"},"geometry":{"type":"Polygon","coordinates":[[[19.993484,50.097589],[19.993581,50.097541],[19.993707,50.097648],[19.993696,50.097643],[19.993648,50.097666],[19.993656,50.097673],[19.993652,50.097675],[19.993626,50.097654],[19.993588,50.097673],[19.993484,50.097589]]]}},{"type":"Feature","id":"w423433318","properties":{"type":"yes","residential":true,"residents_est":5,"h3_10":"8a1e2e6a038ffff","h3_11":"8b1e2e6a038dfff"},"geometry":{"type":"Polygon","coordinates":[[[19.994073,50.096972],[19.994103,50.096957],[19.99409,50.096947],[19.994114,50.096935],[19.99408,50.096906],[19.99412,50.096887],[19.994268,50.097015],[19.994223,50.097036],[19.994222,50.097048],[19.994183,50.097067],[19.994073,50.096972]]]}},{"type":"Feature","id":"w423433319","properties":{"type":"yes","residential":true,"residents_est":5,"h3_10":"8a1e2e6a038ffff","h3_11":"8b1e2e6a038dfff"},"geometry":{"type":"Polygon","coordinates":[[[19.993933,50.096978],[19.993973,50.096958],[19.994007,50.096987],[19.99403,50.096976],[19.994042,50.096986],[19.994073,50.096972],[19.994183,50.097067],[19.994147,50.097085],[19.994128,50.097082],[19.994081,50.097104],[19.993933,50.096978]]]}},{"type":"Feature","id":"w423433320","properties":{"type":"yes","residential":true,"residents_est":5,"h3_10":"8a1e2e6a038ffff","h3_11":"8b1e2e6a038cfff"},"geometry":{"type":"Polygon","coordinates":[[[19.993882,50.097065],[19.993915,50.097048],[19.993903,50.097037],[19.993925,50.097027],[19.993891,50.096997],[19.993933,50.096978],[19.994081,50.097104],[19.994034,50.097127],[19.994032,50.09714],[19.993992,50.097159],[19.993882,50.097065]]]}},{"type":"Feature","id":"w423433321","properties":{"type":"house","residential":true,"residents_est":8,"h3_10":"8a1e2e6a03affff","h3_11":"8b1e2e6a03aefff"},"geometry":{"type":"Polygon","coordinates":[[[19.992695,50.097574],[19.992741,50.097551],[19.992757,50.097563],[19.992807,50.097538],[19.992901,50.097613],[19.992851,50.097639],[19.992875,50.097658],[19.992828,50.097681],[19.992695,50.097574]]]}},{"type":"Feature","id":"w423433322","properties":{"type":"house","residential":true,"residents_est":8,"h3_10":"8a1e2e6a03affff","h3_11":"8b1e2e6a03abfff"},"geometry":{"type":"Polygon","coordinates":[[[19.994162,50.097305],[19.99417,50.097275],[19.994238,50.09724],[19.994351,50.097338],[19.994318,50.097358],[19.994303,50.097344],[19.994286,50.097352],[19.994291,50.097356],[19.994247,50.097377],[19.994162,50.097305]]]}},{"type":"Feature","id":"w423433323","properties":{"type":"house","residential":true,"residents_est":8,"h3_10":"8a1e2e6a0387fff","h3_11":"8b1e2e6a0385fff"},"geometry":{"type":"Polygon","coordinates":[[[19.992657,50.097202],[19.992686,50.097183],[19.992674,50.09717],[19.992746,50.097134],[19.992843,50.097219],[19.992806,50.097231],[19.992787,50.097244],[19.992796,50.09725],[19.992763,50.09727],[19.992657,50.097202]]]}},{"type":"Feature","id":"w423433324","properties":{"type":"house","residential":true,"residents_est":8,"h3_10":"8a1e2e6a03affff","h3_11":"8b1e2e6a03abfff"},"geometry":{"type":"Polygon","coordinates":[[[19.994238,50.09724],[19.99431,50.097208],[19.994357,50.097213],[19.99444,50.097284],[19.994375,50.09731],[19.99439,50.097323],[19.994351,50.097338],[19.994238,50.09724]]]}},{"type":"Feature","id":"w423433325","properties":{"type":"house","residential":true,"residents_est":7,"h3_10":"8a1e2e6a0387fff","h3_11":"8b1e2e6a0385fff"},"geometry":{"type":"Polygon","coordinates":[[[19.992491,50.097309],[19.992537,50.097278],[19.992522,50.097267],[19.992558,50.097246],[19.99268,50.097324],[19.992669,50.09732],[19.992621,50.097351],[19.99263,50.097357],[19.992598,50.097377],[19.992491,50.097309]]]}},{"type":"Feature","id":"w423433326","properties":{"type":"house","residential":true,"residents_est":7,"h3_10":"8a1e2e6a0387fff","h3_11":"8b1e2e6a0385fff"},"geometry":{"type":"Polygon","coordinates":[[[19.992324,50.097418],[19.992365,50.097392],[19.992348,50.097381],[19.99239,50.097354],[19.992513,50.097432],[19.992502,50.097427],[19.99245,50.097457],[19.992463,50.097465],[19.992431,50.097486],[19.992324,50.097418]]]}},{"type":"Feature","id":"w423433327","properties":{"type":"house","residential":true,"residents_est":10,"h3_10":"8a1e2e6a03affff","h3_11":"8b1e2e6a03a8fff"},"geometry":{"type":"Polygon","coordinates":[[[19.993376,50.097622],[19.993447,50.097587],[19.993463,50.0976],[19.993484,50.097589],[19.993614,50.097695],[19.9936,50.09769],[19.993552,50.097714],[19.99356,50.097721],[19.993556,50.097723],[19.993547,50.097715],[19.993504,50.097737],[19.993386,50.097637],[19.993391,50.097634],[19.993376,50.097622]]]}},{"type":"Feature","id":"w423433328","properties":{"type":"service","levels":1.0,"address":"Osiedle Złotego Wieku 56","residential":false,"residents_est":0,"h3_10":"8a1e2e6a030ffff","h3_11":"8b1e2e6a0308fff"},"geometry":{"type":"Polygon","coordinates":[[[19.996348,50.099221],[19.996415,50.09922],[19.996416,50.099263],[19.996349,50.099264],[19.996348,50.099221]]]}},{"type":"Feature","id":"w423433330","properties":{"type":"service","residential":false,"residents_est":0,"h3_10":"8a1e2e6a0237fff","h3_11":"8b1e2e6a0231fff"},"geometry":{"type":"Polygon","coordinates":[[[19.996226,50.097322],[19.996294,50.097307],[19.996316,50.09735],[19.996249,50.097365],[19.996226,50.097322]]]}},{"type":"Feature","id":"w423433332","properties":{"type":"yes","residential":true,"residents_est":4,"h3_10":"8a1e2e6a039ffff","h3_11":"8b1e2e6a0399fff"},"geometry":{"type":"Polygon","coordinates":[[[19.992942,50.09589],[19.992942,50.095833],[19.993158,50.095834],[19.993157,50.095891],[19.992942,50.09589]]]}},{"type":"Feature","id":"w423433333","properties":{"type":"house","residential":true,"residents_est":9,"h3_10":"8a1e2e6a03affff","h3_11":"8b1e2e6a03aafff"},"geometry":{"type":"Polygon","coordinates":[[[19.992993,50.097442],[19.993042,50.097416],[19.993026,50.097403],[19.993071,50.09738],[19.993205,50.097487],[19.99311,50.097536],[19.992993,50.097442]]]}},{"type":"Feature","id":"w423433334","properties":{"type":"yes","residential":true,"residents_est":4,"h3_10":"8a1e2e6a03affff","h3_11":"8b1e2e6a03abfff"},"geometry":{"type":"Polygon","coordinates":[[[19.993833,50.097413],[19.993928,50.097365],[19.994057,50.097471],[19.99401,50.097496],[19.993983,50.097473],[19.993938,50.097496],[19.993833,50.097413]]]}},{"type":"Feature","id":"w423433335","properties":{"type":"house","residential":true,"residents_est":9,"h3_10":"8a1e2e6a03affff","h3_11":"8b1e2e6a03aafff"},"geometry":{"type":"Polygon","coordinates":[[[19.992885,50.097476],[19.992926,50.097455],[19.992942,50.097468],[19.992993,50.097442],[19.99311,50.097536],[19.993019,50.097583],[19.992885,50.097476]]]}},{"type":"Feature","id":"w423433336","properties":{"type":"house","residential":true,"residents_est":9,"h3_10":"8a1e2e6a03affff","h3_11":"8b1e2e6a03abfff"},"geometry":{"type":"Polygon","coordinates":[[[19.993928,50.097365],[19.994026,50.097316],[19.994128,50.097401],[19.994086,50.097423],[19.994112,50.097444],[19.994057,50.097471],[19.993928,50.097365]]]}},{"type":"Feature","id":"w423433338","properties":{"type":"house","residential":true,"residents_est":8,"h3_10":"8a1e2e6a0387fff","h3_11":"8b1e2e6a0385fff"},"geometry":{"type":"Polygon","coordinates":[[[19.992221,50.097476],[19.992273,50.097431],[19.992292,50.097438],[19.992324,50.097418],[19.992431,50.097486],[19.992352,50.097537],[19.992221,50.097476]]]}},{"type":"Feature","id":"w423433339","properties":{"type":"yes","residential":true,"residents_est":5,"h3_10":"8a1e2e6a038ffff","h3_11":"8b1e2e6a038cfff"},"geometry":{"type":"Polygon","coordinates":[[[19.993662,50.097123],[19.993721,50.097095],[19.993732,50.097104],[19.993774,50.097084],[19.993901,50.097196],[19.993799,50.097243],[19.993662,50.097123]]]}},{"type":"Feature","id":"w423433340","properties":{"type":"yes","residential":true,"residents_est":5,"h3_10":"8a1e2e6a03affff","h3_11":"8b1e2e6a03abfff"},"geometry":{"type":"Polygon","coordinates":[[[19.993735,50.097462],[19.993833,50.097413],[19.993965,50.097518],[19.993908,50.097547],[19.993881,50.097525],[19.993838,50.097546],[19.993735,50.097462]]]}},{"type":"Feature","id":"w423433341","properties":{"type":"house","residential":true,"residents_est":9,"h3_10":"8a1e2e6a03affff","h3_11":"8b1e2e6a03aefff"},"geometry":{"type":"Polygon","coordinates":[[[19.992807,50.097538],[19.992859,50.097511],[19.992843,50.097498],[19.992885,50.097476],[19.993019,50.097583],[19.992925,50.097632],[19.992807,50.097538]]]}},{"type":"Feature","id":"w423433342","properties":{"type":"yes","residential":true,"residents_est":5,"h3_10":"8a1e2e6a03affff","h3_11":"8b1e2e6a03aafff"},"geometry":{"type":"Polygon","coordinates":[[[19.993468,50.097209],[19.993505,50.097191],[19.993495,50.097182],[19.993552,50.097155],[19.993704,50.097288],[19.993687,50.097276],[19.993594,50.09732],[19.993468,50.097209]]]}},{"type":"Feature","id":"w423433343","properties":{"type":"yes","residential":true,"residents_est":6,"h3_10":"8a1e2e6a03affff","h3_11":"8b1e2e6a03aafff"},"geometry":{"type":"Polygon","coordinates":[[[19.993159,50.097274],[19.993217,50.097247],[19.993386,50.097397],[19.993287,50.097444],[19.993161,50.097333],[19.993203,50.097313],[19.993159,50.097274]]]}},{"type":"Feature","id":"w423433344","properties":{"type":"yes","residential":true,"residents_est":5,"h3_10":"8a1e2e6a03affff","h3_11":"8b1e2e6a03aafff"},"geometry":{"type":"Polygon","coordinates":[[[19.993261,50.097287],[19.993299,50.097268],[19.993288,50.097259],[19.993347,50.097231],[19.993498,50.097365],[19.993481,50.097353],[19.993385,50.097395],[19.993261,50.097287]]]}},{"type":"Feature","id":"w423433345","properties":{"type":"yes","residential":true,"residents_est":5,"h3_10":"8a1e2e6a038ffff","h3_11":"8b1e2e6a038cfff"},"geometry":{"type":"Polygon","coordinates":[[[19.993552,50.097155],[19.993571,50.097166],[19.993625,50.097137],[19.993636,50.097147],[19.993671,50.097131],[19.993799,50.097243],[19.993704,50.097288],[19.993552,50.097155]]]}},{"type":"Feature","id":"w423433346","properties":{"type":"yes","residential":true,"residents_est":5,"h3_10":"8a1e2e6a03affff","h3_11":"8b1e2e6a03aafff"},"geometry":{"type":"Polygon","coordinates":[[[19.993347,50.097231],[19.993363,50.097244],[19.99342,50.097217],[19.99343,50.097226],[19.993468,50.097209],[19.993594,50.09732],[19.993498,50.097365],[19.993347,50.097231]]]}},{"type":"Feature","id":"w423433347","properties":{"type":"house","residential":true,"residents_est":7,"h3_10":"8a1e2e6a0387fff","h3_11":"8b1e2e6a0385fff"},"geometry":{"type":"Polygon","coordinates":[[[19.992407,50.097364],[19.992429,50.09735],[19.992413,50.09734],[19.992475,50.097299],[19.992589,50.097372],[19.992536,50.097406],[19.992545,50.097412],[19.992513,50.097432],[19.992407,50.097364]]]}},{"type":"Feature","id":"w423433348","properties":{"type":"house","residential":true,"residents_est":7,"h3_10":"8a1e2e6a0387fff","h3_11":"8b1e2e6a0385fff"},"geometry":{"type":"Polygon","coordinates":[[[19.992573,50.097255],[19.992597,50.097241],[19.99258,50.097231],[19.992641,50.097192],[19.992754,50.097265],[19.992704,50.097297],[19.992713,50.097303],[19.99268,50.097324],[19.992573,50.097255]]]}},{"type":"Feature","id":"w423433349","properties":{"type":"detached","levels":3.0,"residential":true,"residents_est":13,"h3_10":"8a1e2e6a03affff","h3_11":"8b1e2e6a03aefff"},"geometry":{"type":"Polygon","coordinates":[[[19.99258,50.097648],[19.992611,50.097617],[19.992637,50.097628],[19.992712,50.097587],[19.992806,50.097662],[19.992778,50.097686],[19.99279,50.097691],[19.992758,50.097722],[19.99258,50.097648]]]}},{"type":"Feature","id":"w587326180","properties":{"type":"service","address":"Osiedle Złotego Wieku 50","residential":false,"residents_est":0,"h3_10":"8a1e2e6a034ffff","h3_11":"8b1e2e6a034afff"},"geometry":{"type":"Polygon","coordinates":[[[20.001325,50.09881],[20.001395,50.098809],[20.001397,50.098855],[20.001327,50.098856],[20.001325,50.09881]]]}},{"type":"Feature","id":"w587326187","properties":{"type":"garages","residential":false,"residents_est":0,"h3_10":"8a1e2e6a035ffff","h3_11":"8b1e2e6a0359fff"},"geometry":{"type":"Polygon","coordinates":[[[20.00036,50.098592],[20.000366,50.098534],[20.000622,50.098545],[20.000614,50.098603],[20.00036,50.098592]]]}},{"type":"Feature","id":"w587326189","properties":{"type":"yes","residential":true,"residents_est":5,"h3_10":"8a1e2e6a035ffff","h3_11":"8b1e2e6a0358fff"},"geometry":{"type":"Polygon","coordinates":[[[20.000315,50.098473],[20.000321,50.098415],[20.000597,50.098426],[20.000592,50.098484],[20.000315,50.098473]]]}},{"type":"Feature","id":"w587326203","properties":{"type":"service","address":"Osiedle Złotego Wieku 7A","residential":false,"residents_est":0,"h3_10":"8a1e2e6a020ffff","h3_11":"8b1e2e6a020bfff"},"geometry":{"type":"Polygon","coordinates":[[[19.999533,50.096339],[19.999594,50.096319],[19.999627,50.096358],[19.999566,50.096378],[19.999533,50.096339]]]}},{"type":"Feature","id":"w587326205","properties":{"type":"service","residential":false,"residents_est":0,"h3_10":"8a1e2e6a02e7fff","h3_11":"8b1e2e6a02e1fff"},"geometry":{"type":"Polygon","coordinates":[[[19.999889,50.09569],[19.999957,50.095676],[19.999978,50.095716],[19.99991,50.09573],[19.999889,50.09569]]]}},{"type":"Feature","id":"w591779572","properties":{"type":"apartments","levels":4.0,"residential":true,"residents_est":104,"h3_10":"8a1e2e6a0397fff","h3_11":"8b1e2e6a0392fff"},"geometry":{"type":"Polygon","coordinates":[[[19.989712,50.095873],[19.989731,50.095775],[19.989823,50.095783],[19.989821,50.09579],[19.989853,50.095793],[19.989855,50.095785],[19.990029,50.095799],[19.990027,50.095807],[19.99006,50.09581],[19.990062,50.095802],[19.990239,50.095816],[19.990237,50.095824],[19.990273,50.095827],[19.990275,50.095819],[19.990447,50.095833],[19.990445,50.095841],[19.990481,50.095844],[19.990483,50.095836],[19.990573,50.095843],[19.990553,50.095939],[19.990469,50.095933],[19.990462,50.09597],[19.990416,50.095966],[19.990423,50.095929],[19.990261,50.095916],[19.990254,50.095953],[19.990208,50.095949],[19.990215,50.095912],[19.990052,50.095899],[19.990045,50.095935],[19.989997,50.095932],[19.990004,50.095896],[19.989846,50.095883],[19.989839,50.095919],[19.989789,50.095915],[19.989796,50.095879],[19.989712,50.095873]]]}},{"type":"Feature","id":"w591779575","properties":{"type":"apartments","residential":true,"residents_est":100,"h3_10":"8a1e2e6a0397fff","h3_11":"8b1e2e6a0393fff"},"geometry":{"type":"Polygon","coordinates":[[[19.990799,50.095862],[19.990892,50.095861],[19.990893,50.095869],[19.990923,50.095868],[19.990923,50.095861],[19.991102,50.095859],[19.991102,50.095867],[19.991133,50.095867],[19.991134,50.095859],[19.991315,50.095858],[19.991315,50.095865],[19.991346,50.095865],[19.991347,50.095857],[19.991439,50.095856],[19.991442,50.095958],[19.991358,50.095958],[19.991356,50.095993],[19.991311,50.095993],[19.991307,50.095957],[19.991143,50.095958],[19.991142,50.095994],[19.991097,50.095994],[19.991094,50.095958],[19.990934,50.09596],[19.990931,50.095994],[19.990887,50.095994],[19.990884,50.09596],[19.990801,50.095962],[19.990799,50.095862]]]}},{"type":"Feature","id":"w591779578","properties":{"type":"apartments","levels":4.0,"residential":true,"residents_est":103,"h3_10":"8a1e2e6a039ffff","h3_11":"8b1e2e6a039efff"},"geometry":{"type":"Polygon","coordinates":[[[19.991681,50.095847],[19.991768,50.095842],[19.99177,50.095849],[19.991806,50.095847],[19.991805,50.095839],[19.991977,50.095828],[19.991978,50.095836],[19.992016,50.095833],[19.992014,50.095825],[19.992189,50.095814],[19.99219,50.095822],[19.992227,50.09582],[19.992226,50.095812],[19.992397,50.095801],[19.992399,50.095809],[19.992436,50.095806],[19.992434,50.095798],[19.992521,50.095793],[19.992537,50.095889],[19.992454,50.095894],[19.99246,50.095931],[19.992413,50.095934],[19.992408,50.095897],[19.992246,50.095908],[19.992251,50.095944],[19.992205,50.095947],[19.992199,50.095911],[19.992033,50.095922],[19.992039,50.095957],[19.991992,50.095961],[19.991986,50.095925],[19.991825,50.095935],[19.991831,50.095972],[19.991785,50.095974],[19.991779,50.095938],[19.991696,50.095944],[19.991681,50.095847]]]}},{"type":"Feature","id":"w591779580","properties":{"type":"apartments","residential":true,"residents_est":33,"h3_10":"8a1e2e6a0397fff","h3_11":"8b1e2e6a0396fff"},"geometry":{"type":"Polygon","coordinates":[[[19.989654,50.096274],[19.98967,50.09619],[19.989719,50.096193],[19.98972,50.096186],[19.989754,50.096169],[19.989766,50.09617],[19.989771,50.096138],[19.989905,50.096148],[19.989889,50.096232],[19.989826,50.096228],[19.989824,50.096235],[19.989804,50.096245],[19.989793,50.096244],[19.989786,50.096284],[19.989654,50.096274]]]}},{"type":"Feature","id":"w591779584","properties":{"type":"apartments","residential":true,"residents_est":32,"h3_10":"8a1e2e6a0397fff","h3_11":"8b1e2e6a0390fff"},"geometry":{"type":"Polygon","coordinates":[[[19.990662,50.096369],[19.990688,50.096234],[19.99076,50.09624],[19.990763,50.096224],[19.990848,50.096231],[19.990822,50.096369],[19.990709,50.09636],[19.990707,50.096373],[19.990662,50.096369]]]}},{"type":"Feature","id":"w591779587","properties":{"type":"apartments","residential":true,"residents_est":28,"h3_10":"8a1e2e6a0397fff","h3_11":"8b1e2e6a0391fff"},"geometry":{"type":"Polygon","coordinates":[[[19.991754,50.096208],[19.991792,50.096205],[19.991789,50.09619],[19.991891,50.096183],[19.99191,50.096322],[19.991818,50.096327],[19.99182,50.096341],[19.991775,50.096344],[19.991754,50.096208]]]}},{"type":"Feature","id":"w598917691","properties":{"type":"residential","levels":5.0,"address":"Osiedle Złotego Wieku 43","residential":true,"residents_est":61,"h3_10":"8a1e2e6a0267fff","h3_11":"8b1e2e6a0260fff"},"geometry":{"type":"Polygon","coordinates":[[[20.001632,50.098414],[20.001644,50.098326],[20.001672,50.098328],[20.001682,50.098251],[20.001675,50.09825],[20.001682,50.098173],[20.001792,50.098177],[20.001794,50.098162],[20.001878,50.098165],[20.00187,50.098245],[20.00183,50.098244],[20.001815,50.098405],[20.00171,50.098401],[20.001708,50.098417],[20.001632,50.098414]]]}},{"type":"Feature","id":"w598917692","properties":{"type":"residential","levels":5.0,"address":"Osiedle Złotego Wieku 42","residential":true,"residents_est":61,"h3_10":"8a1e2e6a0267fff","h3_11":"8b1e2e6a0265fff"},"geometry":{"type":"Polygon","coordinates":[[[20.002335,50.098697],[20.002342,50.09861],[20.002375,50.098611],[20.002383,50.098534],[20.002375,50.098533],[20.002381,50.098458],[20.002491,50.098458],[20.002492,50.098447],[20.002577,50.098449],[20.002569,50.098529],[20.00253,50.098527],[20.002516,50.098688],[20.00241,50.098686],[20.002409,50.0987],[20.002335,50.098697]]]}},{"type":"Feature","id":"w598917700","properties":{"type":"residential","levels":5.0,"address":"Osiedle Złotego Wieku 48","residential":true,"residents_est":61,"h3_10":"8a1e2e6a034ffff","h3_11":"8b1e2e6a034dfff"},"geometry":{"type":"Polygon","coordinates":[[[20.001901,50.099618],[20.001909,50.09953],[20.001942,50.099531],[20.00195,50.099377],[20.00206,50.099381],[20.002061,50.099367],[20.002145,50.09937],[20.002137,50.099449],[20.002097,50.099448],[20.002083,50.099609],[20.001979,50.099605],[20.001977,50.099621],[20.001901,50.099618]]]}},{"type":"Feature","id":"w598917703","properties":{"type":"residential","levels":5.0,"residential":true,"residents_est":61,"h3_10":"8a1e2e6a034ffff","h3_11":"8b1e2e6a0348fff"},"geometry":{"type":"Polygon","coordinates":[[[20.001211,50.099327],[20.00122,50.099239],[20.001254,50.099241],[20.001262,50.099086],[20.001373,50.09909],[20.001375,50.099076],[20.001458,50.099079],[20.001451,50.099158],[20.00141,50.099157],[20.001393,50.099318],[20.001286,50.099314],[20.001285,50.099329],[20.001211,50.099327]]]}},{"type":"Feature","id":"w598917708","properties":{"type":"residential","levels":5.0,"address":"Osiedle Złotego Wieku 46","residential":true,"residents_est":61,"h3_10":"8a1e2e6a034ffff","h3_11":"8b1e2e6a034bfff"},"geometry":{"type":"Polygon","coordinates":[[[20.001787,50.099017],[20.001795,50.09893],[20.001828,50.098931],[20.001837,50.098777],[20.001947,50.098781],[20.001948,50.098767],[20.002033,50.09877],[20.002025,50.098849],[20.001985,50.098848],[20.001968,50.099009],[20.001864,50.099005],[20.001862,50.099021],[20.001787,50.099017]]]}},{"type":"Feature","id":"w598917714","properties":{"type":"residential","levels":5.0,"address":"Osiedle Złotego Wieku 45","residential":true,"residents_est":61,"h3_10":"8a1e2e6a035ffff","h3_11":"8b1e2e6a0359fff"},"geometry":{"type":"Polygon","coordinates":[[[20.001039,50.098718],[20.001047,50.098631],[20.00108,50.098632],[20.001087,50.098477],[20.001197,50.098481],[20.001199,50.098466],[20.001282,50.098468],[20.001275,50.098548],[20.001234,50.098546],[20.00122,50.098708],[20.001116,50.098704],[20.001114,50.098721],[20.001039,50.098718]]]}},{"type":"Feature","id":"w598917719","properties":{"type":"residential","levels":5.0,"address":"Osiedle Złotego Wieku 44","residential":true,"residents_est":63,"h3_10":"8a1e2e6a0267fff","h3_11":"8b1e2e6a0266fff"},"geometry":{"type":"Polygon","coordinates":[[[20.000957,50.098153],[20.000965,50.098061],[20.000995,50.098062],[20.001008,50.097908],[20.001119,50.097912],[20.00112,50.097898],[20.0012,50.097901],[20.001193,50.09798],[20.001152,50.097978],[20.001149,50.098021],[20.001169,50.098022],[20.001163,50.098094],[20.001144,50.098093],[20.00114,50.098137],[20.001032,50.098133],[20.00103,50.098155],[20.000957,50.098153]]]}},{"type":"Feature","id":"w598917723","properties":{"type":"residential","levels":5.0,"address":"Osiedle Złotego Wieku 38","residential":true,"residents_est":61,"h3_10":"8a1e2e6a0267fff","h3_11":"8b1e2e6a0262fff"},"geometry":{"type":"Polygon","coordinates":[[[20.001545,50.097753],[20.001552,50.097666],[20.001584,50.097666],[20.00159,50.097513],[20.0017,50.097516],[20.001701,50.097501],[20.001785,50.097504],[20.001779,50.097582],[20.001739,50.097581],[20.001725,50.097743],[20.001621,50.097739],[20.001619,50.097756],[20.001545,50.097753]]]}},{"type":"Feature","id":"w727081555","properties":{"type":"yes","residential":true,"residents_est":5,"h3_10":"8a1e2e6a0397fff","h3_11":"8b1e2e6a0396fff"},"geometry":{"type":"Polygon","coordinates":[[[19.989987,50.096303],[19.990013,50.096165],[19.990078,50.09617],[19.99007,50.096211],[19.990098,50.096213],[19.990103,50.096187],[19.990149,50.096191],[19.990122,50.096327],[19.990076,50.096324],[19.990079,50.09631],[19.989987,50.096303]]]}},{"type":"Feature","id":"w727081556","properties":{"type":"yes","residential":true,"residents_est":5,"h3_10":"8a1e2e6a0397fff","h3_11":"8b1e2e6a0396fff"},"geometry":{"type":"Polygon","coordinates":[[[19.990122,50.096327],[19.990149,50.096191],[19.990196,50.096194],[19.990194,50.096207],[19.990221,50.096209],[19.990226,50.096182],[19.990286,50.096187],[19.990259,50.096325],[19.990172,50.096318],[19.990169,50.096331],[19.990122,50.096327]]]}},{"type":"Feature","id":"w727081557","properties":{"type":"yes","residential":true,"residents_est":6,"h3_10":"8a1e2e6a0397fff","h3_11":"8b1e2e6a0396fff"},"geometry":{"type":"Polygon","coordinates":[[[19.990255,50.096351],[19.990286,50.096187],[19.99035,50.096192],[19.990345,50.096219],[19.990372,50.096221],[19.990374,50.09621],[19.990418,50.096212],[19.990392,50.096348],[19.990353,50.096345],[19.99035,50.096358],[19.990255,50.096351]]]}},{"type":"Feature","id":"w727081558","properties":{"type":"yes","residential":true,"residents_est":6,"h3_10":"8a1e2e6a0397fff","h3_11":"8b1e2e6a0390fff"},"geometry":{"type":"Polygon","coordinates":[[[19.990392,50.096348],[19.990418,50.096212],[19.990464,50.096216],[19.990462,50.096228],[19.990489,50.09623],[19.990494,50.096203],[19.990556,50.096208],[19.990524,50.096371],[19.990427,50.096364],[19.990429,50.096351],[19.990392,50.096348]]]}},{"type":"Feature","id":"w727081559","properties":{"type":"yes","residential":true,"residents_est":5,"h3_10":"8a1e2e6a0397fff","h3_11":"8b1e2e6a0390fff"},"geometry":{"type":"Polygon","coordinates":[[[19.99053,50.096345],[19.990556,50.096208],[19.99062,50.096212],[19.990615,50.096239],[19.990642,50.096241],[19.990644,50.096231],[19.990688,50.096234],[19.990662,50.096369],[19.990616,50.096366],[19.990619,50.096353],[19.99053,50.096345]]]}},{"type":"Feature","id":"w727081560","properties":{"type":"house","residential":true,"residents_est":13,"h3_10":"8a1e2e6a0397fff","h3_11":"8b1e2e6a0390fff"},"geometry":{"type":"Polygon","coordinates":[[[19.991052,50.096237],[19.991137,50.096232],[19.991139,50.096248],[19.991212,50.096243],[19.991233,50.096378],[19.991187,50.096381],[19.991184,50.096367],[19.991073,50.096374],[19.991067,50.096335],[19.991053,50.096327],[19.991065,50.096317],[19.991052,50.096237]]]}},{"type":"Feature","id":"w727081561","properties":{"type":"yes","residential":true,"residents_est":5,"h3_10":"8a1e2e6a0397fff","h3_11":"8b1e2e6a0391fff"},"geometry":{"type":"Polygon","coordinates":[[[19.991212,50.096243],[19.991283,50.096239],[19.991281,50.096223],[19.991344,50.096218],[19.991367,50.096356],[19.991277,50.096361],[19.991279,50.096375],[19.991233,50.096378],[19.991212,50.096243]]]}},{"type":"Feature","id":"w727081562","properties":{"type":"yes","residential":true,"residents_est":5,"h3_10":"8a1e2e6a0397fff","h3_11":"8b1e2e6a0391fff"},"geometry":{"type":"Polygon","coordinates":[[[19.991344,50.096218],[19.99141,50.096214],[19.991416,50.096256],[19.99144,50.096254],[19.991436,50.096229],[19.991483,50.096226],[19.991504,50.096361],[19.991457,50.096364],[19.991454,50.09635],[19.991367,50.096356],[19.991344,50.096218]]]}},{"type":"Feature","id":"w727081563","properties":{"type":"yes","residential":true,"residents_est":5,"h3_10":"8a1e2e6a0397fff","h3_11":"8b1e2e6a0391fff"},"geometry":{"type":"Polygon","coordinates":[[[19.991483,50.096226],[19.991529,50.096223],[19.99153,50.096233],[19.991556,50.096231],[19.991551,50.096205],[19.991616,50.096201],[19.991637,50.096339],[19.991547,50.096345],[19.99155,50.096358],[19.991504,50.096361],[19.991483,50.096226]]]}},{"type":"Feature","id":"w727081564","properties":{"type":"yes","residential":true,"residents_est":6,"h3_10":"8a1e2e6a0397fff","h3_11":"8b1e2e6a0391fff"},"geometry":{"type":"Polygon","coordinates":[[[19.991616,50.096201],[19.991712,50.096195],[19.991715,50.096211],[19.991754,50.096208],[19.991775,50.096344],[19.991727,50.096346],[19.991725,50.096333],[19.991637,50.096339],[19.991616,50.096201]]]}},{"type":"Feature","id":"w727081567","properties":{"type":"house","residential":true,"residents_est":8,"h3_10":"8a1e2e6a03b7fff","h3_11":"8b1e2e6a03b1fff"},"geometry":{"type":"Polygon","coordinates":[[[19.991291,50.097387],[19.991306,50.097332],[19.991323,50.097334],[19.991348,50.0973],[19.991444,50.09733],[19.99144,50.097347],[19.991491,50.097354],[19.991485,50.097378],[19.991497,50.097378],[19.991488,50.097409],[19.991291,50.097387]]]}},{"type":"Feature","id":"w727081568","properties":{"type":"house","residential":true,"residents_est":8,"h3_10":"8a1e2e6a03b7fff","h3_11":"8b1e2e6a03b1fff"},"geometry":{"type":"Polygon","coordinates":[[[19.991269,50.097461],[19.991284,50.097411],[19.991304,50.097414],[19.991311,50.09739],[19.991447,50.097405],[19.991435,50.097448],[19.991488,50.097454],[19.99148,50.097485],[19.991269,50.097461]]]}},{"type":"Feature","id":"w727081569","properties":{"type":"house","residential":true,"residents_est":8,"h3_10":"8a1e2e6a03b7fff","h3_11":"8b1e2e6a03b1fff"},"geometry":{"type":"Polygon","coordinates":[[[19.991256,50.097511],[19.991269,50.097461],[19.99148,50.097485],[19.99147,50.097517],[19.991417,50.097511],[19.991405,50.097555],[19.991269,50.097539],[19.991276,50.097513],[19.991256,50.097511]]]}},{"type":"Feature","id":"w727081570","properties":{"type":"house","residential":true,"residents_est":8,"h3_10":"8a1e2e6a03a7fff","h3_11":"8b1e2e6a03a2fff"},"geometry":{"type":"Polygon","coordinates":[[[19.991226,50.097615],[19.991241,50.097562],[19.991262,50.097564],[19.991269,50.097539],[19.991405,50.097555],[19.991392,50.097599],[19.991446,50.097605],[19.991436,50.097639],[19.991226,50.097615]]]}},{"type":"Feature","id":"w727081571","properties":{"type":"house","residential":true,"residents_est":8,"h3_10":"8a1e2e6a03a7fff","h3_11":"8b1e2e6a03a2fff"},"geometry":{"type":"Polygon","coordinates":[[[19.991206,50.097687],[19.991221,50.097637],[19.991241,50.097639],[19.991247,50.097618],[19.991382,50.097633],[19.991372,50.097673],[19.991426,50.097679],[19.991417,50.097711],[19.991206,50.097687]]]}},{"type":"Feature","id":"w727081572","properties":{"type":"house","residential":true,"residents_est":8,"h3_10":"8a1e2e6a03a7fff","h3_11":"8b1e2e6a03a2fff"},"geometry":{"type":"Polygon","coordinates":[[[19.991187,50.097763],[19.991206,50.097762],[19.991213,50.097739],[19.991193,50.097737],[19.991206,50.097687],[19.991417,50.097711],[19.991408,50.097743],[19.991354,50.097736],[19.991342,50.09778],[19.991187,50.097763]]]}},{"type":"Feature","id":"w727081573","properties":{"type":"house","residential":true,"residents_est":8,"h3_10":"8a1e2e6a03a7fff","h3_11":"8b1e2e6a03a2fff"},"geometry":{"type":"Polygon","coordinates":[[[19.991164,50.09784],[19.991179,50.097788],[19.991199,50.09779],[19.991205,50.097766],[19.991187,50.097763],[19.991342,50.09778],[19.99133,50.097824],[19.991383,50.097829],[19.991374,50.097864],[19.991164,50.09784]]]}},{"type":"Feature","id":"w727081574","properties":{"type":"house","residential":true,"residents_est":9,"h3_10":"8a1e2e6a03a7fff","h3_11":"8b1e2e6a03a6fff"},"geometry":{"type":"Polygon","coordinates":[[[19.991144,50.097912],[19.991158,50.097862],[19.991179,50.097864],[19.991185,50.097843],[19.99132,50.097859],[19.991317,50.097871],[19.99137,50.097877],[19.991354,50.097936],[19.991144,50.097912]]]}},{"type":"Feature","id":"w727081575","properties":{"type":"house","address":"Budziszyńska 67","residential":true,"residents_est":9,"h3_10":"8a1e2e6a03a7fff","h3_11":"8b1e2e6a03a6fff"},"geometry":{"type":"Polygon","coordinates":[[[19.991123,50.097988],[19.991144,50.097988],[19.99115,50.097965],[19.99113,50.097962],[19.991144,50.097912],[19.991354,50.097936],[19.991336,50.097998],[19.991283,50.097991],[19.991279,50.098006],[19.991123,50.097988]]]}},{"type":"Feature","id":"w727081576","properties":{"type":"house","residential":true,"residents_est":9,"h3_10":"8a1e2e6a03a7fff","h3_11":"8b1e2e6a03a6fff"},"geometry":{"type":"Polygon","coordinates":[[[19.991102,50.098063],[19.991116,50.098013],[19.991136,50.098016],[19.991142,50.097992],[19.991123,50.097988],[19.991279,50.098006],[19.991275,50.09802],[19.991329,50.098026],[19.991312,50.098087],[19.991102,50.098063]]]}},{"type":"Feature","id":"w727081577","properties":{"type":"house","residential":true,"residents_est":9,"h3_10":"8a1e2e6a03a7fff","h3_11":"8b1e2e6a03a6fff"},"geometry":{"type":"Polygon","coordinates":[[[19.991088,50.098113],[19.991102,50.098063],[19.991312,50.098087],[19.991303,50.098119],[19.991249,50.098113],[19.991235,50.098163],[19.9911,50.098148],[19.991109,50.098115],[19.991088,50.098113]]]}},{"type":"Feature","id":"w727081578","properties":{"type":"house","residential":true,"residents_est":8,"h3_10":"8a1e2e6a03a7fff","h3_11":"8b1e2e6a03a0fff"},"geometry":{"type":"Polygon","coordinates":[[[19.991508,50.098189],[19.991522,50.098139],[19.991575,50.098145],[19.991582,50.098119],[19.991714,50.098134],[19.991709,50.098151],[19.991725,50.098153],[19.991709,50.098212],[19.991508,50.098189]]]}},{"type":"Feature","id":"w727081579","properties":{"type":"house","residential":true,"residents_est":8,"h3_10":"8a1e2e6a03a7fff","h3_11":"8b1e2e6a03a0fff"},"geometry":{"type":"Polygon","coordinates":[[[19.991536,50.098086],[19.99155,50.098036],[19.991751,50.09806],[19.991736,50.098115],[19.99172,50.098113],[19.991714,50.098134],[19.991582,50.098119],[19.99159,50.098092],[19.991536,50.098086]]]}},{"type":"Feature","id":"w727081580","properties":{"type":"house","residential":true,"residents_est":8,"h3_10":"8a1e2e6a03a7fff","h3_11":"8b1e2e6a03a0fff"},"geometry":{"type":"Polygon","coordinates":[[[19.99155,50.098036],[19.991563,50.097988],[19.991617,50.097995],[19.991625,50.097967],[19.991757,50.097983],[19.991752,50.098001],[19.991768,50.098003],[19.991751,50.09806],[19.99155,50.098036]]]}},{"type":"Feature","id":"w727081581","properties":{"type":"house","residential":true,"residents_est":8,"h3_10":"8a1e2e6a03a7fff","h3_11":"8b1e2e6a03a0fff"},"geometry":{"type":"Polygon","coordinates":[[[19.991578,50.097935],[19.991592,50.097886],[19.991795,50.09791],[19.991779,50.097965],[19.991762,50.097963],[19.991757,50.097983],[19.991625,50.097967],[19.991632,50.097941],[19.991578,50.097935]]]}},{"type":"Feature","id":"w727081582","properties":{"type":"house","residential":true,"residents_est":8,"h3_10":"8a1e2e6a03a7fff","h3_11":"8b1e2e6a03a2fff"},"geometry":{"type":"Polygon","coordinates":[[[19.991592,50.097886],[19.991605,50.097838],[19.991659,50.097845],[19.991667,50.097817],[19.9918,50.097832],[19.991795,50.09785],[19.991811,50.097852],[19.991795,50.09791],[19.991592,50.097886]]]}},{"type":"Feature","id":"w727081583","properties":{"type":"house","residential":true,"residents_est":8,"h3_10":"8a1e2e6a03a7fff","h3_11":"8b1e2e6a03a2fff"},"geometry":{"type":"Polygon","coordinates":[[[19.99162,50.097784],[19.991634,50.097735],[19.991838,50.097759],[19.991822,50.097815],[19.991806,50.097813],[19.9918,50.097832],[19.991667,50.097817],[19.991674,50.09779],[19.99162,50.097784]]]}},{"type":"Feature","id":"w727081584","properties":{"type":"house","residential":true,"residents_est":8,"h3_10":"8a1e2e6a03a7fff","h3_11":"8b1e2e6a03a2fff"},"geometry":{"type":"Polygon","coordinates":[[[19.991634,50.097735],[19.991647,50.097687],[19.991699,50.097693],[19.991707,50.097665],[19.991842,50.097681],[19.991837,50.0977],[19.991851,50.097702],[19.991838,50.097759],[19.991634,50.097735]]]}},{"type":"Feature","id":"w727081585","properties":{"type":"house","residential":true,"residents_est":8,"h3_10":"8a1e2e6a03a7fff","h3_11":"8b1e2e6a03a2fff"},"geometry":{"type":"Polygon","coordinates":[[[19.991674,50.097583],[19.991881,50.097607],[19.991865,50.097662],[19.991848,50.097661],[19.991842,50.097681],[19.991707,50.097665],[19.991715,50.097637],[19.991674,50.097583]]]}},{"type":"Feature","id":"w727081586","properties":{"type":"house","residential":true,"residents_est":9,"h3_10":"8a1e2e6a0387fff","h3_11":"8b1e2e6a0384fff"},"geometry":{"type":"Polygon","coordinates":[[[19.991674,50.097583],[19.991688,50.097536],[19.991741,50.097542],[19.991748,50.097518],[19.991705,50.097513],[19.991707,50.097508],[19.991884,50.097528],[19.991878,50.097549],[19.991896,50.097551],[19.991881,50.097607],[19.991674,50.097583]]]}},{"type":"Feature","id":"w727081587","properties":{"type":"yes","residential":true,"residents_est":3,"h3_10":"8a1e2e6a0387fff","h3_11":"8b1e2e6a0384fff"},"geometry":{"type":"Polygon","coordinates":[[[19.991707,50.097508],[19.991715,50.097465],[19.991756,50.09743],[19.991853,50.097473],[19.991849,50.097486],[19.991895,50.097491],[19.991884,50.097528],[19.991707,50.097508]]]}},{"type":"Feature","id":"w727081588","properties":{"type":"house","residential":true,"residents_est":8,"h3_10":"8a1e2e6a03a7fff","h3_11":"8b1e2e6a03a3fff"},"geometry":{"type":"Polygon","coordinates":[[[19.992066,50.097706],[19.992086,50.09763],[19.992191,50.097641],[19.992204,50.097632],[19.992273,50.097662],[19.992243,50.097688],[19.992239,50.097704],[19.992248,50.097712],[19.992245,50.097726],[19.992066,50.097706]]]}},{"type":"Feature","id":"w727081589","properties":{"type":"house","residential":true,"residents_est":8,"h3_10":"8a1e2e6a03a7fff","h3_11":"8b1e2e6a03a3fff"},"geometry":{"type":"Polygon","coordinates":[[[19.992046,50.097782],[19.992066,50.097706],[19.992245,50.097726],[19.992241,50.097739],[19.992228,50.097744],[19.992226,50.097756],[19.992245,50.097772],[19.992237,50.097803],[19.992046,50.097782]]]}},{"type":"Feature","id":"w727081590","properties":{"type":"house","residential":true,"residents_est":8,"h3_10":"8a1e2e6a03a7fff","h3_11":"8b1e2e6a03a3fff"},"geometry":{"type":"Polygon","coordinates":[[[19.992026,50.097858],[19.992046,50.097782],[19.992237,50.097803],[19.99223,50.097832],[19.992204,50.097845],[19.992201,50.097856],[19.99221,50.097863],[19.992207,50.097877],[19.992026,50.097858]]]}},{"type":"Feature","id":"w727081591","properties":{"type":"house","residential":true,"residents_est":8,"h3_10":"8a1e2e6a03a7fff","h3_11":"8b1e2e6a03a3fff"},"geometry":{"type":"Polygon","coordinates":[[[19.992006,50.097934],[19.992026,50.097858],[19.992207,50.097877],[19.992203,50.09789],[19.99219,50.097895],[19.992187,50.097906],[19.992207,50.097923],[19.992199,50.097954],[19.992006,50.097934]]]}},{"type":"Feature","id":"w727081592","properties":{"type":"house","residential":true,"residents_est":8,"h3_10":"8a1e2e6a03a7fff","h3_11":"8b1e2e6a03a0fff"},"geometry":{"type":"Polygon","coordinates":[[[19.991987,50.098009],[19.992006,50.097934],[19.992199,50.097954],[19.992192,50.097982],[19.992165,50.097996],[19.992162,50.098009],[19.992172,50.098015],[19.992168,50.098029],[19.991987,50.098009]]]}},{"type":"Feature","id":"w727081593","properties":{"type":"house","residential":true,"residents_est":8,"h3_10":"8a1e2e6a03a7fff","h3_11":"8b1e2e6a03a0fff"},"geometry":{"type":"Polygon","coordinates":[[[19.991968,50.098084],[19.991987,50.098009],[19.992168,50.098029],[19.992165,50.098042],[19.99215,50.098048],[19.992148,50.098059],[19.992168,50.098076],[19.99216,50.098106],[19.991968,50.098084]]]}},{"type":"Feature","id":"w727081594","properties":{"type":"house","residential":true,"residents_est":9,"h3_10":"8a1e2e6a03a7fff","h3_11":"8b1e2e6a03a0fff"},"geometry":{"type":"Polygon","coordinates":[[[19.991948,50.09816],[19.991968,50.098084],[19.99216,50.098106],[19.992153,50.098134],[19.992127,50.098145],[19.992124,50.098156],[19.992145,50.098165],[19.99214,50.09818],[19.991948,50.09816]]]}},{"type":"Feature","id":"w727081595","properties":{"type":"yes","residential":true,"residents_est":6,"h3_10":"8a1e2e6a03a7fff","h3_11":"8b1e2e6a03a0fff"},"geometry":{"type":"Polygon","coordinates":[[[19.991927,50.098244],[19.991948,50.09816],[19.99214,50.09818],[19.992133,50.098209],[19.992122,50.098213],[19.992119,50.098225],[19.992198,50.098233],[19.992188,50.098272],[19.991927,50.098244]]]}},{"type":"Feature","id":"w727081596","properties":{"type":"yes","residential":true,"residents_est":4,"h3_10":"8a1e2e6a03a7fff","h3_11":"8b1e2e6a03a3fff"},"geometry":{"type":"Polygon","coordinates":[[[19.992436,50.09789],[19.9925,50.097896],[19.992504,50.097883],[19.992475,50.09787],[19.9925,50.09788],[19.992555,50.097837],[19.992514,50.097817],[19.992622,50.097866],[19.992632,50.097857],[19.992672,50.097876],[19.992662,50.097884],[19.992678,50.09789],[19.992662,50.097947],[19.992492,50.097927],[19.9925,50.097898],[19.992436,50.09789]]]}},{"type":"Feature","id":"w727081597","properties":{"type":"yes","residential":true,"residents_est":4,"h3_10":"8a1e2e6a03a7fff","h3_11":"8b1e2e6a03a1fff"},"geometry":{"type":"Polygon","coordinates":[[[19.99242,50.097949],[19.992484,50.097956],[19.992492,50.097927],[19.992662,50.097947],[19.992641,50.098023],[19.992471,50.098001],[19.992483,50.097957],[19.99242,50.097949]]]}},{"type":"Feature","id":"w727081598","properties":{"type":"yes","residential":true,"residents_est":5,"h3_10":"8a1e2e6a03a7fff","h3_11":"8b1e2e6a03a1fff"},"geometry":{"type":"Polygon","coordinates":[[[19.99239,50.098071],[19.992398,50.098042],[19.992458,50.098047],[19.99247,50.098005],[19.99242,50.097997],[19.992641,50.098023],[19.992621,50.098098],[19.99239,50.098071]]]}},{"type":"Feature","id":"w727081599","properties":{"type":"yes","residential":true,"residents_est":5,"h3_10":"8a1e2e6a03a7fff","h3_11":"8b1e2e6a03a1fff"},"geometry":{"type":"Polygon","coordinates":[[[19.992381,50.098102],[19.99239,50.098071],[19.992621,50.098098],[19.992599,50.098174],[19.992429,50.098153],[19.992441,50.09811],[19.992381,50.098102]]]}},{"type":"Feature","id":"w727081600","properties":{"type":"yes","residential":true,"residents_est":4,"h3_10":"8a1e2e6a03a7fff","h3_11":"8b1e2e6a03a1fff"},"geometry":{"type":"Polygon","coordinates":[[[19.992394,50.098197],[19.992408,50.098196],[19.99242,50.098155],[19.992396,50.09815],[19.992599,50.098174],[19.992579,50.098249],[19.992408,50.098229],[19.992416,50.098199],[19.992394,50.098197]]]}},{"type":"Feature","id":"w727081601","properties":{"type":"yes","residential":true,"residents_est":4,"h3_10":"8a1e2e6a03a7fff","h3_11":"8b1e2e6a03a1fff"},"geometry":{"type":"Polygon","coordinates":[[[19.992335,50.098254],[19.992399,50.098262],[19.992407,50.098232],[19.992391,50.098228],[19.992579,50.098249],[19.992558,50.098324],[19.992387,50.098305],[19.99239,50.098294],[19.992381,50.098293],[19.99239,50.098262],[19.992335,50.098254]]]}},{"type":"Feature","id":"w727081602","properties":{"type":"house","residential":true,"residents_est":8,"h3_10":"8a1e2e6a0387fff","h3_11":"8b1e2e6a0386fff"},"geometry":{"type":"Polygon","coordinates":[[[19.99158,50.096959],[19.991612,50.096976],[19.991691,50.096925],[19.991651,50.096896],[19.991808,50.096997],[19.991757,50.097029],[19.991791,50.097052],[19.991757,50.097073],[19.99158,50.096959]]]}},{"type":"Feature","id":"w727081603","properties":{"type":"house","residential":true,"residents_est":9,"h3_10":"8a1e2e6a038ffff","h3_11":"8b1e2e6a038afff"},"geometry":{"type":"Polygon","coordinates":[[[19.993554,50.09602],[19.993617,50.095997],[19.993626,50.096007],[19.993668,50.095993],[19.993766,50.096111],[19.993733,50.096123],[19.993715,50.096121],[19.993695,50.096099],[19.993637,50.096118],[19.993554,50.09602]]]}},{"type":"Feature","id":"w727081604","properties":{"type":"yes","residential":true,"residents_est":8,"h3_10":"8a1e2e6a02a7fff","h3_11":"8b1e2e6a02a4fff"},"geometry":{"type":"Polygon","coordinates":[[[19.993847,50.096055],[19.993854,50.095939],[19.993961,50.095941],[19.993962,50.095911],[19.994112,50.095913],[19.994112,50.095963],[19.994095,50.096009],[19.994024,50.095998],[19.993995,50.096032],[19.994,50.096038],[19.993993,50.096034],[19.993947,50.096052],[19.993914,50.096055],[19.993913,50.09606],[19.993909,50.096055],[19.993847,50.096055]]]}},{"type":"Feature","id":"w727081605","properties":{"type":"yes","residential":true,"residents_est":5,"h3_10":"8a1e2e6a02a7fff","h3_11":"8b1e2e6a02a4fff"},"geometry":{"type":"Polygon","coordinates":[[[19.993668,50.095993],[19.993713,50.095977],[19.993724,50.095979],[19.993726,50.09596],[19.993852,50.095963],[19.993847,50.096055],[19.993784,50.096062],[19.993806,50.096089],[19.993802,50.096098],[19.993766,50.096111],[19.993668,50.095993]]]}},{"type":"Feature","id":"w727081606","properties":{"type":"house","residential":true,"residents_est":9,"h3_10":"8a1e2e6a038ffff","h3_11":"8b1e2e6a038afff"},"geometry":{"type":"Polygon","coordinates":[[[19.993461,50.096071],[19.993502,50.096057],[19.99349,50.096042],[19.993554,50.09602],[19.993637,50.096118],[19.993582,50.096138],[19.993606,50.096166],[19.993556,50.096184],[19.993461,50.096071]]]}},{"type":"Feature","id":"w727081607","properties":{"type":"house","residential":true,"residents_est":9,"h3_10":"8a1e2e6a038ffff","h3_11":"8b1e2e6a038afff"},"geometry":{"type":"Polygon","coordinates":[[[19.993357,50.096108],[19.993399,50.096094],[19.993386,50.096078],[19.993448,50.096057],[19.993556,50.096184],[19.99353,50.096156],[19.993478,50.096174],[19.993497,50.096196],[19.993492,50.096207],[19.993452,50.09622],[19.993357,50.096108]]]}},{"type":"Feature","id":"w727081608","properties":{"type":"house","residential":true,"residents_est":8,"h3_10":"8a1e2e6a038ffff","h3_11":"8b1e2e6a038afff"},"geometry":{"type":"Polygon","coordinates":[[[19.99324,50.096128],[19.993303,50.096107],[19.993316,50.096122],[19.993357,50.096108],[19.993452,50.09622],[19.993418,50.096232],[19.9934,50.09623],[19.993382,50.096208],[19.993324,50.096228],[19.99324,50.096128]]]}},{"type":"Feature","id":"w727081609","properties":{"type":"house","residential":true,"residents_est":9,"h3_10":"8a1e2e6a039ffff","h3_11":"8b1e2e6a039dfff"},"geometry":{"type":"Polygon","coordinates":[[[19.993148,50.096181],[19.993191,50.096167],[19.993177,50.096151],[19.99324,50.096128],[19.993324,50.096228],[19.993268,50.096248],[19.993288,50.096271],[19.993283,50.09628],[19.993244,50.096294],[19.993148,50.096181]]]}},{"type":"Feature","id":"w727081611","properties":{"type":"house","residential":true,"residents_est":9,"h3_10":"8a1e2e6a039ffff","h3_11":"8b1e2e6a039dfff"},"geometry":{"type":"Polygon","coordinates":[[[19.993029,50.096203],[19.993095,50.09618],[19.993108,50.096195],[19.993148,50.096181],[19.993244,50.096294],[19.993207,50.096307],[19.99319,50.096302],[19.993172,50.096281],[19.993113,50.096301],[19.993029,50.096203]]]}},{"type":"Feature","id":"w727081612","properties":{"type":"house","residential":true,"residents_est":8,"h3_10":"8a1e2e6a039ffff","h3_11":"8b1e2e6a039dfff"},"geometry":{"type":"Polygon","coordinates":[[[19.992752,50.096346],[19.992853,50.096304],[19.992946,50.096388],[19.99291,50.096404],[19.992927,50.096419],[19.992863,50.096448],[19.992752,50.096346]]]}},{"type":"Feature","id":"w727081613","properties":{"type":"house","residential":true,"residents_est":8,"h3_10":"8a1e2e6a039ffff","h3_11":"8b1e2e6a039dfff"},"geometry":{"type":"Polygon","coordinates":[[[19.992656,50.096389],[19.992752,50.096346],[19.992863,50.096448],[19.992844,50.096434],[19.992814,50.096447],[19.99284,50.096471],[19.992816,50.096483],[19.992806,50.096474],[19.992767,50.096492],[19.992656,50.096389]]]}},{"type":"Feature","id":"w727081614","properties":{"type":"house","residential":true,"residents_est":9,"h3_10":"8a1e2e6a0387fff","h3_11":"8b1e2e6a0383fff"},"geometry":{"type":"Polygon","coordinates":[[[19.992557,50.096434],[19.992656,50.096394],[19.992656,50.096389],[19.992767,50.096492],[19.992748,50.096478],[19.992719,50.096492],[19.992745,50.096515],[19.992721,50.096525],[19.992712,50.096517],[19.99267,50.096535],[19.992557,50.096434]]]}},{"type":"Feature","id":"w727081615","properties":{"type":"house","residential":true,"residents_est":9,"h3_10":"8a1e2e6a0387fff","h3_11":"8b1e2e6a0383fff"},"geometry":{"type":"Polygon","coordinates":[[[19.992464,50.096481],[19.992557,50.096434],[19.992683,50.09655],[19.992618,50.096579],[19.992587,50.09655],[19.992555,50.096565],[19.992464,50.096481]]]}},{"type":"Feature","id":"w727081616","properties":{"type":"house","residential":true,"residents_est":8,"h3_10":"8a1e2e6a0387fff","h3_11":"8b1e2e6a0383fff"},"geometry":{"type":"Polygon","coordinates":[[[19.992363,50.09652],[19.992464,50.096481],[19.992555,50.096565],[19.992523,50.09658],[19.992555,50.096608],[19.992528,50.09662],[19.992513,50.096607],[19.992476,50.096623],[19.992363,50.09652]]]}},{"type":"Feature","id":"w727081617","properties":{"type":"house","residential":true,"residents_est":11,"h3_10":"8a1e2e6a0387fff","h3_11":"8b1e2e6a0383fff"},"geometry":{"type":"Polygon","coordinates":[[[19.992245,50.096581],[19.992363,50.09652],[19.992488,50.096636],[19.992427,50.096666],[19.992395,50.096638],[19.992346,50.096661],[19.992356,50.096669],[19.992351,50.096672],[19.992245,50.096581]]]}},{"type":"Feature","id":"w727081618","properties":{"type":"house","residential":true,"residents_est":8,"h3_10":"8a1e2e6a0387fff","h3_11":"8b1e2e6a0382fff"},"geometry":{"type":"Polygon","coordinates":[[[19.992031,50.096707],[19.992114,50.096653],[19.992086,50.096633],[19.992263,50.096748],[19.992229,50.09677],[19.992193,50.096747],[19.992143,50.096779],[19.992031,50.096707]]]}},{"type":"Feature","id":"w727081619","properties":{"type":"house","residential":true,"residents_est":8,"h3_10":"8a1e2e6a0387fff","h3_11":"8b1e2e6a0382fff"},"geometry":{"type":"Polygon","coordinates":[[[19.991948,50.09676],[19.992003,50.096725],[19.992019,50.096735],[19.992044,50.096718],[19.992001,50.096688],[19.992143,50.096779],[19.992092,50.096812],[19.992127,50.096835],[19.992096,50.096855],[19.991948,50.09676]]]}},{"type":"Feature","id":"w727081620","properties":{"type":"yes","residential":true,"residents_est":4,"h3_10":"8a1e2e6a0387fff","h3_11":"8b1e2e6a0382fff"},"geometry":{"type":"Polygon","coordinates":[[[19.991834,50.096795],[19.991881,50.096823],[19.991907,50.096806],[19.991892,50.096797],[19.991947,50.096761],[19.991918,50.096742],[19.992096,50.096855],[19.992064,50.096876],[19.992029,50.096853],[19.991976,50.096887],[19.991834,50.096795]]]}},{"type":"Feature","id":"w727081621","properties":{"type":"yes","residential":true,"residents_est":4,"h3_10":"8a1e2e6a0387fff","h3_11":"8b1e2e6a0382fff"},"geometry":{"type":"Polygon","coordinates":[[[19.99175,50.096851],[19.991781,50.096868],[19.991862,50.096816],[19.991829,50.096795],[19.991834,50.096795],[19.991976,50.096887],[19.991925,50.09692],[19.99196,50.096942],[19.991927,50.096964],[19.99175,50.096851]]]}},{"type":"Feature","id":"w727081622","properties":{"type":"house","residential":true,"residents_est":8,"h3_10":"8a1e2e6a0387fff","h3_11":"8b1e2e6a0386fff"},"geometry":{"type":"Polygon","coordinates":[[[19.991651,50.096896],[19.991696,50.096923],[19.991778,50.09687],[19.99175,50.096851],[19.991927,50.096964],[19.991894,50.096985],[19.99186,50.096963],[19.991808,50.096997],[19.991651,50.096896]]]}},{"type":"Feature","id":"w727081623","properties":{"type":"house","residential":true,"residents_est":8,"h3_10":"8a1e2e6a0387fff","h3_11":"8b1e2e6a0386fff"},"geometry":{"type":"Polygon","coordinates":[[[19.991484,50.097004],[19.991529,50.097031],[19.991609,50.096979],[19.991602,50.096973],[19.991757,50.097073],[19.991726,50.097093],[19.99169,50.09707],[19.991639,50.097104],[19.991484,50.097004]]]}},{"type":"Feature","id":"w727081624","properties":{"type":"house","residential":true,"residents_est":10,"h3_10":"8a1e2e6a0387fff","h3_11":"8b1e2e6a0386fff"},"geometry":{"type":"Polygon","coordinates":[[[19.991443,50.097087],[19.991527,50.097032],[19.991639,50.097104],[19.991588,50.097136],[19.991624,50.097159],[19.991566,50.097197],[19.99147,50.097134],[19.991494,50.097119],[19.991443,50.097087]]]}},{"type":"Feature","id":"w727081625","properties":{"type":"house","residential":true,"residents_est":10,"h3_10":"8a1e2e6a0387fff","h3_11":"8b1e2e6a0380fff"},"geometry":{"type":"Polygon","coordinates":[[[19.992052,50.097148],[19.992102,50.097116],[19.992144,50.097143],[19.992178,50.097122],[19.992156,50.097105],[19.992303,50.0972],[19.992218,50.097255],[19.992052,50.097148]]]}},{"type":"Feature","id":"w727081626","properties":{"type":"house","residential":true,"residents_est":10,"h3_10":"8a1e2e6a0387fff","h3_11":"8b1e2e6a0384fff"},"geometry":{"type":"Polygon","coordinates":[[[19.991796,50.097328],[19.991838,50.097289],[19.991882,50.09731],[19.991928,50.097283],[19.992048,50.097359],[19.992024,50.097374],[19.992031,50.097396],[19.992002,50.097421],[19.991796,50.097328]]]}},{"type":"Feature","id":"w727081627","properties":{"type":"house","residential":true,"residents_est":8,"h3_10":"8a1e2e6a0387fff","h3_11":"8b1e2e6a0384fff"},"geometry":{"type":"Polygon","coordinates":[[[19.991892,50.097259],[19.99193,50.097283],[19.99201,50.097231],[19.991992,50.097217],[19.992134,50.097309],[19.992048,50.097359],[19.991892,50.097259]]]}},{"type":"Feature","id":"w727081628","properties":{"type":"house","residential":true,"residents_est":8,"h3_10":"8a1e2e6a0387fff","h3_11":"8b1e2e6a0384fff"},"geometry":{"type":"Polygon","coordinates":[[[19.992012,50.09723],[19.992093,50.097177],[19.992052,50.097148],[19.992218,50.097255],[19.992134,50.097309],[19.992012,50.09723]]]}},{"type":"Feature","id":"w727081629","properties":{"type":"house","residential":true,"residents_est":9,"h3_10":"8a1e2e6a0387fff","h3_11":"8b1e2e6a0380fff"},"geometry":{"type":"Polygon","coordinates":[[[19.992166,50.097067],[19.992172,50.097069],[19.992219,50.097038],[19.992386,50.097146],[19.992303,50.0972],[19.992179,50.09712],[19.992213,50.097098],[19.992166,50.097067]]]}},{"type":"Feature","id":"w727081630","properties":{"type":"house","residential":true,"residents_est":9,"h3_10":"8a1e2e6a0387fff","h3_11":"8b1e2e6a0380fff"},"geometry":{"type":"Polygon","coordinates":[[[19.992219,50.097038],[19.992267,50.097007],[19.992311,50.097035],[19.992344,50.097014],[19.992324,50.096998],[19.99247,50.097092],[19.992386,50.097146],[19.992219,50.097038]]]}},{"type":"Feature","id":"w727081631","properties":{"type":"house","residential":true,"residents_est":9,"h3_10":"8a1e2e6a0387fff","h3_11":"8b1e2e6a0380fff"},"geometry":{"type":"Polygon","coordinates":[[[19.992347,50.097012],[19.992392,50.096983],[19.99238,50.096975],[19.992376,50.096952],[19.992389,50.096931],[19.992556,50.097039],[19.992474,50.097094],[19.992347,50.097012]]]}},{"type":"Feature","id":"w727081632","properties":{"type":"house","residential":true,"residents_est":10,"h3_10":"8a1e2e6a0387fff","h3_11":"8b1e2e6a0380fff"},"geometry":{"type":"Polygon","coordinates":[[[19.992427,50.096955],[19.992477,50.096924],[19.992443,50.096902],[19.99248,50.096879],[19.992646,50.096981],[19.992556,50.097039],[19.992427,50.096955]]]}},{"type":"Feature","id":"w727081633","properties":{"type":"house","residential":true,"residents_est":10,"h3_10":"8a1e2e6a0387fff","h3_11":"8b1e2e6a0381fff"},"geometry":{"type":"Polygon","coordinates":[[[19.992571,50.096826],[19.992623,50.096801],[19.992645,50.096819],[19.992687,50.096798],[19.992818,50.096909],[19.992767,50.096933],[19.992752,50.09692],[19.992707,50.096942],[19.992571,50.096826]]]}},{"type":"Feature","id":"w727081634","properties":{"type":"house","residential":true,"residents_est":9,"h3_10":"8a1e2e6a0387fff","h3_11":"8b1e2e6a0383fff"},"geometry":{"type":"Polygon","coordinates":[[[19.992687,50.096798],[19.992734,50.096776],[19.992747,50.096787],[19.992764,50.096779],[19.992756,50.096769],[19.99276,50.096756],[19.992775,50.096747],[19.992897,50.096851],[19.992848,50.096875],[19.992862,50.096887],[19.992818,50.096909],[19.992687,50.096798]]]}},{"type":"Feature","id":"w727081635","properties":{"type":"house","residential":true,"residents_est":11,"h3_10":"8a1e2e6a0387fff","h3_11":"8b1e2e6a0383fff"},"geometry":{"type":"Polygon","coordinates":[[[19.992719,50.096697],[19.992747,50.096719],[19.992801,50.096693],[19.992833,50.09672],[19.992872,50.096702],[19.993008,50.096818],[19.992961,50.09684],[19.992945,50.096828],[19.992897,50.096851],[19.992719,50.096697]]]}},{"type":"Feature","id":"w727081636","properties":{"type":"house","residential":true,"residents_est":9,"h3_10":"8a1e2e6a038ffff","h3_11":"8b1e2e6a038efff"},"geometry":{"type":"Polygon","coordinates":[[[19.992872,50.096702],[19.992921,50.096678],[19.992941,50.096695],[19.992956,50.096688],[19.992945,50.096679],[19.992947,50.096666],[19.992967,50.096656],[19.993087,50.096758],[19.993037,50.096781],[19.993054,50.096795],[19.993008,50.096818],[19.992872,50.096702]]]}},{"type":"Feature","id":"w727081637","properties":{"type":"house","residential":true,"residents_est":9,"h3_10":"8a1e2e6a038ffff","h3_11":"8b1e2e6a038efff"},"geometry":{"type":"Polygon","coordinates":[[[19.992967,50.096656],[19.993006,50.096649],[19.993017,50.096659],[19.993035,50.09665],[19.993022,50.096639],[19.993069,50.096617],[19.993196,50.096725],[19.99315,50.096748],[19.993135,50.096735],[19.993087,50.096758],[19.992967,50.096656]]]}},{"type":"Feature","id":"w727081638","properties":{"type":"house","residential":true,"residents_est":10,"h3_10":"8a1e2e6a038ffff","h3_11":"8b1e2e6a038efff"},"geometry":{"type":"Polygon","coordinates":[[[19.993069,50.096617],[19.993111,50.096596],[19.993087,50.096576],[19.993142,50.09655],[19.993278,50.096666],[19.993228,50.09669],[19.993243,50.096703],[19.993196,50.096725],[19.993069,50.096617]]]}},{"type":"Feature","id":"w727081639","properties":{"type":"house","residential":true,"residents_est":9,"h3_10":"8a1e2e6a038ffff","h3_11":"8b1e2e6a038efff"},"geometry":{"type":"Polygon","coordinates":[[[19.993246,50.096477],[19.993273,50.096505],[19.993316,50.09649],[19.993312,50.096485],[19.993334,50.096478],[19.993324,50.096466],[19.993326,50.096453],[19.99335,50.096438],[19.993458,50.096566],[19.993351,50.096603],[19.993246,50.096477]]]}},{"type":"Feature","id":"w727081640","properties":{"type":"house","residential":true,"residents_est":8,"h3_10":"8a1e2e6a038ffff","h3_11":"8b1e2e6a038efff"},"geometry":{"type":"Polygon","coordinates":[[[19.99335,50.096438],[19.993403,50.096439],[19.993416,50.096455],[19.993479,50.096433],[19.993561,50.09653],[19.993458,50.096566],[19.99335,50.096438]]]}},{"type":"Feature","id":"w727081641","properties":{"type":"house","residential":true,"residents_est":9,"h3_10":"8a1e2e6a038ffff","h3_11":"8b1e2e6a038afff"},"geometry":{"type":"Polygon","coordinates":[[[19.993466,50.096416],[19.993481,50.096432],[19.993541,50.096412],[19.993529,50.096397],[19.993531,50.096383],[19.993555,50.096362],[19.993666,50.096493],[19.993561,50.09653],[19.993466,50.096416]]]}},{"type":"Feature","id":"w727081642","properties":{"type":"house","residential":true,"residents_est":9,"h3_10":"8a1e2e6a038ffff","h3_11":"8b1e2e6a038afff"},"geometry":{"type":"Polygon","coordinates":[[[19.993555,50.096362],[19.993596,50.096359],[19.993618,50.096365],[19.993627,50.096376],[19.993644,50.09637],[19.993648,50.096375],[19.993689,50.09636],[19.993771,50.096457],[19.993666,50.096493],[19.993555,50.096362]]]}},{"type":"Feature","id":"w727081643","properties":{"type":"house","residential":true,"residents_est":9,"h3_10":"8a1e2e6a038ffff","h3_11":"8b1e2e6a038afff"},"geometry":{"type":"Polygon","coordinates":[[[19.993665,50.096331],[19.993691,50.09636],[19.993736,50.096346],[19.99373,50.09634],[19.993748,50.096334],[19.993737,50.096321],[19.99374,50.096307],[19.993766,50.096289],[19.993876,50.09642],[19.993771,50.096457],[19.993665,50.096331]]]}},{"type":"Feature","id":"w727081644","properties":{"type":"house","residential":true,"residents_est":9,"h3_10":"8a1e2e6a038ffff","h3_11":"8b1e2e6a038afff"},"geometry":{"type":"Polygon","coordinates":[[[19.993766,50.096289],[19.99381,50.096286],[19.993825,50.096291],[19.99384,50.096308],[19.9939,50.096287],[19.993981,50.096384],[19.993876,50.09642],[19.993766,50.096289]]]}},{"type":"Feature","id":"w727081645","properties":{"type":"house","residential":true,"residents_est":9,"h3_10":"8a1e2e6a038ffff","h3_11":"8b1e2e6a038afff"},"geometry":{"type":"Polygon","coordinates":[[[19.993886,50.096271],[19.993903,50.096286],[19.993959,50.096267],[19.993944,50.096246],[19.993959,50.096224],[19.993976,50.096216],[19.994087,50.096347],[19.993981,50.096384],[19.993886,50.096271]]]}},{"type":"Feature","id":"w727081646","properties":{"type":"house","residential":true,"residents_est":9,"h3_10":"8a1e2e6a038ffff","h3_11":"8b1e2e6a038bfff"},"geometry":{"type":"Polygon","coordinates":[[[19.993976,50.096216],[19.994013,50.096214],[19.994034,50.096219],[19.994044,50.096231],[19.99411,50.096214],[19.994191,50.096311],[19.994087,50.096347],[19.993976,50.096216]]]}},{"type":"Feature","id":"w727081647","properties":{"type":"house","residential":true,"residents_est":9,"h3_10":"8a1e2e6a038ffff","h3_11":"8b1e2e6a038bfff"},"geometry":{"type":"Polygon","coordinates":[[[19.994085,50.096184],[19.994113,50.096213],[19.994155,50.0962],[19.994151,50.096195],[19.99417,50.096187],[19.99416,50.096175],[19.994163,50.096163],[19.99419,50.096146],[19.994298,50.096274],[19.994191,50.096311],[19.994085,50.096184]]]}},{"type":"Feature","id":"w727081648","properties":{"type":"house","residential":true,"residents_est":13,"h3_10":"8a1e2e6a038ffff","h3_11":"8b1e2e6a038bfff"},"geometry":{"type":"Polygon","coordinates":[[[19.994247,50.096447],[19.994367,50.096406],[19.994484,50.096543],[19.994445,50.096556],[19.994454,50.096568],[19.994451,50.096578],[19.994429,50.096586],[19.994421,50.096577],[19.99437,50.096594],[19.994247,50.096447]]]}},{"type":"Feature","id":"w727081649","properties":{"type":"house","residential":true,"residents_est":9,"h3_10":"8a1e2e6a038ffff","h3_11":"8b1e2e6a0388fff"},"geometry":{"type":"Polygon","coordinates":[[[19.99417,50.096514],[19.994272,50.096478],[19.99437,50.096594],[19.994267,50.09663],[19.99417,50.096514]]]}},{"type":"Feature","id":"w727081650","properties":{"type":"house","residential":true,"residents_est":9,"h3_10":"8a1e2e6a038ffff","h3_11":"8b1e2e6a0388fff"},"geometry":{"type":"Polygon","coordinates":[[[19.994065,50.096551],[19.99417,50.096514],[19.994267,50.09663],[19.994162,50.096666],[19.994065,50.096551]]]}},{"type":"Feature","id":"w727081651","properties":{"type":"house","residential":true,"residents_est":9,"h3_10":"8a1e2e6a038ffff","h3_11":"8b1e2e6a0388fff"},"geometry":{"type":"Polygon","coordinates":[[[19.993959,50.096586],[19.994065,50.096551],[19.994162,50.096666],[19.994118,50.096682],[19.994111,50.096673],[19.994094,50.096679],[19.994101,50.096688],[19.994056,50.096703],[19.993959,50.096586]]]}},{"type":"Feature","id":"w727081652","properties":{"type":"house","residential":true,"residents_est":9,"h3_10":"8a1e2e6a038ffff","h3_11":"8b1e2e6a0388fff"},"geometry":{"type":"Polygon","coordinates":[[[19.993855,50.096622],[19.993959,50.096586],[19.994056,50.096703],[19.994015,50.096717],[19.994007,50.096709],[19.993989,50.096715],[19.993996,50.096724],[19.993953,50.096739],[19.993855,50.096622]]]}},{"type":"Feature","id":"w727081653","properties":{"type":"house","residential":true,"residents_est":9,"h3_10":"8a1e2e6a038ffff","h3_11":"8b1e2e6a0388fff"},"geometry":{"type":"Polygon","coordinates":[[[19.99375,50.096659],[19.993855,50.096622],[19.993953,50.096739],[19.993911,50.096753],[19.993903,50.096745],[19.993885,50.096751],[19.993892,50.09676],[19.993848,50.096775],[19.99375,50.096659]]]}},{"type":"Feature","id":"w727081654","properties":{"type":"house","residential":true,"residents_est":9,"h3_10":"8a1e2e6a038ffff","h3_11":"8b1e2e6a0388fff"},"geometry":{"type":"Polygon","coordinates":[[[19.993645,50.096695],[19.99375,50.096659],[19.993849,50.096777],[19.993807,50.096792],[19.993799,50.096783],[19.993781,50.096789],[19.993788,50.096798],[19.993745,50.096813],[19.993645,50.096695]]]}},{"type":"Feature","id":"w727081655","properties":{"type":"house","residential":true,"residents_est":10,"h3_10":"8a1e2e6a038ffff","h3_11":"8b1e2e6a038cfff"},"geometry":{"type":"Polygon","coordinates":[[[19.993538,50.096732],[19.993645,50.096695],[19.993745,50.096813],[19.993701,50.096828],[19.993694,50.096819],[19.993676,50.096825],[19.993683,50.096834],[19.993637,50.09685],[19.993538,50.096732]]]}},{"type":"Feature","id":"w727081656","properties":{"type":"house","residential":true,"residents_est":9,"h3_10":"8a1e2e6a038ffff","h3_11":"8b1e2e6a038efff"},"geometry":{"type":"Polygon","coordinates":[[[19.993297,50.096811],[19.993352,50.096785],[19.993364,50.096795],[19.993406,50.096775],[19.993532,50.096883],[19.993486,50.096905],[19.993468,50.09689],[19.993418,50.096914],[19.993297,50.096811]]]}},{"type":"Feature","id":"w727081657","properties":{"type":"yes","residential":true,"residents_est":5,"h3_10":"8a1e2e6a0387fff","h3_11":"8b1e2e6a0381fff"},"geometry":{"type":"Polygon","coordinates":[[[19.993203,50.096856],[19.993217,50.096866],[19.993254,50.096849],[19.993241,50.096838],[19.993297,50.096811],[19.993418,50.096914],[19.993367,50.096939],[19.993384,50.096953],[19.993342,50.096974],[19.993203,50.096856]]]}},{"type":"Feature","id":"w727081658","properties":{"type":"yes","residential":true,"residents_est":5,"h3_10":"8a1e2e6a0387fff","h3_11":"8b1e2e6a0381fff"},"geometry":{"type":"Polygon","coordinates":[[[19.99312,50.096913],[19.99316,50.096894],[19.993148,50.096883],[19.993203,50.096856],[19.993342,50.096974],[19.99333,50.09698],[19.993284,50.096975],[19.993271,50.096981],[19.99329,50.096998],[19.993246,50.097019],[19.99312,50.096913]]]}},{"type":"Feature","id":"w727081659","properties":{"type":"house","residential":true,"residents_est":9,"h3_10":"8a1e2e6a0387fff","h3_11":"8b1e2e6a0381fff"},"geometry":{"type":"Polygon","coordinates":[[[19.993013,50.096949],[19.99307,50.09692],[19.993083,50.096931],[19.99312,50.096913],[19.993246,50.097019],[19.993233,50.09701],[19.993193,50.097029],[19.993203,50.09704],[19.993187,50.097026],[19.993134,50.097051],[19.993013,50.096949]]]}},{"type":"Feature","id":"w727081660","properties":{"type":"house","residential":true,"residents_est":9,"h3_10":"8a1e2e6a0387fff","h3_11":"8b1e2e6a0381fff"},"geometry":{"type":"Polygon","coordinates":[[[19.992918,50.096995],[19.992933,50.097004],[19.992969,50.096986],[19.992956,50.096976],[19.993013,50.096949],[19.993135,50.097053],[19.993084,50.097077],[19.9931,50.097091],[19.993056,50.097112],[19.992918,50.096995]]]}},{"type":"Feature","id":"w727081661","properties":{"type":"house","residential":true,"residents_est":9,"h3_10":"8a1e2e6a0387fff","h3_11":"8b1e2e6a0381fff"},"geometry":{"type":"Polygon","coordinates":[[[19.992836,50.097052],[19.992875,50.097032],[19.992862,50.097021],[19.992918,50.096995],[19.993056,50.097112],[19.993037,50.0971],[19.99299,50.097122],[19.993006,50.097136],[19.99296,50.097158],[19.992836,50.097052]]]}},{"type":"Feature","id":"w727081662","properties":{"type":"yes","residential":true,"residents_est":3,"h3_10":"8a1e2e6a031ffff","h3_11":"8b1e2e6a031afff"},"geometry":{"type":"Polygon","coordinates":[[[19.994739,50.098005],[19.994915,50.097981],[19.994904,50.098111],[19.994739,50.098005]]]}},{"type":"Feature","id":"w727081663","properties":{"type":"yes","residential":true,"residents_est":2,"h3_10":"8a1e2e6a031ffff","h3_11":"8b1e2e6a031afff"},"geometry":{"type":"Polygon","coordinates":[[[19.994798,50.098222],[19.994801,50.098122],[19.994828,50.098122],[19.994898,50.098168],[19.994893,50.098226],[19.994798,50.098222]]]}},{"type":"Feature","id":"w727081664","properties":{"type":"yes","address":"Teodora Parnickiego 22","residential":true,"residents_est":25,"h3_10":"8a1e2e6a031ffff","h3_11":"8b1e2e6a0318fff"},"geometry":{"type":"Polygon","coordinates":[[[19.994705,50.0983],[19.994818,50.098305],[19.994822,50.098273],[19.994888,50.098276],[19.994862,50.09853],[19.994744,50.098556],[19.994707,50.098553],[19.994705,50.0983]]]}},{"type":"Feature","id":"w727081665","properties":{"type":"commercial","address":"Osiedle Złotego Wieku 52a","residential":false,"residents_est":0,"h3_10":"8a1e2e6a0357fff","h3_11":"8b1e2e6a0353fff"},"geometry":{"type":"Polygon","coordinates":[[[19.998754,50.098695],[19.998795,50.098644],[19.998854,50.098664],[19.998813,50.098714],[19.998754,50.098695]]]}},{"type":"Feature","id":"w727081666","properties":{"type":"retail","residential":false,"residents_est":0,"h3_10":"8a1e2e6a0267fff","h3_11":"8b1e2e6a0260fff"},"geometry":{"type":"Polygon","coordinates":[[[20.002033,50.09823],[20.002072,50.098192],[20.002118,50.098211],[20.002081,50.09825],[20.002033,50.09823]]]}},{"type":"Feature","id":"w727081672","properties":{"type":"yes","residential":true,"residents_est":3,"h3_10":"8a1e2e6a02effff","h3_11":"8b1e2e6a02ebfff"},"geometry":{"type":"Polygon","coordinates":[[[20.001715,50.094722],[20.001807,50.094711],[20.001833,50.094814],[20.001742,50.094826],[20.001715,50.094722]]]}},{"type":"Feature","id":"w727081673","properties":{"type":"yes","residential":true,"residents_est":2,"h3_10":"8a1e2e6a02effff","h3_11":"8b1e2e6a02ebfff"},"geometry":{"type":"Polygon","coordinates":[[[20.001574,50.094797],[20.00173,50.094776],[20.001741,50.094826],[20.001584,50.094843],[20.001574,50.094797]]]}},{"type":"Feature","id":"w727081674","properties":{"type":"yes","residential":true,"residents_est":3,"h3_10":"8a1e2e6a02effff","h3_11":"8b1e2e6a02ebfff"},"geometry":{"type":"Polygon","coordinates":[[[20.001558,50.094739],[20.001715,50.094722],[20.00173,50.094776],[20.001574,50.094797],[20.001558,50.094739]]]}},{"type":"Feature","id":"w727081675","properties":{"type":"yes","residential":true,"residents_est":3,"h3_10":"8a1e2e6a02effff","h3_11":"8b1e2e6a02ebfff"},"geometry":{"type":"Polygon","coordinates":[[[20.001467,50.094748],[20.001558,50.094739],[20.001584,50.094843],[20.001496,50.094854],[20.001467,50.094748]]]}},{"type":"Feature","id":"w727081676","properties":{"type":"service","residential":false,"residents_est":0,"h3_10":"8a1e2e6a02effff","h3_11":"8b1e2e6a02ebfff"},"geometry":{"type":"Polygon","coordinates":[[[20.00151,50.094909],[20.001599,50.094899],[20.001613,50.094955],[20.001524,50.094965],[20.00151,50.094909]]]}},{"type":"Feature","id":"w727081678","properties":{"type":"retail","levels":2.0,"residential":false,"residents_est":0,"h3_10":"8a1e2e6a02e7fff","h3_11":"8b1e2e6a02e2fff"},"geometry":{"type":"Polygon","coordinates":[[[19.998758,50.09514],[19.998876,50.095107],[19.998928,50.095187],[19.998829,50.095216],[19.998804,50.095207],[19.998758,50.09514]]]}},{"type":"Feature","id":"w727081679","properties":{"type":"retail","levels":2.0,"residential":false,"residents_est":0,"h3_10":"8a1e2e6a02e7fff","h3_11":"8b1e2e6a02e2fff"},"geometry":{"type":"Polygon","coordinates":[[[19.998876,50.095107],[19.99906,50.095059],[19.999104,50.095124],[19.999011,50.09515],[19.99902,50.095163],[19.998928,50.095187],[19.998876,50.095107]]]}},{"type":"Feature","id":"w727081680","properties":{"type":"yes","residential":true,"residents_est":2,"h3_10":"8a1e2e6a02c7fff","h3_11":"8b1e2e6a02c5fff"},"geometry":{"type":"Polygon","coordinates":[[[19.999994,50.095053],[20.000153,50.095011],[20.000176,50.095047],[20.000016,50.095089],[19.999994,50.095053]]]}},{"type":"Feature","id":"w727081681","properties":{"type":"yes","residential":true,"residents_est":2,"h3_10":"8a1e2e6a02effff","h3_11":"8b1e2e6a02eefff"},"geometry":{"type":"Polygon","coordinates":[[[20.000169,50.095006],[20.00033,50.094962],[20.000354,50.094999],[20.000193,50.095042],[20.000169,50.095006]]]}},{"type":"Feature","id":"w727081682","properties":{"type":"yes","residential":true,"residents_est":2,"h3_10":"8a1e2e6a02c7fff","h3_11":"8b1e2e6a02c5fff"},"geometry":{"type":"Polygon","coordinates":[[[20.000281,50.094855],[20.000292,50.094852],[20.000289,50.094846],[20.000443,50.094812],[20.000466,50.094847],[20.000304,50.09489],[20.000281,50.094855]]]}},{"type":"Feature","id":"w727081685","properties":{"type":"yes","residential":false,"residents_est":0,"h3_10":"8a1e2e6a02c7fff","h3_11":"8b1e2e6a02c5fff"},"geometry":{"type":"Polygon","coordinates":[[[19.999927,50.094794],[19.999998,50.094775],[20.00002,50.094811],[19.999949,50.094829],[19.999927,50.094794]]]}},{"type":"Feature","id":"w727081686","properties":{"type":"yes","residential":false,"residents_est":0,"h3_10":"8a1e2e6a02c7fff","h3_11":"8b1e2e6a02c5fff"},"geometry":{"type":"Polygon","coordinates":[[[20.000075,50.094759],[20.000181,50.094732],[20.000199,50.094761],[20.000094,50.094789],[20.000075,50.094759]]]}},{"type":"Feature","id":"w727081687","properties":{"type":"yes","residential":false,"residents_est":0,"h3_10":"8a1e2e6a02c7fff","h3_11":"8b1e2e6a02c5fff"},"geometry":{"type":"Polygon","coordinates":[[[20.000205,50.094723],[20.000311,50.094695],[20.00033,50.094726],[20.000225,50.094753],[20.000205,50.094723]]]}},{"type":"Feature","id":"w727081688","properties":{"type":"yes","residential":false,"residents_est":0,"h3_10":"8a1e2e6a02c7fff","h3_11":"8b1e2e6a02c1fff"},"geometry":{"type":"Polygon","coordinates":[[[20.000336,50.094688],[20.00044,50.09466],[20.00046,50.09469],[20.000355,50.094718],[20.000336,50.094688]]]}},{"type":"Feature","id":"w727081690","properties":{"type":"service","address":"Osiedle Złotego Wieku 36a","residential":false,"residents_est":0,"h3_10":"8a1e2e6a026ffff","h3_11":"8b1e2e6a026bfff"},"geometry":{"type":"Polygon","coordinates":[[[20.004138,50.097365],[20.004201,50.097343],[20.004233,50.097384],[20.004171,50.097405],[20.004138,50.097365]]]}},{"type":"Feature","id":"w972382235","properties":{"type":"service","address":"Osiedle Tysiąclecia 44","residential":false,"residents_est":0,"h3_10":"8a1e2e6a02dffff","h3_11":"8b1e2e6a02d9fff"},"geometry":{"type":"Polygon","coordinates":[[[20.000734,50.093376],[20.000745,50.093331],[20.000813,50.093338],[20.000805,50.093383],[20.000734,50.093376]]]}},{"type":"Feature","id":"w975315073","properties":{"type":"garbage_shed","residential":false,"residents_est":0,"h3_10":"8a1e2e6a02effff","h3_11":"8b1e2e6a02ebfff"},"geometry":{"type":"Polygon","coordinates":[[[20.00131,50.09503],[20.001393,50.095028],[20.001396,50.095072],[20.001312,50.095074],[20.00131,50.09503]]]}},{"type":"Feature","id":"w1013316551","properties":{"type":"yes","residential":false,"residents_est":0,"h3_10":"8a1e2e6a036ffff","h3_11":"8b1e2e6a036cfff"},"geometry":{"type":"Polygon","coordinates":[[[20.00096,50.100701],[20.00098,50.100673],[20.000985,50.100653],[20.001054,50.10067],[20.001028,50.100716],[20.00096,50.100701]]]}},{"type":"Feature","id":"w1013316552","properties":{"type":"yes","residential":false,"residents_est":0,"h3_10":"8a1e2e6a036ffff","h3_11":"8b1e2e6a0368fff"},"geometry":{"type":"Polygon","coordinates":[[[20.001139,50.100293],[20.001168,50.100241],[20.001243,50.100259],[20.001214,50.10031],[20.001139,50.100293]]]}},{"type":"Feature","id":"w1015344147","properties":{"type":"bunker","residential":false,"residents_est":0,"h3_10":"8a1e2e6a0347fff","h3_11":"8b1e2e6a0344fff"},"geometry":{"type":"Polygon","coordinates":[[[19.998776,50.100217],[19.999314,50.099798],[19.999408,50.099848],[19.99887,50.100267],[19.998776,50.100217]]]}},{"type":"Feature","id":"w1015344148","properties":{"type":"bunker","residential":false,"residents_est":0,"h3_10":"8a1e2e6a0377fff","h3_11":"8b1e2e6a0371fff"},"geometry":{"type":"Polygon","coordinates":[[[19.998184,50.100269],[19.999278,50.099416],[19.999448,50.099506],[19.998354,50.100359],[19.998184,50.100269]]]}},{"type":"Feature","id":"w1457827093","properties":{"type":"transportation","levels":1.0,"name":"Punkt socjalny - PKR","residential":false,"residents_est":0,"h3_10":"8a1e2e6a02affff","h3_11":"8b1e2e6a02abfff"},"geometry":{"type":"Polygon","coordinates":[[[19.996454,50.094977],[19.99649,50.094959],[19.99656,50.095016],[19.996524,50.095034],[19.996454,50.094977]]]}}]}