{"type":"FeatureCollection","features":[{"type":"Feature","id":"w107575291","properties":{"type":"yes","address":"Osiedle Na Skarpie 67","residential":true,"residents_est":59,"h3_10":"8a1e2e6aa1a7fff","h3_11":"8b1e2e6aa1a5fff"},"geometry":{"type":"Polygon","coordinates":[[[20.048411,50.065421],[20.04842,50.065305],[20.048553,50.065309],[20.048555,50.065282],[20.048545,50.065281],[20.048575,50.064894],[20.048584,50.064894],[20.048587,50.064866],[20.048454,50.064862],[20.048463,50.064746],[20.048502,50.064747],[20.048504,50.06472],[20.048886,50.064731],[20.048884,50.064757],[20.048927,50.064759],[20.048916,50.064875],[20.048784,50.064872],[20.048781,50.064899],[20.048794,50.0649],[20.048762,50.065287],[20.048754,50.065287],[20.048751,50.065314],[20.048884,50.065318],[20.048872,50.065463],[20.04845,50.065449],[20.048451,50.065422],[20.048411,50.065421]]]}},{"type":"Feature","id":"w107575308","properties":{"type":"yes","address":"Tadeusza Ptaszyckiego 6","name":"Centrum Rozwoju Com Com Zone","residential":true,"residents_est":212,"h3_10":"8a1e2e6aa067fff","h3_11":"8b1e2e6aa063fff"},"geometry":{"type":"Polygon","coordinates":[[[20.058131,50.064713],[20.058211,50.064253],[20.058962,50.064307],[20.058972,50.064242],[20.059239,50.064196],[20.05961,50.064221],[20.059508,50.064885],[20.058421,50.064822],[20.058436,50.064734],[20.058131,50.064713]]]}},{"type":"Feature","id":"w107656842","properties":{"type":"garages","residential":false,"residents_est":0,"h3_10":"8a1e2e6aa127fff","h3_11":"8b1e2e6aa121fff"},"geometry":{"type":"Polygon","coordinates":[[[20.051208,50.067493],[20.051371,50.067464],[20.051474,50.067705],[20.05131,50.067733],[20.051208,50.067493]]]}},{"type":"Feature","id":"w107656844","properties":{"type":"apartments","levels":3.0,"address":"Osiedle Młodości 7","residential":true,"residents_est":29,"h3_10":"8a1e2e6aa127fff","h3_11":"8b1e2e6aa122fff"},"geometry":{"type":"Polygon","coordinates":[[[20.050316,50.067183],[20.050862,50.067085],[20.050916,50.06721],[20.05037,50.067308],[20.050316,50.067183]]]}},{"type":"Feature","id":"w107656845","properties":{"type":"apartments","levels":3.0,"address":"Osiedle Młodości 5","residential":true,"residents_est":30,"h3_10":"8a1e2e6aa127fff","h3_11":"8b1e2e6aa120fff"},"geometry":{"type":"Polygon","coordinates":[[[20.050547,50.067702],[20.051091,50.067603],[20.051149,50.067734],[20.050605,50.067833],[20.050547,50.067702]]]}},{"type":"Feature","id":"w107756235","properties":{"type":"yes","address":"Wacława Sieroszewskiego 3","residential":true,"residents_est":28,"h3_10":"8a1e2e6aa117fff","h3_11":"8b1e2e6aa111fff"},"geometry":{"type":"Polygon","coordinates":[[[20.050133,50.065889],[20.050951,50.065883],[20.050956,50.066021],[20.050363,50.066027],[20.050362,50.065994],[20.050138,50.065998],[20.050133,50.065889]]]}},{"type":"Feature","id":"w107756243","properties":{"type":"roof","residential":false,"residents_est":0,"h3_10":"8a1e2e6aa027fff","h3_11":"8b1e2e6aa026fff"},"geometry":{"type":"Polygon","coordinates":[[[20.052285,50.065265],[20.052287,50.065218],[20.052847,50.065227],[20.052861,50.064959],[20.052919,50.064961],[20.052911,50.065271],[20.052285,50.065265]]]}},{"type":"Feature","id":"w107756246","properties":{"type":"hospital","address":"Wacława Sieroszewskiego 5a","residential":false,"residents_est":0,"h3_10":"8a1e2e6aa117fff","h3_11":"8b1e2e6aa110fff"},"geometry":{"type":"Polygon","coordinates":[[[20.049761,50.065909],[20.049803,50.065337],[20.049786,50.065336],[20.049795,50.065223],[20.049996,50.06523],[20.049979,50.065452],[20.049961,50.065452],[20.049933,50.065818],[20.049951,50.065818],[20.049943,50.065926],[20.049788,50.065922],[20.049788,50.06591],[20.049761,50.065909]]]}},{"type":"Feature","id":"w107756248","properties":{"type":"yes","levels":1.0,"residential":true,"residents_est":5,"h3_10":"8a1e2e6aa007fff","h3_11":"8b1e2e6aa005fff"},"geometry":{"type":"Polygon","coordinates":[[[20.054114,50.063971],[20.054402,50.063936],[20.054432,50.064039],[20.054227,50.064065],[20.054231,50.064164],[20.054235,50.064187],[20.054453,50.06419],[20.05445,50.064296],[20.054133,50.064292],[20.054128,50.064186],[20.054156,50.064186],[20.054149,50.064074],[20.05412,50.064074],[20.054114,50.063971]]]}},{"type":"Feature","id":"w107756254","properties":{"type":"yes","address":"Wacława Sieroszewskiego 5","residential":true,"residents_est":1,"h3_10":"8a1e2e6aa117fff","h3_11":"8b1e2e6aa114fff"},"geometry":{"type":"Polygon","coordinates":[[[20.049553,50.066021],[20.049558,50.065946],[20.049602,50.065947],[20.049604,50.065929],[20.049697,50.065931],[20.049694,50.065988],[20.049668,50.065987],[20.049666,50.066024],[20.049553,50.066021]]]}},{"type":"Feature","id":"w107756256","properties":{"type":"yes","residential":true,"residents_est":14,"h3_10":"8a1e2e6aa007fff","h3_11":"8b1e2e6aa006fff"},"geometry":{"type":"Polygon","coordinates":[[[20.052757,50.063804],[20.053134,50.063785],[20.053152,50.063871],[20.052868,50.063886],[20.052979,50.06411],[20.052896,50.064128],[20.052784,50.063895],[20.052757,50.063804]]]}},{"type":"Feature","id":"w107756261","properties":{"type":"yes","levels":1.0,"address":"Klasztorna 11A","residential":true,"residents_est":1,"h3_10":"8a1e2e6aa037fff","h3_11":"8b1e2e6aa031fff"},"geometry":{"type":"Polygon","coordinates":[[[20.052475,50.063978],[20.052634,50.063932],[20.0527,50.064025],[20.052539,50.064069],[20.052475,50.063978]]]}},{"type":"Feature","id":"w107756269","properties":{"type":"yes","residential":true,"residents_est":11,"h3_10":"8a1e2e6aa187fff","h3_11":"8b1e2e6aa181fff"},"geometry":{"type":"Polygon","coordinates":[[[20.049313,50.063831],[20.049351,50.06382],[20.049333,50.063769],[20.049697,50.06372],[20.049736,50.063826],[20.049333,50.063884],[20.049313,50.063831]]]}},{"type":"Feature","id":"w107756278","properties":{"type":"convent","address":"Wacława Sieroszewskiego 1","name":"Zakon Sióstr Józefitek","residential":false,"residents_est":0,"h3_10":"8a1e2e6aa107fff","h3_11":"8b1e2e6aa103fff"},"geometry":{"type":"Polygon","coordinates":[[[20.051269,50.065933],[20.05158,50.065918],[20.051591,50.066014],[20.0515,50.066019],[20.051499,50.066011],[20.051279,50.066022],[20.051269,50.065933]]]}},{"type":"Feature","id":"w107756281","properties":{"type":"yes","residential":true,"residents_est":4,"h3_10":"8a1e2e6aa187fff","h3_11":"8b1e2e6aa181fff"},"geometry":{"type":"Polygon","coordinates":[[[20.049248,50.063987],[20.049253,50.063933],[20.049773,50.06395],[20.049769,50.064005],[20.049248,50.063987]]]}},{"type":"Feature","id":"w107756291","properties":{"type":"outbuilding","levels":1.0,"residential":false,"residents_est":0,"h3_10":"8a1e2e6aa007fff","h3_11":"8b1e2e6aa001fff"},"geometry":{"type":"Polygon","coordinates":[[[20.054022,50.063845],[20.054038,50.063843],[20.054096,50.063761],[20.054237,50.063726],[20.054757,50.063701],[20.054758,50.063791],[20.054658,50.063795],[20.054658,50.063757],[20.054248,50.063778],[20.05414,50.063809],[20.05409,50.06388],[20.054041,50.063868],[20.05404,50.063876],[20.05405,50.063876],[20.054049,50.063881],[20.054037,50.063881],[20.054037,50.063855],[20.054024,50.063855],[20.054022,50.063845]]]}},{"type":"Feature","id":"w107756293","properties":{"type":"yes","residential":true,"residents_est":13,"h3_10":"8a1e2e6aa18ffff","h3_11":"8b1e2e6aa18cfff"},"geometry":{"type":"Polygon","coordinates":[[[20.05015,50.063688],[20.05058,50.063622],[20.05062,50.063731],[20.050186,50.063798],[20.05015,50.063688]]]}},{"type":"Feature","id":"w107934785","properties":{"type":"apartments","levels":2.0,"address":"Klasztorna 2d","residential":true,"residents_est":24,"h3_10":"8a1e2e6aa12ffff","h3_11":"8b1e2e6aa12efff"},"geometry":{"type":"Polygon","coordinates":[[[20.051368,50.067069],[20.051511,50.067044],[20.051518,50.067061],[20.051555,50.067054],[20.051582,50.067118],[20.051545,50.067124],[20.051561,50.06716],[20.051622,50.067149],[20.051611,50.067124],[20.051713,50.067105],[20.051724,50.067131],[20.05183,50.067113],[20.051787,50.067012],[20.051922,50.066988],[20.051959,50.067073],[20.051922,50.067079],[20.051969,50.06719],[20.051459,50.06728],[20.051368,50.067069]]]}},{"type":"Feature","id":"w107934793","properties":{"type":"apartments","levels":1.0,"address":"Klasztorna 2","name":"Willa Rogozińskich","residential":true,"residents_est":8,"h3_10":"8a1e2e6aa107fff","h3_11":"8b1e2e6aa105fff"},"geometry":{"type":"Polygon","coordinates":[[[20.051628,50.066732],[20.052008,50.066675],[20.052038,50.066763],[20.051976,50.06677],[20.051992,50.066813],[20.051963,50.066817],[20.051998,50.06691],[20.051873,50.06693],[20.051832,50.066818],[20.051761,50.066829],[20.051767,50.066845],[20.05174,50.066849],[20.051744,50.066859],[20.051675,50.066867],[20.051628,50.066732]]]}},{"type":"Feature","id":"w107934797","properties":{"type":"apartments","levels":3.0,"address":"Osiedle Młodości 11","residential":true,"residents_est":35,"h3_10":"8a1e2e6aa137fff","h3_11":"8b1e2e6aa133fff"},"geometry":{"type":"Polygon","coordinates":[[[20.049262,50.066315],[20.049518,50.066271],[20.049495,50.066218],[20.049578,50.066203],[20.0496,50.066256],[20.049803,50.066221],[20.049864,50.066363],[20.049323,50.066458],[20.049262,50.066315]]]}},{"type":"Feature","id":"w107934800","properties":{"type":"yes","levels":1.0,"address":"Klasztorna 2a","residential":true,"residents_est":7,"h3_10":"8a1e2e6aa127fff","h3_11":"8b1e2e6aa121fff"},"geometry":{"type":"Polygon","coordinates":[[[20.051551,50.067431],[20.051714,50.067405],[20.05173,50.067447],[20.051948,50.067413],[20.051905,50.0673],[20.052117,50.067267],[20.052212,50.067516],[20.051861,50.067571],[20.051852,50.067549],[20.051778,50.06756],[20.051771,50.067541],[20.051603,50.067568],[20.051551,50.067431]]]}},{"type":"Feature","id":"w107934806","properties":{"type":"garages","levels":1.0,"residential":false,"residents_est":0,"h3_10":"8a1e2e6aa127fff","h3_11":"8b1e2e6aa121fff"},"geometry":{"type":"Polygon","coordinates":[[[20.051647,50.067301],[20.051787,50.067279],[20.051823,50.067371],[20.051683,50.067393],[20.051647,50.067301]]]}},{"type":"Feature","id":"w107934809","properties":{"type":"garages","residential":false,"residents_est":0,"h3_10":"8a1e2e6aa127fff","h3_11":"8b1e2e6aa121fff"},"geometry":{"type":"Polygon","coordinates":[[[20.051568,50.067622],[20.051714,50.067598],[20.05174,50.067664],[20.051593,50.067687],[20.051568,50.067622]]]}},{"type":"Feature","id":"w107934842","properties":{"type":"apartments","levels":3.0,"address":"Osiedle Młodości 9","residential":true,"residents_est":33,"h3_10":"8a1e2e6aa137fff","h3_11":"8b1e2e6aa130fff"},"geometry":{"type":"Polygon","coordinates":[[[20.04955,50.066968],[20.049746,50.066932],[20.049715,50.066857],[20.049851,50.066833],[20.049884,50.066907],[20.050094,50.066869],[20.050148,50.066993],[20.049605,50.067092],[20.04955,50.066968]]]}},{"type":"Feature","id":"w107934846","properties":{"type":"apartments","levels":3.0,"address":"Osiedle Młodości 10","residential":true,"residents_est":36,"h3_10":"8a1e2e6aa137fff","h3_11":"8b1e2e6aa133fff"},"geometry":{"type":"Polygon","coordinates":[[[20.049407,50.066628],[20.049624,50.06659],[20.049598,50.066529],[20.049719,50.066508],[20.049745,50.066569],[20.049947,50.066533],[20.050009,50.066676],[20.049468,50.066771],[20.049407,50.066628]]]}},{"type":"Feature","id":"w107934855","properties":{"type":"apartments","levels":3.0,"residential":true,"residents_est":75,"h3_10":"8a1e2e6aa127fff","h3_11":"8b1e2e6aa126fff"},"geometry":{"type":"Polygon","coordinates":[[[20.049556,50.06732],[20.050124,50.067218],[20.050187,50.067366],[20.050235,50.067357],[20.050393,50.067721],[20.050344,50.06773],[20.050401,50.067862],[20.049983,50.067937],[20.049924,50.067801],[20.050232,50.067746],[20.050054,50.067337],[20.049598,50.067418],[20.049556,50.06732]]]}},{"type":"Feature","id":"r1740889","properties":{"type":"monastery","levels":2.0,"address":"Klasztorna 11","name":"Opactwo Cystersów w Mogile","residential":false,"residents_est":0,"h3_10":"8a1e2e6aa007fff","h3_11":"8b1e2e6aa004fff"},"geometry":{"type":"Polygon","coordinates":[[[20.05287,50.064257],[20.052878,50.064253],[20.052898,50.064268],[20.052918,50.064269],[20.053399,50.064261],[20.053413,50.064267],[20.053578,50.064266],[20.053576,50.064202],[20.053513,50.064203],[20.053514,50.064212],[20.053483,50.064211],[20.053481,50.064198],[20.053491,50.064198],[20.053489,50.064151],[20.053481,50.064152],[20.053481,50.064142],[20.053489,50.064142],[20.053489,50.064095],[20.053474,50.064087],[20.053489,50.064086],[20.053482,50.063991],[20.053467,50.063986],[20.053473,50.063979],[20.053492,50.063984],[20.053613,50.063981],[20.053612,50.063969],[20.053628,50.063969],[20.05363,50.06398],[20.053725,50.063975],[20.053723,50.063965],[20.053736,50.063963],[20.053739,50.063975],[20.053759,50.063973],[20.053757,50.063984],[20.053738,50.063986],[20.053746,50.064033],[20.05376,50.064032],[20.053761,50.064044],[20.053747,50.064044],[20.053753,50.064091],[20.053818,50.064083],[20.05382,50.064101],[20.053811,50.064101],[20.053828,50.064357],[20.053796,50.064358],[20.053797,50.064347],[20.053741,50.064347],[20.053742,50.064377],[20.053756,50.064386],[20.05375,50.06439],[20.053736,50.064381],[20.053664,50.064382],[20.053663,50.064438],[20.053651,50.06444],[20.053651,50.064455],[20.053662,50.064456],[20.053661,50.064473],[20.05365,50.064473],[20.053651,50.064489],[20.053661,50.064491],[20.05366,50.064572],[20.053678,50.064572],[20.053679,50.064559],[20.053694,50.064559],[20.053694,50.064571],[20.053745,50.064571],[20.053764,50.064562],[20.053772,50.064569],[20.053754,50.064577],[20.053751,50.064625],[20.053762,50.064626],[20.053761,50.064635],[20.053749,50.064635],[20.053745,50.064677],[20.053765,50.064678],[20.053764,50.064688],[20.053745,50.064687],[20.053743,50.064721],[20.053835,50.064723],[20.053835,50.064709],[20.053848,50.064709],[20.053848,50.064723],[20.053869,50.064723],[20.05387,50.064733],[20.05358,50.064728],[20.053586,50.064642],[20.053438,50.064642],[20.053442,50.064721],[20.052908,50.064715],[20.052907,50.064673],[20.052915,50.064669],[20.052895,50.06436],[20.05288,50.06436],[20.052879,50.064347],[20.052888,50.064346],[20.052878,50.064317],[20.052886,50.064317],[20.052886,50.064298],[20.052878,50.064298],[20.052876,50.064269],[20.052887,50.064268],[20.05287,50.064257]],[[20.053126,50.064416],[20.053129,50.064437],[20.053146,50.064437],[20.053147,50.064447],[20.053129,50.064447],[20.053132,50.064469],[20.05315,50.064469],[20.053151,50.064477],[20.053133,50.064478],[20.053136,50.064504],[20.053153,50.064504],[20.053154,50.064513],[20.053135,50.064513],[20.053138,50.064538],[20.053156,50.064538],[20.053157,50.064547],[20.053139,50.064547],[20.053142,50.064573],[20.05316,50.064572],[20.053161,50.064583],[20.053143,50.064583],[20.053146,50.064608],[20.053181,50.064607],[20.05318,50.064597],[20.053196,50.064597],[20.053196,50.064607],[20.053231,50.064607],[20.05323,50.064597],[20.053244,50.064597],[20.053245,50.064607],[20.053279,50.064606],[20.053278,50.064596],[20.053293,50.064596],[20.053292,50.064607],[20.053327,50.064606],[20.053327,50.064596],[20.053342,50.064597],[20.053341,50.064607],[20.053376,50.064606],[20.053377,50.064595],[20.053393,50.064597],[20.053392,50.064607],[20.053425,50.064606],[20.053426,50.064582],[20.053408,50.064582],[20.053409,50.064574],[20.053426,50.064574],[20.053426,50.064546],[20.053409,50.064546],[20.05341,50.064539],[20.053426,50.064538],[20.053426,50.06451],[20.05341,50.06451],[20.053411,50.064503],[20.053427,50.064502],[20.053427,50.064474],[20.05341,50.064474],[20.053411,50.064466],[20.053428,50.064467],[20.053427,50.064437],[20.053411,50.064438],[20.053411,50.06443],[20.053428,50.064429],[20.053429,50.064404],[20.053391,50.064405],[20.05339,50.064416],[20.053375,50.064416],[20.053375,50.064405],[20.053338,50.064406],[20.053338,50.064417],[20.053323,50.064417],[20.053322,50.064406],[20.053285,50.064406],[20.053285,50.064418],[20.053269,50.064418],[20.05327,50.064407],[20.053233,50.064407],[20.053233,50.064418],[20.053218,50.064419],[20.053218,50.064408],[20.05318,50.064408],[20.05318,50.064419],[20.053167,50.06442],[20.053165,50.064408],[20.053137,50.064409],[20.053126,50.064416]]]}},{"type":"Feature","id":"w133422458","properties":{"type":"house","levels":2.0,"address":"Żaglowa 4B","residential":true,"residents_est":4,"h3_10":"8a1e2e6aa00ffff","h3_11":"8b1e2e6aa00efff"},"geometry":{"type":"Polygon","coordinates":[[[20.054413,50.063334],[20.054547,50.063322],[20.05456,50.063412],[20.054524,50.063416],[20.054529,50.063444],[20.05447,50.063449],[20.054462,50.063419],[20.054428,50.063421],[20.054413,50.063334]]]}},{"type":"Feature","id":"w133422479","properties":{"type":"yes","address":"Stare Wiślisko 65d","residential":true,"residents_est":3,"h3_10":"8a1e2e6aa057fff","h3_11":"8b1e2e6aa051fff"},"geometry":{"type":"Polygon","coordinates":[[[20.057945,50.063145],[20.05807,50.063017],[20.058187,50.063064],[20.058119,50.063141],[20.058114,50.063139],[20.058062,50.063192],[20.057945,50.063145]]]}},{"type":"Feature","id":"w133422494","properties":{"type":"yes","residential":true,"residents_est":9,"h3_10":"8a1e2e6aa057fff","h3_11":"8b1e2e6aa055fff"},"geometry":{"type":"Polygon","coordinates":[[[20.057096,50.063631],[20.057212,50.063499],[20.057418,50.063574],[20.057302,50.063706],[20.057096,50.063631]]]}},{"type":"Feature","id":"w133422515","properties":{"type":"yes","address":"Żaglowa 13","residential":true,"residents_est":2,"h3_10":"8a1e2e6aa057fff","h3_11":"8b1e2e6aa052fff"},"geometry":{"type":"Polygon","coordinates":[[[20.056881,50.062738],[20.056972,50.062658],[20.057088,50.062713],[20.057063,50.062734],[20.057089,50.062747],[20.057053,50.062778],[20.057026,50.062766],[20.056996,50.062793],[20.056881,50.062738]]]}},{"type":"Feature","id":"w172463030","properties":{"type":"apartments","levels":3.0,"address":"Osiedle Na Skarpie 40","residential":true,"residents_est":28,"h3_10":"8a1e2e6aa137fff","h3_11":"8b1e2e6aa134fff"},"geometry":{"type":"Polygon","coordinates":[[[20.049015,50.066836],[20.049167,50.066808],[20.049359,50.067246],[20.049207,50.067274],[20.049015,50.066836]]]}},{"type":"Feature","id":"w172463032","properties":{"type":"apartments","levels":3.0,"address":"Osiedle Na Skarpie 41","residential":true,"residents_est":19,"h3_10":"8a1e2e6aa137fff","h3_11":"8b1e2e6aa136fff"},"geometry":{"type":"Polygon","coordinates":[[[20.048797,50.066475],[20.048948,50.066448],[20.049077,50.066749],[20.048926,50.066776],[20.048797,50.066475]]]}},{"type":"Feature","id":"w203354003","properties":{"type":"church","address":"Klasztorna 4","name":"Kościół pw. Narodzenia Pańskiego i Świętego Bartłomieja Apostoła","residential":false,"residents_est":0,"h3_10":"8a1e2e6aa11ffff","h3_11":"8b1e2e6aa11dfff"},"geometry":{"type":"Polygon","coordinates":[[[20.051592,50.065679],[20.051592,50.065656],[20.051619,50.065656],[20.05162,50.065617],[20.051658,50.065618],[20.051658,50.065589],[20.051711,50.06559],[20.051711,50.065579],[20.051793,50.065579],[20.051792,50.065637],[20.051907,50.065638],[20.051931,50.06566],[20.051928,50.065683],[20.051904,50.065703],[20.051848,50.065703],[20.051847,50.065764],[20.051708,50.065762],[20.051709,50.065723],[20.051619,50.065722],[20.05162,50.065679],[20.051592,50.065679]]]}},{"type":"Feature","id":"w219054390","properties":{"type":"yes","address":"Jutrzyńska 1","residential":true,"residents_est":3,"h3_10":"8a1e2e6aa097fff","h3_11":"8b1e2e6aa090fff"},"geometry":{"type":"Polygon","coordinates":[[[20.049734,50.060624],[20.049905,50.060515],[20.049991,50.060571],[20.04982,50.06068],[20.049734,50.060624]]]}},{"type":"Feature","id":"w219054393","properties":{"type":"detached","address":"Odmętowa 1","residential":true,"residents_est":4,"h3_10":"8a1e2e6aa0a7fff","h3_11":"8b1e2e6aa0a5fff"},"geometry":{"type":"Polygon","coordinates":[[[20.051069,50.062682],[20.051173,50.06267],[20.051167,50.062651],[20.051205,50.062647],[20.05121,50.062665],[20.051268,50.062658],[20.051289,50.06273],[20.051089,50.062754],[20.051069,50.062682]]]}},{"type":"Feature","id":"w219054394","properties":{"type":"house","address":"Stare Wiślisko 1","residential":true,"residents_est":3,"h3_10":"8a1e2e6aa09ffff","h3_11":"8b1e2e6aa09efff"},"geometry":{"type":"Polygon","coordinates":[[[20.050451,50.060227],[20.050523,50.060168],[20.050539,50.060165],[20.050624,50.060211],[20.050541,50.060275],[20.050451,50.060227]]]}},{"type":"Feature","id":"w219054396","properties":{"type":"yes","address":"Jutrzyńska 10","residential":true,"residents_est":1,"h3_10":"8a1e2e6aa0b7fff","h3_11":"8b1e2e6aa0b0fff"},"geometry":{"type":"Polygon","coordinates":[[[20.049091,50.061534],[20.049135,50.061526],[20.049142,50.061516],[20.049173,50.06151],[20.049187,50.061515],[20.049231,50.061506],[20.049266,50.061574],[20.049127,50.061603],[20.049091,50.061534]]]}},{"type":"Feature","id":"w219054397","properties":{"type":"yes","address":"Klasztorna 10","residential":true,"residents_est":2,"h3_10":"8a1e2e6aa037fff","h3_11":"8b1e2e6aa034fff"},"geometry":{"type":"Polygon","coordinates":[[[20.051844,50.064672],[20.051848,50.064589],[20.052011,50.064592],[20.052007,50.064675],[20.051844,50.064672]]]}},{"type":"Feature","id":"w219054398","properties":{"type":"house","address":"Odmętowa 10","residential":true,"residents_est":4,"h3_10":"8a1e2e6aa19ffff","h3_11":"8b1e2e6aa19afff"},"geometry":{"type":"Polygon","coordinates":[[[20.048525,50.062277],[20.048635,50.062237],[20.048724,50.062337],[20.048615,50.062377],[20.048525,50.062277]]]}},{"type":"Feature","id":"w219054403","properties":{"type":"yes","address":"Jutrzyńska 12","residential":true,"residents_est":3,"h3_10":"8a1e2e6aa0b7fff","h3_11":"8b1e2e6aa0b6fff"},"geometry":{"type":"Polygon","coordinates":[[[20.048698,50.061769],[20.04878,50.061753],[20.048768,50.061723],[20.048963,50.061688],[20.049003,50.06178],[20.048894,50.061799],[20.04889,50.06179],[20.048858,50.061796],[20.048861,50.061805],[20.048724,50.06183],[20.048698,50.061769]]]}},{"type":"Feature","id":"w219054404","properties":{"type":"yes","address":"Klasztorna 12","residential":true,"residents_est":2,"h3_10":"8a1e2e6aa037fff","h3_11":"8b1e2e6aa034fff"},"geometry":{"type":"Polygon","coordinates":[[[20.051486,50.064517],[20.051627,50.064512],[20.051634,50.064601],[20.051498,50.064609],[20.051486,50.064517]]]}},{"type":"Feature","id":"w219054411","properties":{"type":"yes","address":"Klasztorna 12c","residential":true,"residents_est":1,"h3_10":"8a1e2e6aa037fff","h3_11":"8b1e2e6aa030fff"},"geometry":{"type":"Polygon","coordinates":[[[20.051724,50.064372],[20.051836,50.064367],[20.051836,50.064386],[20.051857,50.064385],[20.051862,50.064441],[20.051732,50.064448],[20.051724,50.064372]]]}},{"type":"Feature","id":"w219054413","properties":{"type":"house","address":"Klasztorna 13","residential":true,"residents_est":3,"h3_10":"8a1e2e6aa017fff","h3_11":"8b1e2e6aa013fff"},"geometry":{"type":"Polygon","coordinates":[[[20.052344,50.062935],[20.052382,50.062872],[20.052526,50.062908],[20.052488,50.062971],[20.052344,50.062935]]]}},{"type":"Feature","id":"w219054416","properties":{"type":"house","address":"Klasztorna 13A","residential":true,"residents_est":5,"h3_10":"8a1e2e6aa017fff","h3_11":"8b1e2e6aa012fff"},"geometry":{"type":"Polygon","coordinates":[[[20.052058,50.062777],[20.052084,50.062742],[20.052076,50.062733],[20.052089,50.062716],[20.052105,50.062715],[20.052131,50.062682],[20.052187,50.0627],[20.052195,50.06269],[20.052268,50.062713],[20.05223,50.062763],[20.052275,50.062777],[20.052235,50.06283],[20.052058,50.062777]]]}},{"type":"Feature","id":"w219054417","properties":{"type":"yes","address":"Klasztorna 13B","residential":true,"residents_est":3,"h3_10":"8a1e2e6aa0a7fff","h3_11":"8b1e2e6aa0a1fff"},"geometry":{"type":"Polygon","coordinates":[[[20.051538,50.062384],[20.051565,50.062303],[20.051731,50.062327],[20.051728,50.062337],[20.051752,50.062341],[20.051755,50.062331],[20.051847,50.062344],[20.051825,50.062406],[20.05171,50.06239],[20.051704,50.062407],[20.051538,50.062384]]]}},{"type":"Feature","id":"w219054418","properties":{"type":"house","address":"Klasztorna 13C","residential":true,"residents_est":2,"h3_10":"8a1e2e6aa0affff","h3_11":"8b1e2e6aa0aefff"},"geometry":{"type":"Polygon","coordinates":[[[20.051918,50.062168],[20.051924,50.062095],[20.052019,50.062099],[20.052017,50.062121],[20.052036,50.062121],[20.052031,50.062172],[20.051918,50.062168]]]}},{"type":"Feature","id":"w219054419","properties":{"type":"house","address":"Klasztorna 13D","residential":true,"residents_est":4,"h3_10":"8a1e2e6aa0affff","h3_11":"8b1e2e6aa0aefff"},"geometry":{"type":"Polygon","coordinates":[[[20.052081,50.061866],[20.052193,50.061844],[20.052201,50.06186],[20.052244,50.061851],[20.052241,50.061844],[20.052249,50.061842],[20.052288,50.061924],[20.052229,50.061935],[20.052225,50.061928],[20.052174,50.061938],[20.052176,50.061943],[20.052121,50.061949],[20.052108,50.061923],[20.05209,50.061917],[20.052085,50.061903],[20.052094,50.061892],[20.052081,50.061866]]]}},{"type":"Feature","id":"w219054422","properties":{"type":"yes","address":"Klasztorna 14","residential":true,"residents_est":1,"h3_10":"8a1e2e6aa037fff","h3_11":"8b1e2e6aa030fff"},"geometry":{"type":"Polygon","coordinates":[[[20.051808,50.06425],[20.051939,50.06425],[20.051943,50.064331],[20.051809,50.06433],[20.051808,50.06425]]]}},{"type":"Feature","id":"w219054427","properties":{"type":"yes","address":"Żaglowa 14","residential":true,"residents_est":2,"h3_10":"8a1e2e6aa0effff","h3_11":"8b1e2e6aa0e8fff"},"geometry":{"type":"Polygon","coordinates":[[[20.057523,50.061838],[20.057617,50.061768],[20.057707,50.061818],[20.057695,50.061829],[20.05772,50.061843],[20.057681,50.061872],[20.057659,50.06186],[20.057618,50.06189],[20.057523,50.061838]]]}},{"type":"Feature","id":"w219054429","properties":{"type":"yes","address":"Klasztorna 15","residential":true,"residents_est":2,"h3_10":"8a1e2e6aa0a7fff","h3_11":"8b1e2e6aa0a3fff"},"geometry":{"type":"Polygon","coordinates":[[[20.051145,50.062166],[20.051245,50.062117],[20.051374,50.062227],[20.051274,50.062277],[20.051145,50.062166]]]}},{"type":"Feature","id":"w219054433","properties":{"type":"yes","address":"Żaglowa 15","residential":true,"residents_est":2,"h3_10":"8a1e2e6aa0effff","h3_11":"8b1e2e6aa0ecfff"},"geometry":{"type":"Polygon","coordinates":[[[20.0574,50.062362],[20.057527,50.06226],[20.057626,50.062311],[20.057499,50.062413],[20.0574,50.062362]]]}},{"type":"Feature","id":"w219054434","properties":{"type":"yes","address":"Klasztorna 15a","residential":true,"residents_est":1,"h3_10":"8a1e2e6aa0a7fff","h3_11":"8b1e2e6aa0a3fff"},"geometry":{"type":"Polygon","coordinates":[[[20.050937,50.061929],[20.05106,50.061893],[20.051111,50.061965],[20.050989,50.062002],[20.050937,50.061929]]]}},{"type":"Feature","id":"w219054437","properties":{"type":"yes","address":"Klasztorna 16","residential":true,"residents_est":4,"h3_10":"8a1e2e6aa037fff","h3_11":"8b1e2e6aa030fff"},"geometry":{"type":"Polygon","coordinates":[[[20.051711,50.064213],[20.051874,50.064205],[20.051858,50.064079],[20.052016,50.064072],[20.052034,50.064221],[20.051714,50.064235],[20.051711,50.064213]]]}},{"type":"Feature","id":"w219054443","properties":{"type":"yes","address":"Żaglowa 16","residential":true,"residents_est":1,"h3_10":"8a1e2e6aa0cffff","h3_11":"8b1e2e6aa0cdfff"},"geometry":{"type":"Polygon","coordinates":[[[20.058264,50.061284],[20.058386,50.061228],[20.058452,50.061288],[20.058329,50.061345],[20.058264,50.061284]]]}},{"type":"Feature","id":"w219054444","properties":{"type":"yes","address":"Żaglowa 16a","residential":true,"residents_est":2,"h3_10":"8a1e2e6aa0effff","h3_11":"8b1e2e6aa0ebfff"},"geometry":{"type":"Polygon","coordinates":[[[20.05769,50.061642],[20.0578,50.061552],[20.05792,50.061613],[20.05781,50.061703],[20.05769,50.061642]]]}},{"type":"Feature","id":"w219054445","properties":{"type":"yes","address":"Klasztorna 17","residential":true,"residents_est":1,"h3_10":"8a1e2e6aa087fff","h3_11":"8b1e2e6aa084fff"},"geometry":{"type":"Polygon","coordinates":[[[20.050784,50.061555],[20.050884,50.061544],[20.050904,50.061619],[20.050804,50.06163],[20.050784,50.061555]]]}},{"type":"Feature","id":"w219054448","properties":{"type":"yes","address":"Żaglowa 17","residential":true,"residents_est":2,"h3_10":"8a1e2e6aa0effff","h3_11":"8b1e2e6aa0e8fff"},"geometry":{"type":"Polygon","coordinates":[[[20.057551,50.062258],[20.057668,50.062175],[20.057777,50.062239],[20.057659,50.062322],[20.057551,50.062258]]]}},{"type":"Feature","id":"w219054449","properties":{"type":"yes","address":"Klasztorna 18","residential":true,"residents_est":2,"h3_10":"8a1e2e6aa037fff","h3_11":"8b1e2e6aa030fff"},"geometry":{"type":"Polygon","coordinates":[[[20.051766,50.063986],[20.052,50.063969],[20.052016,50.064047],[20.051833,50.06406],[20.051816,50.064056],[20.051779,50.064045],[20.051766,50.063986]]]}},{"type":"Feature","id":"w219054453","properties":{"type":"yes","address":"Klasztorna 19","residential":true,"residents_est":2,"h3_10":"8a1e2e6aa087fff","h3_11":"8b1e2e6aa086fff"},"geometry":{"type":"Polygon","coordinates":[[[20.05059,50.061095],[20.050717,50.06108],[20.050728,50.06112],[20.050753,50.061117],[20.05076,50.061141],[20.050735,50.061144],[20.050745,50.061179],[20.05062,50.061194],[20.05059,50.061095]]]}},{"type":"Feature","id":"w219054456","properties":{"type":"yes","address":"Żaglowa 19","residential":true,"residents_est":2,"h3_10":"8a1e2e6aa0effff","h3_11":"8b1e2e6aa0e8fff"},"geometry":{"type":"Polygon","coordinates":[[[20.057742,50.062131],[20.057856,50.062037],[20.057956,50.062088],[20.057842,50.062182],[20.057742,50.062131]]]}},{"type":"Feature","id":"w219054457","properties":{"type":"yes","address":"Żaglowa 19a","residential":true,"residents_est":1,"h3_10":"8a1e2e6aa0effff","h3_11":"8b1e2e6aa0e9fff"},"geometry":{"type":"Polygon","coordinates":[[[20.057856,50.062037],[20.057938,50.061975],[20.058007,50.06201],[20.057982,50.06203],[20.058009,50.062044],[20.057956,50.062088],[20.057856,50.062037]]]}},{"type":"Feature","id":"w219054458","properties":{"type":"yes","address":"Klasztorna 19b","residential":true,"residents_est":2,"h3_10":"8a1e2e6aa087fff","h3_11":"8b1e2e6aa082fff"},"geometry":{"type":"Polygon","coordinates":[[[20.050529,50.060695],[20.050672,50.060679],[20.05069,50.060745],[20.050709,50.060743],[20.050717,50.060771],[20.050555,50.060789],[20.050529,50.060695]]]}},{"type":"Feature","id":"w219054466","properties":{"type":"yes","address":"Jutrzyńska 2","residential":true,"residents_est":2,"h3_10":"8a1e2e6aa097fff","h3_11":"8b1e2e6aa095fff"},"geometry":{"type":"Polygon","coordinates":[[[20.049898,50.060754],[20.050048,50.060668],[20.050122,50.060722],[20.049971,50.060806],[20.049898,50.060754]]]}},{"type":"Feature","id":"w219054476","properties":{"type":"yes","address":"Klasztorna 21","residential":true,"residents_est":2,"h3_10":"8a1e2e6aa097fff","h3_11":"8b1e2e6aa091fff"},"geometry":{"type":"Polygon","coordinates":[[[20.050336,50.06052],[20.050481,50.060482],[20.050525,50.060552],[20.050382,50.060591],[20.050336,50.06052]]]}},{"type":"Feature","id":"w219054479","properties":{"type":"yes","address":"Żaglowa 21","residential":true,"residents_est":3,"h3_10":"8a1e2e6aa0effff","h3_11":"8b1e2e6aa0e9fff"},"geometry":{"type":"Polygon","coordinates":[[[20.058035,50.061906],[20.058062,50.061871],[20.058053,50.061868],[20.058125,50.061778],[20.058159,50.061789],[20.058184,50.06178],[20.058205,50.061786],[20.058211,50.0618],[20.058207,50.061805],[20.058242,50.061816],[20.058198,50.061879],[20.058191,50.061877],[20.05817,50.061906],[20.058149,50.0619],[20.058122,50.061934],[20.058035,50.061906]]]}},{"type":"Feature","id":"w219054480","properties":{"type":"yes","address":"Klasztorna 22","residential":true,"residents_est":2,"h3_10":"8a1e2e6aa0a7fff","h3_11":"8b1e2e6aa0a0fff"},"geometry":{"type":"Polygon","coordinates":[[[20.050604,50.062512],[20.050754,50.062483],[20.050801,50.062584],[20.050651,50.062613],[20.050604,50.062512]]]}},{"type":"Feature","id":"w219054497","properties":{"type":"yes","address":"Klasztorna 24","residential":true,"residents_est":2,"h3_10":"8a1e2e6aa0a7fff","h3_11":"8b1e2e6aa0a2fff"},"geometry":{"type":"Polygon","coordinates":[[[20.050377,50.061934],[20.050557,50.061919],[20.050572,50.061992],[20.050391,50.062007],[20.050377,50.061934]]]}},{"type":"Feature","id":"w219054501","properties":{"type":"yes","address":"Klasztorna 24A","residential":true,"residents_est":3,"h3_10":"8a1e2e6aa0b7fff","h3_11":"8b1e2e6aa0b1fff"},"geometry":{"type":"Polygon","coordinates":[[[20.050097,50.061749],[20.050248,50.061726],[20.050284,50.061824],[20.050247,50.06183],[20.050256,50.061853],[20.050141,50.06187],[20.050097,50.061749]]]}},{"type":"Feature","id":"w219054502","properties":{"type":"yes","address":"Klasztorna 24B","residential":true,"residents_est":2,"h3_10":"8a1e2e6aa0b7fff","h3_11":"8b1e2e6aa0b1fff"},"geometry":{"type":"Polygon","coordinates":[[[20.050038,50.061543],[20.050207,50.061484],[20.050267,50.061556],[20.050206,50.061577],[20.050216,50.061589],[20.050109,50.061626],[20.050038,50.061543]]]}},{"type":"Feature","id":"w219054509","properties":{"type":"yes","address":"Klasztorna 26","residential":true,"residents_est":2,"h3_10":"8a1e2e6aa097fff","h3_11":"8b1e2e6aa093fff"},"geometry":{"type":"Polygon","coordinates":[[[20.049985,50.060285],[20.050101,50.06027],[20.050135,50.06039],[20.050018,50.060404],[20.049985,50.060285]]]}},{"type":"Feature","id":"w219054536","properties":{"type":"yes","address":"Jutrzyńska 3a","residential":true,"residents_est":2,"h3_10":"8a1e2e6aa097fff","h3_11":"8b1e2e6aa094fff"},"geometry":{"type":"Polygon","coordinates":[[[20.049032,50.060905],[20.049148,50.060852],[20.049233,50.06093],[20.049116,50.060982],[20.049032,50.060905]]]}},{"type":"Feature","id":"w219054540","properties":{"type":"house","address":"Stare Wiślisko 3","residential":true,"residents_est":5,"h3_10":"8a1e2e6aa09ffff","h3_11":"8b1e2e6aa09efff"},"geometry":{"type":"Polygon","coordinates":[[[20.050694,50.060165],[20.050813,50.060084],[20.050927,50.060153],[20.050808,50.060234],[20.050694,50.060165]]]}},{"type":"Feature","id":"w219054561","properties":{"type":"yes","address":"Stare Wiślisko 36","residential":false,"residents_est":0,"h3_10":"8a1e2e6aa0cffff","h3_11":"8b1e2e6aa0cbfff"},"geometry":{"type":"Polygon","coordinates":[[[20.058312,50.060377],[20.058364,50.060358],[20.058413,50.060408],[20.058362,50.060428],[20.058312,50.060377]]]}},{"type":"Feature","id":"w219054569","properties":{"type":"yes","address":"Jutrzyńska 3","residential":true,"residents_est":2,"h3_10":"8a1e2e6aa0b7fff","h3_11":"8b1e2e6aa0b2fff"},"geometry":{"type":"Polygon","coordinates":[[[20.048866,50.061124],[20.049052,50.061018],[20.049131,50.061075],[20.048945,50.061182],[20.048866,50.061124]]]}},{"type":"Feature","id":"w219054570","properties":{"type":"yes","address":"Jutrzyńska 4","residential":true,"residents_est":1,"h3_10":"8a1e2e6aa097fff","h3_11":"8b1e2e6aa094fff"},"geometry":{"type":"Polygon","coordinates":[[[20.049498,50.060973],[20.049592,50.060926],[20.049602,50.060935],[20.049647,50.060913],[20.049697,50.060955],[20.049557,50.061023],[20.049498,50.060973]]]}},{"type":"Feature","id":"w219054587","properties":{"type":"yes","address":"Stare Wiślisko 49b","residential":true,"residents_est":2,"h3_10":"8a1e2e6aa0dffff","h3_11":"8b1e2e6aa0dafff"},"geometry":{"type":"Polygon","coordinates":[[[20.056087,50.059693],[20.056151,50.059673],[20.056143,50.059663],[20.056224,50.059643],[20.05622,50.059639],[20.056263,50.059626],[20.056297,50.05967],[20.056258,50.059682],[20.056286,50.059719],[20.056208,50.059743],[20.056217,50.059756],[20.05615,50.059777],[20.056087,50.059693]]]}},{"type":"Feature","id":"w219054588","properties":{"type":"yes","address":"Stare Wiślisko 49c","residential":true,"residents_est":2,"h3_10":"8a1e2e6aa0dffff","h3_11":"8b1e2e6aa0dafff"},"geometry":{"type":"Polygon","coordinates":[[[20.055745,50.059817],[20.055826,50.059786],[20.055848,50.059809],[20.055933,50.059776],[20.055978,50.059823],[20.055892,50.059856],[20.055903,50.059868],[20.055822,50.0599],[20.055745,50.059817]]]}},{"type":"Feature","id":"w219054589","properties":{"type":"yes","address":"Jutrzyńska 4a","residential":true,"residents_est":1,"h3_10":"8a1e2e6aa097fff","h3_11":"8b1e2e6aa094fff"},"geometry":{"type":"Polygon","coordinates":[[[20.04934,50.061101],[20.049427,50.061078],[20.049472,50.061149],[20.049385,50.061172],[20.049375,50.061155],[20.04936,50.061149],[20.049352,50.061137],[20.049356,50.061127],[20.04934,50.061101]]]}},{"type":"Feature","id":"w219054590","properties":{"type":"yes","address":"Jutrzyńska 4b","residential":true,"residents_est":1,"h3_10":"8a1e2e6aa0b7fff","h3_11":"8b1e2e6aa0b2fff"},"geometry":{"type":"Polygon","coordinates":[[[20.049132,50.061222],[20.049218,50.061193],[20.049229,50.061208],[20.049245,50.061211],[20.049256,50.061225],[20.049251,50.061234],[20.049273,50.061262],[20.049187,50.061291],[20.049132,50.061222]]]}},{"type":"Feature","id":"w219054598","properties":{"type":"house","address":"Stare Wiślisko 5","residential":true,"residents_est":5,"h3_10":"8a1e2e6aa09ffff","h3_11":"8b1e2e6aa09efff"},"geometry":{"type":"Polygon","coordinates":[[[20.050904,50.060015],[20.051001,50.059948],[20.051127,50.060024],[20.051101,50.060043],[20.051142,50.060068],[20.051149,50.060066],[20.051077,50.060116],[20.050904,50.060015]]]}},{"type":"Feature","id":"w219054602","properties":{"type":"detached","address":"Stare Wiślisko 51","residential":true,"residents_est":6,"h3_10":"8a1e2e6aa0dffff","h3_11":"8b1e2e6aa0dbfff"},"geometry":{"type":"Polygon","coordinates":[[[20.056779,50.059727],[20.056951,50.059673],[20.057031,50.059779],[20.056945,50.059806],[20.056953,50.059816],[20.056868,50.059843],[20.056779,50.059727]]]}},{"type":"Feature","id":"w219054603","properties":{"type":"yes","address":"Stare Wiślisko 51a","residential":true,"residents_est":3,"h3_10":"8a1e2e6aa0dffff","h3_11":"8b1e2e6aa0dbfff"},"geometry":{"type":"Polygon","coordinates":[[[20.05643,50.059845],[20.056572,50.059801],[20.056564,50.059791],[20.056661,50.05976],[20.056741,50.059866],[20.056644,50.059896],[20.056624,50.05987],[20.056482,50.059914],[20.05643,50.059845]]]}},{"type":"Feature","id":"w219054604","properties":{"type":"yes","address":"Stare Wiślisko 51c","residential":true,"residents_est":1,"h3_10":"8a1e2e6aa0dffff","h3_11":"8b1e2e6aa0dafff"},"geometry":{"type":"Polygon","coordinates":[[[20.055929,50.059962],[20.056039,50.059933],[20.056079,50.059996],[20.056057,50.060002],[20.056069,50.06002],[20.056045,50.060027],[20.056039,50.060018],[20.056016,50.060025],[20.05601,50.060016],[20.055971,50.060028],[20.055929,50.059962]]]}},{"type":"Feature","id":"w219054605","properties":{"type":"yes","address":"Stare Wiślisko 51d","residential":true,"residents_est":1,"h3_10":"8a1e2e6aa0dffff","h3_11":"8b1e2e6aa0defff"},"geometry":{"type":"Polygon","coordinates":[[[20.05589,50.060295],[20.055989,50.060271],[20.056004,50.060297],[20.056036,50.060289],[20.056054,50.06032],[20.055921,50.060347],[20.05589,50.060295]]]}},{"type":"Feature","id":"w219054606","properties":{"type":"yes","address":"Stare Wiślisko 51g","residential":true,"residents_est":2,"h3_10":"8a1e2e6aa0dffff","h3_11":"8b1e2e6aa0d9fff"},"geometry":{"type":"Polygon","coordinates":[[[20.057095,50.06002],[20.057151,50.06],[20.057139,50.059985],[20.057193,50.059967],[20.057181,50.059953],[20.057245,50.059931],[20.057325,50.060025],[20.057149,50.060085],[20.057095,50.06002]]]}},{"type":"Feature","id":"w219054614","properties":{"type":"semidetached_house","residential":true,"residents_est":6,"h3_10":"8a1e2e6aa19ffff","h3_11":"8b1e2e6aa19bfff"},"geometry":{"type":"Polygon","coordinates":[[[20.049388,50.062422],[20.049502,50.062373],[20.049643,50.062508],[20.04953,50.062556],[20.049498,50.062526],[20.049476,50.062536],[20.049398,50.062461],[20.049419,50.062452],[20.049388,50.062422]]]}},{"type":"Feature","id":"w219054617","properties":{"type":"yes","address":"Jutrzyńska 6","residential":true,"residents_est":3,"h3_10":"8a1e2e6aa0b7fff","h3_11":"8b1e2e6aa0b2fff"},"geometry":{"type":"Polygon","coordinates":[[[20.048837,50.061347],[20.049019,50.06123],[20.049089,50.061277],[20.049006,50.061332],[20.049026,50.061345],[20.048927,50.061405],[20.048837,50.061347]]]}},{"type":"Feature","id":"w219054618","properties":{"type":"yes","address":"Klasztorna 6","residential":true,"residents_est":3,"h3_10":"8a1e2e6aa11ffff","h3_11":"8b1e2e6aa11bfff"},"geometry":{"type":"Polygon","coordinates":[[[20.051856,50.06485],[20.051996,50.064846],[20.052008,50.064961],[20.052004,50.064961],[20.052008,50.065028],[20.051867,50.065032],[20.051856,50.06485]]]}},{"type":"Feature","id":"w219054632","properties":{"type":"yes","address":"Stare Wiślisko 65","residential":true,"residents_est":2,"h3_10":"8a1e2e6aa05ffff","h3_11":"8b1e2e6aa05afff"},"geometry":{"type":"Polygon","coordinates":[[[20.058892,50.06249],[20.05893,50.062412],[20.059069,50.062439],[20.059031,50.062518],[20.058892,50.06249]]]}},{"type":"Feature","id":"w219054633","properties":{"type":"yes","address":"Stare Wiślisko 65a","residential":true,"residents_est":2,"h3_10":"8a1e2e6aa05ffff","h3_11":"8b1e2e6aa05afff"},"geometry":{"type":"Polygon","coordinates":[[[20.05828,50.062311],[20.058327,50.062254],[20.05846,50.062298],[20.058447,50.062314],[20.05849,50.062327],[20.058483,50.062336],[20.058516,50.062347],[20.058489,50.062381],[20.05828,50.062311]]]}},{"type":"Feature","id":"w219054634","properties":{"type":"yes","address":"Stare Wiślisko 65b","residential":true,"residents_est":3,"h3_10":"8a1e2e6aa05ffff","h3_11":"8b1e2e6aa05afff"},"geometry":{"type":"Polygon","coordinates":[[[20.058316,50.062527],[20.058357,50.062477],[20.058365,50.062479],[20.058373,50.062467],[20.058366,50.062465],[20.058391,50.062434],[20.058507,50.062472],[20.058504,50.062476],[20.058598,50.062502],[20.058557,50.06256],[20.05848,50.062534],[20.058487,50.062526],[20.05847,50.06252],[20.058434,50.062565],[20.058316,50.062527]]]}},{"type":"Feature","id":"w219054639","properties":{"type":"detached","levels":2.0,"address":"Klasztorna 7","residential":true,"residents_est":4,"h3_10":"8a1e2e6aa12ffff","h3_11":"8b1e2e6aa128fff"},"geometry":{"type":"Polygon","coordinates":[[[20.052708,50.067316],[20.052793,50.06729],[20.052829,50.067323],[20.052894,50.067413],[20.05277,50.067451],[20.052729,50.067397],[20.052753,50.06739],[20.052727,50.067357],[20.052708,50.067316]]]}},{"type":"Feature","id":"w219054640","properties":{"type":"yes","address":"Odmętowa 7","residential":true,"residents_est":2,"h3_10":"8a1e2e6aa19ffff","h3_11":"8b1e2e6aa19bfff"},"geometry":{"type":"Polygon","coordinates":[[[20.049229,50.062296],[20.049349,50.062225],[20.049437,50.062288],[20.049317,50.062358],[20.049229,50.062296]]]}},{"type":"Feature","id":"w219054643","properties":{"type":"yes","address":"Żaglowa 7","residential":true,"residents_est":1,"h3_10":"8a1e2e6aa00ffff","h3_11":"8b1e2e6aa008fff"},"geometry":{"type":"Polygon","coordinates":[[[20.055061,50.063463],[20.055163,50.063383],[20.055255,50.063432],[20.055151,50.063511],[20.055061,50.063463]]]}},{"type":"Feature","id":"w219054645","properties":{"type":"yes","address":"Stare Wiślisko 71","residential":true,"residents_est":2,"h3_10":"8a1e2e6aa05ffff","h3_11":"8b1e2e6aa05cfff"},"geometry":{"type":"Polygon","coordinates":[[[20.058538,50.062996],[20.058568,50.06293],[20.058587,50.062933],[20.058618,50.062865],[20.058697,50.062879],[20.058666,50.062948],[20.058685,50.062952],[20.058655,50.063018],[20.058637,50.063015],[20.058622,50.063046],[20.058544,50.063031],[20.058558,50.063],[20.058538,50.062996]]]}},{"type":"Feature","id":"w219054647","properties":{"type":"yes","address":"Klasztorna 8","residential":true,"residents_est":3,"h3_10":"8a1e2e6aa037fff","h3_11":"8b1e2e6aa034fff"},"geometry":{"type":"Polygon","coordinates":[[[20.051475,50.064754],[20.051573,50.064749],[20.051577,50.064781],[20.051646,50.064777],[20.051659,50.064885],[20.051511,50.064892],[20.051497,50.064782],[20.051479,50.064783],[20.051475,50.064754]]]}},{"type":"Feature","id":"w219054658","properties":{"type":"house","levels":1.0,"address":"Klasztorna 9","residential":true,"residents_est":1,"h3_10":"8a1e2e6aa12ffff","h3_11":"8b1e2e6aa128fff"},"geometry":{"type":"Polygon","coordinates":[[[20.052507,50.067156],[20.052603,50.06714],[20.052638,50.067227],[20.052541,50.067243],[20.052507,50.067156]]]}},{"type":"Feature","id":"w219054660","properties":{"type":"yes","address":"Odmętowa 9","residential":true,"residents_est":2,"h3_10":"8a1e2e6aa0b7fff","h3_11":"8b1e2e6aa0b4fff"},"geometry":{"type":"Polygon","coordinates":[[[20.048959,50.062161],[20.049044,50.062098],[20.049107,50.062133],[20.049135,50.062112],[20.049197,50.062146],[20.049168,50.062168],[20.049155,50.06216],[20.04907,50.062224],[20.048959,50.062161]]]}},{"type":"Feature","id":"w219054664","properties":{"type":"house","levels":1.0,"address":"Klasztorna 9a","residential":true,"residents_est":2,"h3_10":"8a1e2e6aa12ffff","h3_11":"8b1e2e6aa128fff"},"geometry":{"type":"Polygon","coordinates":[[[20.052913,50.067069],[20.053092,50.067047],[20.053117,50.067156],[20.052994,50.067168],[20.05299,50.067152],[20.052933,50.067158],[20.052913,50.067069]]]}},{"type":"Feature","id":"w219054666","properties":{"type":"house","levels":1.0,"address":"Klasztorna 9b","residential":true,"residents_est":3,"h3_10":"8a1e2e6aa12ffff","h3_11":"8b1e2e6aa12bfff"},"geometry":{"type":"Polygon","coordinates":[[[20.052792,50.066885],[20.052909,50.066875],[20.052907,50.066866],[20.052972,50.066861],[20.052995,50.066974],[20.052871,50.066984],[20.052869,50.066971],[20.052809,50.066976],[20.052792,50.066885]]]}},{"type":"Feature","id":"w219054668","properties":{"type":"house","levels":1.0,"address":"Klasztorna 9c","residential":true,"residents_est":2,"h3_10":"8a1e2e6aa12ffff","h3_11":"8b1e2e6aa12bfff"},"geometry":{"type":"Polygon","coordinates":[[[20.052811,50.066678],[20.052929,50.066665],[20.052927,50.066658],[20.052989,50.066651],[20.053019,50.066761],[20.052898,50.066775],[20.052895,50.066761],[20.052835,50.066768],[20.052811,50.066678]]]}},{"type":"Feature","id":"w219054669","properties":{"type":"house","levels":1.0,"address":"Klasztorna 9d","residential":true,"residents_est":2,"h3_10":"8a1e2e6aa10ffff","h3_11":"8b1e2e6aa10cfff"},"geometry":{"type":"Polygon","coordinates":[[[20.052827,50.066481],[20.053007,50.066459],[20.053031,50.066568],[20.05291,50.066579],[20.052907,50.066565],[20.052846,50.06657],[20.052827,50.066481]]]}},{"type":"Feature","id":"w219054673","properties":{"type":"farm_auxiliary","residential":false,"residents_est":0,"h3_10":"8a1e2e6aa18ffff","h3_11":"8b1e2e6aa18bfff"},"geometry":{"type":"Polygon","coordinates":[[[20.050764,50.062941],[20.051348,50.062854],[20.051482,50.063226],[20.051357,50.063244],[20.051248,50.062941],[20.050912,50.062991],[20.051002,50.063242],[20.051079,50.063231],[20.051097,50.063281],[20.050896,50.063311],[20.050764,50.062941]]]}},{"type":"Feature","id":"w219054679","properties":{"type":"house","address":"Odmętowa 10c","residential":true,"residents_est":7,"h3_10":"8a1e2e6aa197fff","h3_11":"8b1e2e6aa193fff"},"geometry":{"type":"Polygon","coordinates":[[[20.047384,50.06279],[20.047425,50.062771],[20.04739,50.062729],[20.047432,50.062714],[20.047437,50.062702],[20.047464,50.062692],[20.047483,50.062696],[20.047514,50.062685],[20.047563,50.062741],[20.047635,50.062716],[20.047681,50.062767],[20.047439,50.062853],[20.047384,50.06279]]]}},{"type":"Feature","id":"w219054685","properties":{"type":"yes","residential":true,"residents_est":3,"h3_10":"8a1e2e6aa18ffff","h3_11":"8b1e2e6aa188fff"},"geometry":{"type":"Polygon","coordinates":[[[20.050719,50.063336],[20.050801,50.063324],[20.050883,50.063545],[20.050801,50.063558],[20.050719,50.063336]]]}},{"type":"Feature","id":"w219054690","properties":{"type":"outbuilding","levels":1.0,"residential":false,"residents_est":0,"h3_10":"8a1e2e6aa0e7fff","h3_11":"8b1e2e6aa0e4fff"},"geometry":{"type":"Polygon","coordinates":[[[20.055523,50.062779],[20.055577,50.062758],[20.055596,50.062779],[20.055641,50.062762],[20.055621,50.062741],[20.055676,50.062719],[20.055746,50.062792],[20.055594,50.062854],[20.055523,50.062779]]]}},{"type":"Feature","id":"w219054698","properties":{"type":"yes","residential":true,"residents_est":2,"h3_10":"8a1e2e6aa09ffff","h3_11":"8b1e2e6aa09efff"},"geometry":{"type":"Polygon","coordinates":[[[20.050852,50.060219],[20.050931,50.060166],[20.051057,50.060242],[20.050978,50.060296],[20.050852,50.060219]]]}},{"type":"Feature","id":"w219054699","properties":{"type":"garage","residential":false,"residents_est":0,"h3_10":"8a1e2e6aa037fff","h3_11":"8b1e2e6aa032fff"},"geometry":{"type":"Polygon","coordinates":[[[20.050965,50.063954],[20.051613,50.063923],[20.051618,50.063982],[20.050972,50.064012],[20.050965,50.063954]]]}},{"type":"Feature","id":"w219054700","properties":{"type":"house","address":"Odmętowa 10b","residential":true,"residents_est":4,"h3_10":"8a1e2e6aa197fff","h3_11":"8b1e2e6aa193fff"},"geometry":{"type":"Polygon","coordinates":[[[20.047765,50.062604],[20.04793,50.062546],[20.047986,50.062611],[20.047821,50.062669],[20.047765,50.062604]]]}},{"type":"Feature","id":"w219054704","properties":{"type":"yes","residential":false,"residents_est":0,"h3_10":"8a1e2e6aa0b7fff","h3_11":"8b1e2e6aa0b3fff"},"geometry":{"type":"Polygon","coordinates":[[[20.049673,50.061044],[20.049715,50.061032],[20.049751,50.06108],[20.049708,50.061093],[20.049673,50.061044]]]}},{"type":"Feature","id":"w219054717","properties":{"type":"detached","address":"Odmętowa 8A","residential":true,"residents_est":3,"h3_10":"8a1e2e6aa19ffff","h3_11":"8b1e2e6aa19afff"},"geometry":{"type":"Polygon","coordinates":[[[20.048521,50.062578],[20.048638,50.062536],[20.048707,50.062615],[20.048589,50.062657],[20.048521,50.062578]]]}},{"type":"Feature","id":"w219054718","properties":{"type":"yes","residential":false,"residents_est":0,"h3_10":"8a1e2e6aa1affff","h3_11":"8b1e2e6aa1a9fff"},"geometry":{"type":"Polygon","coordinates":[[[20.051138,50.064493],[20.051214,50.06449],[20.051218,50.064529],[20.051142,50.064532],[20.051138,50.064493]]]}},{"type":"Feature","id":"w219054724","properties":{"type":"yes","residential":false,"residents_est":0,"h3_10":"8a1e2e6aa167fff","h3_11":"8b1e2e6aa162fff"},"geometry":{"type":"Polygon","coordinates":[[[20.055423,50.067157],[20.055428,50.067131],[20.055567,50.067141],[20.055561,50.067171],[20.055423,50.067157]]]}},{"type":"Feature","id":"w219054726","properties":{"type":"yes","residential":true,"residents_est":1,"h3_10":"8a1e2e6aa05ffff","h3_11":"8b1e2e6aa05bfff"},"geometry":{"type":"Polygon","coordinates":[[[20.059031,50.062518],[20.059069,50.062439],[20.059147,50.062454],[20.05911,50.062534],[20.059031,50.062518]]]}},{"type":"Feature","id":"w219054732","properties":{"type":"yes","address":"Żaglowa 11","residential":true,"residents_est":1,"h3_10":"8a1e2e6aa057fff","h3_11":"8b1e2e6aa052fff"},"geometry":{"type":"Polygon","coordinates":[[[20.056845,50.062984],[20.056918,50.06292],[20.057028,50.062972],[20.056956,50.063036],[20.056845,50.062984]]]}},{"type":"Feature","id":"w219054734","properties":{"type":"garage","residential":false,"residents_est":0,"h3_10":"8a1e2e6aa037fff","h3_11":"8b1e2e6aa032fff"},"geometry":{"type":"Polygon","coordinates":[[[20.05097,50.063824],[20.051567,50.063788],[20.051578,50.063843],[20.05098,50.063881],[20.05097,50.063824]]]}},{"type":"Feature","id":"w219054739","properties":{"type":"yes","residential":true,"residents_est":1,"h3_10":"8a1e2e6aa0a7fff","h3_11":"8b1e2e6aa0a3fff"},"geometry":{"type":"Polygon","coordinates":[[[20.051313,50.062007],[20.051448,50.061984],[20.051474,50.062045],[20.051339,50.062068],[20.051313,50.062007]]]}},{"type":"Feature","id":"w219054743","properties":{"type":"yes","residential":true,"residents_est":1,"h3_10":"8a1e2e6aa0e7fff","h3_11":"8b1e2e6aa0e5fff"},"geometry":{"type":"Polygon","coordinates":[[[20.055827,50.062703],[20.055971,50.062661],[20.056003,50.062703],[20.055858,50.062745],[20.055827,50.062703]]]}},{"type":"Feature","id":"w219054744","properties":{"type":"yes","residential":false,"residents_est":0,"h3_10":"8a1e2e6aa167fff","h3_11":"8b1e2e6aa162fff"},"geometry":{"type":"Polygon","coordinates":[[[20.055645,50.067176],[20.055651,50.067147],[20.055788,50.067158],[20.055783,50.067186],[20.055645,50.067176]]]}},{"type":"Feature","id":"w219054746","properties":{"type":"yes","residential":true,"residents_est":1,"h3_10":"8a1e2e6aa057fff","h3_11":"8b1e2e6aa051fff"},"geometry":{"type":"Polygon","coordinates":[[[20.05798,50.063271],[20.058027,50.063224],[20.058134,50.063267],[20.058087,50.063315],[20.05798,50.063271]]]}},{"type":"Feature","id":"w219054752","properties":{"type":"yes","residential":true,"residents_est":1,"h3_10":"8a1e2e6aa05ffff","h3_11":"8b1e2e6aa05afff"},"geometry":{"type":"Polygon","coordinates":[[[20.058741,50.062591],[20.058775,50.062538],[20.058865,50.062563],[20.05883,50.062615],[20.058741,50.062591]]]}},{"type":"Feature","id":"w219054764","properties":{"type":"yes","residential":true,"residents_est":2,"h3_10":"8a1e2e6aa097fff","h3_11":"8b1e2e6aa090fff"},"geometry":{"type":"Polygon","coordinates":[[[20.049674,50.060353],[20.049774,50.060321],[20.049741,50.06028],[20.049818,50.060254],[20.049851,50.060296],[20.049782,50.060318],[20.049868,50.060428],[20.04976,50.060463],[20.049674,50.060353]]]}},{"type":"Feature","id":"w219054767","properties":{"type":"yes","residential":true,"residents_est":1,"h3_10":"8a1e2e6aa017fff","h3_11":"8b1e2e6aa011fff"},"geometry":{"type":"Polygon","coordinates":[[[20.052612,50.06295],[20.052647,50.062912],[20.052685,50.062926],[20.0527,50.06291],[20.052798,50.062947],[20.052747,50.063002],[20.052612,50.06295]]]}},{"type":"Feature","id":"w219054802","properties":{"type":"garage","residential":false,"residents_est":0,"h3_10":"8a1e2e6aa18ffff","h3_11":"8b1e2e6aa189fff"},"geometry":{"type":"Polygon","coordinates":[[[20.050945,50.063609],[20.051577,50.063569],[20.051596,50.063681],[20.051006,50.063721],[20.051005,50.063712],[20.050963,50.063715],[20.050945,50.063609]]]}},{"type":"Feature","id":"w219054805","properties":{"type":"yes","residential":false,"residents_est":0,"h3_10":"8a1e2e6aa0a7fff","h3_11":"8b1e2e6aa0a2fff"},"geometry":{"type":"Polygon","coordinates":[[[20.050401,50.062113],[20.050456,50.062108],[20.050469,50.062168],[20.050415,50.062174],[20.050401,50.062113]]]}},{"type":"Feature","id":"w219054807","properties":{"type":"yes","residential":false,"residents_est":0,"h3_10":"8a1e2e6aa017fff","h3_11":"8b1e2e6aa013fff"},"geometry":{"type":"Polygon","coordinates":[[[20.052489,50.062969],[20.052526,50.062908],[20.052579,50.062922],[20.052543,50.062982],[20.052489,50.062969]]]}},{"type":"Feature","id":"w219054812","properties":{"type":"yes","residential":false,"residents_est":0,"h3_10":"8a1e2e6aa16ffff","h3_11":"8b1e2e6aa16afff"},"geometry":{"type":"Polygon","coordinates":[[[20.057081,50.066984],[20.057086,50.066934],[20.057107,50.066927],[20.057165,50.066932],[20.05716,50.066987],[20.057081,50.066984]]]}},{"type":"Feature","id":"w219054813","properties":{"type":"yes","residential":true,"residents_est":3,"h3_10":"8a1e2e6aa14ffff","h3_11":"8b1e2e6aa14bfff"},"geometry":{"type":"Polygon","coordinates":[[[20.05852,50.065847],[20.058553,50.065666],[20.058682,50.065675],[20.05865,50.065856],[20.05852,50.065847]]]}},{"type":"Feature","id":"w219054830","properties":{"type":"yes","residential":false,"residents_est":0,"h3_10":"8a1e2e6aa16ffff","h3_11":"8b1e2e6aa16afff"},"geometry":{"type":"Polygon","coordinates":[[[20.05726,50.066995],[20.05727,50.06694],[20.057296,50.066942],[20.057344,50.066979],[20.05734,50.067],[20.05726,50.066995]]]}},{"type":"Feature","id":"w219054836","properties":{"type":"yes","address":"Żaglowa 10","residential":true,"residents_est":1,"h3_10":"8a1e2e6aa0e7fff","h3_11":"8b1e2e6aa0e5fff"},"geometry":{"type":"Polygon","coordinates":[[[20.055943,50.062624],[20.056046,50.062591],[20.056112,50.062685],[20.056071,50.062698],[20.05606,50.062684],[20.056003,50.062703],[20.055943,50.062624]]]}},{"type":"Feature","id":"w219054839","properties":{"type":"yes","residential":true,"residents_est":1,"h3_10":"8a1e2e6aa097fff","h3_11":"8b1e2e6aa091fff"},"geometry":{"type":"Polygon","coordinates":[[[20.050632,50.060602],[20.050735,50.060587],[20.0507,50.06049],[20.050598,50.060505],[20.050632,50.060602]],[[20.050599,50.060507],[20.0506,50.060506],[20.0506,50.060507],[20.050599,50.060507]]]}},{"type":"Feature","id":"w219054842","properties":{"type":"yes","residential":true,"residents_est":2,"h3_10":"8a1e2e6aa0a7fff","h3_11":"8b1e2e6aa0a2fff"},"geometry":{"type":"Polygon","coordinates":[[[20.05019,50.062016],[20.050303,50.062003],[20.050336,50.062123],[20.050223,50.062136],[20.05019,50.062016]]]}},{"type":"Feature","id":"w219054847","properties":{"type":"yes","residential":true,"residents_est":2,"h3_10":"8a1e2e6aa097fff","h3_11":"8b1e2e6aa095fff"},"geometry":{"type":"Polygon","coordinates":[[[20.049745,50.060872],[20.049873,50.060817],[20.04991,50.060853],[20.049879,50.060866],[20.049963,50.060948],[20.049865,50.060989],[20.049745,50.060872]]]}},{"type":"Feature","id":"w219054853","properties":{"type":"convent","address":"Wacława Sieroszewskiego 1a","name":"Zakon Sióstr Józefitek","residential":false,"residents_est":0,"h3_10":"8a1e2e6aa11ffff","h3_11":"8b1e2e6aa11efff"},"geometry":{"type":"Polygon","coordinates":[[[20.050835,50.065581],[20.050853,50.065481],[20.050984,50.06549],[20.050986,50.065481],[20.051013,50.065467],[20.051054,50.065471],[20.051075,50.065487],[20.051074,50.065497],[20.051193,50.065506],[20.051176,50.065606],[20.050835,50.065581]]]}},{"type":"Feature","id":"w219054858","properties":{"type":"yes","residential":true,"residents_est":2,"h3_10":"8a1e2e6aa177fff","h3_11":"8b1e2e6aa172fff"},"geometry":{"type":"Polygon","coordinates":[[[20.05391,50.066418],[20.053957,50.066414],[20.053973,50.0664],[20.053968,50.06637],[20.054078,50.06636],[20.054101,50.066476],[20.053925,50.066491],[20.05391,50.066418]]]}},{"type":"Feature","id":"w219054859","properties":{"type":"construction","residential":false,"residents_est":0,"h3_10":"8a1e2e6aa017fff","h3_11":"8b1e2e6aa016fff"},"geometry":{"type":"Polygon","coordinates":[[[20.051459,50.062894],[20.05159,50.062876],[20.051653,50.063062],[20.051633,50.063065],[20.05165,50.063117],[20.051751,50.063103],[20.051778,50.063183],[20.051547,50.063215],[20.05152,50.063136],[20.05154,50.063133],[20.051459,50.062894]]]}},{"type":"Feature","id":"w219054865","properties":{"type":"yes","residential":true,"residents_est":14,"h3_10":"8a1e2e6aa14ffff","h3_11":"8b1e2e6aa149fff"},"geometry":{"type":"Polygon","coordinates":[[[20.058376,50.066254],[20.058431,50.065934],[20.0586,50.065946],[20.058544,50.066267],[20.058376,50.066254]]]}},{"type":"Feature","id":"r2898604","properties":{"type":"grandstand","residential":false,"residents_est":0,"h3_10":"8a1e2e6aa14ffff","h3_11":"8b1e2e6aa14afff"},"geometry":{"type":"MultiPolygon","coordinates":[[[[20.056358,50.066031],[20.056382,50.065897],[20.056437,50.065718],[20.056524,50.06555],[20.056631,50.065409],[20.056801,50.06527],[20.056947,50.065204],[20.057189,50.06514],[20.057426,50.065117],[20.057702,50.065148],[20.057889,50.065202],[20.058026,50.065264],[20.058085,50.065297],[20.058233,50.065422],[20.058296,50.065521],[20.058335,50.065604],[20.058363,50.065705],[20.058375,50.065782],[20.058366,50.06598],[20.058353,50.066076],[20.058224,50.066072],[20.058244,50.065933],[20.058233,50.06576],[20.058209,50.065651],[20.058182,50.065572],[20.058111,50.065471],[20.058021,50.065385],[20.057965,50.065349],[20.057864,50.0653],[20.057735,50.065256],[20.057643,50.065233],[20.057485,50.065215],[20.057353,50.065217],[20.057094,50.065264],[20.056963,50.06531],[20.056893,50.065349],[20.056798,50.065419],[20.056728,50.065486],[20.056655,50.065588],[20.056599,50.065691],[20.056553,50.06582],[20.056524,50.065917],[20.056507,50.066025],[20.056501,50.066111],[20.056504,50.066231],[20.056522,50.066339],[20.056552,50.06644],[20.056639,50.066579],[20.056756,50.066668],[20.056868,50.066729],[20.056969,50.066769],[20.057127,50.066805],[20.057164,50.066876],[20.057164,50.066899],[20.057083,50.066893],[20.056928,50.06686],[20.056766,50.066798],[20.056624,50.066711],[20.056529,50.066628],[20.056448,50.066523],[20.056399,50.066402],[20.056365,50.066231],[20.056358,50.066031]]],[[[20.057268,50.066908],[20.057274,50.066888],[20.057339,50.066819],[20.057498,50.066808],[20.0577,50.066758],[20.057787,50.066724],[20.05785,50.06669],[20.05792,50.066641],[20.057994,50.066574],[20.058054,50.066493],[20.058141,50.066349],[20.058214,50.066116],[20.05834,50.066133],[20.058308,50.066251],[20.058241,50.066441],[20.058164,50.066546],[20.058077,50.066649],[20.057955,50.066747],[20.057786,50.066832],[20.057602,50.066882],[20.057472,50.0669],[20.057268,50.066908]]]]}},{"type":"Feature","id":"w230003332","properties":{"type":"yes","residential":false,"residents_est":0,"h3_10":"8a1e2e6aa077fff","h3_11":"8b1e2e6aa074fff"},"geometry":{"type":"Polygon","coordinates":[[[20.056674,50.064781],[20.056683,50.064724],[20.056732,50.064728],[20.056723,50.064784],[20.056674,50.064781]]]}},{"type":"Feature","id":"w230003333","properties":{"type":"yes","residential":true,"residents_est":3,"h3_10":"8a1e2e6aa077fff","h3_11":"8b1e2e6aa074fff"},"geometry":{"type":"Polygon","coordinates":[[[20.056391,50.064658],[20.056424,50.06447],[20.05655,50.064479],[20.056518,50.064667],[20.056391,50.064658]]]}},{"type":"Feature","id":"w230003335","properties":{"type":"yes","residential":false,"residents_est":0,"h3_10":"8a1e2e6aa15ffff","h3_11":"8b1e2e6aa15cfff"},"geometry":{"type":"Polygon","coordinates":[[[20.055949,50.065708],[20.055949,50.065692],[20.055964,50.065671],[20.056007,50.065642],[20.05603,50.065636],[20.056029,50.065647],[20.056049,50.06565],[20.05605,50.065661],[20.055995,50.065711],[20.055961,50.065715],[20.055962,50.06571],[20.055949,50.065708]]]}},{"type":"Feature","id":"w232470211","properties":{"type":"yes","residential":false,"residents_est":0,"h3_10":"8a1e2e6aa1affff","h3_11":"8b1e2e6aa1a9fff"},"geometry":{"type":"Polygon","coordinates":[[[20.051135,50.064462],[20.05121,50.064458],[20.051214,50.06449],[20.051138,50.064493],[20.051135,50.064462]]]}},{"type":"Feature","id":"w232470216","properties":{"type":"yes","address":"Wacława Sieroszewskiego 5b","residential":true,"residents_est":62,"h3_10":"8a1e2e6aa117fff","h3_11":"8b1e2e6aa116fff"},"geometry":{"type":"Polygon","coordinates":[[[20.049189,50.065901],[20.049198,50.065802],[20.049211,50.065802],[20.049239,50.06544],[20.049225,50.065439],[20.049233,50.065341],[20.049384,50.065346],[20.049383,50.065364],[20.049427,50.065365],[20.04943,50.065307],[20.049242,50.065302],[20.049246,50.065236],[20.049269,50.065236],[20.049291,50.065],[20.049759,50.065025],[20.049739,50.065221],[20.049552,50.065213],[20.049548,50.065286],[20.049576,50.065288],[20.049569,50.065374],[20.049555,50.065374],[20.049548,50.06548],[20.049531,50.065479],[20.049525,50.0655],[20.049488,50.065528],[20.049465,50.065535],[20.049434,50.065534],[20.04943,50.065587],[20.049371,50.065585],[20.049376,50.065523],[20.049337,50.065522],[20.049318,50.065757],[20.049356,50.065758],[20.049382,50.065781],[20.04938,50.065809],[20.04935,50.065808],[20.049343,50.065907],[20.049295,50.065905],[20.049295,50.065924],[20.049281,50.065933],[20.049268,50.065933],[20.049242,50.065922],[20.049245,50.065903],[20.049189,50.065901]]]}},{"type":"Feature","id":"w232536129","properties":{"type":"religious","residential":false,"residents_est":0,"h3_10":"8a1e2e6aa157fff","h3_11":"8b1e2e6aa152fff"},"geometry":{"type":"Polygon","coordinates":[[[20.054046,50.065566],[20.05409,50.065256],[20.054208,50.065263],[20.054199,50.065332],[20.054313,50.06534],[20.054306,50.06538],[20.054421,50.065387],[20.054404,50.06548],[20.054375,50.065478],[20.05437,50.065516],[20.054175,50.065504],[20.054165,50.065573],[20.054046,50.065566]]]}},{"type":"Feature","id":"w232536131","properties":{"type":"bell_tower","residential":false,"residents_est":0,"h3_10":"8a1e2e6aa11ffff","h3_11":"8b1e2e6aa119fff"},"geometry":{"type":"Polygon","coordinates":[[[20.052432,50.065374],[20.052436,50.065325],[20.052536,50.065328],[20.052532,50.065377],[20.052432,50.065374]]]}},{"type":"Feature","id":"w232536133","properties":{"type":"religious","residential":false,"residents_est":0,"h3_10":"8a1e2e6aa11ffff","h3_11":"8b1e2e6aa119fff"},"geometry":{"type":"Polygon","coordinates":[[[20.052285,50.065265],[20.052911,50.065271],[20.052919,50.064961],[20.052997,50.064963],[20.052983,50.065315],[20.052442,50.065306],[20.052285,50.065309],[20.052285,50.065265]]]}},{"type":"Feature","id":"w232588198","properties":{"type":"yes","address":"Zbyszka z Bogdańca 4c","residential":true,"residents_est":1,"h3_10":"8a1e2e6aa097fff","h3_11":"8b1e2e6aa092fff"},"geometry":{"type":"Polygon","coordinates":[[[20.049506,50.060068],[20.04962,50.060033],[20.049656,50.060082],[20.04964,50.060086],[20.049664,50.060118],[20.049565,50.060148],[20.049506,50.060068]]]}},{"type":"Feature","id":"w300509967","properties":{"type":"yes","residential":false,"residents_est":0,"h3_10":"8a1e2e6aa117fff","h3_11":"8b1e2e6aa116fff"},"geometry":{"type":"Polygon","coordinates":[[[20.048966,50.0659],[20.048969,50.065831],[20.049025,50.065832],[20.049022,50.065901],[20.048966,50.0659]]]}},{"type":"Feature","id":"w337813679","properties":{"type":"yes","residential":true,"residents_est":3,"h3_10":"8a1e2e6aa1affff","h3_11":"8b1e2e6aa1acfff"},"geometry":{"type":"Polygon","coordinates":[[[20.049279,50.064993],[20.049284,50.064931],[20.04952,50.064936],[20.049519,50.064946],[20.049604,50.064954],[20.049598,50.065015],[20.049512,50.065011],[20.049514,50.065002],[20.049279,50.064993]]]}},{"type":"Feature","id":"w337813716","properties":{"type":"industrial","residential":false,"residents_est":0,"h3_10":"8a1e2e6aa18ffff","h3_11":"8b1e2e6aa18efff"},"geometry":{"type":"Polygon","coordinates":[[[20.049359,50.06348],[20.04975,50.063422],[20.049802,50.063566],[20.049698,50.063581],[20.049714,50.063628],[20.049444,50.06367],[20.049407,50.06357],[20.049393,50.063572],[20.049359,50.06348]]]}},{"type":"Feature","id":"w337813740","properties":{"type":"greenhouse","levels":1.0,"residential":false,"residents_est":0,"h3_10":"8a1e2e6aa02ffff","h3_11":"8b1e2e6aa02efff"},"geometry":{"type":"Polygon","coordinates":[[[20.054487,50.06451],[20.054517,50.064326],[20.054688,50.064337],[20.054657,50.064548],[20.054523,50.064542],[20.054528,50.064513],[20.054487,50.06451]]]}},{"type":"Feature","id":"w337813771","properties":{"type":"yes","levels":1.0,"address":"Klasztorna 20","residential":true,"residents_est":2,"h3_10":"8a1e2e6aa037fff","h3_11":"8b1e2e6aa032fff"},"geometry":{"type":"Polygon","coordinates":[[[20.051611,50.06388],[20.051679,50.063875],[20.051668,50.063824],[20.051708,50.063821],[20.051706,50.063813],[20.051958,50.063791],[20.05197,50.063847],[20.051719,50.063871],[20.051727,50.063903],[20.051713,50.063904],[20.051723,50.063957],[20.051738,50.063955],[20.051745,50.063988],[20.051702,50.063993],[20.051706,50.06401],[20.051728,50.064008],[20.051736,50.064055],[20.051708,50.064052],[20.051696,50.064092],[20.051612,50.064082],[20.051624,50.064042],[20.051648,50.064045],[20.051642,50.063998],[20.051637,50.063998],[20.051611,50.06388]]]}},{"type":"Feature","id":"w337813784","properties":{"type":"yes","residential":false,"residents_est":0,"h3_10":"8a1e2e6aa007fff","h3_11":"8b1e2e6aa003fff"},"geometry":{"type":"Polygon","coordinates":[[[20.053943,50.063396],[20.053946,50.063341],[20.054036,50.063343],[20.054033,50.063397],[20.053943,50.063396]]]}},{"type":"Feature","id":"w337813803","properties":{"type":"yes","residential":false,"residents_est":0,"h3_10":"8a1e2e6aa0e7fff","h3_11":"8b1e2e6aa0e4fff"},"geometry":{"type":"Polygon","coordinates":[[[20.055625,50.062601],[20.055698,50.06258],[20.055735,50.062633],[20.055663,50.062655],[20.055625,50.062601]]]}},{"type":"Feature","id":"w337813806","properties":{"type":"yes","residential":true,"residents_est":1,"h3_10":"8a1e2e6aa187fff","h3_11":"8b1e2e6aa181fff"},"geometry":{"type":"Polygon","coordinates":[[[20.049184,50.06372],[20.04928,50.063706],[20.049301,50.063766],[20.049204,50.063781],[20.049184,50.06372]]]}},{"type":"Feature","id":"w337813831","properties":{"type":"service","residential":false,"residents_est":0,"h3_10":"8a1e2e6aa1a7fff","h3_11":"8b1e2e6aa1a6fff"},"geometry":{"type":"Polygon","coordinates":[[[20.047744,50.064916],[20.047757,50.064699],[20.047832,50.064704],[20.047815,50.06492],[20.047744,50.064916]]]}},{"type":"Feature","id":"w337813851","properties":{"type":"yes","residential":true,"residents_est":1,"h3_10":"8a1e2e6aa0e7fff","h3_11":"8b1e2e6aa0e5fff"},"geometry":{"type":"Polygon","coordinates":[[[20.056368,50.062826],[20.05643,50.062798],[20.056539,50.0629],[20.056472,50.062928],[20.056368,50.062826]]]}},{"type":"Feature","id":"w337813877","properties":{"type":"yes","residential":false,"residents_est":0,"h3_10":"8a1e2e6aa01ffff","h3_11":"8b1e2e6aa01dfff"},"geometry":{"type":"Polygon","coordinates":[[[20.054662,50.063181],[20.054761,50.06316],[20.054784,50.063206],[20.054685,50.063227],[20.054662,50.063181]]]}},{"type":"Feature","id":"w337813893","properties":{"type":"yes","residential":false,"residents_est":0,"h3_10":"8a1e2e6aa0e7fff","h3_11":"8b1e2e6aa0e4fff"},"geometry":{"type":"Polygon","coordinates":[[[20.055475,50.062696],[20.055529,50.062682],[20.055575,50.062753],[20.055521,50.062767],[20.055475,50.062696]]]}},{"type":"Feature","id":"w337813904","properties":{"type":"yes","residential":false,"residents_est":0,"h3_10":"8a1e2e6aa007fff","h3_11":"8b1e2e6aa002fff"},"geometry":{"type":"Polygon","coordinates":[[[20.05326,50.063286],[20.053331,50.063286],[20.053331,50.063353],[20.05326,50.063353],[20.05326,50.063286]]]}},{"type":"Feature","id":"w337813907","properties":{"type":"yes","residential":true,"residents_est":1,"h3_10":"8a1e2e6aa087fff","h3_11":"8b1e2e6aa082fff"},"geometry":{"type":"Polygon","coordinates":[[[20.050808,50.060719],[20.050901,50.060717],[20.050904,50.060788],[20.050811,50.06079],[20.050808,50.060719]]]}},{"type":"Feature","id":"w337813915","properties":{"type":"yes","residential":false,"residents_est":0,"h3_10":"8a1e2e6aa0effff","h3_11":"8b1e2e6aa0e8fff"},"geometry":{"type":"Polygon","coordinates":[[[20.057453,50.061907],[20.057498,50.061873],[20.05758,50.061919],[20.057536,50.061953],[20.057453,50.061907]]]}},{"type":"Feature","id":"w337813930","properties":{"type":"yes","residential":true,"residents_est":1,"h3_10":"8a1e2e6aa0e7fff","h3_11":"8b1e2e6aa0e1fff"},"geometry":{"type":"Polygon","coordinates":[[[20.056305,50.062479],[20.056371,50.062454],[20.056429,50.06252],[20.05636,50.062544],[20.056305,50.062479]]]}},{"type":"Feature","id":"w337813961","properties":{"type":"yes","residential":true,"residents_est":4,"h3_10":"8a1e2e6aa057fff","h3_11":"8b1e2e6aa056fff"},"geometry":{"type":"Polygon","coordinates":[[[20.056517,50.062982],[20.056566,50.062944],[20.056647,50.062985],[20.056597,50.063024],[20.056517,50.062982]]]}},{"type":"Feature","id":"w337813972","properties":{"type":"yes","residential":true,"residents_est":1,"h3_10":"8a1e2e6aa00ffff","h3_11":"8b1e2e6aa00afff"},"geometry":{"type":"Polygon","coordinates":[[[20.055362,50.063238],[20.055432,50.063193],[20.055509,50.063242],[20.055439,50.063287],[20.055362,50.063238]]]}},{"type":"Feature","id":"w337813977","properties":{"type":"yes","residential":false,"residents_est":0,"h3_10":"8a1e2e6aa097fff","h3_11":"8b1e2e6aa095fff"},"geometry":{"type":"Polygon","coordinates":[[[20.049966,50.061123],[20.04997,50.061095],[20.050042,50.061099],[20.050038,50.061127],[20.049966,50.061123]]]}},{"type":"Feature","id":"w337813997","properties":{"type":"yes","residential":true,"residents_est":1,"h3_10":"8a1e2e6aa037fff","h3_11":"8b1e2e6aa036fff"},"geometry":{"type":"Polygon","coordinates":[[[20.051498,50.064248],[20.051589,50.064242],[20.051598,50.064301],[20.051508,50.064306],[20.051498,50.064248]]]}},{"type":"Feature","id":"w337814005","properties":{"type":"yes","residential":true,"residents_est":1,"h3_10":"8a1e2e6aa0a7fff","h3_11":"8b1e2e6aa0a4fff"},"geometry":{"type":"Polygon","coordinates":[[[20.050389,50.062523],[20.050498,50.062504],[20.05052,50.062558],[20.05041,50.062576],[20.050389,50.062523]]]}},{"type":"Feature","id":"w337814032","properties":{"type":"yes","residential":false,"residents_est":0,"h3_10":"8a1e2e6aa0e7fff","h3_11":"8b1e2e6aa0e5fff"},"geometry":{"type":"Polygon","coordinates":[[[20.05629,50.062744],[20.056344,50.062719],[20.056398,50.062769],[20.056343,50.062794],[20.05629,50.062744]]]}},{"type":"Feature","id":"w337814035","properties":{"type":"yes","residential":true,"residents_est":1,"h3_10":"8a1e2e6aa037fff","h3_11":"8b1e2e6aa032fff"},"geometry":{"type":"Polygon","coordinates":[[[20.051726,50.063875],[20.051775,50.06387],[20.051799,50.063981],[20.05175,50.063986],[20.051726,50.063875]]]}},{"type":"Feature","id":"w337814039","properties":{"type":"yes","residential":true,"residents_est":2,"h3_10":"8a1e2e6aa117fff","h3_11":"8b1e2e6aa113fff"},"geometry":{"type":"Polygon","coordinates":[[[20.050442,50.065378],[20.050448,50.065302],[20.05062,50.065308],[20.050614,50.065384],[20.050442,50.065378]]]}},{"type":"Feature","id":"w337814056","properties":{"type":"yes","residential":true,"residents_est":1,"h3_10":"8a1e2e6aa057fff","h3_11":"8b1e2e6aa053fff"},"geometry":{"type":"Polygon","coordinates":[[[20.057592,50.062715],[20.057657,50.062635],[20.057731,50.062659],[20.057667,50.06274],[20.057592,50.062715]]]}},{"type":"Feature","id":"w337814068","properties":{"type":"yes","residential":false,"residents_est":0,"h3_10":"8a1e2e6aa0b7fff","h3_11":"8b1e2e6aa0b1fff"},"geometry":{"type":"Polygon","coordinates":[[[20.050341,50.061583],[20.050406,50.061573],[20.05043,50.061639],[20.050366,50.061649],[20.050341,50.061583]]]}},{"type":"Feature","id":"w337814077","properties":{"type":"yes","residential":true,"residents_est":1,"h3_10":"8a1e2e6aa09ffff","h3_11":"8b1e2e6aa09cfff"},"geometry":{"type":"Polygon","coordinates":[[[20.050897,50.060575],[20.050981,50.060423],[20.051034,50.060435],[20.05095,50.060587],[20.050897,50.060575]]]}},{"type":"Feature","id":"w337814083","properties":{"type":"service","residential":false,"residents_est":0,"h3_10":"8a1e2e6aa1a7fff","h3_11":"8b1e2e6aa1a6fff"},"geometry":{"type":"Polygon","coordinates":[[[20.047732,50.065122],[20.047739,50.064993],[20.047808,50.064995],[20.047801,50.065124],[20.047732,50.065122]]]}},{"type":"Feature","id":"w337814092","properties":{"type":"outbuilding","levels":1.0,"residential":false,"residents_est":0,"h3_10":"8a1e2e6aa02ffff","h3_11":"8b1e2e6aa02efff"},"geometry":{"type":"Polygon","coordinates":[[[20.054676,50.064548],[20.054697,50.064339],[20.054736,50.06434],[20.054715,50.064549],[20.054676,50.064548]]]}},{"type":"Feature","id":"w337814096","properties":{"type":"yes","levels":2.0,"address":"Żaglowa 13A","name":"Zargood International Sp. z o.o. Sp.k","residential":true,"residents_est":3,"h3_10":"8a1e2e6aa0effff","h3_11":"8b1e2e6aa0ecfff"},"geometry":{"type":"Polygon","coordinates":[[[20.05706,50.062569],[20.057127,50.06249],[20.057348,50.062568],[20.05728,50.062647],[20.05706,50.062569]]]}},{"type":"Feature","id":"w337814148","properties":{"type":"yes","residential":true,"residents_est":1,"h3_10":"8a1e2e6aa0effff","h3_11":"8b1e2e6aa0edfff"},"geometry":{"type":"Polygon","coordinates":[[[20.057639,50.062359],[20.057676,50.062332],[20.057726,50.06236],[20.057791,50.062312],[20.05782,50.062329],[20.057717,50.062403],[20.057639,50.062359]]]}},{"type":"Feature","id":"w337814173","properties":{"type":"yes","residential":true,"residents_est":1,"h3_10":"8a1e2e6aa057fff","h3_11":"8b1e2e6aa053fff"},"geometry":{"type":"Polygon","coordinates":[[[20.057753,50.062722],[20.057788,50.062677],[20.057936,50.062724],[20.057913,50.062753],[20.057867,50.062739],[20.057855,50.062754],[20.057753,50.062722]]]}},{"type":"Feature","id":"w337814349","properties":{"type":"yes","residential":true,"residents_est":2,"h3_10":"8a1e2e6aa087fff","h3_11":"8b1e2e6aa082fff"},"geometry":{"type":"Polygon","coordinates":[[[20.050822,50.060975],[20.050912,50.060966],[20.050921,50.061002],[20.050941,50.061001],[20.050963,50.061014],[20.050969,50.061045],[20.050929,50.061048],[20.050942,50.061118],[20.050851,50.061125],[20.050822,50.060975]]]}},{"type":"Feature","id":"w338218580","properties":{"type":"church","address":"Klasztorna 11","name":"Bazylika Wniebowzięcia Najświętszej Maryi Panny i Świętego Wacława","residential":false,"residents_est":0,"h3_10":"8a1e2e6aa027fff","h3_11":"8b1e2e6aa020fff"},"geometry":{"type":"Polygon","coordinates":[[[20.052844,50.064797],[20.052847,50.064736],[20.05291,50.064734],[20.052907,50.064715],[20.053442,50.064721],[20.053438,50.064642],[20.053586,50.064642],[20.05358,50.064728],[20.053847,50.064732],[20.053846,50.064811],[20.053867,50.064812],[20.053867,50.06482],[20.053845,50.06482],[20.053845,50.064834],[20.053831,50.064834],[20.053832,50.064819],[20.05374,50.064818],[20.053739,50.064852],[20.05376,50.064853],[20.05376,50.06486],[20.053739,50.06486],[20.053738,50.064896],[20.053754,50.064911],[20.053744,50.064916],[20.053726,50.064904],[20.053634,50.064904],[20.053634,50.064917],[20.05362,50.064917],[20.05362,50.064904],[20.053531,50.064903],[20.05353,50.064919],[20.053482,50.064918],[20.053482,50.064902],[20.053461,50.064902],[20.053461,50.064892],[20.053485,50.064893],[20.053483,50.064866],[20.053427,50.064865],[20.053427,50.064873],[20.053413,50.064873],[20.053413,50.064866],[20.053354,50.064866],[20.053354,50.064874],[20.053342,50.064874],[20.053341,50.064866],[20.053283,50.064866],[20.053283,50.064873],[20.053269,50.064874],[20.053269,50.064867],[20.053214,50.064866],[20.053213,50.064874],[20.053201,50.064875],[20.0532,50.064866],[20.053143,50.064866],[20.053143,50.064875],[20.053129,50.064875],[20.053129,50.064866],[20.053072,50.064866],[20.053072,50.064875],[20.05306,50.064875],[20.053059,50.064867],[20.053007,50.064867],[20.053008,50.064875],[20.052993,50.064875],[20.052992,50.064867],[20.05293,50.064867],[20.052929,50.064926],[20.052921,50.064926],[20.052923,50.064876],[20.052909,50.064876],[20.052909,50.064868],[20.052902,50.064864],[20.052908,50.064802],[20.052849,50.064802],[20.052844,50.064797]]]}},{"type":"Feature","id":"w338218581","properties":{"type":"residential","residential":true,"residents_est":36,"h3_10":"8a1e2e6aa02ffff","h3_11":"8b1e2e6aa02afff"},"geometry":{"type":"Polygon","coordinates":[[[20.054562,50.064301],[20.054566,50.064189],[20.054581,50.064189],[20.054581,50.064195],[20.054603,50.06419],[20.05461,50.063984],[20.054573,50.063984],[20.054577,50.063871],[20.054759,50.063874],[20.054744,50.064303],[20.054562,50.064301]]]}},{"type":"Feature","id":"w338218587","properties":{"type":"shrine","residential":false,"residents_est":0,"h3_10":"8a1e2e6aa037fff","h3_11":"8b1e2e6aa031fff"},"geometry":{"type":"Polygon","coordinates":[[[20.052302,50.064192],[20.052309,50.064141],[20.052366,50.064145],[20.052358,50.064195],[20.052302,50.064192]]]}},{"type":"Feature","id":"w338218588","properties":{"type":"greenhouse","levels":1.0,"residential":false,"residents_est":0,"h3_10":"8a1e2e6aa02ffff","h3_11":"8b1e2e6aa02efff"},"geometry":{"type":"Polygon","coordinates":[[[20.054417,50.064506],[20.054444,50.064322],[20.054503,50.064326],[20.054476,50.064509],[20.054417,50.064506]]]}},{"type":"Feature","id":"w338218591","properties":{"type":"yes","residential":true,"residents_est":1,"h3_10":"8a1e2e6aa007fff","h3_11":"8b1e2e6aa006fff"},"geometry":{"type":"Polygon","coordinates":[[[20.053134,50.063785],[20.053311,50.063776],[20.053322,50.06384],[20.053149,50.06385],[20.053134,50.063785]]]}},{"type":"Feature","id":"w338218593","properties":{"type":"yes","residential":true,"residents_est":1,"h3_10":"8a1e2e6aa177fff","h3_11":"8b1e2e6aa172fff"},"geometry":{"type":"Polygon","coordinates":[[[20.054078,50.06636],[20.054165,50.066353],[20.05418,50.066427],[20.054093,50.066434],[20.054078,50.06636]]]}},{"type":"Feature","id":"w338218594","properties":{"type":"garage","levels":1.0,"residential":false,"residents_est":0,"h3_10":"8a1e2e6aa12ffff","h3_11":"8b1e2e6aa12afff"},"geometry":{"type":"Polygon","coordinates":[[[20.05236,50.066694],[20.052436,50.066687],[20.052448,50.066734],[20.052372,50.066742],[20.05236,50.066694]]]}},{"type":"Feature","id":"w338218607","properties":{"type":"yes","residential":false,"residents_est":0,"h3_10":"8a1e2e6aa107fff","h3_11":"8b1e2e6aa103fff"},"geometry":{"type":"Polygon","coordinates":[[[20.051585,50.065957],[20.051626,50.065955],[20.051632,50.066005],[20.05159,50.066007],[20.051585,50.065957]]]}},{"type":"Feature","id":"w338218608","properties":{"type":"greenhouse","levels":1.0,"residential":false,"residents_est":0,"h3_10":"8a1e2e6aa02ffff","h3_11":"8b1e2e6aa02efff"},"geometry":{"type":"Polygon","coordinates":[[[20.054351,50.064502],[20.054378,50.064318],[20.054434,50.064321],[20.054405,50.064505],[20.054351,50.064502]]]}},{"type":"Feature","id":"w338218609","properties":{"type":"outbuilding","levels":1.0,"residential":false,"residents_est":0,"h3_10":"8a1e2e6aa02ffff","h3_11":"8b1e2e6aa02efff"},"geometry":{"type":"Polygon","coordinates":[[[20.054362,50.064532],[20.054367,50.064503],[20.054528,50.064513],[20.054523,50.064542],[20.054362,50.064532]]]}},{"type":"Feature","id":"w338218610","properties":{"type":"yes","residential":true,"residents_est":2,"h3_10":"8a1e2e6aa007fff","h3_11":"8b1e2e6aa006fff"},"geometry":{"type":"Polygon","coordinates":[[[20.052707,50.063858],[20.052771,50.063854],[20.052784,50.063895],[20.052868,50.064072],[20.052823,50.064081],[20.052794,50.064028],[20.052788,50.064029],[20.052707,50.063858]]]}},{"type":"Feature","id":"w338218611","properties":{"type":"detached","levels":1.0,"residential":true,"residents_est":4,"h3_10":"8a1e2e6aa107fff","h3_11":"8b1e2e6aa105fff"},"geometry":{"type":"Polygon","coordinates":[[[20.051368,50.066917],[20.051699,50.066864],[20.05173,50.066949],[20.051399,50.067004],[20.051368,50.066917]]]}},{"type":"Feature","id":"w340292356","properties":{"type":"yes","residential":false,"residents_est":0,"h3_10":"8a1e2e6aa037fff","h3_11":"8b1e2e6aa034fff"},"geometry":{"type":"Polygon","coordinates":[[[20.051762,50.064471],[20.05184,50.064466],[20.051846,50.064498],[20.051767,50.064503],[20.051762,50.064471]]]}},{"type":"Feature","id":"w708245131","properties":{"type":"yes","residential":false,"residents_est":0,"h3_10":"8a1e2e6aa0e7fff","h3_11":"8b1e2e6aa0e6fff"},"geometry":{"type":"Polygon","coordinates":[[[20.055001,50.062452],[20.055065,50.062433],[20.05509,50.062471],[20.055026,50.062491],[20.055001,50.062452]]]}},{"type":"Feature","id":"w708245132","properties":{"type":"yes","residential":false,"residents_est":0,"h3_10":"8a1e2e6aa057fff","h3_11":"8b1e2e6aa056fff"},"geometry":{"type":"Polygon","coordinates":[[[20.0565,50.063073],[20.05653,50.063048],[20.056602,50.063081],[20.056568,50.063108],[20.0565,50.063073]]]}},{"type":"Feature","id":"w708245133","properties":{"type":"yes","residential":false,"residents_est":0,"h3_10":"8a1e2e6aa057fff","h3_11":"8b1e2e6aa054fff"},"geometry":{"type":"Polygon","coordinates":[[[20.056914,50.063297],[20.05695,50.063259],[20.05701,50.063281],[20.056973,50.06332],[20.056914,50.063297]]]}},{"type":"Feature","id":"w708245134","properties":{"type":"yes","residential":false,"residents_est":0,"h3_10":"8a1e2e6aa057fff","h3_11":"8b1e2e6aa052fff"},"geometry":{"type":"Polygon","coordinates":[[[20.056813,50.062947],[20.05687,50.062899],[20.056918,50.06292],[20.05686,50.06297],[20.056813,50.062947]]]}},{"type":"Feature","id":"w708245135","properties":{"type":"yes","residential":false,"residents_est":0,"h3_10":"8a1e2e6aa057fff","h3_11":"8b1e2e6aa050fff"},"geometry":{"type":"Polygon","coordinates":[[[20.056977,50.063112],[20.05701,50.063083],[20.057107,50.063128],[20.057074,50.063158],[20.056977,50.063112]]]}},{"type":"Feature","id":"w708245136","properties":{"type":"yes","address":"Żaglowa 13B","residential":true,"residents_est":15,"h3_10":"8a1e2e6aa057fff","h3_11":"8b1e2e6aa050fff"},"geometry":{"type":"Polygon","coordinates":[[[20.057262,50.062977],[20.057381,50.062855],[20.057725,50.062994],[20.057606,50.063116],[20.057262,50.062977]]]}},{"type":"Feature","id":"w708245137","properties":{"type":"yes","residential":true,"residents_est":2,"h3_10":"8a1e2e6aa047fff","h3_11":"8b1e2e6aa042fff"},"geometry":{"type":"Polygon","coordinates":[[[20.058329,50.063444],[20.058366,50.063343],[20.058514,50.063365],[20.058478,50.063466],[20.058329,50.063444]]]}},{"type":"Feature","id":"w708245138","properties":{"type":"yes","address":"Stare Wiślisko 46","residential":true,"residents_est":3,"h3_10":"8a1e2e6aa05ffff","h3_11":"8b1e2e6aa059fff"},"geometry":{"type":"Polygon","coordinates":[[[20.059839,50.062759],[20.059865,50.062711],[20.059873,50.062713],[20.059882,50.062697],[20.059968,50.062716],[20.059973,50.062708],[20.060072,50.062731],[20.060068,50.062739],[20.06012,50.062751],[20.060086,50.062815],[20.059839,50.062759]]]}},{"type":"Feature","id":"w708245155","properties":{"type":"house","address":"Stare Wiślisko 55s","residential":true,"residents_est":4,"h3_10":"8a1e2e6aa0c7fff","h3_11":"8b1e2e6aa0c6fff"},"geometry":{"type":"Polygon","coordinates":[[[20.055428,50.061422],[20.055537,50.061391],[20.055622,50.061515],[20.055537,50.061539],[20.055532,50.061531],[20.055508,50.061538],[20.055428,50.061422]]]}},{"type":"Feature","id":"w708245156","properties":{"type":"house","address":"Stare Wiślisko 55r","residential":true,"residents_est":4,"h3_10":"8a1e2e6aa0c7fff","h3_11":"8b1e2e6aa0c6fff"},"geometry":{"type":"Polygon","coordinates":[[[20.055537,50.061391],[20.055645,50.06136],[20.055725,50.061475],[20.055701,50.061482],[20.055707,50.06149],[20.055622,50.061515],[20.055537,50.061391]]]}},{"type":"Feature","id":"w708245158","properties":{"type":"house","address":"Stare Wiślisko 55o","residential":true,"residents_est":4,"h3_10":"8a1e2e6aa0c7fff","h3_11":"8b1e2e6aa0c0fff"},"geometry":{"type":"Polygon","coordinates":[[[20.055884,50.061284],[20.055992,50.061253],[20.056078,50.061378],[20.056054,50.061384],[20.05606,50.061393],[20.055976,50.061417],[20.055884,50.061284]]]}},{"type":"Feature","id":"w708245159","properties":{"type":"yes","residential":false,"residents_est":0,"h3_10":"8a1e2e6aa00ffff","h3_11":"8b1e2e6aa00efff"},"geometry":{"type":"Polygon","coordinates":[[[20.055025,50.063492],[20.055061,50.063463],[20.055151,50.063511],[20.055115,50.063539],[20.055025,50.063492]]]}},{"type":"Feature","id":"w708245160","properties":{"type":"yes","residential":true,"residents_est":1,"h3_10":"8a1e2e6aa00ffff","h3_11":"8b1e2e6aa008fff"},"geometry":{"type":"Polygon","coordinates":[[[20.055163,50.063383],[20.055208,50.063348],[20.0553,50.063397],[20.055255,50.063432],[20.055163,50.063383]]]}},{"type":"Feature","id":"w708245161","properties":{"type":"house","levels":2.0,"address":"Żaglowa 6","residential":true,"residents_est":4,"h3_10":"8a1e2e6aa00ffff","h3_11":"8b1e2e6aa00afff"},"geometry":{"type":"Polygon","coordinates":[[[20.054948,50.063036],[20.054963,50.063036],[20.054962,50.062977],[20.055081,50.062976],[20.055083,50.063056],[20.055095,50.063056],[20.055096,50.063117],[20.055034,50.063117],[20.055034,50.06308],[20.054964,50.063081],[20.054963,50.063062],[20.054949,50.063062],[20.054948,50.063036]]]}},{"type":"Feature","id":"w708245162","properties":{"type":"yes","residential":false,"residents_est":0,"h3_10":"8a1e2e6aa00ffff","h3_11":"8b1e2e6aa008fff"},"geometry":{"type":"Polygon","coordinates":[[[20.055397,50.063406],[20.05547,50.063395],[20.055481,50.063421],[20.055408,50.063432],[20.055397,50.063406]]]}},{"type":"Feature","id":"w708245163","properties":{"type":"outbuilding","residential":false,"residents_est":0,"h3_10":"8a1e2e6aa017fff","h3_11":"8b1e2e6aa012fff"},"geometry":{"type":"Polygon","coordinates":[[[20.051683,50.062577],[20.051703,50.062539],[20.051776,50.062555],[20.051756,50.062593],[20.051683,50.062577]]]}},{"type":"Feature","id":"w708245164","properties":{"type":"yes","residential":false,"residents_est":0,"h3_10":"8a1e2e6aa0a7fff","h3_11":"8b1e2e6aa0a5fff"},"geometry":{"type":"Polygon","coordinates":[[[20.051026,50.062669],[20.051033,50.062607],[20.051079,50.062609],[20.051072,50.062671],[20.051026,50.062669]]]}},{"type":"Feature","id":"w708245165","properties":{"type":"yes","residential":true,"residents_est":1,"h3_10":"8a1e2e6aa0a7fff","h3_11":"8b1e2e6aa0a0fff"},"geometry":{"type":"Polygon","coordinates":[[[20.050667,50.06238],[20.050812,50.06234],[20.05085,50.062396],[20.050704,50.062436],[20.050667,50.06238]]]}},{"type":"Feature","id":"w708245166","properties":{"type":"yes","residential":false,"residents_est":0,"h3_10":"8a1e2e6aa0a7fff","h3_11":"8b1e2e6aa0a0fff"},"geometry":{"type":"Polygon","coordinates":[[[20.051032,50.062491],[20.051092,50.062467],[20.051114,50.06249],[20.051053,50.062514],[20.051032,50.062491]]]}},{"type":"Feature","id":"w708245168","properties":{"type":"yes","residential":false,"residents_est":0,"h3_10":"8a1e2e6aa0a7fff","h3_11":"8b1e2e6aa0a3fff"},"geometry":{"type":"Polygon","coordinates":[[[20.051143,50.062117],[20.051201,50.062088],[20.051239,50.06212],[20.051181,50.062148],[20.051143,50.062117]]]}},{"type":"Feature","id":"w708245169","properties":{"type":"allotment_house","residential":false,"residents_est":0,"h3_10":"8a1e2e6aa0f7fff","h3_11":"8b1e2e6aa0f6fff"},"geometry":{"type":"Polygon","coordinates":[[[20.053311,50.061505],[20.053342,50.061497],[20.053387,50.061563],[20.053356,50.061572],[20.053311,50.061505]]]}},{"type":"Feature","id":"w708245170","properties":{"type":"allotment_house","residential":false,"residents_est":0,"h3_10":"8a1e2e6aa0f7fff","h3_11":"8b1e2e6aa0f6fff"},"geometry":{"type":"Polygon","coordinates":[[[20.053466,50.0616],[20.053538,50.061583],[20.053562,50.061622],[20.05349,50.06164],[20.053466,50.0616]]]}},{"type":"Feature","id":"w708245172","properties":{"type":"detached","address":"Stare Wiślisko 53d","residential":true,"residents_est":5,"h3_10":"8a1e2e6aa0c7fff","h3_11":"8b1e2e6aa0c3fff"},"geometry":{"type":"Polygon","coordinates":[[[20.056149,50.060882],[20.056238,50.060858],[20.056203,50.060803],[20.056304,50.060774],[20.056386,50.060896],[20.056196,50.060948],[20.056149,50.060882]]]}},{"type":"Feature","id":"w708245175","properties":{"type":"detached","address":"Stare Wiślisko 51k","residential":true,"residents_est":5,"h3_10":"8a1e2e6aa0dffff","h3_11":"8b1e2e6aa0d8fff"},"geometry":{"type":"Polygon","coordinates":[[[20.056407,50.060377],[20.056601,50.060327],[20.056611,50.060343],[20.056649,50.060334],[20.056689,50.060398],[20.05668,50.060388],[20.056608,50.060407],[20.056591,50.0604],[20.056558,50.060409],[20.056564,50.060418],[20.056451,50.060447],[20.056407,50.060377]]]}},{"type":"Feature","id":"w708245176","properties":{"type":"detached","address":"Stare Wiślisko 51j","residential":true,"residents_est":5,"h3_10":"8a1e2e6aa0dffff","h3_11":"8b1e2e6aa0d9fff"},"geometry":{"type":"Polygon","coordinates":[[[20.05684,50.060255],[20.056972,50.060222],[20.056978,50.060233],[20.057045,50.060217],[20.057078,50.060274],[20.057012,50.06029],[20.057019,50.060302],[20.056887,50.060335],[20.056873,50.06031],[20.056856,50.060305],[20.05685,50.060294],[20.056858,50.060284],[20.05684,50.060255]]]}},{"type":"Feature","id":"w708245177","properties":{"type":"detached","address":"Stare Wiślisko 53b","residential":true,"residents_est":4,"h3_10":"8a1e2e6aa0dffff","h3_11":"8b1e2e6aa0ddfff"},"geometry":{"type":"Polygon","coordinates":[[[20.056753,50.060635],[20.056888,50.060588],[20.056918,50.060623],[20.0569,50.06063],[20.056964,50.060707],[20.056854,50.060745],[20.056753,50.060635]]]}},{"type":"Feature","id":"w708245178","properties":{"type":"detached","address":"Stare Wiślisko 53","residential":true,"residents_est":6,"h3_10":"8a1e2e6aa0cffff","h3_11":"8b1e2e6aa0cafff"},"geometry":{"type":"Polygon","coordinates":[[[20.057341,50.060494],[20.057375,50.060481],[20.057362,50.060465],[20.05745,50.060434],[20.057463,50.060449],[20.057498,50.060437],[20.057513,50.060454],[20.057608,50.060416],[20.057653,50.060467],[20.057575,50.060495],[20.057566,50.060485],[20.057545,50.060492],[20.057562,50.060511],[20.057405,50.060567],[20.057383,50.060541],[20.057376,50.060544],[20.057358,50.060524],[20.057365,50.060521],[20.057341,50.060494]]]}},{"type":"Feature","id":"w708245179","properties":{"type":"yes","address":"Stare Wiślisko 38","residential":true,"residents_est":3,"h3_10":"8a1e2e6aa0cffff","h3_11":"8b1e2e6aa0cbfff"},"geometry":{"type":"Polygon","coordinates":[[[20.058143,50.060589],[20.058292,50.060536],[20.058309,50.060557],[20.058341,50.060546],[20.0584,50.060614],[20.058291,50.060653],[20.058298,50.060662],[20.058211,50.060693],[20.058165,50.060637],[20.058179,50.060631],[20.058143,50.060589]]]}},{"type":"Feature","id":"w708245180","properties":{"type":"house","address":"Stare Wiślisko 55g","residential":true,"residents_est":4,"h3_10":"8a1e2e6aa0cffff","h3_11":"8b1e2e6aa0cefff"},"geometry":{"type":"Polygon","coordinates":[[[20.056869,50.060993],[20.056969,50.060951],[20.057063,50.061043],[20.057042,50.061053],[20.057056,50.061068],[20.056979,50.061101],[20.056869,50.060993]]]}},{"type":"Feature","id":"w708245181","properties":{"type":"yes","address":"Stare Wiślisko 55c","residential":true,"residents_est":1,"h3_10":"8a1e2e6aa0cffff","h3_11":"8b1e2e6aa0cefff"},"geometry":{"type":"Polygon","coordinates":[[[20.057387,50.060823],[20.057484,50.060789],[20.057545,50.060863],[20.057448,50.060897],[20.057387,50.060823]]]}},{"type":"Feature","id":"w708245182","properties":{"type":"yes","address":"Stare Wiślisko 55b","residential":true,"residents_est":1,"h3_10":"8a1e2e6aa0cffff","h3_11":"8b1e2e6aa0cafff"},"geometry":{"type":"Polygon","coordinates":[[[20.057484,50.060789],[20.057581,50.060758],[20.057643,50.06083],[20.057545,50.060863],[20.057484,50.060789]]]}},{"type":"Feature","id":"w708245183","properties":{"type":"yes","address":"Stare Wiślisko 55a","residential":true,"residents_est":1,"h3_10":"8a1e2e6aa0cffff","h3_11":"8b1e2e6aa0cafff"},"geometry":{"type":"Polygon","coordinates":[[[20.057652,50.060708],[20.057746,50.060671],[20.057814,50.060743],[20.05772,50.06078],[20.057652,50.060708]]]}},{"type":"Feature","id":"w708245184","properties":{"type":"yes","address":"Stare Wiślisko 55","residential":true,"residents_est":1,"h3_10":"8a1e2e6aa0cffff","h3_11":"8b1e2e6aa0cafff"},"geometry":{"type":"Polygon","coordinates":[[[20.057746,50.060671],[20.05784,50.060634],[20.057908,50.060705],[20.057814,50.060743],[20.057746,50.060671]]]}},{"type":"Feature","id":"w724172635","properties":{"type":"house","address":"Stare Wiślisko 9","residential":true,"residents_est":3,"h3_10":"8a1e2e6aa09ffff","h3_11":"8b1e2e6aa09afff"},"geometry":{"type":"Polygon","coordinates":[[[20.051168,50.059709],[20.051206,50.059688],[20.05122,50.059698],[20.05126,50.059676],[20.051355,50.059747],[20.051277,50.05979],[20.051168,50.059709]]]}},{"type":"Feature","id":"w724172636","properties":{"type":"yes","residential":false,"residents_est":0,"h3_10":"8a1e2e6aa09ffff","h3_11":"8b1e2e6aa09afff"},"geometry":{"type":"Polygon","coordinates":[[[20.051335,50.059955],[20.051386,50.059925],[20.051442,50.059964],[20.051391,50.059994],[20.051335,50.059955]]]}},{"type":"Feature","id":"w724172637","properties":{"type":"yes","residential":false,"residents_est":0,"h3_10":"8a1e2e6aa09ffff","h3_11":"8b1e2e6aa09cfff"},"geometry":{"type":"Polygon","coordinates":[[[20.050992,50.060387],[20.051018,50.060359],[20.051088,50.060386],[20.051062,50.060414],[20.050992,50.060387]]]}},{"type":"Feature","id":"w724172638","properties":{"type":"yes","residential":false,"residents_est":0,"h3_10":"8a1e2e6aa09ffff","h3_11":"8b1e2e6aa09efff"},"geometry":{"type":"Polygon","coordinates":[[[20.050421,50.060263],[20.050461,50.060233],[20.050533,50.060272],[20.050493,50.060303],[20.050421,50.060263]]]}},{"type":"Feature","id":"w724172639","properties":{"type":"yes","residential":false,"residents_est":0,"h3_10":"8a1e2e6aa097fff","h3_11":"8b1e2e6aa091fff"},"geometry":{"type":"Polygon","coordinates":[[[20.050052,50.060423],[20.050103,50.06041],[20.050132,50.060459],[20.050081,50.060471],[20.050052,50.060423]]]}},{"type":"Feature","id":"w724172735","properties":{"type":"yes","residential":false,"residents_est":0,"h3_10":"8a1e2e6aa0dffff","h3_11":"8b1e2e6aa0dafff"},"geometry":{"type":"Polygon","coordinates":[[[20.055878,50.059975],[20.055929,50.059962],[20.055971,50.060028],[20.05592,50.060041],[20.055878,50.059975]]]}},{"type":"Feature","id":"w724172737","properties":{"type":"yes","residential":false,"residents_est":0,"h3_10":"8a1e2e6aa0dffff","h3_11":"8b1e2e6aa0dafff"},"geometry":{"type":"Polygon","coordinates":[[[20.055883,50.059721],[20.05594,50.059698],[20.05597,50.059729],[20.055913,50.059752],[20.055883,50.059721]]]}},{"type":"Feature","id":"w724172738","properties":{"type":"yes","residential":false,"residents_est":0,"h3_10":"8a1e2e6aa0dffff","h3_11":"8b1e2e6aa0dafff"},"geometry":{"type":"Polygon","coordinates":[[[20.056282,50.059898],[20.05632,50.059887],[20.056353,50.059931],[20.056315,50.059943],[20.056282,50.059898]]]}},{"type":"Feature","id":"w724172739","properties":{"type":"detached","residential":false,"residents_est":0,"h3_10":"8a1e2e6aa0dffff","h3_11":"8b1e2e6aa0dcfff"},"geometry":{"type":"Polygon","coordinates":[[[20.056132,50.060568],[20.05621,50.060548],[20.05623,50.060581],[20.056152,50.060601],[20.056132,50.060568]]]}},{"type":"Feature","id":"w724172740","properties":{"type":"yes","residential":false,"residents_est":0,"h3_10":"8a1e2e6aa007fff","h3_11":"8b1e2e6aa003fff"},"geometry":{"type":"Polygon","coordinates":[[[20.054123,50.063381],[20.054166,50.063377],[20.054179,50.063446],[20.054136,50.06345],[20.054123,50.063381]]]}},{"type":"Feature","id":"w724172744","properties":{"type":"yes","residential":false,"residents_est":0,"h3_10":"8a1e2e6aa0effff","h3_11":"8b1e2e6aa0eafff"},"geometry":{"type":"Polygon","coordinates":[[[20.057394,50.061665],[20.057424,50.061646],[20.057495,50.061693],[20.057465,50.061712],[20.057394,50.061665]]]}},{"type":"Feature","id":"w724172746","properties":{"type":"yes","residential":true,"residents_est":1,"h3_10":"8a1e2e6aa0effff","h3_11":"8b1e2e6aa0ebfff"},"geometry":{"type":"Polygon","coordinates":[[[20.057496,50.061611],[20.057552,50.061565],[20.057559,50.061568],[20.057582,50.061549],[20.057626,50.061572],[20.057603,50.061591],[20.057612,50.061596],[20.057556,50.061641],[20.057496,50.061611]]]}},{"type":"Feature","id":"w724172747","properties":{"type":"yes","residential":true,"residents_est":1,"h3_10":"8a1e2e6aa0effff","h3_11":"8b1e2e6aa0ebfff"},"geometry":{"type":"Polygon","coordinates":[[[20.057559,50.061542],[20.057668,50.061466],[20.057711,50.061489],[20.057606,50.061562],[20.057559,50.061542]]]}},{"type":"Feature","id":"w724172748","properties":{"type":"yes","address":"Żaglowa 16b","residential":true,"residents_est":2,"h3_10":"8a1e2e6aa0effff","h3_11":"8b1e2e6aa0ebfff"},"geometry":{"type":"Polygon","coordinates":[[[20.057849,50.06147],[20.057963,50.061384],[20.058075,50.061445],[20.057962,50.061531],[20.057849,50.06147]]]}},{"type":"Feature","id":"w724172749","properties":{"type":"yes","residential":false,"residents_est":0,"h3_10":"8a1e2e6aa0cffff","h3_11":"8b1e2e6aa0ccfff"},"geometry":{"type":"Polygon","coordinates":[[[20.057673,50.061135],[20.057744,50.061108],[20.057766,50.061133],[20.057739,50.061143],[20.057763,50.061169],[20.05772,50.061186],[20.057673,50.061135]]]}},{"type":"Feature","id":"w724172750","properties":{"type":"yes","residential":true,"residents_est":1,"h3_10":"8a1e2e6aa0cffff","h3_11":"8b1e2e6aa0ccfff"},"geometry":{"type":"Polygon","coordinates":[[[20.057767,50.061236],[20.057858,50.061197],[20.057924,50.061264],[20.057835,50.061299],[20.057767,50.061236]]]}},{"type":"Feature","id":"w724172751","properties":{"type":"yes","residential":false,"residents_est":0,"h3_10":"8a1e2e6aa0cffff","h3_11":"8b1e2e6aa0c8fff"},"geometry":{"type":"Polygon","coordinates":[[[20.057901,50.061135],[20.057954,50.061116],[20.057987,50.061153],[20.057937,50.061173],[20.057901,50.061135]]]}},{"type":"Feature","id":"w724172752","properties":{"type":"yes","residential":true,"residents_est":2,"h3_10":"8a1e2e6aa0cffff","h3_11":"8b1e2e6aa0c8fff"},"geometry":{"type":"Polygon","coordinates":[[[20.057952,50.061113],[20.058067,50.06107],[20.058144,50.061155],[20.058028,50.061198],[20.057952,50.061113]]]}},{"type":"Feature","id":"w724172753","properties":{"type":"yes","residential":false,"residents_est":0,"h3_10":"8a1e2e6aa0cffff","h3_11":"8b1e2e6aa0cdfff"},"geometry":{"type":"Polygon","coordinates":[[[20.058142,50.061342],[20.058179,50.061324],[20.058232,50.061372],[20.058194,50.061391],[20.058142,50.061342]]]}},{"type":"Feature","id":"w724172754","properties":{"type":"yes","residential":true,"residents_est":1,"h3_10":"8a1e2e6aa0cffff","h3_11":"8b1e2e6aa0cdfff"},"geometry":{"type":"Polygon","coordinates":[[[20.058179,50.061324],[20.058264,50.061284],[20.058329,50.061345],[20.058246,50.061384],[20.058179,50.061324]]]}},{"type":"Feature","id":"w724172755","properties":{"type":"yes","residential":true,"residents_est":1,"h3_10":"8a1e2e6aa05ffff","h3_11":"8b1e2e6aa05afff"},"geometry":{"type":"Polygon","coordinates":[[[20.058815,50.062352],[20.058835,50.062309],[20.058982,50.062337],[20.058962,50.06238],[20.058815,50.062352]]]}},{"type":"Feature","id":"w724172757","properties":{"type":"yes","residential":false,"residents_est":0,"h3_10":"8a1e2e6aa077fff","h3_11":"8b1e2e6aa072fff"},"geometry":{"type":"Polygon","coordinates":[[[20.056527,50.064032],[20.05653,50.063983],[20.05661,50.063986],[20.056607,50.064035],[20.056527,50.064032]]]}},{"type":"Feature","id":"w724172758","properties":{"type":"yes","residential":true,"residents_est":3,"h3_10":"8a1e2e6aa077fff","h3_11":"8b1e2e6aa072fff"},"geometry":{"type":"Polygon","coordinates":[[[20.056078,50.06402],[20.056082,50.063971],[20.05653,50.063983],[20.056527,50.064032],[20.056078,50.06402]]]}},{"type":"Feature","id":"w724172766","properties":{"type":"yes","residential":true,"residents_est":1,"h3_10":"8a1e2e6aa167fff","h3_11":"8b1e2e6aa163fff"},"geometry":{"type":"Polygon","coordinates":[[[20.056201,50.067],[20.056211,50.066959],[20.056345,50.066973],[20.056334,50.067014],[20.056201,50.067]]]}},{"type":"Feature","id":"w724172767","properties":{"type":"yes","levels":1.0,"residential":false,"residents_est":0,"h3_10":"8a1e2e6aa16ffff","h3_11":"8b1e2e6aa16bfff"},"geometry":{"type":"Polygon","coordinates":[[[20.058094,50.066929],[20.058113,50.06691],[20.058149,50.066905],[20.058145,50.066921],[20.058162,50.066926],[20.058167,50.066938],[20.058157,50.066948],[20.058132,50.066949],[20.058127,50.066944],[20.058106,50.066956],[20.058094,50.066929]]]}},{"type":"Feature","id":"w724172768","properties":{"type":"yes","levels":1.0,"residential":false,"residents_est":0,"h3_10":"8a1e2e6aa16ffff","h3_11":"8b1e2e6aa16bfff"},"geometry":{"type":"Polygon","coordinates":[[[20.05826,50.066714],[20.058277,50.066675],[20.058371,50.066691],[20.058355,50.06673],[20.05826,50.066714]]]}},{"type":"Feature","id":"w724224912","properties":{"type":"yes","residential":true,"residents_est":1,"h3_10":"8a1e2e6aa0b7fff","h3_11":"8b1e2e6aa0b6fff"},"geometry":{"type":"Polygon","coordinates":[[[20.048273,50.061709],[20.048292,50.061632],[20.048368,50.06164],[20.048349,50.061717],[20.048273,50.061709]]]}},{"type":"Feature","id":"w724224913","properties":{"type":"yes","residential":false,"residents_est":0,"h3_10":"8a1e2e6aa0b7fff","h3_11":"8b1e2e6aa0b3fff"},"geometry":{"type":"Polygon","coordinates":[[[20.049913,50.061172],[20.049922,50.061123],[20.049961,50.061126],[20.049952,50.061175],[20.049913,50.061172]]]}},{"type":"Feature","id":"w724224914","properties":{"type":"yes","residential":false,"residents_est":0,"h3_10":"8a1e2e6aa097fff","h3_11":"8b1e2e6aa095fff"},"geometry":{"type":"Polygon","coordinates":[[[20.050011,50.060993],[20.050013,50.060948],[20.050056,50.060949],[20.050053,50.060994],[20.050011,50.060993]]]}},{"type":"Feature","id":"w724224915","properties":{"type":"yes","residential":false,"residents_est":0,"h3_10":"8a1e2e6aa097fff","h3_11":"8b1e2e6aa095fff"},"geometry":{"type":"Polygon","coordinates":[[[20.049979,50.061028],[20.049985,50.060996],[20.050064,50.061003],[20.050057,50.061035],[20.049979,50.061028]]]}},{"type":"Feature","id":"w724224916","properties":{"type":"yes","residential":false,"residents_est":0,"h3_10":"8a1e2e6aa097fff","h3_11":"8b1e2e6aa095fff"},"geometry":{"type":"Polygon","coordinates":[[[20.049977,50.061061],[20.04998,50.061035],[20.050053,50.061038],[20.05005,50.061065],[20.049977,50.061061]]]}},{"type":"Feature","id":"w724224918","properties":{"type":"yes","residential":false,"residents_est":0,"h3_10":"8a1e2e6aa0b7fff","h3_11":"8b1e2e6aa0b3fff"},"geometry":{"type":"Polygon","coordinates":[[[20.049817,50.061172],[20.049829,50.061116],[20.04988,50.06112],[20.049868,50.061177],[20.049817,50.061172]]]}},{"type":"Feature","id":"w724224919","properties":{"type":"yes","residential":false,"residents_est":0,"h3_10":"8a1e2e6aa097fff","h3_11":"8b1e2e6aa095fff"},"geometry":{"type":"Polygon","coordinates":[[[20.049751,50.061007],[20.049788,50.060995],[20.04982,50.061036],[20.049783,50.061048],[20.049751,50.061007]]]}},{"type":"Feature","id":"w724224921","properties":{"type":"yes","residential":false,"residents_est":0,"h3_10":"8a1e2e6aa097fff","h3_11":"8b1e2e6aa095fff"},"geometry":{"type":"Polygon","coordinates":[[[20.050116,50.060901],[20.050189,50.060879],[20.050208,50.060904],[20.050134,50.060926],[20.050116,50.060901]]]}},{"type":"Feature","id":"w724224922","properties":{"type":"yes","residential":false,"residents_est":0,"h3_10":"8a1e2e6aa097fff","h3_11":"8b1e2e6aa095fff"},"geometry":{"type":"Polygon","coordinates":[[[20.050107,50.060866],[20.050156,50.060843],[20.050185,50.060869],[20.050136,50.060892],[20.050107,50.060866]]]}},{"type":"Feature","id":"w724224923","properties":{"type":"yes","residential":false,"residents_est":0,"h3_10":"8a1e2e6aa097fff","h3_11":"8b1e2e6aa091fff"},"geometry":{"type":"Polygon","coordinates":[[[20.050407,50.06066],[20.05041,50.060632],[20.050485,50.060634],[20.050483,50.060662],[20.050407,50.06066]]]}},{"type":"Feature","id":"w724255066","properties":{"type":"yes","residential":false,"residents_est":0,"h3_10":"8a1e2e6aa187fff","h3_11":"8b1e2e6aa181fff"},"geometry":{"type":"Polygon","coordinates":[[[20.049365,50.063577],[20.049407,50.06357],[20.049444,50.06367],[20.049401,50.063676],[20.049365,50.063577]]]}},{"type":"Feature","id":"w724255067","properties":{"type":"industrial","residential":false,"residents_est":0,"h3_10":"8a1e2e6aa18ffff","h3_11":"8b1e2e6aa18efff"},"geometry":{"type":"Polygon","coordinates":[[[20.049317,50.063286],[20.049576,50.063247],[20.049594,50.063294],[20.049698,50.063278],[20.04975,50.063422],[20.049359,50.06348],[20.049325,50.063383],[20.04935,50.063379],[20.049317,50.063286]]]}},{"type":"Feature","id":"w724255069","properties":{"type":"yes","residential":false,"residents_est":0,"h3_10":"8a1e2e6aa19ffff","h3_11":"8b1e2e6aa19bfff"},"geometry":{"type":"Polygon","coordinates":[[[20.049498,50.062288],[20.049547,50.06227],[20.049591,50.062322],[20.049543,50.06234],[20.049498,50.062288]]]}},{"type":"Feature","id":"w724255072","properties":{"type":"yes","residential":false,"residents_est":0,"h3_10":"8a1e2e6aa0b7fff","h3_11":"8b1e2e6aa0b4fff"},"geometry":{"type":"Polygon","coordinates":[[[20.049113,50.062036],[20.049171,50.062027],[20.049184,50.062059],[20.049125,50.062069],[20.049113,50.062036]]]}},{"type":"Feature","id":"w724255073","properties":{"type":"yes","residential":false,"residents_est":0,"h3_10":"8a1e2e6aa0b7fff","h3_11":"8b1e2e6aa0b4fff"},"geometry":{"type":"Polygon","coordinates":[[[20.048791,50.062123],[20.048843,50.062092],[20.048871,50.062112],[20.048819,50.062143],[20.048791,50.062123]]]}},{"type":"Feature","id":"w724255074","properties":{"type":"yes","residential":false,"residents_est":0,"h3_10":"8a1e2e6aa19ffff","h3_11":"8b1e2e6aa19afff"},"geometry":{"type":"Polygon","coordinates":[[[20.048618,50.062376],[20.048721,50.062338],[20.048744,50.062364],[20.048641,50.062402],[20.048618,50.062376]]]}},{"type":"Feature","id":"w724255077","properties":{"type":"detached","residential":true,"residents_est":3,"h3_10":"8a1e2e6aa19ffff","h3_11":"8b1e2e6aa19afff"},"geometry":{"type":"Polygon","coordinates":[[[20.048811,50.062476],[20.048835,50.062468],[20.048841,50.062457],[20.048859,50.06245],[20.048876,50.062453],[20.048918,50.062438],[20.048983,50.062514],[20.048876,50.062552],[20.048811,50.062476]]]}},{"type":"Feature","id":"w962735681","properties":{"type":"detached","address":"Odmętowa 3","residential":true,"residents_est":3,"h3_10":"8a1e2e6aa0a7fff","h3_11":"8b1e2e6aa0a4fff"},"geometry":{"type":"Polygon","coordinates":[[[20.050461,50.062748],[20.0505,50.062739],[20.050493,50.062728],[20.050525,50.06272],[20.050531,50.062731],[20.050609,50.062711],[20.050653,50.062785],[20.050505,50.062822],[20.050461,50.062748]]]}},{"type":"Feature","id":"w970756725","properties":{"type":"garages","residential":false,"residents_est":0,"h3_10":"8a1e2e6aa127fff","h3_11":"8b1e2e6aa125fff"},"geometry":{"type":"Polygon","coordinates":[[[20.051538,50.067719],[20.051618,50.067705],[20.051683,50.067858],[20.051603,50.067872],[20.051538,50.067719]]]}},{"type":"Feature","id":"w970756823","properties":{"type":"yes","residential":false,"residents_est":0,"h3_10":"8a1e2e6aa127fff","h3_11":"8b1e2e6aa126fff"},"geometry":{"type":"Polygon","coordinates":[[[20.050521,50.067515],[20.050574,50.067506],[20.050588,50.06754],[20.05057,50.067543],[20.050575,50.067556],[20.050541,50.067562],[20.050521,50.067515]]]}},{"type":"Feature","id":"w971014818","properties":{"type":"house","address":"Stare Wiślisko 55j","residential":true,"residents_est":5,"h3_10":"8a1e2e6aa0c7fff","h3_11":"8b1e2e6aa0c1fff"},"geometry":{"type":"Polygon","coordinates":[[[20.056426,50.061128],[20.056536,50.061097],[20.056629,50.061231],[20.056543,50.061255],[20.056538,50.061247],[20.056513,50.061254],[20.056426,50.061128]]]}},{"type":"Feature","id":"w971014819","properties":{"type":"house","address":"Stare Wiślisko 55k","residential":true,"residents_est":4,"h3_10":"8a1e2e6aa0c7fff","h3_11":"8b1e2e6aa0c0fff"},"geometry":{"type":"Polygon","coordinates":[[[20.056317,50.06116],[20.056426,50.061128],[20.056513,50.061254],[20.05649,50.061261],[20.056496,50.061269],[20.056409,50.061294],[20.056317,50.06116]]]}},{"type":"Feature","id":"w971014820","properties":{"type":"house","address":"Stare Wiślisko 55l","residential":true,"residents_est":4,"h3_10":"8a1e2e6aa0c7fff","h3_11":"8b1e2e6aa0c0fff"},"geometry":{"type":"Polygon","coordinates":[[[20.05621,50.061191],[20.056317,50.06116],[20.056409,50.061294],[20.056325,50.061316],[20.056319,50.061309],[20.056295,50.061315],[20.05621,50.061191]]]}},{"type":"Feature","id":"w971014821","properties":{"type":"house","address":"Stare Wiślisko 55m","residential":true,"residents_est":4,"h3_10":"8a1e2e6aa0c7fff","h3_11":"8b1e2e6aa0c0fff"},"geometry":{"type":"Polygon","coordinates":[[[20.056101,50.061222],[20.05621,50.061191],[20.056295,50.061315],[20.056272,50.061322],[20.056278,50.061331],[20.056193,50.061355],[20.056101,50.061222]]]}},{"type":"Feature","id":"w971014822","properties":{"type":"house","address":"Stare Wiślisko 55n","residential":true,"residents_est":4,"h3_10":"8a1e2e6aa0c7fff","h3_11":"8b1e2e6aa0c0fff"},"geometry":{"type":"Polygon","coordinates":[[[20.055992,50.061253],[20.056101,50.061222],[20.056193,50.061355],[20.056109,50.061379],[20.056103,50.061371],[20.056078,50.061378],[20.055992,50.061253]]]}},{"type":"Feature","id":"w971014823","properties":{"type":"house","address":"Stare Wiślisko 55p","residential":true,"residents_est":4,"h3_10":"8a1e2e6aa0c7fff","h3_11":"8b1e2e6aa0c6fff"},"geometry":{"type":"Polygon","coordinates":[[[20.055645,50.06136],[20.055754,50.061328],[20.055839,50.061452],[20.055754,50.061477],[20.055749,50.061468],[20.055725,50.061475],[20.055645,50.06136]]]}},{"type":"Feature","id":"w971014824","properties":{"type":"house","address":"Stare Wiślisko 55f","residential":true,"residents_est":4,"h3_10":"8a1e2e6aa0cffff","h3_11":"8b1e2e6aa0cefff"},"geometry":{"type":"Polygon","coordinates":[[[20.056969,50.060951],[20.057062,50.060909],[20.057178,50.061015],[20.0571,50.06105],[20.057084,50.061034],[20.057063,50.061043],[20.056969,50.060951]]]}},{"type":"Feature","id":"w971014825","properties":{"type":"detached","address":"Stare Wiślisko 53a","residential":true,"residents_est":5,"h3_10":"8a1e2e6aa0dffff","h3_11":"8b1e2e6aa0ddfff"},"geometry":{"type":"Polygon","coordinates":[[[20.057026,50.060577],[20.057141,50.060539],[20.057157,50.060558],[20.057234,50.060533],[20.057278,50.060587],[20.0572,50.060613],[20.057208,50.060624],[20.057148,50.060638],[20.057158,50.06065],[20.057097,50.060669],[20.057026,50.060577]]]}},{"type":"Feature","id":"w971235680","properties":{"type":"service","residential":false,"residents_est":0,"h3_10":"8a1e2e6aa107fff","h3_11":"8b1e2e6aa104fff"},"geometry":{"type":"Polygon","coordinates":[[[20.050687,50.066905],[20.050777,50.06689],[20.050793,50.066928],[20.050702,50.066943],[20.050687,50.066905]]]}},{"type":"Feature","id":"w971235681","properties":{"type":"garages","residential":false,"residents_est":0,"h3_10":"8a1e2e6aa137fff","h3_11":"8b1e2e6aa131fff"},"geometry":{"type":"Polygon","coordinates":[[[20.050348,50.066906],[20.050495,50.066881],[20.050518,50.066936],[20.050472,50.066944],[20.05046,50.066916],[20.05036,50.066933],[20.050348,50.066906]]]}},{"type":"Feature","id":"w971249027","properties":{"type":"roof","residential":false,"residents_est":0,"h3_10":"8a1e2e6aa117fff","h3_11":"8b1e2e6aa110fff"},"geometry":{"type":"Polygon","coordinates":[[[20.049654,50.065881],[20.049706,50.065841],[20.049744,50.065861],[20.049692,50.065901],[20.049654,50.065881]]]}},{"type":"Feature","id":"w971249031","properties":{"type":"roof","residential":false,"residents_est":0,"h3_10":"8a1e2e6aa117fff","h3_11":"8b1e2e6aa110fff"},"geometry":{"type":"Polygon","coordinates":[[[20.049565,50.065554],[20.049569,50.065476],[20.049637,50.065477],[20.049634,50.065556],[20.049565,50.065554]]]}},{"type":"Feature","id":"w971249037","properties":{"type":"yes","residential":false,"residents_est":0,"h3_10":"8a1e2e6aa117fff","h3_11":"8b1e2e6aa114fff"},"geometry":{"type":"Polygon","coordinates":[[[20.049402,50.066023],[20.049407,50.065964],[20.049442,50.065965],[20.049438,50.066024],[20.049402,50.066023]]]}},{"type":"Feature","id":"w977337774","properties":{"type":"bell_tower","residential":false,"residents_est":0,"h3_10":"8a1e2e6aa11ffff","h3_11":"8b1e2e6aa11dfff"},"geometry":{"type":"Polygon","coordinates":[[[20.051971,50.065492],[20.052029,50.065493],[20.052031,50.065554],[20.051976,50.065554],[20.051971,50.065492]]]}},{"type":"Feature","id":"w985289068","properties":{"type":"yes","address":"Żaglowa 12","residential":true,"residents_est":1,"h3_10":"8a1e2e6aa0e7fff","h3_11":"8b1e2e6aa0e5fff"},"geometry":{"type":"Polygon","coordinates":[[[20.056046,50.062591],[20.056152,50.062559],[20.056184,50.0626],[20.056159,50.062609],[20.056172,50.062628],[20.056149,50.062635],[20.056159,50.062647],[20.056099,50.062667],[20.056046,50.062591]]]}},{"type":"Feature","id":"w992915393","properties":{"type":"yes","residential":false,"residents_est":0,"h3_10":"8a1e2e6aa037fff","h3_11":"8b1e2e6aa034fff"},"geometry":{"type":"Polygon","coordinates":[[[20.051672,50.0646],[20.051735,50.064597],[20.051739,50.064646],[20.051675,50.064648],[20.051672,50.0646]]]}},{"type":"Feature","id":"w992915395","properties":{"type":"yes","residential":false,"residents_est":0,"h3_10":"8a1e2e6aa11ffff","h3_11":"8b1e2e6aa11afff"},"geometry":{"type":"Polygon","coordinates":[[[20.051289,50.064919],[20.051406,50.06491],[20.05141,50.06494],[20.051294,50.064949],[20.051289,50.064919]]]}},{"type":"Feature","id":"w1037935028","properties":{"type":"outbuilding","levels":1.0,"residential":false,"residents_est":0,"h3_10":"8a1e2e6aa10ffff","h3_11":"8b1e2e6aa10dfff"},"geometry":{"type":"Polygon","coordinates":[[[20.053007,50.066459],[20.053176,50.066439],[20.053192,50.066507],[20.05313,50.066514],[20.053129,50.066504],[20.053019,50.066514],[20.053007,50.066459]]]}},{"type":"Feature","id":"w1037935079","properties":{"type":"detached","levels":1.0,"address":"Klasztorna 9H","residential":true,"residents_est":3,"h3_10":"8a1e2e6aa10ffff","h3_11":"8b1e2e6aa10cfff"},"geometry":{"type":"Polygon","coordinates":[[[20.052525,50.066275],[20.052658,50.066264],[20.052663,50.066286],[20.052716,50.066282],[20.052728,50.066345],[20.052675,50.06635],[20.052682,50.066389],[20.052549,50.0664],[20.052525,50.066275]]]}},{"type":"Feature","id":"w1038786437","properties":{"type":"detached","levels":2.0,"residential":true,"residents_est":3,"h3_10":"8a1e2e6aa05ffff","h3_11":"8b1e2e6aa059fff"},"geometry":{"type":"Polygon","coordinates":[[[20.059415,50.062625],[20.059443,50.062575],[20.059666,50.062626],[20.059638,50.062677],[20.059415,50.062625]]]}},{"type":"Feature","id":"w1090451099","properties":{"type":"roof","residential":false,"residents_est":0,"h3_10":"8a1e2e6aa147fff","h3_11":"8b1e2e6aa143fff"},"geometry":{"type":"Polygon","coordinates":[[[20.056644,50.066435],[20.056716,50.065989],[20.056819,50.065995],[20.056747,50.066442],[20.056644,50.066435]]]}},{"type":"Feature","id":"w1090451100","properties":{"type":"roof","residential":false,"residents_est":0,"h3_10":"8a1e2e6aa15ffff","h3_11":"8b1e2e6aa15dfff"},"geometry":{"type":"Polygon","coordinates":[[[20.056725,50.065952],[20.056797,50.065506],[20.0569,50.065513],[20.056828,50.065959],[20.056725,50.065952]]]}},{"type":"Feature","id":"w1090590432","properties":{"type":"civic","residential":false,"residents_est":0,"h3_10":"8a1e2e6aa18ffff","h3_11":"8b1e2e6aa18afff"},"geometry":{"type":"Polygon","coordinates":[[[20.050234,50.063251],[20.050322,50.063237],[20.050305,50.063191],[20.050405,50.063176],[20.050422,50.063222],[20.050518,50.063208],[20.050473,50.063084],[20.050616,50.063063],[20.050693,50.063274],[20.050404,50.063318],[20.05044,50.063418],[20.050302,50.063439],[20.050234,50.063251]]]}},{"type":"Feature","id":"w1211932053","properties":{"type":"service","residential":false,"residents_est":0,"h3_10":"8a1e2e6aa037fff","h3_11":"8b1e2e6aa033fff"},"geometry":{"type":"Polygon","coordinates":[[[20.052481,50.063701],[20.052556,50.063697],[20.052562,50.063745],[20.052487,50.063749],[20.052481,50.063701]]]}},{"type":"Feature","id":"w1218931727","properties":{"type":"house","residential":true,"residents_est":5,"h3_10":"8a1e2e6aa0c7fff","h3_11":"8b1e2e6aa0c3fff"},"geometry":{"type":"Polygon","coordinates":[[[20.056454,50.060738],[20.05662,50.06069],[20.056674,50.060766],[20.056629,50.060779],[20.056648,50.060805],[20.05658,50.060825],[20.056566,50.060805],[20.056513,50.060821],[20.056454,50.060738]]]}},{"type":"Feature","id":"w1218931728","properties":{"type":"house","address":"Stare Wiślisko 55g","residential":true,"residents_est":5,"h3_10":"8a1e2e6aa0cffff","h3_11":"8b1e2e6aa0cefff"},"geometry":{"type":"Polygon","coordinates":[[[20.057062,50.060909],[20.057182,50.06086],[20.057282,50.060957],[20.057241,50.060976],[20.057249,50.060983],[20.057178,50.061015],[20.057062,50.060909]]]}},{"type":"Feature","id":"w1218931729","properties":{"type":"house","address":"Stare Wiślisko 55f","residential":true,"residents_est":4,"h3_10":"8a1e2e6aa0cffff","h3_11":"8b1e2e6aa0cefff"},"geometry":{"type":"Polygon","coordinates":[[[20.057182,50.06086],[20.057283,50.060817],[20.0574,50.06093],[20.057319,50.060964],[20.057303,50.060948],[20.057282,50.060957],[20.057182,50.06086]]]}},{"type":"Feature","id":"w1218991177","properties":{"type":"yes","residential":true,"residents_est":18,"h3_10":"8a1e2e6aa1affff","h3_11":"8b1e2e6aa1adfff"},"geometry":{"type":"Polygon","coordinates":[[[20.04993,50.064881],[20.049941,50.064763],[20.05051,50.064776],[20.050507,50.064895],[20.04993,50.064881]]]}},{"type":"Feature","id":"w1247602507","properties":{"type":"detached","residential":true,"residents_est":3,"h3_10":"8a1e2e6aa19ffff","h3_11":"8b1e2e6aa19efff"},"geometry":{"type":"Polygon","coordinates":[[[20.048049,50.062743],[20.048167,50.062703],[20.048236,50.062788],[20.048119,50.062827],[20.048049,50.062743]]]}},{"type":"Feature","id":"w1247602508","properties":{"type":"detached","residential":true,"residents_est":6,"h3_10":"8a1e2e6aa197fff","h3_11":"8b1e2e6aa193fff"},"geometry":{"type":"Polygon","coordinates":[[[20.047522,50.062924],[20.047545,50.062917],[20.047527,50.062894],[20.047699,50.062836],[20.047777,50.062931],[20.047608,50.062988],[20.047581,50.062954],[20.047554,50.062963],[20.047522,50.062924]]]}},{"type":"Feature","id":"w1247602516","properties":{"type":"house","address":"Stare Wiślisko 55j","residential":true,"residents_est":5,"h3_10":"8a1e2e6aa0c7fff","h3_11":"8b1e2e6aa0c1fff"},"geometry":{"type":"Polygon","coordinates":[[[20.056647,50.061066],[20.056756,50.061035],[20.056848,50.061167],[20.056763,50.061191],[20.056758,50.061183],[20.056734,50.06119],[20.056647,50.061066]]]}},{"type":"Feature","id":"w1247602517","properties":{"type":"house","address":"Stare Wiślisko 55k","residential":true,"residents_est":5,"h3_10":"8a1e2e6aa0c7fff","h3_11":"8b1e2e6aa0c1fff"},"geometry":{"type":"Polygon","coordinates":[[[20.056536,50.061097],[20.056647,50.061066],[20.056734,50.06119],[20.056711,50.061197],[20.056716,50.061205],[20.056629,50.061231],[20.056536,50.061097]]]}},{"type":"Feature","id":"w1359155848","properties":{"type":"yes","residential":false,"residents_est":0,"h3_10":"8a1e2e6aa12ffff","h3_11":"8b1e2e6aa12dfff"},"geometry":{"type":"Polygon","coordinates":[[[20.052807,50.06768],[20.052823,50.067649],[20.052862,50.067657],[20.052875,50.06763],[20.052899,50.06766],[20.052881,50.067696],[20.052807,50.06768]]]}},{"type":"Feature","id":"w1359155849","properties":{"type":"yes","residential":false,"residents_est":0,"h3_10":"8a1e2e6aa12ffff","h3_11":"8b1e2e6aa12dfff"},"geometry":{"type":"Polygon","coordinates":[[[20.052795,50.067643],[20.052807,50.067617],[20.052875,50.06763],[20.052862,50.067657],[20.052795,50.067643]]]}},{"type":"Feature","id":"w1359155850","properties":{"type":"yes","residential":false,"residents_est":0,"h3_10":"8a1e2e6aa12ffff","h3_11":"8b1e2e6aa12dfff"},"geometry":{"type":"Polygon","coordinates":[[[20.05293,50.067482],[20.052975,50.067459],[20.053036,50.067509],[20.052991,50.067532],[20.05293,50.067482]]]}},{"type":"Feature","id":"w1370952902","properties":{"type":"construction","residential":false,"residents_est":0,"h3_10":"8a1e2e6aa0e7fff","h3_11":"8b1e2e6aa0e4fff"},"geometry":{"type":"Polygon","coordinates":[[[20.05519,50.062758],[20.055191,50.062725],[20.055202,50.062725],[20.055203,50.062681],[20.055337,50.062682],[20.055336,50.062741],[20.055362,50.062742],[20.055361,50.062805],[20.0552,50.062804],[20.055201,50.062759],[20.05519,50.062758]]]}},{"type":"Feature","id":"w1370952903","properties":{"type":"yes","residential":false,"residents_est":0,"h3_10":"8a1e2e6aa00ffff","h3_11":"8b1e2e6aa008fff"},"geometry":{"type":"Polygon","coordinates":[[[20.055481,50.063319],[20.055544,50.063283],[20.055574,50.063304],[20.055509,50.063341],[20.055481,50.063319]]]}},{"type":"Feature","id":"w1370952904","properties":{"type":"construction","residential":false,"residents_est":0,"h3_10":"8a1e2e6aa0e7fff","h3_11":"8b1e2e6aa0e4fff"},"geometry":{"type":"Polygon","coordinates":[[[20.055179,50.062976],[20.05518,50.062914],[20.055191,50.062914],[20.055192,50.062883],[20.055357,50.06288],[20.055357,50.062893],[20.055402,50.062893],[20.055401,50.062953],[20.055306,50.062952],[20.055306,50.062943],[20.055274,50.062943],[20.055274,50.062976],[20.055179,50.062976]]]}},{"type":"Feature","id":"w1488880325","properties":{"type":"residential","levels":2.0,"address":"Odmętowa 6","residential":true,"residents_est":2,"h3_10":"8a1e2e6aa19ffff","h3_11":"8b1e2e6aa198fff"},"geometry":{"type":"Polygon","coordinates":[[[20.049145,50.062818],[20.049282,50.062776],[20.04932,50.062828],[20.049183,50.062869],[20.049145,50.062818]]]}},{"type":"Feature","id":"w1488880326","properties":{"type":"residential","levels":2.0,"address":"Odmętowa 6A","residential":true,"residents_est":2,"h3_10":"8a1e2e6aa19ffff","h3_11":"8b1e2e6aa198fff"},"geometry":{"type":"Polygon","coordinates":[[[20.049183,50.062869],[20.04932,50.062828],[20.049358,50.062879],[20.049221,50.062921],[20.049183,50.062869]]]}},{"type":"Feature","id":"w1488880327","properties":{"type":"residential","levels":2.0,"address":"Odmętowa 6B","residential":true,"residents_est":3,"h3_10":"8a1e2e6aa19ffff","h3_11":"8b1e2e6aa19dfff"},"geometry":{"type":"Polygon","coordinates":[[[20.049255,50.062965],[20.049393,50.062923],[20.049431,50.062975],[20.049294,50.063016],[20.049255,50.062965]]]}},{"type":"Feature","id":"w1488880328","properties":{"type":"residential","levels":2.0,"address":"Odmętowa 6C","residential":true,"residents_est":2,"h3_10":"8a1e2e6aa19ffff","h3_11":"8b1e2e6aa19dfff"},"geometry":{"type":"Polygon","coordinates":[[[20.049294,50.063016],[20.049431,50.062975],[20.049469,50.063026],[20.049332,50.063068],[20.049294,50.063016]]]}},{"type":"Feature","id":"w1488880329","properties":{"type":"residential","levels":2.0,"address":"Odmętowa 6D","residential":true,"residents_est":2,"h3_10":"8a1e2e6aa19ffff","h3_11":"8b1e2e6aa19cfff"},"geometry":{"type":"Polygon","coordinates":[[[20.048894,50.062982],[20.049032,50.062941],[20.04907,50.062992],[20.048933,50.063034],[20.048894,50.062982]]]}},{"type":"Feature","id":"w1488880330","properties":{"type":"residential","levels":2.0,"address":"Odmętowa 6E","residential":true,"residents_est":2,"h3_10":"8a1e2e6aa19ffff","h3_11":"8b1e2e6aa19cfff"},"geometry":{"type":"Polygon","coordinates":[[[20.048933,50.063034],[20.04907,50.062992],[20.049108,50.063043],[20.048971,50.063085],[20.048933,50.063034]]]}},{"type":"Feature","id":"w1488880331","properties":{"type":"residential","levels":2.0,"address":"Odmętowa 6F","residential":true,"residents_est":2,"h3_10":"8a1e2e6aa19ffff","h3_11":"8b1e2e6aa19cfff"},"geometry":{"type":"Polygon","coordinates":[[[20.048527,50.063036],[20.048665,50.062994],[20.048703,50.063046],[20.048566,50.063087],[20.048527,50.063036]]]}},{"type":"Feature","id":"w1488880332","properties":{"type":"residential","levels":2.0,"address":"Odmętowa 6G","residential":true,"residents_est":2,"h3_10":"8a1e2e6aa19ffff","h3_11":"8b1e2e6aa19cfff"},"geometry":{"type":"Polygon","coordinates":[[[20.048566,50.063087],[20.048703,50.063046],[20.048741,50.063097],[20.048604,50.063139],[20.048566,50.063087]]]}},{"type":"Feature","id":"r21191867","properties":{"type":"hospital","residential":false,"residents_est":0,"h3_10":"8a1e2e6aa1a7fff","h3_11":"8b1e2e6aa1a5fff"},"geometry":{"type":"Polygon","coordinates":[[[20.048411,50.065421],[20.04842,50.065305],[20.048553,50.065309],[20.048555,50.065282],[20.048545,50.065281],[20.048575,50.064894],[20.048584,50.064894],[20.048587,50.064866],[20.048454,50.064862],[20.048463,50.064746],[20.048502,50.064747],[20.048504,50.06472],[20.048886,50.064731],[20.048884,50.064757],[20.048927,50.064759],[20.048916,50.064875],[20.048784,50.064872],[20.048781,50.064899],[20.048794,50.0649],[20.048762,50.065287],[20.048754,50.065287],[20.048751,50.065314],[20.048884,50.065318],[20.048872,50.065463],[20.04845,50.065449],[20.048451,50.065422],[20.048411,50.065421]]]}},{"type":"Feature","id":"r21191863","properties":{"type":"hospital","residential":false,"residents_est":0,"h3_10":"8a1e2e6aa1affff","h3_11":"8b1e2e6aa1aefff"},"geometry":{"type":"Polygon","coordinates":[[[20.049221,50.064489],[20.049224,50.064465],[20.049302,50.064467],[20.049309,50.064384],[20.049302,50.064384],[20.049322,50.064143],[20.049435,50.064149],[20.049439,50.064122],[20.049534,50.064127],[20.049533,50.064153],[20.049629,50.064158],[20.049607,50.064403],[20.04958,50.064403],[20.049569,50.064524],[20.049599,50.064526],[20.049581,50.064766],[20.049271,50.064755],[20.049293,50.064511],[20.049298,50.064511],[20.0493,50.064488],[20.049221,50.064489]]]}},{"type":"Feature","id":"r21191865","properties":{"type":"hospital","residential":false,"residents_est":0,"h3_10":"8a1e2e6aa187fff","h3_11":"8b1e2e6aa184fff"},"geometry":{"type":"Polygon","coordinates":[[[20.047865,50.064011],[20.048841,50.063851],[20.048888,50.063967],[20.047912,50.064127],[20.047865,50.064011]]]}}]}