{"type":"FeatureCollection","features":[{"type":"Feature","id":"w165309630","properties":{"type":"apartments","levels":4.0,"address":"Leona Petrażyckiego 12","residential":true,"residents_est":8,"h3_10":"8a1e05a6196ffff","h3_11":"8b1e05a6196cfff"},"geometry":{"type":"Polygon","coordinates":[[[19.896495,49.984553],[19.896509,49.984448],[19.896683,49.984458],[19.896668,49.984563],[19.896495,49.984553]]]}},{"type":"Feature","id":"w171596390","properties":{"type":"yes","address":"Leona Petrażyckiego 19a","residential":true,"residents_est":11,"h3_10":"8a1e05a61977fff","h3_11":"8b1e05a61973fff"},"geometry":{"type":"Polygon","coordinates":[[[19.893979,49.983508],[19.893987,49.983508],[19.893985,49.9835],[19.894003,49.983498],[19.894002,49.983494],[19.894036,49.983491],[19.894038,49.983496],[19.894055,49.983495],[19.894059,49.983512],[19.894125,49.983507],[19.894122,49.983488],[19.89413,49.983472],[19.894153,49.983463],[19.894178,49.983467],[19.894197,49.983483],[19.894205,49.983528],[19.894261,49.983522],[19.894267,49.983554],[19.89428,49.983567],[19.894284,49.983589],[19.894277,49.983592],[19.894276,49.983603],[19.894282,49.983638],[19.894217,49.983643],[19.894216,49.983638],[19.894203,49.983639],[19.894217,49.983714],[19.894116,49.983722],[19.894102,49.983647],[19.894085,49.983649],[19.894087,49.983661],[19.894075,49.983662],[19.894076,49.983668],[19.894017,49.983667],[19.894003,49.983607],[19.894026,49.983605],[19.894011,49.983565],[19.893996,49.983566],[19.893991,49.983531],[19.893984,49.983531],[19.893979,49.983508]]]}},{"type":"Feature","id":"w171596392","properties":{"type":"yes","address":"Leona Petrażyckiego 9b","residential":true,"residents_est":3,"h3_10":"8a1e05a61947fff","h3_11":"8b1e05a61943fff"},"geometry":{"type":"Polygon","coordinates":[[[19.89609,49.983271],[19.896128,49.983267],[19.896123,49.983243],[19.896293,49.983227],[19.896307,49.983289],[19.896236,49.983296],[19.896245,49.983336],[19.896256,49.983335],[19.896265,49.983371],[19.896117,49.983385],[19.89609,49.983271]]]}},{"type":"Feature","id":"w171596393","properties":{"type":"yes","address":"Leona Petrażyckiego 9c","residential":true,"residents_est":2,"h3_10":"8a1e05a61947fff","h3_11":"8b1e05a61943fff"},"geometry":{"type":"Polygon","coordinates":[[[19.896084,49.983071],[19.896145,49.983066],[19.896138,49.983036],[19.896248,49.983025],[19.896263,49.983093],[19.896252,49.983094],[19.896266,49.983158],[19.896135,49.98317],[19.896128,49.983142],[19.8961,49.983144],[19.896084,49.983071]]]}},{"type":"Feature","id":"w171596394","properties":{"type":"yes","address":"Leona Petrażyckiego 21a","residential":true,"residents_est":3,"h3_10":"8a1e05a61977fff","h3_11":"8b1e05a61972fff"},"geometry":{"type":"Polygon","coordinates":[[[19.893526,49.983621],[19.893564,49.983619],[19.893562,49.983604],[19.893608,49.983602],[19.893605,49.983587],[19.893718,49.983581],[19.893719,49.983593],[19.893775,49.98359],[19.893785,49.983665],[19.893824,49.983662],[19.893831,49.983719],[19.893733,49.983724],[19.893726,49.983671],[19.893581,49.983679],[19.893582,49.983685],[19.893535,49.983688],[19.893526,49.983621]]]}},{"type":"Feature","id":"w171596395","properties":{"type":"yes","address":"Leona Petrażyckiego 24","residential":true,"residents_est":2,"h3_10":"8a1e05a61967fff","h3_11":"8b1e05a61960fff"},"geometry":{"type":"Polygon","coordinates":[[[19.895001,49.984514],[19.895005,49.984456],[19.895027,49.984456],[19.895031,49.98442],[19.895123,49.984424],[19.895125,49.984457],[19.895142,49.984457],[19.895141,49.984533],[19.89513,49.984542],[19.895196,49.984561],[19.895153,49.984612],[19.895063,49.984583],[19.895066,49.984546],[19.895024,49.984544],[19.895027,49.984515],[19.895001,49.984514]]]}},{"type":"Feature","id":"w171596400","properties":{"type":"yes","address":"Leona Petrażyckiego 5A","residential":true,"residents_est":3,"h3_10":"8a1e05a6194ffff","h3_11":"8b1e05a61948fff"},"geometry":{"type":"Polygon","coordinates":[[[19.897177,49.983045],[19.8974,49.98303],[19.897411,49.983084],[19.897352,49.983089],[19.897364,49.983153],[19.897306,49.983158],[19.897311,49.983183],[19.897206,49.983192],[19.897177,49.983045]]]}},{"type":"Feature","id":"w171596407","properties":{"type":"yes","address":"Leona Petrażyckiego 7b","residential":true,"residents_est":2,"h3_10":"8a1e05a6194ffff","h3_11":"8b1e05a6194efff"},"geometry":{"type":"Polygon","coordinates":[[[19.896597,49.983339],[19.896679,49.983329],[19.896689,49.983334],[19.896732,49.983332],[19.896748,49.983463],[19.896655,49.983467],[19.896648,49.983413],[19.896607,49.983415],[19.896597,49.983339]]]}},{"type":"Feature","id":"w171596411","properties":{"type":"yes","address":"Leona Petrażyckiego 30","residential":true,"residents_est":2,"h3_10":"8a1e05a61977fff","h3_11":"8b1e05a61974fff"},"geometry":{"type":"Polygon","coordinates":[[[19.893582,49.984375],[19.893726,49.984366],[19.893743,49.984469],[19.89366,49.984476],[19.893656,49.984456],[19.893595,49.984459],[19.893582,49.984375]]]}},{"type":"Feature","id":"w171596413","properties":{"type":"yes","residential":true,"residents_est":1,"h3_10":"8a1e05a6194ffff","h3_11":"8b1e05a6194dfff"},"geometry":{"type":"Polygon","coordinates":[[[19.897718,49.983592],[19.897804,49.983586],[19.897816,49.983659],[19.89773,49.983665],[19.897718,49.983592]]]}},{"type":"Feature","id":"w171596414","properties":{"type":"yes","address":"Leona Petrażyckiego 17","residential":true,"residents_est":1,"h3_10":"8a1e05a61977fff","h3_11":"8b1e05a61971fff"},"geometry":{"type":"Polygon","coordinates":[[[19.894577,49.983989],[19.894585,49.983989],[19.894578,49.983951],[19.894685,49.983944],[19.894703,49.98405],[19.894655,49.984054],[19.894653,49.984043],[19.894595,49.984047],[19.894589,49.984014],[19.894581,49.984015],[19.894577,49.983989]]]}},{"type":"Feature","id":"w171596426","properties":{"type":"yes","address":"Tadeusza Ważewskiego 65","residential":true,"residents_est":1,"h3_10":"8a1e05a6196ffff","h3_11":"8b1e05a61969fff"},"geometry":{"type":"Polygon","coordinates":[[[19.897874,49.984132],[19.898018,49.984122],[19.898039,49.98421],[19.897891,49.984225],[19.897874,49.984132]]]}},{"type":"Feature","id":"w171596429","properties":{"type":"yes","address":"Tadeusza Ważewskiego 61","residential":true,"residents_est":1,"h3_10":"8a1e05a6194ffff","h3_11":"8b1e05a6194dfff"},"geometry":{"type":"Polygon","coordinates":[[[19.89798,49.983638],[19.897997,49.983548],[19.898117,49.983558],[19.898101,49.983631],[19.898037,49.983626],[19.898033,49.983643],[19.89798,49.983638]]]}},{"type":"Feature","id":"w171596430","properties":{"type":"yes","address":"Leona Petrażyckiego 17A","residential":true,"residents_est":1,"h3_10":"8a1e05a61977fff","h3_11":"8b1e05a61971fff"},"geometry":{"type":"Polygon","coordinates":[[[19.894524,49.983702],[19.894582,49.983697],[19.894593,49.983688],[19.894641,49.983693],[19.894659,49.983798],[19.894543,49.983806],[19.894524,49.983702]]]}},{"type":"Feature","id":"w171596435","properties":{"type":"yes","address":"Leona Petrażyckiego 24c","residential":true,"residents_est":2,"h3_10":"8a1e05a61977fff","h3_11":"8b1e05a61975fff"},"geometry":{"type":"Polygon","coordinates":[[[19.894131,49.984448],[19.894254,49.984439],[19.894272,49.984549],[19.894149,49.984557],[19.894131,49.984448]]]}},{"type":"Feature","id":"w171596438","properties":{"type":"yes","residential":true,"residents_est":1,"h3_10":"8a1e05a6194ffff","h3_11":"8b1e05a6194bfff"},"geometry":{"type":"Polygon","coordinates":[[[19.897539,49.982978],[19.897641,49.982973],[19.897654,49.983092],[19.897553,49.983097],[19.897539,49.982978]]]}},{"type":"Feature","id":"w171596440","properties":{"type":"yes","address":"Leona Petrażyckiego 9i","residential":true,"residents_est":2,"h3_10":"8a1e05a6195ffff","h3_11":"8b1e05a61958fff"},"geometry":{"type":"Polygon","coordinates":[[[19.895888,49.982661],[19.895921,49.982658],[19.895913,49.982622],[19.896026,49.982611],[19.89603,49.98263],[19.896076,49.982626],[19.896095,49.982709],[19.895994,49.982718],[19.895996,49.982726],[19.895905,49.982735],[19.895888,49.982661]]]}},{"type":"Feature","id":"w171596449","properties":{"type":"yes","address":"Leona Petrażyckiego 9j","residential":true,"residents_est":2,"h3_10":"8a1e05a6195ffff","h3_11":"8b1e05a6195dfff"},"geometry":{"type":"Polygon","coordinates":[[[19.896174,49.982585],[19.896284,49.982575],[19.896288,49.982592],[19.896333,49.982588],[19.896352,49.982671],[19.896251,49.982681],[19.896253,49.982687],[19.896199,49.982693],[19.896174,49.982585]]]}},{"type":"Feature","id":"w171596451","properties":{"type":"yes","address":"Leona Petrażyckiego 26b","residential":true,"residents_est":2,"h3_10":"8a1e05a61967fff","h3_11":"8b1e05a61964fff"},"geometry":{"type":"Polygon","coordinates":[[[19.894691,49.984912],[19.894699,49.98483],[19.894761,49.984831],[19.894762,49.984808],[19.89483,49.98481],[19.894829,49.984833],[19.89488,49.984835],[19.894874,49.984892],[19.894826,49.984891],[19.894823,49.984916],[19.894691,49.984912]]]}},{"type":"Feature","id":"w171596455","properties":{"type":"yes","address":"Leona Petrażyckiego 3","residential":true,"residents_est":1,"h3_10":"8a1e05a6194ffff","h3_11":"8b1e05a61948fff"},"geometry":{"type":"Polygon","coordinates":[[[19.897543,49.983185],[19.897676,49.983175],[19.897688,49.983252],[19.897651,49.983254],[19.897656,49.983278],[19.897561,49.983285],[19.897543,49.983185]]]}},{"type":"Feature","id":"w171596473","properties":{"type":"yes","address":"Leona Petrażyckiego 11a","residential":true,"residents_est":16,"h3_10":"8a1e05a61947fff","h3_11":"8b1e05a61945fff"},"geometry":{"type":"Polygon","coordinates":[[[19.895941,49.983637],[19.895953,49.983636],[19.895957,49.983659],[19.896119,49.983649],[19.896175,49.98405],[19.895997,49.98406],[19.895941,49.983637]]]}},{"type":"Feature","id":"w171596475","properties":{"type":"yes","address":"Leona Petrażyckiego 9a","residential":true,"residents_est":2,"h3_10":"8a1e05a6196ffff","h3_11":"8b1e05a6196afff"},"geometry":{"type":"Polygon","coordinates":[[[19.896648,49.983792],[19.896798,49.983783],[19.896804,49.983823],[19.896859,49.983819],[19.896871,49.983892],[19.896808,49.983896],[19.896807,49.983885],[19.896725,49.983891],[19.896726,49.983902],[19.896666,49.983906],[19.896648,49.983792]]]}},{"type":"Feature","id":"w171596477","properties":{"type":"yes","address":"Leona Petrażyckiego 19","residential":true,"residents_est":2,"h3_10":"8a1e05a61977fff","h3_11":"8b1e05a61971fff"},"geometry":{"type":"Polygon","coordinates":[[[19.894188,49.984009],[19.894221,49.984006],[19.894212,49.983962],[19.894308,49.983953],[19.894314,49.983982],[19.894365,49.983978],[19.894394,49.984123],[19.894305,49.984131],[19.894291,49.984066],[19.894202,49.984074],[19.894188,49.984009]]]}},{"type":"Feature","id":"w171596479","properties":{"type":"yes","address":"Leona Petrażyckiego 13","residential":true,"residents_est":26,"h3_10":"8a1e05a61947fff","h3_11":"8b1e05a61944fff"},"geometry":{"type":"Polygon","coordinates":[[[19.895077,49.98371],[19.895217,49.983705],[19.895221,49.983744],[19.895322,49.98374],[19.895328,49.983805],[19.895217,49.983809],[19.895222,49.983864],[19.895418,49.983858],[19.89544,49.984117],[19.895384,49.984118],[19.895367,49.98411],[19.895194,49.984114],[19.895195,49.984127],[19.895173,49.984142],[19.895151,49.984127],[19.895101,49.984129],[19.895078,49.98387],[19.895092,49.983869],[19.895077,49.98371]]]}},{"type":"Feature","id":"w324222101","properties":{"type":"collapsed","address":"Tadeusza Ważewskiego 57","residential":false,"residents_est":0,"h3_10":"8a1e05a61867fff","h3_11":"8b1e05a61861fff"},"geometry":{"type":"Polygon","coordinates":[[[19.898166,49.982165],[19.898303,49.982154],[19.898312,49.982229],[19.898178,49.982238],[19.898166,49.982165]]]}},{"type":"Feature","id":"w337593013","properties":{"type":"yes","address":"Leona Petrażyckiego 14","residential":true,"residents_est":3,"h3_10":"8a1e05a61967fff","h3_11":"8b1e05a61961fff"},"geometry":{"type":"Polygon","coordinates":[[[19.896097,49.984833],[19.896108,49.984743],[19.896178,49.984746],[19.896181,49.984724],[19.896263,49.984727],[19.896261,49.984752],[19.89633,49.984754],[19.896313,49.984858],[19.896164,49.98485],[19.896166,49.984837],[19.896097,49.984833]]]}},{"type":"Feature","id":"w337593015","properties":{"type":"yes","address":"Leona Petrażyckiego 39b","residential":true,"residents_est":10,"h3_10":"8a1e05a619affff","h3_11":"8b1e05a619aefff"},"geometry":{"type":"Polygon","coordinates":[[[19.888777,49.981811],[19.888818,49.98181],[19.888815,49.981766],[19.889147,49.981756],[19.889154,49.98187],[19.889097,49.981872],[19.889098,49.981887],[19.888783,49.981898],[19.888777,49.981811]]]}},{"type":"Feature","id":"w337593021","properties":{"type":"yes","address":"Leona Petrażyckiego 35","residential":true,"residents_est":2,"h3_10":"8a1e05a61907fff","h3_11":"8b1e05a61900fff"},"geometry":{"type":"Polygon","coordinates":[[[19.890577,49.98364],[19.890579,49.983556],[19.89075,49.983558],[19.89075,49.983641],[19.890577,49.98364]]]}},{"type":"Feature","id":"w337593035","properties":{"type":"yes","address":"Leona Petrażyckiego 34a","residential":true,"residents_est":2,"h3_10":"8a1e05a6192ffff","h3_11":"8b1e05a61928fff"},"geometry":{"type":"Polygon","coordinates":[[[19.892297,49.984524],[19.892309,49.984411],[19.892348,49.984413],[19.892364,49.9844],[19.892384,49.984401],[19.892395,49.984415],[19.892428,49.984416],[19.892416,49.98453],[19.892297,49.984524]]]}},{"type":"Feature","id":"w337593038","properties":{"type":"yes","address":"Libertowska 6b","residential":true,"residents_est":2,"h3_10":"8a1e05a619affff","h3_11":"8b1e05a619a9fff"},"geometry":{"type":"Polygon","coordinates":[[[19.890118,49.981833],[19.890122,49.98173],[19.890243,49.981729],[19.890243,49.981744],[19.890279,49.981744],[19.890278,49.981791],[19.890316,49.981791],[19.890315,49.981851],[19.890217,49.98185],[19.890216,49.981832],[19.890118,49.981833]]]}},{"type":"Feature","id":"w337593042","properties":{"type":"yes","address":"Leona Petrażyckiego 31","residential":true,"residents_est":2,"h3_10":"8a1e05a6192ffff","h3_11":"8b1e05a6192afff"},"geometry":{"type":"Polygon","coordinates":[[[19.891475,49.983931],[19.891481,49.98389],[19.891508,49.983891],[19.891514,49.983851],[19.891562,49.983854],[19.891564,49.98384],[19.891611,49.983843],[19.891609,49.983857],[19.891662,49.983861],[19.891649,49.983943],[19.891475,49.983931]]]}},{"type":"Feature","id":"w337593051","properties":{"type":"yes","address":"Leona Petrażyckiego 21","residential":true,"residents_est":3,"h3_10":"8a1e05a61977fff","h3_11":"8b1e05a61970fff"},"geometry":{"type":"Polygon","coordinates":[[[19.893584,49.984027],[19.893686,49.98402],[19.893685,49.984012],[19.893663,49.984013],[19.893657,49.983979],[19.893774,49.983971],[19.893782,49.984015],[19.893847,49.98401],[19.893862,49.984109],[19.893605,49.984128],[19.893584,49.984027]]]}},{"type":"Feature","id":"w337593058","properties":{"type":"yes","address":"Zgodna 95","residential":true,"residents_est":2,"h3_10":"8a1e05a618cffff","h3_11":"8b1e05a618ccfff"},"geometry":{"type":"Polygon","coordinates":[[[19.8971,49.978592],[19.897128,49.978505],[19.897245,49.978521],[19.897242,49.978531],[19.897328,49.978542],[19.897304,49.978618],[19.897259,49.978613],[19.897256,49.978623],[19.897211,49.978617],[19.897214,49.978607],[19.8971,49.978592]]]}},{"type":"Feature","id":"w337593075","properties":{"type":"yes","address":"Zgodna 116","residential":true,"residents_est":3,"h3_10":"8a1e05a618f7fff","h3_11":"8b1e05a618f6fff"},"geometry":{"type":"Polygon","coordinates":[[[19.892828,49.978616],[19.892877,49.978511],[19.892935,49.978523],[19.892928,49.978536],[19.893053,49.978561],[19.893059,49.978548],[19.893118,49.97856],[19.893071,49.978659],[19.893092,49.978663],[19.893072,49.978705],[19.892994,49.97869],[19.893012,49.978652],[19.892828,49.978616]]]}},{"type":"Feature","id":"w337593100","properties":{"type":"yes","address":"Zgodna 92A","residential":true,"residents_est":3,"h3_10":"8a1e05a6185ffff","h3_11":"8b1e05a6185afff"},"geometry":{"type":"Polygon","coordinates":[[[19.897941,49.979703],[19.897958,49.979624],[19.898027,49.97963],[19.89803,49.979619],[19.898018,49.979618],[19.89802,49.979613],[19.898131,49.979623],[19.898127,49.979639],[19.898181,49.979644],[19.898147,49.979798],[19.898034,49.979787],[19.89805,49.979712],[19.897941,49.979703]]]}},{"type":"Feature","id":"w337593103","properties":{"type":"yes","address":"Leona Petrażyckiego 34","residential":true,"residents_est":2,"h3_10":"8a1e05a6192ffff","h3_11":"8b1e05a61929fff"},"geometry":{"type":"Polygon","coordinates":[[[19.892544,49.984412],[19.892599,49.98441],[19.8926,49.984416],[19.892688,49.984408],[19.89269,49.984445],[19.892705,49.984454],[19.892706,49.984469],[19.892692,49.984479],[19.892695,49.984517],[19.892552,49.984521],[19.892544,49.984412]]]}},{"type":"Feature","id":"w337593107","properties":{"type":"yes","address":"Leona Petrażyckiego 34b","residential":true,"residents_est":3,"h3_10":"8a1e05a6192ffff","h3_11":"8b1e05a6192dfff"},"geometry":{"type":"Polygon","coordinates":[[[19.892178,49.984744],[19.89218,49.984646],[19.892266,49.984647],[19.892266,49.984659],[19.89236,49.98466],[19.892361,49.984621],[19.892443,49.984622],[19.892441,49.984747],[19.89234,49.984746],[19.892339,49.98476],[19.892277,49.984759],[19.892277,49.984745],[19.892178,49.984744]]]}},{"type":"Feature","id":"w337593135","properties":{"type":"yes","address":"Leona Petrażyckiego 42","residential":true,"residents_est":2,"h3_10":"8a1e05a61927fff","h3_11":"8b1e05a61923fff"},"geometry":{"type":"Polygon","coordinates":[[[19.890481,49.984249],[19.890494,49.984209],[19.890501,49.98421],[19.890513,49.984175],[19.890506,49.984174],[19.890529,49.984109],[19.890597,49.984119],[19.890618,49.984056],[19.890673,49.984064],[19.890631,49.984192],[19.890622,49.984191],[19.890604,49.984267],[19.890481,49.984249]]]}},{"type":"Feature","id":"w337593138","properties":{"type":"yes","address":"Szlachecka 15","residential":true,"residents_est":2,"h3_10":"8a1e05a618affff","h3_11":"8b1e05a618a8fff"},"geometry":{"type":"Polygon","coordinates":[[[19.891652,49.979178],[19.891655,49.979166],[19.89167,49.979157],[19.891674,49.97913],[19.891831,49.97914],[19.891829,49.979148],[19.891876,49.979151],[19.891866,49.979212],[19.891822,49.979209],[19.89182,49.979225],[19.891712,49.979218],[19.891714,49.979207],[19.891663,49.979203],[19.891665,49.979188],[19.891652,49.979178]]]}},{"type":"Feature","id":"w337593141","properties":{"type":"yes","address":"Libertowska 22","residential":true,"residents_est":2,"h3_10":"8a1e05a61987fff","h3_11":"8b1e05a61982fff"},"geometry":{"type":"Polygon","coordinates":[[[19.887469,49.980682],[19.887514,49.980678],[19.887511,49.980665],[19.887548,49.980633],[19.887594,49.980629],[19.887585,49.98058],[19.887665,49.980574],[19.887678,49.980649],[19.887666,49.98066],[19.887679,49.980667],[19.88758,49.980749],[19.887511,49.980754],[19.887509,49.980746],[19.887482,49.980747],[19.887469,49.980682]]]}},{"type":"Feature","id":"w337593146","properties":{"type":"yes","address":"Szlachecka 21","residential":true,"residents_est":2,"h3_10":"8a1e05a618affff","h3_11":"8b1e05a618aafff"},"geometry":{"type":"Polygon","coordinates":[[[19.891718,49.978861],[19.891721,49.978845],[19.891737,49.978837],[19.891742,49.978801],[19.89188,49.97881],[19.891872,49.978863],[19.89191,49.978866],[19.8919,49.978935],[19.891812,49.978929],[19.891815,49.978908],[19.891725,49.978908],[19.891731,49.97887],[19.891718,49.978861]]]}},{"type":"Feature","id":"w337593154","properties":{"type":"yes","address":"Szlachecka 9A","residential":true,"residents_est":3,"h3_10":"8a1e05a618affff","h3_11":"8b1e05a618a9fff"},"geometry":{"type":"Polygon","coordinates":[[[19.892403,49.979248],[19.89242,49.979188],[19.892441,49.979191],[19.892449,49.979165],[19.89247,49.979167],[19.892478,49.979141],[19.892596,49.979155],[19.892584,49.979195],[19.892605,49.979197],[19.892579,49.979284],[19.892558,49.979282],[19.892547,49.979322],[19.892427,49.979307],[19.892435,49.97928],[19.892415,49.979278],[19.892423,49.979251],[19.892403,49.979248]]]}},{"type":"Feature","id":"w337593157","properties":{"type":"yes","address":"Szlachecka 13","residential":true,"residents_est":2,"h3_10":"8a1e05a618affff","h3_11":"8b1e05a618a8fff"},"geometry":{"type":"Polygon","coordinates":[[[19.892013,49.979257],[19.892023,49.979192],[19.892118,49.97919],[19.892121,49.979172],[19.892187,49.979177],[19.892184,49.979194],[19.892231,49.979197],[19.892224,49.979238],[19.892236,49.979249],[19.892233,49.979263],[19.892218,49.979273],[19.892218,49.979279],[19.892059,49.979269],[19.892061,49.979261],[19.892013,49.979257]]]}},{"type":"Feature","id":"w337593161","properties":{"type":"yes","address":"Zgodna 87","residential":true,"residents_est":2,"h3_10":"8a1e05a618effff","h3_11":"8b1e05a618ebfff"},"geometry":{"type":"Polygon","coordinates":[[[19.897397,49.978677],[19.897416,49.978614],[19.897514,49.978622],[19.897519,49.978603],[19.897591,49.978611],[19.897585,49.978631],[19.897616,49.978635],[19.897594,49.978706],[19.897548,49.9787],[19.897543,49.978715],[19.897487,49.978708],[19.897492,49.978693],[19.897397,49.978677]]]}},{"type":"Feature","id":"w337593165","properties":{"type":"yes","address":"Szlachecka 3A","residential":true,"residents_est":3,"h3_10":"8a1e05a618affff","h3_11":"8b1e05a618a9fff"},"geometry":{"type":"Polygon","coordinates":[[[19.892537,49.97899],[19.89256,49.978914],[19.892601,49.97892],[19.892605,49.978906],[19.892646,49.978911],[19.89265,49.978898],[19.892744,49.97891],[19.89274,49.978923],[19.892781,49.978928],[19.892777,49.978941],[19.892818,49.978946],[19.892795,49.979022],[19.892734,49.979015],[19.89273,49.979028],[19.892595,49.979011],[19.892599,49.978998],[19.892537,49.97899]]]}},{"type":"Feature","id":"w337593168","properties":{"type":"yes","address":"Szlachecka 5A","residential":true,"residents_est":3,"h3_10":"8a1e05a618f7fff","h3_11":"8b1e05a618f4fff"},"geometry":{"type":"Polygon","coordinates":[[[19.893103,49.979336],[19.893121,49.979275],[19.893141,49.979278],[19.893149,49.979251],[19.89317,49.979254],[19.893178,49.979228],[19.893297,49.979242],[19.893285,49.979282],[19.893305,49.979285],[19.89328,49.979371],[19.893259,49.979369],[19.893247,49.979409],[19.893128,49.979394],[19.893136,49.979368],[19.893115,49.979365],[19.893123,49.979338],[19.893103,49.979336]]]}},{"type":"Feature","id":"w337593172","properties":{"type":"yes","address":"Szlachecka 1A","residential":true,"residents_est":3,"h3_10":"8a1e05a618f7fff","h3_11":"8b1e05a618f4fff"},"geometry":{"type":"Polygon","coordinates":[[[19.893039,49.979053],[19.893062,49.978976],[19.893102,49.978981],[19.893106,49.978968],[19.893147,49.978973],[19.893151,49.97896],[19.893245,49.978971],[19.893241,49.978985],[19.893282,49.97899],[19.893279,49.979003],[19.893319,49.979008],[19.893296,49.979085],[19.893235,49.979077],[19.893231,49.97909],[19.893096,49.979073],[19.8931,49.97906],[19.893039,49.979053]]]}},{"type":"Feature","id":"w337593175","properties":{"type":"yes","address":"Szlachecka 7A","residential":true,"residents_est":3,"h3_10":"8a1e05a618affff","h3_11":"8b1e05a618a9fff"},"geometry":{"type":"Polygon","coordinates":[[[19.892772,49.979308],[19.892799,49.979221],[19.89282,49.979224],[19.892832,49.979184],[19.89295,49.979199],[19.892942,49.979225],[19.892963,49.979228],[19.892955,49.979254],[19.892975,49.979257],[19.892957,49.979317],[19.892936,49.979315],[19.892928,49.979341],[19.892908,49.979339],[19.8929,49.979365],[19.892781,49.97935],[19.892793,49.979311],[19.892772,49.979308]]]}},{"type":"Feature","id":"w337593185","properties":{"type":"yes","address":"Szlachecka 23","residential":true,"residents_est":2,"h3_10":"8a1e05a618affff","h3_11":"8b1e05a618abfff"},"geometry":{"type":"Polygon","coordinates":[[[19.892044,49.978941],[19.892055,49.97887],[19.892101,49.978873],[19.892105,49.978843],[19.892243,49.978852],[19.892238,49.978888],[19.89225,49.978898],[19.892248,49.978912],[19.892233,49.978921],[19.892228,49.978957],[19.892177,49.978954],[19.892177,49.978948],[19.89214,49.978946],[19.892139,49.978951],[19.892044,49.978941]]]}},{"type":"Feature","id":"w337593186","properties":{"type":"yes","address":"Leona Petrażyckiego 34c","residential":true,"residents_est":2,"h3_10":"8a1e05a6192ffff","h3_11":"8b1e05a6192dfff"},"geometry":{"type":"Polygon","coordinates":[[[19.892621,49.984679],[19.892677,49.984677],[19.892689,49.984668],[19.892714,49.984667],[19.892729,49.984676],[19.892784,49.984674],[19.89279,49.984763],[19.892743,49.984765],[19.892744,49.984794],[19.892634,49.984797],[19.892624,49.984735],[19.892633,49.984735],[19.892631,49.98471],[19.892623,49.98471],[19.892621,49.984679]]]}},{"type":"Feature","id":"w337593188","properties":{"type":"yes","address":"Leona Petrażyckiego 7e","residential":true,"residents_est":2,"h3_10":"8a1e05a6195ffff","h3_11":"8b1e05a61959fff"},"geometry":{"type":"Polygon","coordinates":[[[19.896475,49.982591],[19.896504,49.98259],[19.896503,49.982583],[19.896557,49.98258],[19.896558,49.982587],[19.896592,49.982585],[19.896613,49.982749],[19.896567,49.982751],[19.896562,49.982707],[19.89649,49.982711],[19.896475,49.982591]]]}},{"type":"Feature","id":"w337593197","properties":{"type":"yes","address":"Libertowska 1c","residential":true,"residents_est":2,"h3_10":"8a1e05a6192ffff","h3_11":"8b1e05a6192bfff"},"geometry":{"type":"Polygon","coordinates":[[[19.892406,49.98388],[19.892411,49.983858],[19.892416,49.983858],[19.892422,49.983818],[19.892411,49.98381],[19.892413,49.983796],[19.892429,49.983787],[19.89245,49.983789],[19.892462,49.983798],[19.892497,49.983801],[19.892512,49.983793],[19.892549,49.983795],[19.892534,49.983888],[19.89252,49.983887],[19.892512,49.983941],[19.892412,49.983935],[19.89242,49.983881],[19.892406,49.98388]]]}},{"type":"Feature","id":"w337593200","properties":{"type":"yes","address":"Leona Petrażyckiego 26d","residential":true,"residents_est":2,"h3_10":"8a1e05a61967fff","h3_11":"8b1e05a61964fff"},"geometry":{"type":"Polygon","coordinates":[[[19.894866,49.985221],[19.894872,49.985158],[19.894926,49.98516],[19.894928,49.985138],[19.895055,49.985143],[19.895059,49.985137],[19.895083,49.985137],[19.895106,49.98515],[19.895104,49.985168],[19.895082,49.985177],[19.895075,49.98525],[19.895045,49.985249],[19.895041,49.985288],[19.894973,49.985286],[19.894977,49.985246],[19.894917,49.985244],[19.894919,49.985223],[19.894866,49.985221]]]}},{"type":"Feature","id":"w337593204","properties":{"type":"yes","address":"Leona Petrażyckiego 7f","residential":true,"residents_est":1,"h3_10":"8a1e05a6195ffff","h3_11":"8b1e05a61959fff"},"geometry":{"type":"Polygon","coordinates":[[[19.896488,49.98232],[19.896506,49.982262],[19.896548,49.982267],[19.896555,49.982247],[19.896674,49.982263],[19.896683,49.982272],[19.896678,49.982288],[19.896689,49.982298],[19.896685,49.98231],[19.896668,49.982315],[19.89666,49.982341],[19.896488,49.98232]]]}},{"type":"Feature","id":"w337593207","properties":{"type":"yes","address":"Zgodna 108","residential":true,"residents_est":3,"h3_10":"8a1e05a618f7fff","h3_11":"8b1e05a618f1fff"},"geometry":{"type":"Polygon","coordinates":[[[19.894289,49.97881],[19.894526,49.978786],[19.89454,49.978845],[19.894562,49.978856],[19.894566,49.978873],[19.89455,49.978887],[19.894523,49.97889],[19.894502,49.97888],[19.894462,49.978884],[19.894468,49.978908],[19.894488,49.978924],[19.894492,49.978943],[19.894476,49.978956],[19.894422,49.978962],[19.8944,49.978952],[19.894396,49.978932],[19.894408,49.978915],[19.894403,49.978898],[19.894313,49.978907],[19.894289,49.97881]]]}},{"type":"Feature","id":"w337593210","properties":{"type":"yes","address":"Libertowska 16","residential":true,"residents_est":3,"h3_10":"8a1e05a61987fff","h3_11":"8b1e05a61983fff"},"geometry":{"type":"Polygon","coordinates":[[[19.888542,49.980727],[19.888556,49.980711],[19.888582,49.980711],[19.888604,49.980696],[19.888603,49.980683],[19.888618,49.980678],[19.888709,49.980681],[19.888712,49.980766],[19.888754,49.980766],[19.888757,49.980829],[19.888606,49.980832],[19.888604,49.980796],[19.888559,49.980797],[19.888558,49.980764],[19.888544,49.980755],[19.888542,49.980727]]]}},{"type":"Feature","id":"w337593213","properties":{"type":"yes","address":"Leona Petrażyckiego 39","residential":true,"residents_est":2,"h3_10":"8a1e05a61907fff","h3_11":"8b1e05a61906fff"},"geometry":{"type":"Polygon","coordinates":[[[19.889791,49.983389],[19.889796,49.983305],[19.889859,49.983306],[19.88986,49.983296],[19.889986,49.983298],[19.889982,49.983379],[19.889949,49.983379],[19.889948,49.983392],[19.889902,49.983391],[19.889902,49.983378],[19.889863,49.983377],[19.889862,49.98339],[19.889791,49.983389]]]}},{"type":"Feature","id":"w337593216","properties":{"type":"chapel","address":"Szlachecka 2","name":"Kaplica pw. Matki Bożej Pośredniczki Wszystkich Łask","residential":false,"residents_est":0,"h3_10":"8a1e05a6181ffff","h3_11":"8b1e05a6181bfff"},"geometry":{"type":"Polygon","coordinates":[[[19.89362,49.97929],[19.89368,49.97929],[19.893679,49.979259],[19.893887,49.979251],[19.893885,49.979225],[19.894022,49.979219],[19.894025,49.979247],[19.894149,49.979243],[19.894162,49.979384],[19.894183,49.97939],[19.894195,49.979407],[19.894185,49.979423],[19.89416,49.979432],[19.894134,49.979426],[19.894123,49.979412],[19.893933,49.979419],[19.893928,49.979432],[19.89389,49.979447],[19.893868,49.979445],[19.893851,49.979436],[19.893841,49.979422],[19.893689,49.979428],[19.893686,49.979371],[19.89362,49.979372],[19.89362,49.97929]]]}},{"type":"Feature","id":"w337593241","properties":{"type":"yes","residential":true,"residents_est":3,"h3_10":"8a1e05a61907fff","h3_11":"8b1e05a61900fff"},"geometry":{"type":"Polygon","coordinates":[[[19.890859,49.983749],[19.890866,49.983602],[19.89102,49.983605],[19.891013,49.983761],[19.890918,49.983759],[19.890917,49.983751],[19.890859,49.983749]]]}},{"type":"Feature","id":"w337593276","properties":{"type":"yes","address":"Leona Petrażyckiego 39a","residential":true,"residents_est":1,"h3_10":"8a1e05a61917fff","h3_11":"8b1e05a61911fff"},"geometry":{"type":"Polygon","coordinates":[[[19.889813,49.982936],[19.889964,49.982932],[19.889968,49.983013],[19.889818,49.983016],[19.889813,49.982936]]]}},{"type":"Feature","id":"w337593296","properties":{"type":"yes","address":"Libertowska 3","residential":true,"residents_est":1,"h3_10":"8a1e05a6190ffff","h3_11":"8b1e05a61908fff"},"geometry":{"type":"Polygon","coordinates":[[[19.892133,49.983243],[19.892268,49.98323],[19.892292,49.983326],[19.892157,49.98334],[19.892133,49.983243]]]}},{"type":"Feature","id":"w337593301","properties":{"type":"yes","residential":true,"residents_est":1,"h3_10":"8a1e05a61927fff","h3_11":"8b1e05a61923fff"},"geometry":{"type":"Polygon","coordinates":[[[19.890791,49.984412],[19.890806,49.984367],[19.89093,49.984385],[19.890915,49.984429],[19.890791,49.984412]]]}},{"type":"Feature","id":"w337593306","properties":{"type":"yes","address":"Zgodna 96A","residential":true,"residents_est":1,"h3_10":"8a1e05a618effff","h3_11":"8b1e05a618e8fff"},"geometry":{"type":"Polygon","coordinates":[[[19.897179,49.979102],[19.897184,49.979056],[19.897291,49.97906],[19.897286,49.979106],[19.897203,49.979103],[19.897203,49.979111],[19.897187,49.979111],[19.897187,49.979102],[19.897179,49.979102]]]}},{"type":"Feature","id":"w337593314","properties":{"type":"yes","residential":true,"residents_est":2,"h3_10":"8a1e05a619affff","h3_11":"8b1e05a619a9fff"},"geometry":{"type":"Polygon","coordinates":[[[19.890256,49.981673],[19.89026,49.981512],[19.890399,49.981513],[19.890395,49.981675],[19.890256,49.981673]]]}},{"type":"Feature","id":"w337593323","properties":{"type":"yes","address":"Zgodna 122","residential":true,"residents_est":1,"h3_10":"8a1e05a6188ffff","h3_11":"8b1e05a6188cfff"},"geometry":{"type":"Polygon","coordinates":[[[19.892073,49.978482],[19.892104,49.978406],[19.892292,49.978438],[19.89226,49.978514],[19.892073,49.978482]]]}},{"type":"Feature","id":"w337593336","properties":{"type":"yes","residential":true,"residents_est":1,"h3_10":"8a1e05a6192ffff","h3_11":"8b1e05a61929fff"},"geometry":{"type":"Polygon","coordinates":[[[19.892705,49.984124],[19.892835,49.984124],[19.892836,49.984193],[19.892706,49.984194],[19.892705,49.984124]]]}},{"type":"Feature","id":"w337593375","properties":{"type":"yes","residential":true,"residents_est":2,"h3_10":"8a1e05a61907fff","h3_11":"8b1e05a61901fff"},"geometry":{"type":"Polygon","coordinates":[[[19.891392,49.983382],[19.89152,49.983365],[19.891556,49.983475],[19.891427,49.98349],[19.891392,49.983382]]]}},{"type":"Feature","id":"w337593380","properties":{"type":"yes","residential":true,"residents_est":1,"h3_10":"8a1e05a6196ffff","h3_11":"8b1e05a6196efff"},"geometry":{"type":"Polygon","coordinates":[[[19.896274,49.984468],[19.896282,49.984408],[19.896389,49.984414],[19.896381,49.984474],[19.896274,49.984468]]]}},{"type":"Feature","id":"w337593432","properties":{"type":"yes","address":"Leona Petrażyckiego 40","residential":true,"residents_est":2,"h3_10":"8a1e05a61927fff","h3_11":"8b1e05a61923fff"},"geometry":{"type":"Polygon","coordinates":[[[19.890856,49.984303],[19.890885,49.984205],[19.89104,49.984224],[19.891011,49.984322],[19.890856,49.984303]]]}},{"type":"Feature","id":"w337593436","properties":{"type":"yes","residential":true,"residents_est":1,"h3_10":"8a1e05a618f7fff","h3_11":"8b1e05a618f6fff"},"geometry":{"type":"Polygon","coordinates":[[[19.89306,49.97878],[19.89309,49.978708],[19.893172,49.978723],[19.893141,49.978794],[19.89306,49.97878]]]}},{"type":"Feature","id":"w337593456","properties":{"type":"yes","address":"Leona Petrażyckiego 23","residential":true,"residents_est":1,"h3_10":"8a1e05a61977fff","h3_11":"8b1e05a61976fff"},"geometry":{"type":"Polygon","coordinates":[[[19.89301,49.983975],[19.893155,49.983974],[19.893156,49.984056],[19.893012,49.984057],[19.89301,49.983975]]]}},{"type":"Feature","id":"w337593464","properties":{"type":"yes","residential":true,"residents_est":1,"h3_10":"8a1e05a619affff","h3_11":"8b1e05a619a8fff"},"geometry":{"type":"Polygon","coordinates":[[[19.889587,49.981615],[19.889661,49.981611],[19.88968,49.981736],[19.889606,49.981741],[19.889587,49.981615]]]}},{"type":"Feature","id":"w337593467","properties":{"type":"yes","residential":false,"residents_est":0,"h3_10":"8a1e05a61967fff","h3_11":"8b1e05a61964fff"},"geometry":{"type":"Polygon","coordinates":[[[19.894734,49.985186],[19.894744,49.985088],[19.894794,49.98509],[19.894785,49.985187],[19.894734,49.985186]]]}},{"type":"Feature","id":"w337593479","properties":{"type":"yes","address":"Libertowska 4E","residential":true,"residents_est":2,"h3_10":"8a1e05a61837fff","h3_11":"8b1e05a61835fff"},"geometry":{"type":"Polygon","coordinates":[[[19.891348,49.981685],[19.891371,49.981562],[19.891502,49.981572],[19.89148,49.981695],[19.891348,49.981685]]]}},{"type":"Feature","id":"w337593497","properties":{"type":"yes","address":"Libertowska 4","residential":true,"residents_est":1,"h3_10":"8a1e05a6190ffff","h3_11":"8b1e05a6190efff"},"geometry":{"type":"Polygon","coordinates":[[[19.891502,49.983245],[19.891634,49.983242],[19.89164,49.983324],[19.891507,49.983327],[19.891502,49.983245]]]}},{"type":"Feature","id":"w337593510","properties":{"type":"yes","residential":true,"residents_est":2,"h3_10":"8a1e05a618c7fff","h3_11":"8b1e05a618c5fff"},"geometry":{"type":"Polygon","coordinates":[[[19.895976,49.978807],[19.895982,49.978775],[19.896012,49.978777],[19.896016,49.978757],[19.896062,49.978761],[19.89607,49.978715],[19.89621,49.978726],[19.896191,49.978823],[19.895976,49.978807]]]}},{"type":"Feature","id":"w337593515","properties":{"type":"residential","address":"Szlachecka 2","name":"Przeorat Świętego Stanisława biskupa","residential":true,"residents_est":7,"h3_10":"8a1e05a618f7fff","h3_11":"8b1e05a618f4fff"},"geometry":{"type":"Polygon","coordinates":[[[19.893538,49.97902],[19.893773,49.978962],[19.89381,49.979024],[19.893575,49.979083],[19.893538,49.97902]]]}},{"type":"Feature","id":"w337593534","properties":{"type":"yes","residential":true,"residents_est":1,"h3_10":"8a1e05a618effff","h3_11":"8b1e05a618e9fff"},"geometry":{"type":"Polygon","coordinates":[[[19.897758,49.979286],[19.897773,49.979223],[19.897862,49.979232],[19.897847,49.979295],[19.897758,49.979286]]]}},{"type":"Feature","id":"w337593543","properties":{"type":"yes","address":"Leona Petrażyckiego 27","residential":true,"residents_est":2,"h3_10":"8a1e05a6192ffff","h3_11":"8b1e05a61928fff"},"geometry":{"type":"Polygon","coordinates":[[[19.892195,49.984153],[19.892214,49.984073],[19.892476,49.984098],[19.892457,49.984178],[19.892195,49.984153]]]}},{"type":"Feature","id":"w337593546","properties":{"type":"yes","residential":true,"residents_est":2,"h3_10":"8a1e05a6190ffff","h3_11":"8b1e05a6190efff"},"geometry":{"type":"Polygon","coordinates":[[[19.89179,49.983015],[19.891904,49.983006],[19.891925,49.98313],[19.891812,49.983139],[19.89179,49.983015]]]}},{"type":"Feature","id":"w337593558","properties":{"type":"yes","residential":true,"residents_est":2,"h3_10":"8a1e05a61977fff","h3_11":"8b1e05a61976fff"},"geometry":{"type":"Polygon","coordinates":[[[19.893219,49.984011],[19.893369,49.984006],[19.893379,49.984118],[19.893228,49.984123],[19.893219,49.984011]]]}},{"type":"Feature","id":"w337593564","properties":{"type":"yes","residential":true,"residents_est":1,"h3_10":"8a1e05a6194ffff","h3_11":"8b1e05a6194afff"},"geometry":{"type":"Polygon","coordinates":[[[19.897096,49.982979],[19.89718,49.982971],[19.897194,49.983043],[19.897109,49.983051],[19.897096,49.982979]]]}},{"type":"Feature","id":"w337593566","properties":{"type":"yes","address":"Leona Petrażyckiego 25","residential":true,"residents_est":1,"h3_10":"8a1e05a6192ffff","h3_11":"8b1e05a6192bfff"},"geometry":{"type":"Polygon","coordinates":[[[19.8926,49.984034],[19.892615,49.983938],[19.892754,49.983947],[19.892741,49.984027],[19.892687,49.984024],[19.892684,49.98404],[19.8926,49.984034]]]}},{"type":"Feature","id":"w337593573","properties":{"type":"yes","address":"Zgodna 112","residential":true,"residents_est":2,"h3_10":"8a1e05a618f7fff","h3_11":"8b1e05a618f3fff"},"geometry":{"type":"Polygon","coordinates":[[[19.894153,49.978542],[19.894171,49.97854],[19.894158,49.97849],[19.894228,49.978482],[19.894226,49.978473],[19.894286,49.978466],[19.894289,49.978477],[19.89434,49.978472],[19.89436,49.97855],[19.894278,49.978559],[19.894281,49.97857],[19.894164,49.978584],[19.894153,49.978542]]]}},{"type":"Feature","id":"w337593578","properties":{"type":"yes","address":"Zgodna 128","residential":true,"residents_est":2,"h3_10":"8a1e05a6188ffff","h3_11":"8b1e05a6188cfff"},"geometry":{"type":"Polygon","coordinates":[[[19.891531,49.978306],[19.891571,49.978223],[19.891712,49.97825],[19.891697,49.978285],[19.891723,49.97829],[19.891693,49.978355],[19.89162,49.978342],[19.891627,49.978323],[19.891531,49.978306]]]}},{"type":"Feature","id":"w337593579","properties":{"type":"yes","address":"Zgodna 96","residential":true,"residents_est":1,"h3_10":"8a1e05a618effff","h3_11":"8b1e05a618ebfff"},"geometry":{"type":"Polygon","coordinates":[[[19.897185,49.979001],[19.897194,49.978898],[19.897341,49.978904],[19.897331,49.978987],[19.897276,49.978985],[19.897274,49.979004],[19.897185,49.979001]]]}},{"type":"Feature","id":"w337593597","properties":{"type":"yes","address":"Libertowska 1A","residential":true,"residents_est":1,"h3_10":"8a1e05a6190ffff","h3_11":"8b1e05a6190cfff"},"geometry":{"type":"Polygon","coordinates":[[[19.892025,49.983719],[19.892048,49.983718],[19.892041,49.983658],[19.892149,49.983652],[19.892164,49.98375],[19.892029,49.983759],[19.892025,49.983719]]]}},{"type":"Feature","id":"w337593599","properties":{"type":"yes","residential":true,"residents_est":2,"h3_10":"8a1e05a61977fff","h3_11":"8b1e05a61976fff"},"geometry":{"type":"Polygon","coordinates":[[[19.89333,49.983814],[19.893439,49.983807],[19.893458,49.983946],[19.89335,49.983951],[19.89333,49.983814]]]}},{"type":"Feature","id":"w337593601","properties":{"type":"yes","address":"Leona Petrażyckiego 39e","residential":true,"residents_est":2,"h3_10":"8a1e05a61917fff","h3_11":"8b1e05a61910fff"},"geometry":{"type":"Polygon","coordinates":[[[19.889027,49.982986],[19.889029,49.982925],[19.889256,49.982928],[19.889253,49.983005],[19.889192,49.983004],[19.889193,49.982986],[19.889166,49.982985],[19.889165,49.983029],[19.889077,49.983028],[19.889078,49.982987],[19.889027,49.982986]]]}},{"type":"Feature","id":"w337593605","properties":{"type":"yes","address":"Zgodna 104","residential":true,"residents_est":2,"h3_10":"8a1e05a618c7fff","h3_11":"8b1e05a618c4fff"},"geometry":{"type":"Polygon","coordinates":[[[19.895308,49.978695],[19.895353,49.978589],[19.895501,49.978615],[19.895464,49.978702],[19.895406,49.978692],[19.895398,49.978711],[19.895308,49.978695]]]}},{"type":"Feature","id":"w337593609","properties":{"type":"yes","address":"Zgodna 102","residential":true,"residents_est":2,"h3_10":"8a1e05a618c7fff","h3_11":"8b1e05a618c5fff"},"geometry":{"type":"Polygon","coordinates":[[[19.895837,49.978719],[19.895889,49.978612],[19.895988,49.978634],[19.895978,49.978654],[19.896025,49.978664],[19.896009,49.978697],[19.896034,49.978702],[19.896023,49.978727],[19.895996,49.978722],[19.895983,49.97875],[19.895837,49.978719]]]}},{"type":"Feature","id":"w337593610","properties":{"type":"yes","address":"Leona Petrażyckiego 4","residential":true,"residents_est":2,"h3_10":"8a1e05a6196ffff","h3_11":"8b1e05a6196dfff"},"geometry":{"type":"Polygon","coordinates":[[[19.897582,49.984886],[19.89759,49.984786],[19.897657,49.984789],[19.897659,49.984759],[19.897762,49.984763],[19.897752,49.984891],[19.897582,49.984886]]]}},{"type":"Feature","id":"w337593612","properties":{"type":"yes","residential":true,"residents_est":2,"h3_10":"8a1e05a619affff","h3_11":"8b1e05a619abfff"},"geometry":{"type":"Polygon","coordinates":[[[19.889771,49.981513],[19.889874,49.981508],[19.889895,49.98166],[19.889791,49.981666],[19.889771,49.981513]]]}},{"type":"Feature","id":"w337593613","properties":{"type":"yes","address":"Libertowska 3e","residential":true,"residents_est":2,"h3_10":"8a1e05a61957fff","h3_11":"8b1e05a61956fff"},"geometry":{"type":"Polygon","coordinates":[[[19.893137,49.982818],[19.893324,49.982785],[19.893337,49.982815],[19.893347,49.982818],[19.893354,49.982835],[19.893348,49.98284],[19.893364,49.982878],[19.893177,49.982912],[19.893137,49.982818]]]}},{"type":"Feature","id":"w337593619","properties":{"type":"yes","address":"Tadeusza Ważewskiego 43","residential":true,"residents_est":2,"h3_10":"8a1e05a6186ffff","h3_11":"8b1e05a61869fff"},"geometry":{"type":"Polygon","coordinates":[[[19.90011,49.981742],[19.900117,49.98167],[19.900185,49.981673],[19.900188,49.981635],[19.900328,49.981641],[19.90032,49.981751],[19.90011,49.981742]]]}},{"type":"Feature","id":"w337593620","properties":{"type":"yes","residential":true,"residents_est":8,"h3_10":"8a1e05a61827fff","h3_11":"8b1e05a61824fff"},"geometry":{"type":"Polygon","coordinates":[[[19.891938,49.982357],[19.892013,49.982344],[19.892049,49.982445],[19.892214,49.98242],[19.892253,49.982524],[19.892009,49.982561],[19.891938,49.982357]]]}},{"type":"Feature","id":"w337593624","properties":{"type":"yes","address":"Zgodna 92","residential":true,"residents_est":2,"h3_10":"8a1e05a6185ffff","h3_11":"8b1e05a6185afff"},"geometry":{"type":"Polygon","coordinates":[[[19.898032,49.979524],[19.898053,49.97945],[19.898119,49.979458],[19.898123,49.979445],[19.898251,49.97946],[19.898223,49.979559],[19.898095,49.979544],[19.898098,49.979531],[19.898032,49.979524]]]}},{"type":"Feature","id":"w337593625","properties":{"type":"yes","address":"Leona Petrażyckiego 36","residential":true,"residents_est":3,"h3_10":"8a1e05a6192ffff","h3_11":"8b1e05a6192cfff"},"geometry":{"type":"Polygon","coordinates":[[[19.891601,49.984675],[19.891611,49.984622],[19.89167,49.984626],[19.891688,49.984526],[19.891801,49.984534],[19.891786,49.984615],[19.891801,49.984617],[19.891788,49.98469],[19.891601,49.984675]]]}},{"type":"Feature","id":"w337593631","properties":{"type":"yes","address":"Leona Petrażyckiego 39m","residential":true,"residents_est":1,"h3_10":"8a1e05a619a7fff","h3_11":"8b1e05a619a1fff"},"geometry":{"type":"Polygon","coordinates":[[[19.888438,49.981922],[19.888579,49.981907],[19.88859,49.981945],[19.888577,49.981947],[19.888581,49.981963],[19.888594,49.981962],[19.888604,49.981998],[19.888462,49.982013],[19.888438,49.981922]]]}},{"type":"Feature","id":"w337593633","properties":{"type":"yes","address":"Libertowska 5","residential":true,"residents_est":2,"h3_10":"8a1e05a6191ffff","h3_11":"8b1e05a61919fff"},"geometry":{"type":"Polygon","coordinates":[[[19.891802,49.982262],[19.891999,49.982254],[19.892001,49.982292],[19.891988,49.982292],[19.891989,49.982317],[19.89195,49.982319],[19.89195,49.982347],[19.891812,49.982352],[19.891802,49.982262]]]}},{"type":"Feature","id":"w337593635","properties":{"type":"yes","address":"Zgodna 106","residential":true,"residents_est":3,"h3_10":"8a1e05a618c7fff","h3_11":"8b1e05a618c4fff"},"geometry":{"type":"Polygon","coordinates":[[[19.894768,49.978755],[19.894842,49.978746],[19.894833,49.978716],[19.894889,49.97871],[19.894892,49.97872],[19.894976,49.97871],[19.894985,49.978743],[19.895074,49.978733],[19.895092,49.978793],[19.894925,49.978812],[19.894922,49.9788],[19.894785,49.978816],[19.894768,49.978755]]]}},{"type":"Feature","id":"w337593636","properties":{"type":"yes","address":"Leona Petrażyckiego 39d","residential":true,"residents_est":2,"h3_10":"8a1e05a61917fff","h3_11":"8b1e05a61915fff"},"geometry":{"type":"Polygon","coordinates":[[[19.889453,49.982997],[19.889455,49.982905],[19.889562,49.982906],[19.889561,49.982936],[19.889663,49.982937],[19.889662,49.983014],[19.889553,49.983013],[19.889553,49.982998],[19.889453,49.982997]]]}},{"type":"Feature","id":"w337593638","properties":{"type":"yes","address":"Zgodna 90","residential":true,"residents_est":2,"h3_10":"8a1e05a618effff","h3_11":"8b1e05a618e9fff"},"geometry":{"type":"Polygon","coordinates":[[[19.897783,49.979151],[19.897809,49.979047],[19.897888,49.979055],[19.897886,49.979062],[19.897937,49.979068],[19.897939,49.979061],[19.898018,49.979069],[19.897992,49.979173],[19.897783,49.979151]]]}},{"type":"Feature","id":"w337593641","properties":{"type":"yes","address":"Zgodna 100","residential":true,"residents_est":3,"h3_10":"8a1e05a618effff","h3_11":"8b1e05a618eafff"},"geometry":{"type":"Polygon","coordinates":[[[19.896268,49.97899],[19.89631,49.97883],[19.896508,49.978851],[19.896497,49.978892],[19.896473,49.978889],[19.896448,49.978987],[19.896359,49.978977],[19.896353,49.978999],[19.896268,49.97899]]]}},{"type":"Feature","id":"w337593645","properties":{"type":"yes","address":"Libertowska 1b","residential":true,"residents_est":2,"h3_10":"8a1e05a6190ffff","h3_11":"8b1e05a61908fff"},"geometry":{"type":"Polygon","coordinates":[[[19.892523,49.98334],[19.892572,49.983331],[19.892566,49.983318],[19.892597,49.983313],[19.892603,49.983326],[19.892669,49.983314],[19.892716,49.983424],[19.892571,49.98345],[19.892523,49.98334]]]}},{"type":"Feature","id":"w337593656","properties":{"type":"yes","residential":true,"residents_est":15,"h3_10":"8a1e05a61827fff","h3_11":"8b1e05a61824fff"},"geometry":{"type":"Polygon","coordinates":[[[19.892206,49.98225],[19.89284,49.982158],[19.892873,49.982263],[19.892249,49.982355],[19.892206,49.98225]]]}},{"type":"Feature","id":"w337593666","properties":{"type":"yes","address":"Leona Petrażyckiego 44","residential":true,"residents_est":1,"h3_10":"8a1e05a61927fff","h3_11":"8b1e05a61922fff"},"geometry":{"type":"Polygon","coordinates":[[[19.890189,49.98423],[19.890222,49.98413],[19.890305,49.984141],[19.890302,49.98415],[19.890365,49.984159],[19.890336,49.98425],[19.890189,49.98423]]]}},{"type":"Feature","id":"w337603805","properties":{"type":"yes","address":"Leona Petrażyckiego 47a","residential":true,"residents_est":1,"h3_10":"8a1e05a619a7fff","h3_11":"8b1e05a619a4fff"},"geometry":{"type":"Polygon","coordinates":[[[19.887124,49.982421],[19.887171,49.982418],[19.887182,49.982407],[19.887206,49.982405],[19.887221,49.982414],[19.887267,49.98241],[19.887281,49.982487],[19.887138,49.982498],[19.887124,49.982421]]]}},{"type":"Feature","id":"w337603814","properties":{"type":"yes","address":"Leona Petrażyckiego 53f","residential":true,"residents_est":2,"h3_10":"8a1e05a619b7fff","h3_11":"8b1e05a619b6fff"},"geometry":{"type":"Polygon","coordinates":[[[19.885464,49.981212],[19.885522,49.98121],[19.885518,49.981166],[19.885579,49.981163],[19.88559,49.981155],[19.885625,49.981161],[19.885687,49.981159],[19.885696,49.981251],[19.885586,49.981255],[19.885587,49.981267],[19.88547,49.981272],[19.885464,49.981212]]]}},{"type":"Feature","id":"w337603818","properties":{"type":"yes","address":"Leona Petrażyckiego 39g","residential":true,"residents_est":2,"h3_10":"8a1e05a61917fff","h3_11":"8b1e05a61912fff"},"geometry":{"type":"Polygon","coordinates":[[[19.888937,49.982258],[19.888953,49.982252],[19.888951,49.982224],[19.889084,49.98222],[19.889084,49.982228],[19.889135,49.982226],[19.889141,49.982308],[19.88909,49.982309],[19.889091,49.982317],[19.888958,49.982321],[19.888956,49.982293],[19.888939,49.982287],[19.888937,49.982258]]]}},{"type":"Feature","id":"w337603825","properties":{"type":"yes","address":"Leona Petrażyckiego 50c","residential":true,"residents_est":1,"h3_10":"8a1e05a61937fff","h3_11":"8b1e05a61935fff"},"geometry":{"type":"Polygon","coordinates":[[[19.888936,49.984472],[19.888964,49.984378],[19.889002,49.984383],[19.889004,49.984374],[19.889044,49.984379],[19.889041,49.984387],[19.889086,49.984393],[19.889077,49.984423],[19.889063,49.984421],[19.889053,49.984455],[19.889066,49.984456],[19.889056,49.984487],[19.888936,49.984472]]]}},{"type":"Feature","id":"w337603882","properties":{"type":"yes","address":"Leona Petrażyckiego 52","residential":true,"residents_est":2,"h3_10":"8a1e05a61937fff","h3_11":"8b1e05a61933fff"},"geometry":{"type":"Polygon","coordinates":[[[19.888869,49.983688],[19.888887,49.983635],[19.888879,49.983634],[19.888889,49.983603],[19.888897,49.983605],[19.888909,49.983567],[19.888982,49.983577],[19.889,49.983525],[19.889057,49.983533],[19.889003,49.983695],[19.88896,49.983689],[19.888956,49.9837],[19.888869,49.983688]]]}},{"type":"Feature","id":"w337603890","properties":{"type":"yes","address":"Leona Petrażyckiego 53e","residential":true,"residents_est":2,"h3_10":"8a1e05a619b7fff","h3_11":"8b1e05a619b6fff"},"geometry":{"type":"Polygon","coordinates":[[[19.8855,49.981402],[19.885557,49.9814],[19.885553,49.981356],[19.885615,49.981353],[19.885625,49.981346],[19.885649,49.981345],[19.885661,49.981352],[19.885723,49.981349],[19.885731,49.981441],[19.885621,49.981445],[19.885622,49.981457],[19.885505,49.981462],[19.8855,49.981402]]]}},{"type":"Feature","id":"w337603915","properties":{"type":"yes","address":"Leona Petrażyckiego 46","residential":true,"residents_est":2,"h3_10":"8a1e05a61907fff","h3_11":"8b1e05a61904fff"},"geometry":{"type":"Polygon","coordinates":[[[19.889874,49.983932],[19.889899,49.983841],[19.889955,49.983848],[19.889972,49.983841],[19.889997,49.983844],[19.890009,49.983854],[19.890065,49.983861],[19.890055,49.983895],[19.89006,49.983899],[19.890047,49.983897],[19.890042,49.983916],[19.890074,49.98392],[19.890065,49.983953],[19.889874,49.983932]]]}},{"type":"Feature","id":"w337603923","properties":{"type":"yes","address":"Leona Petrażyckiego 53c","residential":true,"residents_est":2,"h3_10":"8a1e05a619b7fff","h3_11":"8b1e05a619b4fff"},"geometry":{"type":"Polygon","coordinates":[[[19.88568,49.981804],[19.885725,49.981803],[19.885725,49.981794],[19.88579,49.981791],[19.88579,49.9818],[19.885829,49.981799],[19.885837,49.981888],[19.885779,49.981891],[19.885782,49.98192],[19.885692,49.981924],[19.88568,49.981804]]]}},{"type":"Feature","id":"w337603945","properties":{"type":"yes","address":"Leona Petrażyckiego 46d","residential":true,"residents_est":2,"h3_10":"8a1e05a61927fff","h3_11":"8b1e05a61924fff"},"geometry":{"type":"Polygon","coordinates":[[[19.889627,49.984919],[19.889648,49.984846],[19.889673,49.984848],[19.889681,49.984817],[19.889779,49.984829],[19.889749,49.984933],[19.88971,49.984929],[19.8897,49.984964],[19.889656,49.984959],[19.889666,49.984924],[19.889627,49.984919]]]}},{"type":"Feature","id":"w337603949","properties":{"type":"yes","address":"Leona Petrażyckiego 46b","residential":true,"residents_est":1,"h3_10":"8a1e05a61927fff","h3_11":"8b1e05a61922fff"},"geometry":{"type":"Polygon","coordinates":[[[19.889841,49.984276],[19.889862,49.984201],[19.889887,49.984204],[19.889896,49.984174],[19.889994,49.984185],[19.889965,49.984291],[19.889911,49.984291],[19.889841,49.984276]]]}},{"type":"Feature","id":"w337603972","properties":{"type":"yes","address":"Leona Petrażyckiego 54","residential":true,"residents_est":1,"h3_10":"8a1e05a61937fff","h3_11":"8b1e05a61932fff"},"geometry":{"type":"Polygon","coordinates":[[[19.888506,49.98344],[19.888521,49.983364],[19.888662,49.983374],[19.888648,49.983452],[19.888506,49.98344]]]}},{"type":"Feature","id":"w337603998","properties":{"type":"yes","residential":true,"residents_est":1,"h3_10":"8a1e05a619a7fff","h3_11":"8b1e05a619a4fff"},"geometry":{"type":"Polygon","coordinates":[[[19.887225,49.982565],[19.887345,49.982557],[19.887356,49.982614],[19.887236,49.982623],[19.887225,49.982565]]]}},{"type":"Feature","id":"w337604189","properties":{"type":"yes","address":"Leona Petrażyckiego 48","residential":true,"residents_est":2,"h3_10":"8a1e05a61937fff","h3_11":"8b1e05a61931fff"},"geometry":{"type":"Polygon","coordinates":[[[19.88954,49.983882],[19.88957,49.983798],[19.889651,49.98381],[19.889655,49.983798],[19.889744,49.983812],[19.889711,49.983907],[19.88954,49.983882]]]}},{"type":"Feature","id":"w337604196","properties":{"type":"yes","residential":false,"residents_est":0,"h3_10":"8a1e05a61917fff","h3_11":"8b1e05a61916fff"},"geometry":{"type":"Polygon","coordinates":[[[19.888706,49.982833],[19.888746,49.982831],[19.888748,49.982848],[19.888779,49.982847],[19.888786,49.982903],[19.888714,49.982906],[19.888706,49.982833]]]}},{"type":"Feature","id":"w337604273","properties":{"type":"yes","residential":true,"residents_est":2,"h3_10":"8a1e05a61937fff","h3_11":"8b1e05a61932fff"},"geometry":{"type":"Polygon","coordinates":[[[19.888085,49.983549],[19.888088,49.983484],[19.888296,49.983481],[19.888296,49.983509],[19.888309,49.983518],[19.888308,49.983531],[19.888294,49.983539],[19.888293,49.983556],[19.888242,49.983555],[19.88824,49.98357],[19.888131,49.983565],[19.88813,49.983549],[19.888085,49.983549]]]}},{"type":"Feature","id":"w337604353","properties":{"type":"yes","residential":false,"residents_est":0,"h3_10":"8a1e05a61937fff","h3_11":"8b1e05a61932fff"},"geometry":{"type":"Polygon","coordinates":[[[19.888456,49.983549],[19.888467,49.983501],[19.888527,49.983507],[19.888517,49.983555],[19.888456,49.983549]]]}},{"type":"Feature","id":"w337604399","properties":{"type":"yes","address":"Leona Petrażyckiego 45b","residential":true,"residents_est":2,"h3_10":"8a1e05a619a7fff","h3_11":"8b1e05a619a4fff"},"geometry":{"type":"Polygon","coordinates":[[[19.887521,49.982457],[19.88768,49.982452],[19.887689,49.982555],[19.887612,49.982557],[19.887611,49.982548],[19.887528,49.98255],[19.887521,49.982457]]]}},{"type":"Feature","id":"w337604412","properties":{"type":"yes","address":"Leona Petrażyckiego 41","residential":true,"residents_est":2,"h3_10":"8a1e05a61917fff","h3_11":"8b1e05a61916fff"},"geometry":{"type":"Polygon","coordinates":[[[19.888466,49.982792],[19.888535,49.982789],[19.888533,49.98276],[19.888611,49.982757],[19.888622,49.982888],[19.888474,49.982893],[19.888466,49.982792]]]}},{"type":"Feature","id":"w337604438","properties":{"type":"yes","address":"Leona Petrażyckiego 45c","residential":true,"residents_est":2,"h3_10":"8a1e05a619a7fff","h3_11":"8b1e05a619a0fff"},"geometry":{"type":"Polygon","coordinates":[[[19.887433,49.982108],[19.88744,49.982061],[19.887533,49.982067],[19.887532,49.982076],[19.887616,49.982081],[19.887602,49.982163],[19.887462,49.982154],[19.887468,49.98211],[19.887433,49.982108]]]}},{"type":"Feature","id":"w337604447","properties":{"type":"yes","address":"Leona Petrażyckiego 54A","residential":true,"residents_est":2,"h3_10":"8a1e05a61937fff","h3_11":"8b1e05a61932fff"},"geometry":{"type":"Polygon","coordinates":[[[19.88859,49.983611],[19.888602,49.983554],[19.888623,49.983555],[19.888631,49.983515],[19.888739,49.983524],[19.888737,49.983535],[19.888775,49.983538],[19.888758,49.983625],[19.88859,49.983611]]]}},{"type":"Feature","id":"w588002579","properties":{"type":"yes","address":"Libertowska 10","residential":true,"residents_est":3,"h3_10":"8a1e05a6198ffff","h3_11":"8b1e05a6198cfff"},"geometry":{"type":"Polygon","coordinates":[[[19.889557,49.981044],[19.88976,49.981035],[19.889769,49.981118],[19.889717,49.98112],[19.88972,49.981155],[19.889622,49.981159],[19.889618,49.981125],[19.889566,49.981127],[19.889557,49.981044]]]}},{"type":"Feature","id":"w588002724","properties":{"type":"yes","address":"Libertowska 10b","residential":true,"residents_est":2,"h3_10":"8a1e05a6198ffff","h3_11":"8b1e05a61988fff"},"geometry":{"type":"Polygon","coordinates":[[[19.889573,49.980688],[19.889774,49.980679],[19.889783,49.980763],[19.88973,49.980765],[19.889734,49.9808],[19.889637,49.980804],[19.889633,49.980769],[19.889582,49.980771],[19.889573,49.980688]]]}},{"type":"Feature","id":"w588003273","properties":{"type":"yes","address":"Libertowska 12","residential":true,"residents_est":2,"h3_10":"8a1e05a6198ffff","h3_11":"8b1e05a6198efff"},"geometry":{"type":"Polygon","coordinates":[[[19.889122,49.98065],[19.889252,49.980647],[19.889254,49.98068],[19.889307,49.980679],[19.889311,49.980742],[19.889257,49.980744],[19.889259,49.980777],[19.88913,49.98078],[19.889122,49.98065]]]}},{"type":"Feature","id":"w588003275","properties":{"type":"yes","address":"Libertowska 14","residential":true,"residents_est":2,"h3_10":"8a1e05a6198ffff","h3_11":"8b1e05a6198cfff"},"geometry":{"type":"Polygon","coordinates":[[[19.889134,49.980852],[19.889263,49.98085],[19.889264,49.980883],[19.889319,49.980882],[19.889322,49.980945],[19.889268,49.980946],[19.889269,49.98098],[19.88914,49.980982],[19.889134,49.980852]]]}},{"type":"Feature","id":"w588003276","properties":{"type":"yes","address":"Libertowska 8b","residential":true,"residents_est":2,"h3_10":"8a1e05a619affff","h3_11":"8b1e05a619aafff"},"geometry":{"type":"Polygon","coordinates":[[[19.889157,49.981096],[19.889287,49.981091],[19.88929,49.981124],[19.889344,49.981122],[19.88935,49.981185],[19.889296,49.981188],[19.8893,49.981221],[19.88917,49.981227],[19.889157,49.981096]]]}},{"type":"Feature","id":"w588003277","properties":{"type":"yes","address":"Libertowska 10a","residential":true,"residents_est":2,"h3_10":"8a1e05a6198ffff","h3_11":"8b1e05a6198dfff"},"geometry":{"type":"Polygon","coordinates":[[[19.889871,49.981031],[19.890074,49.981023],[19.890082,49.981105],[19.89003,49.981108],[19.890033,49.981142],[19.889935,49.981146],[19.889931,49.981112],[19.889879,49.981113],[19.889871,49.981031]]]}},{"type":"Feature","id":"w588003278","properties":{"type":"yes","address":"Libertowska 10c","residential":true,"residents_est":2,"h3_10":"8a1e05a6198ffff","h3_11":"8b1e05a61988fff"},"geometry":{"type":"Polygon","coordinates":[[[19.889886,49.980675],[19.890088,49.980667],[19.890096,49.980749],[19.890044,49.980751],[19.890048,49.980786],[19.889951,49.98079],[19.889947,49.980755],[19.889895,49.980758],[19.889886,49.980675]]]}},{"type":"Feature","id":"w706640349","properties":{"type":"yes","residential":false,"residents_est":0,"h3_10":"8a1e05a61997fff","h3_11":"8b1e05a61993fff"},"geometry":{"type":"Polygon","coordinates":[[[19.88683,49.97997],[19.886909,49.979968],[19.886912,49.980019],[19.886832,49.98002],[19.88683,49.97997]]]}},{"type":"Feature","id":"w706640424","properties":{"type":"yes","residential":false,"residents_est":0,"h3_10":"8a1e05a619b7fff","h3_11":"8b1e05a619b4fff"},"geometry":{"type":"Polygon","coordinates":[[[19.885978,49.981928],[19.886076,49.981924],[19.88608,49.98196],[19.885981,49.981964],[19.885978,49.981928]]]}},{"type":"Feature","id":"w706640428","properties":{"type":"yes","address":"Libertowska 39N","residential":true,"residents_est":2,"h3_10":"8a1e05a61987fff","h3_11":"8b1e05a61985fff"},"geometry":{"type":"Polygon","coordinates":[[[19.88838,49.981175],[19.888629,49.981158],[19.888643,49.981244],[19.888395,49.981261],[19.88838,49.981175]]]}},{"type":"Feature","id":"w706640429","properties":{"type":"yes","address":"Libertowska 39P","residential":true,"residents_est":2,"h3_10":"8a1e05a61987fff","h3_11":"8b1e05a61984fff"},"geometry":{"type":"Polygon","coordinates":[[[19.887944,49.981204],[19.888192,49.981187],[19.888206,49.981274],[19.887958,49.98129],[19.887944,49.981204]]]}},{"type":"Feature","id":"w706640430","properties":{"type":"yes","address":"Libertowska 39J","residential":true,"residents_est":9,"h3_10":"8a1e05a619a7fff","h3_11":"8b1e05a619a3fff"},"geometry":{"type":"Polygon","coordinates":[[[19.887966,49.981512],[19.888054,49.981502],[19.888052,49.981494],[19.888076,49.981491],[19.888095,49.981563],[19.888157,49.981556],[19.88814,49.981492],[19.888262,49.981479],[19.888276,49.981531],[19.88824,49.981534],[19.888244,49.981547],[19.888375,49.981533],[19.88838,49.981553],[19.888366,49.981555],[19.88838,49.98161],[19.888259,49.981623],[19.888257,49.981614],[19.888,49.981641],[19.887966,49.981512]]]}},{"type":"Feature","id":"w706640431","properties":{"type":"yes","address":"Leona Petrażyckiego 45E","residential":true,"residents_est":2,"h3_10":"8a1e05a619a7fff","h3_11":"8b1e05a619a2fff"},"geometry":{"type":"Polygon","coordinates":[[[19.887354,49.981671],[19.887382,49.981668],[19.887367,49.981597],[19.887493,49.981587],[19.887518,49.98171],[19.887456,49.981715],[19.887459,49.981729],[19.887368,49.981737],[19.887354,49.981671]]]}},{"type":"Feature","id":"w706640432","properties":{"type":"yes","address":"Leona Petrażyckiego 45D","residential":true,"residents_est":2,"h3_10":"8a1e05a619a7fff","h3_11":"8b1e05a619a2fff"},"geometry":{"type":"Polygon","coordinates":[[[19.887405,49.981924],[19.887433,49.981921],[19.887418,49.98185],[19.887544,49.981839],[19.887569,49.981963],[19.887507,49.981969],[19.88751,49.981982],[19.887418,49.98199],[19.887405,49.981924]]]}},{"type":"Feature","id":"w706640433","properties":{"type":"yes","address":"Libertowska 39K","residential":true,"residents_est":3,"h3_10":"8a1e05a619a7fff","h3_11":"8b1e05a619a3fff"},"geometry":{"type":"Polygon","coordinates":[[[19.888297,49.981756],[19.888317,49.981754],[19.8883,49.981688],[19.888385,49.981678],[19.888389,49.981692],[19.888467,49.981683],[19.888482,49.98174],[19.888461,49.981743],[19.888468,49.981768],[19.888488,49.981766],[19.888503,49.981823],[19.888425,49.981831],[19.888429,49.981845],[19.888344,49.981854],[19.888334,49.981817],[19.888313,49.981819],[19.888297,49.981756]]]}},{"type":"Feature","id":"w706640434","properties":{"type":"yes","residential":false,"residents_est":0,"h3_10":"8a1e05a619a7fff","h3_11":"8b1e05a619a1fff"},"geometry":{"type":"Polygon","coordinates":[[[19.888415,49.982034],[19.888491,49.982025],[19.888503,49.982069],[19.888427,49.982077],[19.888415,49.982034]]]}},{"type":"Feature","id":"w706640435","properties":{"type":"yes","address":"Libertowska 8A","residential":true,"residents_est":1,"h3_10":"8a1e05a619affff","h3_11":"8b1e05a619aafff"},"geometry":{"type":"Polygon","coordinates":[[[19.889232,49.981482],[19.889284,49.981481],[19.889282,49.981445],[19.88933,49.981444],[19.889337,49.981561],[19.889238,49.981564],[19.889232,49.981482]]]}},{"type":"Feature","id":"w706640436","properties":{"type":"yes","residential":false,"residents_est":0,"h3_10":"8a1e05a619affff","h3_11":"8b1e05a619a8fff"},"geometry":{"type":"Polygon","coordinates":[[[19.889791,49.981666],[19.889895,49.98166],[19.889898,49.981685],[19.889794,49.98169],[19.889791,49.981666]]]}},{"type":"Feature","id":"w706640437","properties":{"type":"yes","address":"Libertowska 6D","residential":true,"residents_est":2,"h3_10":"8a1e05a61837fff","h3_11":"8b1e05a61836fff"},"geometry":{"type":"Polygon","coordinates":[[[19.890664,49.981473],[19.890718,49.98147],[19.890714,49.981437],[19.890842,49.98143],[19.890858,49.98156],[19.89073,49.981566],[19.890726,49.981533],[19.890672,49.981535],[19.890664,49.981473]]]}},{"type":"Feature","id":"w706640438","properties":{"type":"yes","address":"Libertowska 6","residential":true,"residents_est":1,"h3_10":"8a1e05a619affff","h3_11":"8b1e05a619a9fff"},"geometry":{"type":"Polygon","coordinates":[[[19.889981,49.981833],[19.889986,49.981732],[19.890122,49.981731],[19.890117,49.981813],[19.890067,49.981813],[19.890069,49.981833],[19.889981,49.981833]]]}},{"type":"Feature","id":"w706640439","properties":{"type":"yes","address":"Libertowska 6a","residential":true,"residents_est":2,"h3_10":"8a1e05a619affff","h3_11":"8b1e05a619adfff"},"geometry":{"type":"Polygon","coordinates":[[[19.889618,49.981887],[19.889704,49.981883],[19.889702,49.981867],[19.889797,49.981863],[19.889806,49.981907],[19.8898,49.981907],[19.889805,49.981966],[19.889625,49.981968],[19.889618,49.981887]]]}},{"type":"Feature","id":"w706640440","properties":{"type":"yes","address":"Libertowska 4D","residential":true,"residents_est":2,"h3_10":"8a1e05a6191ffff","h3_11":"8b1e05a6191bfff"},"geometry":{"type":"Polygon","coordinates":[[[19.891325,49.981817],[19.891371,49.981815],[19.89137,49.981806],[19.891461,49.981804],[19.891464,49.981846],[19.891441,49.981847],[19.891453,49.981932],[19.891426,49.981933],[19.891426,49.981941],[19.891412,49.981951],[19.891375,49.981953],[19.891361,49.981943],[19.89136,49.981935],[19.891333,49.981935],[19.891325,49.981817]]]}},{"type":"Feature","id":"w706640441","properties":{"type":"yes","address":"Libertowska 4H","residential":true,"residents_est":2,"h3_10":"8a1e05a6191ffff","h3_11":"8b1e05a61918fff"},"geometry":{"type":"Polygon","coordinates":[[[19.891148,49.98244],[19.891162,49.982439],[19.891154,49.982359],[19.891259,49.982355],[19.891267,49.982435],[19.891281,49.982434],[19.891285,49.982479],[19.891271,49.98248],[19.891276,49.982529],[19.891171,49.982534],[19.891166,49.982484],[19.891152,49.982484],[19.891148,49.98244]]]}},{"type":"Feature","id":"w706640442","properties":{"type":"yes","address":"Libertowska 4F","residential":true,"residents_est":3,"h3_10":"8a1e05a6191ffff","h3_11":"8b1e05a61918fff"},"geometry":{"type":"Polygon","coordinates":[[[19.890687,49.982411],[19.890794,49.982407],[19.890796,49.982431],[19.890841,49.982429],[19.890838,49.982389],[19.890937,49.982385],[19.890941,49.982425],[19.890961,49.982425],[19.890967,49.982504],[19.89099,49.982504],[19.890991,49.98251],[19.890878,49.982514],[19.890876,49.982502],[19.890707,49.982509],[19.890701,49.982417],[19.890688,49.982418],[19.890687,49.982411]]]}},{"type":"Feature","id":"w706640443","properties":{"type":"yes","address":"Libertowska 4G","residential":true,"residents_est":3,"h3_10":"8a1e05a6191ffff","h3_11":"8b1e05a6191efff"},"geometry":{"type":"Polygon","coordinates":[[[19.89036,49.982423],[19.890425,49.982421],[19.890422,49.982382],[19.890509,49.982379],[19.89051,49.982388],[19.890597,49.982385],[19.890607,49.982495],[19.89052,49.982499],[19.890519,49.982508],[19.89048,49.982509],[19.890478,49.9825],[19.890381,49.982503],[19.890377,49.982467],[19.890364,49.982467],[19.89036,49.982423]]]}},{"type":"Feature","id":"w706663426","properties":{"type":"yes","address":"Leona Petrażyckiego 10","residential":true,"residents_est":3,"h3_10":"8a1e05a6196ffff","h3_11":"8b1e05a6196cfff"},"geometry":{"type":"Polygon","coordinates":[[[19.896835,49.984683],[19.896863,49.984469],[19.896967,49.984481],[19.896954,49.984574],[19.896962,49.984574],[19.896958,49.984605],[19.89695,49.984604],[19.896939,49.984689],[19.896835,49.984683]]]}},{"type":"Feature","id":"w706663430","properties":{"type":"yes","address":"Leona Petrażyckiego 20","residential":true,"residents_est":1,"h3_10":"8a1e05a61967fff","h3_11":"8b1e05a61963fff"},"geometry":{"type":"Polygon","coordinates":[[[19.895815,49.984482],[19.895823,49.984424],[19.895969,49.984432],[19.895962,49.98449],[19.895815,49.984482]]]}},{"type":"Feature","id":"w706663431","properties":{"type":"yes","address":"Leona Petrażyckiego 20a","residential":true,"residents_est":1,"h3_10":"8a1e05a61967fff","h3_11":"8b1e05a61961fff"},"geometry":{"type":"Polygon","coordinates":[[[19.895809,49.98454],[19.895815,49.984482],[19.895962,49.98449],[19.895954,49.984548],[19.895809,49.98454]]]}},{"type":"Feature","id":"w706663432","properties":{"type":"yes","address":"Leona Petrażyckiego 20b","residential":true,"residents_est":1,"h3_10":"8a1e05a61967fff","h3_11":"8b1e05a61961fff"},"geometry":{"type":"Polygon","coordinates":[[[19.895802,49.984598],[19.895809,49.98454],[19.895954,49.984548],[19.895948,49.984605],[19.895802,49.984598]]]}},{"type":"Feature","id":"w706663433","properties":{"type":"yes","address":"Leona Petrażyckiego 20c","residential":true,"residents_est":1,"h3_10":"8a1e05a61967fff","h3_11":"8b1e05a61961fff"},"geometry":{"type":"Polygon","coordinates":[[[19.895795,49.984656],[19.895802,49.984598],[19.895948,49.984605],[19.89594,49.984663],[19.895795,49.984656]]]}},{"type":"Feature","id":"w706663434","properties":{"type":"yes","address":"Leona Petrażyckiego 20d","residential":true,"residents_est":1,"h3_10":"8a1e05a61967fff","h3_11":"8b1e05a61961fff"},"geometry":{"type":"Polygon","coordinates":[[[19.895802,49.984714],[19.895808,49.984656],[19.895954,49.984663],[19.895947,49.984721],[19.895802,49.984714]]]}},{"type":"Feature","id":"w706663435","properties":{"type":"yes","address":"Leona Petrażyckiego 20e","residential":true,"residents_est":1,"h3_10":"8a1e05a61967fff","h3_11":"8b1e05a61961fff"},"geometry":{"type":"Polygon","coordinates":[[[19.895795,49.984772],[19.895802,49.984714],[19.895947,49.984721],[19.89594,49.98478],[19.895795,49.984772]]]}},{"type":"Feature","id":"w706663436","properties":{"type":"yes","address":"Leona Petrażyckiego 22","residential":true,"residents_est":1,"h3_10":"8a1e05a61967fff","h3_11":"8b1e05a61963fff"},"geometry":{"type":"Polygon","coordinates":[[[19.895322,49.984457],[19.895329,49.984399],[19.895475,49.984406],[19.895468,49.984465],[19.895322,49.984457]]]}},{"type":"Feature","id":"w706663437","properties":{"type":"yes","address":"Leona Petrażyckiego 22a","residential":true,"residents_est":1,"h3_10":"8a1e05a61967fff","h3_11":"8b1e05a61960fff"},"geometry":{"type":"Polygon","coordinates":[[[19.895315,49.984515],[19.895322,49.984457],[19.895468,49.984465],[19.895461,49.984522],[19.895315,49.984515]]]}},{"type":"Feature","id":"w706663438","properties":{"type":"yes","address":"Leona Petrażyckiego 22b","residential":true,"residents_est":1,"h3_10":"8a1e05a61967fff","h3_11":"8b1e05a61960fff"},"geometry":{"type":"Polygon","coordinates":[[[19.895308,49.984572],[19.895315,49.984515],[19.895461,49.984522],[19.895454,49.98458],[19.895308,49.984572]]]}},{"type":"Feature","id":"w706663439","properties":{"type":"yes","address":"Leona Petrażyckiego 22c","residential":true,"residents_est":1,"h3_10":"8a1e05a61967fff","h3_11":"8b1e05a61960fff"},"geometry":{"type":"Polygon","coordinates":[[[19.895301,49.98463],[19.895308,49.984572],[19.895454,49.98458],[19.895447,49.984637],[19.895301,49.98463]]]}},{"type":"Feature","id":"w706663440","properties":{"type":"yes","address":"Leona Petrażyckiego 22d","residential":true,"residents_est":1,"h3_10":"8a1e05a61967fff","h3_11":"8b1e05a61960fff"},"geometry":{"type":"Polygon","coordinates":[[[19.895293,49.984687],[19.895301,49.98463],[19.895447,49.984637],[19.895439,49.984696],[19.895293,49.984687]]]}},{"type":"Feature","id":"w706663441","properties":{"type":"yes","address":"Leona Petrażyckiego 22e","residential":true,"residents_est":1,"h3_10":"8a1e05a61967fff","h3_11":"8b1e05a61960fff"},"geometry":{"type":"Polygon","coordinates":[[[19.895273,49.984745],[19.89528,49.984686],[19.895427,49.984695],[19.895418,49.984753],[19.895273,49.984745]]]}},{"type":"Feature","id":"w706663442","properties":{"type":"yes","address":"Leona Petrażyckiego 20f","residential":true,"residents_est":1,"h3_10":"8a1e05a61967fff","h3_11":"8b1e05a61961fff"},"geometry":{"type":"Polygon","coordinates":[[[19.89578,49.984872],[19.895789,49.984813],[19.895935,49.984821],[19.895928,49.984879],[19.89578,49.984872]]]}},{"type":"Feature","id":"w706663443","properties":{"type":"yes","address":"Leona Petrażyckiego 20g","residential":true,"residents_est":1,"h3_10":"8a1e05a61967fff","h3_11":"8b1e05a61965fff"},"geometry":{"type":"Polygon","coordinates":[[[19.895761,49.984928],[19.895769,49.984871],[19.895914,49.984879],[19.895907,49.984935],[19.895761,49.984928]]]}},{"type":"Feature","id":"w706663444","properties":{"type":"yes","address":"Leona Petrażyckiego 20h","residential":true,"residents_est":1,"h3_10":"8a1e05a61967fff","h3_11":"8b1e05a61965fff"},"geometry":{"type":"Polygon","coordinates":[[[19.895754,49.984986],[19.895761,49.984928],[19.895907,49.984935],[19.8959,49.984993],[19.895754,49.984986]]]}},{"type":"Feature","id":"w706663445","properties":{"type":"yes","address":"Leona Petrażyckiego 20i","residential":true,"residents_est":1,"h3_10":"8a1e05a61967fff","h3_11":"8b1e05a61965fff"},"geometry":{"type":"Polygon","coordinates":[[[19.895748,49.985046],[19.895754,49.984986],[19.8959,49.984993],[19.895893,49.985051],[19.895748,49.985046]]]}},{"type":"Feature","id":"w706663446","properties":{"type":"yes","address":"Leona Petrażyckiego 20k","residential":true,"residents_est":1,"h3_10":"8a1e05a61967fff","h3_11":"8b1e05a61965fff"},"geometry":{"type":"Polygon","coordinates":[[[19.895754,49.985103],[19.895762,49.985045],[19.895907,49.985051],[19.8959,49.98511],[19.895754,49.985103]]]}},{"type":"Feature","id":"w706663447","properties":{"type":"yes","address":"Leona Petrażyckiego 22f","residential":true,"residents_est":1,"h3_10":"8a1e05a61967fff","h3_11":"8b1e05a61960fff"},"geometry":{"type":"Polygon","coordinates":[[[19.895274,49.984846],[19.895282,49.984787],[19.895427,49.984795],[19.89542,49.984853],[19.895274,49.984846]]]}},{"type":"Feature","id":"w706663448","properties":{"type":"yes","address":"Leona Petrażyckiego 22g","residential":true,"residents_est":1,"h3_10":"8a1e05a61967fff","h3_11":"8b1e05a61960fff"},"geometry":{"type":"Polygon","coordinates":[[[19.895267,49.984904],[19.895274,49.984846],[19.89542,49.984853],[19.895413,49.984911],[19.895267,49.984904]]]}},{"type":"Feature","id":"w706663449","properties":{"type":"yes","address":"Leona Petrażyckiego 22h","residential":true,"residents_est":1,"h3_10":"8a1e05a61967fff","h3_11":"8b1e05a61965fff"},"geometry":{"type":"Polygon","coordinates":[[[19.89526,49.984961],[19.895267,49.984904],[19.895413,49.984911],[19.895407,49.984968],[19.89526,49.984961]]]}},{"type":"Feature","id":"w706663450","properties":{"type":"yes","address":"Leona Petrażyckiego 22i","residential":true,"residents_est":1,"h3_10":"8a1e05a61967fff","h3_11":"8b1e05a61965fff"},"geometry":{"type":"Polygon","coordinates":[[[19.895266,49.985019],[19.895274,49.984962],[19.89542,49.984968],[19.895413,49.985027],[19.895266,49.985019]]]}},{"type":"Feature","id":"w706663451","properties":{"type":"yes","address":"Leona Petrażyckiego 22k","residential":true,"residents_est":1,"h3_10":"8a1e05a61967fff","h3_11":"8b1e05a61965fff"},"geometry":{"type":"Polygon","coordinates":[[[19.895246,49.985077],[19.895254,49.985018],[19.8954,49.985027],[19.895392,49.985084],[19.895246,49.985077]]]}},{"type":"Feature","id":"w706663452","properties":{"type":"yes","address":"Leona Petrażyckiego 20l","residential":true,"residents_est":1,"h3_10":"8a1e05a61967fff","h3_11":"8b1e05a61965fff"},"geometry":{"type":"Polygon","coordinates":[[[19.895729,49.985188],[19.895736,49.98513],[19.895882,49.985136],[19.895875,49.985195],[19.895729,49.985188]]]}},{"type":"Feature","id":"w706663453","properties":{"type":"yes","address":"Leona Petrażyckiego 20m","residential":true,"residents_est":1,"h3_10":"8a1e05a61967fff","h3_11":"8b1e05a61965fff"},"geometry":{"type":"Polygon","coordinates":[[[19.895722,49.985245],[19.895729,49.985188],[19.895875,49.985195],[19.895868,49.985252],[19.895722,49.985245]]]}},{"type":"Feature","id":"w706663456","properties":{"type":"yes","address":"Leona Petrażyckiego 22l","residential":true,"residents_est":1,"h3_10":"8a1e05a61967fff","h3_11":"8b1e05a61964fff"},"geometry":{"type":"Polygon","coordinates":[[[19.895236,49.985162],[19.895243,49.985104],[19.895388,49.985112],[19.895381,49.98517],[19.895236,49.985162]]]}},{"type":"Feature","id":"w706663472","properties":{"type":"yes","residential":false,"residents_est":0,"h3_10":"8a1e05a61967fff","h3_11":"8b1e05a61964fff"},"geometry":{"type":"Polygon","coordinates":[[[19.895139,49.984971],[19.895143,49.98492],[19.895185,49.984922],[19.89518,49.984972],[19.895139,49.984971]]]}},{"type":"Feature","id":"w706663517","properties":{"type":"yes","residential":true,"residents_est":18,"h3_10":"8a1e05a61947fff","h3_11":"8b1e05a61940fff"},"geometry":{"type":"Polygon","coordinates":[[[19.895511,49.983598],[19.895682,49.98359],[19.895739,49.984046],[19.895567,49.984055],[19.895511,49.983598]]]}},{"type":"Feature","id":"w706663520","properties":{"type":"yes","residential":true,"residents_est":1,"h3_10":"8a1e05a61947fff","h3_11":"8b1e05a61945fff"},"geometry":{"type":"Polygon","coordinates":[[[19.896161,49.983944],[19.896229,49.983941],[19.896238,49.984047],[19.896175,49.98405],[19.896161,49.983944]]]}},{"type":"Feature","id":"w706663521","properties":{"type":"yes","address":"Leona Petrażyckiego 11","residential":true,"residents_est":1,"h3_10":"8a1e05a61947fff","h3_11":"8b1e05a61945fff"},"geometry":{"type":"Polygon","coordinates":[[[19.895997,49.98406],[19.896175,49.98405],[19.896182,49.984112],[19.896006,49.984121],[19.895997,49.98406]]]}},{"type":"Feature","id":"w706663522","properties":{"type":"yes","residential":true,"residents_est":3,"h3_10":"8a1e05a61947fff","h3_11":"8b1e05a61940fff"},"geometry":{"type":"Polygon","coordinates":[[[19.895691,49.983648],[19.895941,49.983637],[19.895956,49.983753],[19.895706,49.983763],[19.895691,49.983648]]]}},{"type":"Feature","id":"w706663523","properties":{"type":"yes","residential":true,"residents_est":2,"h3_10":"8a1e05a61947fff","h3_11":"8b1e05a61945fff"},"geometry":{"type":"Polygon","coordinates":[[[19.895554,49.984056],[19.895792,49.984043],[19.895802,49.984119],[19.895564,49.984133],[19.895554,49.984056]]]}},{"type":"Feature","id":"w706663525","properties":{"type":"yes","address":"Leona Petrażyckiego 9","residential":true,"residents_est":8,"h3_10":"8a1e05a6196ffff","h3_11":"8b1e05a61968fff"},"geometry":{"type":"Polygon","coordinates":[[[19.896671,49.984065],[19.896873,49.984052],[19.896885,49.984134],[19.896875,49.984135],[19.896897,49.984211],[19.896865,49.984214],[19.896868,49.984234],[19.896741,49.984228],[19.89674,49.984222],[19.896696,49.984225],[19.896671,49.984065]]]}},{"type":"Feature","id":"w706663526","properties":{"type":"yes","address":"Tadeusza Ważewskiego 57b","residential":true,"residents_est":1,"h3_10":"8a1e05a6194ffff","h3_11":"8b1e05a61949fff"},"geometry":{"type":"Polygon","coordinates":[[[19.898201,49.983139],[19.898204,49.983061],[19.898328,49.983062],[19.898326,49.983141],[19.898201,49.983139]]]}},{"type":"Feature","id":"w706663527","properties":{"type":"yes","address":"Tadeusza Ważewskiego 57c","residential":true,"residents_est":1,"h3_10":"8a1e05a6194ffff","h3_11":"8b1e05a61949fff"},"geometry":{"type":"Polygon","coordinates":[[[19.898143,49.983302],[19.898194,49.983298],[19.898193,49.98329],[19.898227,49.983287],[19.898229,49.983295],[19.898281,49.983291],[19.898288,49.983328],[19.898308,49.983326],[19.898315,49.983355],[19.898156,49.983369],[19.898143,49.983302]]]}},{"type":"Feature","id":"w706663528","properties":{"type":"yes","address":"Tadeusza Ważewskiego 57d","residential":true,"residents_est":1,"h3_10":"8a1e05a6194ffff","h3_11":"8b1e05a61949fff"},"geometry":{"type":"Polygon","coordinates":[[[19.898156,49.983369],[19.898315,49.983355],[19.898321,49.983384],[19.8983,49.983386],[19.898308,49.983424],[19.898256,49.983428],[19.898258,49.983436],[19.898224,49.983439],[19.898222,49.983431],[19.89817,49.983435],[19.898156,49.983369]]]}},{"type":"Feature","id":"w706663530","properties":{"type":"yes","residential":false,"residents_est":0,"h3_10":"8a1e05a6194ffff","h3_11":"8b1e05a6194dfff"},"geometry":{"type":"Polygon","coordinates":[[[19.897713,49.983557],[19.897798,49.983551],[19.897804,49.983586],[19.897718,49.983592],[19.897713,49.983557]]]}},{"type":"Feature","id":"w706663532","properties":{"type":"yes","residential":true,"residents_est":0,"h3_10":"8a1e05a6194ffff","h3_11":"8b1e05a6194dfff"},"geometry":{"type":"Polygon","coordinates":[[[19.897647,49.983597],[19.897718,49.983592],[19.89773,49.983665],[19.897658,49.98367],[19.897647,49.983597]]]}},{"type":"Feature","id":"w706663533","properties":{"type":"yes","residential":false,"residents_est":0,"h3_10":"8a1e05a6194ffff","h3_11":"8b1e05a6194bfff"},"geometry":{"type":"Polygon","coordinates":[[[19.897536,49.982948],[19.897637,49.982943],[19.897641,49.982973],[19.897539,49.982978],[19.897536,49.982948]]]}},{"type":"Feature","id":"w706663534","properties":{"type":"yes","residential":true,"residents_est":1,"h3_10":"8a1e05a6194ffff","h3_11":"8b1e05a61948fff"},"geometry":{"type":"Polygon","coordinates":[[[19.897377,49.983193],[19.897446,49.983189],[19.897461,49.98326],[19.89739,49.983266],[19.897377,49.983193]]]}},{"type":"Feature","id":"w706663535","properties":{"type":"yes","address":"Leona Petrażyckiego 5","residential":false,"residents_est":0,"h3_10":"8a1e05a6194ffff","h3_11":"8b1e05a61948fff"},"geometry":{"type":"Polygon","coordinates":[[[19.897446,49.983189],[19.897514,49.983184],[19.897528,49.983255],[19.897461,49.98326],[19.897446,49.983189]]]}},{"type":"Feature","id":"w706663536","properties":{"type":"yes","residential":false,"residents_est":0,"h3_10":"8a1e05a6194ffff","h3_11":"8b1e05a61948fff"},"geometry":{"type":"Polygon","coordinates":[[[19.8974,49.98303],[19.897442,49.983027],[19.897454,49.983081],[19.897411,49.983084],[19.8974,49.98303]]]}},{"type":"Feature","id":"w706663537","properties":{"type":"yes","residential":true,"residents_est":0,"h3_10":"8a1e05a6194ffff","h3_11":"8b1e05a6194afff"},"geometry":{"type":"Polygon","coordinates":[[[19.897038,49.98294],[19.897172,49.982928],[19.89718,49.982971],[19.897046,49.982983],[19.897038,49.98294]]]}},{"type":"Feature","id":"w706663538","properties":{"type":"yes","address":"Leona Petrażyckiego 7C","residential":true,"residents_est":2,"h3_10":"8a1e05a6195ffff","h3_11":"8b1e05a6195dfff"},"geometry":{"type":"Polygon","coordinates":[[[19.89651,49.982958],[19.896566,49.982955],[19.896558,49.982899],[19.896653,49.982894],[19.896662,49.982955],[19.896652,49.982956],[19.896665,49.983052],[19.896611,49.983055],[19.896609,49.983046],[19.896522,49.98305],[19.89651,49.982958]]]}},{"type":"Feature","id":"w706663539","properties":{"type":"yes","address":"Leona Petrażyckiego 9d","residential":true,"residents_est":2,"h3_10":"8a1e05a6195ffff","h3_11":"8b1e05a6195dfff"},"geometry":{"type":"Polygon","coordinates":[[[19.896059,49.982899],[19.896139,49.982892],[19.896135,49.982876],[19.896191,49.982871],[19.896204,49.982903],[19.896264,49.982897],[19.896266,49.982905],[19.896282,49.982912],[19.896285,49.982925],[19.896273,49.982934],[19.896278,49.982957],[19.896212,49.982963],[19.896215,49.982979],[19.896159,49.982984],[19.896155,49.982968],[19.896076,49.982976],[19.896059,49.982899]]]}},{"type":"Feature","id":"w706663540","properties":{"type":"yes","address":"Leona Petrażyckiego 9e","residential":true,"residents_est":2,"h3_10":"8a1e05a6195ffff","h3_11":"8b1e05a6195cfff"},"geometry":{"type":"Polygon","coordinates":[[[19.895824,49.982954],[19.895836,49.982945],[19.895827,49.98292],[19.895897,49.982914],[19.895893,49.982898],[19.895979,49.982889],[19.895983,49.982905],[19.896032,49.982902],[19.89605,49.982979],[19.896002,49.982984],[19.896002,49.982999],[19.895917,49.983007],[19.895913,49.982991],[19.895847,49.982997],[19.895842,49.982974],[19.895827,49.982967],[19.895824,49.982954]]]}},{"type":"Feature","id":"w706663541","properties":{"type":"yes","address":"Leona Petrażyckiego 9h","residential":true,"residents_est":2,"h3_10":"8a1e05a6195ffff","h3_11":"8b1e05a6195cfff"},"geometry":{"type":"Polygon","coordinates":[[[19.895669,49.982664],[19.895714,49.98266],[19.89571,49.982641],[19.895822,49.982631],[19.89583,49.982666],[19.895863,49.982664],[19.89588,49.982737],[19.895687,49.982747],[19.895669,49.982664]]]}},{"type":"Feature","id":"w706663542","properties":{"type":"yes","address":"Leona Petrażyckiego 9g","residential":true,"residents_est":2,"h3_10":"8a1e05a6195ffff","h3_11":"8b1e05a6195cfff"},"geometry":{"type":"Polygon","coordinates":[[[19.895397,49.98268],[19.895443,49.982676],[19.895438,49.982657],[19.89555,49.982647],[19.895575,49.982756],[19.895518,49.982761],[19.895516,49.982754],[19.895416,49.982763],[19.895397,49.98268]]]}},{"type":"Feature","id":"w706663543","properties":{"type":"yes","residential":false,"residents_est":0,"h3_10":"8a1e05a6192ffff","h3_11":"8b1e05a6192bfff"},"geometry":{"type":"Polygon","coordinates":[[[19.892431,49.984044],[19.892438,49.983994],[19.892482,49.983997],[19.892476,49.984046],[19.892431,49.984044]]]}},{"type":"Feature","id":"w706663544","properties":{"type":"yes","residential":false,"residents_est":0,"h3_10":"8a1e05a6192ffff","h3_11":"8b1e05a6192bfff"},"geometry":{"type":"Polygon","coordinates":[[[19.892078,49.983812],[19.89216,49.983807],[19.892166,49.983852],[19.892084,49.983858],[19.892078,49.983812]]]}},{"type":"Feature","id":"w706663545","properties":{"type":"yes","residential":false,"residents_est":0,"h3_10":"8a1e05a61977fff","h3_11":"8b1e05a61976fff"},"geometry":{"type":"Polygon","coordinates":[[[19.893205,49.983839],[19.893247,49.983837],[19.893254,49.983893],[19.893212,49.983895],[19.893205,49.983839]]]}},{"type":"Feature","id":"w706663546","properties":{"type":"yes","residential":false,"residents_est":0,"h3_10":"8a1e05a61977fff","h3_11":"8b1e05a61976fff"},"geometry":{"type":"Polygon","coordinates":[[[19.893279,49.983817],[19.89333,49.983814],[19.89334,49.983889],[19.89329,49.983891],[19.893279,49.983817]]]}},{"type":"Feature","id":"w706663561","properties":{"type":"yes","address":"Leona Petrażyckiego 48b","residential":true,"residents_est":3,"h3_10":"8a1e05a61927fff","h3_11":"8b1e05a61926fff"},"geometry":{"type":"Polygon","coordinates":[[[19.889298,49.984568],[19.889313,49.984492],[19.889509,49.984508],[19.889496,49.984574],[19.889527,49.984576],[19.889514,49.984638],[19.889482,49.98464],[19.889369,49.984631],[19.88937,49.984625],[19.889396,49.984628],[19.889406,49.984577],[19.889298,49.984568]]]}},{"type":"Feature","id":"w706663563","properties":{"type":"yes","address":"Leona Petrażyckiego 37","residential":true,"residents_est":2,"h3_10":"8a1e05a61907fff","h3_11":"8b1e05a61906fff"},"geometry":{"type":"Polygon","coordinates":[[[19.890158,49.983466],[19.890163,49.983313],[19.890309,49.983315],[19.890303,49.983468],[19.890158,49.983466]]]}},{"type":"Feature","id":"w706663564","properties":{"type":"yes","residential":false,"residents_est":0,"h3_10":"8a1e05a61907fff","h3_11":"8b1e05a61900fff"},"geometry":{"type":"Polygon","coordinates":[[[19.890549,49.98364],[19.890551,49.983556],[19.890579,49.983556],[19.890577,49.98364],[19.890549,49.98364]]]}},{"type":"Feature","id":"w706663565","properties":{"type":"yes","residential":false,"residents_est":0,"h3_10":"8a1e05a61907fff","h3_11":"8b1e05a61900fff"},"geometry":{"type":"Polygon","coordinates":[[[19.89079,49.983558],[19.890791,49.983531],[19.890845,49.983532],[19.890844,49.983579],[19.890823,49.983579],[19.890824,49.983559],[19.89079,49.983558]]]}},{"type":"Feature","id":"w706663566","properties":{"type":"yes","residential":true,"residents_est":1,"h3_10":"8a1e05a61907fff","h3_11":"8b1e05a61900fff"},"geometry":{"type":"Polygon","coordinates":[[[19.89075,49.983558],[19.890823,49.98356],[19.89082,49.98364],[19.89075,49.983641],[19.89075,49.983558]]]}},{"type":"Feature","id":"w706663567","properties":{"type":"yes","address":"Leona Petrażyckiego 31a","residential":true,"residents_est":1,"h3_10":"8a1e05a61907fff","h3_11":"8b1e05a61905fff"},"geometry":{"type":"Polygon","coordinates":[[[19.891186,49.983825],[19.891189,49.983812],[19.891203,49.983804],[19.89121,49.983775],[19.891334,49.983787],[19.891313,49.983876],[19.89119,49.983864],[19.891197,49.983834],[19.891186,49.983825]]]}},{"type":"Feature","id":"w706663568","properties":{"type":"yes","residential":false,"residents_est":0,"h3_10":"8a1e05a61907fff","h3_11":"8b1e05a61901fff"},"geometry":{"type":"Polygon","coordinates":[[[19.89164,49.983413],[19.891703,49.983401],[19.891734,49.983457],[19.89167,49.983471],[19.89164,49.983413]]]}},{"type":"Feature","id":"w706663569","properties":{"type":"yes","residential":true,"residents_est":10,"h3_10":"8a1e05a6191ffff","h3_11":"8b1e05a6191dfff"},"geometry":{"type":"Polygon","coordinates":[[[19.891082,49.98291],[19.891101,49.982908],[19.891099,49.982898],[19.891214,49.982889],[19.891219,49.982918],[19.891373,49.982906],[19.891378,49.982933],[19.891468,49.982926],[19.89148,49.982989],[19.891389,49.982996],[19.891392,49.983014],[19.891255,49.983025],[19.891258,49.983041],[19.891133,49.983051],[19.89113,49.983037],[19.891107,49.983039],[19.891082,49.98291]]]}},{"type":"Feature","id":"w706663570","properties":{"type":"yes","address":"Leona Petrażyckiego 33a","residential":true,"residents_est":3,"h3_10":"8a1e05a61907fff","h3_11":"8b1e05a61903fff"},"geometry":{"type":"Polygon","coordinates":[[[19.890765,49.983152],[19.890911,49.983142],[19.890907,49.983124],[19.891003,49.983117],[19.891024,49.983236],[19.890783,49.983253],[19.890765,49.983152]]]}},{"type":"Feature","id":"w706663571","properties":{"type":"yes","residential":true,"residents_est":1,"h3_10":"8a1e05a61987fff","h3_11":"8b1e05a61981fff"},"geometry":{"type":"Polygon","coordinates":[[[19.888766,49.981002],[19.888859,49.981001],[19.888861,49.981075],[19.888769,49.981076],[19.888766,49.981002]]]}},{"type":"Feature","id":"w706663572","properties":{"type":"yes","address":"Libertowska 18","residential":true,"residents_est":2,"h3_10":"8a1e05a61987fff","h3_11":"8b1e05a61981fff"},"geometry":{"type":"Polygon","coordinates":[[[19.888455,49.981019],[19.888731,49.981015],[19.888733,49.981077],[19.888458,49.981081],[19.888455,49.981019]]]}},{"type":"Feature","id":"w706663573","properties":{"type":"yes","residential":false,"residents_est":0,"h3_10":"8a1e05a61987fff","h3_11":"8b1e05a61983fff"},"geometry":{"type":"Polygon","coordinates":[[[19.888341,49.98068],[19.888348,49.980648],[19.888421,49.980655],[19.888412,49.980695],[19.888362,49.98069],[19.888341,49.98068]]]}},{"type":"Feature","id":"w706663574","properties":{"type":"yes","address":"Libertowska 10d","residential":true,"residents_est":2,"h3_10":"8a1e05a6198ffff","h3_11":"8b1e05a61989fff"},"geometry":{"type":"Polygon","coordinates":[[[19.890219,49.980666],[19.890421,49.980658],[19.89043,49.980741],[19.890377,49.980743],[19.890381,49.980778],[19.890283,49.980782],[19.89028,49.980747],[19.890227,49.980749],[19.890219,49.980666]]]}},{"type":"Feature","id":"w706663575","properties":{"type":"yes","address":"Libertowska 10e","residential":true,"residents_est":3,"h3_10":"8a1e05a6198ffff","h3_11":"8b1e05a61989fff"},"geometry":{"type":"Polygon","coordinates":[[[19.890557,49.980652],[19.89076,49.980644],[19.890769,49.980727],[19.890717,49.980729],[19.89072,49.980764],[19.890622,49.980768],[19.890618,49.980733],[19.890565,49.980735],[19.890557,49.980652]]]}},{"type":"Feature","id":"w706663576","properties":{"type":"yes","address":"Libertowska 10f","residential":true,"residents_est":2,"h3_10":"8a1e05a61817fff","h3_11":"8b1e05a61814fff"},"geometry":{"type":"Polygon","coordinates":[[[19.890895,49.980638],[19.891098,49.98063],[19.891106,49.980713],[19.891054,49.980715],[19.891058,49.98075],[19.89096,49.980754],[19.890956,49.980719],[19.890904,49.980721],[19.890895,49.980638]]]}},{"type":"Feature","id":"w710907514","properties":{"type":"yes","address":"Leona Petrażyckiego 24bb","residential":true,"residents_est":1,"h3_10":"8a1e05a61967fff","h3_11":"8b1e05a61966fff"},"geometry":{"type":"Polygon","coordinates":[[[19.894407,49.984512],[19.894533,49.984508],[19.894539,49.984581],[19.894413,49.984585],[19.894407,49.984512]]]}},{"type":"Feature","id":"w710907515","properties":{"type":"yes","address":"Leona Petrażyckiego 24ba","residential":true,"residents_est":1,"h3_10":"8a1e05a61977fff","h3_11":"8b1e05a61975fff"},"geometry":{"type":"Polygon","coordinates":[[[19.894402,49.984439],[19.894528,49.984435],[19.894533,49.984508],[19.894407,49.984512],[19.894402,49.984439]]]}},{"type":"Feature","id":"w710907516","properties":{"type":"yes","address":"Leona Petrażyckiego 24b","residential":true,"residents_est":1,"h3_10":"8a1e05a61977fff","h3_11":"8b1e05a61975fff"},"geometry":{"type":"Polygon","coordinates":[[[19.894396,49.984366],[19.894522,49.984362],[19.894528,49.984435],[19.894402,49.984439],[19.894396,49.984366]]]}},{"type":"Feature","id":"w710907517","properties":{"type":"yes","address":"Leona Petrażyckiego 26a","residential":true,"residents_est":2,"h3_10":"8a1e05a61967fff","h3_11":"8b1e05a61966fff"},"geometry":{"type":"Polygon","coordinates":[[[19.894414,49.984851],[19.894425,49.984771],[19.894589,49.98478],[19.894568,49.984901],[19.894484,49.984897],[19.89449,49.984855],[19.894414,49.984851]]]}},{"type":"Feature","id":"w710907518","properties":{"type":"yes","residential":false,"residents_est":0,"h3_10":"8a1e05a61837fff","h3_11":"8b1e05a61835fff"},"geometry":{"type":"Polygon","coordinates":[[[19.891357,49.981715],[19.891362,49.981687],[19.891468,49.981696],[19.891462,49.981723],[19.891357,49.981715]]]}},{"type":"Feature","id":"w710907519","properties":{"type":"yes","residential":true,"residents_est":1,"h3_10":"8a1e05a61827fff","h3_11":"8b1e05a61824fff"},"geometry":{"type":"Polygon","coordinates":[[[19.892249,49.982355],[19.89237,49.982338],[19.892385,49.982377],[19.892266,49.982396],[19.892249,49.982355]]]}},{"type":"Feature","id":"w710907520","properties":{"type":"yes","address":"Libertowska 4J","residential":true,"residents_est":2,"h3_10":"8a1e05a6191ffff","h3_11":"8b1e05a6191afff"},"geometry":{"type":"Polygon","coordinates":[[[19.890797,49.982034],[19.890904,49.982031],[19.890904,49.98202],[19.890997,49.982018],[19.891003,49.982113],[19.890802,49.982112],[19.890797,49.982034]]]}},{"type":"Feature","id":"w710907521","properties":{"type":"yes","address":"Leona Petrażyckiego 39c","residential":true,"residents_est":2,"h3_10":"8a1e05a61917fff","h3_11":"8b1e05a61915fff"},"geometry":{"type":"Polygon","coordinates":[[[19.889487,49.983267],[19.889496,49.983197],[19.88965,49.983205],[19.889642,49.983323],[19.889583,49.983321],[19.889584,49.983303],[19.889489,49.983299],[19.889487,49.983267]]]}},{"type":"Feature","id":"w882782871","properties":{"type":"yes","residential":true,"residents_est":2,"h3_10":"8a1e05a61827fff","h3_11":"8b1e05a61826fff"},"geometry":{"type":"Polygon","coordinates":[[[19.892177,49.982167],[19.892387,49.982136],[19.892416,49.982219],[19.892206,49.98225],[19.892177,49.982167]]]}},{"type":"Feature","id":"w882783212","properties":{"type":"yes","address":"Zgodna 84","residential":true,"residents_est":2,"h3_10":"8a1e05a6185ffff","h3_11":"8b1e05a6185bfff"},"geometry":{"type":"Polygon","coordinates":[[[19.898692,49.979309],[19.898861,49.979306],[19.898862,49.979333],[19.898984,49.979331],[19.898987,49.979393],[19.898854,49.979395],[19.898853,49.979384],[19.898696,49.979387],[19.898692,49.979309]]]}},{"type":"Feature","id":"w882783271","properties":{"type":"yes","address":"Szlachecka 4","residential":true,"residents_est":1,"h3_10":"8a1e05a618f7fff","h3_11":"8b1e05a618f3fff"},"geometry":{"type":"Polygon","coordinates":[[[19.893955,49.978474],[19.894044,49.978464],[19.894071,49.978558],[19.893982,49.978568],[19.893955,49.978474]]]}},{"type":"Feature","id":"w882783359","properties":{"type":"yes","residential":true,"residents_est":2,"h3_10":"8a1e05a61827fff","h3_11":"8b1e05a61824fff"},"geometry":{"type":"Polygon","coordinates":[[[19.892008,49.982561],[19.892253,49.982524],[19.892284,49.98261],[19.892039,49.982647],[19.892008,49.982561]]]}},{"type":"Feature","id":"w967983078","properties":{"type":"yes","residential":true,"residents_est":1,"h3_10":"8a1e05a619affff","h3_11":"8b1e05a619aafff"},"geometry":{"type":"Polygon","coordinates":[[[19.889463,49.981408],[19.88957,49.981403],[19.889576,49.981467],[19.88947,49.981471],[19.889463,49.981408]]]}},{"type":"Feature","id":"w967983079","properties":{"type":"yes","residential":true,"residents_est":2,"h3_10":"8a1e05a619affff","h3_11":"8b1e05a619abfff"},"geometry":{"type":"Polygon","coordinates":[[[19.88982,49.981472],[19.890062,49.981457],[19.890074,49.981541],[19.88988,49.981552],[19.889874,49.981508],[19.889825,49.981511],[19.88982,49.981472]]]}},{"type":"Feature","id":"w967983082","properties":{"type":"yes","address":"Libertowska 6E","residential":true,"residents_est":2,"h3_10":"8a1e05a61837fff","h3_11":"8b1e05a61834fff"},"geometry":{"type":"Polygon","coordinates":[[[19.890717,49.981682],[19.89092,49.981672],[19.890929,49.981749],[19.890878,49.981752],[19.890883,49.981793],[19.890771,49.981799],[19.890767,49.981766],[19.890728,49.981768],[19.890717,49.981682]]]}},{"type":"Feature","id":"w967983086","properties":{"type":"yes","address":"Libertowska 4K","residential":true,"residents_est":2,"h3_10":"8a1e05a61837fff","h3_11":"8b1e05a61834fff"},"geometry":{"type":"Polygon","coordinates":[[[19.891096,49.981806],[19.891211,49.9818],[19.891231,49.981951],[19.891165,49.981954],[19.891162,49.981927],[19.891112,49.98193],[19.891096,49.981806]]]}},{"type":"Feature","id":"w981933147","properties":{"type":"detached","address":"Leona Petrażyckiego 47B","residential":true,"residents_est":6,"h3_10":"8a1e05a619a7fff","h3_11":"8b1e05a619a6fff"},"geometry":{"type":"Polygon","coordinates":[[[19.886992,49.98189],[19.887043,49.981884],[19.887019,49.981796],[19.887155,49.981781],[19.887203,49.98196],[19.887135,49.981968],[19.887128,49.981941],[19.887009,49.981954],[19.886992,49.98189]]]}},{"type":"Feature","id":"w981933150","properties":{"type":"detached","address":"Libertowska 10J","residential":true,"residents_est":5,"h3_10":"8a1e05a61837fff","h3_11":"8b1e05a61833fff"},"geometry":{"type":"Polygon","coordinates":[[[19.891368,49.981115],[19.891372,49.980974],[19.8915,49.980976],[19.891499,49.981019],[19.89157,49.98102],[19.891568,49.981069],[19.891519,49.981068],[19.891517,49.981117],[19.891368,49.981115]]]}},{"type":"Feature","id":"w981933151","properties":{"type":"detached","address":"Libertowska 10H","residential":true,"residents_est":5,"h3_10":"8a1e05a61837fff","h3_11":"8b1e05a61833fff"},"geometry":{"type":"Polygon","coordinates":[[[19.891314,49.980798],[19.891459,49.980791],[19.891464,49.980828],[19.891535,49.980824],[19.891542,49.980878],[19.891447,49.980883],[19.891451,49.980913],[19.891329,49.98092],[19.891314,49.980798]]]}},{"type":"Feature","id":"w981933152","properties":{"type":"detached","address":"Libertowska 10G","residential":true,"residents_est":5,"h3_10":"8a1e05a61817fff","h3_11":"8b1e05a61814fff"},"geometry":{"type":"Polygon","coordinates":[[[19.891298,49.980602],[19.891436,49.980592],[19.891444,49.980639],[19.891512,49.980634],[19.89152,49.98068],[19.891437,49.980686],[19.891444,49.980723],[19.89132,49.980732],[19.891298,49.980602]]]}},{"type":"Feature","id":"w1034446168","properties":{"type":"detached","levels":2.0,"residential":true,"residents_est":5,"h3_10":"8a1e05a618effff","h3_11":"8b1e05a618edfff"},"geometry":{"type":"Polygon","coordinates":[[[19.89714,49.97965],[19.897166,49.979547],[19.897179,49.979548],[19.89719,49.979504],[19.89733,49.979518],[19.897308,49.979604],[19.897322,49.979606],[19.897308,49.979667],[19.89714,49.97965]]]}},{"type":"Feature","id":"w1167314096","properties":{"type":"yes","residential":true,"residents_est":2,"h3_10":"8a1e05a6192ffff","h3_11":"8b1e05a6192efff"},"geometry":{"type":"Polygon","coordinates":[[[19.891303,49.984547],[19.891336,49.984412],[19.891478,49.984427],[19.891445,49.984562],[19.891303,49.984547]]]}},{"type":"Feature","id":"w1167314097","properties":{"type":"yes","residential":true,"residents_est":3,"h3_10":"8a1e05a61927fff","h3_11":"8b1e05a61921fff"},"geometry":{"type":"Polygon","coordinates":[[[19.890633,49.984611],[19.890655,49.984501],[19.890895,49.984521],[19.890874,49.98463],[19.890633,49.984611]]]}},{"type":"Feature","id":"w1228484859","properties":{"type":"house","levels":1.0,"address":"Leona Petrażyckiego 5C","residential":true,"residents_est":2,"h3_10":"8a1e05a61867fff","h3_11":"8b1e05a61864fff"},"geometry":{"type":"Polygon","coordinates":[[[19.896985,49.982634],[19.896994,49.98255],[19.89717,49.982557],[19.897161,49.982641],[19.896985,49.982634]]]}},{"type":"Feature","id":"w1228486565","properties":{"type":"house","levels":1.0,"address":"Leona Petrażyckiego 5D","residential":true,"residents_est":2,"h3_10":"8a1e05a61867fff","h3_11":"8b1e05a61866fff"},"geometry":{"type":"Polygon","coordinates":[[[19.896859,49.982352],[19.896874,49.982271],[19.897131,49.982291],[19.897116,49.982372],[19.896859,49.982352]]]}},{"type":"Feature","id":"w1299977226","properties":{"type":"yes","address":"Tadeusza Ważewskiego 63","residential":false,"residents_est":0,"h3_10":"8a1e05a6196ffff","h3_11":"8b1e05a6196bfff"},"geometry":{"type":"Polygon","coordinates":[[[19.897578,49.983887],[19.897637,49.983886],[19.897638,49.983921],[19.897579,49.983921],[19.897578,49.983887]]]}},{"type":"Feature","id":"w1299977231","properties":{"type":"yes","address":"Leona Petrażyckiego 7d","residential":true,"residents_est":2,"h3_10":"8a1e05a6195ffff","h3_11":"8b1e05a61959fff"},"geometry":{"type":"Polygon","coordinates":[[[19.896592,49.982585],[19.896628,49.982583],[19.896627,49.982575],[19.896711,49.982578],[19.896726,49.982698],[19.896656,49.982702],[19.896662,49.982746],[19.896613,49.982749],[19.896592,49.982585]]]}},{"type":"Feature","id":"w1299977232","properties":{"type":"yes","residential":true,"residents_est":9,"h3_10":"8a1e05a61957fff","h3_11":"8b1e05a61955fff"},"geometry":{"type":"Polygon","coordinates":[[[19.894353,49.982995],[19.894469,49.982982],[19.894464,49.982962],[19.894664,49.982939],[19.894673,49.982973],[19.894694,49.98297],[19.894721,49.983069],[19.894704,49.983071],[19.894713,49.983105],[19.894555,49.983123],[19.894538,49.98306],[19.894432,49.983072],[19.894425,49.983046],[19.894369,49.983052],[19.894353,49.982995]]]}},{"type":"Feature","id":"w1299977236","properties":{"type":"apartments","levels":4.0,"address":"Leona Petrażyckiego 12C","residential":true,"residents_est":7,"h3_10":"8a1e05a6196ffff","h3_11":"8b1e05a6196cfff"},"geometry":{"type":"Polygon","coordinates":[[[19.896451,49.984877],[19.896463,49.984787],[19.896636,49.984796],[19.896625,49.984886],[19.896451,49.984877]]]}},{"type":"Feature","id":"w1299977238","properties":{"type":"apartments","levels":4.0,"address":"Leona Petrażyckiego 12B","residential":true,"residents_est":7,"h3_10":"8a1e05a6196ffff","h3_11":"8b1e05a6196cfff"},"geometry":{"type":"Polygon","coordinates":[[[19.896468,49.98476],[19.89648,49.98467],[19.896654,49.984679],[19.896642,49.984769],[19.896468,49.98476]]]}},{"type":"Feature","id":"w1299977239","properties":{"type":"apartments","levels":4.0,"address":"Leona Petrażyckiego 12A","residential":true,"residents_est":7,"h3_10":"8a1e05a6196ffff","h3_11":"8b1e05a6196cfff"},"geometry":{"type":"Polygon","coordinates":[[[19.89648,49.98467],[19.896491,49.98458],[19.896665,49.984589],[19.896654,49.984679],[19.89648,49.98467]]]}},{"type":"Feature","id":"w1300282965","properties":{"type":"yes","residential":false,"residents_est":0,"h3_10":"8a1e05a61907fff","h3_11":"8b1e05a61903fff"},"geometry":{"type":"Polygon","coordinates":[[[19.890964,49.983298],[19.891053,49.983292],[19.89106,49.983334],[19.890971,49.98334],[19.890964,49.983298]]]}},{"type":"Feature","id":"w1300282966","properties":{"type":"yes","residential":false,"residents_est":0,"h3_10":"8a1e05a61907fff","h3_11":"8b1e05a61906fff"},"geometry":{"type":"Polygon","coordinates":[[[19.890031,49.983524],[19.890037,49.983486],[19.890115,49.983491],[19.890109,49.983529],[19.890031,49.983524]]]}},{"type":"Feature","id":"w1300282967","properties":{"type":"yes","residential":false,"residents_est":0,"h3_10":"8a1e05a61907fff","h3_11":"8b1e05a61906fff"},"geometry":{"type":"Polygon","coordinates":[[[19.890038,49.983476],[19.890041,49.983427],[19.890123,49.983429],[19.890119,49.983479],[19.890038,49.983476]]]}},{"type":"Feature","id":"w1300282968","properties":{"type":"yes","residential":false,"residents_est":0,"h3_10":"8a1e05a61917fff","h3_11":"8b1e05a61914fff"},"geometry":{"type":"Polygon","coordinates":[[[19.889077,49.983216],[19.889082,49.983156],[19.889157,49.983159],[19.889153,49.983218],[19.889077,49.983216]]]}},{"type":"Feature","id":"w1300282982","properties":{"type":"yes","address":"Libertowska 2","residential":false,"residents_est":0,"h3_10":"8a1e05a6192ffff","h3_11":"8b1e05a6192afff"},"geometry":{"type":"Polygon","coordinates":[[[19.8918,49.983818],[19.891803,49.983759],[19.891876,49.983761],[19.891874,49.983819],[19.8918,49.983818]]]}},{"type":"Feature","id":"w1300282983","properties":{"type":"yes","address":"Libertowska 6F","residential":true,"residents_est":2,"h3_10":"8a1e05a6191ffff","h3_11":"8b1e05a6191afff"},"geometry":{"type":"Polygon","coordinates":[[[19.890297,49.982023],[19.890456,49.982019],[19.890465,49.982159],[19.890306,49.982164],[19.890297,49.982023]]]}},{"type":"Feature","id":"w1300282984","properties":{"type":"yes","address":"Libertowska 8","residential":true,"residents_est":1,"h3_10":"8a1e05a619affff","h3_11":"8b1e05a619aafff"},"geometry":{"type":"Polygon","coordinates":[[[19.88933,49.981444],[19.88938,49.981442],[19.889382,49.981477],[19.889435,49.981476],[19.88944,49.981558],[19.889337,49.981561],[19.88933,49.981444]]]}},{"type":"Feature","id":"w1300743175","properties":{"type":"yes","residential":false,"residents_est":0,"h3_10":"8a1e05a618cffff","h3_11":"8b1e05a618ccfff"},"geometry":{"type":"Polygon","coordinates":[[[19.896675,49.978512],[19.896694,49.978437],[19.896739,49.978443],[19.896719,49.978518],[19.896675,49.978512]]]}},{"type":"Feature","id":"w1300954057","properties":{"type":"yes","address":"Leona Petrażyckiego 36a","residential":true,"residents_est":1,"h3_10":"8a1e05a6192ffff","h3_11":"8b1e05a6192cfff"},"geometry":{"type":"Polygon","coordinates":[[[19.891603,49.98491],[19.891617,49.984851],[19.891802,49.984869],[19.891794,49.984903],[19.891765,49.9849],[19.89176,49.984924],[19.891828,49.98493],[19.891827,49.984931],[19.891603,49.98491]]]}},{"type":"Feature","id":"w1300954058","properties":{"type":"yes","residential":false,"residents_est":0,"h3_10":"8a1e05a61927fff","h3_11":"8b1e05a61922fff"},"geometry":{"type":"Polygon","coordinates":[[[19.890176,49.984271],[19.890189,49.98423],[19.890291,49.984244],[19.890278,49.984284],[19.890176,49.984271]]]}},{"type":"Feature","id":"w1300954059","properties":{"type":"yes","address":"Leona Petrażyckiego 46a","residential":true,"residents_est":1,"h3_10":"8a1e05a61927fff","h3_11":"8b1e05a61922fff"},"geometry":{"type":"Polygon","coordinates":[[[19.88988,49.98414],[19.889902,49.984066],[19.889976,49.984068],[19.889981,49.984075],[19.890024,49.98408],[19.889994,49.984185],[19.889896,49.984174],[19.889905,49.984143],[19.88988,49.98414]]]}},{"type":"Feature","id":"w1300954060","properties":{"type":"yes","address":"Leona Petrażyckiego 46c","residential":true,"residents_est":1,"h3_10":"8a1e05a61927fff","h3_11":"8b1e05a61926fff"},"geometry":{"type":"Polygon","coordinates":[[[19.889665,49.984783],[19.889686,49.984707],[19.889809,49.984721],[19.889779,49.984829],[19.889681,49.984817],[19.88969,49.984786],[19.889665,49.984783]]]}},{"type":"Feature","id":"w1301846280","properties":{"type":"yes","residential":true,"residents_est":2,"h3_10":"8a1e05a6186ffff","h3_11":"8b1e05a61868fff"},"geometry":{"type":"Polygon","coordinates":[[[19.899699,49.981762],[19.899715,49.981631],[19.899846,49.981637],[19.899829,49.981769],[19.899699,49.981762]]]}},{"type":"Feature","id":"w1301846282","properties":{"type":"yes","address":"Leona Petrażyckiego 53CA","residential":true,"residents_est":1,"h3_10":"8a1e05a619b7fff","h3_11":"8b1e05a619b4fff"},"geometry":{"type":"Polygon","coordinates":[[[19.885829,49.981799],[19.885943,49.981794],[19.885946,49.981822],[19.885962,49.981831],[19.885964,49.981846],[19.885949,49.981856],[19.885952,49.981884],[19.885837,49.981888],[19.885829,49.981799]]]}},{"type":"Feature","id":"w1316010982","properties":{"type":"yes","residential":false,"residents_est":0,"h3_10":"8a1e05a6185ffff","h3_11":"8b1e05a6185afff"},"geometry":{"type":"Polygon","coordinates":[[[19.897737,49.979505],[19.897743,49.97948],[19.897882,49.979494],[19.897876,49.979519],[19.897737,49.979505]]]}},{"type":"Feature","id":"w1316010987","properties":{"type":"yes","address":"Zgodna 92B","residential":true,"residents_est":3,"h3_10":"8a1e05a6185ffff","h3_11":"8b1e05a6185efff"},"geometry":{"type":"Polygon","coordinates":[[[19.897792,49.979961],[19.897815,49.979875],[19.897992,49.979895],[19.898,49.979863],[19.898118,49.979875],[19.898098,49.979949],[19.89799,49.979937],[19.897979,49.979981],[19.897931,49.979976],[19.897934,49.979965],[19.897909,49.979963],[19.897906,49.979973],[19.897792,49.979961]]]}},{"type":"Feature","id":"w1316162641","properties":{"type":"residential","residential":true,"residents_est":8,"h3_10":"8a1e05a618affff","h3_11":"8b1e05a618aefff"},"geometry":{"type":"Polygon","coordinates":[[[19.89124,49.979165],[19.891253,49.979088],[19.891359,49.979095],[19.891361,49.979081],[19.891431,49.979085],[19.891429,49.979096],[19.891485,49.9791],[19.891474,49.97917],[19.891415,49.979166],[19.891413,49.979177],[19.891355,49.979177],[19.89124,49.979165]]]}},{"type":"Feature","id":"w1316162642","properties":{"type":"yes","residential":false,"residents_est":0,"h3_10":"8a1e05a61887fff","h3_11":"8b1e05a61885fff"},"geometry":{"type":"Polygon","coordinates":[[[19.89085,49.978737],[19.890864,49.978668],[19.890936,49.978674],[19.890921,49.978743],[19.89085,49.978737]]]}},{"type":"Feature","id":"w1316162643","properties":{"type":"yes","residential":true,"residents_est":3,"h3_10":"8a1e05a618affff","h3_11":"8b1e05a618aafff"},"geometry":{"type":"Polygon","coordinates":[[[19.891347,49.978811],[19.891347,49.978797],[19.891364,49.978791],[19.891368,49.978748],[19.891428,49.978752],[19.891441,49.978745],[19.891461,49.978746],[19.891469,49.978755],[19.891525,49.978758],[19.891517,49.978812],[19.891546,49.978813],[19.891534,49.978898],[19.89144,49.978892],[19.891445,49.978854],[19.891405,49.978852],[19.891403,49.978866],[19.891352,49.978863],[19.891357,49.97882],[19.891347,49.978811]]]}},{"type":"Feature","id":"w1316162649","properties":{"type":"yes","residential":false,"residents_est":0,"h3_10":"8a1e05a618c7fff","h3_11":"8b1e05a618c5fff"},"geometry":{"type":"Polygon","coordinates":[[[19.895533,49.978746],[19.895559,49.978704],[19.895598,49.978714],[19.895573,49.978756],[19.895533,49.978746]]]}},{"type":"Feature","id":"w1316162658","properties":{"type":"yes","residential":false,"residents_est":0,"h3_10":"8a1e05a618f7fff","h3_11":"8b1e05a618f0fff"},"geometry":{"type":"Polygon","coordinates":[[[19.893692,49.978834],[19.893771,49.978821],[19.893791,49.978871],[19.893712,49.978884],[19.893692,49.978834]]]}},{"type":"Feature","id":"w1316162659","properties":{"type":"yes","residential":false,"residents_est":0,"h3_10":"8a1e05a618f7fff","h3_11":"8b1e05a618f6fff"},"geometry":{"type":"Polygon","coordinates":[[[19.893334,49.978814],[19.893387,49.978759],[19.893447,49.978783],[19.893394,49.978838],[19.893334,49.978814]]]}},{"type":"Feature","id":"w1316162689","properties":{"type":"yes","residential":true,"residents_est":3,"h3_10":"8a1e05a61887fff","h3_11":"8b1e05a61881fff"},"geometry":{"type":"Polygon","coordinates":[[[19.891478,49.978504],[19.891509,49.978416],[19.891769,49.978455],[19.891738,49.978543],[19.891478,49.978504]]]}},{"type":"Feature","id":"w1316162691","properties":{"type":"yes","residential":true,"residents_est":1,"h3_10":"8a1e05a618c7fff","h3_11":"8b1e05a618c4fff"},"geometry":{"type":"Polygon","coordinates":[[[19.895295,49.978865],[19.895305,49.978806],[19.895406,49.978813],[19.895398,49.978871],[19.895295,49.978865]]]}},{"type":"Feature","id":"w1316162692","properties":{"type":"yes","residential":false,"residents_est":0,"h3_10":"8a1e05a618c7fff","h3_11":"8b1e05a618c5fff"},"geometry":{"type":"Polygon","coordinates":[[[19.895972,49.978863],[19.896034,49.978863],[19.896034,49.97892],[19.895972,49.97892],[19.895972,49.978863]]]}},{"type":"Feature","id":"w1422136509","properties":{"type":"yes","residential":true,"residents_est":9,"h3_10":"8a1e05a61937fff","h3_11":"8b1e05a61930fff"},"geometry":{"type":"Polygon","coordinates":[[[19.889016,49.984124],[19.889099,49.983892],[19.889258,49.983916],[19.889174,49.984148],[19.889016,49.984124]]]}},{"type":"Feature","id":"w1442269602","properties":{"type":"yes","residential":true,"residents_est":1,"h3_10":"8a1e05a6196ffff","h3_11":"8b1e05a6196afff"},"geometry":{"type":"Polygon","coordinates":[[[19.896859,49.983819],[19.896957,49.983813],[19.896968,49.983887],[19.896871,49.983892],[19.896859,49.983819]]]}},{"type":"Feature","id":"w1442269607","properties":{"type":"garage","residential":false,"residents_est":0,"h3_10":"8a1e05a6194ffff","h3_11":"8b1e05a61949fff"},"geometry":{"type":"Polygon","coordinates":[[[19.898115,49.983216],[19.898116,49.983181],[19.898194,49.983182],[19.898193,49.983217],[19.898115,49.983216]]]}},{"type":"Feature","id":"w1442292645","properties":{"type":"yes","residential":false,"residents_est":0,"h3_10":"8a1e05a6194ffff","h3_11":"8b1e05a61949fff"},"geometry":{"type":"Polygon","coordinates":[[[19.897955,49.983331],[19.898043,49.983325],[19.89805,49.98337],[19.897962,49.983376],[19.897955,49.983331]]]}},{"type":"Feature","id":"w1442292646","properties":{"type":"yes","residential":true,"residents_est":1,"h3_10":"8a1e05a6194ffff","h3_11":"8b1e05a61948fff"},"geometry":{"type":"Polygon","coordinates":[[[19.897246,49.983287],[19.897336,49.983277],[19.897355,49.983351],[19.897265,49.983361],[19.897246,49.983287]]]}}]}