{"type":"FeatureCollection","features":[{"type":"Feature","id":"w337263602","properties":{"type":"yes","address":"Siarczanogórska 29","residential":true,"residents_est":7,"h3_10":"8a1e2e693aa7fff","h3_11":"8b1e2e693aa0fff"},"geometry":{"type":"Polygon","coordinates":[[[19.954704,49.995221],[19.954736,49.99522],[19.954722,49.995091],[19.954856,49.995086],[19.95486,49.995138],[19.954923,49.995135],[19.954932,49.99523],[19.954807,49.995235],[19.95481,49.995257],[19.954708,49.995261],[19.954704,49.995221]]]}},{"type":"Feature","id":"w337263651","properties":{"type":"yes","address":"Siarczanogórska 28a","residential":true,"residents_est":4,"h3_10":"8a1e2e693a87fff","h3_11":"8b1e2e693a86fff"},"geometry":{"type":"Polygon","coordinates":[[[19.954567,49.993935],[19.954586,49.99384],[19.954725,49.993851],[19.9547,49.993977],[19.954667,49.993974],[19.954661,49.993999],[19.954572,49.993991],[19.954581,49.993951],[19.954618,49.993955],[19.954622,49.993939],[19.954567,49.993935]]]}},{"type":"Feature","id":"w337263704","properties":{"type":"yes","address":"Siarczanogórska 26e","residential":true,"residents_est":17,"h3_10":"8a1e2e693a97fff","h3_11":"8b1e2e693a94fff"},"geometry":{"type":"Polygon","coordinates":[[[19.953532,49.993822],[19.953571,49.993739],[19.953562,49.993728],[19.953567,49.993718],[19.953585,49.99371],[19.953601,49.993713],[19.953621,49.993675],[19.953611,49.993664],[19.953621,49.993643],[19.953638,49.993637],[19.953645,49.993623],[19.953724,49.993638],[19.953751,49.993624],[19.953797,49.993633],[19.95381,49.993645],[19.953772,49.993716],[19.95382,49.993726],[19.953793,49.993782],[19.953675,49.993759],[19.953636,49.993842],[19.953532,49.993822]]]}},{"type":"Feature","id":"w337263738","properties":{"type":"detached","levels":2.0,"address":"Siarczanogórska 27","residential":true,"residents_est":8,"h3_10":"8a1e2e693ab7fff","h3_11":"8b1e2e693ab1fff"},"geometry":{"type":"Polygon","coordinates":[[[19.954403,49.994671],[19.954277,49.994634],[19.954196,49.994751],[19.954323,49.994788],[19.954403,49.994673],[19.954403,49.994671]],[[19.954402,49.994673],[19.954401,49.994673],[19.954402,49.994672],[19.954402,49.994673]]]}},{"type":"Feature","id":"w337263747","properties":{"type":"detached","levels":2.0,"address":"Siarczanogórska 27A","residential":true,"residents_est":3,"h3_10":"8a1e2e693ab7fff","h3_11":"8b1e2e693ab5fff"},"geometry":{"type":"Polygon","coordinates":[[[19.95401,49.994792],[19.954054,49.994736],[19.954153,49.994768],[19.954109,49.994824],[19.95401,49.994792]]]}},{"type":"Feature","id":"w337263785","properties":{"type":"detached","address":"Siarczanogórska 28b","residential":true,"residents_est":14,"h3_10":"8a1e2e693a87fff","h3_11":"8b1e2e693a80fff"},"geometry":{"type":"Polygon","coordinates":[[[19.955145,49.993965],[19.955155,49.993902],[19.955185,49.993905],[19.955188,49.993892],[19.955359,49.993902],[19.955356,49.993916],[19.955386,49.993917],[19.955383,49.993932],[19.955493,49.993939],[19.955483,49.994002],[19.955373,49.993995],[19.955373,49.994019],[19.955311,49.994015],[19.955313,49.994002],[19.955254,49.993997],[19.955252,49.994011],[19.955167,49.994006],[19.955178,49.993967],[19.955145,49.993965]]]}},{"type":"Feature","id":"w337263801","properties":{"type":"detached","address":"Siarczanogórska 32","residential":true,"residents_est":5,"h3_10":"8a1e2e693a87fff","h3_11":"8b1e2e693a84fff"},"geometry":{"type":"Polygon","coordinates":[[[19.954755,49.994393],[19.95478,49.994313],[19.954917,49.994331],[19.954894,49.994411],[19.954755,49.994393]]]}},{"type":"Feature","id":"w337263815","properties":{"type":"yes","address":"Siarczanogórska 26i","residential":true,"residents_est":5,"h3_10":"8a1e2e693a97fff","h3_11":"8b1e2e693a96fff"},"geometry":{"type":"Polygon","coordinates":[[[19.953296,49.993426],[19.953302,49.993342],[19.953369,49.993344],[19.953372,49.993318],[19.953501,49.993322],[19.953491,49.993431],[19.953296,49.993426]]]}},{"type":"Feature","id":"w337263820","properties":{"type":"yes","address":"Siarczanogórska 26g","residential":true,"residents_est":7,"h3_10":"8a1e2e693a97fff","h3_11":"8b1e2e693a93fff"},"geometry":{"type":"Polygon","coordinates":[[[19.953917,49.993059],[19.953972,49.992951],[19.954141,49.992986],[19.954031,49.993203],[19.953938,49.993183],[19.953993,49.993076],[19.953917,49.993059]]]}},{"type":"Feature","id":"w337263868","properties":{"type":"detached","levels":1.0,"address":"Siarczanogórska 23","residential":true,"residents_est":3,"h3_10":"8a1e2e693ab7fff","h3_11":"8b1e2e693ab2fff"},"geometry":{"type":"Polygon","coordinates":[[[19.953017,49.994155],[19.953045,49.994082],[19.953182,49.994103],[19.953179,49.99411],[19.953225,49.994118],[19.953204,49.994176],[19.953157,49.994169],[19.953154,49.994176],[19.953017,49.994155]]]}},{"type":"Feature","id":"w337263882","properties":{"type":"yes","address":"Siarczanogórska 26h","residential":true,"residents_est":6,"h3_10":"8a1e2e693a97fff","h3_11":"8b1e2e693a96fff"},"geometry":{"type":"Polygon","coordinates":[[[19.953185,49.993653],[19.953199,49.993501],[19.953344,49.993506],[19.953337,49.993583],[19.953415,49.993586],[19.953409,49.993653],[19.95329,49.993648],[19.95329,49.993657],[19.953185,49.993653]]]}},{"type":"Feature","id":"w337263906","properties":{"type":"yes","address":"Siarczanogórska 26j","residential":true,"residents_est":5,"h3_10":"8a1e2e693a97fff","h3_11":"8b1e2e693a92fff"},"geometry":{"type":"Polygon","coordinates":[[[19.953401,49.993221],[19.953401,49.993139],[19.953436,49.993139],[19.953435,49.993113],[19.953559,49.993112],[19.953559,49.993136],[19.953594,49.993136],[19.953595,49.993221],[19.953401,49.993221]]]}},{"type":"Feature","id":"w337263917","properties":{"type":"yes","address":"Siarczanogórska 26k","residential":true,"residents_est":4,"h3_10":"8a1e2e693a97fff","h3_11":"8b1e2e693a92fff"},"geometry":{"type":"Polygon","coordinates":[[[19.953503,49.992926],[19.953537,49.992925],[19.953536,49.992898],[19.953661,49.992896],[19.953663,49.992922],[19.953696,49.992922],[19.953701,49.993003],[19.953507,49.993007],[19.953503,49.992926]]]}},{"type":"Feature","id":"w337411244","properties":{"type":"yes","address":"Podgórki 10","residential":true,"residents_est":3,"h3_10":"8a1e2e693b2ffff","h3_11":"8b1e2e693b2bfff"},"geometry":{"type":"Polygon","coordinates":[[[19.957014,49.999551],[19.957035,49.99955],[19.957031,49.999506],[19.957151,49.999502],[19.957158,49.999585],[19.957017,49.999589],[19.957014,49.999551]]]}},{"type":"Feature","id":"w337411245","properties":{"type":"yes","address":"Podgórki 20a","residential":true,"residents_est":4,"h3_10":"8a1e2e693a27fff","h3_11":"8b1e2e693a23fff"},"geometry":{"type":"Polygon","coordinates":[[[19.957794,49.997343],[19.957819,49.997259],[19.957881,49.997267],[19.957887,49.997249],[19.957974,49.997259],[19.957961,49.997302],[19.957983,49.997305],[19.957975,49.99733],[19.957952,49.997327],[19.957942,49.997361],[19.957794,49.997343]]]}},{"type":"Feature","id":"w337411246","properties":{"type":"yes","address":"Soboniowicka 5a","residential":true,"residents_est":3,"h3_10":"8a1e2e693b07fff","h3_11":"8b1e2e693b01fff"},"geometry":{"type":"Polygon","coordinates":[[[19.955792,49.999367],[19.955798,49.999292],[19.955926,49.999296],[19.955915,49.999391],[19.955804,49.999388],[19.955806,49.999368],[19.955792,49.999367]]]}},{"type":"Feature","id":"w337411247","properties":{"type":"yes","residential":true,"residents_est":2,"h3_10":"8a1e2e693b9ffff","h3_11":"8b1e2e693b9dfff"},"geometry":{"type":"Polygon","coordinates":[[[19.953794,49.995789],[19.953835,49.995782],[19.953827,49.995763],[19.9539,49.99575],[19.953935,49.995831],[19.953824,49.995852],[19.953794,49.995789]]]}},{"type":"Feature","id":"w337411248","properties":{"type":"yes","address":"Wyrwa 23","residential":true,"residents_est":5,"h3_10":"8a1e2e693a17fff","h3_11":"8b1e2e693a13fff"},"geometry":{"type":"Polygon","coordinates":[[[19.956623,49.995699],[19.956767,49.995694],[19.956782,49.995805],[19.956762,49.995806],[19.956764,49.995837],[19.956635,49.99584],[19.956623,49.995699]]]}},{"type":"Feature","id":"w337411249","properties":{"type":"yes","address":"Podgórki 4b","residential":true,"residents_est":5,"h3_10":"8a1e2e693a2ffff","h3_11":"8b1e2e693a28fff"},"geometry":{"type":"Polygon","coordinates":[[[19.959399,49.997575],[19.959532,49.997562],[19.959509,49.997469],[19.95959,49.997462],[19.959614,49.997568],[19.959629,49.997567],[19.959642,49.997623],[19.959554,49.997631],[19.959501,49.99763],[19.959445,49.99762],[19.959405,49.9976],[19.959399,49.997575]]]}},{"type":"Feature","id":"w337411250","properties":{"type":"yes","address":"Soboniowicka 17b","residential":true,"residents_est":2,"h3_10":"8a1e2e693b17fff","h3_11":"8b1e2e693b15fff"},"geometry":{"type":"Polygon","coordinates":[[[19.9542,49.999104],[19.954248,49.998974],[19.954245,49.998989],[19.954277,49.998995],[19.954286,49.998979],[19.95427,49.999023],[19.954339,49.999035],[19.954356,49.998991],[19.954362,49.998992],[19.954345,49.999039],[19.954336,49.999038],[19.95433,49.999055],[19.954338,49.999056],[19.954321,49.999104],[19.954209,49.999087],[19.9542,49.999104]]]}},{"type":"Feature","id":"w337411251","properties":{"type":"yes","address":"Soboniowicka 27","residential":true,"residents_est":3,"h3_10":"8a1e2e693b37fff","h3_11":"8b1e2e693b32fff"},"geometry":{"type":"Polygon","coordinates":[[[19.953072,49.99925],[19.953091,49.999192],[19.953156,49.999201],[19.953159,49.999193],[19.953233,49.999203],[19.953205,49.999294],[19.953076,49.999284],[19.953086,49.999251],[19.953072,49.99925]]]}},{"type":"Feature","id":"w337411252","properties":{"type":"yes","address":"Soboniowicka 19a","residential":true,"residents_est":2,"h3_10":"8a1e2e693b17fff","h3_11":"8b1e2e693b15fff"},"geometry":{"type":"Polygon","coordinates":[[[19.95415,49.998914],[19.954169,49.998867],[19.954176,49.998868],[19.954182,49.99885],[19.954176,49.998848],[19.954195,49.998801],[19.954305,49.998819],[19.954314,49.998801],[19.954264,49.998931],[19.954268,49.998916],[19.954236,49.998911],[19.954227,49.998926],[19.954243,49.998882],[19.954174,49.998871],[19.954157,49.998915],[19.95415,49.998914]]]}},{"type":"Feature","id":"w337411253","properties":{"type":"yes","address":"Stepowa 6","residential":true,"residents_est":4,"h3_10":"8a1e2e693a37fff","h3_11":"8b1e2e693a31fff"},"geometry":{"type":"Polygon","coordinates":[[[19.956912,49.997137],[19.956918,49.997037],[19.956964,49.997039],[19.956967,49.99702],[19.957028,49.997022],[19.957026,49.997041],[19.957088,49.997043],[19.957082,49.997117],[19.957015,49.997114],[19.957013,49.99713],[19.956979,49.997129],[19.956977,49.997139],[19.956912,49.997137]]]}},{"type":"Feature","id":"w337411254","properties":{"type":"yes","address":"Stepowa 8d","residential":true,"residents_est":3,"h3_10":"8a1e2e693a17fff","h3_11":"8b1e2e693a15fff"},"geometry":{"type":"Polygon","coordinates":[[[19.956791,49.996557],[19.956799,49.996467],[19.956883,49.996469],[19.956869,49.99664],[19.956811,49.996639],[19.956816,49.996581],[19.956823,49.996581],[19.956825,49.996558],[19.956791,49.996557]]]}},{"type":"Feature","id":"w337411255","properties":{"type":"yes","address":"Wyrwa 8f","residential":true,"residents_est":4,"h3_10":"8a1e2e693b8ffff","h3_11":"8b1e2e693b8bfff"},"geometry":{"type":"Polygon","coordinates":[[[19.955253,49.995877],[19.955284,49.995822],[19.955267,49.995818],[19.955295,49.99577],[19.955358,49.995784],[19.955354,49.995792],[19.955434,49.99581],[19.955401,49.995869],[19.955382,49.995865],[19.955362,49.9959],[19.955382,49.995905],[19.955369,49.995928],[19.955285,49.995908],[19.955296,49.995887],[19.955253,49.995877]]]}},{"type":"Feature","id":"w337411256","properties":{"type":"yes","address":"Wyrwa 8c","residential":true,"residents_est":4,"h3_10":"8a1e2e693b8ffff","h3_11":"8b1e2e693b89fff"},"geometry":{"type":"Polygon","coordinates":[[[19.955342,49.996113],[19.955375,49.99606],[19.955401,49.996067],[19.955419,49.996038],[19.955504,49.99606],[19.955511,49.99605],[19.955583,49.996069],[19.955557,49.99611],[19.95555,49.996108],[19.955519,49.996159],[19.955427,49.996135],[19.955435,49.996122],[19.955383,49.996109],[19.955375,49.996122],[19.955342,49.996113]]]}},{"type":"Feature","id":"w337411257","properties":{"type":"yes","address":"Wyrwa 8b","residential":true,"residents_est":4,"h3_10":"8a1e2e693b8ffff","h3_11":"8b1e2e693b89fff"},"geometry":{"type":"Polygon","coordinates":[[[19.955345,49.99629],[19.955369,49.996249],[19.955399,49.996257],[19.955416,49.996229],[19.9555,49.99625],[19.955506,49.99624],[19.955583,49.996258],[19.955558,49.996301],[19.955549,49.996299],[19.955521,49.996348],[19.955428,49.996326],[19.955435,49.996314],[19.955345,49.99629]]]}},{"type":"Feature","id":"w337411258","properties":{"type":"yes","address":"Soboniowicka 19","residential":true,"residents_est":4,"h3_10":"8a1e2e693b17fff","h3_11":"8b1e2e693b11fff"},"geometry":{"type":"Polygon","coordinates":[[[19.954334,49.998519],[19.954348,49.998517],[19.954366,49.99847],[19.954352,49.998468],[19.954369,49.998425],[19.954448,49.998437],[19.954442,49.998453],[19.954545,49.99847],[19.954525,49.998517],[19.954534,49.998519],[19.954518,49.998563],[19.95444,49.998552],[19.954446,49.998535],[19.954334,49.998519]]]}},{"type":"Feature","id":"w337411259","properties":{"type":"yes","address":"Stepowa 8a","residential":true,"residents_est":3,"h3_10":"8a1e2e693a07fff","h3_11":"8b1e2e693a06fff"},"geometry":{"type":"Polygon","coordinates":[[[19.957075,49.996532],[19.957082,49.996459],[19.957226,49.996464],[19.957224,49.996486],[19.957245,49.996487],[19.957241,49.996539],[19.957075,49.996532]]]}},{"type":"Feature","id":"w337411260","properties":{"type":"yes","address":"Stepowa 8h","residential":true,"residents_est":2,"h3_10":"8a1e2e693a17fff","h3_11":"8b1e2e693a14fff"},"geometry":{"type":"Polygon","coordinates":[[[19.956171,49.996497],[19.956174,49.996469],[19.956186,49.996469],[19.956187,49.996456],[19.956272,49.996459],[19.956264,49.996557],[19.956216,49.996555],[19.956218,49.996537],[19.95618,49.996535],[19.956184,49.996498],[19.956171,49.996497]]]}},{"type":"Feature","id":"w337411261","properties":{"type":"yes","address":"Wyrwa 10b","residential":true,"residents_est":6,"h3_10":"8a1e2e693b8ffff","h3_11":"8b1e2e693b8afff"},"geometry":{"type":"Polygon","coordinates":[[[19.954331,49.995816],[19.954373,49.995816],[19.954373,49.995825],[19.954554,49.995824],[19.954555,49.995846],[19.954563,49.995846],[19.954566,49.99592],[19.954557,49.99592],[19.954558,49.995942],[19.954498,49.995943],[19.954499,49.995959],[19.954427,49.99596],[19.954426,49.995944],[19.954348,49.995944],[19.954345,49.995865],[19.954332,49.995864],[19.954331,49.995816]]]}},{"type":"Feature","id":"w337411262","properties":{"type":"yes","address":"Stepowa 3c","residential":true,"residents_est":5,"h3_10":"8a1e2e693a07fff","h3_11":"8b1e2e693a04fff"},"geometry":{"type":"Polygon","coordinates":[[[19.957444,49.996825],[19.95745,49.996809],[19.957472,49.996801],[19.957497,49.996804],[19.957509,49.996818],[19.957549,49.996823],[19.957555,49.996803],[19.957661,49.996818],[19.957657,49.996829],[19.957709,49.996837],[19.957684,49.996908],[19.957633,49.9969],[19.957628,49.996917],[19.957496,49.996899],[19.9575,49.996887],[19.957451,49.99688],[19.957465,49.99684],[19.957456,49.996839],[19.957444,49.996825]]]}},{"type":"Feature","id":"w337411263","properties":{"type":"yes","address":"Podgórki 18","residential":true,"residents_est":22,"h3_10":"8a1e2e693a27fff","h3_11":"8b1e2e693a20fff"},"geometry":{"type":"Polygon","coordinates":[[[19.95752,49.997799],[19.957557,49.997783],[19.957569,49.997744],[19.957639,49.997753],[19.957652,49.997708],[19.95781,49.997728],[19.957816,49.997711],[19.958021,49.997737],[19.958056,49.997759],[19.958042,49.997804],[19.957999,49.997823],[19.957764,49.997791],[19.957749,49.997837],[19.957716,49.997848],[19.957668,49.997842],[19.957643,49.997819],[19.957573,49.99785],[19.95752,49.997799]]]}},{"type":"Feature","id":"w337411264","properties":{"type":"yes","address":"Stepowa 8i","residential":true,"residents_est":4,"h3_10":"8a1e2e693a17fff","h3_11":"8b1e2e693a14fff"},"geometry":{"type":"Polygon","coordinates":[[[19.955837,49.996534],[19.955848,49.996506],[19.955837,49.996504],[19.955876,49.996407],[19.955922,49.996415],[19.95593,49.996424],[19.955969,49.99643],[19.956001,49.996427],[19.956011,49.996438],[19.956006,49.99645],[19.955993,49.996455],[19.955978,49.996493],[19.955989,49.996494],[19.955977,49.996526],[19.955966,49.996524],[19.955954,49.996554],[19.955837,49.996534]]]}},{"type":"Feature","id":"w337411265","properties":{"type":"yes","address":"Stepowa 8b","residential":true,"residents_est":7,"h3_10":"8a1e2e693a17fff","h3_11":"8b1e2e693a11fff"},"geometry":{"type":"Polygon","coordinates":[[[19.95706,49.996207],[19.957061,49.99619],[19.957079,49.99618],[19.957108,49.996181],[19.957111,49.996149],[19.957156,49.996151],[19.95716,49.996113],[19.957281,49.996118],[19.957277,49.996156],[19.957318,49.996158],[19.957308,49.996261],[19.957247,49.996258],[19.957246,49.996269],[19.957206,49.996267],[19.957207,49.996257],[19.9571,49.996252],[19.957104,49.99622],[19.957075,49.996219],[19.95706,49.996207]]]}},{"type":"Feature","id":"w337411266","properties":{"type":"yes","residential":true,"residents_est":6,"h3_10":"8a1e2e693a07fff","h3_11":"8b1e2e693a03fff"},"geometry":{"type":"Polygon","coordinates":[[[19.958397,49.996459],[19.958418,49.996411],[19.958399,49.996407],[19.958418,49.996362],[19.95847,49.996371],[19.958475,49.996362],[19.958495,49.996355],[19.958585,49.996371],[19.958576,49.99639],[19.958634,49.996405],[19.958637,49.99642],[19.958631,49.996433],[19.958624,49.996432],[19.958596,49.996498],[19.958523,49.996486],[19.958505,49.996477],[19.958509,49.996452],[19.958492,49.99645],[19.958475,49.996465],[19.95845,49.996467],[19.958397,49.996459]]]}},{"type":"Feature","id":"w337411268","properties":{"type":"yes","residential":true,"residents_est":3,"h3_10":"8a1e2e693b57fff","h3_11":"8b1e2e693b51fff"},"geometry":{"type":"Polygon","coordinates":[[[19.959895,49.99849],[19.959903,49.998404],[19.96005,49.99841],[19.960042,49.998495],[19.959895,49.99849]]]}},{"type":"Feature","id":"w337411269","properties":{"type":"yes","address":"Soboniowicka 9","residential":true,"residents_est":3,"h3_10":"8a1e2e693b1ffff","h3_11":"8b1e2e693b1cfff"},"geometry":{"type":"Polygon","coordinates":[[[19.955445,49.998406],[19.955459,49.998324],[19.955587,49.998333],[19.955573,49.998416],[19.955445,49.998406]]]}},{"type":"Feature","id":"w337411270","properties":{"type":"yes","address":"Podgórki 20c","residential":true,"residents_est":1,"h3_10":"8a1e2e693a0ffff","h3_11":"8b1e2e693a0efff"},"geometry":{"type":"Polygon","coordinates":[[[19.958776,49.996454],[19.958844,49.996395],[19.958914,49.996428],[19.958846,49.996488],[19.958776,49.996454]]]}},{"type":"Feature","id":"w337411271","properties":{"type":"yes","residential":true,"residents_est":2,"h3_10":"8a1e2e693a07fff","h3_11":"8b1e2e693a05fff"},"geometry":{"type":"Polygon","coordinates":[[[19.958062,49.997175],[19.958082,49.997126],[19.958179,49.997142],[19.958159,49.997192],[19.958062,49.997175]]]}},{"type":"Feature","id":"w337411272","properties":{"type":"yes","address":"Podgórki 15","residential":true,"residents_est":2,"h3_10":"8a1e2e693a2ffff","h3_11":"8b1e2e693a2efff"},"geometry":{"type":"Polygon","coordinates":[[[19.958341,49.997364],[19.958365,49.997293],[19.958483,49.99731],[19.958459,49.997381],[19.958341,49.997364]]]}},{"type":"Feature","id":"w337411273","properties":{"type":"yes","residential":true,"residents_est":3,"h3_10":"8a1e2e693b37fff","h3_11":"8b1e2e693b31fff"},"geometry":{"type":"Polygon","coordinates":[[[19.95448,49.999569],[19.954514,49.999389],[19.95458,49.999394],[19.954547,49.999574],[19.95448,49.999569]]]}},{"type":"Feature","id":"w337411275","properties":{"type":"yes","residential":true,"residents_est":1,"h3_10":"8a1e2e693b1ffff","h3_11":"8b1e2e693b18fff"},"geometry":{"type":"Polygon","coordinates":[[[19.955506,49.998164],[19.955518,49.998102],[19.955606,49.998109],[19.955593,49.998171],[19.955506,49.998164]]]}},{"type":"Feature","id":"w337411276","properties":{"type":"yes","address":"Podgórki 20","residential":true,"residents_est":4,"h3_10":"8a1e2e693a07fff","h3_11":"8b1e2e693a04fff"},"geometry":{"type":"Polygon","coordinates":[[[19.957762,49.997053],[19.9578,49.996943],[19.957929,49.996962],[19.957917,49.996997],[19.957932,49.997],[19.95795,49.997019],[19.957924,49.997076],[19.957762,49.997053]]]}},{"type":"Feature","id":"w337411277","properties":{"type":"yes","address":"Soboniowicka 13b","residential":true,"residents_est":3,"h3_10":"8a1e2e693b07fff","h3_11":"8b1e2e693b06fff"},"geometry":{"type":"Polygon","coordinates":[[[19.954747,49.999149],[19.954773,49.999054],[19.954907,49.999069],[19.954881,49.999164],[19.954747,49.999149]]]}},{"type":"Feature","id":"w337411278","properties":{"type":"yes","residential":true,"residents_est":1,"h3_10":"8a1e2e693b1ffff","h3_11":"8b1e2e693b1efff"},"geometry":{"type":"Polygon","coordinates":[[[19.955332,49.998201],[19.955345,49.998125],[19.955415,49.99813],[19.955403,49.998206],[19.955332,49.998201]]]}},{"type":"Feature","id":"w337411281","properties":{"type":"yes","residential":true,"residents_est":1,"h3_10":"8a1e2e693a2ffff","h3_11":"8b1e2e693a2dfff"},"geometry":{"type":"Polygon","coordinates":[[[19.959802,49.997664],[19.959869,49.997661],[19.959878,49.997737],[19.959811,49.997741],[19.959802,49.997664]]]}},{"type":"Feature","id":"w337411282","properties":{"type":"yes","address":"Soboniowicka 15","residential":true,"residents_est":3,"h3_10":"8a1e2e693b17fff","h3_11":"8b1e2e693b13fff"},"geometry":{"type":"Polygon","coordinates":[[[19.95466,49.998241],[19.954688,49.99812],[19.954792,49.99813],[19.954763,49.998251],[19.95466,49.998241]]]}},{"type":"Feature","id":"w337411284","properties":{"type":"yes","residential":false,"residents_est":0,"h3_10":"8a1e2e693aa7fff","h3_11":"8b1e2e693aa1fff"},"geometry":{"type":"Polygon","coordinates":[[[19.955673,49.995146],[19.955677,49.995093],[19.955767,49.995094],[19.955764,49.995148],[19.955673,49.995146]]]}},{"type":"Feature","id":"w337411285","properties":{"type":"yes","residential":false,"residents_est":0,"h3_10":"8a1e2e693b77fff","h3_11":"8b1e2e693b73fff"},"geometry":{"type":"Polygon","coordinates":[[[19.958912,49.999208],[19.958918,49.99918],[19.958998,49.999184],[19.958994,49.999213],[19.958912,49.999208]]]}},{"type":"Feature","id":"w337411286","properties":{"type":"yes","address":"Miarowa 8","residential":true,"residents_est":3,"h3_10":"8a1e2e693a77fff","h3_11":"8b1e2e693a74fff"},"geometry":{"type":"Polygon","coordinates":[[[19.960748,49.997639],[19.960909,49.997623],[19.960926,49.997694],[19.960764,49.997711],[19.960748,49.997639]]]}},{"type":"Feature","id":"w337411287","properties":{"type":"yes","residential":true,"residents_est":2,"h3_10":"8a1e2e693b77fff","h3_11":"8b1e2e693b71fff"},"geometry":{"type":"Polygon","coordinates":[[[19.959207,49.999682],[19.959209,49.999616],[19.959338,49.999618],[19.959335,49.999684],[19.959207,49.999682]]]}},{"type":"Feature","id":"w337411288","properties":{"type":"detached","address":"Podgórki 22","residential":true,"residents_est":7,"h3_10":"8a1e2e693a1ffff","h3_11":"8b1e2e693a1dfff"},"geometry":{"type":"Polygon","coordinates":[[[19.958815,49.995942],[19.958856,49.995835],[19.958994,49.995857],[19.958953,49.995964],[19.958815,49.995942]]]}},{"type":"Feature","id":"w337411289","properties":{"type":"yes","address":"Soboniowicka 3","residential":true,"residents_est":2,"h3_10":"8a1e2e693b1ffff","h3_11":"8b1e2e693b1dfff"},"geometry":{"type":"Polygon","coordinates":[[[19.956188,49.998649],[19.956194,49.998578],[19.956312,49.998581],[19.956307,49.998652],[19.956188,49.998649]]]}},{"type":"Feature","id":"w337411290","properties":{"type":"yes","address":"Wyrwa 12","residential":true,"residents_est":3,"h3_10":"8a1e2e693a17fff","h3_11":"8b1e2e693a12fff"},"geometry":{"type":"Polygon","coordinates":[[[19.955704,49.995609],[19.955788,49.995543],[19.955891,49.995599],[19.955806,49.995664],[19.955704,49.995609]]]}},{"type":"Feature","id":"w337411291","properties":{"type":"yes","address":"Soboniowicka 5","residential":true,"residents_est":3,"h3_10":"8a1e2e693b07fff","h3_11":"8b1e2e693b03fff"},"geometry":{"type":"Polygon","coordinates":[[[19.955777,49.999125],[19.955787,49.99903],[19.955928,49.999039],[19.955918,49.999132],[19.955777,49.999125]]]}},{"type":"Feature","id":"w337411293","properties":{"type":"yes","residential":false,"residents_est":0,"h3_10":"8a1e2e693b8ffff","h3_11":"8b1e2e693b8cfff"},"geometry":{"type":"Polygon","coordinates":[[[19.954479,49.996523],[19.954564,49.996491],[19.954589,49.996518],[19.954504,49.99655],[19.954479,49.996523]]]}},{"type":"Feature","id":"w337411294","properties":{"type":"yes","residential":false,"residents_est":0,"h3_10":"8a1e2e693a77fff","h3_11":"8b1e2e693a76fff"},"geometry":{"type":"Polygon","coordinates":[[[19.960272,49.997217],[19.960364,49.997215],[19.960368,49.997269],[19.960276,49.997272],[19.960272,49.997217]]]}},{"type":"Feature","id":"w337411295","properties":{"type":"yes","address":"Wyrwa 8a","residential":true,"residents_est":4,"h3_10":"8a1e2e693b8ffff","h3_11":"8b1e2e693b88fff"},"geometry":{"type":"Polygon","coordinates":[[[19.954727,49.996298],[19.954896,49.996231],[19.954969,49.996308],[19.9548,49.996375],[19.954727,49.996298]]]}},{"type":"Feature","id":"w337411296","properties":{"type":"detached","address":"Miarowa 4","residential":true,"residents_est":6,"h3_10":"8a1e2e693a2ffff","h3_11":"8b1e2e693a2dfff"},"geometry":{"type":"Polygon","coordinates":[[[19.95938,49.997793],[19.959552,49.997761],[19.95958,49.997823],[19.959408,49.997855],[19.95938,49.997793]]]}},{"type":"Feature","id":"w337411297","properties":{"type":"yes","address":"Stepowa 1","residential":true,"residents_est":3,"h3_10":"8a1e2e693b0ffff","h3_11":"8b1e2e693b08fff"},"geometry":{"type":"Polygon","coordinates":[[[19.957085,49.998743],[19.957091,49.99868],[19.957268,49.998688],[19.957261,49.998751],[19.957085,49.998743]]]}},{"type":"Feature","id":"w337411298","properties":{"type":"yes","address":"Miarowa 6","residential":true,"residents_est":3,"h3_10":"8a1e2e693b5ffff","h3_11":"8b1e2e693b5afff"},"geometry":{"type":"Polygon","coordinates":[[[19.960309,49.997611],[19.960389,49.997603],[19.960392,49.997617],[19.960452,49.997611],[19.960469,49.997687],[19.960332,49.997701],[19.960309,49.997611]]]}},{"type":"Feature","id":"w337411299","properties":{"type":"yes","address":"Stepowa 4","residential":true,"residents_est":3,"h3_10":"8a1e2e693a37fff","h3_11":"8b1e2e693a35fff"},"geometry":{"type":"Polygon","coordinates":[[[19.956536,49.997476],[19.956547,49.997412],[19.956734,49.997425],[19.956724,49.997489],[19.956665,49.997485],[19.956663,49.997497],[19.956622,49.997494],[19.956624,49.997482],[19.956536,49.997476]]]}},{"type":"Feature","id":"w337411300","properties":{"type":"yes","address":"Soboniowicka 7a","residential":true,"residents_est":2,"h3_10":"8a1e2e693b07fff","h3_11":"8b1e2e693b05fff"},"geometry":{"type":"Polygon","coordinates":[[[19.95555,49.999548],[19.955555,49.999468],[19.955683,49.999471],[19.955679,49.999551],[19.95555,49.999548]]]}},{"type":"Feature","id":"w337411301","properties":{"type":"yes","address":"Soboniowicka 1a","residential":true,"residents_est":3,"h3_10":"8a1e2e693b07fff","h3_11":"8b1e2e693b01fff"},"geometry":{"type":"Polygon","coordinates":[[[19.956217,49.999375],[19.956225,49.999299],[19.956395,49.999306],[19.956387,49.999381],[19.956217,49.999375]]]}},{"type":"Feature","id":"w337411303","properties":{"type":"yes","address":"Podgórki 11","residential":true,"residents_est":3,"h3_10":"8a1e2e693a27fff","h3_11":"8b1e2e693a21fff"},"geometry":{"type":"Polygon","coordinates":[[[19.958259,49.99779],[19.95842,49.997786],[19.958424,49.997859],[19.958262,49.997861],[19.958259,49.99779]]]}},{"type":"Feature","id":"w337411304","properties":{"type":"yes","address":"Soboniowicka 21","residential":true,"residents_est":2,"h3_10":"8a1e2e693b17fff","h3_11":"8b1e2e693b10fff"},"geometry":{"type":"Polygon","coordinates":[[[19.953961,49.998398],[19.953984,49.998326],[19.954122,49.998343],[19.954098,49.998416],[19.953961,49.998398]]]}},{"type":"Feature","id":"w337411305","properties":{"type":"yes","address":"Podgórki 20b","residential":true,"residents_est":4,"h3_10":"8a1e2e693a07fff","h3_11":"8b1e2e693a00fff"},"geometry":{"type":"Polygon","coordinates":[[[19.957989,49.996783],[19.958021,49.996715],[19.958089,49.996728],[19.958099,49.996706],[19.958223,49.996731],[19.958181,49.996821],[19.957989,49.996783]]]}},{"type":"Feature","id":"w337411307","properties":{"type":"yes","address":"Stepowa 7","residential":true,"residents_est":2,"h3_10":"8a1e2e693a1ffff","h3_11":"8b1e2e693a1efff"},"geometry":{"type":"Polygon","coordinates":[[[19.957558,49.99574],[19.957683,49.995735],[19.957689,49.995806],[19.95762,49.995809],[19.957622,49.995828],[19.957565,49.99583],[19.957558,49.99574]]]}},{"type":"Feature","id":"w337411308","properties":{"type":"yes","address":"Soboniowicka 7","residential":true,"residents_est":3,"h3_10":"8a1e2e693b07fff","h3_11":"8b1e2e693b05fff"},"geometry":{"type":"Polygon","coordinates":[[[19.95577,49.999642],[19.955772,49.999546],[19.955908,49.999547],[19.955907,49.999622],[19.955857,49.999621],[19.955857,49.999642],[19.95577,49.999642]]]}},{"type":"Feature","id":"w337411309","properties":{"type":"yes","address":"Wyrwa 8","residential":true,"residents_est":3,"h3_10":"8a1e2e693b8ffff","h3_11":"8b1e2e693b8dfff"},"geometry":{"type":"Polygon","coordinates":[[[19.955164,49.996562],[19.955284,49.996545],[19.95532,49.996649],[19.955198,49.996665],[19.955164,49.996562]]]}},{"type":"Feature","id":"w337411310","properties":{"type":"yes","address":"Podgórki 12","residential":true,"residents_est":3,"h3_10":"8a1e2e693b0ffff","h3_11":"8b1e2e693b0bfff"},"geometry":{"type":"Polygon","coordinates":[[[19.957582,49.998792],[19.957599,49.998724],[19.957771,49.998741],[19.957754,49.998809],[19.957582,49.998792]]]}},{"type":"Feature","id":"w337411311","properties":{"type":"detached","address":"Podgórki 24","residential":true,"residents_est":8,"h3_10":"8a1e2e693a1ffff","h3_11":"8b1e2e693a18fff"},"geometry":{"type":"Polygon","coordinates":[[[19.958262,49.995741],[19.958277,49.995674],[19.958332,49.995679],[19.958338,49.995654],[19.958474,49.995666],[19.958454,49.995758],[19.958262,49.995741]]]}},{"type":"Feature","id":"w337411314","properties":{"type":"yes","address":"Stepowa 3","residential":true,"residents_est":2,"h3_10":"8a1e2e693a27fff","h3_11":"8b1e2e693a22fff"},"geometry":{"type":"Polygon","coordinates":[[[19.957178,49.997376],[19.957191,49.997335],[19.957375,49.997364],[19.957362,49.997401],[19.957277,49.997389],[19.957273,49.997403],[19.957243,49.997399],[19.957247,49.997385],[19.957178,49.997376]]]}},{"type":"Feature","id":"w337411315","properties":{"type":"yes","address":"Stepowa 1a","residential":true,"residents_est":4,"h3_10":"8a1e2e693b0ffff","h3_11":"8b1e2e693b0afff"},"geometry":{"type":"Polygon","coordinates":[[[19.957047,49.998545],[19.957049,49.998517],[19.957069,49.998517],[19.957072,49.998452],[19.957251,49.998455],[19.957247,49.998549],[19.957047,49.998545]]]}},{"type":"Feature","id":"w337411316","properties":{"type":"yes","address":"Miarowa 4d","residential":true,"residents_est":4,"h3_10":"8a1e2e693b5ffff","h3_11":"8b1e2e693b5afff"},"geometry":{"type":"Polygon","coordinates":[[[19.960038,49.99765],[19.960195,49.997633],[19.960219,49.997719],[19.960193,49.997722],[19.960204,49.99776],[19.960128,49.997768],[19.960123,49.997754],[19.960068,49.99776],[19.960038,49.99765]]]}},{"type":"Feature","id":"w337411317","properties":{"type":"yes","address":"Miarowa 11","residential":true,"residents_est":3,"h3_10":"8a1e2e693b5ffff","h3_11":"8b1e2e693b5afff"},"geometry":{"type":"Polygon","coordinates":[[[19.960227,49.997967],[19.960368,49.997956],[19.960372,49.998058],[19.960231,49.99806],[19.960227,49.997967]]]}},{"type":"Feature","id":"w337411318","properties":{"type":"yes","address":"Podgórki 7","residential":true,"residents_est":1,"h3_10":"8a1e2e693b77fff","h3_11":"8b1e2e693b70fff"},"geometry":{"type":"Polygon","coordinates":[[[19.958877,49.999497],[19.958984,49.999493],[19.958987,49.999537],[19.958952,49.999538],[19.958955,49.999564],[19.958901,49.999566],[19.958899,49.999539],[19.958882,49.999539],[19.958877,49.999497]]]}},{"type":"Feature","id":"w337411319","properties":{"type":"yes","address":"Miarowa 11b","residential":true,"residents_est":2,"h3_10":"8a1e2e693b5ffff","h3_11":"8b1e2e693b5cfff"},"geometry":{"type":"Polygon","coordinates":[[[19.960417,49.998562],[19.960521,49.99856],[19.960524,49.998641],[19.96042,49.998644],[19.960417,49.998562]]]}},{"type":"Feature","id":"w337411320","properties":{"type":"yes","residential":true,"residents_est":2,"h3_10":"8a1e2e693a17fff","h3_11":"8b1e2e693a15fff"},"geometry":{"type":"Polygon","coordinates":[[[19.957091,49.996358],[19.957094,49.996327],[19.957146,49.996329],[19.957149,49.9963],[19.957244,49.996303],[19.957239,49.996364],[19.957091,49.996358]]]}},{"type":"Feature","id":"w337411321","properties":{"type":"yes","residential":true,"residents_est":2,"h3_10":"8a1e2e693a27fff","h3_11":"8b1e2e693a22fff"},"geometry":{"type":"Polygon","coordinates":[[[19.957375,49.997549],[19.9574,49.997455],[19.957509,49.997464],[19.957507,49.997475],[19.957494,49.997474],[19.957473,49.997559],[19.957375,49.997549]]]}},{"type":"Feature","id":"w337411322","properties":{"type":"yes","address":"Wyrwa 10a","residential":true,"residents_est":6,"h3_10":"8a1e2e693b9ffff","h3_11":"8b1e2e693b98fff"},"geometry":{"type":"Polygon","coordinates":[[[19.953498,49.99551],[19.953579,49.995498],[19.953586,49.995521],[19.953732,49.995502],[19.953761,49.995595],[19.953536,49.995626],[19.953498,49.99551]]]}},{"type":"Feature","id":"w337411324","properties":{"type":"yes","address":"Soboniowicka 4b","residential":true,"residents_est":3,"h3_10":"8a1e2e693b2ffff","h3_11":"8b1e2e693b2afff"},"geometry":{"type":"Polygon","coordinates":[[[19.956651,49.999674],[19.956769,49.999663],[19.956776,49.999696],[19.956811,49.999693],[19.95682,49.999738],[19.956667,49.999751],[19.956651,49.999674]]]}},{"type":"Feature","id":"w337411325","properties":{"type":"yes","address":"Soboniowicka 4","residential":true,"residents_est":2,"h3_10":"8a1e2e693b2ffff","h3_11":"8b1e2e693b2afff"},"geometry":{"type":"Polygon","coordinates":[[[19.956474,49.999534],[19.956593,49.999519],[19.956612,49.999593],[19.956578,49.999596],[19.956582,49.999611],[19.956499,49.999621],[19.956474,49.999534]]]}},{"type":"Feature","id":"w337411326","properties":{"type":"yes","address":"Soboniowicka 25","residential":true,"residents_est":4,"h3_10":"8a1e2e693b17fff","h3_11":"8b1e2e693b13fff"},"geometry":{"type":"Polygon","coordinates":[[[19.954065,49.998104],[19.954077,49.998025],[19.954193,49.998033],[19.954192,49.998044],[19.954304,49.998051],[19.954292,49.998134],[19.954177,49.998126],[19.954179,49.998112],[19.954065,49.998104]]]}},{"type":"Feature","id":"w337411327","properties":{"type":"yes","address":"Stepowa 5","residential":true,"residents_est":4,"h3_10":"8a1e2e693a1ffff","h3_11":"8b1e2e693a1cfff"},"geometry":{"type":"Polygon","coordinates":[[[19.957607,49.996022],[19.957652,49.99602],[19.957652,49.996029],[19.957744,49.996026],[19.957751,49.996131],[19.957638,49.996137],[19.957639,49.996146],[19.957611,49.996146],[19.957607,49.996022]]]}},{"type":"Feature","id":"w337411328","properties":{"type":"yes","address":"Miarowa 1","residential":true,"residents_est":3,"h3_10":"8a1e2e693b47fff","h3_11":"8b1e2e693b42fff"},"geometry":{"type":"Polygon","coordinates":[[[19.95983,49.998734],[19.959978,49.998725],[19.959988,49.998796],[19.959914,49.998801],[19.959917,49.998818],[19.959875,49.998821],[19.959872,49.998803],[19.959836,49.998805],[19.95983,49.998734]]]}},{"type":"Feature","id":"w337411329","properties":{"type":"yes","address":"Stepowa 12a","residential":true,"residents_est":5,"h3_10":"8a1e2e693aaffff","h3_11":"8b1e2e693aadfff"},"geometry":{"type":"Polygon","coordinates":[[[19.956916,49.995195],[19.957097,49.995194],[19.957098,49.995283],[19.957026,49.995283],[19.957026,49.995322],[19.956929,49.995322],[19.956929,49.995284],[19.956917,49.995283],[19.956916,49.995195]]]}},{"type":"Feature","id":"w337411330","properties":{"type":"yes","address":"Wyrwa 10C","residential":true,"residents_est":7,"h3_10":"8a1e2e693b9ffff","h3_11":"8b1e2e693b9cfff"},"geometry":{"type":"Polygon","coordinates":[[[19.953121,49.996065],[19.953268,49.996002],[19.953295,49.99603],[19.953347,49.99601],[19.953422,49.996094],[19.953223,49.996173],[19.953121,49.996065]]]}},{"type":"Feature","id":"w337411331","properties":{"type":"yes","address":"Soboniowicka 13","residential":true,"residents_est":4,"h3_10":"8a1e2e693b1ffff","h3_11":"8b1e2e693b1efff"},"geometry":{"type":"Polygon","coordinates":[[[19.954991,49.998184],[19.955011,49.998111],[19.955203,49.998132],[19.955184,49.998205],[19.954991,49.998184]]]}},{"type":"Feature","id":"w337411332","properties":{"type":"yes","address":"Podgórki 17","residential":true,"residents_est":3,"h3_10":"8a1e2e693a2ffff","h3_11":"8b1e2e693a2afff"},"geometry":{"type":"Polygon","coordinates":[[[19.958699,49.996987],[19.95873,49.996952],[19.958745,49.996957],[19.958775,49.996922],[19.958906,49.99697],[19.958844,49.99704],[19.958699,49.996987]]]}},{"type":"Feature","id":"w337411333","properties":{"type":"yes","address":"Stepowa 10","residential":true,"residents_est":3,"h3_10":"8a1e2e693a17fff","h3_11":"8b1e2e693a11fff"},"geometry":{"type":"Polygon","coordinates":[[[19.956986,49.995755],[19.957127,49.995751],[19.957132,49.995845],[19.956991,49.995848],[19.956986,49.995755]]]}},{"type":"Feature","id":"w337411335","properties":{"type":"yes","address":"Wyrwa 12a","residential":true,"residents_est":3,"h3_10":"8a1e2e693a17fff","h3_11":"8b1e2e693a16fff"},"geometry":{"type":"Polygon","coordinates":[[[19.955684,49.995962],[19.955737,49.995875],[19.955862,49.995908],[19.955809,49.995994],[19.955684,49.995962]]]}},{"type":"Feature","id":"w337411337","properties":{"type":"yes","address":"Soboniowicka 2a","residential":true,"residents_est":3,"h3_10":"8a1e2e693b2ffff","h3_11":"8b1e2e693b2bfff"},"geometry":{"type":"Polygon","coordinates":[[[19.956887,49.999703],[19.95703,49.999698],[19.957031,49.999707],[19.957049,49.999707],[19.957054,49.99976],[19.95703,49.999761],[19.957031,49.999783],[19.956895,49.999788],[19.956887,49.999703]]]}},{"type":"Feature","id":"w337411338","properties":{"type":"yes","address":"Podgórki 29","residential":true,"residents_est":2,"h3_10":"8a1e2e693ae7fff","h3_11":"8b1e2e693ae4fff"},"geometry":{"type":"Polygon","coordinates":[[[19.959882,49.995654],[19.959945,49.995589],[19.960062,49.995635],[19.959999,49.9957],[19.959882,49.995654]]]}},{"type":"Feature","id":"w337411339","properties":{"type":"yes","residential":false,"residents_est":0,"h3_10":"8a1e2e693b17fff","h3_11":"8b1e2e693b10fff"},"geometry":{"type":"Polygon","coordinates":[[[19.953805,49.998492],[19.953808,49.998449],[19.953902,49.998451],[19.953899,49.998496],[19.953805,49.998492]]]}},{"type":"Feature","id":"w337411340","properties":{"type":"yes","address":"Soboniowicka 17","residential":true,"residents_est":3,"h3_10":"8a1e2e693b37fff","h3_11":"8b1e2e693b33fff"},"geometry":{"type":"Polygon","coordinates":[[[19.954009,49.999423],[19.954027,49.999369],[19.954017,49.999367],[19.954028,49.999333],[19.954035,49.999334],[19.954039,49.999324],[19.954045,49.999325],[19.954042,49.999335],[19.954168,49.999352],[19.954171,49.999342],[19.954177,49.999343],[19.954174,49.999353],[19.954182,49.999354],[19.954171,49.999388],[19.954164,49.999387],[19.954146,49.999442],[19.954009,49.999423]]]}},{"type":"Feature","id":"w337411341","properties":{"type":"yes","address":"Stepowa 8f","residential":true,"residents_est":3,"h3_10":"8a1e2e693a37fff","h3_11":"8b1e2e693a33fff"},"geometry":{"type":"Polygon","coordinates":[[[19.956494,49.996546],[19.956501,49.996464],[19.956587,49.996468],[19.956575,49.996603],[19.956524,49.996601],[19.956529,49.996547],[19.956494,49.996546]]]}},{"type":"Feature","id":"w337411342","properties":{"type":"yes","address":"Wyrwa 8e","residential":true,"residents_est":4,"h3_10":"8a1e2e693aa7fff","h3_11":"8b1e2e693aa4fff"},"geometry":{"type":"Polygon","coordinates":[[[19.954598,49.995672],[19.954631,49.995617],[19.954814,49.995662],[19.954776,49.995727],[19.954799,49.995732],[19.954771,49.995781],[19.954663,49.995754],[19.954688,49.995709],[19.954675,49.995691],[19.954598,49.995672]]]}},{"type":"Feature","id":"w337428980","properties":{"type":"yes","address":"Podgórki 37","residential":true,"residents_est":4,"h3_10":"8a1e2e693aeffff","h3_11":"8b1e2e693aeafff"},"geometry":{"type":"Polygon","coordinates":[[[19.961526,49.994472],[19.961594,49.994418],[19.961771,49.994511],[19.961736,49.994539],[19.961713,49.994527],[19.961681,49.994553],[19.961651,49.994538],[19.961634,49.994553],[19.961544,49.994507],[19.961564,49.994492],[19.961526,49.994472]]]}},{"type":"Feature","id":"w337428997","properties":{"type":"yes","address":"Stepowa 27","residential":true,"residents_est":3,"h3_10":"8a1e2e693ad7fff","h3_11":"8b1e2e693ad6fff"},"geometry":{"type":"Polygon","coordinates":[[[19.958399,49.99358],[19.958418,49.993503],[19.958485,49.99351],[19.958489,49.993493],[19.958532,49.993498],[19.958528,49.993515],[19.958582,49.99352],[19.958563,49.993597],[19.958399,49.99358]]]}},{"type":"Feature","id":"w337428998","properties":{"type":"detached","address":"Stepowa 21","residential":true,"residents_est":7,"h3_10":"8a1e2e693a8ffff","h3_11":"8b1e2e693a8dfff"},"geometry":{"type":"Polygon","coordinates":[[[19.957394,49.994289],[19.957402,49.994225],[19.957596,49.994233],[19.957584,49.99432],[19.957459,49.994317],[19.957462,49.994291],[19.957394,49.994289]]]}},{"type":"Feature","id":"w337429008","properties":{"type":"yes","address":"Stepowa 31","residential":true,"residents_est":4,"h3_10":"8a1e2e693adffff","h3_11":"8b1e2e693adefff"},"geometry":{"type":"Polygon","coordinates":[[[19.959762,49.993145],[19.959781,49.993069],[19.959829,49.993074],[19.959833,49.993057],[19.959898,49.993063],[19.959893,49.993081],[19.959964,49.993088],[19.959946,49.993164],[19.959762,49.993145]]]}},{"type":"Feature","id":"w337429018","properties":{"type":"detached","address":"Miarowa 19","residential":true,"residents_est":9,"h3_10":"8a1e2e693a67fff","h3_11":"8b1e2e693a66fff"},"geometry":{"type":"Polygon","coordinates":[[[19.961838,49.997746],[19.961933,49.997742],[19.961934,49.997755],[19.961969,49.997754],[19.961969,49.997746],[19.962034,49.997743],[19.962045,49.997851],[19.961932,49.997855],[19.96193,49.997839],[19.961847,49.997842],[19.961838,49.997746]]]}},{"type":"Feature","id":"w337429031","properties":{"type":"detached","levels":3.0,"address":"Siarczanogórska 33","residential":true,"residents_est":12,"h3_10":"8a1e2e693aa7fff","h3_11":"8b1e2e693aa2fff"},"geometry":{"type":"Polygon","coordinates":[[[19.954825,49.994701],[19.954828,49.994658],[19.954973,49.994661],[19.954966,49.994774],[19.954826,49.994771],[19.954832,49.994701],[19.954825,49.994701]]]}},{"type":"Feature","id":"w337429033","properties":{"type":"yes","address":"Miarowa 10a","residential":true,"residents_est":2,"h3_10":"8a1e2e693a47fff","h3_11":"8b1e2e693a44fff"},"geometry":{"type":"Polygon","coordinates":[[[19.962285,49.997071],[19.962346,49.997068],[19.962344,49.997056],[19.962418,49.997052],[19.962429,49.997138],[19.962355,49.997142],[19.962354,49.997132],[19.962292,49.997135],[19.962285,49.997071]]]}},{"type":"Feature","id":"w337429037","properties":{"type":"yes","address":"Wyżynna 26b","residential":true,"residents_est":4,"h3_10":"8a1e2e693a6ffff","h3_11":"8b1e2e693a69fff"},"geometry":{"type":"Polygon","coordinates":[[[19.965145,49.997555],[19.965173,49.997555],[19.965173,49.997513],[19.965343,49.997513],[19.965344,49.997611],[19.96523,49.997611],[19.96523,49.99763],[19.965172,49.99763],[19.965172,49.997601],[19.965145,49.997601],[19.965145,49.997555]]]}},{"type":"Feature","id":"w337429038","properties":{"type":"yes","address":"Zdrojowa 4","residential":true,"residents_est":5,"h3_10":"8a1e2e693b6ffff","h3_11":"8b1e2e693b6bfff"},"geometry":{"type":"Polygon","coordinates":[[[19.962049,49.999463],[19.962054,49.999407],[19.962224,49.999407],[19.96222,49.999444],[19.962338,49.999448],[19.962332,49.99951],[19.962113,49.999503],[19.962117,49.999465],[19.962049,49.999463]]]}},{"type":"Feature","id":"w337429042","properties":{"type":"detached","address":"Podgórki 35","residential":true,"residents_est":8,"h3_10":"8a1e2e693aeffff","h3_11":"8b1e2e693aeafff"},"geometry":{"type":"Polygon","coordinates":[[[19.961322,49.99447],[19.961363,49.994439],[19.961376,49.994446],[19.96141,49.99442],[19.961398,49.994414],[19.961438,49.994384],[19.961515,49.994426],[19.961479,49.994453],[19.96152,49.994477],[19.961425,49.994549],[19.961348,49.994506],[19.961364,49.994494],[19.961322,49.99447]]]}},{"type":"Feature","id":"w337429051","properties":{"type":"yes","address":"Miarowa 29e","residential":true,"residents_est":5,"h3_10":"8a1e2e693a6ffff","h3_11":"8b1e2e693a6efff"},"geometry":{"type":"Polygon","coordinates":[[[19.963787,49.997322],[19.963838,49.997322],[19.963837,49.997305],[19.963911,49.997304],[19.963929,49.997256],[19.964004,49.997255],[19.964007,49.997373],[19.96388,49.99737],[19.963881,49.997385],[19.963788,49.997386],[19.963787,49.997322]]]}},{"type":"Feature","id":"w337429055","properties":{"type":"yes","address":"Podgórki 28","residential":true,"residents_est":6,"h3_10":"8a1e2e693a1ffff","h3_11":"8b1e2e693a1bfff"},"geometry":{"type":"Polygon","coordinates":[[[19.958572,49.995404],[19.958626,49.995281],[19.95872,49.995299],[19.958697,49.995349],[19.958751,49.995359],[19.958759,49.99534],[19.958835,49.995354],[19.958795,49.995443],[19.95873,49.995431],[19.958723,49.995443],[19.95868,49.995436],[19.958687,49.995425],[19.958572,49.995404]]]}},{"type":"Feature","id":"w337429058","properties":{"type":"yes","address":"Stepowa 21a","residential":true,"residents_est":6,"h3_10":"8a1e2e693a8ffff","h3_11":"8b1e2e693a8dfff"},"geometry":{"type":"Polygon","coordinates":[[[19.957699,49.994254],[19.957715,49.994179],[19.957809,49.994186],[19.957799,49.994239],[19.957885,49.994245],[19.957878,49.994277],[19.957907,49.99428],[19.957908,49.994272],[19.95799,49.99428],[19.957971,49.994367],[19.957771,49.994349],[19.95779,49.994263],[19.957699,49.994254]]]}},{"type":"Feature","id":"w337429063","properties":{"type":"yes","address":"Stepowa 34d","residential":true,"residents_est":6,"h3_10":"8a1e2e693ad7fff","h3_11":"8b1e2e693ad6fff"},"geometry":{"type":"Polygon","coordinates":[[[19.957931,49.993273],[19.957951,49.993217],[19.957994,49.993223],[19.958014,49.993163],[19.958163,49.993185],[19.958158,49.9932],[19.958235,49.99321],[19.958214,49.993275],[19.958074,49.993256],[19.958071,49.993264],[19.958029,49.993258],[19.958015,49.993286],[19.957931,49.993273]]]}},{"type":"Feature","id":"w337429068","properties":{"type":"yes","address":"Miarowa 29d","residential":true,"residents_est":5,"h3_10":"8a1e2e693a6ffff","h3_11":"8b1e2e693a6efff"},"geometry":{"type":"Polygon","coordinates":[[[19.963792,49.997642],[19.963794,49.997578],[19.963845,49.997578],[19.963846,49.99756],[19.963918,49.997561],[19.96394,49.997515],[19.964015,49.997516],[19.964012,49.997633],[19.963885,49.997628],[19.963884,49.997642],[19.963792,49.997642]]]}},{"type":"Feature","id":"w337429086","properties":{"type":"yes","address":"Siarczanogórska 45","residential":true,"residents_est":4,"h3_10":"8a1e2e693aaffff","h3_11":"8b1e2e693aa8fff"},"geometry":{"type":"Polygon","coordinates":[[[19.956467,49.994911],[19.956472,49.994835],[19.956559,49.994837],[19.956561,49.99481],[19.956594,49.99481],[19.956593,49.994822],[19.956685,49.994824],[19.956683,49.994867],[19.956697,49.994867],[19.956694,49.994907],[19.956642,49.994906],[19.956641,49.994915],[19.956467,49.994911]]]}},{"type":"Feature","id":"w337429087","properties":{"type":"yes","address":"Stepowa 34e","residential":true,"residents_est":7,"h3_10":"8a1e2e693ad7fff","h3_11":"8b1e2e693ad2fff"},"geometry":{"type":"Polygon","coordinates":[[[19.958431,49.993257],[19.958454,49.993194],[19.958488,49.993199],[19.958509,49.993138],[19.958606,49.993153],[19.958627,49.993093],[19.958724,49.993107],[19.958674,49.993248],[19.958574,49.993234],[19.95858,49.993218],[19.95855,49.993214],[19.95853,49.993271],[19.958431,49.993257]]]}},{"type":"Feature","id":"w337429090","properties":{"type":"yes","address":"Podgórki 32","residential":true,"residents_est":5,"h3_10":"8a1e2e693ae7fff","h3_11":"8b1e2e693ae2fff"},"geometry":{"type":"Polygon","coordinates":[[[19.959793,49.994979],[19.959863,49.994902],[19.959935,49.994929],[19.959939,49.994925],[19.960066,49.994978],[19.959995,49.995056],[19.959916,49.995026],[19.959909,49.995033],[19.959857,49.995013],[19.959864,49.995006],[19.959793,49.994979]]]}},{"type":"Feature","id":"w337429091","properties":{"type":"yes","address":"Miarowa 29b","residential":true,"residents_est":3,"h3_10":"8a1e2e693a67fff","h3_11":"8b1e2e693a61fff"},"geometry":{"type":"Polygon","coordinates":[[[19.963459,49.997741],[19.963587,49.997735],[19.963589,49.997743],[19.963634,49.997741],[19.963642,49.997808],[19.963548,49.997819],[19.96355,49.997831],[19.963512,49.997833],[19.96351,49.997821],[19.963468,49.997823],[19.963459,49.997741]]]}},{"type":"Feature","id":"w337429100","properties":{"type":"detached","address":"Stepowa 34c","residential":true,"residents_est":8,"h3_10":"8a1e2e693ad7fff","h3_11":"8b1e2e693ad2fff"},"geometry":{"type":"Polygon","coordinates":[[[19.958102,49.993085],[19.958132,49.992999],[19.958259,49.993017],[19.958254,49.99303],[19.958313,49.993039],[19.958303,49.993067],[19.958315,49.993069],[19.958299,49.993114],[19.958258,49.993108],[19.958253,49.993121],[19.958169,49.993108],[19.958173,49.993095],[19.958102,49.993085]]]}},{"type":"Feature","id":"w337429101","properties":{"type":"yes","address":"Stepowa 42","residential":true,"residents_est":6,"h3_10":"8a1e2e693adffff","h3_11":"8b1e2e693adbfff"},"geometry":{"type":"Polygon","coordinates":[[[19.960999,49.992859],[19.961018,49.992812],[19.961005,49.992781],[19.961033,49.992777],[19.961037,49.992765],[19.961073,49.992771],[19.961111,49.992763],[19.961154,49.992771],[19.961162,49.992786],[19.961272,49.992805],[19.961238,49.992886],[19.961163,49.992873],[19.961157,49.992886],[19.960999,49.992859]]]}},{"type":"Feature","id":"w337429108","properties":{"type":"yes","address":"Podgórki 36","residential":true,"residents_est":4,"h3_10":"8a1e2e693ac7fff","h3_11":"8b1e2e693ac4fff"},"geometry":{"type":"Polygon","coordinates":[[[19.9602,49.99465],[19.960238,49.994591],[19.960276,49.994602],[19.960283,49.994592],[19.960306,49.994591],[19.960329,49.994597],[19.960343,49.99461],[19.960387,49.994622],[19.960384,49.994629],[19.960473,49.994653],[19.960438,49.994707],[19.960349,49.994682],[19.960344,49.994689],[19.9602,49.99465]]]}},{"type":"Feature","id":"w337429115","properties":{"type":"yes","address":"Podgórki 36b","residential":true,"residents_est":4,"h3_10":"8a1e2e693ac7fff","h3_11":"8b1e2e693ac4fff"},"geometry":{"type":"Polygon","coordinates":[[[19.959598,49.994564],[19.959629,49.994516],[19.959619,49.994513],[19.959637,49.994484],[19.959633,49.994468],[19.959638,49.994453],[19.959658,49.994444],[19.959676,49.994449],[19.959692,49.994423],[19.959782,49.994447],[19.959722,49.994541],[19.959713,49.994538],[19.959682,49.994586],[19.959598,49.994564]]]}},{"type":"Feature","id":"w337429122","properties":{"type":"yes","address":"Miarowa 33","residential":true,"residents_est":3,"h3_10":"8a1e2e693a4ffff","h3_11":"8b1e2e693a4dfff"},"geometry":{"type":"Polygon","coordinates":[[[19.964631,49.99675],[19.964663,49.99675],[19.964679,49.996739],[19.964697,49.996739],[19.964738,49.996768],[19.9648,49.996767],[19.964801,49.996837],[19.964739,49.996837],[19.964739,49.996854],[19.964633,49.996855],[19.964632,49.996821],[19.964646,49.996812],[19.964647,49.996797],[19.964632,49.996787],[19.964631,49.99675]]]}},{"type":"Feature","id":"w337429128","properties":{"type":"yes","address":"Podgórki 36a","residential":true,"residents_est":3,"h3_10":"8a1e2e693ac7fff","h3_11":"8b1e2e693ac4fff"},"geometry":{"type":"Polygon","coordinates":[[[19.959899,49.994569],[19.959937,49.99451],[19.959976,49.99452],[19.959982,49.99451],[19.960006,49.994509],[19.960029,49.994515],[19.960043,49.994529],[19.960088,49.994541],[19.960084,49.994548],[19.960131,49.99456],[19.960096,49.994614],[19.960049,49.994602],[19.960045,49.994608],[19.959899,49.994569]]]}},{"type":"Feature","id":"w337429129","properties":{"type":"detached","address":"Miarowa 14","residential":true,"residents_est":7,"h3_10":"8a1e2e693a4ffff","h3_11":"8b1e2e693a4cfff"},"geometry":{"type":"Polygon","coordinates":[[[19.96408,49.996595],[19.964129,49.996581],[19.964121,49.996569],[19.964211,49.996544],[19.964266,49.996636],[19.964133,49.996674],[19.964093,49.996628],[19.964099,49.996623],[19.96408,49.996595]]]}},{"type":"Feature","id":"w337429145","properties":{"type":"detached","address":"Stepowa 18","residential":true,"residents_est":8,"h3_10":"8a1e2e693a8ffff","h3_11":"8b1e2e693a8cfff"},"geometry":{"type":"Polygon","coordinates":[[[19.957056,49.994205],[19.957106,49.994205],[19.957107,49.994196],[19.957178,49.994195],[19.957179,49.994204],[19.957226,49.994205],[19.957227,49.994239],[19.957213,49.994239],[19.957214,49.994266],[19.957227,49.994265],[19.957227,49.994295],[19.957182,49.994295],[19.957181,49.994304],[19.957107,49.994305],[19.957106,49.994296],[19.957059,49.994296],[19.957056,49.994205]]]}},{"type":"Feature","id":"w337429149","properties":{"type":"yes","address":"Miarowa 33a","residential":true,"residents_est":4,"h3_10":"8a1e2e693a6ffff","h3_11":"8b1e2e693a6bfff"},"geometry":{"type":"Polygon","coordinates":[[[19.964623,49.996959],[19.964672,49.996959],[19.964682,49.996946],[19.964734,49.996946],[19.964744,49.996959],[19.964772,49.996958],[19.964772,49.997004],[19.964789,49.997004],[19.96479,49.997053],[19.964624,49.997054],[19.964629,49.996997],[19.964624,49.996997],[19.964623,49.996959]]]}},{"type":"Feature","id":"w337429150","properties":{"type":"yes","address":"Stepowa 9d","residential":true,"residents_est":4,"h3_10":"8a1e2e693aaffff","h3_11":"8b1e2e693aadfff"},"geometry":{"type":"Polygon","coordinates":[[[19.957369,49.995176],[19.957386,49.995074],[19.957427,49.995077],[19.957443,49.995069],[19.957461,49.99507],[19.957473,49.99508],[19.957498,49.995082],[19.957492,49.995115],[19.957516,49.995117],[19.95751,49.995153],[19.957504,49.995153],[19.957499,49.995186],[19.957477,49.995184],[19.957473,49.995214],[19.957373,49.995207],[19.957377,49.995177],[19.957369,49.995176]]]}},{"type":"Feature","id":"w337429156","properties":{"type":"yes","address":"Stepowa 21b","residential":true,"residents_est":4,"h3_10":"8a1e2e693af7fff","h3_11":"8b1e2e693af2fff"},"geometry":{"type":"Polygon","coordinates":[[[19.958197,49.99437],[19.958203,49.994357],[19.958223,49.994349],[19.958237,49.994318],[19.958261,49.994313],[19.95829,49.994318],[19.958299,49.99433],[19.958339,49.994337],[19.958358,49.99433],[19.958385,49.994335],[19.958401,49.994348],[19.958384,49.994387],[19.9584,49.99439],[19.958379,49.994439],[19.958198,49.994406],[19.958208,49.994384],[19.958197,49.99437]]]}},{"type":"Feature","id":"w337429160","properties":{"type":"yes","address":"Miarowa 10","residential":true,"residents_est":5,"h3_10":"8a1e2e693a77fff","h3_11":"8b1e2e693a71fff"},"geometry":{"type":"Polygon","coordinates":[[[19.961784,49.997203],[19.961934,49.997189],[19.961936,49.997201],[19.961979,49.997198],[19.961991,49.99726],[19.961948,49.997263],[19.96195,49.997273],[19.961933,49.997274],[19.961941,49.997319],[19.961878,49.997324],[19.961872,49.997285],[19.9618,49.997291],[19.961784,49.997203]]]}},{"type":"Feature","id":"w337429170","properties":{"type":"yes","address":"Stepowa 31e","residential":true,"residents_est":5,"h3_10":"8a1e2e693adffff","h3_11":"8b1e2e693ad9fff"},"geometry":{"type":"Polygon","coordinates":[[[19.961431,49.993201],[19.961467,49.993116],[19.96146,49.993114],[19.961479,49.993068],[19.961562,49.993082],[19.961591,49.993068],[19.961619,49.993074],[19.96163,49.993086],[19.96161,49.993134],[19.961622,49.993136],[19.961634,49.993149],[19.961625,49.993169],[19.961594,49.993174],[19.961583,49.993199],[19.961534,49.99319],[19.96152,49.993216],[19.961431,49.993201]]]}},{"type":"Feature","id":"w337429171","properties":{"type":"yes","address":"Wyrwa 6g","residential":true,"residents_est":5,"h3_10":"8a1e2e693ba7fff","h3_11":"8b1e2e693ba6fff"},"geometry":{"type":"Polygon","coordinates":[[[19.951931,49.99765],[19.952047,49.997638],[19.952056,49.997624],[19.952078,49.99762],[19.952099,49.997627],[19.952104,49.997642],[19.952093,49.997655],[19.952083,49.997656],[19.952096,49.99769],[19.952075,49.997694],[19.952093,49.99774],[19.952114,49.997737],[19.952127,49.997772],[19.951985,49.997794],[19.951961,49.997731],[19.951967,49.99773],[19.951931,49.99765]]]}},{"type":"Feature","id":"w337429174","properties":{"type":"detached","address":"Stepowa 28a","residential":true,"residents_est":16,"h3_10":"8a1e2e693a8ffff","h3_11":"8b1e2e693a8bfff"},"geometry":{"type":"Polygon","coordinates":[[[19.957355,49.993236],[19.957366,49.993162],[19.95738,49.993161],[19.957359,49.993144],[19.957363,49.993117],[19.957395,49.993101],[19.957436,49.993103],[19.957468,49.993125],[19.957489,49.993113],[19.957551,49.993116],[19.957575,49.993136],[19.957573,49.99315],[19.957618,49.993153],[19.95761,49.993219],[19.957564,49.993217],[19.957548,49.993204],[19.957536,49.99321],[19.95754,49.993219],[19.957536,49.993227],[19.957511,49.993232],[19.957498,49.993297],[19.957401,49.993291],[19.957408,49.993239],[19.957355,49.993236]]]}},{"type":"Feature","id":"w337429176","properties":{"type":"yes","address":"Stepowa 28b","residential":true,"residents_est":16,"h3_10":"8a1e2e693a9ffff","h3_11":"8b1e2e693a99fff"},"geometry":{"type":"Polygon","coordinates":[[[19.956537,49.993229],[19.956551,49.993155],[19.956565,49.993156],[19.956545,49.993136],[19.95655,49.99311],[19.956585,49.993093],[19.956622,49.993097],[19.956651,49.993118],[19.956671,49.993107],[19.956738,49.993112],[19.956762,49.993132],[19.956759,49.993147],[19.956805,49.993151],[19.956792,49.993217],[19.956748,49.993213],[19.956731,49.993202],[19.956719,49.993221],[19.956693,49.993227],[19.956689,49.993241],[19.956681,49.99324],[19.956675,49.993276],[19.95654,49.993265],[19.956546,49.99323],[19.956537,49.993229]]]}},{"type":"Feature","id":"w337429183","properties":{"type":"yes","address":"Podgórki 38a","residential":true,"residents_est":4,"h3_10":"8a1e2e693ac7fff","h3_11":"8b1e2e693ac0fff"},"geometry":{"type":"Polygon","coordinates":[[[19.960472,49.994314],[19.960511,49.994259],[19.96053,49.994264],[19.960546,49.994242],[19.960573,49.994235],[19.960641,49.994255],[19.960612,49.994297],[19.960619,49.99431],[19.960635,49.994315],[19.960642,49.994306],[19.960685,49.994319],[19.960646,49.994374],[19.960573,49.994352],[19.960563,49.994366],[19.960476,49.99434],[19.96049,49.99432],[19.960472,49.994314]]]}},{"type":"Feature","id":"w337429196","properties":{"type":"yes","residential":true,"residents_est":2,"h3_10":"8a1e2e693ad7fff","h3_11":"8b1e2e693ad3fff"},"geometry":{"type":"Polygon","coordinates":[[[19.959153,49.993011],[19.959186,49.992923],[19.959242,49.992933],[19.95923,49.992965],[19.959265,49.99297],[19.959245,49.993025],[19.959153,49.993011]]]}},{"type":"Feature","id":"w337429265","properties":{"type":"yes","address":"Siarczanogórska 31","residential":true,"residents_est":3,"h3_10":"8a1e2e693aa7fff","h3_11":"8b1e2e693aa2fff"},"geometry":{"type":"Polygon","coordinates":[[[19.954736,49.994968],[19.954773,49.994891],[19.954889,49.994915],[19.954877,49.99494],[19.954896,49.994944],[19.954873,49.994996],[19.954736,49.994968]]]}},{"type":"Feature","id":"w337429286","properties":{"type":"yes","residential":true,"residents_est":2,"h3_10":"8a1e2e693a4ffff","h3_11":"8b1e2e693a49fff"},"geometry":{"type":"Polygon","coordinates":[[[19.965134,49.996379],[19.965162,49.996328],[19.965307,49.996362],[19.965279,49.996413],[19.965134,49.996379]]]}},{"type":"Feature","id":"w337429299","properties":{"type":"yes","residential":true,"residents_est":2,"h3_10":"8a1e2e693a8ffff","h3_11":"8b1e2e693a8afff"},"geometry":{"type":"Polygon","coordinates":[[[19.956831,49.993621],[19.956839,49.993546],[19.956928,49.99355],[19.956919,49.993625],[19.956831,49.993621]]]}},{"type":"Feature","id":"w337429316","properties":{"type":"detached","address":"Stepowa 23","residential":true,"residents_est":7,"h3_10":"8a1e2e693a8ffff","h3_11":"8b1e2e693a8dfff"},"geometry":{"type":"Polygon","coordinates":[[[19.957419,49.994107],[19.957426,49.994027],[19.957601,49.994034],[19.957593,49.994114],[19.957419,49.994107]]]}},{"type":"Feature","id":"w337429317","properties":{"type":"yes","address":"Stepowa 26","residential":true,"residents_est":2,"h3_10":"8a1e2e693a8ffff","h3_11":"8b1e2e693a88fff"},"geometry":{"type":"Polygon","coordinates":[[[19.956982,49.993588],[19.956989,49.993534],[19.957135,49.993542],[19.957126,49.99361],[19.957007,49.993603],[19.957009,49.993589],[19.956982,49.993588]]]}},{"type":"Feature","id":"w337429329","properties":{"type":"yes","residential":false,"residents_est":0,"h3_10":"8a1e2e693a67fff","h3_11":"8b1e2e693a64fff"},"geometry":{"type":"Polygon","coordinates":[[[19.962184,49.998337],[19.962272,49.998335],[19.962276,49.998392],[19.962187,49.998394],[19.962184,49.998337]]]}},{"type":"Feature","id":"w337429336","properties":{"type":"yes","residential":true,"residents_est":2,"h3_10":"8a1e2e693aeffff","h3_11":"8b1e2e693aecfff"},"geometry":{"type":"Polygon","coordinates":[[[19.961488,49.995197],[19.96162,49.995148],[19.961658,49.99519],[19.961526,49.995239],[19.961488,49.995197]]]}},{"type":"Feature","id":"w337429340","properties":{"type":"yes","residential":true,"residents_est":3,"h3_10":"8a1e2e693ba7fff","h3_11":"8b1e2e693ba2fff"},"geometry":{"type":"Polygon","coordinates":[[[19.95228,49.997584],[19.952396,49.997536],[19.952472,49.997613],[19.952358,49.997661],[19.95228,49.997584]]]}},{"type":"Feature","id":"w337429349","properties":{"type":"yes","residential":true,"residents_est":1,"h3_10":"8a1e2e693a47fff","h3_11":"8b1e2e693a44fff"},"geometry":{"type":"Polygon","coordinates":[[[19.962784,49.997111],[19.962872,49.997103],[19.962886,49.99716],[19.962797,49.997166],[19.962784,49.997111]]]}},{"type":"Feature","id":"w337429352","properties":{"type":"yes","residential":true,"residents_est":1,"h3_10":"8a1e2e693acffff","h3_11":"8b1e2e693acefff"},"geometry":{"type":"Polygon","coordinates":[[[19.961387,49.993652],[19.961405,49.993609],[19.961522,49.99363],[19.961503,49.993673],[19.961387,49.993652]]]}},{"type":"Feature","id":"w337429361","properties":{"type":"garage","residential":false,"residents_est":0,"h3_10":"8a1e2e693ac7fff","h3_11":"8b1e2e693ac5fff"},"geometry":{"type":"Polygon","coordinates":[[[19.960849,49.994427],[19.960924,49.994389],[19.96098,49.994434],[19.960905,49.994472],[19.960849,49.994427]]]}},{"type":"Feature","id":"w337429363","properties":{"type":"yes","residential":true,"residents_est":2,"h3_10":"8a1e2e693aeffff","h3_11":"8b1e2e693ae8fff"},"geometry":{"type":"Polygon","coordinates":[[[19.961668,49.994702],[19.96172,49.99467],[19.961818,49.994735],[19.961769,49.994767],[19.961668,49.994702]]]}},{"type":"Feature","id":"w337429367","properties":{"type":"yes","residential":true,"residents_est":2,"h3_10":"8a1e2e693ad7fff","h3_11":"8b1e2e693ad5fff"},"geometry":{"type":"Polygon","coordinates":[[[19.959389,49.993679],[19.959404,49.993627],[19.959553,49.993645],[19.959538,49.993697],[19.959389,49.993679]]]}},{"type":"Feature","id":"w337429396","properties":{"type":"yes","address":"Miarowa 31a","residential":true,"residents_est":4,"h3_10":"8a1e2e693a6ffff","h3_11":"8b1e2e693a6afff"},"geometry":{"type":"Polygon","coordinates":[[[19.964139,49.997185],[19.964282,49.997184],[19.964285,49.997307],[19.964142,49.997308],[19.964139,49.997185]]]}},{"type":"Feature","id":"w337429430","properties":{"type":"yes","residential":true,"residents_est":1,"h3_10":"8a1e2e693b4ffff","h3_11":"8b1e2e693b49fff"},"geometry":{"type":"Polygon","coordinates":[[[19.962835,49.998829],[19.962924,49.998827],[19.962927,49.998893],[19.962837,49.998895],[19.962835,49.998829]]]}},{"type":"Feature","id":"w337429454","properties":{"type":"yes","residential":true,"residents_est":2,"h3_10":"8a1e2e693a67fff","h3_11":"8b1e2e693a63fff"},"geometry":{"type":"Polygon","coordinates":[[[19.96297,49.997341],[19.963049,49.997334],[19.963072,49.997433],[19.962993,49.997441],[19.96297,49.997341]]]}},{"type":"Feature","id":"w337429466","properties":{"type":"yes","residential":false,"residents_est":0,"h3_10":"8a1e2e693a87fff","h3_11":"8b1e2e693a80fff"},"geometry":{"type":"Polygon","coordinates":[[[19.955239,49.994221],[19.955243,49.994167],[19.955339,49.994171],[19.955335,49.994222],[19.955239,49.994221]]]}},{"type":"Feature","id":"w337429470","properties":{"type":"yes","residential":true,"residents_est":3,"h3_10":"8a1e2e693ae7fff","h3_11":"8b1e2e693ae0fff"},"geometry":{"type":"Polygon","coordinates":[[[19.96,49.995059],[19.96007,49.994983],[19.960179,49.995024],[19.960109,49.9951],[19.96,49.995059]]]}},{"type":"Feature","id":"w337429511","properties":{"type":"bunker","name":"Schron Amunicyjny Rajsko","residential":false,"residents_est":0,"h3_10":"8a1e2e693aeffff","h3_11":"8b1e2e693aebfff"},"geometry":{"type":"Polygon","coordinates":[[[19.962075,49.994422],[19.962117,49.994376],[19.962284,49.994438],[19.962245,49.994484],[19.962075,49.994422]]]}},{"type":"Feature","id":"w337429518","properties":{"type":"yes","residential":true,"residents_est":1,"h3_10":"8a1e2e693a4ffff","h3_11":"8b1e2e693a4dfff"},"geometry":{"type":"Polygon","coordinates":[[[19.965316,49.996713],[19.965411,49.996711],[19.965413,49.996772],[19.965318,49.996773],[19.965316,49.996713]]]}},{"type":"Feature","id":"w337429521","properties":{"type":"yes","address":"Stepowa 27a","residential":true,"residents_est":2,"h3_10":"8a1e2e693ad7fff","h3_11":"8b1e2e693ad4fff"},"geometry":{"type":"Polygon","coordinates":[[[19.95843,49.993812],[19.958444,49.993757],[19.958589,49.993772],[19.958574,49.993828],[19.95843,49.993812]]]}},{"type":"Feature","id":"w337429522","properties":{"type":"detached","address":"Siarczanogórska 35","residential":true,"residents_est":6,"h3_10":"8a1e2e693aa7fff","h3_11":"8b1e2e693aa3fff"},"geometry":{"type":"Polygon","coordinates":[[[19.955095,49.994839],[19.955101,49.994749],[19.955232,49.994752],[19.955227,49.994842],[19.955095,49.994839]]]}},{"type":"Feature","id":"w337429523","properties":{"type":"yes","residential":true,"residents_est":3,"h3_10":"8a1e2e693a5ffff","h3_11":"8b1e2e693a58fff"},"geometry":{"type":"Polygon","coordinates":[[[19.963453,49.995664],[19.963512,49.995658],[19.963521,49.995646],[19.96355,49.995643],[19.963564,49.995651],[19.963595,49.995647],[19.963623,49.995743],[19.963482,49.99576],[19.963453,49.995664]]]}},{"type":"Feature","id":"w337429524","properties":{"type":"yes","residential":true,"residents_est":1,"h3_10":"8a1e2e693a77fff","h3_11":"8b1e2e693a71fff"},"geometry":{"type":"Polygon","coordinates":[[[19.961733,49.996974],[19.961808,49.996971],[19.961816,49.99704],[19.96174,49.997043],[19.961733,49.996974]]]}},{"type":"Feature","id":"w337429541","properties":{"type":"yes","residential":false,"residents_est":0,"h3_10":"8a1e2e693af7fff","h3_11":"8b1e2e693af2fff"},"geometry":{"type":"Polygon","coordinates":[[[19.958413,49.994226],[19.958444,49.994173],[19.958526,49.994193],[19.958495,49.994246],[19.958413,49.994226]]]}},{"type":"Feature","id":"w337429542","properties":{"type":"detached","address":"Stepowa 28","residential":true,"residents_est":5,"h3_10":"8a1e2e693a8ffff","h3_11":"8b1e2e693a8bfff"},"geometry":{"type":"Polygon","coordinates":[[[19.957325,49.993555],[19.957344,49.993493],[19.957507,49.993514],[19.957488,49.993576],[19.957325,49.993555]]]}},{"type":"Feature","id":"w337429563","properties":{"type":"yes","residential":false,"residents_est":0,"h3_10":"8a1e2e693a8ffff","h3_11":"8b1e2e693a8bfff"},"geometry":{"type":"Polygon","coordinates":[[[19.957183,49.993504],[19.957184,49.993418],[19.957238,49.993419],[19.957237,49.993504],[19.957183,49.993504]]]}},{"type":"Feature","id":"w337429568","properties":{"type":"yes","residential":true,"residents_est":1,"h3_10":"8a1e2e693ba7fff","h3_11":"8b1e2e693ba5fff"},"geometry":{"type":"Polygon","coordinates":[[[19.95284,49.998341],[19.952966,49.998328],[19.952978,49.998373],[19.952852,49.998386],[19.95284,49.998341]]]}},{"type":"Feature","id":"w337429597","properties":{"type":"yes","residential":true,"residents_est":1,"h3_10":"8a1e2e693a1ffff","h3_11":"8b1e2e693a18fff"},"geometry":{"type":"Polygon","coordinates":[[[19.958524,49.995504],[19.95855,49.995447],[19.95864,49.995463],[19.958614,49.995521],[19.958524,49.995504]]]}},{"type":"Feature","id":"w337429644","properties":{"type":"yes","residential":false,"residents_est":0,"h3_10":"8a1e2e693aaffff","h3_11":"8b1e2e693aaefff"},"geometry":{"type":"Polygon","coordinates":[[[19.955831,49.994993],[19.955836,49.994923],[19.955907,49.994926],[19.955901,49.994996],[19.955831,49.994993]]]}},{"type":"Feature","id":"w337429650","properties":{"type":"yes","residential":true,"residents_est":2,"h3_10":"8a1e2e693bb7fff","h3_11":"8b1e2e693bb1fff"},"geometry":{"type":"Polygon","coordinates":[[[19.952092,49.997075],[19.952192,49.997033],[19.952241,49.997082],[19.952142,49.997124],[19.952092,49.997075]]]}},{"type":"Feature","id":"w337429661","properties":{"type":"yes","address":"Podgórki 26","residential":true,"residents_est":6,"h3_10":"8a1e2e693a1ffff","h3_11":"8b1e2e693a1afff"},"geometry":{"type":"Polygon","coordinates":[[[19.958059,49.995248],[19.958082,49.995165],[19.958148,49.995173],[19.958146,49.995182],[19.95823,49.995192],[19.958234,49.99518],[19.958347,49.995193],[19.958323,49.995281],[19.958244,49.995268],[19.958239,49.995283],[19.958124,49.995269],[19.958128,49.995256],[19.958059,49.995248]]]}},{"type":"Feature","id":"w337429671","properties":{"type":"yes","residential":true,"residents_est":2,"h3_10":"8a1e2e693a5ffff","h3_11":"8b1e2e693a5dfff"},"geometry":{"type":"Polygon","coordinates":[[[19.963439,49.995825],[19.963578,49.995809],[19.963596,49.995873],[19.963456,49.995889],[19.963439,49.995825]]]}},{"type":"Feature","id":"w337429672","properties":{"type":"yes","address":"Stepowa 36a","residential":true,"residents_est":2,"h3_10":"8a1e2e693ad7fff","h3_11":"8b1e2e693ad3fff"},"geometry":{"type":"Polygon","coordinates":[[[19.959005,49.993125],[19.959039,49.993037],[19.959118,49.993048],[19.959104,49.993087],[19.959132,49.993091],[19.959121,49.99312],[19.959093,49.993116],[19.959085,49.993137],[19.959005,49.993125]]]}},{"type":"Feature","id":"w337429674","properties":{"type":"yes","residential":true,"residents_est":2,"h3_10":"8a1e2e693a6ffff","h3_11":"8b1e2e693a69fff"},"geometry":{"type":"Polygon","coordinates":[[[19.965006,49.997739],[19.965007,49.997668],[19.96511,49.997669],[19.965108,49.997739],[19.965006,49.997739]]]}},{"type":"Feature","id":"w337429675","properties":{"type":"yes","address":"Siarczanogórska 37","residential":true,"residents_est":3,"h3_10":"8a1e2e693aa7fff","h3_11":"8b1e2e693aa3fff"},"geometry":{"type":"Polygon","coordinates":[[[19.955521,49.994933],[19.955529,49.994846],[19.955677,49.994848],[19.955669,49.994939],[19.955521,49.994933]]]}},{"type":"Feature","id":"w337429690","properties":{"type":"yes","address":"Stepowa 22a","residential":false,"residents_est":0,"h3_10":"8a1e2e693a8ffff","h3_11":"8b1e2e693a8cfff"},"geometry":{"type":"Polygon","coordinates":[[[19.956833,49.993952],[19.95686,49.99389],[19.956934,49.993902],[19.956911,49.993964],[19.956833,49.993952]]]}},{"type":"Feature","id":"w337429704","properties":{"type":"yes","address":"Siarczanogórska 30a","residential":true,"residents_est":4,"h3_10":"8a1e2e693a87fff","h3_11":"8b1e2e693a81fff"},"geometry":{"type":"Polygon","coordinates":[[[19.955808,49.994228],[19.955813,49.994145],[19.955969,49.994149],[19.955961,49.99428],[19.955862,49.994278],[19.955865,49.99423],[19.955808,49.994228]]]}},{"type":"Feature","id":"w337429705","properties":{"type":"yes","address":"Stepowa 29","residential":true,"residents_est":3,"h3_10":"8a1e2e693acffff","h3_11":"8b1e2e693acafff"},"geometry":{"type":"Polygon","coordinates":[[[19.961481,49.993537],[19.961512,49.993469],[19.961671,49.993498],[19.961641,49.993565],[19.961481,49.993537]]]}},{"type":"Feature","id":"w337429706","properties":{"type":"yes","address":"Stepowa 38","residential":true,"residents_est":4,"h3_10":"8a1e2e693ad7fff","h3_11":"8b1e2e693ad3fff"},"geometry":{"type":"Polygon","coordinates":[[[19.959348,49.993054],[19.959374,49.992941],[19.959559,49.992965],[19.959541,49.993021],[19.959489,49.993017],[19.959484,49.993038],[19.959462,49.993036],[19.959455,49.993066],[19.959348,49.993054]]]}},{"type":"Feature","id":"w337429710","properties":{"type":"yes","address":"Do Luboni 75","residential":false,"residents_est":0,"h3_10":"8a1e2e693a5ffff","h3_11":"8b1e2e693a5cfff"},"geometry":{"type":"Polygon","coordinates":[[[19.963013,49.995978],[19.963069,49.995973],[19.96308,49.996049],[19.963021,49.996052],[19.963013,49.995978]]]}},{"type":"Feature","id":"w337429717","properties":{"type":"detached","address":"Siarczanogórska 41","residential":true,"residents_est":10,"h3_10":"8a1e2e693aaffff","h3_11":"8b1e2e693aaefff"},"geometry":{"type":"Polygon","coordinates":[[[19.955905,49.994899],[19.955918,49.994774],[19.955925,49.994779],[19.956004,49.994783],[19.956011,49.994778],[19.956009,49.994791],[19.956097,49.994794],[19.956085,49.994906],[19.955905,49.994899]]]}},{"type":"Feature","id":"w337429720","properties":{"type":"yes","residential":true,"residents_est":4,"h3_10":"8a1e2e693aaffff","h3_11":"8b1e2e693aabfff"},"geometry":{"type":"Polygon","coordinates":[[[19.956727,49.994356],[19.956963,49.994351],[19.956966,49.994417],[19.95686,49.994419],[19.95686,49.994426],[19.956731,49.994428],[19.956727,49.994356]]]}},{"type":"Feature","id":"w337429744","properties":{"type":"yes","address":"Do Luboni 61","residential":true,"residents_est":3,"h3_10":"8a1e2e693a4ffff","h3_11":"8b1e2e693a4bfff"},"geometry":{"type":"Polygon","coordinates":[[[19.965239,49.995972],[19.965409,49.995963],[19.965415,49.996027],[19.965246,49.996036],[19.965239,49.995972]]]}},{"type":"Feature","id":"w337429746","properties":{"type":"detached","levels":2.0,"address":"Siarczanogórska 36","residential":true,"residents_est":8,"h3_10":"8a1e2e693a87fff","h3_11":"8b1e2e693a85fff"},"geometry":{"type":"Polygon","coordinates":[[[19.95577,49.994481],[19.955785,49.994392],[19.955993,49.994407],[19.955985,49.994455],[19.95593,49.994452],[19.955923,49.994492],[19.95577,49.994481]]]}},{"type":"Feature","id":"w337429750","properties":{"type":"garage","residential":false,"residents_est":0,"h3_10":"8a1e2e693aaffff","h3_11":"8b1e2e693aaefff"},"geometry":{"type":"Polygon","coordinates":[[[19.956113,49.99497],[19.956122,49.994857],[19.956178,49.994859],[19.956168,49.994972],[19.956113,49.99497]]]}},{"type":"Feature","id":"w337429793","properties":{"type":"yes","residential":true,"residents_est":2,"h3_10":"8a1e2e693af7fff","h3_11":"8b1e2e693af0fff"},"geometry":{"type":"Polygon","coordinates":[[[19.958345,49.994531],[19.95837,49.994472],[19.958506,49.994496],[19.95848,49.994555],[19.958345,49.994531]]]}},{"type":"Feature","id":"w337429801","properties":{"type":"detached","address":"Siarczanogórska 43","residential":true,"residents_est":5,"h3_10":"8a1e2e693aaffff","h3_11":"8b1e2e693aaefff"},"geometry":{"type":"Polygon","coordinates":[[[19.95619,49.994877],[19.956197,49.994798],[19.956323,49.994805],[19.956318,49.994902],[19.956254,49.994901],[19.956252,49.994881],[19.95619,49.994877]]]}},{"type":"Feature","id":"w337429815","properties":{"type":"detached","address":"Stepowa 15a","residential":true,"residents_est":9,"h3_10":"8a1e2e693aaffff","h3_11":"8b1e2e693aa9fff"},"geometry":{"type":"Polygon","coordinates":[[[19.95741,49.994698],[19.957419,49.994659],[19.95743,49.99466],[19.957434,49.99464],[19.957423,49.994639],[19.95744,49.994561],[19.957591,49.994574],[19.957568,49.994678],[19.957552,49.994676],[19.957545,49.99471],[19.95741,49.994698]]]}},{"type":"Feature","id":"w337429819","properties":{"type":"yes","address":"Stepowa 9c","residential":true,"residents_est":5,"h3_10":"8a1e2e693aaffff","h3_11":"8b1e2e693aa9fff"},"geometry":{"type":"Polygon","coordinates":[[[19.957738,49.995023],[19.957775,49.994927],[19.957936,49.994953],[19.957884,49.995093],[19.957798,49.995079],[19.957815,49.995035],[19.957738,49.995023]]]}},{"type":"Feature","id":"w337429826","properties":{"type":"yes","address":"Miarowa 35","residential":true,"residents_est":3,"h3_10":"8a1e2e693a4ffff","h3_11":"8b1e2e693a4dfff"},"geometry":{"type":"Polygon","coordinates":[[[19.965089,49.996706],[19.965244,49.996704],[19.965246,49.996772],[19.965189,49.996773],[19.96519,49.996809],[19.965092,49.996811],[19.965089,49.996706]]]}},{"type":"Feature","id":"w337429833","properties":{"type":"detached","address":"Podgórki 39","residential":true,"residents_est":7,"h3_10":"8a1e2e693acffff","h3_11":"8b1e2e693accfff"},"geometry":{"type":"Polygon","coordinates":[[[19.96187,49.994145],[19.961952,49.994098],[19.962066,49.994184],[19.961957,49.994246],[19.961914,49.994215],[19.961943,49.994198],[19.96187,49.994145]]]}},{"type":"Feature","id":"w337429839","properties":{"type":"detached","address":"Miarowa 16","residential":true,"residents_est":10,"h3_10":"8a1e2e693a4ffff","h3_11":"8b1e2e693a48fff"},"geometry":{"type":"Polygon","coordinates":[[[19.964648,49.996425],[19.96473,49.996402],[19.964762,49.996406],[19.964779,49.996431],[19.964799,49.996426],[19.964871,49.996537],[19.964744,49.996572],[19.964648,49.996425]]]}},{"type":"Feature","id":"w337429843","properties":{"type":"detached","address":"Podgórki 33","residential":true,"residents_est":10,"h3_10":"8a1e2e693aeffff","h3_11":"8b1e2e693aeefff"},"geometry":{"type":"Polygon","coordinates":[[[19.960921,49.994888],[19.961074,49.994788],[19.96118,49.994856],[19.961085,49.994918],[19.961104,49.99493],[19.961075,49.99495],[19.961057,49.994939],[19.961029,49.994957],[19.960921,49.994888]]]}},{"type":"Feature","id":"w337429849","properties":{"type":"yes","address":"Do Luboni 73b","residential":true,"residents_est":3,"h3_10":"8a1e2e693a5ffff","h3_11":"8b1e2e693a5bfff"},"geometry":{"type":"Polygon","coordinates":[[[19.963486,49.995396],[19.963545,49.99539],[19.963543,49.995379],[19.96361,49.995372],[19.963631,49.995461],[19.963531,49.995476],[19.963527,49.995461],[19.963502,49.995463],[19.963486,49.995396]]]}},{"type":"Feature","id":"w337429880","properties":{"type":"yes","address":"Do Luboni 67","residential":true,"residents_est":3,"h3_10":"8a1e2e693a4ffff","h3_11":"8b1e2e693a4bfff"},"geometry":{"type":"Polygon","coordinates":[[[19.964742,49.996026],[19.964826,49.996023],[19.964828,49.996044],[19.96495,49.996038],[19.964955,49.99609],[19.964746,49.9961],[19.964742,49.996026]]]}},{"type":"Feature","id":"w337429906","properties":{"type":"yes","address":"Miarowa 29f","residential":true,"residents_est":4,"h3_10":"8a1e2e693a6ffff","h3_11":"8b1e2e693a6afff"},"geometry":{"type":"Polygon","coordinates":[[[19.963798,49.997031],[19.963908,49.997029],[19.963909,49.997035],[19.963961,49.997035],[19.963961,49.997029],[19.964012,49.997028],[19.964012,49.997111],[19.963803,49.997114],[19.963798,49.997031]]]}},{"type":"Feature","id":"w337429940","properties":{"type":"yes","address":"Zdrojowa 6","residential":true,"residents_est":5,"h3_10":"8a1e2e693b4ffff","h3_11":"8b1e2e693b4dfff"},"geometry":{"type":"Polygon","coordinates":[[[19.962159,49.999197],[19.962331,49.999198],[19.962331,49.999243],[19.962311,49.999243],[19.962311,49.99933],[19.962174,49.99933],[19.962174,49.999263],[19.96216,49.999263],[19.962159,49.999197]]]}},{"type":"Feature","id":"w337429961","properties":{"type":"yes","residential":true,"residents_est":3,"h3_10":"8a1e2e693a8ffff","h3_11":"8b1e2e693a8dfff"},"geometry":{"type":"Polygon","coordinates":[[[19.957633,49.994115],[19.957641,49.994074],[19.957688,49.994078],[19.957689,49.99407],[19.957734,49.99407],[19.957885,49.994082],[19.957876,49.994133],[19.957633,49.994115]]]}},{"type":"Feature","id":"w337429965","properties":{"type":"yes","address":"Miarowa 25","residential":true,"residents_est":2,"h3_10":"8a1e2e693a67fff","h3_11":"8b1e2e693a63fff"},"geometry":{"type":"Polygon","coordinates":[[[19.962763,49.9974],[19.962875,49.997391],[19.962885,49.997437],[19.962899,49.997436],[19.962903,49.997453],[19.962887,49.997455],[19.962893,49.997481],[19.96278,49.997486],[19.962763,49.9974]]]}},{"type":"Feature","id":"w337429970","properties":{"type":"yes","address":"Stepowa 23a","residential":true,"residents_est":3,"h3_10":"8a1e2e693af7fff","h3_11":"8b1e2e693af3fff"},"geometry":{"type":"Polygon","coordinates":[[[19.958606,49.994267],[19.958647,49.994196],[19.95871,49.994211],[19.958719,49.994196],[19.958796,49.994215],[19.958739,49.994313],[19.958695,49.994302],[19.958702,49.99429],[19.958606,49.994267]]]}},{"type":"Feature","id":"w337429972","properties":{"type":"detached","address":"Miarowa 16a","residential":true,"residents_est":9,"h3_10":"8a1e2e693a4ffff","h3_11":"8b1e2e693a48fff"},"geometry":{"type":"Polygon","coordinates":[[[19.96436,49.996492],[19.964438,49.99647],[19.964433,49.996462],[19.964538,49.996435],[19.964591,49.996521],[19.964493,49.996547],[19.964508,49.996572],[19.964423,49.996594],[19.96436,49.996492]]]}},{"type":"Feature","id":"w337429981","properties":{"type":"detached","levels":1.0,"address":"Siarczanogórska 40","residential":true,"residents_est":3,"h3_10":"8a1e2e693aaffff","h3_11":"8b1e2e693aaafff"},"geometry":{"type":"Polygon","coordinates":[[[19.956492,49.994469],[19.956556,49.994469],[19.956555,49.994451],[19.95665,49.99445],[19.956651,49.994549],[19.956556,49.99455],[19.956556,49.994532],[19.956492,49.994532],[19.956492,49.994469]]]}},{"type":"Feature","id":"w337429985","properties":{"type":"yes","address":"Zdrojowa 22","residential":true,"residents_est":4,"h3_10":"8a1e2e693a67fff","h3_11":"8b1e2e693a64fff"},"geometry":{"type":"Polygon","coordinates":[[[19.962174,49.998132],[19.962328,49.998128],[19.962332,49.998201],[19.9623,49.998202],[19.962304,49.998263],[19.962195,49.998266],[19.962191,49.998206],[19.962179,49.998206],[19.962174,49.998132]]]}},{"type":"Feature","id":"w337429986","properties":{"type":"yes","address":"Wyrwa 13","residential":true,"residents_est":3,"h3_10":"8a1e2e693ba7fff","h3_11":"8b1e2e693ba4fff"},"geometry":{"type":"Polygon","coordinates":[[[19.952434,49.997988],[19.952571,49.997967],[19.952604,49.99806],[19.952569,49.998065],[19.952575,49.998083],[19.952529,49.99809],[19.952523,49.998072],[19.952468,49.99808],[19.952434,49.997988]]]}},{"type":"Feature","id":"w337430000","properties":{"type":"yes","address":"Podgórki 38b","residential":true,"residents_est":17,"h3_10":"8a1e2e693ac7fff","h3_11":"8b1e2e693ac6fff"},"geometry":{"type":"Polygon","coordinates":[[[19.959783,49.99419],[19.959802,49.994156],[19.959819,49.99416],[19.959828,49.994144],[19.959925,49.994168],[19.959936,49.994149],[19.959966,49.994156],[19.959996,49.994104],[19.96009,49.994126],[19.9601,49.99411],[19.960203,49.994135],[19.96016,49.994208],[19.960065,49.994186],[19.960039,49.99424],[19.960033,49.994239],[19.960022,49.994259],[19.959992,49.994267],[19.959882,49.99424],[19.959887,49.994232],[19.959791,49.994209],[19.959799,49.994194],[19.959783,49.99419]]]}},{"type":"Feature","id":"w337430005","properties":{"type":"yes","address":"Wyrwa 13a","residential":true,"residents_est":4,"h3_10":"8a1e2e693ba7fff","h3_11":"8b1e2e693ba5fff"},"geometry":{"type":"Polygon","coordinates":[[[19.952747,49.998193],[19.952784,49.998189],[19.952769,49.99814],[19.952857,49.998129],[19.952872,49.998178],[19.952892,49.998176],[19.952916,49.998255],[19.952771,49.998273],[19.952747,49.998193]]]}},{"type":"Feature","id":"w337430011","properties":{"type":"yes","address":"Zdrojowa 11","residential":true,"residents_est":5,"h3_10":"8a1e2e693b4ffff","h3_11":"8b1e2e693b49fff"},"geometry":{"type":"Polygon","coordinates":[[[19.96257,49.998882],[19.962619,49.998881],[19.962618,49.998872],[19.962698,49.998871],[19.962698,49.998879],[19.962749,49.998878],[19.962752,49.998979],[19.962574,49.998981],[19.96257,49.998882]]]}},{"type":"Feature","id":"w337430014","properties":{"type":"yes","address":"Miarowa 31b","residential":true,"residents_est":3,"h3_10":"8a1e2e693a6ffff","h3_11":"8b1e2e693a68fff"},"geometry":{"type":"Polygon","coordinates":[[[19.964146,49.997632],[19.964162,49.997621],[19.964219,49.99762],[19.964236,49.997631],[19.964281,49.99763],[19.964284,49.997722],[19.964148,49.997724],[19.964146,49.997632]]]}},{"type":"Feature","id":"w337430016","properties":{"type":"yes","address":"Stepowa 20","residential":true,"residents_est":4,"h3_10":"8a1e2e693a8ffff","h3_11":"8b1e2e693a88fff"},"geometry":{"type":"Polygon","coordinates":[[[19.957085,49.993901],[19.957094,49.993823],[19.957126,49.993824],[19.957126,49.993834],[19.9573,49.993842],[19.957299,49.99385],[19.957343,49.993853],[19.957334,49.993915],[19.957085,49.993901]]]}},{"type":"Feature","id":"w337430017","properties":{"type":"yes","address":"Stepowa 9","residential":true,"residents_est":5,"h3_10":"8a1e2e693aaffff","h3_11":"8b1e2e693aadfff"},"geometry":{"type":"Polygon","coordinates":[[[19.957344,49.995384],[19.957361,49.995307],[19.957566,49.995325],[19.957533,49.995462],[19.957437,49.995452],[19.957446,49.995415],[19.957403,49.995411],[19.957407,49.99539],[19.957344,49.995384]]]}},{"type":"Feature","id":"w337430020","properties":{"type":"yes","address":"Do Luboni 73","residential":true,"residents_est":4,"h3_10":"8a1e2e693a5ffff","h3_11":"8b1e2e693a5dfff"},"geometry":{"type":"Polygon","coordinates":[[[19.963537,49.996068],[19.963729,49.996062],[19.963735,49.996142],[19.963668,49.996144],[19.963667,49.996154],[19.963583,49.996157],[19.963582,49.996124],[19.963541,49.996125],[19.963537,49.996068]]]}},{"type":"Feature","id":"w337430023","properties":{"type":"yes","address":"Zdrojowa 9a","residential":true,"residents_est":5,"h3_10":"8a1e2e693a67fff","h3_11":"8b1e2e693a65fff"},"geometry":{"type":"Polygon","coordinates":[[[19.963112,49.99825],[19.963129,49.998248],[19.963121,49.998133],[19.963303,49.998131],[19.963306,49.998215],[19.963258,49.998216],[19.963259,49.998247],[19.963112,49.99825]]]}},{"type":"Feature","id":"w337430025","properties":{"type":"detached","levels":2.0,"address":"Siarczanogórska 38","residential":true,"residents_est":6,"h3_10":"8a1e2e693aaffff","h3_11":"8b1e2e693aaafff"},"geometry":{"type":"Polygon","coordinates":[[[19.956301,49.99452],[19.956308,49.994439],[19.956435,49.994444],[19.956436,49.994437],[19.956483,49.994439],[19.956478,49.994497],[19.956435,49.994495],[19.956432,49.994525],[19.956301,49.99452]]]}},{"type":"Feature","id":"w337430036","properties":{"type":"yes","address":"Zdrojowa 8","residential":true,"residents_est":3,"h3_10":"8a1e2e693b4ffff","h3_11":"8b1e2e693b48fff"},"geometry":{"type":"Polygon","coordinates":[[[19.962162,49.998951],[19.962163,49.99888],[19.96223,49.99888],[19.96223,49.998864],[19.962288,49.998864],[19.962288,49.99888],[19.962331,49.99888],[19.962331,49.998951],[19.962162,49.998951]]]}},{"type":"Feature","id":"w337430037","properties":{"type":"yes","residential":false,"residents_est":0,"h3_10":"8a1e2e693a67fff","h3_11":"8b1e2e693a60fff"},"geometry":{"type":"Polygon","coordinates":[[[19.962766,49.997872],[19.962771,49.997817],[19.962843,49.99782],[19.962838,49.997874],[19.962766,49.997872]]]}},{"type":"Feature","id":"w337430038","properties":{"type":"yes","address":"Siarczanogórska 42","residential":true,"residents_est":3,"h3_10":"8a1e2e693aaffff","h3_11":"8b1e2e693aabfff"},"geometry":{"type":"Polygon","coordinates":[[[19.956753,49.994499],[19.956919,49.994498],[19.956921,49.994526],[19.956891,49.994529],[19.956891,49.994572],[19.956829,49.994575],[19.956829,49.994592],[19.956755,49.994593],[19.956753,49.994499]]]}},{"type":"Feature","id":"w337430041","properties":{"type":"yes","address":"Stepowa 18a","residential":true,"residents_est":4,"h3_10":"8a1e2e693a8ffff","h3_11":"8b1e2e693a8cfff"},"geometry":{"type":"Polygon","coordinates":[[[19.956567,49.994224],[19.956658,49.994221],[19.956657,49.994203],[19.956721,49.994201],[19.95673,49.994321],[19.956575,49.994321],[19.956567,49.994224]]]}},{"type":"Feature","id":"w337430042","properties":{"type":"yes","address":"Siarczanogórska 30","residential":true,"residents_est":4,"h3_10":"8a1e2e693a87fff","h3_11":"8b1e2e693a80fff"},"geometry":{"type":"Polygon","coordinates":[[[19.95537,49.994224],[19.955375,49.994166],[19.955436,49.994168],[19.955438,49.994135],[19.955579,49.994139],[19.955572,49.99423],[19.95537,49.994224]]]}},{"type":"Feature","id":"w337430050","properties":{"type":"yes","address":"Wyrwa 6e","residential":true,"residents_est":3,"h3_10":"8a1e2e693ba7fff","h3_11":"8b1e2e693ba4fff"},"geometry":{"type":"Polygon","coordinates":[[[19.95209,49.998087],[19.952222,49.998066],[19.952255,49.998149],[19.952195,49.998159],[19.952184,49.99817],[19.952162,49.998174],[19.952146,49.998166],[19.952137,49.998145],[19.952115,49.998149],[19.95209,49.998087]]]}},{"type":"Feature","id":"w337430051","properties":{"type":"yes","address":"Miarowa 10b","residential":true,"residents_est":3,"h3_10":"8a1e2e693a47fff","h3_11":"8b1e2e693a44fff"},"geometry":{"type":"Polygon","coordinates":[[[19.962669,49.996955],[19.962784,49.996945],[19.962792,49.997019],[19.962798,49.997018],[19.962804,49.997047],[19.96269,49.997058],[19.962669,49.996955]]]}},{"type":"Feature","id":"w337667952","properties":{"type":"yes","address":"Soboniowicka 2","residential":true,"residents_est":3,"h3_10":"8a1e2e693b2ffff","h3_11":"8b1e2e693b2bfff"},"geometry":{"type":"Polygon","coordinates":[[[19.957452,49.999494],[19.957573,49.999485],[19.957578,49.999507],[19.957604,49.999505],[19.957609,49.999533],[19.957581,49.999535],[19.957587,49.999588],[19.957492,49.999595],[19.957486,49.999566],[19.957466,49.999567],[19.957452,49.999494]]]}},{"type":"Feature","id":"w337667954","properties":{"type":"yes","address":"Podgórki 7B","residential":true,"residents_est":6,"h3_10":"8a1e2e693b77fff","h3_11":"8b1e2e693b70fff"},"geometry":{"type":"Polygon","coordinates":[[[19.958517,49.999566],[19.958528,49.999557],[19.958525,49.999529],[19.958543,49.999522],[19.958565,49.999521],[19.958573,49.999527],[19.958725,49.999519],[19.958726,49.999525],[19.958783,49.999522],[19.958791,49.999599],[19.958734,49.999602],[19.958735,49.999608],[19.958535,49.999616],[19.958532,49.999588],[19.958519,49.99958],[19.958517,49.999566]]]}},{"type":"Feature","id":"w337667999","properties":{"type":"yes","residential":false,"residents_est":0,"h3_10":"8a1e2e693b0ffff","h3_11":"8b1e2e693b0bfff"},"geometry":{"type":"Polygon","coordinates":[[[19.957776,49.998704],[19.957787,49.998659],[19.95783,49.998663],[19.95782,49.998708],[19.957776,49.998704]]]}},{"type":"Feature","id":"w337668052","properties":{"type":"yes","residential":false,"residents_est":0,"h3_10":"8a1e2e693b0ffff","h3_11":"8b1e2e693b08fff"},"geometry":{"type":"Polygon","coordinates":[[[19.957493,49.998794],[19.957503,49.998752],[19.957557,49.998758],[19.957547,49.998799],[19.957493,49.998794]]]}},{"type":"Feature","id":"w337668076","properties":{"type":"yes","residential":false,"residents_est":0,"h3_10":"8a1e2e693b0ffff","h3_11":"8b1e2e693b0bfff"},"geometry":{"type":"Polygon","coordinates":[[[19.957547,49.998799],[19.957566,49.99872],[19.957599,49.998724],[19.95758,49.998803],[19.957547,49.998799]]]}},{"type":"Feature","id":"w337668086","properties":{"type":"yes","residential":true,"residents_est":3,"h3_10":"8a1e2e693b0ffff","h3_11":"8b1e2e693b0bfff"},"geometry":{"type":"Polygon","coordinates":[[[19.957307,49.998572],[19.957314,49.998457],[19.957404,49.998458],[19.957398,49.998574],[19.957307,49.998572]]]}},{"type":"Feature","id":"w591348276","properties":{"type":"yes","address":"Wyżynna 12f","residential":true,"residents_est":4,"h3_10":"8a1e2e693b6ffff","h3_11":"8b1e2e693b68fff"},"geometry":{"type":"Polygon","coordinates":[[[19.961967,50.000036],[19.961975,49.999946],[19.962096,49.999951],[19.962088,50.00004],[19.96208,50.000039],[19.962075,50.000099],[19.961971,50.000096],[19.961975,50.000036],[19.961967,50.000036]]]}},{"type":"Feature","id":"w708428114","properties":{"type":"yes","residential":false,"residents_est":0,"h3_10":"8a1e2e693acffff","h3_11":"8b1e2e693acefff"},"geometry":{"type":"Polygon","coordinates":[[[19.961304,49.993637],[19.961322,49.993593],[19.961405,49.993609],[19.961387,49.993652],[19.961304,49.993637]]]}},{"type":"Feature","id":"w708428117","properties":{"type":"yes","residential":true,"residents_est":2,"h3_10":"8a1e2e693acffff","h3_11":"8b1e2e693acbfff"},"geometry":{"type":"Polygon","coordinates":[[[19.962622,49.993286],[19.962637,49.993264],[19.96265,49.993267],[19.96268,49.993216],[19.962778,49.99324],[19.962731,49.993312],[19.962622,49.993286]]]}},{"type":"Feature","id":"w708456336","properties":{"type":"yes","residential":false,"residents_est":0,"h3_10":"8a1e2e693bb7fff","h3_11":"8b1e2e693bb5fff"},"geometry":{"type":"Polygon","coordinates":[[[19.95186,49.997425],[19.951951,49.997406],[19.95197,49.997445],[19.951879,49.997464],[19.95186,49.997425]]]}},{"type":"Feature","id":"w708456337","properties":{"type":"yes","residential":false,"residents_est":0,"h3_10":"8a1e2e693ba7fff","h3_11":"8b1e2e693ba5fff"},"geometry":{"type":"Polygon","coordinates":[[[19.952636,49.998017],[19.952692,49.998008],[19.952712,49.998059],[19.952656,49.998069],[19.952636,49.998017]]]}},{"type":"Feature","id":"w708456339","properties":{"type":"yes","address":"Wyrwa 13b","residential":true,"residents_est":2,"h3_10":"8a1e2e693ba7fff","h3_11":"8b1e2e693ba4fff"},"geometry":{"type":"Polygon","coordinates":[[[19.952523,49.99822],[19.952526,49.9982],[19.952523,49.998189],[19.952641,49.998178],[19.952659,49.998254],[19.952541,49.998265],[19.952531,49.998224],[19.952523,49.99822]]]}},{"type":"Feature","id":"w708456341","properties":{"type":"yes","residential":false,"residents_est":0,"h3_10":"8a1e2e693ba7fff","h3_11":"8b1e2e693ba5fff"},"geometry":{"type":"Polygon","coordinates":[[[19.953015,49.998325],[19.953067,49.998321],[19.953078,49.998379],[19.953026,49.998383],[19.953015,49.998325]]]}},{"type":"Feature","id":"w708456345","properties":{"type":"yes","address":"Soboniowicka 5b","residential":true,"residents_est":3,"h3_10":"8a1e2e693b1ffff","h3_11":"8b1e2e693b18fff"},"geometry":{"type":"Polygon","coordinates":[[[19.955882,49.998431],[19.955887,49.998275],[19.955984,49.998276],[19.95598,49.998375],[19.955952,49.998375],[19.955951,49.998432],[19.955882,49.998431]]]}},{"type":"Feature","id":"w708456346","properties":{"type":"yes","residential":false,"residents_est":0,"h3_10":"8a1e2e693b1ffff","h3_11":"8b1e2e693b1bfff"},"geometry":{"type":"Polygon","coordinates":[[[19.955958,49.997958],[19.955963,49.997912],[19.95601,49.997914],[19.956005,49.99796],[19.955958,49.997958]]]}},{"type":"Feature","id":"w708456348","properties":{"type":"yes","residential":false,"residents_est":0,"h3_10":"8a1e2e693b1ffff","h3_11":"8b1e2e693b1efff"},"geometry":{"type":"Polygon","coordinates":[[[19.955184,49.998004],[19.955192,49.997968],[19.955201,49.997969],[19.955204,49.997957],[19.955259,49.997962],[19.95525,49.998009],[19.955184,49.998004]]]}},{"type":"Feature","id":"w708456349","properties":{"type":"yes","address":"Soboniowicka 25a","residential":true,"residents_est":4,"h3_10":"8a1e2e693baffff","h3_11":"8b1e2e693bacfff"},"geometry":{"type":"Polygon","coordinates":[[[19.954021,49.997786],[19.954041,49.997692],[19.954102,49.997697],[19.954103,49.997692],[19.954218,49.997707],[19.95421,49.997743],[19.954202,49.997742],[19.954197,49.997765],[19.954205,49.997766],[19.954197,49.997801],[19.954021,49.997786]]]}},{"type":"Feature","id":"w708456350","properties":{"type":"yes","residential":false,"residents_est":0,"h3_10":"8a1e2e693b1ffff","h3_11":"8b1e2e693b1efff"},"geometry":{"type":"Polygon","coordinates":[[[19.955255,49.998193],[19.955273,49.998125],[19.955305,49.998128],[19.955287,49.998196],[19.955255,49.998193]]]}},{"type":"Feature","id":"w708456351","properties":{"type":"yes","residential":false,"residents_est":0,"h3_10":"8a1e2e693b1ffff","h3_11":"8b1e2e693b1efff"},"geometry":{"type":"Polygon","coordinates":[[[19.955184,49.998205],[19.955203,49.998132],[19.955268,49.99814],[19.955249,49.998213],[19.955184,49.998205]]]}},{"type":"Feature","id":"w708456359","properties":{"type":"yes","residential":true,"residents_est":1,"h3_10":"8a1e2e693b17fff","h3_11":"8b1e2e693b11fff"},"geometry":{"type":"Polygon","coordinates":[[[19.954526,49.998517],[19.954554,49.99845],[19.954625,49.998462],[19.954597,49.998529],[19.954526,49.998517]]]}},{"type":"Feature","id":"w708456360","properties":{"type":"yes","residential":false,"residents_est":0,"h3_10":"8a1e2e693b17fff","h3_11":"8b1e2e693b11fff"},"geometry":{"type":"Polygon","coordinates":[[[19.954482,49.998691],[19.954497,49.99864],[19.954568,49.998648],[19.954552,49.998699],[19.954482,49.998691]]]}},{"type":"Feature","id":"w708456361","properties":{"type":"yes","address":"Soboniowicka 18b","residential":true,"residents_est":2,"h3_10":"8a1e2e693b17fff","h3_11":"8b1e2e693b15fff"},"geometry":{"type":"Polygon","coordinates":[[[19.954264,49.998931],[19.954314,49.998801],[19.954309,49.99882],[19.954422,49.998838],[19.954404,49.998885],[19.954394,49.998884],[19.954388,49.998901],[19.954397,49.998903],[19.954379,49.99895],[19.954373,49.998949],[19.95439,49.998906],[19.95432,49.998895],[19.954303,49.998938],[19.954306,49.998922],[19.954272,49.998916],[19.954264,49.998931]]]}},{"type":"Feature","id":"w708456362","properties":{"type":"yes","address":"Soboniowicka 17a","residential":true,"residents_est":2,"h3_10":"8a1e2e693b17fff","h3_11":"8b1e2e693b15fff"},"geometry":{"type":"Polygon","coordinates":[[[19.954093,49.999068],[19.95411,49.999021],[19.954117,49.999022],[19.954124,49.999004],[19.954117,49.999002],[19.954134,49.998955],[19.95414,49.998955],[19.954125,49.998999],[19.954193,49.99901],[19.95421,49.998967],[19.954207,49.998983],[19.954239,49.998988],[19.954248,49.998974],[19.9542,49.999104],[19.954204,49.999085],[19.954093,49.999068]]]}},{"type":"Feature","id":"w708456363","properties":{"type":"yes","residential":true,"residents_est":2,"h3_10":"8a1e2e693b37fff","h3_11":"8b1e2e693b33fff"},"geometry":{"type":"Polygon","coordinates":[[[19.954054,49.999177],[19.954063,49.999152],[19.954281,49.999185],[19.954261,49.999238],[19.95419,49.999228],[19.9542,49.999199],[19.954054,49.999177]]]}},{"type":"Feature","id":"w708456364","properties":{"type":"yes","residential":false,"residents_est":0,"h3_10":"8a1e2e693b1ffff","h3_11":"8b1e2e693b18fff"},"geometry":{"type":"Polygon","coordinates":[[[19.955726,49.998345],[19.955731,49.99828],[19.955775,49.998281],[19.95577,49.998347],[19.955726,49.998345]]]}},{"type":"Feature","id":"w708456366","properties":{"type":"yes","residential":false,"residents_est":0,"h3_10":"8a1e2e693b07fff","h3_11":"8b1e2e693b05fff"},"geometry":{"type":"Polygon","coordinates":[[[19.955801,49.999425],[19.955804,49.999388],[19.955907,49.999392],[19.955904,49.999428],[19.955801,49.999425]]]}},{"type":"Feature","id":"w708456367","properties":{"type":"yes","residential":true,"residents_est":2,"h3_10":"8a1e2e693b2ffff","h3_11":"8b1e2e693b2afff"},"geometry":{"type":"Polygon","coordinates":[[[19.956593,49.999519],[19.956701,49.999507],[19.956719,49.999582],[19.956612,49.999593],[19.956593,49.999519]]]}},{"type":"Feature","id":"w708456370","properties":{"type":"yes","residential":false,"residents_est":0,"h3_10":"8a1e2e693b57fff","h3_11":"8b1e2e693b55fff"},"geometry":{"type":"Polygon","coordinates":[[[19.959198,49.998953],[19.959238,49.998952],[19.959243,49.999011],[19.959203,49.999012],[19.959198,49.998953]]]}},{"type":"Feature","id":"w708456371","properties":{"type":"yes","residential":false,"residents_est":0,"h3_10":"8a1e2e693b57fff","h3_11":"8b1e2e693b55fff"},"geometry":{"type":"Polygon","coordinates":[[[19.959538,49.99882],[19.959542,49.998787],[19.959621,49.998791],[19.959617,49.998824],[19.959538,49.99882]]]}},{"type":"Feature","id":"w708456373","properties":{"type":"yes","residential":false,"residents_est":0,"h3_10":"8a1e2e693b47fff","h3_11":"8b1e2e693b42fff"},"geometry":{"type":"Polygon","coordinates":[[[19.959921,49.998863],[19.959986,49.99886],[19.959989,49.998893],[19.959925,49.998896],[19.959921,49.998863]]]}},{"type":"Feature","id":"w708456374","properties":{"type":"yes","residential":false,"residents_est":0,"h3_10":"8a1e2e693b5ffff","h3_11":"8b1e2e693b5cfff"},"geometry":{"type":"Polygon","coordinates":[[[19.960371,49.998705],[19.960418,49.998704],[19.960419,49.998762],[19.960373,49.998763],[19.960371,49.998705]]]}},{"type":"Feature","id":"w708456375","properties":{"type":"yes","residential":false,"residents_est":0,"h3_10":"8a1e2e693b5ffff","h3_11":"8b1e2e693b5cfff"},"geometry":{"type":"Polygon","coordinates":[[[19.960377,49.998591],[19.960417,49.99859],[19.96042,49.998644],[19.96038,49.998644],[19.960377,49.998591]]]}},{"type":"Feature","id":"w708456378","properties":{"type":"yes","residential":false,"residents_est":0,"h3_10":"8a1e2e693b5ffff","h3_11":"8b1e2e693b5bfff"},"geometry":{"type":"Polygon","coordinates":[[[19.960909,49.997623],[19.960968,49.997617],[19.960983,49.997689],[19.960926,49.997694],[19.960909,49.997623]]]}},{"type":"Feature","id":"w708456379","properties":{"type":"yes","residential":false,"residents_est":0,"h3_10":"8a1e2e693b5ffff","h3_11":"8b1e2e693b5afff"},"geometry":{"type":"Polygon","coordinates":[[[19.960592,49.997686],[19.96065,49.99768],[19.960665,49.997741],[19.960607,49.997747],[19.960592,49.997686]]]}},{"type":"Feature","id":"w708456380","properties":{"type":"yes","residential":false,"residents_est":0,"h3_10":"8a1e2e693a37fff","h3_11":"8b1e2e693a35fff"},"geometry":{"type":"Polygon","coordinates":[[[19.956488,49.997473],[19.956499,49.997408],[19.956547,49.997412],[19.956536,49.997476],[19.956488,49.997473]]]}},{"type":"Feature","id":"w708456381","properties":{"type":"yes","residential":false,"residents_est":0,"h3_10":"8a1e2e693a37fff","h3_11":"8b1e2e693a31fff"},"geometry":{"type":"Polygon","coordinates":[[[19.956825,49.997213],[19.956835,49.997187],[19.956914,49.997199],[19.956905,49.997225],[19.956825,49.997213]]]}},{"type":"Feature","id":"w708456382","properties":{"type":"yes","address":"Stepowa 4A","residential":true,"residents_est":3,"h3_10":"8a1e2e693a37fff","h3_11":"8b1e2e693a35fff"},"geometry":{"type":"Polygon","coordinates":[[[19.956782,49.997368],[19.956809,49.997293],[19.956967,49.997316],[19.95694,49.997391],[19.956782,49.997368]]]}},{"type":"Feature","id":"w708456383","properties":{"type":"yes","residential":false,"residents_est":0,"h3_10":"8a1e2e693a27fff","h3_11":"8b1e2e693a21fff"},"geometry":{"type":"Polygon","coordinates":[[[19.95842,49.997786],[19.958459,49.997786],[19.958462,49.997838],[19.958424,49.997838],[19.95842,49.997786]]]}},{"type":"Feature","id":"w708456384","properties":{"type":"yes","address":"Podgórki 13","residential":true,"residents_est":3,"h3_10":"8a1e2e693a27fff","h3_11":"8b1e2e693a21fff"},"geometry":{"type":"Polygon","coordinates":[[[19.958323,49.99771],[19.958324,49.997635],[19.95849,49.997637],[19.958488,49.997712],[19.958323,49.99771]]]}},{"type":"Feature","id":"w708456385","properties":{"type":"yes","address":"Podgórki 13A","residential":true,"residents_est":3,"h3_10":"8a1e2e693a2ffff","h3_11":"8b1e2e693a2cfff"},"geometry":{"type":"Polygon","coordinates":[[[19.958601,49.997727],[19.958603,49.997652],[19.958768,49.997653],[19.958766,49.997729],[19.958601,49.997727]]]}},{"type":"Feature","id":"w708456386","properties":{"type":"yes","residential":false,"residents_est":0,"h3_10":"8a1e2e693a2ffff","h3_11":"8b1e2e693a2dfff"},"geometry":{"type":"Polygon","coordinates":[[[19.959419,49.99769],[19.959483,49.997685],[19.95949,49.99772],[19.959425,49.997725],[19.959419,49.99769]]]}},{"type":"Feature","id":"w708456387","properties":{"type":"yes","residential":false,"residents_est":0,"h3_10":"8a1e2e693a2ffff","h3_11":"8b1e2e693a2afff"},"geometry":{"type":"Polygon","coordinates":[[[19.958855,49.997028],[19.958906,49.99697],[19.958952,49.996987],[19.958901,49.997045],[19.958855,49.997028]]]}},{"type":"Feature","id":"w708456388","properties":{"type":"yes","residential":true,"residents_est":2,"h3_10":"8a1e2e693a07fff","h3_11":"8b1e2e693a04fff"},"geometry":{"type":"Polygon","coordinates":[[[19.957753,49.997094],[19.957767,49.997054],[19.957924,49.997076],[19.957937,49.997039],[19.957966,49.997044],[19.957938,49.997122],[19.957753,49.997094]]]}},{"type":"Feature","id":"w708456389","properties":{"type":"yes","address":"Stepowa 6G","residential":true,"residents_est":4,"h3_10":"8a1e2e693a07fff","h3_11":"8b1e2e693a06fff"},"geometry":{"type":"Polygon","coordinates":[[[19.956895,49.996879],[19.956919,49.996798],[19.957155,49.996828],[19.957137,49.996883],[19.957058,49.996873],[19.95705,49.996898],[19.956895,49.996879]]]}},{"type":"Feature","id":"w708456390","properties":{"type":"yes","address":"Stepowa 8","residential":true,"residents_est":3,"h3_10":"8a1e2e693a07fff","h3_11":"8b1e2e693a06fff"},"geometry":{"type":"Polygon","coordinates":[[[19.957062,49.996595],[19.957064,49.996571],[19.957077,49.996572],[19.957081,49.996531],[19.957172,49.996536],[19.957165,49.996595],[19.957178,49.996595],[19.957173,49.99665],[19.957071,49.996646],[19.957075,49.996596],[19.957062,49.996595]]]}},{"type":"Feature","id":"w708456391","properties":{"type":"yes","address":"Stepowa 8c","residential":true,"residents_est":3,"h3_10":"8a1e2e693a07fff","h3_11":"8b1e2e693a06fff"},"geometry":{"type":"Polygon","coordinates":[[[19.956869,49.99664],[19.956883,49.996469],[19.956966,49.996473],[19.956959,49.996563],[19.956926,49.996562],[19.956924,49.996584],[19.956931,49.996585],[19.956926,49.996643],[19.956869,49.99664]]]}},{"type":"Feature","id":"w708456392","properties":{"type":"yes","address":"Stepowa 8e","residential":true,"residents_est":2,"h3_10":"8a1e2e693a37fff","h3_11":"8b1e2e693a33fff"},"geometry":{"type":"Polygon","coordinates":[[[19.956575,49.996603],[19.956587,49.996468],[19.956672,49.996471],[19.956665,49.996553],[19.95663,49.996551],[19.956625,49.996605],[19.956575,49.996603]]]}},{"type":"Feature","id":"w708456393","properties":{"type":"yes","address":"Stepowa 8g","residential":true,"residents_est":2,"h3_10":"8a1e2e693a17fff","h3_11":"8b1e2e693a14fff"},"geometry":{"type":"Polygon","coordinates":[[[19.956264,49.996557],[19.956272,49.996459],[19.956357,49.996462],[19.956356,49.996475],[19.956368,49.996476],[19.956366,49.996504],[19.956354,49.996503],[19.956351,49.996541],[19.956313,49.99654],[19.956312,49.996559],[19.956264,49.996557]]]}},{"type":"Feature","id":"w708456394","properties":{"type":"yes","residential":false,"residents_est":0,"h3_10":"8a1e2e693a17fff","h3_11":"8b1e2e693a14fff"},"geometry":{"type":"Polygon","coordinates":[[[19.956078,49.996534],[19.956101,49.996475],[19.956135,49.996478],[19.956131,49.996536],[19.956078,49.996534]]]}},{"type":"Feature","id":"w708456395","properties":{"type":"yes","residential":false,"residents_est":0,"h3_10":"8a1e2e693b9ffff","h3_11":"8b1e2e693b9dfff"},"geometry":{"type":"Polygon","coordinates":[[[19.953268,49.996002],[19.953356,49.995967],[19.953388,49.996002],[19.953352,49.996016],[19.953347,49.99601],[19.953295,49.99603],[19.953268,49.996002]]]}},{"type":"Feature","id":"w708456396","properties":{"type":"yes","residential":false,"residents_est":0,"h3_10":"8a1e2e693b9ffff","h3_11":"8b1e2e693b99fff"},"geometry":{"type":"Polygon","coordinates":[[[19.9539,49.99575],[19.953958,49.995739],[19.953985,49.995801],[19.953927,49.995812],[19.9539,49.99575]]]}},{"type":"Feature","id":"w708456397","properties":{"type":"yes","address":"Wyrwa 10","residential":true,"residents_est":2,"h3_10":"8a1e2e693b9ffff","h3_11":"8b1e2e693b9dfff"},"geometry":{"type":"Polygon","coordinates":[[[19.953709,49.995781],[19.953782,49.995766],[19.953824,49.995852],[19.953751,49.995866],[19.953709,49.995781]]]}},{"type":"Feature","id":"w708456398","properties":{"type":"yes","residential":false,"residents_est":0,"h3_10":"8a1e2e693b8ffff","h3_11":"8b1e2e693b8afff"},"geometry":{"type":"Polygon","coordinates":[[[19.954284,49.996056],[19.954398,49.996012],[19.954422,49.996037],[19.954307,49.996081],[19.954284,49.996056]]]}},{"type":"Feature","id":"w708456399","properties":{"type":"yes","address":"Wyrwa 10d","residential":true,"residents_est":4,"h3_10":"8a1e2e693b8ffff","h3_11":"8b1e2e693b8efff"},"geometry":{"type":"Polygon","coordinates":[[[19.954139,49.996227],[19.954232,49.99619],[19.954226,49.996184],[19.954278,49.996164],[19.954334,49.996224],[19.954292,49.996241],[19.954323,49.996273],[19.954305,49.99628],[19.954317,49.996293],[19.954257,49.996316],[19.954244,49.996303],[19.954221,49.996312],[19.954139,49.996227]]]}},{"type":"Feature","id":"w708456400","properties":{"type":"yes","address":"Wyrwa 10e","residential":true,"residents_est":4,"h3_10":"8a1e2e693b8ffff","h3_11":"8b1e2e693b8afff"},"geometry":{"type":"Polygon","coordinates":[[[19.954278,49.996164],[19.954328,49.996145],[19.954335,49.996152],[19.954428,49.996115],[19.954511,49.9962],[19.954484,49.996211],[19.954496,49.996223],[19.954438,49.996246],[19.954425,49.996233],[19.954407,49.99624],[19.954375,49.996208],[19.954334,49.996224],[19.954278,49.996164]]]}},{"type":"Feature","id":"w708456401","properties":{"type":"yes","address":"Wyrwa 8g","residential":true,"residents_est":6,"h3_10":"8a1e2e693b8ffff","h3_11":"8b1e2e693b89fff"},"geometry":{"type":"Polygon","coordinates":[[[19.955007,49.996408],[19.955097,49.99639],[19.955087,49.996367],[19.955191,49.996348],[19.955202,49.996371],[19.955292,49.996355],[19.955323,49.996425],[19.955037,49.996477],[19.955007,49.996408]]]}},{"type":"Feature","id":"w708456402","properties":{"type":"yes","residential":false,"residents_est":0,"h3_10":"8a1e2e693b8ffff","h3_11":"8b1e2e693b89fff"},"geometry":{"type":"Polygon","coordinates":[[[19.95553,49.996426],[19.955551,49.996392],[19.955629,49.996411],[19.955607,49.996446],[19.95553,49.996426]]]}},{"type":"Feature","id":"w708456403","properties":{"type":"yes","residential":false,"residents_est":0,"h3_10":"8a1e2e693a17fff","h3_11":"8b1e2e693a15fff"},"geometry":{"type":"Polygon","coordinates":[[[19.956833,49.996354],[19.956903,49.996352],[19.956905,49.99638],[19.956835,49.996382],[19.956833,49.996354]]]}},{"type":"Feature","id":"w708456404","properties":{"type":"yes","residential":false,"residents_est":0,"h3_10":"8a1e2e693a17fff","h3_11":"8b1e2e693a16fff"},"geometry":{"type":"Polygon","coordinates":[[[19.955685,49.995772],[19.955733,49.99573],[19.955781,49.995752],[19.955733,49.995795],[19.955685,49.995772]]]}},{"type":"Feature","id":"w708456407","properties":{"type":"yes","residential":true,"residents_est":4,"h3_10":"8a1e2e693a07fff","h3_11":"8b1e2e693a03fff"},"geometry":{"type":"Polygon","coordinates":[[[19.958464,49.996207],[19.958495,49.996134],[19.958653,49.996162],[19.958637,49.996201],[19.958616,49.996197],[19.958581,49.996284],[19.958467,49.996264],[19.958489,49.996212],[19.958464,49.996207]]]}},{"type":"Feature","id":"w708456408","properties":{"type":"yes","address":"Podgórki 27","residential":true,"residents_est":7,"h3_10":"8a1e2e693a0ffff","h3_11":"8b1e2e693a0bfff"},"geometry":{"type":"Polygon","coordinates":[[[19.959784,49.996027],[19.959817,49.99597],[19.959899,49.995989],[19.959916,49.995959],[19.959901,49.995956],[19.959928,49.995909],[19.960053,49.995938],[19.960021,49.995993],[19.960108,49.996014],[19.960061,49.996094],[19.959784,49.996027]]]}},{"type":"Feature","id":"w708456409","properties":{"type":"detached","address":"Podgórki 25","residential":true,"residents_est":10,"h3_10":"8a1e2e693a0ffff","h3_11":"8b1e2e693a08fff"},"geometry":{"type":"Polygon","coordinates":[[[19.959675,49.996233],[19.959708,49.996178],[19.95973,49.996184],[19.95974,49.996167],[19.959732,49.996165],[19.95975,49.996133],[19.959803,49.996146],[19.959812,49.996132],[19.959923,49.996158],[19.959897,49.996205],[19.959889,49.996204],[19.95988,49.996219],[19.959903,49.996224],[19.959882,49.996262],[19.959798,49.996242],[19.959788,49.99626],[19.959675,49.996233]]]}},{"type":"Feature","id":"w708456410","properties":{"type":"yes","residential":false,"residents_est":0,"h3_10":"8a1e2e693a0ffff","h3_11":"8b1e2e693a0bfff"},"geometry":{"type":"Polygon","coordinates":[[[19.959749,49.995868],[19.95976,49.995838],[19.959839,49.99585],[19.959828,49.99588],[19.959749,49.995868]]]}},{"type":"Feature","id":"w708456411","properties":{"type":"yes","residential":false,"residents_est":0,"h3_10":"8a1e2e693ac7fff","h3_11":"8b1e2e693ac1fff"},"geometry":{"type":"Polygon","coordinates":[[[19.961238,49.994277],[19.961303,49.994219],[19.96137,49.99425],[19.961337,49.994279],[19.961313,49.99427],[19.961282,49.994298],[19.961238,49.994277]]]}},{"type":"Feature","id":"w708456412","properties":{"type":"yes","address":"Podgórki 38","residential":true,"residents_est":3,"h3_10":"8a1e2e693ac7fff","h3_11":"8b1e2e693ac5fff"},"geometry":{"type":"Polygon","coordinates":[[[19.960654,49.994364],[19.96068,49.994328],[19.960711,49.994338],[19.960744,49.994286],[19.960813,49.994306],[19.960821,49.994324],[19.960805,49.994346],[19.960825,49.994352],[19.960787,49.994406],[19.960767,49.994401],[19.960753,49.994421],[19.960667,49.994396],[19.960683,49.994373],[19.960654,49.994364]]]}},{"type":"Feature","id":"w708456414","properties":{"type":"yes","address":"Stepowa 14","residential":true,"residents_est":6,"h3_10":"8a1e2e693aaffff","h3_11":"8b1e2e693aa8fff"},"geometry":{"type":"Polygon","coordinates":[[[19.956855,49.995019],[19.956857,49.994928],[19.956967,49.994929],[19.956966,49.994938],[19.957028,49.994939],[19.957028,49.99492],[19.957075,49.99492],[19.957074,49.994977],[19.957047,49.994977],[19.957048,49.995079],[19.956953,49.995079],[19.956952,49.995018],[19.956855,49.995019]]]}},{"type":"Feature","id":"w708456416","properties":{"type":"yes","residential":false,"residents_est":0,"h3_10":"8a1e2e693a97fff","h3_11":"8b1e2e693a95fff"},"geometry":{"type":"Polygon","coordinates":[[[19.95452,49.993887],[19.954532,49.993828],[19.954587,49.993832],[19.954575,49.993892],[19.95452,49.993887]]]}},{"type":"Feature","id":"w708456417","properties":{"type":"yes","residential":false,"residents_est":0,"h3_10":"8a1e2e693aaffff","h3_11":"8b1e2e693aabfff"},"geometry":{"type":"Polygon","coordinates":[[[19.957011,49.994392],[19.957012,49.99435],[19.957102,49.994349],[19.957102,49.994391],[19.957011,49.994392]]]}},{"type":"Feature","id":"w708456420","properties":{"type":"yes","address":"Stepowa 22","residential":false,"residents_est":0,"h3_10":"8a1e2e693a8ffff","h3_11":"8b1e2e693a8cfff"},"geometry":{"type":"Polygon","coordinates":[[[19.956911,49.993964],[19.956934,49.993902],[19.957008,49.993914],[19.956985,49.993975],[19.956911,49.993964]]]}},{"type":"Feature","id":"w708456421","properties":{"type":"yes","address":"Stepowa 22b","residential":true,"residents_est":18,"h3_10":"8a1e2e693a87fff","h3_11":"8b1e2e693a81fff"},"geometry":{"type":"Polygon","coordinates":[[[19.95625,49.993981],[19.956282,49.9939],[19.956655,49.993965],[19.956624,49.994045],[19.956456,49.994016],[19.956452,49.994023],[19.956391,49.994013],[19.956375,49.994048],[19.956251,49.994026],[19.956269,49.993984],[19.95625,49.993981]]]}},{"type":"Feature","id":"w708456422","properties":{"type":"yes","residential":false,"residents_est":0,"h3_10":"8a1e2e693ad7fff","h3_11":"8b1e2e693ad6fff"},"geometry":{"type":"Polygon","coordinates":[[[19.95835,49.993575],[19.958371,49.993489],[19.95842,49.993494],[19.958399,49.99358],[19.95835,49.993575]]]}},{"type":"Feature","id":"w708456424","properties":{"type":"detached","address":"Stepowa 25a","residential":true,"residents_est":5,"h3_10":"8a1e2e693a8ffff","h3_11":"8b1e2e693a8bfff"},"geometry":{"type":"Polygon","coordinates":[[[19.957803,49.993495],[19.957808,49.993479],[19.957825,49.993472],[19.957831,49.993449],[19.957953,49.993463],[19.957933,49.993541],[19.95781,49.993528],[19.957816,49.993505],[19.957803,49.993495]]]}},{"type":"Feature","id":"w708456425","properties":{"type":"yes","address":"Stepowa 36","residential":true,"residents_est":2,"h3_10":"8a1e2e693ad7fff","h3_11":"8b1e2e693ad3fff"},"geometry":{"type":"Polygon","coordinates":[[[19.958908,49.993086],[19.958918,49.993059],[19.958946,49.993063],[19.95896,49.993025],[19.959039,49.993037],[19.959005,49.993125],[19.958928,49.993113],[19.958936,49.993091],[19.958908,49.993086]]]}},{"type":"Feature","id":"w708513942","properties":{"type":"yes","residential":true,"residents_est":2,"h3_10":"8a1e2e693a5ffff","h3_11":"8b1e2e693a58fff"},"geometry":{"type":"Polygon","coordinates":[[[19.963283,49.995481],[19.963345,49.995475],[19.963356,49.995455],[19.963443,49.995476],[19.963414,49.995525],[19.963297,49.995538],[19.963283,49.995481]]]}},{"type":"Feature","id":"w708513944","properties":{"type":"yes","address":"Do Luboni 67c","residential":true,"residents_est":3,"h3_10":"8a1e2e693a5ffff","h3_11":"8b1e2e693a59fff"},"geometry":{"type":"Polygon","coordinates":[[[19.963934,49.995658],[19.96395,49.995656],[19.963944,49.995631],[19.964068,49.995618],[19.964073,49.995634],[19.964122,49.995628],[19.964137,49.995686],[19.963964,49.99571],[19.963958,49.995685],[19.963941,49.995687],[19.963934,49.995658]]]}},{"type":"Feature","id":"w708513949","properties":{"type":"yes","address":"Zdrojowa 26","residential":true,"residents_est":5,"h3_10":"8a1e2e693a67fff","h3_11":"8b1e2e693a60fff"},"geometry":{"type":"Polygon","coordinates":[[[19.962195,49.997773],[19.962249,49.997768],[19.962247,49.997744],[19.962316,49.997743],[19.962327,49.997913],[19.962205,49.997917],[19.962195,49.997773]]]}},{"type":"Feature","id":"w708513950","properties":{"type":"yes","residential":true,"residents_est":1,"h3_10":"8a1e2e693a47fff","h3_11":"8b1e2e693a45fff"},"geometry":{"type":"Polygon","coordinates":[[[19.963211,49.996894],[19.963292,49.996883],[19.963314,49.996949],[19.963234,49.996961],[19.963211,49.996894]]]}},{"type":"Feature","id":"w708513951","properties":{"type":"yes","address":"Miarowa 12","residential":true,"residents_est":6,"h3_10":"8a1e2e693a47fff","h3_11":"8b1e2e693a40fff"},"geometry":{"type":"Polygon","coordinates":[[[19.962949,49.996828],[19.963027,49.996822],[19.963028,49.996828],[19.963054,49.996826],[19.963051,49.99681],[19.963113,49.996806],[19.963125,49.996878],[19.963154,49.996876],[19.963166,49.996954],[19.963075,49.996959],[19.963072,49.996943],[19.963046,49.996945],[19.963047,49.996951],[19.962993,49.996954],[19.962988,49.996919],[19.962963,49.996921],[19.962949,49.996828]]]}},{"type":"Feature","id":"w708513952","properties":{"type":"yes","residential":true,"residents_est":2,"h3_10":"8a1e2e693a47fff","h3_11":"8b1e2e693a44fff"},"geometry":{"type":"Polygon","coordinates":[[[19.96269,49.997058],[19.962804,49.997047],[19.962815,49.997107],[19.9627,49.997114],[19.96269,49.997058]]]}},{"type":"Feature","id":"w708513953","properties":{"type":"yes","residential":false,"residents_est":0,"h3_10":"8a1e2e693a47fff","h3_11":"8b1e2e693a44fff"},"geometry":{"type":"Polygon","coordinates":[[[19.962237,49.997052],[19.962281,49.997049],[19.962292,49.997135],[19.962248,49.997138],[19.962237,49.997052]]]}},{"type":"Feature","id":"w708513954","properties":{"type":"yes","residential":false,"residents_est":0,"h3_10":"8a1e2e693a67fff","h3_11":"8b1e2e693a63fff"},"geometry":{"type":"Polygon","coordinates":[[[19.962744,49.997483],[19.962828,49.997482],[19.962836,49.997487],[19.962844,49.997525],[19.962754,49.997533],[19.962744,49.997483]]]}},{"type":"Feature","id":"w708513957","properties":{"type":"yes","address":"Wyżynna 20h","residential":false,"residents_est":0,"h3_10":"8a1e2e693a6ffff","h3_11":"8b1e2e693a6dfff"},"geometry":{"type":"Polygon","coordinates":[[[19.964588,49.997909],[19.964589,49.997872],[19.964657,49.997873],[19.964656,49.99791],[19.964588,49.997909]]]}},{"type":"Feature","id":"w708513959","properties":{"type":"yes","address":"Miarowa 29a","residential":true,"residents_est":6,"h3_10":"8a1e2e693a6ffff","h3_11":"8b1e2e693a6efff"},"geometry":{"type":"Polygon","coordinates":[[[19.963372,49.99747],[19.963582,49.997461],[19.963593,49.997569],[19.963496,49.997573],[19.963498,49.99759],[19.963443,49.997592],[19.963444,49.997604],[19.96342,49.997605],[19.963418,49.997593],[19.963385,49.997595],[19.963372,49.99747]]]}},{"type":"Feature","id":"w708513961","properties":{"type":"yes","residential":false,"residents_est":0,"h3_10":"8a1e2e693a6ffff","h3_11":"8b1e2e693a6cfff"},"geometry":{"type":"Polygon","coordinates":[[[19.963724,49.997876],[19.963773,49.997875],[19.963775,49.997925],[19.963726,49.997926],[19.963724,49.997876]]]}},{"type":"Feature","id":"w708513962","properties":{"type":"yes","address":"Miarowa 29ba","residential":true,"residents_est":2,"h3_10":"8a1e2e693a67fff","h3_11":"8b1e2e693a61fff"},"geometry":{"type":"Polygon","coordinates":[[[19.963477,49.997835],[19.963593,49.99783],[19.963601,49.997901],[19.963485,49.997907],[19.963477,49.997835]]]}},{"type":"Feature","id":"w708513963","properties":{"type":"yes","residential":true,"residents_est":1,"h3_10":"8a1e2e693a67fff","h3_11":"8b1e2e693a65fff"},"geometry":{"type":"Polygon","coordinates":[[[19.963112,49.99825],[19.963214,49.998249],[19.963216,49.998306],[19.963114,49.998307],[19.963112,49.99825]]]}},{"type":"Feature","id":"w712614630","properties":{"type":"yes","residential":true,"residents_est":1,"h3_10":"8a1e2e693b77fff","h3_11":"8b1e2e693b73fff"},"geometry":{"type":"Polygon","coordinates":[[[19.958701,49.999344],[19.958802,49.999341],[19.958807,49.999401],[19.958706,49.999405],[19.958701,49.999344]]]}},{"type":"Feature","id":"w1194832148","properties":{"type":"outbuilding","levels":1.0,"residential":false,"residents_est":0,"h3_10":"8a1e2e693ac7fff","h3_11":"8b1e2e693ac6fff"},"geometry":{"type":"Polygon","coordinates":[[[19.959473,49.994323],[19.959502,49.994269],[19.959576,49.994286],[19.959546,49.99434],[19.959473,49.994323]]]}},{"type":"Feature","id":"w1194832251","properties":{"type":"house","levels":2.0,"residential":true,"residents_est":13,"h3_10":"8a1e2e693a87fff","h3_11":"8b1e2e693a83fff"},"geometry":{"type":"Polygon","coordinates":[[[19.955509,49.993794],[19.95554,49.993568],[19.955657,49.993575],[19.955626,49.993801],[19.955509,49.993794]]]}},{"type":"Feature","id":"w1194832325","properties":{"type":"house","levels":2.0,"address":"Stepowa 19","residential":true,"residents_est":10,"h3_10":"8a1e2e693af7fff","h3_11":"8b1e2e693af4fff"},"geometry":{"type":"Polygon","coordinates":[[[19.958107,49.994709],[19.958138,49.994638],[19.958214,49.994652],[19.958225,49.994627],[19.958246,49.994631],[19.958251,49.994619],[19.958348,49.994636],[19.958296,49.994756],[19.958199,49.994738],[19.958204,49.994727],[19.958107,49.994709]]]}},{"type":"Feature","id":"w1194832407","properties":{"type":"outbuilding","levels":1.0,"residential":false,"residents_est":0,"h3_10":"8a1e2e693ae7fff","h3_11":"8b1e2e693ae3fff"},"geometry":{"type":"Polygon","coordinates":[[[19.960205,49.994877],[19.960236,49.994827],[19.960312,49.994847],[19.96028,49.994897],[19.960205,49.994877]]]}},{"type":"Feature","id":"w1305575342","properties":{"type":"yes","residential":true,"residents_est":1,"h3_10":"8a1e2e693ba7fff","h3_11":"8b1e2e693ba0fff"},"geometry":{"type":"Polygon","coordinates":[[[19.95281,49.997889],[19.952902,49.997876],[19.952923,49.997939],[19.952831,49.997952],[19.95281,49.997889]]]}},{"type":"Feature","id":"w1305575343","properties":{"type":"yes","address":"Wyrwa 13K","residential":true,"residents_est":3,"h3_10":"8a1e2e693ba7fff","h3_11":"8b1e2e693ba0fff"},"geometry":{"type":"Polygon","coordinates":[[[19.952437,49.997714],[19.95251,49.997704],[19.95253,49.997769],[19.952539,49.997768],[19.952564,49.997832],[19.952481,49.997844],[19.952437,49.997714]]]}},{"type":"Feature","id":"w1305575345","properties":{"type":"yes","residential":true,"residents_est":6,"h3_10":"8a1e2e693baffff","h3_11":"8b1e2e693baafff"},"geometry":{"type":"Polygon","coordinates":[[[19.95375,49.996925],[19.953858,49.996879],[19.954021,49.997039],[19.953913,49.997085],[19.95375,49.996925]]]}},{"type":"Feature","id":"w1305575346","properties":{"type":"yes","address":"Wyrwa 13E","residential":true,"residents_est":5,"h3_10":"8a1e2e693ba7fff","h3_11":"8b1e2e693ba1fff"},"geometry":{"type":"Polygon","coordinates":[[[19.953539,49.997658],[19.953691,49.99763],[19.953757,49.997769],[19.953604,49.997796],[19.953539,49.997658]]]}},{"type":"Feature","id":"w1305575347","properties":{"type":"yes","address":"Wyrwa 13F","residential":true,"residents_est":6,"h3_10":"8a1e2e693ba7fff","h3_11":"8b1e2e693ba1fff"},"geometry":{"type":"Polygon","coordinates":[[[19.953387,49.99769],[19.953539,49.997658],[19.953604,49.997796],[19.953452,49.997828],[19.953387,49.99769]]]}},{"type":"Feature","id":"w1305575348","properties":{"type":"yes","address":"Wyrwa 13G","residential":true,"residents_est":5,"h3_10":"8a1e2e693ba7fff","h3_11":"8b1e2e693ba1fff"},"geometry":{"type":"Polygon","coordinates":[[[19.953105,49.997726],[19.953257,49.997698],[19.953323,49.997837],[19.95317,49.997864],[19.953105,49.997726]]]}},{"type":"Feature","id":"w1305575349","properties":{"type":"yes","address":"Wyrwa 13H","residential":true,"residents_est":6,"h3_10":"8a1e2e693ba7fff","h3_11":"8b1e2e693ba1fff"},"geometry":{"type":"Polygon","coordinates":[[[19.952953,49.997758],[19.953105,49.997726],[19.95317,49.997864],[19.953018,49.997897],[19.952953,49.997758]]]}},{"type":"Feature","id":"w1305575376","properties":{"type":"yes","residential":true,"residents_est":2,"h3_10":"8a1e2e693ab7fff","h3_11":"8b1e2e693ab4fff"},"geometry":{"type":"Polygon","coordinates":[[[19.953199,49.994896],[19.953312,49.994831],[19.953358,49.994864],[19.953245,49.994929],[19.953199,49.994896]]]}},{"type":"Feature","id":"w1306546821","properties":{"type":"yes","residential":true,"residents_est":4,"h3_10":"8a1e2e693a8ffff","h3_11":"8b1e2e693a89fff"},"geometry":{"type":"Polygon","coordinates":[[[19.957668,49.993729],[19.957694,49.993645],[19.957721,49.993648],[19.957726,49.993628],[19.957771,49.993634],[19.957765,49.993654],[19.957898,49.99367],[19.957873,49.993752],[19.957668,49.993729]]]}},{"type":"Feature","id":"w1306546824","properties":{"type":"yes","address":"Stepowa 40","residential":true,"residents_est":16,"h3_10":"8a1e2e693adffff","h3_11":"8b1e2e693adafff"},"geometry":{"type":"Polygon","coordinates":[[[19.960471,49.992713],[19.960486,49.992674],[19.960477,49.992673],[19.960513,49.992602],[19.960567,49.992611],[19.960578,49.992584],[19.960648,49.992595],[19.960646,49.9926],[19.960675,49.992605],[19.960677,49.992599],[19.960721,49.992605],[19.960719,49.992611],[19.960732,49.992613],[19.960709,49.992675],[19.960718,49.992676],[19.960705,49.992713],[19.960696,49.992712],[19.960673,49.992774],[19.960576,49.99276],[19.960586,49.992731],[19.96048,49.99272],[19.960482,49.992714],[19.960471,49.992713]]]}},{"type":"Feature","id":"w1307697059","properties":{"type":"yes","residential":false,"residents_est":0,"h3_10":"8a1e2e693a4ffff","h3_11":"8b1e2e693a4cfff"},"geometry":{"type":"Polygon","coordinates":[[[19.964303,49.996889],[19.964399,49.996888],[19.9644,49.996918],[19.964303,49.996918],[19.964303,49.996889]]]}},{"type":"Feature","id":"w1307697060","properties":{"type":"yes","residential":false,"residents_est":0,"h3_10":"8a1e2e693a4ffff","h3_11":"8b1e2e693a4cfff"},"geometry":{"type":"Polygon","coordinates":[[[19.964302,49.996855],[19.964399,49.996854],[19.964399,49.996888],[19.964303,49.996889],[19.964302,49.996855]]]}},{"type":"Feature","id":"w1307697061","properties":{"type":"yes","residential":false,"residents_est":0,"h3_10":"8a1e2e693a4ffff","h3_11":"8b1e2e693a4dfff"},"geometry":{"type":"Polygon","coordinates":[[[19.965087,49.996594],[19.965139,49.996589],[19.965151,49.996639],[19.965099,49.996644],[19.965087,49.996594]]]}},{"type":"Feature","id":"r17934647","properties":{"type":"yes","address":"Wyżynna 12g","residential":true,"residents_est":17,"h3_10":"8a1e2e693b6ffff","h3_11":"8b1e2e693b69fff"},"geometry":{"type":"Polygon","coordinates":[[[19.962563,50.00009],[19.962568,49.999899],[19.96264,49.9999],[19.962639,49.999913],[19.962694,49.999914],[19.962695,49.999901],[19.962787,49.999902],[19.96278,50.000093],[19.962563,50.00009]],[[19.962636,50.000066],[19.962691,50.000066],[19.962692,49.999965],[19.962638,49.999964],[19.962636,50.000066]]]}},{"type":"Feature","id":"w1307697069","properties":{"type":"yes","residential":false,"residents_est":0,"h3_10":"8a1e2e693a67fff","h3_11":"8b1e2e693a60fff"},"geometry":{"type":"Polygon","coordinates":[[[19.962771,49.997817],[19.962776,49.997759],[19.962821,49.99776],[19.962816,49.997819],[19.962771,49.997817]]]}},{"type":"Feature","id":"w1307697070","properties":{"type":"yes","address":"Zdrojowa 15","residential":true,"residents_est":4,"h3_10":"8a1e2e693a67fff","h3_11":"8b1e2e693a60fff"},"geometry":{"type":"Polygon","coordinates":[[[19.962573,49.997837],[19.962581,49.997751],[19.962776,49.997759],[19.962768,49.997845],[19.962573,49.997837]]]}},{"type":"Feature","id":"w1307697071","properties":{"type":"yes","address":"Miarowa 29c","residential":true,"residents_est":5,"h3_10":"8a1e2e693a6ffff","h3_11":"8b1e2e693a6cfff"},"geometry":{"type":"Polygon","coordinates":[[[19.963846,49.997755],[19.963995,49.997755],[19.963996,49.997789],[19.964002,49.997789],[19.964002,49.997846],[19.963989,49.997847],[19.963987,49.99789],[19.963846,49.99789],[19.963846,49.997755]]]}},{"type":"Feature","id":"w1307697075","properties":{"type":"yes","residential":false,"residents_est":0,"h3_10":"8a1e2e693a4ffff","h3_11":"8b1e2e693a4bfff"},"geometry":{"type":"Polygon","coordinates":[[[19.964971,49.996033],[19.965025,49.996032],[19.965028,49.99609],[19.964974,49.996091],[19.964971,49.996033]]]}},{"type":"Feature","id":"w1307697095","properties":{"type":"yes","residential":true,"residents_est":2,"h3_10":"8a1e2e693b5ffff","h3_11":"8b1e2e693b5afff"},"geometry":{"type":"Polygon","coordinates":[[[19.960441,49.997734],[19.960544,49.997723],[19.960559,49.997783],[19.960455,49.997794],[19.960441,49.997734]]]}},{"type":"Feature","id":"w1307697099","properties":{"type":"yes","residential":false,"residents_est":0,"h3_10":"8a1e2e693b77fff","h3_11":"8b1e2e693b73fff"},"geometry":{"type":"Polygon","coordinates":[[[19.958918,49.99918],[19.958925,49.999126],[19.959002,49.99913],[19.958998,49.999184],[19.958918,49.99918]]]}},{"type":"Feature","id":"w1307697100","properties":{"type":"yes","address":"Podgórki 9","residential":true,"residents_est":3,"h3_10":"8a1e2e693b57fff","h3_11":"8b1e2e693b54fff"},"geometry":{"type":"Polygon","coordinates":[[[19.958648,49.999169],[19.958666,49.999084],[19.958814,49.999097],[19.9588,49.999163],[19.958693,49.999153],[19.958689,49.999173],[19.958648,49.999169]]]}},{"type":"Feature","id":"w1307697101","properties":{"type":"yes","address":"Podgórki 29B","residential":true,"residents_est":4,"h3_10":"8a1e2e693ae7fff","h3_11":"8b1e2e693ae5fff"},"geometry":{"type":"Polygon","coordinates":[[[19.96037,49.995614],[19.960408,49.995575],[19.960439,49.995588],[19.960499,49.995524],[19.960628,49.995575],[19.960549,49.995658],[19.960477,49.99563],[19.960458,49.995649],[19.96037,49.995614]]]}},{"type":"Feature","id":"w1307697102","properties":{"type":"yes","address":"Podgórki 31","residential":true,"residents_est":5,"h3_10":"8a1e2e693ae7fff","h3_11":"8b1e2e693ae1fff"},"geometry":{"type":"Polygon","coordinates":[[[19.960334,49.995324],[19.960389,49.99528],[19.960383,49.995277],[19.960482,49.995198],[19.960588,49.995253],[19.960432,49.995373],[19.960334,49.995324]]]}},{"type":"Feature","id":"w1307697103","properties":{"type":"yes","address":"Podgórki 23","residential":true,"residents_est":4,"h3_10":"8a1e2e693a0ffff","h3_11":"8b1e2e693a08fff"},"geometry":{"type":"Polygon","coordinates":[[[19.959574,49.996382],[19.95963,49.99628],[19.959769,49.996312],[19.959744,49.996356],[19.959731,49.996353],[19.959699,49.996411],[19.959574,49.996382]]]}},{"type":"Feature","id":"w1307697104","properties":{"type":"yes","residential":false,"residents_est":0,"h3_10":"8a1e2e693a0ffff","h3_11":"8b1e2e693a08fff"},"geometry":{"type":"Polygon","coordinates":[[[19.959429,49.996357],[19.959448,49.996321],[19.959557,49.996344],[19.959538,49.99638],[19.959429,49.996357]]]}},{"type":"Feature","id":"w1307697120","properties":{"type":"yes","residential":false,"residents_est":0,"h3_10":"8a1e2e693b37fff","h3_11":"8b1e2e693b32fff"},"geometry":{"type":"Polygon","coordinates":[[[19.953005,49.999301],[19.953024,49.999242],[19.953086,49.999251],[19.953071,49.999311],[19.953005,49.999301]]]}},{"type":"Feature","id":"w1307697121","properties":{"type":"yes","residential":false,"residents_est":0,"h3_10":"8a1e2e693b17fff","h3_11":"8b1e2e693b10fff"},"geometry":{"type":"Polygon","coordinates":[[[19.953921,49.998358],[19.953931,49.99832],[19.953984,49.998326],[19.953972,49.998364],[19.953921,49.998358]]]}},{"type":"Feature","id":"w1307697123","properties":{"type":"detached","address":"Podgórki 14","residential":true,"residents_est":5,"h3_10":"8a1e2e693b0ffff","h3_11":"8b1e2e693b0bfff"},"geometry":{"type":"Polygon","coordinates":[[[19.957749,49.998581],[19.957765,49.998497],[19.957876,49.998506],[19.95786,49.99859],[19.957749,49.998581]]]}},{"type":"Feature","id":"w1307697124","properties":{"type":"yes","residential":true,"residents_est":4,"h3_10":"8a1e2e693a27fff","h3_11":"8b1e2e693a21fff"},"geometry":{"type":"Polygon","coordinates":[[[19.958534,49.99783],[19.958577,49.99783],[19.958578,49.997799],[19.958756,49.997801],[19.958755,49.997888],[19.958625,49.99788],[19.958625,49.99789],[19.958534,49.997891],[19.958534,49.99783]]]}},{"type":"Feature","id":"w1307697125","properties":{"type":"yes","residential":false,"residents_est":0,"h3_10":"8a1e2e693a07fff","h3_11":"8b1e2e693a02fff"},"geometry":{"type":"Polygon","coordinates":[[[19.957624,49.996147],[19.957639,49.996146],[19.957638,49.996137],[19.957751,49.996131],[19.957754,49.996172],[19.957626,49.996177],[19.957624,49.996147]]]}},{"type":"Feature","id":"w1307697127","properties":{"type":"yes","address":"Stepowa 3a","residential":true,"residents_est":2,"h3_10":"8a1e2e693a27fff","h3_11":"8b1e2e693a22fff"},"geometry":{"type":"Polygon","coordinates":[[[19.957191,49.997335],[19.957206,49.997295],[19.95739,49.997323],[19.957375,49.997364],[19.957191,49.997335]]]}},{"type":"Feature","id":"w1307697128","properties":{"type":"yes","residential":true,"residents_est":4,"h3_10":"8a1e2e693b8ffff","h3_11":"8b1e2e693b8cfff"},"geometry":{"type":"Polygon","coordinates":[[[19.954521,49.996681],[19.954587,49.996654],[19.95458,49.996647],[19.95464,49.996622],[19.954703,49.996686],[19.954696,49.996689],[19.954724,49.996716],[19.954614,49.996763],[19.954521,49.996681]]]}},{"type":"Feature","id":"w1307697129","properties":{"type":"yes","residential":true,"residents_est":3,"h3_10":"8a1e2e693b8ffff","h3_11":"8b1e2e693b8cfff"},"geometry":{"type":"Polygon","coordinates":[[[19.954614,49.996763],[19.954724,49.996716],[19.954823,49.996805],[19.954763,49.996831],[19.954755,49.996823],[19.954692,49.99685],[19.954652,49.996812],[19.954661,49.996809],[19.954614,49.996763]]]}},{"type":"Feature","id":"w1307697136","properties":{"type":"yes","residential":true,"residents_est":2,"h3_10":"8a1e2e693aa7fff","h3_11":"8b1e2e693aa2fff"},"geometry":{"type":"Polygon","coordinates":[[[19.954516,49.995046],[19.954537,49.994994],[19.954658,49.995014],[19.954637,49.995066],[19.954516,49.995046]]]}},{"type":"Feature","id":"w1307697143","properties":{"type":"yes","residential":true,"residents_est":5,"h3_10":"8a1e2e693b8ffff","h3_11":"8b1e2e693b8bfff"},"geometry":{"type":"Polygon","coordinates":[[[19.955019,49.996025],[19.955061,49.995955],[19.955103,49.995965],[19.955108,49.995957],[19.955177,49.995974],[19.955172,49.995982],[19.955284,49.99601],[19.955225,49.996109],[19.955137,49.996087],[19.955154,49.996059],[19.955019,49.996025]]]}},{"type":"Feature","id":"w1307697144","properties":{"type":"yes","residential":false,"residents_est":0,"h3_10":"8a1e2e693b8ffff","h3_11":"8b1e2e693b8dfff"},"geometry":{"type":"Polygon","coordinates":[[[19.955284,49.996545],[19.955367,49.996533],[19.955387,49.996591],[19.955305,49.996603],[19.955284,49.996545]]]}},{"type":"Feature","id":"w1307697151","properties":{"type":"yes","residential":false,"residents_est":0,"h3_10":"8a1e2e693a17fff","h3_11":"8b1e2e693a16fff"},"geometry":{"type":"Polygon","coordinates":[[[19.95564,49.9959],[19.955674,49.995845],[19.955745,49.995863],[19.955711,49.995918],[19.95564,49.9959]]]}},{"type":"Feature","id":"w1307697152","properties":{"type":"yes","address":"Wyrwa 21","residential":true,"residents_est":3,"h3_10":"8a1e2e693a17fff","h3_11":"8b1e2e693a10fff"},"geometry":{"type":"Polygon","coordinates":[[[19.956433,49.99577],[19.956433,49.995705],[19.956623,49.995699],[19.956626,49.995764],[19.956433,49.99577]]]}},{"type":"Feature","id":"w1307697153","properties":{"type":"yes","residential":true,"residents_est":2,"h3_10":"8a1e2e693a17fff","h3_11":"8b1e2e693a12fff"},"geometry":{"type":"Polygon","coordinates":[[[19.956341,49.995685],[19.956434,49.995686],[19.956433,49.99577],[19.956343,49.995772],[19.956341,49.995685]]]}},{"type":"Feature","id":"w1307697154","properties":{"type":"yes","residential":false,"residents_est":0,"h3_10":"8a1e2e693a17fff","h3_11":"8b1e2e693a13fff"},"geometry":{"type":"Polygon","coordinates":[[[19.956933,49.995763],[19.956986,49.995762],[19.95699,49.995829],[19.956937,49.99583],[19.956933,49.995763]]]}},{"type":"Feature","id":"w1307706714","properties":{"type":"yes","residential":false,"residents_est":0,"h3_10":"8a1e2e693b37fff","h3_11":"8b1e2e693b32fff"},"geometry":{"type":"Polygon","coordinates":[[[19.953206,49.999173],[19.953216,49.999146],[19.953287,49.999156],[19.953277,49.999184],[19.953206,49.999173]]]}},{"type":"Feature","id":"w1307706721","properties":{"type":"yes","residential":false,"residents_est":0,"h3_10":"8a1e2e693b17fff","h3_11":"8b1e2e693b16fff"},"geometry":{"type":"Polygon","coordinates":[[[19.953048,49.99855],[19.953064,49.998488],[19.953132,49.998495],[19.953115,49.998557],[19.953048,49.99855]]]}},{"type":"Feature","id":"w1307706733","properties":{"type":"yes","residential":false,"residents_est":0,"h3_10":"8a1e2e693a1ffff","h3_11":"8b1e2e693a1dfff"},"geometry":{"type":"Polygon","coordinates":[[[19.958766,49.995994],[19.958784,49.99595],[19.958864,49.995963],[19.958847,49.996007],[19.958766,49.995994]]]}},{"type":"Feature","id":"w1307706736","properties":{"type":"yes","residential":true,"residents_est":4,"h3_10":"8a1e2e693a1ffff","h3_11":"8b1e2e693a1dfff"},"geometry":{"type":"Polygon","coordinates":[[[19.958547,49.995789],[19.958591,49.9957],[19.95876,49.995735],[19.958716,49.995823],[19.958547,49.995789]]]}},{"type":"Feature","id":"w1307706737","properties":{"type":"yes","residential":false,"residents_est":0,"h3_10":"8a1e2e693a1ffff","h3_11":"8b1e2e693a1dfff"},"geometry":{"type":"Polygon","coordinates":[[[19.958559,49.995958],[19.958567,49.995924],[19.958646,49.995932],[19.958638,49.995965],[19.958559,49.995958]]]}},{"type":"Feature","id":"w1307706739","properties":{"type":"yes","residential":true,"residents_est":5,"h3_10":"8a1e2e693a0ffff","h3_11":"8b1e2e693a0efff"},"geometry":{"type":"Polygon","coordinates":[[[19.958803,49.996272],[19.958866,49.996128],[19.958998,49.996152],[19.958935,49.996296],[19.958803,49.996272]]]}},{"type":"Feature","id":"w1307706744","properties":{"type":"yes","residential":false,"residents_est":0,"h3_10":"8a1e2e693a2ffff","h3_11":"8b1e2e693a2efff"},"geometry":{"type":"Polygon","coordinates":[[[19.958404,49.997451],[19.958423,49.997406],[19.958465,49.997413],[19.958446,49.997458],[19.958404,49.997451]]]}},{"type":"Feature","id":"w1307706749","properties":{"type":"yes","residential":false,"residents_est":0,"h3_10":"8a1e2e693a27fff","h3_11":"8b1e2e693a21fff"},"geometry":{"type":"Polygon","coordinates":[[[19.958389,49.997961],[19.95846,49.997959],[19.958462,49.997986],[19.958391,49.997989],[19.958389,49.997961]]]}},{"type":"Feature","id":"w1307706760","properties":{"type":"yes","residential":false,"residents_est":0,"h3_10":"8a1e2e693a17fff","h3_11":"8b1e2e693a10fff"},"geometry":{"type":"Polygon","coordinates":[[[19.956272,49.995853],[19.956319,49.995852],[19.956322,49.995919],[19.956275,49.99592],[19.956272,49.995853]]]}},{"type":"Feature","id":"w1307706761","properties":{"type":"yes","residential":false,"residents_est":0,"h3_10":"8a1e2e693a17fff","h3_11":"8b1e2e693a10fff"},"geometry":{"type":"Polygon","coordinates":[[[19.956813,49.995939],[19.956857,49.995936],[19.956865,49.995983],[19.956821,49.995986],[19.956813,49.995939]]]}},{"type":"Feature","id":"w1307816117","properties":{"type":"yes","residential":false,"residents_est":0,"h3_10":"8a1e2e693aeffff","h3_11":"8b1e2e693ae8fff"},"geometry":{"type":"Polygon","coordinates":[[[19.961751,49.99481],[19.961795,49.994784],[19.961854,49.994824],[19.96181,49.99485],[19.961751,49.99481]]]}},{"type":"Feature","id":"w1307816122","properties":{"type":"yes","residential":false,"residents_est":0,"h3_10":"8a1e2e693aeffff","h3_11":"8b1e2e693aeafff"},"geometry":{"type":"Polygon","coordinates":[[[19.961713,49.994444],[19.961772,49.9944],[19.961804,49.994419],[19.961745,49.994462],[19.961713,49.994444]]]}},{"type":"Feature","id":"w1307816125","properties":{"type":"yes","residential":false,"residents_est":0,"h3_10":"8a1e2e693ae7fff","h3_11":"8b1e2e693ae5fff"},"geometry":{"type":"Polygon","coordinates":[[[19.960393,49.995763],[19.96043,49.995721],[19.960507,49.995748],[19.96047,49.995791],[19.960393,49.995763]]]}},{"type":"Feature","id":"w1307816130","properties":{"type":"yes","residential":false,"residents_est":0,"h3_10":"8a1e2e693a0ffff","h3_11":"8b1e2e693a0afff"},"geometry":{"type":"Polygon","coordinates":[[[19.959583,49.996009],[19.959597,49.995985],[19.959668,49.996002],[19.959654,49.996026],[19.959583,49.996009]]]}},{"type":"Feature","id":"w1307816131","properties":{"type":"yes","residential":true,"residents_est":2,"h3_10":"8a1e2e693a0ffff","h3_11":"8b1e2e693a0afff"},"geometry":{"type":"Polygon","coordinates":[[[19.959513,49.996113],[19.959571,49.996017],[19.959643,49.996035],[19.959585,49.996131],[19.959513,49.996113]]]}},{"type":"Feature","id":"w1307816138","properties":{"type":"yes","residential":false,"residents_est":0,"h3_10":"8a1e2e693b77fff","h3_11":"8b1e2e693b70fff"},"geometry":{"type":"Polygon","coordinates":[[[19.95881,49.999748],[19.958858,49.999747],[19.95886,49.999794],[19.958813,49.999795],[19.95881,49.999748]]]}},{"type":"Feature","id":"w1307816145","properties":{"type":"yes","residential":false,"residents_est":0,"h3_10":"8a1e2e693b0ffff","h3_11":"8b1e2e693b0bfff"},"geometry":{"type":"Polygon","coordinates":[[[19.957685,49.998398],[19.957687,49.998368],[19.957752,49.99837],[19.95775,49.998399],[19.957685,49.998398]]]}},{"type":"Feature","id":"w1307816146","properties":{"type":"yes","residential":false,"residents_est":0,"h3_10":"8a1e2e693b17fff","h3_11":"8b1e2e693b11fff"},"geometry":{"type":"Polygon","coordinates":[[[19.95481,49.998329],[19.954818,49.998299],[19.954895,49.998307],[19.954887,49.998338],[19.95481,49.998329]]]}},{"type":"Feature","id":"w1307816147","properties":{"type":"yes","residential":false,"residents_est":0,"h3_10":"8a1e2e693b1ffff","h3_11":"8b1e2e693b1efff"},"geometry":{"type":"Polygon","coordinates":[[[19.954956,49.998315],[19.954974,49.998255],[19.955017,49.99826],[19.954998,49.99832],[19.954956,49.998315]]]}},{"type":"Feature","id":"w1307816148","properties":{"type":"yes","residential":false,"residents_est":0,"h3_10":"8a1e2e693b1ffff","h3_11":"8b1e2e693b1afff"},"geometry":{"type":"Polygon","coordinates":[[[19.955345,49.998016],[19.955355,49.997986],[19.955423,49.997994],[19.955414,49.998024],[19.955345,49.998016]]]}},{"type":"Feature","id":"w1308581220","properties":{"type":"yes","residential":true,"residents_est":1,"h3_10":"8a1e2e693a4ffff","h3_11":"8b1e2e693a4cfff"},"geometry":{"type":"Polygon","coordinates":[[[19.96422,49.996557],[19.964269,49.996544],[19.964331,49.996646],[19.964282,49.996659],[19.96422,49.996557]]]}},{"type":"Feature","id":"w1308581221","properties":{"type":"detached","address":"Miarowa 16E","residential":true,"residents_est":8,"h3_10":"8a1e2e693a47fff","h3_11":"8b1e2e693a41fff"},"geometry":{"type":"Polygon","coordinates":[[[19.963375,49.996819],[19.963569,49.996765],[19.963619,49.996838],[19.963568,49.996852],[19.963574,49.996861],[19.96348,49.996887],[19.963474,49.996878],[19.963424,49.996892],[19.963375,49.996819]]]}},{"type":"Feature","id":"w1308581222","properties":{"type":"detached","address":"Miarowa 16F","residential":true,"residents_est":8,"h3_10":"8a1e2e693a47fff","h3_11":"8b1e2e693a41fff"},"geometry":{"type":"Polygon","coordinates":[[[19.963269,49.996636],[19.96332,49.996623],[19.963314,49.996614],[19.963409,49.996589],[19.963414,49.996598],[19.963465,49.996585],[19.963512,49.996659],[19.963316,49.99671],[19.963269,49.996636]]]}},{"type":"Feature","id":"w1308581223","properties":{"type":"detached","address":"Miarowa 16C","residential":true,"residents_est":8,"h3_10":"8a1e2e693a47fff","h3_11":"8b1e2e693a41fff"},"geometry":{"type":"Polygon","coordinates":[[[19.963754,49.996637],[19.96387,49.996607],[19.963949,49.996733],[19.963834,49.996763],[19.963813,49.99673],[19.9638,49.996733],[19.963761,49.996672],[19.963775,49.996669],[19.963754,49.996637]]]}},{"type":"Feature","id":"w1308581224","properties":{"type":"detached","address":"Miarowa 16D","residential":true,"residents_est":8,"h3_10":"8a1e2e693a4ffff","h3_11":"8b1e2e693a4efff"},"geometry":{"type":"Polygon","coordinates":[[[19.963624,49.99643],[19.963739,49.9964],[19.963819,49.996526],[19.963703,49.996556],[19.963683,49.996523],[19.96367,49.996527],[19.963631,49.996466],[19.963644,49.996462],[19.963624,49.99643]]]}},{"type":"Feature","id":"w1308581225","properties":{"type":"detached","address":"Miarowa 16G","residential":true,"residents_est":8,"h3_10":"8a1e2e693a47fff","h3_11":"8b1e2e693a40fff"},"geometry":{"type":"Polygon","coordinates":[[[19.962842,49.996551],[19.962846,49.996471],[19.963058,49.996475],[19.963053,49.996555],[19.962998,49.996554],[19.962998,49.996563],[19.962895,49.996561],[19.962896,49.996552],[19.962842,49.996551]]]}},{"type":"Feature","id":"w1308581226","properties":{"type":"detached","address":"Miarowa 16H","residential":true,"residents_est":9,"h3_10":"8a1e2e693a47fff","h3_11":"8b1e2e693a42fff"},"geometry":{"type":"Polygon","coordinates":[[[19.962494,49.99655],[19.962498,49.99647],[19.96271,49.996474],[19.962706,49.996554],[19.962651,49.996553],[19.96265,49.996562],[19.962548,49.99656],[19.962548,49.996551],[19.962494,49.99655]]]}},{"type":"Feature","id":"w1308581227","properties":{"type":"detached","address":"Miarowa 16J","residential":true,"residents_est":8,"h3_10":"8a1e2e693a47fff","h3_11":"8b1e2e693a46fff"},"geometry":{"type":"Polygon","coordinates":[[[19.962015,49.996538],[19.962019,49.996458],[19.962231,49.996462],[19.962226,49.996542],[19.962171,49.996541],[19.962171,49.99655],[19.962069,49.996548],[19.962069,49.996539],[19.962015,49.996538]]]}},{"type":"Feature","id":"w1308581228","properties":{"type":"yes","residential":true,"residents_est":15,"h3_10":"8a1e2e693a47fff","h3_11":"8b1e2e693a42fff"},"geometry":{"type":"Polygon","coordinates":[[[19.962372,49.996187],[19.962405,49.996094],[19.962553,49.996117],[19.962573,49.996065],[19.962682,49.996082],[19.96262,49.996245],[19.962512,49.996229],[19.962524,49.996197],[19.962475,49.996189],[19.962471,49.996201],[19.962372,49.996187]]]}},{"type":"Feature","id":"w1308581231","properties":{"type":"yes","residential":false,"residents_est":0,"h3_10":"8a1e2e693a47fff","h3_11":"8b1e2e693a43fff"},"geometry":{"type":"Polygon","coordinates":[[[19.963044,49.996264],[19.963132,49.996263],[19.963133,49.996292],[19.963045,49.996293],[19.963044,49.996264]]]}},{"type":"Feature","id":"w1308581237","properties":{"type":"yes","residential":false,"residents_est":0,"h3_10":"8a1e2e693a4ffff","h3_11":"8b1e2e693a4cfff"},"geometry":{"type":"Polygon","coordinates":[[[19.964391,49.996635],[19.964451,49.99662],[19.964487,49.996679],[19.964427,49.996695],[19.964391,49.996635]]]}},{"type":"Feature","id":"w1308581240","properties":{"type":"yes","residential":false,"residents_est":0,"h3_10":"8a1e2e693a4ffff","h3_11":"8b1e2e693a48fff"},"geometry":{"type":"Polygon","coordinates":[[[19.964616,49.996192],[19.964621,49.996155],[19.96472,49.996161],[19.964714,49.996198],[19.964616,49.996192]]]}},{"type":"Feature","id":"w1308581272","properties":{"type":"yes","residential":false,"residents_est":0,"h3_10":"8a1e2e693a5ffff","h3_11":"8b1e2e693a59fff"},"geometry":{"type":"Polygon","coordinates":[[[19.963767,49.995447],[19.963822,49.99544],[19.963836,49.995482],[19.963782,49.99549],[19.963767,49.995447]]]}},{"type":"Feature","id":"w1308581275","properties":{"type":"yes","address":"Do Luboni 67A","residential":true,"residents_est":4,"h3_10":"8a1e2e693a4ffff","h3_11":"8b1e2e693a4afff"},"geometry":{"type":"Polygon","coordinates":[[[19.964359,49.996053],[19.964362,49.995929],[19.964495,49.99593],[19.964497,49.995975],[19.964496,49.99598],[19.964481,49.995979],[19.96448,49.996008],[19.964492,49.996008],[19.964495,49.996057],[19.964359,49.996053]]]}},{"type":"Feature","id":"w1308581291","properties":{"type":"yes","residential":false,"residents_est":0,"h3_10":"8a1e2e693a47fff","h3_11":"8b1e2e693a44fff"},"geometry":{"type":"Polygon","coordinates":[[[19.962492,49.997165],[19.962566,49.997161],[19.962573,49.99722],[19.962499,49.997224],[19.962492,49.997165]]]}},{"type":"Feature","id":"w1309955649","properties":{"type":"yes","residential":false,"residents_est":0,"h3_10":"8a1e2e693aaffff","h3_11":"8b1e2e693aadfff"},"geometry":{"type":"Polygon","coordinates":[[[19.956889,49.995089],[19.956967,49.995087],[19.956968,49.995115],[19.956891,49.995117],[19.956889,49.995089]]]}},{"type":"Feature","id":"w1309955650","properties":{"type":"yes","residential":false,"residents_est":0,"h3_10":"8a1e2e693aaffff","h3_11":"8b1e2e693aa8fff"},"geometry":{"type":"Polygon","coordinates":[[[19.956768,49.995055],[19.956859,49.995054],[19.95686,49.995105],[19.956769,49.995106],[19.956768,49.995055]]]}},{"type":"Feature","id":"w1309955661","properties":{"type":"yes","address":"Siarczanogórska 42a","residential":true,"residents_est":2,"h3_10":"8a1e2e693aaffff","h3_11":"8b1e2e693aabfff"},"geometry":{"type":"Polygon","coordinates":[[[19.956893,49.9946],[19.956891,49.994529],[19.956921,49.994526],[19.956919,49.994498],[19.956997,49.994497],[19.956999,49.994599],[19.956893,49.9946]]]}},{"type":"Feature","id":"w1309955662","properties":{"type":"yes","address":"Stepowa 15","residential":true,"residents_est":4,"h3_10":"8a1e2e693af7fff","h3_11":"8b1e2e693af6fff"},"geometry":{"type":"Polygon","coordinates":[[[19.95771,49.994715],[19.957724,49.994652],[19.957863,49.994665],[19.957872,49.994625],[19.957939,49.994631],[19.957927,49.994689],[19.957919,49.994688],[19.95791,49.994733],[19.95771,49.994715]]]}},{"type":"Feature","id":"w1309955663","properties":{"type":"yes","address":"Stepowa 11","residential":true,"residents_est":2,"h3_10":"8a1e2e693aaffff","h3_11":"8b1e2e693aa9fff"},"geometry":{"type":"Polygon","coordinates":[[[19.957347,49.994842],[19.957355,49.994762],[19.957452,49.994765],[19.957445,49.994846],[19.957347,49.994842]]]}}]}