{"type":"FeatureCollection","features":[{"type":"Feature","id":"w155050386","properties":{"type":"retail","residential":false,"residents_est":0,"h3_10":"8a1e2e69282ffff","h3_11":"8b1e2e69282cfff"},"geometry":{"type":"Polygon","coordinates":[[[19.911402,49.999932],[19.912223,49.99976],[19.912274,49.999861],[19.912321,49.999851],[19.912462,50.000129],[19.912295,50.000165],[19.912161,49.999901],[19.911634,50.000011],[19.911756,50.000252],[19.911582,50.000288],[19.911402,49.999932]]]}},{"type":"Feature","id":"w155050388","properties":{"type":"yes","residential":true,"residents_est":8,"h3_10":"8a1e2e692957fff","h3_11":"8b1e2e692952fff"},"geometry":{"type":"Polygon","coordinates":[[[19.911093,50.000432],[19.911142,50.000422],[19.911144,50.000426],[19.911242,50.000401],[19.911253,50.000423],[19.911293,50.000414],[19.911281,50.000389],[19.911326,50.000379],[19.911331,50.00039],[19.911424,50.000365],[19.911434,50.000385],[19.911476,50.000376],[19.911503,50.000434],[19.911478,50.000438],[19.911483,50.00045],[19.911366,50.000479],[19.911355,50.000455],[19.911317,50.000462],[19.911329,50.000486],[19.911181,50.000515],[19.911166,50.000482],[19.911121,50.000491],[19.911093,50.000432]]]}},{"type":"Feature","id":"w155072993","properties":{"type":"yes","residential":true,"residents_est":2,"h3_10":"8a1e2e692837fff","h3_11":"8b1e2e692831fff"},"geometry":{"type":"Polygon","coordinates":[[[19.909716,49.999228],[19.909835,49.999205],[19.909855,49.999245],[19.909867,49.999243],[19.909879,49.999268],[19.909868,49.99927],[19.909894,49.999325],[19.909772,49.999349],[19.909748,49.999297],[19.90974,49.999299],[19.909728,49.999274],[19.909737,49.999272],[19.909716,49.999228]]]}},{"type":"Feature","id":"w155072996","properties":{"type":"yes","residential":true,"residents_est":2,"h3_10":"8a1e2e692807fff","h3_11":"8b1e2e692804fff"},"geometry":{"type":"Polygon","coordinates":[[[19.910113,49.999325],[19.910234,49.9993],[19.910238,49.999308],[19.910282,49.999299],[19.910331,49.999404],[19.910279,49.999414],[19.910264,49.999383],[19.910237,49.999389],[19.91024,49.999395],[19.910156,49.999413],[19.910113,49.999325]]]}},{"type":"Feature","id":"w155072998","properties":{"type":"yes","residential":true,"residents_est":2,"h3_10":"8a1e2e692837fff","h3_11":"8b1e2e692830fff"},"geometry":{"type":"Polygon","coordinates":[[[19.909251,49.999281],[19.909374,49.999255],[19.909402,49.999309],[19.909411,49.999307],[19.909424,49.999332],[19.909414,49.999334],[19.909433,49.999372],[19.909309,49.999398],[19.909288,49.999358],[19.909276,49.999361],[19.909264,49.999337],[19.909278,49.999333],[19.909251,49.999281]]]}},{"type":"Feature","id":"w155073001","properties":{"type":"yes","residential":true,"residents_est":2,"h3_10":"8a1e2e692837fff","h3_11":"8b1e2e692832fff"},"geometry":{"type":"Polygon","coordinates":[[[19.908381,49.99892],[19.908455,49.998905],[19.908452,49.998898],[19.908553,49.998883],[19.908591,49.998963],[19.908528,49.998976],[19.908532,49.998984],[19.908503,49.99899],[19.9085,49.998984],[19.90842,49.999],[19.908381,49.99892]]]}},{"type":"Feature","id":"w155073008","properties":{"type":"yes","residential":true,"residents_est":2,"h3_10":"8a1e2e692837fff","h3_11":"8b1e2e692832fff"},"geometry":{"type":"Polygon","coordinates":[[[19.908657,49.99886],[19.908739,49.998843],[19.908736,49.998837],[19.908767,49.99883],[19.90877,49.998836],[19.908834,49.998822],[19.908874,49.998899],[19.908781,49.998925],[19.908778,49.998919],[19.908697,49.998937],[19.908657,49.99886]]]}},{"type":"Feature","id":"w155073011","properties":{"type":"yes","residential":true,"residents_est":16,"h3_10":"8a1e2e6929a7fff","h3_11":"8b1e2e6929a3fff"},"geometry":{"type":"Polygon","coordinates":[[[19.905613,50.000006],[19.906098,49.999837],[19.90619,49.999947],[19.906126,49.999969],[19.906121,49.999963],[19.905754,50.00009],[19.905735,50.000067],[19.90568,50.000086],[19.905613,50.000006]]]}},{"type":"Feature","id":"w155073017","properties":{"type":"yes","residential":true,"residents_est":10,"h3_10":"8a1e2e6929a7fff","h3_11":"8b1e2e6929a3fff"},"geometry":{"type":"Polygon","coordinates":[[[19.905334,49.999674],[19.905696,49.999545],[19.905771,49.999631],[19.905409,49.999761],[19.905334,49.999674]]]}},{"type":"Feature","id":"w155073019","properties":{"type":"yes","residential":true,"residents_est":2,"h3_10":"8a1e2e692837fff","h3_11":"8b1e2e692834fff"},"geometry":{"type":"Polygon","coordinates":[[[19.908524,49.99965],[19.908649,49.999625],[19.908653,49.999633],[19.90869,49.999625],[19.908741,49.99973],[19.90869,49.99974],[19.908673,49.999707],[19.908644,49.999713],[19.908647,49.99972],[19.908566,49.999737],[19.908524,49.99965]]]}},{"type":"Feature","id":"w155073022","properties":{"type":"yes","residential":true,"residents_est":3,"h3_10":"8a1e2e692997fff","h3_11":"8b1e2e692995fff"},"geometry":{"type":"Polygon","coordinates":[[[19.904702,49.99876],[19.904806,49.998736],[19.904811,49.998744],[19.904846,49.998736],[19.904869,49.998776],[19.904881,49.998773],[19.904894,49.998795],[19.904907,49.998792],[19.904954,49.998874],[19.904883,49.99889],[19.904857,49.998844],[19.904762,49.998866],[19.904702,49.99876]]]}},{"type":"Feature","id":"w155073024","properties":{"type":"yes","residential":true,"residents_est":10,"h3_10":"8a1e2e6928a7fff","h3_11":"8b1e2e6928a2fff"},"geometry":{"type":"Polygon","coordinates":[[[19.907553,49.997335],[19.907566,49.997332],[19.907567,49.997303],[19.907579,49.997304],[19.907581,49.997241],[19.907558,49.997241],[19.907558,49.997236],[19.907569,49.997236],[19.90757,49.997208],[19.907563,49.997205],[19.907583,49.997205],[19.907586,49.997142],[19.907565,49.997142],[19.907576,49.997139],[19.907578,49.997111],[19.907706,49.997114],[19.907705,49.997141],[19.90773,49.997141],[19.907728,49.997211],[19.907699,49.997211],[19.907698,49.997238],[19.907721,49.997238],[19.90772,49.997306],[19.907694,49.997306],[19.907694,49.997334],[19.907719,49.997334],[19.907717,49.997403],[19.907575,49.997401],[19.907577,49.997335],[19.907553,49.997335]]]}},{"type":"Feature","id":"w155073029","properties":{"type":"yes","residential":true,"residents_est":3,"h3_10":"8a1e2e692837fff","h3_11":"8b1e2e692831fff"},"geometry":{"type":"Polygon","coordinates":[[[19.909812,49.999414],[19.909937,49.999389],[19.909957,49.999431],[19.909965,49.999429],[19.909975,49.999451],[19.910062,49.999434],[19.910086,49.999485],[19.909868,49.999529],[19.909843,49.999478],[19.909833,49.99948],[19.909822,49.999457],[19.909832,49.999455],[19.909812,49.999414]]]}},{"type":"Feature","id":"w155073032","properties":{"type":"yes","residential":true,"residents_est":4,"h3_10":"8a1e2e692807fff","h3_11":"8b1e2e692804fff"},"geometry":{"type":"Polygon","coordinates":[[[19.910366,49.999286],[19.910395,49.99928],[19.910368,49.999225],[19.910531,49.999191],[19.91058,49.999289],[19.91062,49.999278],[19.910654,49.999346],[19.910563,49.999364],[19.91054,49.999318],[19.910425,49.999342],[19.910411,49.999315],[19.910383,49.999321],[19.910366,49.999286]]]}},{"type":"Feature","id":"w155073033","properties":{"type":"yes","residential":true,"residents_est":2,"h3_10":"8a1e2e692837fff","h3_11":"8b1e2e692830fff"},"geometry":{"type":"Polygon","coordinates":[[[19.908931,49.999335],[19.909012,49.999319],[19.909009,49.999312],[19.90911,49.999298],[19.909147,49.999375],[19.909084,49.999388],[19.909087,49.999394],[19.90905,49.999402],[19.909047,49.999396],[19.908968,49.999411],[19.908931,49.999335]]]}},{"type":"Feature","id":"w155073039","properties":{"type":"yes","residential":true,"residents_est":10,"h3_10":"8a1e2e6928a7fff","h3_11":"8b1e2e6928a3fff"},"geometry":{"type":"Polygon","coordinates":[[[19.908023,49.997425],[19.908025,49.997356],[19.90805,49.997357],[19.908051,49.997332],[19.908023,49.997331],[19.908027,49.997261],[19.908055,49.997261],[19.908056,49.997236],[19.90803,49.997235],[19.908033,49.99717],[19.908058,49.99717],[19.908059,49.997138],[19.908197,49.997141],[19.908194,49.997173],[19.908176,49.997173],[19.908174,49.997234],[19.908195,49.997234],[19.90818,49.997238],[19.908178,49.997264],[19.908192,49.997268],[19.908173,49.997268],[19.90817,49.99733],[19.908188,49.997334],[19.908175,49.997334],[19.908174,49.99736],[19.908185,49.997364],[19.908165,49.997364],[19.908165,49.997427],[19.908023,49.997425]]]}},{"type":"Feature","id":"w155073042","properties":{"type":"yes","residential":true,"residents_est":2,"h3_10":"8a1e2e692837fff","h3_11":"8b1e2e692830fff"},"geometry":{"type":"Polygon","coordinates":[[[19.909059,49.999536],[19.909186,49.99951],[19.90919,49.999518],[19.90923,49.99951],[19.909282,49.999615],[19.90923,49.999626],[19.909215,49.999595],[19.909184,49.999602],[19.909187,49.999609],[19.909104,49.999626],[19.909059,49.999536]]]}},{"type":"Feature","id":"w155073047","properties":{"type":"yes","residential":true,"residents_est":2,"h3_10":"8a1e2e692817fff","h3_11":"8b1e2e692814fff"},"geometry":{"type":"Polygon","coordinates":[[[19.908938,49.998803],[19.909021,49.998786],[19.909018,49.99878],[19.90905,49.998773],[19.909052,49.998777],[19.909116,49.998765],[19.909153,49.998843],[19.909092,49.998855],[19.909095,49.998861],[19.908975,49.998881],[19.908938,49.998803]]]}},{"type":"Feature","id":"w155073049","properties":{"type":"yes","residential":true,"residents_est":10,"h3_10":"8a1e2e69291ffff","h3_11":"8b1e2e69291afff"},"geometry":{"type":"Polygon","coordinates":[[[19.908254,50.000218],[19.908385,50.000191],[19.908391,50.000203],[19.908617,50.000156],[19.908665,50.000251],[19.908308,50.000325],[19.908254,50.000218]]]}},{"type":"Feature","id":"w155073054","properties":{"type":"yes","residential":true,"residents_est":2,"h3_10":"8a1e2e692837fff","h3_11":"8b1e2e692833fff"},"geometry":{"type":"Polygon","coordinates":[[[19.909554,49.998877],[19.909675,49.998855],[19.909693,49.998895],[19.909705,49.998893],[19.909714,49.998914],[19.909703,49.998916],[19.909727,49.998969],[19.909604,49.998992],[19.909582,49.99894],[19.909571,49.998942],[19.909562,49.998921],[19.909573,49.998919],[19.909554,49.998877]]]}},{"type":"Feature","id":"w155073056","properties":{"type":"yes","residential":true,"residents_est":15,"h3_10":"8a1e2e6929b7fff","h3_11":"8b1e2e6929b1fff"},"geometry":{"type":"Polygon","coordinates":[[[19.904865,49.999312],[19.904931,49.999288],[19.904937,49.999296],[19.905314,49.999161],[19.9054,49.999261],[19.904962,49.999418],[19.904966,49.999421],[19.904961,49.999423],[19.904865,49.999312]]]}},{"type":"Feature","id":"w155073058","properties":{"type":"yes","residential":true,"residents_est":2,"h3_10":"8a1e2e6929affff","h3_11":"8b1e2e6929a9fff"},"geometry":{"type":"Polygon","coordinates":[[[19.908096,49.99973],[19.908215,49.999705],[19.90824,49.999756],[19.908249,49.999754],[19.908261,49.99978],[19.908251,49.999782],[19.90827,49.999819],[19.90815,49.999844],[19.908131,49.999806],[19.908123,49.999808],[19.908111,49.999783],[19.908121,49.999781],[19.908096,49.99973]]]}},{"type":"Feature","id":"w155073060","properties":{"type":"yes","residential":true,"residents_est":2,"h3_10":"8a1e2e692987fff","h3_11":"8b1e2e692986fff"},"geometry":{"type":"Polygon","coordinates":[[[19.904737,49.999055],[19.904762,49.999049],[19.904738,49.999003],[19.904806,49.998988],[19.904815,49.999003],[19.904868,49.998992],[19.9049,49.999052],[19.904892,49.999054],[19.904914,49.999095],[19.90488,49.999103],[19.904898,49.999137],[19.904795,49.999161],[19.904737,49.999055]]]}},{"type":"Feature","id":"w155073061","properties":{"type":"yes","residential":true,"residents_est":3,"h3_10":"8a1e2e692987fff","h3_11":"8b1e2e692986fff"},"geometry":{"type":"Polygon","coordinates":[[[19.905006,49.998789],[19.90501,49.998783],[19.905112,49.998761],[19.905164,49.99886],[19.905157,49.998869],[19.905199,49.998944],[19.905108,49.998965],[19.905006,49.998789]]]}},{"type":"Feature","id":"w155073065","properties":{"type":"yes","residential":true,"residents_est":2,"h3_10":"8a1e2e692837fff","h3_11":"8b1e2e692836fff"},"geometry":{"type":"Polygon","coordinates":[[[19.907976,49.999521],[19.908095,49.999495],[19.908115,49.999534],[19.908126,49.999532],[19.908138,49.999555],[19.908129,49.999557],[19.908156,49.99961],[19.908037,49.999636],[19.908009,49.999584],[19.908,49.999586],[19.907988,49.999563],[19.907996,49.999561],[19.907976,49.999521]]]}},{"type":"Feature","id":"w155073066","properties":{"type":"yes","residential":true,"residents_est":2,"h3_10":"8a1e2e69298ffff","h3_11":"8b1e2e69298dfff"},"geometry":{"type":"Polygon","coordinates":[[[19.907803,49.999034],[19.907919,49.999003],[19.907923,49.999009],[19.907982,49.998996],[19.908022,49.999074],[19.90796,49.999087],[19.907963,49.999093],[19.907927,49.9991],[19.907924,49.999095],[19.907843,49.999112],[19.907803,49.999034]]]}},{"type":"Feature","id":"w155073072","properties":{"type":"terrace","levels":3.0,"residential":true,"residents_est":12,"h3_10":"8a1e2e692917fff","h3_11":"8b1e2e692913fff"},"geometry":{"type":"Polygon","coordinates":[[[19.907139,50.000481],[19.907467,50.000409],[19.907514,50.000504],[19.907237,50.000567],[19.90721,50.000514],[19.907161,50.000524],[19.907139,50.000481]]]}},{"type":"Feature","id":"w155073076","properties":{"type":"yes","residential":true,"residents_est":23,"h3_10":"8a1e2e692987fff","h3_11":"8b1e2e692981fff"},"geometry":{"type":"Polygon","coordinates":[[[19.906193,49.999158],[19.906258,49.999143],[19.906259,49.999132],[19.906271,49.999122],[19.9063,49.999121],[19.906315,49.999132],[19.906664,49.999063],[19.906905,49.99901],[19.906902,49.999003],[19.90691,49.998993],[19.906941,49.998987],[19.906958,49.999],[19.906992,49.998992],[19.907042,49.999094],[19.906879,49.999126],[19.906882,49.999131],[19.906763,49.999157],[19.906244,49.999262],[19.906193,49.999158]]]}},{"type":"Feature","id":"w155073078","properties":{"type":"terrace","levels":2.0,"residential":true,"residents_est":9,"h3_10":"8a1e2e69291ffff","h3_11":"8b1e2e69291efff"},"geometry":{"type":"Polygon","coordinates":[[[19.907638,50.000419],[19.907711,50.000404],[19.907684,50.000351],[19.907969,50.000292],[19.908017,50.000387],[19.907734,50.000448],[19.907738,50.000456],[19.907665,50.000472],[19.907638,50.000419]]]}},{"type":"Feature","id":"w155073080","properties":{"type":"yes","residential":true,"residents_est":2,"h3_10":"8a1e2e692837fff","h3_11":"8b1e2e692830fff"},"geometry":{"type":"Polygon","coordinates":[[[19.908652,49.999393],[19.908732,49.999377],[19.908728,49.99937],[19.908766,49.999362],[19.908769,49.999369],[19.908834,49.999356],[19.90887,49.999433],[19.908808,49.999445],[19.908811,49.999451],[19.908774,49.999459],[19.908771,49.999452],[19.908689,49.999469],[19.908652,49.999393]]]}},{"type":"Feature","id":"w155073083","properties":{"type":"yes","residential":true,"residents_est":11,"h3_10":"8a1e2e6928a7fff","h3_11":"8b1e2e6928a2fff"},"geometry":{"type":"Polygon","coordinates":[[[19.907174,49.997394],[19.90718,49.997324],[19.907201,49.997325],[19.907203,49.997298],[19.907177,49.997298],[19.907189,49.99714],[19.907213,49.99714],[19.907215,49.99711],[19.907355,49.997114],[19.907342,49.997117],[19.90734,49.99714],[19.907351,49.997144],[19.90733,49.997144],[19.907328,49.997206],[19.907351,49.997207],[19.907344,49.997302],[19.907323,49.997302],[19.907321,49.997328],[19.907342,49.997332],[19.907321,49.997332],[19.907318,49.997397],[19.907174,49.997394]]]}},{"type":"Feature","id":"w155073085","properties":{"type":"terrace","levels":2.0,"residential":true,"residents_est":11,"h3_10":"8a1e2e69291ffff","h3_11":"8b1e2e69291bfff"},"geometry":{"type":"Polygon","coordinates":[[[19.908774,50.00011],[19.909171,50.000029],[19.909176,50.000038],[19.909206,50.000032],[19.90922,50.000059],[19.90919,50.000066],[19.909198,50.000082],[19.909236,50.000075],[19.909257,50.000116],[19.908821,50.000205],[19.908774,50.00011]]]}},{"type":"Feature","id":"w155073087","properties":{"type":"yes","residential":true,"residents_est":2,"h3_10":"8a1e2e692837fff","h3_11":"8b1e2e692833fff"},"geometry":{"type":"Polygon","coordinates":[[[19.909138,49.998965],[19.90926,49.998939],[19.909265,49.998948],[19.909305,49.99894],[19.909359,49.999046],[19.909308,49.999056],[19.90929,49.999019],[19.909259,49.999026],[19.909263,49.999034],[19.909182,49.999051],[19.909138,49.998965]]]}},{"type":"Feature","id":"w155073089","properties":{"type":"terrace","levels":2.0,"residential":true,"residents_est":10,"h3_10":"8a1e2e692837fff","h3_11":"8b1e2e692835fff"},"geometry":{"type":"Polygon","coordinates":[[[19.909333,49.999995],[19.909728,49.999912],[19.909776,50.000006],[19.909381,50.00009],[19.909333,49.999995]]]}},{"type":"Feature","id":"w155073097","properties":{"type":"yes","residential":true,"residents_est":18,"h3_10":"8a1e2e6929affff","h3_11":"8b1e2e6929aafff"},"geometry":{"type":"Polygon","coordinates":[[[19.906452,49.999425],[19.906508,49.999414],[19.906502,49.999401],[19.906591,49.999382],[19.906597,49.999395],[19.906643,49.999385],[19.906636,49.999372],[19.906725,49.999354],[19.906732,49.999367],[19.906789,49.999355],[19.906782,49.999342],[19.906863,49.999325],[19.906869,49.999337],[19.906916,49.999327],[19.90691,49.999314],[19.906996,49.999296],[19.907003,49.999309],[19.907053,49.999299],[19.907046,49.999286],[19.907129,49.999269],[19.907186,49.999381],[19.907121,49.999395],[19.90711,49.999373],[19.907041,49.999387],[19.907051,49.999407],[19.906983,49.999422],[19.906971,49.999399],[19.906907,49.999413],[19.906918,49.999435],[19.906847,49.99945],[19.906836,49.999429],[19.906771,49.999442],[19.906783,49.999465],[19.906735,49.999475],[19.906729,49.999465],[19.906706,49.999469],[19.9067,49.999458],[19.906637,49.999472],[19.906648,49.999494],[19.9066,49.999504],[19.906594,49.999493],[19.906569,49.999498],[19.906564,49.999487],[19.906492,49.999502],[19.906452,49.999425]]]}},{"type":"Feature","id":"w155073099","properties":{"type":"yes","residential":true,"residents_est":2,"h3_10":"8a1e2e69298ffff","h3_11":"8b1e2e69298dfff"},"geometry":{"type":"Polygon","coordinates":[[[19.908083,49.998978],[19.908162,49.998962],[19.908159,49.998955],[19.908199,49.998947],[19.908203,49.998954],[19.908268,49.998941],[19.908305,49.999017],[19.908243,49.99903],[19.908245,49.999036],[19.908207,49.999043],[19.908204,49.999037],[19.908121,49.999054],[19.908083,49.998978]]]}},{"type":"Feature","id":"w155073103","properties":{"type":"yes","residential":true,"residents_est":18,"h3_10":"8a1e2e692987fff","h3_11":"8b1e2e692985fff"},"geometry":{"type":"Polygon","coordinates":[[[19.905866,49.999212],[19.905995,49.999185],[19.90601,49.999215],[19.906057,49.999205],[19.906072,49.999232],[19.906103,49.999238],[19.906082,49.999259],[19.906104,49.999302],[19.906153,49.999291],[19.906165,49.999316],[19.906191,49.999322],[19.906177,49.999339],[19.906205,49.999393],[19.906256,49.999382],[19.906268,49.999404],[19.906287,49.99942],[19.906283,49.999437],[19.906311,49.999486],[19.906356,49.999477],[19.906369,49.999501],[19.906395,49.999509],[19.906383,49.999527],[19.906396,49.999552],[19.906219,49.999589],[19.906204,49.999558],[19.906216,49.999555],[19.90621,49.999543],[19.906198,49.999546],[19.906181,49.999514],[19.906198,49.99951],[19.906183,49.999479],[19.906122,49.999492],[19.906084,49.999419],[19.906098,49.999416],[19.906085,49.999388],[19.906017,49.999403],[19.905998,49.999367],[19.906018,49.999362],[19.906012,49.99935],[19.905992,49.999355],[19.905967,49.999307],[19.905918,49.999317],[19.905901,49.999283],[19.90592,49.99928],[19.905915,49.999269],[19.905894,49.999274],[19.905866,49.999212]]]}},{"type":"Feature","id":"w155073107","properties":{"type":"yes","residential":true,"residents_est":12,"h3_10":"8a1e2e6929a7fff","h3_11":"8b1e2e6929a1fff"},"geometry":{"type":"Polygon","coordinates":[[[19.90612,50.000294],[19.906494,50.000171],[19.906576,50.000273],[19.906202,50.000396],[19.90612,50.000294]]]}},{"type":"Feature","id":"w155073109","properties":{"type":"yes","residential":true,"residents_est":2,"h3_10":"8a1e2e692837fff","h3_11":"8b1e2e692836fff"},"geometry":{"type":"Polygon","coordinates":[[[19.908372,49.999449],[19.908545,49.999407],[19.908588,49.999491],[19.908528,49.999504],[19.908532,49.999511],[19.908496,49.999518],[19.908492,49.999511],[19.908413,49.999528],[19.908372,49.999449]]]}},{"type":"Feature","id":"w155073113","properties":{"type":"yes","residential":true,"residents_est":2,"h3_10":"8a1e2e692837fff","h3_11":"8b1e2e692834fff"},"geometry":{"type":"Polygon","coordinates":[[[19.908784,49.999605],[19.908911,49.999577],[19.908915,49.999584],[19.908951,49.999576],[19.909004,49.999676],[19.908955,49.999687],[19.90894,49.999659],[19.908913,49.999665],[19.908916,49.999671],[19.908829,49.999691],[19.908784,49.999605]]]}},{"type":"Feature","id":"w155073117","properties":{"type":"yes","residential":true,"residents_est":2,"h3_10":"8a1e2e692837fff","h3_11":"8b1e2e692833fff"},"geometry":{"type":"Polygon","coordinates":[[[19.909631,49.999049],[19.909752,49.999025],[19.909771,49.999064],[19.909781,49.999063],[19.909793,49.999088],[19.909782,49.99909],[19.909807,49.999143],[19.909686,49.999167],[19.909661,49.999115],[19.909652,49.999116],[19.90964,49.999092],[19.909651,49.99909],[19.909631,49.999049]]]}},{"type":"Feature","id":"w155073119","properties":{"type":"terrace","levels":3.0,"residential":true,"residents_est":18,"h3_10":"8a1e2e692827fff","h3_11":"8b1e2e692822fff"},"geometry":{"type":"Polygon","coordinates":[[[19.909835,49.999901],[19.910288,49.999806],[19.910337,49.999904],[19.909941,49.999986],[19.909938,49.99998],[19.909918,49.999984],[19.909921,49.99999],[19.909884,49.999997],[19.909835,49.999901]]]}},{"type":"Feature","id":"w155073121","properties":{"type":"yes","residential":true,"residents_est":2,"h3_10":"8a1e2e692837fff","h3_11":"8b1e2e692831fff"},"geometry":{"type":"Polygon","coordinates":[[[19.909345,49.999461],[19.909467,49.999437],[19.909485,49.999474],[19.909498,49.999471],[19.90951,49.999497],[19.909499,49.999499],[19.909524,49.999549],[19.9094,49.999574],[19.909376,49.999524],[19.909364,49.999527],[19.909352,49.999502],[19.909364,49.9995],[19.909345,49.999461]]]}},{"type":"Feature","id":"w161635902","properties":{"type":"terrace","levels":2.0,"residential":true,"residents_est":11,"h3_10":"8a1e2e692827fff","h3_11":"8b1e2e692823fff"},"geometry":{"type":"Polygon","coordinates":[[[19.910461,49.99979],[19.91086,49.999707],[19.910908,49.999803],[19.910508,49.999885],[19.910461,49.99979]]]}},{"type":"Feature","id":"w161665326","properties":{"type":"yes","residential":true,"residents_est":8,"h3_10":"8a1e2e692987fff","h3_11":"8b1e2e692983fff"},"geometry":{"type":"Polygon","coordinates":[[[19.905829,49.99884],[19.906025,49.998801],[19.906013,49.998777],[19.906118,49.998756],[19.906173,49.998871],[19.906066,49.998891],[19.906062,49.998884],[19.905988,49.998899],[19.905992,49.998905],[19.905871,49.998929],[19.905829,49.99884]]]}},{"type":"Feature","id":"w161665368","properties":{"type":"yes","residential":true,"residents_est":16,"h3_10":"8a1e2e69298ffff","h3_11":"8b1e2e69298bfff"},"geometry":{"type":"Polygon","coordinates":[[[19.907527,49.998347],[19.90753,49.998272],[19.907632,49.998274],[19.907633,49.99824],[19.907703,49.998241],[19.907701,49.998275],[19.907734,49.998276],[19.907735,49.998264],[19.907717,49.998264],[19.907718,49.998241],[19.907867,49.998244],[19.907866,49.998278],[19.907899,49.998279],[19.9079,49.998267],[19.907882,49.998267],[19.907883,49.998244],[19.908032,49.998245],[19.90803,49.998281],[19.908122,49.998282],[19.908123,49.998247],[19.908195,49.998248],[19.90819,49.998368],[19.908066,49.998365],[19.908067,49.998351],[19.908027,49.99835],[19.908027,49.998355],[19.9079,49.99835],[19.907899,49.998355],[19.907863,49.998355],[19.907863,49.99835],[19.907527,49.998347]]]}},{"type":"Feature","id":"w161665383","properties":{"type":"yes","residential":true,"residents_est":13,"h3_10":"8a1e2e6928a7fff","h3_11":"8b1e2e6928a4fff"},"geometry":{"type":"Polygon","coordinates":[[[19.907602,49.998049],[19.907605,49.997965],[19.907707,49.997965],[19.907709,49.997933],[19.907772,49.997934],[19.907771,49.997965],[19.907864,49.997966],[19.907865,49.997933],[19.907937,49.997934],[19.907936,49.997966],[19.908038,49.997968],[19.908038,49.997936],[19.908127,49.997936],[19.908149,49.997971],[19.908128,49.998007],[19.908101,49.998005],[19.908098,49.998056],[19.907807,49.998051],[19.907807,49.998033],[19.90777,49.998032],[19.907769,49.998051],[19.907644,49.998051],[19.907643,49.998032],[19.907607,49.998031],[19.907602,49.998049]]]}},{"type":"Feature","id":"w161665394","properties":{"type":"school","address":"Forteczna 54","name":"Zespół szkół społecznych nr 1","residential":false,"residents_est":0,"h3_10":"8a1e2e69282ffff","h3_11":"8b1e2e69282afff"},"geometry":{"type":"Polygon","coordinates":[[[19.911271,49.999596],[19.911683,49.999512],[19.911662,49.999469],[19.911648,49.999471],[19.911634,49.999442],[19.911647,49.999438],[19.911628,49.999399],[19.911709,49.999382],[19.911703,49.999369],[19.911776,49.999354],[19.911769,49.99934],[19.911856,49.999322],[19.911883,49.999378],[19.911962,49.999362],[19.912016,49.999472],[19.911837,49.999509],[19.911872,49.999579],[19.911357,49.999684],[19.911329,49.999628],[19.91129,49.999636],[19.911271,49.999596]]]}},{"type":"Feature","id":"w161665414","properties":{"type":"house","levels":2.0,"address":"Izydora Kopernickiego 8","residential":true,"residents_est":3,"h3_10":"8a1e2e69280ffff","h3_11":"8b1e2e692808fff"},"geometry":{"type":"Polygon","coordinates":[[[19.912435,49.998822],[19.91259,49.998811],[19.912598,49.99888],[19.912442,49.998887],[19.912435,49.998822]]]}},{"type":"Feature","id":"w161665441","properties":{"type":"yes","residential":true,"residents_est":23,"h3_10":"8a1e2e6929affff","h3_11":"8b1e2e6929aefff"},"geometry":{"type":"Polygon","coordinates":[[[19.906423,49.999682],[19.906558,49.999654],[19.906578,49.999694],[19.906593,49.999691],[19.906614,49.999733],[19.906599,49.999736],[19.906615,49.999769],[19.906645,49.999767],[19.906626,49.999771],[19.906638,49.999796],[19.906686,49.999786],[19.906707,49.999827],[19.906695,49.999829],[19.90671,49.999861],[19.906747,49.999853],[19.906749,49.999857],[19.906723,49.999863],[19.906736,49.999889],[19.906787,49.999879],[19.906808,49.99992],[19.90679,49.999923],[19.906804,49.99995],[19.906855,49.99994],[19.906869,49.999969],[19.906885,49.999966],[19.906906,50.000007],[19.906889,50.000011],[19.906906,50.000044],[19.906934,50.000038],[19.906936,50.000042],[19.906905,50.000048],[19.906944,50.000126],[19.907004,50.000113],[19.907032,50.000169],[19.906865,50.000203],[19.906851,50.000174],[19.90686,50.000172],[19.906853,50.000159],[19.906845,50.000161],[19.906799,50.00007],[19.906752,50.000079],[19.906732,50.000039],[19.906753,50.000034],[19.906729,49.999973],[19.906647,49.99999],[19.906609,49.999914],[19.906637,49.999908],[19.906625,49.999883],[19.90655,49.999899],[19.906512,49.999824],[19.906534,49.999819],[19.906521,49.999793],[19.906453,49.999807],[19.906432,49.999764],[19.906453,49.99976],[19.906434,49.999723],[19.906442,49.999721],[19.906423,49.999682]]]}},{"type":"Feature","id":"w161665462","properties":{"type":"church","address":"Zagaje 42","name":"Kościół pw. Świętej Jadwigi Królowej","residential":false,"residents_est":0,"h3_10":"8a1e2e692807fff","h3_11":"8b1e2e692803fff"},"geometry":{"type":"Polygon","coordinates":[[[19.910876,49.998651],[19.910904,49.998644],[19.910883,49.998607],[19.911072,49.998568],[19.911089,49.998606],[19.91112,49.998604],[19.911154,49.998673],[19.911202,49.998664],[19.911227,49.998717],[19.91118,49.998726],[19.911218,49.998798],[19.911207,49.99884],[19.911254,49.998936],[19.911218,49.998982],[19.911122,49.998992],[19.911071,49.998974],[19.911012,49.998861],[19.910976,49.998849],[19.910936,49.998772],[19.910905,49.998777],[19.910884,49.998736],[19.910916,49.998728],[19.910876,49.998651]]]}},{"type":"Feature","id":"w161665475","properties":{"type":"terrace","levels":1.0,"residential":true,"residents_est":16,"h3_10":"8a1e2e692817fff","h3_11":"8b1e2e692810fff"},"geometry":{"type":"Polygon","coordinates":[[[19.908952,49.998511],[19.908955,49.998421],[19.909056,49.998425],[19.909057,49.998393],[19.909223,49.998396],[19.909226,49.998367],[19.909386,49.998371],[19.909387,49.99834],[19.909553,49.998343],[19.909554,49.998313],[19.909716,49.998316],[19.909718,49.998282],[19.909785,49.998284],[19.909785,49.998307],[19.90988,49.998308],[19.909884,49.998272],[19.90995,49.998274],[19.90995,49.998299],[19.910044,49.998301],[19.910047,49.998265],[19.910114,49.998267],[19.910112,49.998301],[19.91015,49.998302],[19.910214,49.998301],[19.910215,49.998271],[19.91028,49.998271],[19.910278,49.998378],[19.910109,49.99837],[19.910108,49.998387],[19.909981,49.998384],[19.909982,49.998371],[19.909948,49.99837],[19.909947,49.998394],[19.909783,49.99839],[19.909782,49.998405],[19.909651,49.998401],[19.909651,49.998387],[19.909619,49.998387],[19.909619,49.998433],[19.909448,49.998432],[19.909447,49.998462],[19.909283,49.998459],[19.909282,49.998489],[19.909123,49.998486],[19.909122,49.998514],[19.908952,49.998511]]]}},{"type":"Feature","id":"w161665483","properties":{"type":"yes","residential":true,"residents_est":10,"h3_10":"8a1e2e69290ffff","h3_11":"8b1e2e69290efff"},"geometry":{"type":"Polygon","coordinates":[[[19.908945,50.00136],[19.908996,50.001308],[19.909059,50.001207],[19.909286,50.001266],[19.909224,50.001367],[19.909216,50.001365],[19.909206,50.00138],[19.909182,50.001428],[19.90912,50.001415],[19.909149,50.001373],[19.909035,50.001342],[19.909006,50.001383],[19.908945,50.00136]]]}},{"type":"Feature","id":"w161665487","properties":{"type":"yes","residential":true,"residents_est":21,"h3_10":"8a1e2e692817fff","h3_11":"8b1e2e692812fff"},"geometry":{"type":"Polygon","coordinates":[[[19.909214,49.998175],[19.909214,49.99817],[19.909226,49.998171],[19.909227,49.998152],[19.909214,49.998147],[19.909237,49.998147],[19.909238,49.998085],[19.909219,49.998085],[19.90922,49.998079],[19.909231,49.998079],[19.909231,49.998058],[19.909219,49.998058],[19.90922,49.998052],[19.909241,49.998052],[19.909244,49.997988],[19.909221,49.997988],[19.909221,49.997982],[19.909233,49.997982],[19.909234,49.997962],[19.909219,49.997962],[19.90922,49.997957],[19.909247,49.997957],[19.909249,49.997892],[19.909228,49.997892],[19.909229,49.997886],[19.909238,49.997886],[19.909238,49.997866],[19.909228,49.997866],[19.909229,49.997861],[19.909251,49.997862],[19.909254,49.997798],[19.90923,49.997797],[19.90923,49.99779],[19.909244,49.997791],[19.909245,49.997771],[19.90923,49.997771],[19.90923,49.997766],[19.909258,49.997766],[19.909261,49.997704],[19.909235,49.997704],[19.909235,49.997696],[19.909248,49.997697],[19.909249,49.997676],[19.909241,49.997676],[19.909242,49.997668],[19.909376,49.997672],[19.909376,49.997698],[19.909406,49.997699],[19.909402,49.997768],[19.909374,49.997767],[19.909371,49.997799],[19.909399,49.9978],[19.909396,49.997863],[19.909369,49.997863],[19.90937,49.997893],[19.909397,49.997893],[19.909395,49.997958],[19.909367,49.997958],[19.909365,49.997986],[19.909391,49.997987],[19.90939,49.998053],[19.909364,49.998053],[19.909363,49.998082],[19.909389,49.998083],[19.909386,49.998149],[19.909358,49.998148],[19.909358,49.998175],[19.909383,49.998176],[19.909382,49.998244],[19.909233,49.998242],[19.909234,49.998175],[19.909214,49.998175]]]}},{"type":"Feature","id":"w161665509","properties":{"type":"yes","residential":true,"residents_est":14,"h3_10":"8a1e2e692817fff","h3_11":"8b1e2e692813fff"},"geometry":{"type":"Polygon","coordinates":[[[19.909571,49.998125],[19.909574,49.998018],[19.909677,49.998018],[19.909677,49.998036],[19.909727,49.998036],[19.909727,49.998018],[19.909827,49.998019],[19.909827,49.998036],[19.909874,49.998036],[19.909875,49.998019],[19.909978,49.998019],[19.909977,49.998038],[19.910022,49.998038],[19.910022,49.998019],[19.910131,49.99802],[19.91013,49.998034],[19.910175,49.998035],[19.910175,49.998126],[19.910169,49.998126],[19.910169,49.998119],[19.910137,49.998119],[19.910131,49.998125],[19.910131,49.998119],[19.910022,49.998118],[19.910022,49.998124],[19.910016,49.998124],[19.910016,49.998118],[19.909983,49.998118],[19.909983,49.998124],[19.909976,49.998124],[19.909976,49.998118],[19.909876,49.998118],[19.909868,49.998125],[19.909868,49.998118],[19.909834,49.998117],[19.909834,49.998125],[19.909826,49.998125],[19.909826,49.998117],[19.909729,49.998117],[19.909729,49.998124],[19.909719,49.998124],[19.909719,49.998117],[19.909682,49.998117],[19.909682,49.998124],[19.909675,49.998124],[19.909675,49.998117],[19.90958,49.998116],[19.90958,49.998125],[19.909571,49.998125]]]}},{"type":"Feature","id":"w161665526","properties":{"type":"yes","residential":true,"residents_est":2,"h3_10":"8a1e2e692827fff","h3_11":"8b1e2e692824fff"},"geometry":{"type":"Polygon","coordinates":[[[19.909838,50.000369],[19.909946,50.00034],[19.90995,50.000346],[19.910013,50.000333],[19.910052,50.00041],[19.909988,50.000422],[19.909991,50.000427],[19.909875,50.000443],[19.909838,50.000369]]]}},{"type":"Feature","id":"w161665540","properties":{"type":"yes","residential":true,"residents_est":16,"h3_10":"8a1e2e69299ffff","h3_11":"8b1e2e69299cfff"},"geometry":{"type":"Polygon","coordinates":[[[19.905557,49.998481],[19.906091,49.99838],[19.906136,49.998414],[19.906154,49.99845],[19.906168,49.998447],[19.90618,49.998472],[19.906125,49.998483],[19.906128,49.998488],[19.906064,49.9985],[19.906062,49.998495],[19.905979,49.998516],[19.905969,49.998512],[19.905936,49.998519],[19.905938,49.998524],[19.905843,49.998536],[19.905846,49.998541],[19.905793,49.998551],[19.905784,49.998547],[19.905752,49.998553],[19.905755,49.998558],[19.905696,49.99857],[19.905693,49.998564],[19.905605,49.998587],[19.905557,49.998481]]]}},{"type":"Feature","id":"w161665592","properties":{"type":"yes","residential":true,"residents_est":9,"h3_10":"8a1e2e69291ffff","h3_11":"8b1e2e69291cfff"},"geometry":{"type":"Polygon","coordinates":[[[19.908404,50.000701],[19.908539,50.000673],[19.908532,50.000661],[19.9086,50.000645],[19.90863,50.000699],[19.908637,50.000697],[19.90865,50.000722],[19.908643,50.000723],[19.908677,50.000796],[19.908602,50.000813],[19.908625,50.000855],[19.908493,50.000886],[19.908489,50.000879],[19.908502,50.000876],[19.908485,50.000847],[19.908511,50.000841],[19.908496,50.000814],[19.908487,50.000816],[19.908458,50.000765],[19.908441,50.000768],[19.908404,50.000701]]]}},{"type":"Feature","id":"w161665648","properties":{"type":"yes","residential":true,"residents_est":3,"h3_10":"8a1e2e69290ffff","h3_11":"8b1e2e69290cfff"},"geometry":{"type":"Polygon","coordinates":[[[19.909386,50.001681],[19.909604,50.001651],[19.909638,50.001756],[19.909625,50.001758],[19.909627,50.001784],[19.90951,50.001799],[19.909501,50.001772],[19.909486,50.001774],[19.909479,50.001754],[19.909494,50.001751],[19.909483,50.001719],[19.909401,50.001731],[19.909386,50.001681]]]}},{"type":"Feature","id":"w161665658","properties":{"type":"detached","residential":true,"residents_est":4,"h3_10":"8a1e2e69290ffff","h3_11":"8b1e2e692908fff"},"geometry":{"type":"Polygon","coordinates":[[[19.909869,50.001271],[19.909955,50.00126],[19.909966,50.001295],[19.910029,50.001287],[19.910059,50.001382],[19.909932,50.001398],[19.909903,50.001303],[19.90988,50.001306],[19.909869,50.001271]]]}},{"type":"Feature","id":"w161665680","properties":{"type":"yes","residential":true,"residents_est":21,"h3_10":"8a1e2e6929affff","h3_11":"8b1e2e6929a8fff"},"geometry":{"type":"Polygon","coordinates":[[[19.906977,49.999571],[19.907192,49.999527],[19.907219,49.999582],[19.907191,49.999588],[19.90722,49.999659],[19.907198,49.999663],[19.907228,49.99972],[19.907248,49.999715],[19.90729,49.999795],[19.907263,49.999801],[19.90728,49.999835],[19.907307,49.999829],[19.907324,49.999864],[19.907314,49.999867],[19.90734,49.999921],[19.907352,49.999918],[19.907381,49.999975],[19.90736,49.999979],[19.907375,50.000011],[19.907255,50.000034],[19.907227,49.999978],[19.907159,49.999992],[19.907157,49.999988],[19.907195,49.99998],[19.907183,49.999953],[19.907193,49.999951],[19.907175,49.999919],[19.907169,49.99992],[19.907134,49.999856],[19.907111,49.999842],[19.907104,49.999826],[19.907107,49.999803],[19.907063,49.999711],[19.907085,49.999707],[19.907069,49.999675],[19.907052,49.999679],[19.907032,49.999649],[19.907042,49.999646],[19.907029,49.999621],[19.907003,49.999626],[19.906977,49.999571]]]}},{"type":"Feature","id":"w161665691","properties":{"type":"yes","residential":true,"residents_est":2,"h3_10":"8a1e2e692837fff","h3_11":"8b1e2e692832fff"},"geometry":{"type":"Polygon","coordinates":[[[19.908342,49.999134],[19.908506,49.999105],[19.908556,49.999208],[19.908503,49.999218],[19.908488,49.999188],[19.90846,49.999193],[19.908464,49.999201],[19.908382,49.999217],[19.908342,49.999134]]]}},{"type":"Feature","id":"w161665739","properties":{"type":"yes","residential":true,"residents_est":2,"h3_10":"8a1e2e69290ffff","h3_11":"8b1e2e69290efff"},"geometry":{"type":"Polygon","coordinates":[[[19.909322,50.001313],[19.909328,50.001277],[19.909415,50.001282],[19.90941,50.001318],[19.909474,50.001322],[19.909461,50.001416],[19.909331,50.001408],[19.909344,50.001314],[19.909322,50.001313]]]}},{"type":"Feature","id":"w161665766","properties":{"type":"house","residential":true,"residents_est":4,"h3_10":"8a1e2e692907fff","h3_11":"8b1e2e692902fff"},"geometry":{"type":"Polygon","coordinates":[[[19.907995,50.001182],[19.908111,50.001133],[19.908153,50.001177],[19.908129,50.001187],[19.908149,50.001207],[19.908205,50.001183],[19.908233,50.001209],[19.908095,50.001267],[19.908071,50.001243],[19.908061,50.001248],[19.907995,50.001182]]]}},{"type":"Feature","id":"w161665828","properties":{"type":"yes","residential":true,"residents_est":36,"h3_10":"8a1e2e6929affff","h3_11":"8b1e2e6929abfff"},"geometry":{"type":"Polygon","coordinates":[[[19.907246,49.998955],[19.90736,49.998932],[19.907374,49.99896],[19.907391,49.998957],[19.907559,49.999297],[19.907546,49.9993],[19.907557,49.999323],[19.907567,49.999321],[19.907646,49.99948],[19.90763,49.999483],[19.907642,49.999509],[19.907659,49.999505],[19.907691,49.99957],[19.907675,49.999574],[19.907688,49.999599],[19.907704,49.999596],[19.907736,49.999661],[19.90772,49.999665],[19.907733,49.99969],[19.907749,49.999687],[19.907781,49.999752],[19.907771,49.999754],[19.907787,49.999786],[19.907801,49.999783],[19.907808,49.999797],[19.907834,49.999792],[19.907854,49.999834],[19.907828,49.99984],[19.907834,49.999852],[19.907693,49.999881],[19.907659,49.999811],[19.907673,49.999808],[19.907657,49.999778],[19.907637,49.999782],[19.907605,49.999716],[19.90762,49.999713],[19.907607,49.999688],[19.907592,49.999691],[19.90756,49.999626],[19.907574,49.999623],[19.907562,49.999597],[19.907547,49.9996],[19.907515,49.999535],[19.907529,49.999532],[19.907517,49.999506],[19.907502,49.99951],[19.90747,49.999444],[19.907484,49.999441],[19.907472,49.999416],[19.907459,49.999418],[19.907426,49.999352],[19.90745,49.999346],[19.907439,49.999322],[19.907415,49.999327],[19.907247,49.998987],[19.907261,49.998984],[19.907246,49.998955]]]}},{"type":"Feature","id":"w161665838","properties":{"type":"yes","residential":true,"residents_est":2,"h3_10":"8a1e2e692837fff","h3_11":"8b1e2e692832fff"},"geometry":{"type":"Polygon","coordinates":[[[19.908587,49.999082],[19.908713,49.999056],[19.908716,49.999063],[19.908757,49.999054],[19.908809,49.999157],[19.908754,49.999169],[19.908738,49.999137],[19.908706,49.999143],[19.908709,49.999149],[19.908629,49.999166],[19.908587,49.999082]]]}},{"type":"Feature","id":"w161665852","properties":{"type":"yes","residential":true,"residents_est":2,"h3_10":"8a1e2e692987fff","h3_11":"8b1e2e692983fff"},"geometry":{"type":"Polygon","coordinates":[[[19.906414,49.998653],[19.906591,49.99865],[19.906594,49.998737],[19.906525,49.998738],[19.906525,49.998761],[19.906476,49.998762],[19.906478,49.998738],[19.906418,49.998739],[19.906414,49.998653]]]}},{"type":"Feature","id":"w161665863","properties":{"type":"yes","residential":true,"residents_est":2,"h3_10":"8a1e2e69291ffff","h3_11":"8b1e2e692919fff"},"geometry":{"type":"Polygon","coordinates":[[[19.909066,50.000524],[19.909186,50.000499],[19.909189,50.000505],[19.909232,50.000496],[19.909282,50.000601],[19.909237,50.00061],[19.909225,50.000587],[19.909109,50.000611],[19.909066,50.000524]]]}},{"type":"Feature","id":"w161665870","properties":{"type":"apartments","levels":4.0,"residential":true,"residents_est":11,"h3_10":"8a1e2e692957fff","h3_11":"8b1e2e692951fff"},"geometry":{"type":"Polygon","coordinates":[[[19.912262,50.000985],[19.912488,50.000959],[19.912495,50.000984],[19.912582,50.000975],[19.912591,50.001013],[19.912505,50.001022],[19.91251,50.001043],[19.912285,50.001069],[19.912262,50.000985]]]}},{"type":"Feature","id":"w161665876","properties":{"type":"detached","residential":true,"residents_est":6,"h3_10":"8a1e2e692977fff","h3_11":"8b1e2e692972fff"},"geometry":{"type":"Polygon","coordinates":[[[19.911265,50.001421],[19.911418,50.001402],[19.911461,50.001544],[19.911352,50.001557],[19.911346,50.001538],[19.911302,50.001543],[19.911265,50.001421]]]}},{"type":"Feature","id":"w161665895","properties":{"type":"yes","residential":true,"residents_est":2,"h3_10":"8a1e2e69290ffff","h3_11":"8b1e2e69290efff"},"geometry":{"type":"Polygon","coordinates":[[[19.909596,50.001291],[19.909684,50.001285],[19.90969,50.00132],[19.909804,50.001312],[19.909814,50.001371],[19.909765,50.001374],[19.909772,50.001411],[19.909643,50.001421],[19.909627,50.001325],[19.909603,50.001327],[19.909596,50.001291]]]}},{"type":"Feature","id":"w161665899","properties":{"type":"detached","levels":1.0,"residential":true,"residents_est":2,"h3_10":"8a1e2e692957fff","h3_11":"8b1e2e692954fff"},"geometry":{"type":"Polygon","coordinates":[[[19.911793,50.001352],[19.911931,50.001335],[19.911955,50.001414],[19.911817,50.001432],[19.911793,50.001352]]]}},{"type":"Feature","id":"w161665908","properties":{"type":"yes","residential":true,"residents_est":17,"h3_10":"8a1e2e69298ffff","h3_11":"8b1e2e692988fff"},"geometry":{"type":"Polygon","coordinates":[[[19.907583,49.998581],[19.908175,49.998579],[19.908176,49.99869],[19.907584,49.998691],[19.907583,49.998581]]]}},{"type":"Feature","id":"w161665912","properties":{"type":"detached","levels":2.0,"residential":true,"residents_est":4,"h3_10":"8a1e2e692957fff","h3_11":"8b1e2e692951fff"},"geometry":{"type":"Polygon","coordinates":[[[19.912291,50.000759],[19.912461,50.000737],[19.912486,50.000815],[19.912434,50.000822],[19.912437,50.000833],[19.912392,50.000838],[19.912389,50.000827],[19.912315,50.000837],[19.912291,50.000759]]]}},{"type":"Feature","id":"w161665921","properties":{"type":"yes","residential":true,"residents_est":2,"h3_10":"8a1e2e69290ffff","h3_11":"8b1e2e69290cfff"},"geometry":{"type":"Polygon","coordinates":[[[19.909944,50.001595],[19.910115,50.001571],[19.910142,50.00165],[19.909971,50.001674],[19.909944,50.001595]]]}},{"type":"Feature","id":"w161665926","properties":{"type":"outbuilding","levels":1.0,"residential":false,"residents_est":0,"h3_10":"8a1e2e69280ffff","h3_11":"8b1e2e69280efff"},"geometry":{"type":"Polygon","coordinates":[[[19.911617,49.998737],[19.911745,49.998731],[19.911747,49.99878],[19.911619,49.998782],[19.911617,49.998737]]]}},{"type":"Feature","id":"w161665940","properties":{"type":"yes","residential":true,"residents_est":1,"h3_10":"8a1e2e69290ffff","h3_11":"8b1e2e69290dfff"},"geometry":{"type":"Polygon","coordinates":[[[19.910237,50.001555],[19.910374,50.001537],[19.9104,50.001616],[19.910262,50.001634],[19.910237,50.001555]]]}},{"type":"Feature","id":"w161665941","properties":{"type":"yes","residential":true,"residents_est":13,"h3_10":"8a1e2e692817fff","h3_11":"8b1e2e692812fff"},"geometry":{"type":"Polygon","coordinates":[[[19.908838,49.998303],[19.908842,49.998231],[19.908866,49.998231],[19.908872,49.998136],[19.908894,49.998136],[19.908896,49.998111],[19.90889,49.99811],[19.908897,49.998042],[19.908919,49.998042],[19.908921,49.998017],[19.908866,49.998016],[19.908868,49.997945],[19.908892,49.997946],[19.908894,49.997917],[19.909037,49.99792],[19.909036,49.997951],[19.909014,49.997951],[19.90901,49.998019],[19.909051,49.99802],[19.909048,49.998048],[19.909029,49.998047],[19.909027,49.998145],[19.909011,49.998144],[19.909,49.998238],[19.908985,49.998238],[19.908981,49.998306],[19.908838,49.998303]]]}},{"type":"Feature","id":"w161665949","properties":{"type":"yes","residential":true,"residents_est":2,"h3_10":"8a1e2e692827fff","h3_11":"8b1e2e692824fff"},"geometry":{"type":"Polygon","coordinates":[[[19.909908,50.000554],[19.910027,50.000529],[19.910045,50.000568],[19.910053,50.000567],[19.910065,50.000593],[19.910058,50.000594],[19.910083,50.000646],[19.909965,50.000669],[19.909941,50.000618],[19.909932,50.00062],[19.909908,50.000554]]]}},{"type":"Feature","id":"w161665966","properties":{"type":"yes","residential":true,"residents_est":1,"h3_10":"8a1e2e69290ffff","h3_11":"8b1e2e69290dfff"},"geometry":{"type":"Polygon","coordinates":[[[19.910495,50.00152],[19.910634,50.001501],[19.910661,50.001581],[19.910522,50.0016],[19.910495,50.00152]]]}},{"type":"Feature","id":"w161665975","properties":{"type":"yes","residential":true,"residents_est":2,"h3_10":"8a1e2e69298ffff","h3_11":"8b1e2e69298dfff"},"geometry":{"type":"Polygon","coordinates":[[[19.907823,49.999234],[19.907938,49.999211],[19.907942,49.999219],[19.907984,49.99921],[19.908033,49.999313],[19.907981,49.999324],[19.907966,49.999292],[19.907934,49.999299],[19.907937,49.999304],[19.907864,49.999318],[19.907823,49.999234]]]}},{"type":"Feature","id":"w161665977","properties":{"type":"yes","residential":true,"residents_est":3,"h3_10":"8a1e2e69299ffff","h3_11":"8b1e2e69299dfff"},"geometry":{"type":"Polygon","coordinates":[[[19.906396,49.998426],[19.906404,49.998405],[19.90643,49.998404],[19.906428,49.998377],[19.906557,49.998374],[19.906559,49.998402],[19.906581,49.998402],[19.906585,49.998453],[19.906563,49.998454],[19.906565,49.998482],[19.906551,49.998483],[19.906553,49.998517],[19.906453,49.99852],[19.90645,49.998485],[19.906436,49.998486],[19.906433,49.998459],[19.906408,49.998459],[19.906396,49.998426]]]}},{"type":"Feature","id":"w161666044","properties":{"type":"detached","levels":1.0,"residential":true,"residents_est":2,"h3_10":"8a1e2e692957fff","h3_11":"8b1e2e692954fff"},"geometry":{"type":"Polygon","coordinates":[[[19.9115,50.001419],[19.911542,50.001414],[19.911533,50.001387],[19.911669,50.001369],[19.911695,50.001448],[19.911517,50.001472],[19.9115,50.001419]]]}},{"type":"Feature","id":"w161666079","properties":{"type":"detached","levels":1.0,"residential":true,"residents_est":2,"h3_10":"8a1e2e692957fff","h3_11":"8b1e2e692956fff"},"geometry":{"type":"Polygon","coordinates":[[[19.911161,50.001103],[19.911247,50.001091],[19.911258,50.001127],[19.911322,50.001118],[19.911352,50.001212],[19.911226,50.001229],[19.911196,50.001135],[19.911173,50.001138],[19.911161,50.001103]]]}},{"type":"Feature","id":"w161666092","properties":{"type":"yes","residential":true,"residents_est":2,"h3_10":"8a1e2e692827fff","h3_11":"8b1e2e692825fff"},"geometry":{"type":"Polygon","coordinates":[[[19.910481,50.000594],[19.910595,50.000564],[19.910597,50.000569],[19.910657,50.000555],[19.910698,50.00063],[19.91064,50.000644],[19.910642,50.000648],[19.910521,50.00067],[19.910481,50.000594]]]}},{"type":"Feature","id":"w161666118","properties":{"type":"detached","levels":1.0,"residential":true,"residents_est":2,"h3_10":"8a1e2e692957fff","h3_11":"8b1e2e692950fff"},"geometry":{"type":"Polygon","coordinates":[[[19.911683,50.001037],[19.911769,50.001025],[19.91178,50.001061],[19.911843,50.001053],[19.911873,50.001145],[19.911747,50.001161],[19.911717,50.001069],[19.911694,50.001072],[19.911683,50.001037]]]}},{"type":"Feature","id":"w161666164","properties":{"type":"yes","residential":true,"residents_est":1,"h3_10":"8a1e2e692977fff","h3_11":"8b1e2e692972fff"},"geometry":{"type":"Polygon","coordinates":[[[19.91101,50.001453],[19.911147,50.001436],[19.911172,50.001516],[19.911034,50.001533],[19.91101,50.001453]]]}},{"type":"Feature","id":"w161666191","properties":{"type":"yes","residential":true,"residents_est":2,"h3_10":"8a1e2e69298ffff","h3_11":"8b1e2e69298dfff"},"geometry":{"type":"Polygon","coordinates":[[[19.908081,49.999183],[19.908204,49.999157],[19.908208,49.999164],[19.908246,49.999156],[19.908298,49.999261],[19.908248,49.999272],[19.908229,49.999235],[19.908199,49.999241],[19.908202,49.999249],[19.908123,49.999266],[19.908081,49.999183]]]}},{"type":"Feature","id":"w161666209","properties":{"type":"yes","residential":true,"residents_est":2,"h3_10":"8a1e2e69290ffff","h3_11":"8b1e2e69290afff"},"geometry":{"type":"Polygon","coordinates":[[[19.909947,50.000958],[19.910025,50.000943],[19.910023,50.000937],[19.910122,50.000924],[19.910158,50.001002],[19.910096,50.001013],[19.910099,50.001019],[19.910068,50.001025],[19.910066,50.001019],[19.909985,50.001035],[19.909947,50.000958]]]}},{"type":"Feature","id":"w161666222","properties":{"type":"detached","levels":1.0,"residential":true,"residents_est":2,"h3_10":"8a1e2e692957fff","h3_11":"8b1e2e692954fff"},"geometry":{"type":"Polygon","coordinates":[[[19.911453,50.001103],[19.91158,50.001086],[19.91161,50.001179],[19.911483,50.001196],[19.911453,50.001103]]]}},{"type":"Feature","id":"w161666228","properties":{"type":"yes","residential":true,"residents_est":3,"h3_10":"8a1e2e692907fff","h3_11":"8b1e2e692902fff"},"geometry":{"type":"Polygon","coordinates":[[[19.908145,50.001334],[19.908254,50.001285],[19.908298,50.001326],[19.90828,50.001334],[19.908302,50.001354],[19.908356,50.00133],[19.908424,50.001393],[19.908254,50.001463],[19.908188,50.001403],[19.908209,50.001393],[19.908145,50.001334]]]}},{"type":"Feature","id":"w161666230","properties":{"type":"yes","residential":true,"residents_est":2,"h3_10":"8a1e2e69290ffff","h3_11":"8b1e2e69290afff"},"geometry":{"type":"Polygon","coordinates":[[[19.90963,50.000939],[19.909709,50.000923],[19.909705,50.000917],[19.909741,50.000909],[19.909743,50.000914],[19.90981,50.000901],[19.909849,50.000982],[19.909787,50.000994],[19.909788,50.000998],[19.90975,50.001005],[19.909748,50.001],[19.90967,50.001016],[19.90963,50.000939]]]}},{"type":"Feature","id":"w161666284","properties":{"type":"detached","residential":true,"residents_est":4,"h3_10":"8a1e2e69290ffff","h3_11":"8b1e2e692908fff"},"geometry":{"type":"Polygon","coordinates":[[[19.910385,50.001203],[19.91047,50.001192],[19.910481,50.001227],[19.910545,50.001219],[19.910575,50.001313],[19.910449,50.00133],[19.910419,50.001236],[19.910396,50.001239],[19.910385,50.001203]]]}},{"type":"Feature","id":"w161666291","properties":{"type":"yes","residential":true,"residents_est":2,"h3_10":"8a1e2e69291ffff","h3_11":"8b1e2e69291dfff"},"geometry":{"type":"Polygon","coordinates":[[[19.909322,50.000919],[19.909498,50.000883],[19.909536,50.000962],[19.909362,50.000995],[19.909322,50.000919]]]}},{"type":"Feature","id":"w161666297","properties":{"type":"yes","residential":true,"residents_est":2,"h3_10":"8a1e2e692827fff","h3_11":"8b1e2e692820fff"},"geometry":{"type":"Polygon","coordinates":[[[19.910547,50.000119],[19.910744,50.000077],[19.91079,50.000165],[19.910744,50.000175],[19.910742,50.000169],[19.910634,50.000192],[19.910637,50.000198],[19.910591,50.000208],[19.910547,50.000119]]]}},{"type":"Feature","id":"w161666340","properties":{"type":"yes","residential":true,"residents_est":2,"h3_10":"8a1e2e69291ffff","h3_11":"8b1e2e692918fff"},"geometry":{"type":"Polygon","coordinates":[[[19.908821,50.000578],[19.908939,50.000553],[19.908944,50.000562],[19.908982,50.000554],[19.909034,50.000655],[19.908993,50.000664],[19.908979,50.000638],[19.908863,50.000663],[19.908821,50.000578]]]}},{"type":"Feature","id":"w161666355","properties":{"type":"yes","residential":true,"residents_est":2,"h3_10":"8a1e2e692827fff","h3_11":"8b1e2e692825fff"},"geometry":{"type":"Polygon","coordinates":[[[19.910751,50.000534],[19.910809,50.000522],[19.910807,50.000517],[19.910927,50.000496],[19.910967,50.000573],[19.910888,50.000589],[19.910891,50.000594],[19.910792,50.000609],[19.910751,50.000534]]]}},{"type":"Feature","id":"w161666360","properties":{"type":"detached","levels":1.0,"residential":true,"residents_est":2,"h3_10":"8a1e2e692957fff","h3_11":"8b1e2e692955fff"},"geometry":{"type":"Polygon","coordinates":[[[19.912521,50.001309],[19.912593,50.0013],[19.912604,50.001335],[19.912667,50.001327],[19.912696,50.001421],[19.912569,50.001438],[19.91254,50.001344],[19.912532,50.001345],[19.912521,50.001309]]]}},{"type":"Feature","id":"w161666368","properties":{"type":"yes","residential":true,"residents_est":10,"h3_10":"8a1e2e6928a7fff","h3_11":"8b1e2e6928a1fff"},"geometry":{"type":"Polygon","coordinates":[[[19.908721,49.997762],[19.908725,49.997681],[19.908769,49.997683],[19.908769,49.997669],[19.908869,49.997676],[19.90887,49.997666],[19.908944,49.997667],[19.908943,49.997685],[19.908972,49.997685],[19.908972,49.997672],[19.909045,49.997673],[19.909061,49.997675],[19.909061,49.997687],[19.909089,49.997687],[19.909086,49.99779],[19.909082,49.997777],[19.90904,49.997777],[19.90904,49.997791],[19.908964,49.997788],[19.908965,49.997767],[19.90894,49.997767],[19.908938,49.997804],[19.908886,49.997803],[19.908888,49.997764],[19.908832,49.997763],[19.908831,49.997801],[19.908784,49.9978],[19.908784,49.997785],[19.908759,49.997784],[19.908761,49.997763],[19.908721,49.997762]]]}},{"type":"Feature","id":"w161666376","properties":{"type":"yes","address":"Forteczna 55","residential":true,"residents_est":3,"h3_10":"8a1e2e692827fff","h3_11":"8b1e2e692821fff"},"geometry":{"type":"Polygon","coordinates":[[[19.910888,50.000035],[19.911064,50.0],[19.911128,50.000134],[19.910999,50.00016],[19.910965,50.000089],[19.910918,50.000098],[19.910888,50.000035]]]}},{"type":"Feature","id":"w161666395","properties":{"type":"yes","residential":true,"residents_est":2,"h3_10":"8a1e2e692907fff","h3_11":"8b1e2e692901fff"},"geometry":{"type":"Polygon","coordinates":[[[19.90916,50.001766],[19.909165,50.001704],[19.909173,50.001704],[19.909176,50.001675],[19.909208,50.001676],[19.90921,50.001662],[19.90926,50.001664],[19.909261,50.001657],[19.909314,50.001658],[19.909313,50.001674],[19.909336,50.001675],[19.909329,50.001751],[19.909306,50.00175],[19.909303,50.001787],[19.909201,50.001784],[19.909202,50.001767],[19.90916,50.001766]]]}},{"type":"Feature","id":"w161666407","properties":{"type":"yes","residential":true,"residents_est":2,"h3_10":"8a1e2e69291ffff","h3_11":"8b1e2e69291dfff"},"geometry":{"type":"Polygon","coordinates":[[[19.909008,50.000896],[19.909125,50.000871],[19.909126,50.000875],[19.909197,50.000863],[19.909229,50.000941],[19.909122,50.000965],[19.909121,50.000961],[19.909046,50.000974],[19.909008,50.000896]]]}},{"type":"Feature","id":"w161666456","properties":{"type":"yes","residential":true,"residents_est":8,"h3_10":"8a1e2e692817fff","h3_11":"8b1e2e692816fff"},"geometry":{"type":"Polygon","coordinates":[[[19.90854,49.998423],[19.908548,49.998407],[19.908566,49.998406],[19.908567,49.998389],[19.908745,49.998392],[19.908742,49.998472],[19.908769,49.998473],[19.908766,49.998524],[19.908786,49.998532],[19.908785,49.998549],[19.908764,49.998556],[19.908762,49.99858],[19.908747,49.998587],[19.908721,49.99858],[19.908606,49.998578],[19.90861,49.998467],[19.908564,49.998465],[19.908565,49.998451],[19.908548,49.99845],[19.90854,49.998423]]]}},{"type":"Feature","id":"w161666458","properties":{"type":"yes","residential":true,"residents_est":3,"h3_10":"8a1e2e69290ffff","h3_11":"8b1e2e69290cfff"},"geometry":{"type":"Polygon","coordinates":[[[19.909729,50.001697],[19.909796,50.001687],[19.909788,50.001663],[19.909897,50.001648],[19.909937,50.001769],[19.909902,50.001774],[19.909914,50.001811],[19.909839,50.001821],[19.909834,50.001808],[19.909769,50.001817],[19.909729,50.001697]]]}},{"type":"Feature","id":"w161666466","properties":{"type":"yes","residential":true,"residents_est":14,"h3_10":"8a1e2e6928a7fff","h3_11":"8b1e2e6928a0fff"},"geometry":{"type":"Polygon","coordinates":[[[19.907559,49.997769],[19.907565,49.997677],[19.907676,49.99768],[19.907675,49.997694],[19.907713,49.997695],[19.907713,49.997679],[19.90782,49.997682],[19.907819,49.997697],[19.907861,49.997699],[19.907861,49.997682],[19.907973,49.997686],[19.907972,49.997702],[19.908008,49.997703],[19.908009,49.997684],[19.908116,49.997686],[19.908115,49.9977],[19.908159,49.997702],[19.908156,49.997793],[19.908149,49.997793],[19.908149,49.997786],[19.908115,49.997785],[19.908115,49.997793],[19.908108,49.997793],[19.908108,49.997785],[19.908012,49.997783],[19.908011,49.997793],[19.908005,49.997793],[19.908005,49.997783],[19.907965,49.997782],[19.907965,49.997791],[19.907958,49.997791],[19.907959,49.997782],[19.907866,49.99778],[19.907865,49.997789],[19.907858,49.997788],[19.907858,49.99778],[19.907816,49.997779],[19.907815,49.997788],[19.907809,49.997788],[19.90781,49.997779],[19.907715,49.997777],[19.907715,49.997785],[19.90771,49.997785],[19.90771,49.997776],[19.907669,49.997775],[19.907668,49.997785],[19.907662,49.997784],[19.907663,49.997772],[19.907559,49.997769]]]}},{"type":"Feature","id":"w161666473","properties":{"type":"detached","residential":true,"residents_est":4,"h3_10":"8a1e2e69290ffff","h3_11":"8b1e2e692908fff"},"geometry":{"type":"Polygon","coordinates":[[[19.910128,50.001236],[19.910214,50.001225],[19.910225,50.00126],[19.910289,50.001252],[19.910319,50.001346],[19.9102,50.001362],[19.91017,50.001267],[19.91014,50.001272],[19.910128,50.001236]]]}},{"type":"Feature","id":"w161666476","properties":{"type":"detached","levels":1.0,"residential":true,"residents_est":2,"h3_10":"8a1e2e69290ffff","h3_11":"8b1e2e692909fff"},"geometry":{"type":"Polygon","coordinates":[[[19.910643,50.00117],[19.910729,50.001159],[19.91074,50.001194],[19.910803,50.001186],[19.910832,50.001279],[19.910706,50.001295],[19.910677,50.001203],[19.910654,50.001206],[19.910643,50.00117]]]}},{"type":"Feature","id":"w161666493","properties":{"type":"house","residential":true,"residents_est":3,"h3_10":"8a1e2e692907fff","h3_11":"8b1e2e692902fff"},"geometry":{"type":"Polygon","coordinates":[[[19.907885,50.001014],[19.908005,50.000977],[19.908041,50.001026],[19.908021,50.001032],[19.908037,50.001052],[19.908088,50.001036],[19.908107,50.001062],[19.907966,50.001106],[19.907948,50.001081],[19.907937,50.001084],[19.907885,50.001014]]]}},{"type":"Feature","id":"w161666501","properties":{"type":"yes","residential":true,"residents_est":2,"h3_10":"8a1e2e692827fff","h3_11":"8b1e2e692820fff"},"geometry":{"type":"Polygon","coordinates":[[[19.910246,50.000283],[19.910325,50.000266],[19.910322,50.000259],[19.910359,50.000252],[19.910362,50.000258],[19.910423,50.000246],[19.910462,50.000324],[19.910405,50.000336],[19.910408,50.000342],[19.910369,50.000351],[19.910366,50.000345],[19.91029,50.000361],[19.910246,50.000283]]]}},{"type":"Feature","id":"w161666506","properties":{"type":"yes","residential":true,"residents_est":2,"h3_10":"8a1e2e692907fff","h3_11":"8b1e2e692900fff"},"geometry":{"type":"Polygon","coordinates":[[[19.908622,50.001596],[19.908705,50.001495],[19.90885,50.001544],[19.908767,50.001646],[19.908622,50.001596]]]}},{"type":"Feature","id":"w161666516","properties":{"type":"detached","levels":1.0,"residential":true,"residents_est":2,"h3_10":"8a1e2e692957fff","h3_11":"8b1e2e692955fff"},"geometry":{"type":"Polygon","coordinates":[[[19.912315,50.001371],[19.912442,50.001354],[19.912472,50.001449],[19.912345,50.001466],[19.912315,50.001371]]]}},{"type":"Feature","id":"w161666523","properties":{"type":"yes","residential":true,"residents_est":3,"h3_10":"8a1e2e692907fff","h3_11":"8b1e2e692903fff"},"geometry":{"type":"Polygon","coordinates":[[[19.908546,50.001063],[19.908673,50.001013],[19.908662,50.001001],[19.908708,50.000982],[19.908754,50.001031],[19.908708,50.001049],[19.908742,50.001084],[19.908753,50.00108],[19.90878,50.001106],[19.908661,50.001168],[19.908627,50.00113],[19.908615,50.001135],[19.908546,50.001063]]]}},{"type":"Feature","id":"w161666526","properties":{"type":"yes","residential":true,"residents_est":2,"h3_10":"8a1e2e692837fff","h3_11":"8b1e2e692832fff"},"geometry":{"type":"Polygon","coordinates":[[[19.908877,49.999022],[19.909002,49.998997],[19.909005,49.999002],[19.909038,49.998996],[19.909089,49.999099],[19.909036,49.99911],[19.909021,49.999079],[19.908997,49.999084],[19.909001,49.999091],[19.908919,49.999107],[19.908877,49.999022]]]}},{"type":"Feature","id":"w161666527","properties":{"type":"detached","levels":1.0,"residential":true,"residents_est":2,"h3_10":"8a1e2e69290ffff","h3_11":"8b1e2e692909fff"},"geometry":{"type":"Polygon","coordinates":[[[19.910905,50.001136],[19.910991,50.001125],[19.911002,50.00116],[19.911065,50.001152],[19.911094,50.001246],[19.910967,50.001262],[19.910938,50.001169],[19.910916,50.001172],[19.910905,50.001136]]]}},{"type":"Feature","id":"w161666546","properties":{"type":"yes","residential":true,"residents_est":2,"h3_10":"8a1e2e692907fff","h3_11":"8b1e2e692903fff"},"geometry":{"type":"Polygon","coordinates":[[[19.908758,50.00124],[19.908864,50.001133],[19.908913,50.001143],[19.908963,50.001168],[19.908975,50.00118],[19.908867,50.001287],[19.908758,50.00124]]]}},{"type":"Feature","id":"w161666555","properties":{"type":"yes","residential":true,"residents_est":3,"h3_10":"8a1e2e69298ffff","h3_11":"8b1e2e692989fff"},"geometry":{"type":"Polygon","coordinates":[[[19.908175,49.998579],[19.908378,49.998578],[19.908379,49.998689],[19.908176,49.99869],[19.908175,49.998579]]]}},{"type":"Feature","id":"w161666563","properties":{"type":"yes","residential":true,"residents_est":1,"h3_10":"8a1e2e69290ffff","h3_11":"8b1e2e69290dfff"},"geometry":{"type":"Polygon","coordinates":[[[19.910753,50.001486],[19.910891,50.001468],[19.910916,50.001548],[19.910778,50.001566],[19.910753,50.001486]]]}},{"type":"Feature","id":"w161666614","properties":{"type":"yes","residential":true,"residents_est":2,"h3_10":"8a1e2e69291ffff","h3_11":"8b1e2e692919fff"},"geometry":{"type":"Polygon","coordinates":[[[19.909339,50.000468],[19.909464,50.000442],[19.909468,50.00045],[19.909503,50.000442],[19.909555,50.000543],[19.909506,50.000554],[19.909493,50.000529],[19.909383,50.000552],[19.909339,50.000468]]]}},{"type":"Feature","id":"w161666632","properties":{"type":"house","residential":true,"residents_est":4,"h3_10":"8a1e2e692917fff","h3_11":"8b1e2e692911fff"},"geometry":{"type":"Polygon","coordinates":[[[19.907781,50.000843],[19.907913,50.000816],[19.907937,50.000864],[19.907917,50.000868],[19.907929,50.000894],[19.907989,50.000881],[19.908004,50.00091],[19.907844,50.000944],[19.907831,50.000916],[19.907819,50.000918],[19.907781,50.000843]]]}},{"type":"Feature","id":"w161666675","properties":{"type":"detached","levels":1.0,"address":"Narvik 38A","residential":true,"residents_est":2,"h3_10":"8a1e2e692957fff","h3_11":"8b1e2e692950fff"},"geometry":{"type":"Polygon","coordinates":[[[19.91193,50.00097],[19.91203,50.000958],[19.91204,50.00099],[19.912028,50.000991],[19.912039,50.001027],[19.912102,50.001019],[19.912131,50.001112],[19.912003,50.001128],[19.911977,50.001043],[19.911953,50.001046],[19.91193,50.00097]]]}},{"type":"Feature","id":"w161666679","properties":{"type":"detached","address":"Narvik 45a","residential":true,"residents_est":6,"h3_10":"8a1e2e692957fff","h3_11":"8b1e2e692955fff"},"geometry":{"type":"Polygon","coordinates":[[[19.912039,50.001462],[19.912066,50.001435],[19.912098,50.00145],[19.912114,50.001435],[19.912101,50.001397],[19.912076,50.001401],[19.912049,50.00132],[19.912188,50.001302],[19.912239,50.001468],[19.912164,50.001478],[19.912135,50.001503],[19.912039,50.001462]]]}},{"type":"Feature","id":"w161666690","properties":{"type":"yes","address":"Zagaje 39","name":"Ślusarz","residential":true,"residents_est":4,"h3_10":"8a1e2e69281ffff","h3_11":"8b1e2e69281dfff"},"geometry":{"type":"Polygon","coordinates":[[[19.911302,49.998327],[19.911307,49.998176],[19.911521,49.99818],[19.911517,49.998317],[19.91139,49.998315],[19.91139,49.998328],[19.911302,49.998327]]]}},{"type":"Feature","id":"w161666709","properties":{"type":"industrial","levels":2.0,"address":"Izydora Kopernickiego 3","residential":false,"residents_est":0,"h3_10":"8a1e2e69280ffff","h3_11":"8b1e2e69280efff"},"geometry":{"type":"Polygon","coordinates":[[[19.911745,49.998897],[19.911933,49.998892],[19.911926,49.998778],[19.911933,49.998778],[19.911931,49.998745],[19.912009,49.998743],[19.912012,49.998776],[19.912163,49.998772],[19.912178,49.999003],[19.911753,49.999014],[19.911745,49.998897]]]}},{"type":"Feature","id":"w161666730","properties":{"type":"yes","residential":true,"residents_est":16,"h3_10":"8a1e2e69298ffff","h3_11":"8b1e2e69298efff"},"geometry":{"type":"Polygon","coordinates":[[[19.9067,49.998489],[19.90683,49.998482],[19.90682,49.998407],[19.907046,49.998395],[19.907061,49.99851],[19.906985,49.998514],[19.906987,49.998534],[19.907008,49.998537],[19.907023,49.998552],[19.907021,49.99857],[19.907006,49.998577],[19.906982,49.99858],[19.906956,49.998574],[19.90681,49.998582],[19.906829,49.998729],[19.906747,49.998733],[19.90674,49.99868],[19.906719,49.998681],[19.906707,49.998587],[19.906722,49.998586],[19.906718,49.998554],[19.906708,49.998554],[19.9067,49.998489]]]}},{"type":"Feature","id":"w161666758","properties":{"type":"yes","residential":true,"residents_est":24,"h3_10":"8a1e2e692957fff","h3_11":"8b1e2e692953fff"},"geometry":{"type":"Polygon","coordinates":[[[19.911375,50.000663],[19.911529,50.00065],[19.911536,50.000673],[19.911531,50.000676],[19.911575,50.000672],[19.911568,50.000671],[19.911567,50.000665],[19.911574,50.000664],[19.911567,50.000624],[19.911619,50.00062],[19.91162,50.000626],[19.911719,50.000613],[19.911726,50.000649],[19.911763,50.000646],[19.911751,50.000583],[19.911848,50.00058],[19.911847,50.000575],[19.911907,50.000571],[19.911911,50.00059],[19.911918,50.000595],[19.911912,50.0006],[19.911948,50.000598],[19.911941,50.000587],[19.911946,50.000586],[19.91194,50.000547],[19.912101,50.000537],[19.912106,50.000573],[19.912137,50.000571],[19.912126,50.000508],[19.912181,50.000509],[19.912281,50.000499],[19.912285,50.000526],[19.912318,50.000524],[19.912308,50.000475],[19.912462,50.000468],[19.912465,50.000495],[19.912509,50.000491],[19.912517,50.000552],[19.912422,50.000563],[19.912423,50.00057],[19.912365,50.000573],[19.91236,50.000536],[19.912321,50.000538],[19.912333,50.000594],[19.912237,50.000599],[19.912238,50.000605],[19.912179,50.000608],[19.912174,50.000572],[19.912137,50.000574],[19.912147,50.00063],[19.91199,50.000643],[19.911985,50.000607],[19.911949,50.000609],[19.911958,50.000666],[19.91181,50.000681],[19.911804,50.000646],[19.911763,50.000648],[19.911773,50.000704],[19.911624,50.00072],[19.911617,50.000684],[19.911578,50.000687],[19.911587,50.000737],[19.911497,50.000745],[19.911498,50.00075],[19.911438,50.000754],[19.911431,50.000717],[19.911386,50.000721],[19.911375,50.000663]]]}},{"type":"Feature","id":"w161666769","properties":{"type":"yes","residential":true,"residents_est":11,"h3_10":"8a1e2e692987fff","h3_11":"8b1e2e692982fff"},"geometry":{"type":"Polygon","coordinates":[[[19.905323,49.998794],[19.905349,49.998801],[19.905571,49.99876],[19.905631,49.998886],[19.905618,49.998888],[19.905623,49.998896],[19.905659,49.99891],[19.90569,49.998905],[19.905708,49.998947],[19.905658,49.998957],[19.905653,49.998948],[19.90551,49.998975],[19.905482,49.998915],[19.905432,49.998924],[19.905422,49.998901],[19.90536,49.998877],[19.905323,49.998794]]]}},{"type":"Feature","id":"w161666789","properties":{"type":"yes","residential":true,"residents_est":28,"h3_10":"8a1e2e6928a7fff","h3_11":"8b1e2e6928a5fff"},"geometry":{"type":"Polygon","coordinates":[[[19.908386,49.997725],[19.908396,49.99761],[19.908552,49.997613],[19.908541,49.997755],[19.90857,49.997755],[19.908563,49.997833],[19.908536,49.997833],[19.908535,49.99786],[19.908546,49.99786],[19.90854,49.997965],[19.908567,49.997965],[19.908565,49.998071],[19.908578,49.998072],[19.908575,49.998148],[19.908563,49.998149],[19.908559,49.998254],[19.908602,49.998254],[19.9086,49.998285],[19.908658,49.998285],[19.908658,49.998357],[19.908504,49.998357],[19.908507,49.998285],[19.908474,49.998284],[19.908476,49.998254],[19.908409,49.998254],[19.908411,49.998178],[19.908423,49.998178],[19.908426,49.998043],[19.90841,49.998043],[19.908417,49.997937],[19.908388,49.997937],[19.908389,49.997856],[19.908409,49.997857],[19.908414,49.997753],[19.908397,49.997753],[19.908398,49.997725],[19.908386,49.997725]]]}},{"type":"Feature","id":"w161678209","properties":{"type":"yes","residential":true,"residents_est":9,"h3_10":"8a1e2e692817fff","h3_11":"8b1e2e692813fff"},"geometry":{"type":"Polygon","coordinates":[[[19.909605,49.997823],[19.909609,49.997739],[19.909647,49.997739],[19.909647,49.997729],[19.909714,49.99773],[19.909713,49.997743],[19.909754,49.997743],[19.909755,49.997728],[19.909887,49.99773],[19.909888,49.99774],[19.909928,49.99774],[19.909929,49.997733],[19.909982,49.997734],[19.909981,49.997816],[19.909887,49.997819],[19.909886,49.997841],[19.909776,49.997844],[19.909776,49.997825],[19.909712,49.997825],[19.909711,49.997842],[19.909645,49.997842],[19.909647,49.997823],[19.909605,49.997823]]]}},{"type":"Feature","id":"w161678217","properties":{"type":"yes","residential":true,"residents_est":28,"h3_10":"8a1e2e69299ffff","h3_11":"8b1e2e692999fff"},"geometry":{"type":"Polygon","coordinates":[[[19.907142,49.997991],[19.907147,49.997906],[19.907166,49.997906],[19.907167,49.997854],[19.907146,49.997854],[19.907151,49.997765],[19.907167,49.997765],[19.907168,49.997749],[19.907169,49.997719],[19.907152,49.997719],[19.907156,49.997632],[19.907176,49.997633],[19.907178,49.997608],[19.907342,49.997611],[19.907327,49.997887],[19.907292,49.997887],[19.90729,49.997922],[19.907328,49.997923],[19.907326,49.997955],[19.907349,49.997955],[19.907348,49.997983],[19.907314,49.997983],[19.907312,49.997995],[19.907307,49.998058],[19.907343,49.998059],[19.90734,49.998117],[19.907304,49.998116],[19.9073,49.998194],[19.907334,49.998194],[19.907333,49.998251],[19.907301,49.998251],[19.9073,49.998292],[19.907174,49.998289],[19.907174,49.99826],[19.907149,49.998259],[19.907154,49.998176],[19.907174,49.998177],[19.907177,49.998126],[19.907155,49.998126],[19.907161,49.998041],[19.907183,49.998041],[19.907186,49.997991],[19.907142,49.997991]]]}},{"type":"Feature","id":"w161678218","properties":{"type":"hospital","address":"Józefa Kostrzewskiego 47","residential":false,"residents_est":0,"h3_10":"8a1e2e69299ffff","h3_11":"8b1e2e69299bfff"},"geometry":{"type":"Polygon","coordinates":[[[19.90663,49.997221],[19.906714,49.997213],[19.906786,49.997228],[19.906779,49.997228],[19.90678,49.997245],[19.906864,49.997245],[19.906871,49.99734],[19.906787,49.997343],[19.906796,49.997524],[19.906846,49.997523],[19.906861,49.997742],[19.906816,49.997743],[19.906819,49.997791],[19.906813,49.997809],[19.906778,49.99781],[19.90677,49.997793],[19.906767,49.997745],[19.90668,49.997747],[19.906636,49.997223],[19.90663,49.997221]]]}},{"type":"Feature","id":"w161678220","properties":{"type":"yes","address":"Zagaje 4","residential":true,"residents_est":2,"h3_10":"8a1e2e692857fff","h3_11":"8b1e2e692854fff"},"geometry":{"type":"Polygon","coordinates":[[[19.914261,49.998677],[19.914384,49.998655],[19.914422,49.998743],[19.914376,49.998752],[19.914382,49.998765],[19.914346,49.998771],[19.914339,49.998757],[19.914298,49.998764],[19.914261,49.998677]]]}},{"type":"Feature","id":"w161678221","properties":{"type":"yes","residential":true,"residents_est":2,"h3_10":"8a1e2e6928e7fff","h3_11":"8b1e2e6928e6fff"},"geometry":{"type":"Polygon","coordinates":[[[19.912239,49.997718],[19.912244,49.997718],[19.912241,49.99769],[19.912275,49.997689],[19.912271,49.99764],[19.912365,49.997636],[19.912371,49.997699],[19.912415,49.997698],[19.912421,49.99776],[19.912365,49.997763],[19.912366,49.997771],[19.912248,49.997775],[19.912239,49.997718]]]}},{"type":"Feature","id":"w161678230","properties":{"type":"yes","residential":true,"residents_est":1,"h3_10":"8a1e2e6928effff","h3_11":"8b1e2e6928ecfff"},"geometry":{"type":"Polygon","coordinates":[[[19.913971,49.997555],[19.913979,49.997477],[19.9141,49.997482],[19.914092,49.99756],[19.913971,49.997555]]]}},{"type":"Feature","id":"w161678234","properties":{"type":"yes","residential":true,"residents_est":1,"h3_10":"8a1e2e69294ffff","h3_11":"8b1e2e692948fff"},"geometry":{"type":"Polygon","coordinates":[[[19.914999,50.001089],[19.915056,50.001003],[19.915174,50.001035],[19.915118,50.001121],[19.914999,50.001089]]]}},{"type":"Feature","id":"w161678237","properties":{"type":"yes","address":"Zagaje 12","residential":true,"residents_est":1,"h3_10":"8a1e2e69280ffff","h3_11":"8b1e2e692809fff"},"geometry":{"type":"Polygon","coordinates":[[[19.91307,49.998501],[19.91321,49.998496],[19.913218,49.998581],[19.913078,49.998586],[19.91307,49.998501]]]}},{"type":"Feature","id":"w161678238","properties":{"type":"apartments","residential":true,"residents_est":11,"h3_10":"8a1e2e692937fff","h3_11":"8b1e2e692932fff"},"geometry":{"type":"Polygon","coordinates":[[[19.905958,50.001497],[19.90611,50.00146],[19.906163,50.001548],[19.90618,50.001543],[19.906192,50.001564],[19.906118,50.001583],[19.906115,50.001577],[19.90608,50.001586],[19.906072,50.001574],[19.906013,50.001588],[19.905958,50.001497]]]}},{"type":"Feature","id":"w161678241","properties":{"type":"yes","residential":true,"residents_est":2,"h3_10":"8a1e2e692957fff","h3_11":"8b1e2e692956fff"},"geometry":{"type":"Polygon","coordinates":[[[19.911092,50.000695],[19.911237,50.000667],[19.911279,50.000756],[19.911136,50.000784],[19.911092,50.000695]]]}},{"type":"Feature","id":"w161678242","properties":{"type":"detached","residential":true,"residents_est":3,"h3_10":"8a1e2e692867fff","h3_11":"8b1e2e692860fff"},"geometry":{"type":"Polygon","coordinates":[[[19.915135,50.000229],[19.915189,50.000145],[19.915212,50.000152],[19.915224,50.000132],[19.915298,50.000152],[19.915286,50.000171],[19.915303,50.000176],[19.915249,50.00026],[19.915135,50.000229]]]}},{"type":"Feature","id":"w161678244","properties":{"type":"yes","residential":true,"residents_est":3,"h3_10":"8a1e2e692877fff","h3_11":"8b1e2e692872fff"},"geometry":{"type":"Polygon","coordinates":[[[19.913401,49.999185],[19.91347,49.999174],[19.913457,49.999146],[19.913503,49.999138],[19.913512,49.999159],[19.913599,49.999142],[19.913585,49.999114],[19.913657,49.999102],[19.913683,49.999159],[19.913689,49.999159],[19.913701,49.999183],[19.913694,49.999185],[19.913707,49.999216],[19.913646,49.999228],[19.913639,49.999216],[19.913561,49.999231],[19.913553,49.999213],[19.913497,49.999223],[19.913506,49.999244],[19.913434,49.999258],[19.913401,49.999185]]]}},{"type":"Feature","id":"w161678245","properties":{"type":"yes","residential":true,"residents_est":1,"h3_10":"8a1e2e692867fff","h3_11":"8b1e2e692865fff"},"geometry":{"type":"Polygon","coordinates":[[[19.915416,50.000617],[19.915489,50.00054],[19.915595,50.000581],[19.915521,50.000659],[19.915416,50.000617]]]}},{"type":"Feature","id":"w161678247","properties":{"type":"yes","residential":true,"residents_est":2,"h3_10":"8a1e2e69280ffff","h3_11":"8b1e2e69280bfff"},"geometry":{"type":"Polygon","coordinates":[[[19.91288,49.998225],[19.912894,49.998224],[19.912891,49.998196],[19.91299,49.99819],[19.912993,49.998219],[19.913011,49.998218],[19.913023,49.998316],[19.912892,49.998323],[19.91288,49.998225]]]}},{"type":"Feature","id":"w161678252","properties":{"type":"yes","residential":true,"residents_est":2,"h3_10":"8a1e2e69295ffff","h3_11":"8b1e2e69295afff"},"geometry":{"type":"Polygon","coordinates":[[[19.913302,49.999944],[19.913424,49.999942],[19.913428,50.000033],[19.913306,50.000036],[19.913302,49.999944]]]}},{"type":"Feature","id":"w161678257","properties":{"type":"yes","residential":true,"residents_est":3,"h3_10":"8a1e2e6928e7fff","h3_11":"8b1e2e6928e0fff"},"geometry":{"type":"Polygon","coordinates":[[[19.912512,49.997642],[19.912685,49.997634],[19.912698,49.997757],[19.912525,49.997764],[19.912512,49.997642]]]}},{"type":"Feature","id":"w161678263","properties":{"type":"yes","residential":true,"residents_est":2,"h3_10":"8a1e2e692857fff","h3_11":"8b1e2e692856fff"},"geometry":{"type":"Polygon","coordinates":[[[19.91371,49.998204],[19.913728,49.998204],[19.913726,49.998169],[19.913825,49.998166],[19.913827,49.998201],[19.913851,49.9982],[19.913859,49.998298],[19.913714,49.998301],[19.91371,49.998204]]]}},{"type":"Feature","id":"w161678266","properties":{"type":"yes","residential":true,"residents_est":2,"h3_10":"8a1e2e692867fff","h3_11":"8b1e2e692866fff"},"geometry":{"type":"Polygon","coordinates":[[[19.914626,50.000125],[19.914663,50.000037],[19.914642,50.000033],[19.914657,49.999998],[19.914751,50.000014],[19.914736,50.000049],[19.914783,50.000057],[19.914747,50.000146],[19.914626,50.000125]]]}},{"type":"Feature","id":"w161678268","properties":{"type":"yes","residential":true,"residents_est":3,"h3_10":"8a1e2e69281ffff","h3_11":"8b1e2e69281bfff"},"geometry":{"type":"Polygon","coordinates":[[[19.911298,49.997654],[19.911442,49.997644],[19.911458,49.997733],[19.911442,49.997734],[19.911446,49.997757],[19.91152,49.997751],[19.91153,49.997808],[19.911433,49.997815],[19.911425,49.997774],[19.91132,49.997782],[19.911298,49.997654]]]}},{"type":"Feature","id":"w161678269","properties":{"type":"yes","residential":true,"residents_est":2,"h3_10":"8a1e2e692877fff","h3_11":"8b1e2e692871fff"},"geometry":{"type":"Polygon","coordinates":[[[19.914569,49.999484],[19.914751,49.999479],[19.914757,49.999561],[19.914575,49.999567],[19.914569,49.999484]]]}},{"type":"Feature","id":"w161678270","properties":{"type":"yes","residential":true,"residents_est":2,"h3_10":"8a1e2e69280ffff","h3_11":"8b1e2e69280bfff"},"geometry":{"type":"Polygon","coordinates":[[[19.913143,49.998229],[19.913205,49.998227],[19.913203,49.998198],[19.91328,49.998195],[19.913283,49.998224],[19.913291,49.998223],[19.913299,49.998306],[19.913151,49.998312],[19.913143,49.998229]]]}},{"type":"Feature","id":"w161678276","properties":{"type":"yes","residential":true,"residents_est":2,"h3_10":"8a1e2e69294ffff","h3_11":"8b1e2e69294dfff"},"geometry":{"type":"Polygon","coordinates":[[[19.915451,50.001573],[19.915527,50.001489],[19.915655,50.001535],[19.915578,50.00162],[19.915451,50.001573]]]}},{"type":"Feature","id":"w161678279","properties":{"type":"yes","residential":true,"residents_est":2,"h3_10":"8a1e2e69282ffff","h3_11":"8b1e2e692829fff"},"geometry":{"type":"Polygon","coordinates":[[[19.912942,49.99987],[19.913091,49.99986],[19.913106,49.999952],[19.912956,49.999962],[19.912942,49.99987]]]}},{"type":"Feature","id":"w161678282","properties":{"type":"yes","residential":true,"residents_est":2,"h3_10":"8a1e2e692867fff","h3_11":"8b1e2e692865fff"},"geometry":{"type":"Polygon","coordinates":[[[19.915856,50.000784],[19.915929,50.000701],[19.915951,50.000709],[19.915967,50.000691],[19.916034,50.000715],[19.916019,50.000733],[19.91604,50.000741],[19.915967,50.000825],[19.915856,50.000784]]]}},{"type":"Feature","id":"w161678284","properties":{"type":"yes","residential":true,"residents_est":2,"h3_10":"8a1e2e6928e7fff","h3_11":"8b1e2e6928e1fff"},"geometry":{"type":"Polygon","coordinates":[[[19.913651,49.99767],[19.913702,49.99767],[19.913701,49.997619],[19.91384,49.997612],[19.913841,49.997713],[19.91375,49.997714],[19.91375,49.997693],[19.913702,49.997693],[19.913703,49.997731],[19.913652,49.997731],[19.913651,49.99767]]]}},{"type":"Feature","id":"w161678288","properties":{"type":"yes","residential":true,"residents_est":2,"h3_10":"8a1e2e692937fff","h3_11":"8b1e2e692931fff"},"geometry":{"type":"Polygon","coordinates":[[[19.90696,50.002028],[19.907066,50.002],[19.90708,50.002023],[19.907151,50.002005],[19.907173,50.002041],[19.907127,50.002053],[19.907123,50.002047],[19.907099,50.002053],[19.907114,50.002077],[19.907007,50.002105],[19.90696,50.002028]]]}},{"type":"Feature","id":"w161678291","properties":{"type":"yes","residential":true,"residents_est":1,"h3_10":"8a1e2e692867fff","h3_11":"8b1e2e692860fff"},"geometry":{"type":"Polygon","coordinates":[[[19.915627,50.000372],[19.915697,50.000293],[19.915803,50.000332],[19.915733,50.000411],[19.915627,50.000372]]]}},{"type":"Feature","id":"w161678295","properties":{"type":"yes","residential":true,"residents_est":2,"h3_10":"8a1e2e69294ffff","h3_11":"8b1e2e69294afff"},"geometry":{"type":"Polygon","coordinates":[[[19.914468,50.000992],[19.914507,50.0009],[19.914633,50.000922],[19.914593,50.001015],[19.914468,50.000992]]]}},{"type":"Feature","id":"w161678296","properties":{"type":"yes","residential":true,"residents_est":1,"h3_10":"8a1e2e692927fff","h3_11":"8b1e2e692926fff"},"geometry":{"type":"Polygon","coordinates":[[[19.907203,50.002581],[19.907313,50.002555],[19.907332,50.002588],[19.907352,50.002583],[19.907365,50.002606],[19.907345,50.002611],[19.90736,50.002638],[19.90725,50.002664],[19.907203,50.002581]]]}},{"type":"Feature","id":"w161678301","properties":{"type":"yes","residential":true,"residents_est":3,"h3_10":"8a1e2e69296ffff","h3_11":"8b1e2e69296cfff"},"geometry":{"type":"Polygon","coordinates":[[[19.914265,50.002744],[19.914396,50.002724],[19.914397,50.002732],[19.914467,50.002725],[19.914471,50.002736],[19.91456,50.002727],[19.914574,50.00279],[19.914394,50.002807],[19.914392,50.002798],[19.914358,50.002801],[19.91436,50.00281],[19.914282,50.002817],[19.914265,50.002744]]]}},{"type":"Feature","id":"w161678303","properties":{"type":"yes","residential":true,"residents_est":1,"h3_10":"8a1e2e69295ffff","h3_11":"8b1e2e69295bfff"},"geometry":{"type":"Polygon","coordinates":[[[19.913853,50.000042],[19.91386,49.999949],[19.913983,49.999955],[19.913975,50.000047],[19.913853,50.000042]]]}},{"type":"Feature","id":"w161678310","properties":{"type":"yes","address":"Józefa Bellerta 25","residential":true,"residents_est":2,"h3_10":"8a1e2e69281ffff","h3_11":"8b1e2e692819fff"},"geometry":{"type":"Polygon","coordinates":[[[19.912011,49.99797],[19.912023,49.99797],[19.912036,49.99796],[19.91207,49.997958],[19.912097,49.997966],[19.912099,49.997979],[19.912193,49.997969],[19.912203,49.99806],[19.912023,49.998069],[19.912011,49.99797]]]}},{"type":"Feature","id":"w161678323","properties":{"type":"yes","residential":true,"residents_est":2,"h3_10":"8a1e2e692817fff","h3_11":"8b1e2e692815fff"},"geometry":{"type":"Polygon","coordinates":[[[19.909466,49.998713],[19.909575,49.998688],[19.909564,49.998663],[19.909611,49.998653],[19.909663,49.998752],[19.909623,49.998762],[19.909627,49.998768],[19.909509,49.998795],[19.909466,49.998713]]]}},{"type":"Feature","id":"w161678325","properties":{"type":"yes","residential":true,"residents_est":2,"h3_10":"8a1e2e69295ffff","h3_11":"8b1e2e69295cfff"},"geometry":{"type":"Polygon","coordinates":[[[19.913573,50.000934],[19.913579,50.00085],[19.913785,50.000856],[19.913781,50.000921],[19.91376,50.00092],[19.913758,50.000951],[19.91365,50.000948],[19.91365,50.000937],[19.913573,50.000934]]]}},{"type":"Feature","id":"w161678332","properties":{"type":"yes","residential":true,"residents_est":1,"h3_10":"8a1e2e69295ffff","h3_11":"8b1e2e69295bfff"},"geometry":{"type":"Polygon","coordinates":[[[19.914115,50.000056],[19.914138,49.999965],[19.914261,49.999977],[19.914239,50.000069],[19.914115,50.000056]]]}},{"type":"Feature","id":"w161678335","properties":{"type":"yes","residential":true,"residents_est":2,"h3_10":"8a1e2e6928e7fff","h3_11":"8b1e2e6928e1fff"},"geometry":{"type":"Polygon","coordinates":[[[19.91338,49.997642],[19.913402,49.997642],[19.9134,49.997616],[19.9135,49.997614],[19.913502,49.99766],[19.913564,49.997658],[19.913567,49.997735],[19.913384,49.997733],[19.91338,49.997642]]]}},{"type":"Feature","id":"w161678336","properties":{"type":"apartments","residential":true,"residents_est":22,"h3_10":"8a1e2e692937fff","h3_11":"8b1e2e692933fff"},"geometry":{"type":"Polygon","coordinates":[[[19.906551,50.001441],[19.906712,50.001397],[19.906737,50.001435],[19.906761,50.001428],[19.906828,50.001529],[19.906807,50.001535],[19.90684,50.001584],[19.906676,50.001629],[19.906642,50.001578],[19.906674,50.001569],[19.906649,50.001531],[19.906617,50.001484],[19.906586,50.001492],[19.906551,50.001441]]]}},{"type":"Feature","id":"w161678341","properties":{"type":"yes","address":"Leona Wachholza 4","residential":true,"residents_est":3,"h3_10":"8a1e2e69281ffff","h3_11":"8b1e2e692818fff"},"geometry":{"type":"Polygon","coordinates":[[[19.911169,49.997935],[19.911249,49.997933],[19.911248,49.997919],[19.911319,49.997916],[19.911321,49.997937],[19.911339,49.997936],[19.911342,49.997978],[19.911367,49.997978],[19.911369,49.998009],[19.911325,49.99801],[19.911329,49.998066],[19.911183,49.998071],[19.911179,49.998014],[19.911189,49.998014],[19.911187,49.997992],[19.911173,49.997992],[19.911169,49.997935]]]}},{"type":"Feature","id":"w161678343","properties":{"type":"house","residential":true,"residents_est":5,"h3_10":"8a1e2e6928e7fff","h3_11":"8b1e2e6928e2fff"},"geometry":{"type":"Polygon","coordinates":[[[19.91248,49.997271],[19.912577,49.997267],[19.912579,49.99729],[19.912636,49.997288],[19.912643,49.997346],[19.912657,49.997346],[19.912663,49.997397],[19.912496,49.9974],[19.912489,49.997337],[19.912507,49.997336],[19.912504,49.997308],[19.912485,49.997309],[19.91248,49.997271]]]}},{"type":"Feature","id":"w161678346","properties":{"type":"yes","address":"Księdza Władysława Dercza 6","residential":true,"residents_est":2,"h3_10":"8a1e2e692807fff","h3_11":"8b1e2e692806fff"},"geometry":{"type":"Polygon","coordinates":[[[19.909951,49.999093],[19.910028,49.999077],[19.910035,49.999092],[19.91008,49.999083],[19.91006,49.999043],[19.910108,49.999033],[19.910156,49.999131],[19.91017,49.999128],[19.91019,49.999167],[19.910128,49.999179],[19.910115,49.999153],[19.909993,49.999178],[19.909951,49.999093]]]}},{"type":"Feature","id":"w161678353","properties":{"type":"yes","residential":true,"residents_est":1,"h3_10":"8a1e2e6928e7fff","h3_11":"8b1e2e6928e3fff"},"geometry":{"type":"Polygon","coordinates":[[[19.913353,49.997276],[19.913477,49.997276],[19.913477,49.997361],[19.913384,49.997367],[19.913384,49.997352],[19.913354,49.997352],[19.913353,49.997276]]]}},{"type":"Feature","id":"w161678355","properties":{"type":"yes","residential":true,"residents_est":2,"h3_10":"8a1e2e692857fff","h3_11":"8b1e2e692850fff"},"geometry":{"type":"Polygon","coordinates":[[[19.913962,49.998171],[19.914033,49.998169],[19.914033,49.998204],[19.914102,49.998202],[19.914106,49.998297],[19.913968,49.9983],[19.913962,49.998171]]]}},{"type":"Feature","id":"w161678358","properties":{"type":"yes","residential":true,"residents_est":2,"h3_10":"8a1e2e69295ffff","h3_11":"8b1e2e69295efff"},"geometry":{"type":"Polygon","coordinates":[[[19.913005,50.000674],[19.913114,50.000669],[19.913115,50.000682],[19.913174,50.00068],[19.913183,50.000775],[19.913016,50.000782],[19.913005,50.000674]]]}},{"type":"Feature","id":"w161678362","properties":{"type":"yes","residential":true,"residents_est":2,"h3_10":"8a1e2e692867fff","h3_11":"8b1e2e692866fff"},"geometry":{"type":"Polygon","coordinates":[[[19.914887,50.000171],[19.914935,50.000085],[19.915051,50.000112],[19.915003,50.000198],[19.914887,50.000171]]]}},{"type":"Feature","id":"w161678365","properties":{"type":"yes","residential":true,"residents_est":2,"h3_10":"8a1e2e69294ffff","h3_11":"8b1e2e692949fff"},"geometry":{"type":"Polygon","coordinates":[[[19.915717,50.001312],[19.915808,50.001237],[19.915792,50.001229],[19.915828,50.0012],[19.915893,50.001232],[19.915858,50.001262],[19.915909,50.001287],[19.915818,50.001363],[19.915717,50.001312]]]}},{"type":"Feature","id":"w161678371","properties":{"type":"house","levels":3.0,"address":"Forteczna 34","residential":true,"residents_est":6,"h3_10":"8a1e2e692847fff","h3_11":"8b1e2e692846fff"},"geometry":{"type":"Polygon","coordinates":[[[19.914797,49.998915],[19.914957,49.998886],[19.914997,49.998977],[19.914837,49.999006],[19.914797,49.998915]]]}},{"type":"Feature","id":"w161678375","properties":{"type":"yes","residential":true,"residents_est":2,"h3_10":"8a1e2e69295ffff","h3_11":"8b1e2e69295afff"},"geometry":{"type":"Polygon","coordinates":[[[19.913564,50.000314],[19.913571,50.000225],[19.913596,50.000226],[19.913598,50.000204],[19.913674,50.000207],[19.913672,50.000228],[19.913696,50.000229],[19.913688,50.000318],[19.913564,50.000314]]]}},{"type":"Feature","id":"w161678376","properties":{"type":"yes","address":"Leona Wachholza 3","name":"ASO Peugeot","residential":true,"residents_est":18,"h3_10":"8a1e2e69281ffff","h3_11":"8b1e2e69281bfff"},"geometry":{"type":"Polygon","coordinates":[[[19.911661,49.997664],[19.911712,49.997661],[19.911725,49.997619],[19.911722,49.997583],[19.911776,49.997579],[19.911852,49.997562],[19.911893,49.997563],[19.911947,49.997574],[19.912087,49.997566],[19.912105,49.997687],[19.911959,49.997695],[19.911957,49.997681],[19.911901,49.997684],[19.911913,49.997772],[19.911899,49.997773],[19.911904,49.997806],[19.911718,49.997817],[19.911712,49.997777],[19.911695,49.997778],[19.911684,49.997697],[19.911666,49.997698],[19.911661,49.997664]]]}},{"type":"Feature","id":"w161678378","properties":{"type":"house","residential":true,"residents_est":5,"h3_10":"8a1e2e6928e7fff","h3_11":"8b1e2e6928e2fff"},"geometry":{"type":"Polygon","coordinates":[[[19.912771,49.997261],[19.912936,49.997256],[19.912943,49.997361],[19.912824,49.997364],[19.912826,49.997397],[19.91278,49.997398],[19.912771,49.997261]]]}},{"type":"Feature","id":"w161678380","properties":{"type":"yes","residential":true,"residents_est":1,"h3_10":"8a1e2e692867fff","h3_11":"8b1e2e692864fff"},"geometry":{"type":"Polygon","coordinates":[[[19.91475,50.00044],[19.9148,50.000353],[19.914916,50.000381],[19.914865,50.000467],[19.91475,50.00044]]]}},{"type":"Feature","id":"w161678382","properties":{"type":"yes","residential":true,"residents_est":2,"h3_10":"8a1e2e69282ffff","h3_11":"8b1e2e69282bfff"},"geometry":{"type":"Polygon","coordinates":[[[19.912766,49.999293],[19.912918,49.999262],[19.912965,49.999359],[19.91281,49.999384],[19.912766,49.999293]]]}},{"type":"Feature","id":"w161678386","properties":{"type":"yes","residential":true,"residents_est":12,"h3_10":"8a1e2e692817fff","h3_11":"8b1e2e692815fff"},"geometry":{"type":"Polygon","coordinates":[[[19.909757,49.99866],[19.909831,49.998644],[19.909815,49.998612],[19.909897,49.998595],[19.90989,49.998578],[19.909948,49.998565],[19.909967,49.998603],[19.910016,49.998593],[19.910008,49.998577],[19.910074,49.998565],[19.910067,49.998542],[19.910102,49.998535],[19.910113,49.998557],[19.910145,49.998552],[19.910161,49.998561],[19.910202,49.998649],[19.910127,49.998665],[19.910124,49.998658],[19.910008,49.998683],[19.910024,49.998713],[19.909834,49.998753],[19.909825,49.998736],[19.909799,49.998742],[19.909757,49.99866]]]}},{"type":"Feature","id":"w161678388","properties":{"type":"yes","residential":true,"residents_est":2,"h3_10":"8a1e2e692967fff","h3_11":"8b1e2e692965fff"},"geometry":{"type":"Polygon","coordinates":[[[19.913001,50.003138],[19.91306,50.003128],[19.913055,50.003114],[19.913078,50.0031],[19.913102,50.003096],[19.913128,50.003103],[19.913138,50.003127],[19.913165,50.003122],[19.913186,50.003172],[19.913155,50.003177],[19.913172,50.003221],[19.913047,50.003242],[19.913001,50.003138]]]}},{"type":"Feature","id":"w161678390","properties":{"type":"yes","residential":true,"residents_est":3,"h3_10":"8a1e2e69290ffff","h3_11":"8b1e2e69290bfff"},"geometry":{"type":"Polygon","coordinates":[[[19.910668,50.000838],[19.910726,50.000827],[19.91072,50.000813],[19.910732,50.000804],[19.910822,50.000794],[19.910834,50.000819],[19.910863,50.000813],[19.910873,50.000836],[19.910954,50.000821],[19.910981,50.000878],[19.910772,50.00092],[19.910753,50.00088],[19.910694,50.000892],[19.910668,50.000838]]]}},{"type":"Feature","id":"w161678392","properties":{"type":"yes","address":"Józefa Bellerta 11a","residential":true,"residents_est":2,"h3_10":"8a1e2e6928effff","h3_11":"8b1e2e6928ecfff"},"geometry":{"type":"Polygon","coordinates":[[[19.913934,49.997629],[19.914122,49.997627],[19.914124,49.997731],[19.913936,49.997733],[19.913934,49.997629]]]}},{"type":"Feature","id":"w161678400","properties":{"type":"detached","residential":true,"residents_est":3,"h3_10":"8a1e2e69295ffff","h3_11":"8b1e2e69295bfff"},"geometry":{"type":"Polygon","coordinates":[[[19.914054,50.000338],[19.914072,50.000246],[19.914095,50.000248],[19.914099,50.000227],[19.914175,50.000233],[19.91417,50.000254],[19.914193,50.000256],[19.914175,50.000348],[19.914054,50.000338]]]}},{"type":"Feature","id":"w161678404","properties":{"type":"yes","address":"Leona Wachholza 1","residential":true,"residents_est":2,"h3_10":"8a1e2e69281ffff","h3_11":"8b1e2e692819fff"},"geometry":{"type":"Polygon","coordinates":[[[19.911775,49.997956],[19.911897,49.99795],[19.911909,49.998051],[19.911902,49.998051],[19.911905,49.998082],[19.911815,49.998086],[19.911811,49.998055],[19.911788,49.998057],[19.911775,49.997956]]]}},{"type":"Feature","id":"w161678405","properties":{"type":"yes","residential":true,"residents_est":2,"h3_10":"8a1e2e6928f7fff","h3_11":"8b1e2e6928f5fff"},"geometry":{"type":"Polygon","coordinates":[[[19.911906,49.997204],[19.912051,49.997199],[19.912059,49.997314],[19.911979,49.997316],[19.91198,49.997327],[19.911915,49.997329],[19.911906,49.997204]]]}},{"type":"Feature","id":"w161678406","properties":{"type":"yes","residential":true,"residents_est":1,"h3_10":"8a1e2e692937fff","h3_11":"8b1e2e692933fff"},"geometry":{"type":"Polygon","coordinates":[[[19.906858,50.001743],[19.906943,50.001721],[19.907001,50.001812],[19.906917,50.001834],[19.906858,50.001743]]]}},{"type":"Feature","id":"w161678408","properties":{"type":"yes","residential":true,"residents_est":3,"h3_10":"8a1e2e69280ffff","h3_11":"8b1e2e69280dfff"},"geometry":{"type":"Polygon","coordinates":[[[19.913038,49.9992],[19.913218,49.999171],[19.913245,49.999241],[19.913231,49.999243],[19.913254,49.999302],[19.913136,49.999322],[19.913127,49.999302],[19.913076,49.999311],[19.913047,49.999242],[19.913056,49.999241],[19.913038,49.9992]]]}},{"type":"Feature","id":"w161678414","properties":{"type":"yes","residential":true,"residents_est":2,"h3_10":"8a1e2e69295ffff","h3_11":"8b1e2e69295cfff"},"geometry":{"type":"Polygon","coordinates":[[[19.913025,50.000899],[19.913078,50.000898],[19.913076,50.000872],[19.913181,50.000869],[19.913183,50.000895],[19.913162,50.000895],[19.913168,50.00098],[19.913031,50.000984],[19.913025,50.000899]]]}},{"type":"Feature","id":"w161678419","properties":{"type":"yes","residential":true,"residents_est":1,"h3_10":"8a1e2e692877fff","h3_11":"8b1e2e692875fff"},"geometry":{"type":"Polygon","coordinates":[[[19.914372,50.000086],[19.914403,49.999996],[19.914524,50.000013],[19.914492,50.000103],[19.914372,50.000086]]]}},{"type":"Feature","id":"w161678421","properties":{"type":"yes","residential":true,"residents_est":2,"h3_10":"8a1e2e69294ffff","h3_11":"8b1e2e69294efff"},"geometry":{"type":"Polygon","coordinates":[[[19.914586,50.001289],[19.914628,50.001211],[19.914762,50.001241],[19.91472,50.001319],[19.914586,50.001289]]]}},{"type":"Feature","id":"w161678423","properties":{"type":"yes","residential":true,"residents_est":2,"h3_10":"8a1e2e69295ffff","h3_11":"8b1e2e69295efff"},"geometry":{"type":"Polygon","coordinates":[[[19.913011,50.000455],[19.913165,50.000455],[19.913166,50.000536],[19.913011,50.000537],[19.913011,50.000455]]]}},{"type":"Feature","id":"w161678424","properties":{"type":"yes","residential":true,"residents_est":2,"h3_10":"8a1e2e69281ffff","h3_11":"8b1e2e692818fff"},"geometry":{"type":"Polygon","coordinates":[[[19.911378,49.997914],[19.911549,49.997906],[19.911557,49.99798],[19.911386,49.997988],[19.911378,49.997914]]]}},{"type":"Feature","id":"w161678426","properties":{"type":"house","residential":true,"residents_est":5,"h3_10":"8a1e2e6928e7fff","h3_11":"8b1e2e6928e2fff"},"geometry":{"type":"Polygon","coordinates":[[[19.912176,49.997286],[19.912241,49.997284],[19.912242,49.997297],[19.912381,49.997293],[19.912385,49.997359],[19.912369,49.99736],[19.912373,49.997412],[19.912229,49.997416],[19.912225,49.997358],[19.912181,49.997359],[19.912176,49.997286]]]}},{"type":"Feature","id":"w161678427","properties":{"type":"yes","residential":true,"residents_est":2,"h3_10":"8a1e2e692877fff","h3_11":"8b1e2e692874fff"},"geometry":{"type":"Polygon","coordinates":[[[19.91358,50.000033],[19.913584,49.999942],[19.913605,49.999942],[19.913607,49.999911],[19.913689,49.999913],[19.913687,49.999944],[19.913708,49.999944],[19.913703,50.000036],[19.91358,50.000033]]]}},{"type":"Feature","id":"w161678428","properties":{"type":"yes","residential":true,"residents_est":2,"h3_10":"8a1e2e692947fff","h3_11":"8b1e2e692943fff"},"geometry":{"type":"Polygon","coordinates":[[[19.913871,50.001217],[19.913883,50.001134],[19.914023,50.001143],[19.914003,50.001283],[19.91392,50.001279],[19.913927,50.00122],[19.913871,50.001217]]]}},{"type":"Feature","id":"w161678432","properties":{"type":"yes","residential":true,"residents_est":2,"h3_10":"8a1e2e692937fff","h3_11":"8b1e2e692936fff"},"geometry":{"type":"Polygon","coordinates":[[[19.905976,50.001895],[19.906099,50.001866],[19.906142,50.001942],[19.906105,50.00195],[19.90611,50.001959],[19.906024,50.00198],[19.905976,50.001895]]]}},{"type":"Feature","id":"w161678438","properties":{"type":"yes","residential":true,"residents_est":2,"h3_10":"8a1e2e692847fff","h3_11":"8b1e2e692844fff"},"geometry":{"type":"Polygon","coordinates":[[[19.915444,49.999498],[19.91561,49.999496],[19.915613,49.999582],[19.915447,49.999584],[19.915444,49.999498]]]}},{"type":"Feature","id":"w161678442","properties":{"type":"yes","residential":true,"residents_est":2,"h3_10":"8a1e2e69294ffff","h3_11":"8b1e2e69294efff"},"geometry":{"type":"Polygon","coordinates":[[[19.914354,50.001256],[19.914384,50.001177],[19.91452,50.001198],[19.914489,50.001278],[19.914354,50.001256]]]}},{"type":"Feature","id":"w161678443","properties":{"type":"house","residential":true,"residents_est":5,"h3_10":"8a1e2e692917fff","h3_11":"8b1e2e692914fff"},"geometry":{"type":"Polygon","coordinates":[[[19.906318,50.001249],[19.906366,50.001237],[19.906371,50.001244],[19.906513,50.001209],[19.906507,50.0012],[19.906557,50.001188],[19.906595,50.001251],[19.906553,50.001262],[19.906569,50.001288],[19.906411,50.001327],[19.906394,50.0013],[19.906354,50.00131],[19.906318,50.001249]]]}},{"type":"Feature","id":"w161678446","properties":{"type":"historic","residential":false,"residents_est":0,"h3_10":"8a1e2e69285ffff","h3_11":"8b1e2e692859fff"},"geometry":{"type":"Polygon","coordinates":[[[19.916327,49.998166],[19.916368,49.99812],[19.916352,49.998083],[19.916361,49.998073],[19.916737,49.998007],[19.916745,49.997999],[19.916859,49.997986],[19.916866,49.997979],[19.916895,49.997973],[19.916923,49.997977],[19.916928,49.997983],[19.917155,49.998008],[19.917167,49.998003],[19.917218,49.99801],[19.917224,49.998016],[19.917352,49.998023],[19.917332,49.998105],[19.917095,49.99808],[19.91709,49.998098],[19.917037,49.998093],[19.917041,49.998073],[19.916901,49.998057],[19.916379,49.998149],[19.916344,49.998175],[19.916327,49.998166]]]}},{"type":"Feature","id":"w161678448","properties":{"type":"yes","residential":true,"residents_est":1,"h3_10":"8a1e2e692937fff","h3_11":"8b1e2e692934fff"},"geometry":{"type":"Polygon","coordinates":[[[19.906018,50.002141],[19.906098,50.002121],[19.906157,50.002222],[19.906077,50.002242],[19.906018,50.002141]]]}},{"type":"Feature","id":"w161678449","properties":{"type":"yes","residential":true,"residents_est":2,"h3_10":"8a1e2e6928effff","h3_11":"8b1e2e6928eefff"},"geometry":{"type":"Polygon","coordinates":[[[19.913928,49.997266],[19.913975,49.997265],[19.913974,49.99725],[19.914035,49.997249],[19.914036,49.997263],[19.914119,49.997261],[19.914123,49.997327],[19.914079,49.997329],[19.91408,49.997341],[19.914039,49.997342],[19.914039,49.997348],[19.913934,49.997345],[19.913928,49.997266]]]}},{"type":"Feature","id":"w161678451","properties":{"type":"yes","residential":true,"residents_est":2,"h3_10":"8a1e2e6928effff","h3_11":"8b1e2e6928eefff"},"geometry":{"type":"Polygon","coordinates":[[[19.913661,49.997293],[19.913677,49.99728],[19.913676,49.99725],[19.913715,49.997249],[19.913734,49.997235],[19.913778,49.997234],[19.913806,49.997248],[19.913814,49.997351],[19.913728,49.997348],[19.913729,49.997367],[19.913684,49.997368],[19.91368,49.997317],[19.913663,49.997318],[19.913661,49.997293]]]}},{"type":"Feature","id":"w161678457","properties":{"type":"yes","residential":true,"residents_est":2,"h3_10":"8a1e2e692847fff","h3_11":"8b1e2e692842fff"},"geometry":{"type":"Polygon","coordinates":[[[19.915299,49.998806],[19.915402,49.998798],[19.915426,49.998933],[19.915323,49.998941],[19.915299,49.998806]]]}},{"type":"Feature","id":"w161678459","properties":{"type":"yes","residential":true,"residents_est":2,"h3_10":"8a1e2e69295ffff","h3_11":"8b1e2e69295afff"},"geometry":{"type":"Polygon","coordinates":[[[19.913006,50.000237],[19.913159,50.000236],[19.913159,50.000317],[19.913006,50.000317],[19.913006,50.000237]]]}},{"type":"Feature","id":"w161678461","properties":{"type":"yes","residential":true,"residents_est":1,"h3_10":"8a1e2e692847fff","h3_11":"8b1e2e692844fff"},"geometry":{"type":"Polygon","coordinates":[[[19.91544,49.999273],[19.915565,49.999272],[19.915568,49.999358],[19.915442,49.999359],[19.91544,49.999273]]]}},{"type":"Feature","id":"w161678462","properties":{"type":"house","levels":2.0,"address":"Forteczna 36","residential":true,"residents_est":4,"h3_10":"8a1e2e692877fff","h3_11":"8b1e2e692873fff"},"geometry":{"type":"Polygon","coordinates":[[[19.914348,49.998983],[19.91445,49.998962],[19.914438,49.998938],[19.914444,49.998937],[19.914449,49.998947],[19.914496,49.998937],[19.914551,49.99905],[19.914544,49.999052],[19.914541,49.999045],[19.914439,49.999066],[19.914443,49.999074],[19.914398,49.999086],[19.914348,49.998983]]]}},{"type":"Feature","id":"w161678465","properties":{"type":"yes","residential":true,"residents_est":1,"h3_10":"8a1e2e69294ffff","h3_11":"8b1e2e692948fff"},"geometry":{"type":"Polygon","coordinates":[[[19.915048,50.001398],[19.915102,50.001324],[19.915228,50.001363],[19.915173,50.001436],[19.915048,50.001398]]]}},{"type":"Feature","id":"w161678469","properties":{"type":"yes","residential":true,"residents_est":2,"h3_10":"8a1e2e6928effff","h3_11":"8b1e2e6928edfff"},"geometry":{"type":"Polygon","coordinates":[[[19.914683,49.997613],[19.914732,49.997613],[19.914731,49.997596],[19.914827,49.997595],[19.91483,49.997714],[19.914775,49.997715],[19.914774,49.997696],[19.914685,49.997697],[19.914683,49.997613]]]}},{"type":"Feature","id":"w161678474","properties":{"type":"yes","residential":true,"residents_est":3,"h3_10":"8a1e2e692877fff","h3_11":"8b1e2e692870fff"},"geometry":{"type":"Polygon","coordinates":[[[19.913911,49.999581],[19.914162,49.999572],[19.914174,49.999662],[19.913965,49.99967],[19.913966,49.99968],[19.913918,49.999681],[19.913911,49.999581]]]}},{"type":"Feature","id":"w161678487","properties":{"type":"yes","address":"Forteczna 45b","residential":true,"residents_est":2,"h3_10":"8a1e2e692877fff","h3_11":"8b1e2e692870fff"},"geometry":{"type":"Polygon","coordinates":[[[19.914268,49.999408],[19.914385,49.999404],[19.914399,49.999539],[19.914281,49.999544],[19.914268,49.999408]]]}},{"type":"Feature","id":"w161678490","properties":{"type":"yes","residential":true,"residents_est":1,"h3_10":"8a1e2e69294ffff","h3_11":"8b1e2e692948fff"},"geometry":{"type":"Polygon","coordinates":[[[19.91482,50.001335],[19.91487,50.001261],[19.914998,50.001298],[19.914948,50.001372],[19.91482,50.001335]]]}},{"type":"Feature","id":"w161678492","properties":{"type":"yes","address":"Księdza Władysława Dercza 3","residential":true,"residents_est":2,"h3_10":"8a1e2e692807fff","h3_11":"8b1e2e692802fff"},"geometry":{"type":"Polygon","coordinates":[[[19.910062,49.998783],[19.910243,49.998759],[19.910286,49.998864],[19.910235,49.998873],[19.910227,49.998852],[19.9101,49.998873],[19.910062,49.998783]]]}},{"type":"Feature","id":"w161678504","properties":{"type":"house","residential":true,"residents_est":5,"h3_10":"8a1e2e6928e7fff","h3_11":"8b1e2e6928e3fff"},"geometry":{"type":"Polygon","coordinates":[[[19.913047,49.997273],[19.913146,49.997271],[19.913147,49.997282],[19.913232,49.997279],[19.913238,49.99738],[19.913147,49.997382],[19.913146,49.997372],[19.913054,49.997375],[19.913047,49.997273]]]}},{"type":"Feature","id":"w161678506","properties":{"type":"yes","residential":true,"residents_est":1,"h3_10":"8a1e2e692937fff","h3_11":"8b1e2e692936fff"},"geometry":{"type":"Polygon","coordinates":[[[19.905728,50.001975],[19.905849,50.001946],[19.905894,50.002021],[19.905772,50.002051],[19.905728,50.001975]]]}},{"type":"Feature","id":"w161678509","properties":{"type":"yes","residential":true,"residents_est":2,"h3_10":"8a1e2e692857fff","h3_11":"8b1e2e692856fff"},"geometry":{"type":"Polygon","coordinates":[[[19.913432,49.998223],[19.913454,49.998222],[19.913453,49.99819],[19.913553,49.998189],[19.913554,49.998221],[19.913573,49.998221],[19.913572,49.9983],[19.913434,49.998302],[19.913432,49.998223]]]}},{"type":"Feature","id":"w161678513","properties":{"type":"yes","residential":true,"residents_est":3,"h3_10":"8a1e2e692857fff","h3_11":"8b1e2e692853fff"},"geometry":{"type":"Polygon","coordinates":[[[19.914896,49.998081],[19.915022,49.998056],[19.915083,49.998185],[19.914919,49.998217],[19.914897,49.998169],[19.914934,49.998162],[19.914896,49.998081]]]}},{"type":"Feature","id":"w161678519","properties":{"type":"yes","residential":true,"residents_est":2,"h3_10":"8a1e2e69290ffff","h3_11":"8b1e2e69290bfff"},"geometry":{"type":"Polygon","coordinates":[[[19.910267,50.000898],[19.910321,50.000888],[19.910305,50.000856],[19.910449,50.000827],[19.91049,50.000914],[19.910294,50.000953],[19.910267,50.000898]]]}},{"type":"Feature","id":"w161678526","properties":{"type":"yes","residential":true,"residents_est":1,"h3_10":"8a1e2e69294ffff","h3_11":"8b1e2e69294afff"},"geometry":{"type":"Polygon","coordinates":[[[19.914738,50.001033],[19.914785,50.000943],[19.914907,50.00097],[19.91486,50.00106],[19.914738,50.001033]]]}},{"type":"Feature","id":"w161678538","properties":{"type":"yes","residential":true,"residents_est":1,"h3_10":"8a1e2e692947fff","h3_11":"8b1e2e692943fff"},"geometry":{"type":"Polygon","coordinates":[[[19.913638,50.001223],[19.913639,50.001141],[19.913779,50.001142],[19.913777,50.001224],[19.913638,50.001223]]]}},{"type":"Feature","id":"w161678545","properties":{"type":"yes","residential":true,"residents_est":2,"h3_10":"8a1e2e6928e7fff","h3_11":"8b1e2e6928e0fff"},"geometry":{"type":"Polygon","coordinates":[[[19.912804,49.997753],[19.912837,49.997626],[19.912843,49.997621],[19.91286,49.997617],[19.912882,49.997627],[19.912961,49.997627],[19.912974,49.997747],[19.912804,49.997753]]]}},{"type":"Feature","id":"w161678553","properties":{"type":"house","address":"Zagaje 25","residential":true,"residents_est":4,"h3_10":"8a1e2e69280ffff","h3_11":"8b1e2e69280afff"},"geometry":{"type":"Polygon","coordinates":[[[19.911894,49.998259],[19.911955,49.998254],[19.911952,49.998238],[19.912005,49.998235],[19.912008,49.99825],[19.91207,49.998246],[19.912084,49.998321],[19.912021,49.998326],[19.912023,49.998342],[19.911974,49.998345],[19.911971,49.998329],[19.911908,49.998334],[19.911894,49.998259]]]}},{"type":"Feature","id":"w161678556","properties":{"type":"yes","residential":true,"residents_est":2,"h3_10":"8a1e2e6928effff","h3_11":"8b1e2e6928ecfff"},"geometry":{"type":"Polygon","coordinates":[[[19.914431,49.997749],[19.914431,49.997649],[19.914586,49.997649],[19.914585,49.997738],[19.914485,49.997738],[19.914485,49.997749],[19.914431,49.997749]]]}},{"type":"Feature","id":"w161678560","properties":{"type":"yes","residential":true,"residents_est":3,"h3_10":"8a1e2e692967fff","h3_11":"8b1e2e692961fff"},"geometry":{"type":"Polygon","coordinates":[[[19.913824,50.002737],[19.913919,50.002726],[19.913929,50.002758],[19.914021,50.002748],[19.914045,50.002839],[19.913859,50.00286],[19.913824,50.002737]]]}},{"type":"Feature","id":"w161678562","properties":{"type":"yes","residential":true,"residents_est":2,"h3_10":"8a1e2e692867fff","h3_11":"8b1e2e692864fff"},"geometry":{"type":"Polygon","coordinates":[[[19.914976,50.000494],[19.915029,50.000409],[19.915052,50.000415],[19.915063,50.000397],[19.915138,50.000416],[19.915126,50.000434],[19.915143,50.000439],[19.915091,50.000524],[19.914976,50.000494]]]}},{"type":"Feature","id":"w161678563","properties":{"type":"yes","residential":true,"residents_est":1,"h3_10":"8a1e2e692937fff","h3_11":"8b1e2e692930fff"},"geometry":{"type":"Polygon","coordinates":[[[19.906658,50.002101],[19.906664,50.002099],[19.90667,50.002109],[19.906718,50.002096],[19.906714,50.002089],[19.906767,50.002075],[19.90682,50.002155],[19.906713,50.002181],[19.906658,50.002101]]]}},{"type":"Feature","id":"w161678566","properties":{"type":"yes","address":"Zagaje 10","residential":true,"residents_est":2,"h3_10":"8a1e2e692857fff","h3_11":"8b1e2e692856fff"},"geometry":{"type":"Polygon","coordinates":[[[19.913389,49.99849],[19.913566,49.998485],[19.913569,49.99854],[19.913582,49.998539],[19.913584,49.998568],[19.913446,49.998572],[19.913444,49.998545],[19.913392,49.998546],[19.913389,49.99849]]]}},{"type":"Feature","id":"w161678569","properties":{"type":"yes","address":"Księdza Władysława Dercza 4","residential":true,"residents_est":3,"h3_10":"8a1e2e692807fff","h3_11":"8b1e2e692806fff"},"geometry":{"type":"Polygon","coordinates":[[[19.910217,49.999009],[19.910315,49.99899],[19.910326,49.999013],[19.910388,49.999001],[19.91043,49.999093],[19.910391,49.9991],[19.9104,49.999119],[19.910279,49.999142],[19.910217,49.999009]]]}},{"type":"Feature","id":"w161678579","properties":{"type":"yes","residential":true,"residents_est":3,"h3_10":"8a1e2e6928e7fff","h3_11":"8b1e2e6928e0fff"},"geometry":{"type":"Polygon","coordinates":[[[19.913043,49.997598],[19.913112,49.997597],[19.913112,49.997604],[19.913258,49.9976],[19.913264,49.997697],[19.913235,49.997697],[19.913237,49.997734],[19.913184,49.997735],[19.913186,49.997755],[19.913114,49.997756],[19.913108,49.997655],[19.913046,49.997656],[19.913043,49.997598]]]}},{"type":"Feature","id":"w161678621","properties":{"type":"house","levels":1.0,"residential":true,"residents_est":2,"h3_10":"8a1e2e69280ffff","h3_11":"8b1e2e69280bfff"},"geometry":{"type":"Polygon","coordinates":[[[19.91277,49.998516],[19.912924,49.99851],[19.912931,49.998593],[19.912777,49.998598],[19.91277,49.998516]]]}},{"type":"Feature","id":"w161678623","properties":{"type":"yes","residential":true,"residents_est":2,"h3_10":"8a1e2e6928effff","h3_11":"8b1e2e6928ecfff"},"geometry":{"type":"Polygon","coordinates":[[[19.91441,49.99748],[19.914413,49.997441],[19.914425,49.997441],[19.914426,49.997405],[19.914555,49.997405],[19.914554,49.997442],[19.914577,49.997452],[19.914577,49.997472],[19.914554,49.997483],[19.914554,49.99752],[19.914425,49.997519],[19.914427,49.99748],[19.91441,49.99748]]]}},{"type":"Feature","id":"w161678624","properties":{"type":"yes","residential":true,"residents_est":8,"h3_10":"8a1e2e692937fff","h3_11":"8b1e2e692934fff"},"geometry":{"type":"Polygon","coordinates":[[[19.906265,50.002515],[19.906309,50.002504],[19.90628,50.002456],[19.906351,50.002438],[19.906343,50.002424],[19.906452,50.002397],[19.906519,50.002507],[19.906476,50.002518],[19.9065,50.002558],[19.906319,50.002604],[19.906265,50.002515]]]}},{"type":"Feature","id":"w161678625","properties":{"type":"yes","residential":true,"residents_est":3,"h3_10":"8a1e2e69296ffff","h3_11":"8b1e2e69296dfff"},"geometry":{"type":"Polygon","coordinates":[[[19.914668,50.002706],[19.914798,50.002685],[19.9148,50.002694],[19.914871,50.002687],[19.914874,50.002698],[19.914962,50.002689],[19.914977,50.002752],[19.914796,50.002769],[19.914794,50.00276],[19.914761,50.002763],[19.914763,50.002772],[19.914684,50.002779],[19.914668,50.002706]]]}},{"type":"Feature","id":"w161678629","properties":{"type":"yes","residential":true,"residents_est":8,"h3_10":"8a1e2e692877fff","h3_11":"8b1e2e692874fff"},"geometry":{"type":"Polygon","coordinates":[[[19.913539,49.99958],[19.913595,49.99958],[19.913595,49.999545],[19.913692,49.999545],[19.913692,49.999564],[19.91375,49.999564],[19.913751,49.99958],[19.913805,49.99958],[19.913805,49.999642],[19.913858,49.999642],[19.913859,49.999704],[19.913678,49.999705],[19.913676,49.999642],[19.91366,49.999642],[19.91366,49.999656],[19.913622,49.999657],[19.913622,49.999643],[19.913539,49.999643],[19.913539,49.99958]]]}},{"type":"Feature","id":"w161678632","properties":{"type":"yes","residential":true,"residents_est":2,"h3_10":"8a1e2e69294ffff","h3_11":"8b1e2e69294efff"},"geometry":{"type":"Polygon","coordinates":[[[19.914071,50.001223],[19.914084,50.001175],[19.914127,50.00118],[19.914135,50.00115],[19.914274,50.001166],[19.914252,50.001246],[19.914071,50.001223]]]}},{"type":"Feature","id":"w161678635","properties":{"type":"yes","residential":true,"residents_est":2,"h3_10":"8a1e2e69281ffff","h3_11":"8b1e2e69281bfff"},"geometry":{"type":"Polygon","coordinates":[[[19.911219,49.99739],[19.911244,49.997389],[19.911242,49.997358],[19.911371,49.997355],[19.911374,49.997422],[19.911425,49.997421],[19.911427,49.997474],[19.911223,49.997474],[19.911219,49.99739]]]}},{"type":"Feature","id":"w161678642","properties":{"type":"yes","residential":true,"residents_est":1,"h3_10":"8a1e2e69294ffff","h3_11":"8b1e2e692948fff"},"geometry":{"type":"Polygon","coordinates":[[[19.915266,50.001465],[19.915331,50.001397],[19.915452,50.001445],[19.915387,50.001513],[19.915266,50.001465]]]}},{"type":"Feature","id":"w161678647","properties":{"type":"yes","residential":true,"residents_est":2,"h3_10":"8a1e2e69281ffff","h3_11":"8b1e2e692818fff"},"geometry":{"type":"Polygon","coordinates":[[[19.910881,49.997945],[19.910903,49.997945],[19.910907,49.998001],[19.91096,49.997999],[19.910959,49.997985],[19.910999,49.997985],[19.911002,49.998034],[19.911134,49.998031],[19.911137,49.998082],[19.910914,49.998088],[19.91091,49.998031],[19.910887,49.998032],[19.910881,49.997945]]]}},{"type":"Feature","id":"w161678648","properties":{"type":"yes","residential":true,"residents_est":2,"h3_10":"8a1e2e692867fff","h3_11":"8b1e2e692866fff"},"geometry":{"type":"Polygon","coordinates":[[[19.914522,50.000398],[19.914559,50.000309],[19.914583,50.000313],[19.914591,50.000292],[19.914665,50.000305],[19.914657,50.000326],[19.914678,50.00033],[19.914641,50.000419],[19.914522,50.000398]]]}},{"type":"Feature","id":"w161678652","properties":{"type":"yes","residential":true,"residents_est":2,"h3_10":"8a1e2e692867fff","h3_11":"8b1e2e692862fff"},"geometry":{"type":"Polygon","coordinates":[[[19.91489,49.999659],[19.914899,49.999567],[19.915042,49.999572],[19.915035,49.999663],[19.91489,49.999659]]]}},{"type":"Feature","id":"w161678658","properties":{"type":"house","levels":3.0,"residential":true,"residents_est":6,"h3_10":"8a1e2e692857fff","h3_11":"8b1e2e692850fff"},"geometry":{"type":"Polygon","coordinates":[[[19.91404,49.998472],[19.914044,49.998481],[19.914215,49.99848],[19.914218,49.998472],[19.914219,49.998567],[19.914046,49.998567],[19.91404,49.998472]]]}},{"type":"Feature","id":"w161678659","properties":{"type":"yes","residential":true,"residents_est":2,"h3_10":"8a1e2e69294ffff","h3_11":"8b1e2e692948fff"},"geometry":{"type":"Polygon","coordinates":[[[19.91525,50.001158],[19.915317,50.001073],[19.915431,50.00111],[19.915364,50.001196],[19.915328,50.001184],[19.915313,50.001192],[19.915299,50.001187],[19.915295,50.001181],[19.915299,50.001174],[19.91525,50.001158]]]}},{"type":"Feature","id":"w161678670","properties":{"type":"yes","residential":true,"residents_est":2,"h3_10":"8a1e2e69294ffff","h3_11":"8b1e2e692949fff"},"geometry":{"type":"Polygon","coordinates":[[[19.915499,50.001239],[19.915577,50.001158],[19.915686,50.001202],[19.915608,50.001283],[19.915499,50.001239]]]}},{"type":"Feature","id":"w161678673","properties":{"type":"yes","residential":true,"residents_est":1,"h3_10":"8a1e2e692947fff","h3_11":"8b1e2e692943fff"},"geometry":{"type":"Polygon","coordinates":[[[19.913391,50.001153],[19.913528,50.001148],[19.913536,50.00123],[19.913398,50.001235],[19.913391,50.001153]]]}},{"type":"Feature","id":"w161678677","properties":{"type":"yes","residential":true,"residents_est":1,"h3_10":"8a1e2e692867fff","h3_11":"8b1e2e692865fff"},"geometry":{"type":"Polygon","coordinates":[[[19.915861,50.000459],[19.915931,50.00038],[19.916036,50.000419],[19.915967,50.000498],[19.915861,50.000459]]]}},{"type":"Feature","id":"w161678691","properties":{"type":"yes","address":"Zagaje 3","residential":true,"residents_est":2,"h3_10":"8a1e2e692857fff","h3_11":"8b1e2e692855fff"},"geometry":{"type":"Polygon","coordinates":[[[19.914671,49.998622],[19.914849,49.998592],[19.914885,49.998689],[19.914712,49.998719],[19.914671,49.998622]]]}},{"type":"Feature","id":"w161678693","properties":{"type":"yes","residential":true,"residents_est":2,"h3_10":"8a1e2e692937fff","h3_11":"8b1e2e692935fff"},"geometry":{"type":"Polygon","coordinates":[[[19.906595,50.002375],[19.906755,50.002337],[19.906807,50.002427],[19.906648,50.002465],[19.906595,50.002375]]]}},{"type":"Feature","id":"w161678694","properties":{"type":"yes","residential":true,"residents_est":0,"h3_10":"8a1e2e69292ffff","h3_11":"8b1e2e69292dfff"},"geometry":{"type":"Polygon","coordinates":[[[19.910041,50.002913],[19.910108,50.002911],[19.910107,50.002894],[19.910151,50.002893],[19.910153,50.002921],[19.910128,50.002922],[19.910135,50.00301],[19.910048,50.003013],[19.910041,50.002913]]]}},{"type":"Feature","id":"w161678695","properties":{"type":"yes","residential":true,"residents_est":3,"h3_10":"8a1e2e692927fff","h3_11":"8b1e2e692926fff"},"geometry":{"type":"Polygon","coordinates":[[[19.906832,50.002647],[19.906922,50.002626],[19.906932,50.002643],[19.90694,50.002642],[19.906944,50.002649],[19.906992,50.002638],[19.906987,50.00263],[19.907041,50.002618],[19.907061,50.002653],[19.907084,50.002647],[19.907097,50.002669],[19.907072,50.002675],[19.907088,50.002703],[19.906891,50.00275],[19.906832,50.002647]]]}},{"type":"Feature","id":"w161678702","properties":{"type":"yes","residential":true,"residents_est":2,"h3_10":"8a1e2e69280ffff","h3_11":"8b1e2e69280afff"},"geometry":{"type":"Polygon","coordinates":[[[19.912292,49.998317],[19.912367,49.998313],[19.912364,49.998291],[19.912322,49.998293],[19.912317,49.998256],[19.912486,49.998248],[19.912498,49.998346],[19.912371,49.998352],[19.912371,49.998343],[19.912295,49.998347],[19.912292,49.998317]]]}},{"type":"Feature","id":"w161678704","properties":{"type":"yes","residential":true,"residents_est":2,"h3_10":"8a1e2e692847fff","h3_11":"8b1e2e692844fff"},"geometry":{"type":"Polygon","coordinates":[[[19.915104,49.999502],[19.915105,49.999417],[19.915238,49.999418],[19.915236,49.999502],[19.915104,49.999502]]]}},{"type":"Feature","id":"w161678711","properties":{"type":"yes","residential":true,"residents_est":2,"h3_10":"8a1e2e692947fff","h3_11":"8b1e2e692942fff"},"geometry":{"type":"Polygon","coordinates":[[[19.913109,50.001233],[19.913195,50.001222],[19.913205,50.001258],[19.913268,50.00125],[19.913296,50.001345],[19.91317,50.00136],[19.913143,50.001266],[19.913119,50.001269],[19.913109,50.001233]]]}},{"type":"Feature","id":"w161678727","properties":{"type":"yes","residential":true,"residents_est":3,"h3_10":"8a1e2e692857fff","h3_11":"8b1e2e692853fff"},"geometry":{"type":"Polygon","coordinates":[[[19.914448,49.998084],[19.914596,49.998058],[19.914593,49.99805],[19.914599,49.998048],[19.914602,49.998056],[19.914654,49.998047],[19.91465,49.998037],[19.914656,49.998036],[19.914705,49.998154],[19.914495,49.998195],[19.914448,49.998084]]]}},{"type":"Feature","id":"w161678735","properties":{"type":"yes","residential":true,"residents_est":3,"h3_10":"8a1e2e6929b7fff","h3_11":"8b1e2e6929b2fff"},"geometry":{"type":"Polygon","coordinates":[[[19.903932,49.998957],[19.904107,49.998916],[19.9041,49.998905],[19.904169,49.998888],[19.904232,49.998994],[19.904065,49.999034],[19.904052,49.999014],[19.903977,49.999031],[19.903932,49.998957]]]}},{"type":"Feature","id":"w161678749","properties":{"type":"yes","address":"Zagaje 8","residential":true,"residents_est":2,"h3_10":"8a1e2e692857fff","h3_11":"8b1e2e692856fff"},"geometry":{"type":"Polygon","coordinates":[[[19.913673,49.998475],[19.91386,49.998474],[19.913861,49.998556],[19.913722,49.998556],[19.913721,49.99853],[19.913674,49.998531],[19.913673,49.998475]]]}},{"type":"Feature","id":"w161678790","properties":{"type":"yes","address":"Księdza Władysława Dercza 2","residential":true,"residents_est":3,"h3_10":"8a1e2e692807fff","h3_11":"8b1e2e692800fff"},"geometry":{"type":"Polygon","coordinates":[[[19.91049,49.998961],[19.910589,49.998943],[19.910597,49.99896],[19.910663,49.998948],[19.910703,49.99904],[19.910662,49.999048],[19.91067,49.999066],[19.910546,49.999089],[19.910506,49.998997],[19.9105,49.998998],[19.910498,49.998993],[19.910503,49.998992],[19.91049,49.998961]]]}},{"type":"Feature","id":"w161678854","properties":{"type":"yes","residential":true,"residents_est":4,"h3_10":"8a1e2e692967fff","h3_11":"8b1e2e692965fff"},"geometry":{"type":"Polygon","coordinates":[[[19.913294,50.00303],[19.913449,50.003003],[19.913469,50.003051],[19.913524,50.003041],[19.913541,50.003081],[19.913529,50.003083],[19.913538,50.003105],[19.913551,50.003102],[19.913568,50.003142],[19.913358,50.003179],[19.913294,50.00303]]]}},{"type":"Feature","id":"w161678857","properties":{"type":"detached","residential":true,"residents_est":4,"h3_10":"8a1e2e69295ffff","h3_11":"8b1e2e69295bfff"},"geometry":{"type":"Polygon","coordinates":[[[19.913809,50.000324],[19.913823,50.00023],[19.913847,50.000231],[19.913849,50.000209],[19.91386,50.000203],[19.913917,50.000206],[19.913927,50.000213],[19.913924,50.000235],[19.91395,50.000236],[19.913932,50.000343],[19.913911,50.000342],[19.91391,50.000354],[19.913884,50.000363],[19.913855,50.000362],[19.913832,50.00035],[19.913835,50.000326],[19.913809,50.000324]]]}},{"type":"Feature","id":"w161678861","properties":{"type":"detached","residential":true,"residents_est":4,"h3_10":"8a1e2e692867fff","h3_11":"8b1e2e692860fff"},"geometry":{"type":"Polygon","coordinates":[[[19.915354,50.00026],[19.915377,50.000227],[19.91542,50.000239],[19.915439,50.00021],[19.915448,50.000213],[19.91547,50.000179],[19.915569,50.000206],[19.915547,50.00024],[19.915556,50.000242],[19.915498,50.000329],[19.915381,50.000296],[19.915396,50.000272],[19.915354,50.00026]]]}},{"type":"Feature","id":"w161678869","properties":{"type":"yes","address":"Zagaje 21a","residential":true,"residents_est":2,"h3_10":"8a1e2e6928e7fff","h3_11":"8b1e2e6928e4fff"},"geometry":{"type":"Polygon","coordinates":[[[19.912574,49.998031],[19.912727,49.998022],[19.912738,49.998112],[19.912584,49.99812],[19.912574,49.998031]]]}},{"type":"Feature","id":"w161678878","properties":{"type":"house","levels":2.0,"address":"Zagaje 5","residential":true,"residents_est":3,"h3_10":"8a1e2e692857fff","h3_11":"8b1e2e692850fff"},"geometry":{"type":"Polygon","coordinates":[[[19.914594,49.998431],[19.914715,49.998408],[19.91475,49.998504],[19.914636,49.998524],[19.914594,49.998431]]]}},{"type":"Feature","id":"w161678885","properties":{"type":"yes","residential":true,"residents_est":3,"h3_10":"8a1e2e692937fff","h3_11":"8b1e2e692935fff"},"geometry":{"type":"Polygon","coordinates":[[[19.906984,50.00231],[19.907107,50.00228],[19.907116,50.002296],[19.907123,50.002294],[19.907128,50.002303],[19.9072,50.002285],[19.907196,50.002279],[19.907201,50.002278],[19.907256,50.002371],[19.907095,50.00241],[19.907073,50.002373],[19.907028,50.002384],[19.906984,50.00231]]]}},{"type":"Feature","id":"w161678887","properties":{"type":"yes","residential":true,"residents_est":0,"h3_10":"8a1e2e69281ffff","h3_11":"8b1e2e69281cfff"},"geometry":{"type":"Polygon","coordinates":[[[19.911032,49.998376],[19.911033,49.99829],[19.911158,49.998291],[19.911157,49.998377],[19.911032,49.998376]]]}},{"type":"Feature","id":"w161678891","properties":{"type":"yes","residential":true,"residents_est":3,"h3_10":"8a1e2e6929b7fff","h3_11":"8b1e2e6929b3fff"},"geometry":{"type":"Polygon","coordinates":[[[19.904386,49.9989],[19.904405,49.998895],[19.904395,49.998854],[19.904395,49.998816],[19.904443,49.998836],[19.904481,49.998862],[19.904494,49.99889],[19.904546,49.998944],[19.904572,49.999005],[19.904547,49.999008],[19.904554,49.999019],[19.904514,49.999049],[19.904459,49.999026],[19.904386,49.9989]]]}},{"type":"Feature","id":"w161678894","properties":{"type":"museum","address":"Forteczna 28","name":"Muzeum i Centrum Ruchu Harcerskiego","residential":false,"residents_est":0,"h3_10":"8a1e2e69285ffff","h3_11":"8b1e2e692859fff"},"geometry":{"type":"Polygon","coordinates":[[[19.916181,49.997954],[19.917423,49.997735],[19.917451,49.997802],[19.917611,49.997774],[19.917601,49.997751],[19.917639,49.997745],[19.917666,49.997809],[19.917247,49.997882],[19.917299,49.998004],[19.916896,49.997961],[19.916234,49.998078],[19.916181,49.997954]]]}},{"type":"Feature","id":"w161678899","properties":{"type":"yes","residential":true,"residents_est":2,"h3_10":"8a1e2e6928f7fff","h3_11":"8b1e2e6928f4fff"},"geometry":{"type":"Polygon","coordinates":[[[19.910989,49.997421],[19.911003,49.997421],[19.911001,49.997378],[19.911129,49.997376],[19.911132,49.997473],[19.911071,49.997473],[19.911072,49.997504],[19.910992,49.997505],[19.910989,49.997421]]]}},{"type":"Feature","id":"w161678902","properties":{"type":"yes","residential":true,"residents_est":2,"h3_10":"8a1e2e692947fff","h3_11":"8b1e2e692942fff"},"geometry":{"type":"Polygon","coordinates":[[[19.912879,50.001264],[19.912965,50.001253],[19.912976,50.001288],[19.913039,50.00128],[19.913068,50.001373],[19.912941,50.00139],[19.912912,50.001296],[19.912891,50.001299],[19.912879,50.001264]]]}},{"type":"Feature","id":"w161678906","properties":{"type":"yes","residential":true,"residents_est":1,"h3_10":"8a1e2e69280ffff","h3_11":"8b1e2e69280dfff"},"geometry":{"type":"Polygon","coordinates":[[[19.912644,49.999082],[19.912742,49.999062],[19.912778,49.999135],[19.912731,49.999145],[19.912736,49.999156],[19.912707,49.999162],[19.912701,49.999151],[19.91268,49.999156],[19.912644,49.999082]]]}},{"type":"Feature","id":"w161678908","properties":{"type":"yes","residential":true,"residents_est":2,"h3_10":"8a1e2e692867fff","h3_11":"8b1e2e692864fff"},"geometry":{"type":"Polygon","coordinates":[[[19.915164,50.000542],[19.915219,50.000458],[19.915279,50.000474],[19.915291,50.000454],[19.915372,50.000476],[19.915359,50.000496],[19.915377,50.000501],[19.915322,50.000585],[19.915164,50.000542]]]}},{"type":"Feature","id":"w161678922","properties":{"type":"yes","residential":true,"residents_est":2,"h3_10":"8a1e2e69280ffff","h3_11":"8b1e2e69280bfff"},"geometry":{"type":"Polygon","coordinates":[[[19.91261,49.998241],[19.912626,49.99824],[19.912622,49.998205],[19.912705,49.998201],[19.912706,49.998214],[19.91273,49.998213],[19.912733,49.998234],[19.91274,49.998234],[19.912753,49.998332],[19.912623,49.99834],[19.91261,49.998241]]]}},{"type":"Feature","id":"w161678932","properties":{"type":"detached","residential":true,"residents_est":5,"h3_10":"8a1e2e69294ffff","h3_11":"8b1e2e692949fff"},"geometry":{"type":"Polygon","coordinates":[[[19.915927,50.001395],[19.916009,50.00131],[19.916092,50.001343],[19.916068,50.001368],[19.916177,50.001409],[19.916117,50.001471],[19.916034,50.001438],[19.916039,50.001432],[19.916015,50.001422],[19.916009,50.001428],[19.915927,50.001395]]]}},{"type":"Feature","id":"w161678934","properties":{"type":"yes","residential":true,"residents_est":2,"h3_10":"8a1e2e692867fff","h3_11":"8b1e2e692861fff"},"geometry":{"type":"Polygon","coordinates":[[[19.916345,50.000227],[19.916418,50.000147],[19.916514,50.00018],[19.916475,50.000223],[19.91651,50.000236],[19.916478,50.000272],[19.916345,50.000227]]]}},{"type":"Feature","id":"w161678940","properties":{"type":"yes","residential":true,"residents_est":2,"h3_10":"8a1e2e69295ffff","h3_11":"8b1e2e69295dfff"},"geometry":{"type":"Polygon","coordinates":[[[19.913925,50.000945],[19.913941,50.00085],[19.914071,50.000858],[19.914055,50.000954],[19.913925,50.000945]]]}},{"type":"Feature","id":"w161678944","properties":{"type":"yes","address":"Narvik 26A","residential":true,"residents_est":2,"h3_10":"8a1e2e69295ffff","h3_11":"8b1e2e69295dfff"},"geometry":{"type":"Polygon","coordinates":[[[19.914198,50.000962],[19.914223,50.000869],[19.914352,50.000884],[19.914327,50.000979],[19.914198,50.000962]]]}},{"type":"Feature","id":"w161678945","properties":{"type":"yes","residential":true,"residents_est":8,"h3_10":"8a1e2e692967fff","h3_11":"8b1e2e692964fff"},"geometry":{"type":"Polygon","coordinates":[[[19.912351,50.002936],[19.912441,50.002919],[19.912454,50.002946],[19.912481,50.002941],[19.912492,50.002966],[19.912538,50.002957],[19.912531,50.002943],[19.912622,50.002926],[19.912634,50.002951],[19.912742,50.00293],[19.91277,50.00299],[19.912662,50.00301],[19.912667,50.003021],[19.912447,50.003064],[19.912419,50.003005],[19.912386,50.003012],[19.912351,50.002936]]]}},{"type":"Feature","id":"w161678948","properties":{"type":"yes","residential":true,"residents_est":2,"h3_10":"8a1e2e692867fff","h3_11":"8b1e2e692865fff"},"geometry":{"type":"Polygon","coordinates":[[[19.915632,50.000701],[19.915705,50.000619],[19.915816,50.00066],[19.915743,50.000742],[19.915632,50.000701]]]}},{"type":"Feature","id":"w161678957","properties":{"type":"yes","residential":true,"residents_est":8,"h3_10":"8a1e2e6929b7fff","h3_11":"8b1e2e6929b3fff"},"geometry":{"type":"Polygon","coordinates":[[[19.904189,49.999226],[19.904295,49.999201],[19.904288,49.999186],[19.904324,49.999177],[19.904292,49.99912],[19.904441,49.999085],[19.904507,49.9992],[19.904424,49.999221],[19.904437,49.99924],[19.904225,49.999288],[19.904189,49.999226]]]}},{"type":"Feature","id":"w161678961","properties":{"type":"yes","residential":true,"residents_est":11,"h3_10":"8a1e2e6928a7fff","h3_11":"8b1e2e6928a3fff"},"geometry":{"type":"Polygon","coordinates":[[[19.908385,49.997416],[19.9084,49.997416],[19.9084,49.997395],[19.908386,49.997391],[19.908408,49.997391],[19.908411,49.997326],[19.908389,49.997326],[19.908402,49.997322],[19.908403,49.997299],[19.908389,49.997295],[19.908411,49.997295],[19.908412,49.997232],[19.908391,49.997232],[19.908391,49.997227],[19.908407,49.997228],[19.908407,49.997204],[19.908389,49.997204],[19.908413,49.9972],[19.908414,49.997133],[19.908495,49.997134],[19.908496,49.9971],[19.908557,49.9971],[19.908555,49.997205],[19.908527,49.997205],[19.908527,49.99723],[19.908552,49.99723],[19.908552,49.997301],[19.908528,49.997301],[19.908527,49.997324],[19.90855,49.997325],[19.90855,49.997397],[19.908527,49.997397],[19.908525,49.997422],[19.908385,49.997416]]]}},{"type":"Feature","id":"w161678969","properties":{"type":"yes","residential":true,"residents_est":36,"h3_10":"8a1e2e6928affff","h3_11":"8b1e2e6928acfff"},"geometry":{"type":"Polygon","coordinates":[[[19.908713,49.99741],[19.908718,49.997316],[19.908868,49.997319],[19.908868,49.997333],[19.908922,49.997334],[19.908923,49.997319],[19.909012,49.997321],[19.909011,49.997334],[19.909046,49.997335],[19.909047,49.997323],[19.909181,49.997325],[19.90918,49.997342],[19.909253,49.997343],[19.909254,49.997332],[19.90932,49.997334],[19.90932,49.997323],[19.909385,49.997325],[19.909384,49.997341],[19.909474,49.997343],[19.909475,49.997327],[19.909652,49.997332],[19.909651,49.997345],[19.909758,49.997347],[19.909759,49.997335],[19.909857,49.997337],[19.909855,49.997374],[19.909911,49.997374],[19.90991,49.997361],[19.910001,49.997361],[19.91,49.997398],[19.910049,49.997398],[19.91005,49.997385],[19.910142,49.997386],[19.910138,49.997504],[19.910088,49.997504],[19.910088,49.997481],[19.909925,49.997478],[19.909925,49.997455],[19.909797,49.997453],[19.909799,49.997431],[19.909606,49.997426],[19.909605,49.99745],[19.909516,49.997449],[19.909517,49.997426],[19.909363,49.997422],[19.909361,49.997447],[19.909271,49.997444],[19.909273,49.99742],[19.90915,49.997419],[19.90915,49.997442],[19.909042,49.997441],[19.909044,49.997415],[19.909007,49.997414],[19.909006,49.997439],[19.908997,49.997439],[19.908957,49.997438],[19.908958,49.997414],[19.908863,49.997412],[19.908862,49.997437],[19.90885,49.997437],[19.908776,49.997435],[19.908778,49.997412],[19.908713,49.99741]]]}},{"type":"Feature","id":"w161678980","properties":{"type":"detached","residential":true,"residents_est":3,"h3_10":"8a1e2e69295ffff","h3_11":"8b1e2e69295bfff"},"geometry":{"type":"Polygon","coordinates":[[[19.914278,50.00036],[19.914313,50.000271],[19.914338,50.000275],[19.914346,50.000254],[19.91442,50.000266],[19.914412,50.000287],[19.914434,50.000291],[19.914399,50.000379],[19.914278,50.00036]]]}},{"type":"Feature","id":"w161679000","properties":{"type":"yes","residential":true,"residents_est":3,"h3_10":"8a1e2e692967fff","h3_11":"8b1e2e692964fff"},"geometry":{"type":"Polygon","coordinates":[[[19.912364,50.003225],[19.912485,50.0032],[19.912507,50.003244],[19.912536,50.003238],[19.912574,50.003315],[19.9124,50.003354],[19.91237,50.003297],[19.912396,50.003292],[19.912364,50.003225]]]}},{"type":"Feature","id":"w161679003","properties":{"type":"yes","residential":true,"residents_est":3,"h3_10":"8a1e2e69298ffff","h3_11":"8b1e2e692988fff"},"geometry":{"type":"Polygon","coordinates":[[[19.90719,49.998664],[19.907193,49.998623],[19.907237,49.998609],[19.90724,49.998555],[19.907229,49.998548],[19.907241,49.998537],[19.907242,49.998519],[19.907315,49.998522],[19.907317,49.998491],[19.907359,49.998477],[19.9074,49.998493],[19.907394,49.998587],[19.907404,49.998587],[19.907401,49.998648],[19.907281,49.998645],[19.90728,49.998667],[19.90719,49.998664]]]}},{"type":"Feature","id":"w161844042","properties":{"type":"yes","address":"Forteczna 22","name":"Hotel Kontrast","residential":false,"residents_est":0,"h3_10":"8a1e2e69284ffff","h3_11":"8b1e2e692849fff"},"geometry":{"type":"Polygon","coordinates":[[[19.917714,49.998714],[19.918162,49.998645],[19.91832,49.999065],[19.917993,49.999116],[19.917954,49.99901],[19.918117,49.998985],[19.918097,49.998933],[19.918076,49.998936],[19.918037,49.998831],[19.918057,49.998828],[19.918037,49.998776],[19.917754,49.99882],[19.917714,49.998714]]]}},{"type":"Feature","id":"w161881095","properties":{"type":"house","address":"Eugeniusza Eibischa 10","residential":true,"residents_est":4,"h3_10":"8a1e2e6928d7fff","h3_11":"8b1e2e6928d0fff"},"geometry":{"type":"Polygon","coordinates":[[[19.911972,49.99565],[19.911982,49.995581],[19.912134,49.99559],[19.912117,49.99571],[19.912008,49.995703],[19.912015,49.995653],[19.911972,49.99565]]]}},{"type":"Feature","id":"w161881099","properties":{"type":"house","address":"Eugeniusza Eibischa 24","residential":true,"residents_est":5,"h3_10":"8a1e2e6928dffff","h3_11":"8b1e2e6928dcfff"},"geometry":{"type":"Polygon","coordinates":[[[19.913076,49.995725],[19.913091,49.995607],[19.913254,49.995616],[19.913239,49.995733],[19.913076,49.995725]]]}},{"type":"Feature","id":"w161881102","properties":{"type":"detached","address":"Karola Homolacsa 36","residential":true,"residents_est":4,"h3_10":"8a1e2e69289ffff","h3_11":"8b1e2e692899fff"},"geometry":{"type":"Polygon","coordinates":[[[19.909572,49.995485],[19.909577,49.995428],[19.90962,49.99543],[19.909621,49.995412],[19.90965,49.995413],[19.909651,49.9954],[19.909722,49.995402],[19.909721,49.995416],[19.909738,49.995417],[19.909732,49.99546],[19.909746,49.99547],[19.909744,49.995486],[19.909727,49.995494],[19.909694,49.995493],[19.909689,49.995517],[19.909605,49.995513],[19.909609,49.995487],[19.909572,49.995485]]]}},{"type":"Feature","id":"w161881107","properties":{"type":"yes","residential":true,"residents_est":9,"h3_10":"8a1e2e6928d7fff","h3_11":"8b1e2e6928d3fff"},"geometry":{"type":"Polygon","coordinates":[[[19.912055,49.995243],[19.912079,49.99513],[19.912388,49.995157],[19.912364,49.995272],[19.912055,49.995243]]]}},{"type":"Feature","id":"w161881109","properties":{"type":"house","address":"Eugeniusza Eibischa 26","residential":true,"residents_est":4,"h3_10":"8a1e2e6928dffff","h3_11":"8b1e2e6928dcfff"},"geometry":{"type":"Polygon","coordinates":[[[19.913242,49.995842],[19.913254,49.99577],[19.913323,49.995777],[19.91333,49.995747],[19.913444,49.995759],[19.913424,49.995861],[19.913242,49.995842]]]}},{"type":"Feature","id":"w161881113","properties":{"type":"house","address":"Karola Homolacsa 36a","residential":true,"residents_est":4,"h3_10":"8a1e2e69288ffff","h3_11":"8b1e2e69288afff"},"geometry":{"type":"Polygon","coordinates":[[[19.909473,49.995703],[19.909477,49.995644],[19.909516,49.995645],[19.909519,49.995607],[19.909657,49.995611],[19.909653,49.995671],[19.909672,49.995671],[19.90967,49.995708],[19.909473,49.995703]]]}},{"type":"Feature","id":"w161881114","properties":{"type":"yes","residential":true,"residents_est":4,"h3_10":"8a1e2e6928dffff","h3_11":"8b1e2e6928dafff"},"geometry":{"type":"Polygon","coordinates":[[[19.91298,49.995308],[19.912996,49.99521],[19.913079,49.995216],[19.91308,49.995207],[19.913208,49.995215],[19.913207,49.995221],[19.913287,49.995227],[19.913272,49.995327],[19.91298,49.995308]]]}},{"type":"Feature","id":"w161881115","properties":{"type":"yes","residential":true,"residents_est":2,"h3_10":"8a1e2e6928dffff","h3_11":"8b1e2e6928d9fff"},"geometry":{"type":"Polygon","coordinates":[[[19.914056,49.995324],[19.914074,49.995323],[19.91407,49.995293],[19.914205,49.995286],[19.914208,49.995316],[19.914226,49.995316],[19.914233,49.995373],[19.914166,49.995377],[19.914168,49.995393],[19.914064,49.995399],[19.914056,49.995324]]]}},{"type":"Feature","id":"w161881123","properties":{"type":"yes","residential":true,"residents_est":2,"h3_10":"8a1e2e6928dffff","h3_11":"8b1e2e6928d8fff"},"geometry":{"type":"Polygon","coordinates":[[[19.913418,49.995317],[19.913432,49.995208],[19.913557,49.995215],[19.913548,49.995291],[19.913581,49.995293],[19.913577,49.995328],[19.913544,49.995326],[19.913541,49.995348],[19.913507,49.995346],[19.91351,49.995323],[19.913418,49.995317]]]}},{"type":"Feature","id":"w161881124","properties":{"type":"detached","address":"Chorzowska 22B","residential":true,"residents_est":5,"h3_10":"8a1e2e6928cffff","h3_11":"8b1e2e6928cbfff"},"geometry":{"type":"Polygon","coordinates":[[[19.915032,49.995808],[19.915134,49.995806],[19.915135,49.995821],[19.915187,49.99582],[19.915208,49.995837],[19.915192,49.995855],[19.915195,49.995903],[19.915157,49.995904],[19.915159,49.995942],[19.915066,49.995944],[19.915064,49.995906],[19.915037,49.995907],[19.915032,49.995808]]]}},{"type":"Feature","id":"w161881142","properties":{"type":"yes","residential":true,"residents_est":2,"h3_10":"8a1e2e6928dffff","h3_11":"8b1e2e6928dafff"},"geometry":{"type":"Polygon","coordinates":[[[19.913448,49.994973],[19.913535,49.994971],[19.913534,49.994957],[19.913539,49.99497],[19.913593,49.994968],[19.913596,49.99495],[19.913609,49.995092],[19.913468,49.995097],[19.913448,49.994973]]]}},{"type":"Feature","id":"w161881146","properties":{"type":"detached","address":"Zygmunta Radnickiego 11","residential":true,"residents_est":4,"h3_10":"8a1e2e69288ffff","h3_11":"8b1e2e69288bfff"},"geometry":{"type":"Polygon","coordinates":[[[19.910007,49.995688],[19.910018,49.995632],[19.910054,49.995635],[19.910057,49.995615],[19.910072,49.995605],[19.910102,49.995608],[19.910111,49.99562],[19.91018,49.995626],[19.910166,49.9957],[19.91014,49.995698],[19.910134,49.99573],[19.910026,49.995722],[19.910033,49.99569],[19.910007,49.995688]]]}},{"type":"Feature","id":"w161881185","properties":{"type":"yes","residential":true,"residents_est":2,"h3_10":"8a1e2e6928dffff","h3_11":"8b1e2e6928dbfff"},"geometry":{"type":"Polygon","coordinates":[[[19.913994,49.99507],[19.91401,49.995069],[19.914005,49.995027],[19.914157,49.995019],[19.914163,49.995062],[19.91418,49.995061],[19.914185,49.995103],[19.913998,49.995112],[19.913994,49.99507]]]}},{"type":"Feature","id":"w161881210","properties":{"type":"house","address":"Józefa Gałęzowskiego 10","residential":true,"residents_est":5,"h3_10":"8a1e2e6928d7fff","h3_11":"8b1e2e6928d6fff"},"geometry":{"type":"Polygon","coordinates":[[[19.910924,49.995671],[19.910938,49.995569],[19.911117,49.995579],[19.911112,49.995613],[19.911092,49.995612],[19.911088,49.99564],[19.911108,49.995641],[19.911102,49.995681],[19.910924,49.995671]]]}},{"type":"Feature","id":"w161881263","properties":{"type":"yes","residential":true,"residents_est":2,"h3_10":"8a1e2e6928dffff","h3_11":"8b1e2e6928d8fff"},"geometry":{"type":"Polygon","coordinates":[[[19.913726,49.995255],[19.913824,49.995248],[19.913827,49.995264],[19.913874,49.995262],[19.91389,49.99538],[19.913811,49.995385],[19.913806,49.995349],[19.91374,49.995353],[19.913726,49.995255]]]}},{"type":"Feature","id":"w161881264","properties":{"type":"yes","residential":true,"residents_est":2,"h3_10":"8a1e2e6928dffff","h3_11":"8b1e2e6928dbfff"},"geometry":{"type":"Polygon","coordinates":[[[19.913684,49.995047],[19.913758,49.995043],[19.913753,49.995003],[19.913744,49.995],[19.913753,49.994999],[19.91375,49.994977],[19.913742,49.994974],[19.913833,49.99497],[19.91384,49.994965],[19.913849,49.995041],[19.91384,49.995041],[19.913841,49.995055],[19.913858,49.995054],[19.913863,49.995095],[19.913691,49.995103],[19.913684,49.995047]]]}},{"type":"Feature","id":"w161881269","properties":{"type":"detached","address":"Chorzowska 24a","residential":true,"residents_est":4,"h3_10":"8a1e2e6928cffff","h3_11":"8b1e2e6928c8fff"},"geometry":{"type":"Polygon","coordinates":[[[19.914695,49.996058],[19.914703,49.996051],[19.914702,49.996028],[19.914814,49.996021],[19.914814,49.996026],[19.914852,49.996026],[19.914852,49.996036],[19.914901,49.996035],[19.914904,49.996096],[19.914706,49.996105],[19.914705,49.996082],[19.914696,49.996075],[19.914695,49.996058]]]}},{"type":"Feature","id":"w161881283","properties":{"type":"house","address":"Eugeniusza Eibischa 6","residential":true,"residents_est":4,"h3_10":"8a1e2e6928d7fff","h3_11":"8b1e2e6928d0fff"},"geometry":{"type":"Polygon","coordinates":[[[19.911655,49.995593],[19.911666,49.995517],[19.911825,49.995526],[19.911809,49.995642],[19.911694,49.995635],[19.9117,49.995595],[19.911655,49.995593]]]}},{"type":"Feature","id":"w161881293","properties":{"type":"yes","residential":true,"residents_est":2,"h3_10":"8a1e2e6928dffff","h3_11":"8b1e2e6928d9fff"},"geometry":{"type":"Polygon","coordinates":[[[19.91405,49.995248],[19.914067,49.995247],[19.914062,49.995205],[19.914212,49.995198],[19.914223,49.995285],[19.914055,49.995293],[19.91405,49.995248]]]}},{"type":"Feature","id":"w161881307","properties":{"type":"yes","residential":true,"residents_est":8,"h3_10":"8a1e2e6928dffff","h3_11":"8b1e2e6928dafff"},"geometry":{"type":"Polygon","coordinates":[[[19.91301,49.995061],[19.913019,49.995007],[19.91305,49.995008],[19.913057,49.994954],[19.91312,49.994959],[19.913124,49.994939],[19.913246,49.99495],[19.913244,49.994971],[19.913305,49.994975],[19.913298,49.995032],[19.913283,49.995031],[19.913282,49.995046],[19.91334,49.995051],[19.913334,49.995095],[19.913274,49.99509],[19.913275,49.995081],[19.91301,49.995061]]]}},{"type":"Feature","id":"w161881323","properties":{"type":"yes","residential":true,"residents_est":8,"h3_10":"8a1e2e6928cffff","h3_11":"8b1e2e6928cdfff"},"geometry":{"type":"Polygon","coordinates":[[[19.915568,49.996509],[19.915581,49.996507],[19.915574,49.996483],[19.915629,49.996476],[19.915626,49.996467],[19.915726,49.996455],[19.915729,49.996463],[19.915777,49.996457],[19.915788,49.996493],[19.915802,49.996492],[19.915847,49.996644],[19.915727,49.996659],[19.915698,49.996561],[19.915588,49.996575],[19.915568,49.996509]]]}},{"type":"Feature","id":"w337186857","properties":{"type":"yes","residential":true,"residents_est":3,"h3_10":"8a1e2e692807fff","h3_11":"8b1e2e692802fff"},"geometry":{"type":"Polygon","coordinates":[[[19.910309,49.998672],[19.910384,49.998656],[19.91039,49.998667],[19.910426,49.99866],[19.910409,49.998624],[19.910502,49.998605],[19.910555,49.998707],[19.910466,49.998724],[19.91047,49.998732],[19.910349,49.998756],[19.910309,49.998672]]]}},{"type":"Feature","id":"w337186858","properties":{"type":"yes","residential":true,"residents_est":3,"h3_10":"8a1e2e6928f7fff","h3_11":"8b1e2e6928f5fff"},"geometry":{"type":"Polygon","coordinates":[[[19.91163,49.997329],[19.911644,49.997319],[19.911641,49.997296],[19.911704,49.997293],[19.9117,49.997261],[19.911797,49.997256],[19.911818,49.997428],[19.911746,49.997432],[19.911739,49.997374],[19.911652,49.997379],[19.911648,49.997354],[19.911632,49.997346],[19.91163,49.997329]]]}},{"type":"Feature","id":"w337186859","properties":{"type":"yes","residential":true,"residents_est":8,"h3_10":"8a1e2e692837fff","h3_11":"8b1e2e692834fff"},"geometry":{"type":"Polygon","coordinates":[[[19.90869,49.999947],[19.909101,49.999862],[19.909128,49.999915],[19.909052,49.99993],[19.909077,49.99998],[19.908976,50.0],[19.908952,49.999951],[19.908869,49.999969],[19.908884,49.999999],[19.908848,50.000006],[19.908853,50.000015],[19.908811,50.000024],[19.908791,49.999984],[19.908716,50.0],[19.90869,49.999947]]]}},{"type":"Feature","id":"w337186860","properties":{"type":"yes","residential":true,"residents_est":1,"h3_10":"8a1e2e692827fff","h3_11":"8b1e2e692822fff"},"geometry":{"type":"Polygon","coordinates":[[[19.910034,49.999673],[19.910219,49.999636],[19.910242,49.999684],[19.910057,49.999721],[19.910034,49.999673]]]}},{"type":"Feature","id":"w337186861","properties":{"type":"yes","residential":true,"residents_est":2,"h3_10":"8a1e2e69291ffff","h3_11":"8b1e2e69291afff"},"geometry":{"type":"Polygon","coordinates":[[[19.908243,50.000045],[19.908534,49.999985],[19.908561,50.000038],[19.908269,50.000098],[19.908243,50.000045]]]}},{"type":"Feature","id":"w337186862","properties":{"type":"yes","residential":true,"residents_est":2,"h3_10":"8a1e2e6929a7fff","h3_11":"8b1e2e6929a2fff"},"geometry":{"type":"Polygon","coordinates":[[[19.905202,49.999883],[19.905294,49.999851],[19.90542,49.999996],[19.905328,50.000029],[19.905202,49.999883]]]}},{"type":"Feature","id":"w337186863","properties":{"type":"yes","residential":true,"residents_est":2,"h3_10":"8a1e2e6929affff","h3_11":"8b1e2e6929adfff"},"geometry":{"type":"Polygon","coordinates":[[[19.907582,50.000182],[19.907885,50.000118],[19.907913,50.000171],[19.90761,50.000235],[19.907582,50.000182]]]}},{"type":"Feature","id":"w337186864","properties":{"type":"yes","residential":true,"residents_est":1,"h3_10":"8a1e2e6929b7fff","h3_11":"8b1e2e6929b1fff"},"geometry":{"type":"Polygon","coordinates":[[[19.904929,49.999486],[19.905003,49.999461],[19.905076,49.999551],[19.905001,49.999576],[19.904929,49.999486]]]}},{"type":"Feature","id":"w337186865","properties":{"type":"yes","residential":false,"residents_est":0,"h3_10":"8a1e2e692827fff","h3_11":"8b1e2e692822fff"},"geometry":{"type":"Polygon","coordinates":[[[19.909796,49.999725],[19.909858,49.999712],[19.909892,49.999783],[19.90983,49.999795],[19.909796,49.999725]]]}},{"type":"Feature","id":"w337186866","properties":{"type":"yes","residential":true,"residents_est":1,"h3_10":"8a1e2e692837fff","h3_11":"8b1e2e692835fff"},"geometry":{"type":"Polygon","coordinates":[[[19.909477,49.999795],[19.909589,49.999771],[19.909616,49.999823],[19.909504,49.999847],[19.909477,49.999795]]]}},{"type":"Feature","id":"w337186867","properties":{"type":"yes","residential":true,"residents_est":1,"h3_10":"8a1e2e69299ffff","h3_11":"8b1e2e692999fff"},"geometry":{"type":"Polygon","coordinates":[[[19.906843,49.99802],[19.906956,49.998021],[19.906955,49.998068],[19.906843,49.998066],[19.906843,49.99802]]]}},{"type":"Feature","id":"w337186868","properties":{"type":"yes","residential":true,"residents_est":2,"h3_10":"8a1e2e6929a7fff","h3_11":"8b1e2e6929a0fff"},"geometry":{"type":"Polygon","coordinates":[[[19.905552,50.000189],[19.905648,50.000157],[19.905774,50.00031],[19.905678,50.000342],[19.905552,50.000189]]]}},{"type":"Feature","id":"w337186869","properties":{"type":"yes","residential":true,"residents_est":3,"h3_10":"8a1e2e692917fff","h3_11":"8b1e2e692913fff"},"geometry":{"type":"Polygon","coordinates":[[[19.907077,50.000294],[19.907437,50.000215],[19.907469,50.000285],[19.907111,50.000364],[19.907077,50.000294]]]}},{"type":"Feature","id":"w337186870","properties":{"type":"yes","residential":false,"residents_est":0,"h3_10":"8a1e2e692837fff","h3_11":"8b1e2e692835fff"},"geometry":{"type":"Polygon","coordinates":[[[19.909246,49.999835],[19.90931,49.999822],[19.909347,49.999895],[19.909295,49.999906],[19.909283,49.999882],[19.909271,49.999885],[19.909246,49.999835]]]}},{"type":"Feature","id":"w337186871","properties":{"type":"yes","residential":true,"residents_est":1,"h3_10":"8a1e2e6929b7fff","h3_11":"8b1e2e6929b3fff"},"geometry":{"type":"Polygon","coordinates":[[[19.90452,49.999131],[19.904546,49.999125],[19.904578,49.9991],[19.904656,49.999137],[19.904619,49.999169],[19.904579,49.999178],[19.904573,49.99917],[19.904546,49.999177],[19.90452,49.999131]]]}},{"type":"Feature","id":"w337197351","properties":{"type":"outbuilding","levels":1.0,"residential":false,"residents_est":0,"h3_10":"8a1e2e69280ffff","h3_11":"8b1e2e692809fff"},"geometry":{"type":"Polygon","coordinates":[[[19.913044,49.998798],[19.913098,49.998794],[19.91311,49.998895],[19.913061,49.998897],[19.913044,49.998798]]]}},{"type":"Feature","id":"w337197354","properties":{"type":"yes","residential":true,"residents_est":0,"h3_10":"8a1e2e69286ffff","h3_11":"8b1e2e69286dfff"},"geometry":{"type":"Polygon","coordinates":[[[19.917633,50.000008],[19.917716,50.0],[19.917732,50.000066],[19.917649,50.000074],[19.917633,50.000008]]]}},{"type":"Feature","id":"w337197360","properties":{"type":"yes","residential":true,"residents_est":0,"h3_10":"8a1e2e6928dffff","h3_11":"8b1e2e6928defff"},"geometry":{"type":"Polygon","coordinates":[[[19.912822,49.995368],[19.912832,49.995311],[19.912968,49.995321],[19.912958,49.995377],[19.912822,49.995368]]]}},{"type":"Feature","id":"w337197365","properties":{"type":"yes","residential":true,"residents_est":1,"h3_10":"8a1e2e692847fff","h3_11":"8b1e2e692842fff"},"geometry":{"type":"Polygon","coordinates":[[[19.915049,49.998653],[19.915171,49.998634],[19.915167,49.998702],[19.915078,49.998718],[19.915049,49.998653]]]}},{"type":"Feature","id":"w337197367","properties":{"type":"yes","residential":true,"residents_est":1,"h3_10":"8a1e2e6928d7fff","h3_11":"8b1e2e6928d3fff"},"geometry":{"type":"Polygon","coordinates":[[[19.912368,49.995336],[19.912378,49.995281],[19.912478,49.995288],[19.912468,49.995343],[19.912368,49.995336]]]}},{"type":"Feature","id":"w337197372","properties":{"type":"yes","residential":true,"residents_est":0,"h3_10":"8a1e2e69289ffff","h3_11":"8b1e2e69289cfff"},"geometry":{"type":"Polygon","coordinates":[[[19.90825,49.995686],[19.908252,49.995642],[19.908369,49.995645],[19.908367,49.995689],[19.90825,49.995686]]]}},{"type":"Feature","id":"w337197382","properties":{"type":"yes","residential":true,"residents_est":2,"h3_10":"8a1e2e69284ffff","h3_11":"8b1e2e69284bfff"},"geometry":{"type":"Polygon","coordinates":[[[19.917769,49.998149],[19.917773,49.998126],[19.917787,49.998106],[19.917844,49.998081],[19.917912,49.998085],[19.91794,49.998098],[19.917968,49.998134],[19.917968,49.998154],[19.917958,49.998173],[19.917914,49.998201],[19.917884,49.998207],[19.917823,49.998201],[19.917798,49.998189],[19.917778,49.99817],[19.917769,49.998149]]]}},{"type":"Feature","id":"w337197392","properties":{"type":"house","address":"Eugeniusza Eibischa 22","residential":true,"residents_est":3,"h3_10":"8a1e2e6928dffff","h3_11":"8b1e2e6928dcfff"},"geometry":{"type":"Polygon","coordinates":[[[19.912973,49.995719],[19.912989,49.995601],[19.913091,49.995607],[19.913076,49.995725],[19.912973,49.995719]]]}},{"type":"Feature","id":"w337197400","properties":{"type":"yes","residential":true,"residents_est":1,"h3_10":"8a1e2e692877fff","h3_11":"8b1e2e692875fff"},"geometry":{"type":"Polygon","coordinates":[[[19.914096,49.999816],[19.914102,49.999758],[19.91419,49.999762],[19.914184,49.99982],[19.914096,49.999816]]]}},{"type":"Feature","id":"w337197404","properties":{"type":"detached","address":"Karola Homolacsa 64","residential":true,"residents_est":2,"h3_10":"8a1e2e692897fff","h3_11":"8b1e2e692892fff"},"geometry":{"type":"Polygon","coordinates":[[[19.906767,49.995435],[19.906778,49.995362],[19.90688,49.995369],[19.90687,49.995441],[19.906767,49.995435]]]}},{"type":"Feature","id":"w337197408","properties":{"type":"yes","residential":false,"residents_est":0,"h3_10":"8a1e2e692937fff","h3_11":"8b1e2e692934fff"},"geometry":{"type":"Polygon","coordinates":[[[19.906083,50.002286],[19.906161,50.002267],[19.906191,50.002318],[19.906113,50.002337],[19.906083,50.002286]]]}},{"type":"Feature","id":"w337197411","properties":{"type":"yes","residential":true,"residents_est":2,"h3_10":"8a1e2e692947fff","h3_11":"8b1e2e692943fff"},"geometry":{"type":"Polygon","coordinates":[[[19.913728,50.00136],[19.913907,50.001362],[19.913906,50.001452],[19.913729,50.00145],[19.913728,50.00136]]]}},{"type":"Feature","id":"w337197416","properties":{"type":"yes","residential":true,"residents_est":1,"h3_10":"8a1e2e692957fff","h3_11":"8b1e2e692956fff"},"geometry":{"type":"Polygon","coordinates":[[[19.911031,50.000841],[19.911174,50.000823],[19.911191,50.000884],[19.911121,50.000893],[19.911123,50.000902],[19.911051,50.000911],[19.911031,50.000841]]]}},{"type":"Feature","id":"w337197417","properties":{"type":"yes","residential":true,"residents_est":0,"h3_10":"8a1e2e69286ffff","h3_11":"8b1e2e69286bfff"},"geometry":{"type":"Polygon","coordinates":[[[19.917741,49.999583],[19.917835,49.999516],[19.917946,49.999578],[19.917872,49.999633],[19.917801,49.999595],[19.917784,49.999607],[19.917741,49.999583]]]}},{"type":"Feature","id":"w337197418","properties":{"type":"yes","residential":true,"residents_est":3,"h3_10":"8a1e2e692967fff","h3_11":"8b1e2e692965fff"},"geometry":{"type":"Polygon","coordinates":[[[19.913214,50.00287],[19.91342,50.002829],[19.913465,50.002923],[19.913258,50.002958],[19.913214,50.00287]]]}},{"type":"Feature","id":"w337197422","properties":{"type":"yes","residential":true,"residents_est":1,"h3_10":"8a1e2e69291ffff","h3_11":"8b1e2e69291cfff"},"geometry":{"type":"Polygon","coordinates":[[[19.908039,50.000903],[19.908119,50.00088],[19.908161,50.000938],[19.908079,50.000959],[19.908039,50.000903]]]}},{"type":"Feature","id":"w337197428","properties":{"type":"house","levels":2.0,"address":"Izydora Kopernickiego 18","residential":true,"residents_est":3,"h3_10":"8a1e2e69280ffff","h3_11":"8b1e2e692809fff"},"geometry":{"type":"Polygon","coordinates":[[[19.913416,49.998781],[19.913517,49.998773],[19.913535,49.998873],[19.913429,49.998879],[19.913416,49.998781]]]}},{"type":"Feature","id":"w337197434","properties":{"type":"yes","residential":true,"residents_est":1,"h3_10":"8a1e2e692957fff","h3_11":"8b1e2e692950fff"},"geometry":{"type":"Polygon","coordinates":[[[19.912087,50.000924],[19.912098,50.000922],[19.91209,50.0009],[19.912183,50.00089],[19.912204,50.000948],[19.912101,50.000963],[19.912087,50.000924]]]}},{"type":"Feature","id":"w338193487","properties":{"type":"yes","residential":false,"residents_est":0,"h3_10":"8a1e2e69282ffff","h3_11":"8b1e2e69282afff"},"geometry":{"type":"Polygon","coordinates":[[[19.911583,49.999435],[19.91164,49.999424],[19.911647,49.999438],[19.911634,49.999442],[19.911648,49.999471],[19.911662,49.999469],[19.911669,49.999483],[19.911613,49.999495],[19.911604,49.999478],[19.911617,49.999475],[19.911605,49.999451],[19.911592,49.999454],[19.911583,49.999435]]]}},{"type":"Feature","id":"w338193488","properties":{"type":"yes","residential":true,"residents_est":10,"h3_10":"8a1e2e69282ffff","h3_11":"8b1e2e69282afff"},"geometry":{"type":"Polygon","coordinates":[[[19.911925,49.999264],[19.912095,49.999229],[19.912199,49.999442],[19.912029,49.999477],[19.911925,49.999264]]]}},{"type":"Feature","id":"w338193489","properties":{"type":"yes","residential":false,"residents_est":0,"h3_10":"8a1e2e69280ffff","h3_11":"8b1e2e69280afff"},"geometry":{"type":"Polygon","coordinates":[[[19.91207,49.998246],[19.91212,49.998243],[19.912133,49.998317],[19.912084,49.998321],[19.91207,49.998246]]]}},{"type":"Feature","id":"w338193490","properties":{"type":"yes","residential":false,"residents_est":0,"h3_10":"8a1e2e692807fff","h3_11":"8b1e2e692806fff"},"geometry":{"type":"Polygon","coordinates":[[[19.910405,49.999178],[19.910509,49.999156],[19.910527,49.999192],[19.910423,49.999213],[19.910405,49.999178]]]}},{"type":"Feature","id":"w338193491","properties":{"type":"service","residential":false,"residents_est":0,"h3_10":"8a1e2e692807fff","h3_11":"8b1e2e692800fff"},"geometry":{"type":"Polygon","coordinates":[[[19.910614,49.999139],[19.91069,49.999121],[19.910718,49.999169],[19.910641,49.999187],[19.910614,49.999139]]]}},{"type":"Feature","id":"w338193492","properties":{"type":"yes","residential":false,"residents_est":0,"h3_10":"8a1e2e69280ffff","h3_11":"8b1e2e69280afff"},"geometry":{"type":"Polygon","coordinates":[[[19.911845,49.998263],[19.911894,49.998259],[19.911908,49.998334],[19.911859,49.998337],[19.911845,49.998263]]]}},{"type":"Feature","id":"w338193493","properties":{"type":"yes","residential":false,"residents_est":0,"h3_10":"8a1e2e69281ffff","h3_11":"8b1e2e69281dfff"},"geometry":{"type":"Polygon","coordinates":[[[19.911176,49.998377],[19.911178,49.998331],[19.911251,49.998331],[19.91125,49.998377],[19.911176,49.998377]]]}},{"type":"Feature","id":"w338193494","properties":{"type":"house","levels":1.0,"address":"Zagaje 40","residential":true,"residents_est":6,"h3_10":"8a1e2e69280ffff","h3_11":"8b1e2e69280efff"},"geometry":{"type":"Polygon","coordinates":[[[19.911449,49.998564],[19.9118,49.998558],[19.911807,49.99873],[19.911745,49.998731],[19.911743,49.998694],[19.911455,49.998699],[19.911449,49.998564]]]}},{"type":"Feature","id":"w338193495","properties":{"type":"outbuilding","levels":1.0,"residential":false,"residents_est":0,"h3_10":"8a1e2e69280ffff","h3_11":"8b1e2e69280efff"},"geometry":{"type":"Polygon","coordinates":[[[19.911617,49.998733],[19.911618,49.998696],[19.911743,49.998694],[19.911745,49.998731],[19.911617,49.998733]]]}},{"type":"Feature","id":"w338193496","properties":{"type":"yes","residential":false,"residents_est":0,"h3_10":"8a1e2e692807fff","h3_11":"8b1e2e692806fff"},"geometry":{"type":"Polygon","coordinates":[[[19.910279,49.999142],[19.910418,49.999114],[19.910432,49.999144],[19.910292,49.999171],[19.910279,49.999142]]]}},{"type":"Feature","id":"w340893347","properties":{"type":"yes","residential":false,"residents_est":0,"h3_10":"8a1e2e69291ffff","h3_11":"8b1e2e69291dfff"},"geometry":{"type":"Polygon","coordinates":[[[19.908686,50.000896],[19.908757,50.000868],[19.90878,50.000893],[19.908709,50.00092],[19.908686,50.000896]]]}},{"type":"Feature","id":"w688222957","properties":{"type":"yes","residential":true,"residents_est":1,"h3_10":"8a1e2e692937fff","h3_11":"8b1e2e692933fff"},"geometry":{"type":"Polygon","coordinates":[[[19.907222,50.001623],[19.907323,50.001596],[19.907352,50.00164],[19.907251,50.001667],[19.907222,50.001623]]]}},{"type":"Feature","id":"w688479448","properties":{"type":"house","residential":true,"residents_est":4,"h3_10":"8a1e2e692937fff","h3_11":"8b1e2e692934fff"},"geometry":{"type":"Polygon","coordinates":[[[19.905843,50.002246],[19.905905,50.002231],[19.905888,50.002201],[19.90597,50.002181],[19.906014,50.002256],[19.905987,50.002262],[19.906016,50.002312],[19.905898,50.00234],[19.905858,50.002281],[19.905863,50.00228],[19.905843,50.002246]]]}},{"type":"Feature","id":"w698240410","properties":{"type":"yes","residential":true,"residents_est":2,"h3_10":"8a1e2e692937fff","h3_11":"8b1e2e692930fff"},"geometry":{"type":"Polygon","coordinates":[[[19.906208,50.00183],[19.90635,50.001796],[19.906409,50.001895],[19.906266,50.001929],[19.906208,50.00183]]]}},{"type":"Feature","id":"w698240411","properties":{"type":"yes","residential":true,"residents_est":2,"h3_10":"8a1e2e692937fff","h3_11":"8b1e2e692930fff"},"geometry":{"type":"Polygon","coordinates":[[[19.90635,50.001796],[19.906452,50.001771],[19.90651,50.00187],[19.906409,50.001895],[19.90635,50.001796]]]}},{"type":"Feature","id":"w698240412","properties":{"type":"house","residential":true,"residents_est":4,"h3_10":"8a1e2e692937fff","h3_11":"8b1e2e692932fff"},"geometry":{"type":"Polygon","coordinates":[[[19.906323,50.001606],[19.906473,50.001561],[19.906526,50.001644],[19.906375,50.001684],[19.906358,50.001658],[19.906343,50.001661],[19.906326,50.001635],[19.90634,50.001632],[19.906323,50.001606]]]}},{"type":"Feature","id":"w702800331","properties":{"type":"yes","residential":false,"residents_est":0,"h3_10":"8a1e2e692937fff","h3_11":"8b1e2e692936fff"},"geometry":{"type":"Polygon","coordinates":[[[19.906098,50.002121],[19.906165,50.002105],[19.906193,50.002153],[19.906126,50.00217],[19.906098,50.002121]]]}},{"type":"Feature","id":"w702800332","properties":{"type":"yes","residential":false,"residents_est":0,"h3_10":"8a1e2e692937fff","h3_11":"8b1e2e692934fff"},"geometry":{"type":"Polygon","coordinates":[[[19.906293,50.002144],[19.90633,50.002134],[19.906387,50.002223],[19.906349,50.002233],[19.906293,50.002144]]]}},{"type":"Feature","id":"w702800333","properties":{"type":"yes","residential":false,"residents_est":0,"h3_10":"8a1e2e692907fff","h3_11":"8b1e2e692906fff"},"geometry":{"type":"Polygon","coordinates":[[[19.907355,50.001588],[19.907422,50.00157],[19.90745,50.001613],[19.907383,50.001632],[19.907355,50.001588]]]}},{"type":"Feature","id":"w702800334","properties":{"type":"yes","residential":true,"residents_est":1,"h3_10":"8a1e2e692937fff","h3_11":"8b1e2e692933fff"},"geometry":{"type":"Polygon","coordinates":[[[19.906728,50.001778],[19.906858,50.001743],[19.906917,50.001834],[19.90684,50.001855],[19.906809,50.001806],[19.906756,50.00182],[19.906728,50.001778]]]}},{"type":"Feature","id":"w703110264","properties":{"type":"yes","residential":true,"residents_est":1,"h3_10":"8a1e2e692877fff","h3_11":"8b1e2e692871fff"},"geometry":{"type":"Polygon","coordinates":[[[19.914831,49.999336],[19.914838,49.999244],[19.914951,49.999248],[19.914944,49.999339],[19.914831,49.999336]]]}},{"type":"Feature","id":"w703110265","properties":{"type":"yes","residential":true,"residents_est":2,"h3_10":"8a1e2e69286ffff","h3_11":"8b1e2e69286cfff"},"geometry":{"type":"Polygon","coordinates":[[[19.916762,50.00028],[19.916806,50.000231],[19.916821,50.000237],[19.916863,50.000192],[19.916903,50.000208],[19.916909,50.0002],[19.916961,50.00022],[19.916955,50.000227],[19.916994,50.000242],[19.916952,50.000288],[19.916968,50.000295],[19.916937,50.000328],[19.91688,50.000307],[19.916868,50.000321],[19.916762,50.00028]]]}},{"type":"Feature","id":"w703110337","properties":{"type":"yes","residential":true,"residents_est":12,"h3_10":"8a1e2e692847fff","h3_11":"8b1e2e692845fff"},"geometry":{"type":"Polygon","coordinates":[[[19.916097,49.999521],[19.916099,49.999443],[19.916166,49.999443],[19.916167,49.999389],[19.916234,49.99939],[19.916235,49.999335],[19.91644,49.999339],[19.916442,49.99947],[19.916375,49.999469],[19.916374,49.999524],[19.916097,49.999521]]]}},{"type":"Feature","id":"w703110338","properties":{"type":"yes","residential":true,"residents_est":2,"h3_10":"8a1e2e692867fff","h3_11":"8b1e2e692863fff"},"geometry":{"type":"Polygon","coordinates":[[[19.915697,49.99962],[19.915701,49.999531],[19.915793,49.999533],[19.915793,49.999544],[19.915902,49.999547],[19.915897,49.99964],[19.915779,49.999637],[19.91578,49.999621],[19.915697,49.99962]]]}},{"type":"Feature","id":"w706678784","properties":{"type":"yes","residential":false,"residents_est":0,"h3_10":"8a1e2e69286ffff","h3_11":"8b1e2e692869fff"},"geometry":{"type":"Polygon","coordinates":[[[19.917673,49.999699],[19.917743,49.999671],[19.917786,49.999715],[19.917717,49.999743],[19.917673,49.999699]]]}},{"type":"Feature","id":"w708567722","properties":{"type":"yes","residential":true,"residents_est":2,"h3_10":"8a1e2e6928effff","h3_11":"8b1e2e6928edfff"},"geometry":{"type":"Polygon","coordinates":[[[19.914977,49.997719],[19.914979,49.997648],[19.915044,49.997648],[19.915045,49.997623],[19.915146,49.997624],[19.915143,49.997764],[19.915041,49.997763],[19.915043,49.99772],[19.914977,49.997719]]]}},{"type":"Feature","id":"w708567738","properties":{"type":"service","residential":false,"residents_est":0,"h3_10":"8a1e2e6928dffff","h3_11":"8b1e2e6928ddfff"},"geometry":{"type":"Polygon","coordinates":[[[19.913662,49.995683],[19.913667,49.995635],[19.913737,49.995639],[19.913732,49.995686],[19.913662,49.995683]]]}},{"type":"Feature","id":"w708567749","properties":{"type":"detached","address":"Chorzowska 22a","residential":true,"residents_est":4,"h3_10":"8a1e2e6928cffff","h3_11":"8b1e2e6928c8fff"},"geometry":{"type":"Polygon","coordinates":[[[19.915052,49.99615],[19.915169,49.996149],[19.915169,49.996159],[19.915242,49.996158],[19.915243,49.996246],[19.915055,49.996248],[19.915052,49.99615]]]}},{"type":"Feature","id":"w708567750","properties":{"type":"outbuilding","levels":1.0,"residential":false,"residents_est":0,"h3_10":"8a1e2e692857fff","h3_11":"8b1e2e692854fff"},"geometry":{"type":"Polygon","coordinates":[[[19.913937,49.99874],[19.913989,49.998737],[19.914002,49.998838],[19.913949,49.998841],[19.913937,49.99874]]]}},{"type":"Feature","id":"w708567751","properties":{"type":"yes","residential":true,"residents_est":1,"h3_10":"8a1e2e6928dffff","h3_11":"8b1e2e6928dbfff"},"geometry":{"type":"Polygon","coordinates":[[[19.914012,49.994985],[19.914047,49.994983],[19.914042,49.994948],[19.914159,49.994942],[19.914165,49.994991],[19.914183,49.99499],[19.914186,49.995017],[19.914016,49.995026],[19.914012,49.994985]]]}},{"type":"Feature","id":"w729719380","properties":{"type":"house","address":"Forteczna 53","residential":true,"residents_est":4,"h3_10":"8a1e2e692827fff","h3_11":"8b1e2e692821fff"},"geometry":{"type":"Polygon","coordinates":[[[19.911064,50.0],[19.911182,49.999977],[19.911224,50.000065],[19.911178,50.000074],[19.9112,50.000119],[19.911128,50.000134],[19.911064,50.0]]]}},{"type":"Feature","id":"w740521704","properties":{"type":"detached","address":"Karola Homolacsa 42","residential":true,"residents_est":3,"h3_10":"8a1e2e69289ffff","h3_11":"8b1e2e692899fff"},"geometry":{"type":"Polygon","coordinates":[[[19.909023,49.99545],[19.90903,49.995387],[19.909131,49.995391],[19.909117,49.995524],[19.909028,49.99552],[19.909035,49.99545],[19.909023,49.99545]]]}},{"type":"Feature","id":"w769991352","properties":{"type":"apartments","address":"Anny Szwed-Śniadowskiej 32","residential":true,"residents_est":67,"h3_10":"8a1e2e6928b7fff","h3_11":"8b1e2e6928b6fff"},"geometry":{"type":"Polygon","coordinates":[[[19.905793,49.997097],[19.905865,49.996445],[19.906026,49.996449],[19.905954,49.99711],[19.905793,49.997097]]]}},{"type":"Feature","id":"w882486005","properties":{"type":"yes","residential":true,"residents_est":1,"h3_10":"8a1e2e69294ffff","h3_11":"8b1e2e69294dfff"},"geometry":{"type":"Polygon","coordinates":[[[19.915236,50.001496],[19.915266,50.001465],[19.915387,50.001513],[19.915344,50.001558],[19.915279,50.001533],[19.915293,50.001518],[19.915236,50.001496]]]}},{"type":"Feature","id":"w882486070","properties":{"type":"yes","residential":false,"residents_est":0,"h3_10":"8a1e2e69295ffff","h3_11":"8b1e2e69295efff"},"geometry":{"type":"Polygon","coordinates":[[[19.913065,50.000425],[19.913183,50.000425],[19.913184,50.000454],[19.913065,50.000455],[19.913065,50.000425]]]}},{"type":"Feature","id":"w882486072","properties":{"type":"service","residential":false,"residents_est":0,"h3_10":"8a1e2e69282ffff","h3_11":"8b1e2e69282cfff"},"geometry":{"type":"Polygon","coordinates":[[[19.911954,50.000214],[19.912024,50.000208],[19.912033,50.00025],[19.911963,50.000257],[19.911954,50.000214]]]}},{"type":"Feature","id":"w882486073","properties":{"type":"yes","residential":false,"residents_est":0,"h3_10":"8a1e2e692847fff","h3_11":"8b1e2e692844fff"},"geometry":{"type":"Polygon","coordinates":[[[19.915105,49.999381],[19.91519,49.999381],[19.91519,49.999418],[19.915105,49.999417],[19.915105,49.999381]]]}},{"type":"Feature","id":"w882486074","properties":{"type":"yes","residential":false,"residents_est":0,"h3_10":"8a1e2e692847fff","h3_11":"8b1e2e692846fff"},"geometry":{"type":"Polygon","coordinates":[[[19.914737,49.998966],[19.914813,49.998952],[19.914837,49.999006],[19.914761,49.99902],[19.914737,49.998966]]]}},{"type":"Feature","id":"w882486075","properties":{"type":"apartments","levels":2.0,"residential":true,"residents_est":5,"h3_10":"8a1e2e692877fff","h3_11":"8b1e2e692873fff"},"geometry":{"type":"Polygon","coordinates":[[[19.914184,49.999001],[19.914267,49.998985],[19.914272,49.998998],[19.914345,49.998984],[19.914342,49.998971],[19.914392,49.999074],[19.914316,49.999088],[19.914322,49.999101],[19.914238,49.999117],[19.914184,49.999001]]]}},{"type":"Feature","id":"w882486077","properties":{"type":"yes","residential":false,"residents_est":0,"h3_10":"8a1e2e692877fff","h3_11":"8b1e2e692871fff"},"geometry":{"type":"Polygon","coordinates":[[[19.914531,49.999585],[19.914588,49.999583],[19.914592,49.99962],[19.914535,49.999623],[19.914531,49.999585]]]}},{"type":"Feature","id":"w882486079","properties":{"type":"yes","residential":false,"residents_est":0,"h3_10":"8a1e2e692877fff","h3_11":"8b1e2e692874fff"},"geometry":{"type":"Polygon","coordinates":[[[19.9133,49.999916],[19.913394,49.999915],[19.913395,49.999942],[19.913302,49.999944],[19.9133,49.999916]]]}},{"type":"Feature","id":"w882486080","properties":{"type":"yes","residential":false,"residents_est":0,"h3_10":"8a1e2e692877fff","h3_11":"8b1e2e692875fff"},"geometry":{"type":"Polygon","coordinates":[[[19.914159,49.999967],[19.914168,49.999929],[19.91427,49.999939],[19.914261,49.999977],[19.914159,49.999967]]]}},{"type":"Feature","id":"w882486081","properties":{"type":"yes","residential":true,"residents_est":2,"h3_10":"8a1e2e692877fff","h3_11":"8b1e2e692874fff"},"geometry":{"type":"Polygon","coordinates":[[[19.913859,49.999949],[19.913869,49.999842],[19.913995,49.999847],[19.913985,49.999954],[19.913859,49.999949]]]}},{"type":"Feature","id":"w882486082","properties":{"type":"yes","residential":false,"residents_est":0,"h3_10":"8a1e2e69295ffff","h3_11":"8b1e2e69295bfff"},"geometry":{"type":"Polygon","coordinates":[[[19.913952,50.000343],[19.913966,50.000241],[19.914011,50.000244],[19.914,50.000345],[19.913952,50.000343]]]}},{"type":"Feature","id":"w882486083","properties":{"type":"yes","residential":false,"residents_est":0,"h3_10":"8a1e2e69295ffff","h3_11":"8b1e2e69295bfff"},"geometry":{"type":"Polygon","coordinates":[[[19.914242,50.000354],[19.914257,50.000317],[19.914245,50.000315],[19.914262,50.000271],[19.91431,50.000279],[19.914278,50.00036],[19.914242,50.000354]]]}},{"type":"Feature","id":"w882486087","properties":{"type":"yes","residential":false,"residents_est":0,"h3_10":"8a1e2e69294ffff","h3_11":"8b1e2e692948fff"},"geometry":{"type":"Polygon","coordinates":[[[19.914834,50.001235],[19.914858,50.001189],[19.914901,50.001198],[19.914877,50.001244],[19.914834,50.001235]]]}},{"type":"Feature","id":"w882486088","properties":{"type":"yes","residential":false,"residents_est":0,"h3_10":"8a1e2e69294ffff","h3_11":"8b1e2e69294afff"},"geometry":{"type":"Polygon","coordinates":[[[19.915039,50.000998],[19.915061,50.000964],[19.915137,50.000984],[19.915114,50.001018],[19.915039,50.000998]]]}},{"type":"Feature","id":"w882486089","properties":{"type":"yes","residential":false,"residents_est":0,"h3_10":"8a1e2e69294ffff","h3_11":"8b1e2e69294afff"},"geometry":{"type":"Polygon","coordinates":[[[19.914894,50.001089],[19.914917,50.001043],[19.914997,50.001065],[19.914967,50.001109],[19.914894,50.001089]]]}},{"type":"Feature","id":"w882486090","properties":{"type":"yes","residential":false,"residents_est":0,"h3_10":"8a1e2e69294ffff","h3_11":"8b1e2e69294afff"},"geometry":{"type":"Polygon","coordinates":[[[19.914768,50.000939],[19.914787,50.000904],[19.914864,50.000921],[19.914846,50.000956],[19.914768,50.000939]]]}},{"type":"Feature","id":"w882486091","properties":{"type":"yes","residential":false,"residents_est":0,"h3_10":"8a1e2e69294ffff","h3_11":"8b1e2e69294afff"},"geometry":{"type":"Polygon","coordinates":[[[19.914492,50.000897],[19.914507,50.000861],[19.914586,50.000875],[19.914571,50.000911],[19.914492,50.000897]]]}},{"type":"Feature","id":"w882486092","properties":{"type":"yes","residential":true,"residents_est":2,"h3_10":"8a1e2e69295ffff","h3_11":"8b1e2e69295dfff"},"geometry":{"type":"Polygon","coordinates":[[[19.914146,50.000866],[19.914163,50.000804],[19.914368,50.000827],[19.914352,50.000884],[19.914223,50.000869],[19.914217,50.000892],[19.914184,50.000889],[19.914185,50.00087],[19.914146,50.000866]]]}},{"type":"Feature","id":"w882486093","properties":{"type":"yes","residential":true,"residents_est":1,"h3_10":"8a1e2e69295ffff","h3_11":"8b1e2e69295dfff"},"geometry":{"type":"Polygon","coordinates":[[[19.913888,50.000856],[19.913892,50.000831],[19.913921,50.000828],[19.913926,50.000797],[19.914079,50.000808],[19.914071,50.000858],[19.913941,50.00085],[19.913938,50.000864],[19.913888,50.000856]]]}},{"type":"Feature","id":"w882486094","properties":{"type":"yes","residential":false,"residents_est":0,"h3_10":"8a1e2e69295ffff","h3_11":"8b1e2e69295dfff"},"geometry":{"type":"Polygon","coordinates":[[[19.913864,50.000974],[19.913865,50.00092],[19.913907,50.000921],[19.913905,50.000974],[19.913864,50.000974]]]}},{"type":"Feature","id":"w882486095","properties":{"type":"yes","residential":true,"residents_est":2,"h3_10":"8a1e2e69295ffff","h3_11":"8b1e2e692959fff"},"geometry":{"type":"Polygon","coordinates":[[[19.914171,50.000728],[19.914181,50.000676],[19.91441,50.000694],[19.9144,50.000745],[19.914171,50.000728]]]}},{"type":"Feature","id":"w882486096","properties":{"type":"yes","residential":false,"residents_est":0,"h3_10":"8a1e2e692867fff","h3_11":"8b1e2e692864fff"},"geometry":{"type":"Polygon","coordinates":[[[19.914826,50.000551],[19.914853,50.000498],[19.914905,50.000509],[19.914878,50.000562],[19.914826,50.000551]]]}},{"type":"Feature","id":"w882486097","properties":{"type":"yes","residential":false,"residents_est":0,"h3_10":"8a1e2e692867fff","h3_11":"8b1e2e692864fff"},"geometry":{"type":"Polygon","coordinates":[[[19.914895,50.000559],[19.914908,50.000534],[19.915007,50.000554],[19.914994,50.000579],[19.914895,50.000559]]]}},{"type":"Feature","id":"w882486098","properties":{"type":"yes","residential":false,"residents_est":0,"h3_10":"8a1e2e692867fff","h3_11":"8b1e2e692865fff"},"geometry":{"type":"Polygon","coordinates":[[[19.915474,50.000533],[19.915496,50.00051],[19.915576,50.000542],[19.915554,50.000565],[19.915474,50.000533]]]}},{"type":"Feature","id":"w882486099","properties":{"type":"yes","residential":false,"residents_est":0,"h3_10":"8a1e2e692867fff","h3_11":"8b1e2e692865fff"},"geometry":{"type":"Polygon","coordinates":[[[19.915691,50.000613],[19.915709,50.000592],[19.915792,50.000623],[19.915773,50.000644],[19.915691,50.000613]]]}},{"type":"Feature","id":"w882486100","properties":{"type":"yes","residential":false,"residents_est":0,"h3_10":"8a1e2e692867fff","h3_11":"8b1e2e692865fff"},"geometry":{"type":"Polygon","coordinates":[[[19.915601,50.000736],[19.915632,50.000701],[19.915684,50.00072],[19.915653,50.000755],[19.915601,50.000736]]]}},{"type":"Feature","id":"w882486101","properties":{"type":"yes","residential":false,"residents_est":0,"h3_10":"8a1e2e69294ffff","h3_11":"8b1e2e692949fff"},"geometry":{"type":"Polygon","coordinates":[[[19.915561,50.001152],[19.915591,50.001121],[19.915661,50.001149],[19.915631,50.00118],[19.915561,50.001152]]]}},{"type":"Feature","id":"w882486102","properties":{"type":"yes","residential":false,"residents_est":0,"h3_10":"8a1e2e69294ffff","h3_11":"8b1e2e69294bfff"},"geometry":{"type":"Polygon","coordinates":[[[19.9153,50.001067],[19.915327,50.001033],[19.9154,50.001057],[19.915373,50.001091],[19.9153,50.001067]]]}},{"type":"Feature","id":"w882486103","properties":{"type":"yes","residential":false,"residents_est":0,"h3_10":"8a1e2e69294ffff","h3_11":"8b1e2e69294bfff"},"geometry":{"type":"Polygon","coordinates":[[[19.915436,50.000864],[19.915473,50.000823],[19.915517,50.000839],[19.91548,50.000881],[19.915436,50.000864]]]}},{"type":"Feature","id":"w882486112","properties":{"type":"yes","residential":true,"residents_est":1,"h3_10":"8a1e2e692867fff","h3_11":"8b1e2e692861fff"},"geometry":{"type":"Polygon","coordinates":[[[19.915931,50.00038],[19.915976,50.000329],[19.916052,50.000356],[19.916007,50.000408],[19.915931,50.00038]]]}},{"type":"Feature","id":"w882486113","properties":{"type":"yes","residential":false,"residents_est":0,"h3_10":"8a1e2e692867fff","h3_11":"8b1e2e692860fff"},"geometry":{"type":"Polygon","coordinates":[[[19.915711,50.000298],[19.915732,50.000274],[19.915824,50.000307],[19.915803,50.000332],[19.915711,50.000298]]]}},{"type":"Feature","id":"w882486114","properties":{"type":"yes","residential":true,"residents_est":1,"h3_10":"8a1e2e692867fff","h3_11":"8b1e2e692866fff"},"geometry":{"type":"Polygon","coordinates":[[[19.914886,50.000078],[19.914904,50.000044],[19.915053,50.000079],[19.915036,50.000108],[19.914886,50.000078]]]}},{"type":"Feature","id":"w882486115","properties":{"type":"yes","residential":false,"residents_est":0,"h3_10":"8a1e2e692877fff","h3_11":"8b1e2e692875fff"},"geometry":{"type":"Polygon","coordinates":[[[19.914424,49.999998],[19.914435,49.999968],[19.914515,49.99998],[19.914504,50.00001],[19.914424,49.999998]]]}},{"type":"Feature","id":"w882486116","properties":{"type":"yes","residential":false,"residents_est":0,"h3_10":"8a1e2e692877fff","h3_11":"8b1e2e692875fff"},"geometry":{"type":"Polygon","coordinates":[[[19.914549,49.999972],[19.914569,49.999918],[19.914623,49.999926],[19.914603,49.999981],[19.914549,49.999972]]]}},{"type":"Feature","id":"w882486117","properties":{"type":"yes","residential":false,"residents_est":0,"h3_10":"8a1e2e692877fff","h3_11":"8b1e2e692871fff"},"geometry":{"type":"Polygon","coordinates":[[[19.914843,49.999657],[19.914847,49.999604],[19.914896,49.999606],[19.91489,49.999659],[19.914843,49.999657]]]}},{"type":"Feature","id":"w882486118","properties":{"type":"yes","residential":false,"residents_est":0,"h3_10":"8a1e2e692867fff","h3_11":"8b1e2e692862fff"},"geometry":{"type":"Polygon","coordinates":[[[19.915142,49.999791],[19.91519,49.999734],[19.915229,49.999748],[19.915181,49.999805],[19.915142,49.999791]]]}},{"type":"Feature","id":"w882486119","properties":{"type":"yes","residential":true,"residents_est":1,"h3_10":"8a1e2e692867fff","h3_11":"8b1e2e692862fff"},"geometry":{"type":"Polygon","coordinates":[[[19.915161,49.999829],[19.915229,49.999748],[19.915325,49.999777],[19.915289,49.999821],[19.915323,49.999833],[19.915291,49.999871],[19.915161,49.999829]]]}},{"type":"Feature","id":"w882486121","properties":{"type":"yes","residential":false,"residents_est":0,"h3_10":"8a1e2e692867fff","h3_11":"8b1e2e692862fff"},"geometry":{"type":"Polygon","coordinates":[[[19.915333,49.999821],[19.915382,49.999763],[19.915422,49.999777],[19.915373,49.999836],[19.915333,49.999821]]]}},{"type":"Feature","id":"w882486122","properties":{"type":"yes","residential":true,"residents_est":2,"h3_10":"8a1e2e692867fff","h3_11":"8b1e2e692863fff"},"geometry":{"type":"Polygon","coordinates":[[[19.915352,49.999861],[19.915422,49.999777],[19.915524,49.99981],[19.91548,49.999857],[19.915513,49.99987],[19.915484,49.999903],[19.9154,49.999872],[19.915396,49.999877],[19.915352,49.999861]]]}},{"type":"Feature","id":"w882486124","properties":{"type":"yes","residential":false,"residents_est":0,"h3_10":"8a1e2e692867fff","h3_11":"8b1e2e692863fff"},"geometry":{"type":"Polygon","coordinates":[[[19.915517,49.999867],[19.915572,49.999806],[19.915612,49.99982],[19.915557,49.999882],[19.915517,49.999867]]]}},{"type":"Feature","id":"w882486125","properties":{"type":"yes","residential":true,"residents_est":2,"h3_10":"8a1e2e692867fff","h3_11":"8b1e2e692863fff"},"geometry":{"type":"Polygon","coordinates":[[[19.915533,49.99991],[19.915612,49.99982],[19.915701,49.999851],[19.915661,49.999896],[19.915699,49.999909],[19.915668,49.999943],[19.915636,49.999931],[19.915629,49.999939],[19.915533,49.99991]]]}},{"type":"Feature","id":"w882486126","properties":{"type":"yes","residential":false,"residents_est":0,"h3_10":"8a1e2e692867fff","h3_11":"8b1e2e692863fff"},"geometry":{"type":"Polygon","coordinates":[[[19.915692,49.999918],[19.915743,49.999861],[19.915784,49.999877],[19.915732,49.999933],[19.915692,49.999918]]]}},{"type":"Feature","id":"w882486127","properties":{"type":"yes","residential":true,"residents_est":1,"h3_10":"8a1e2e692867fff","h3_11":"8b1e2e692863fff"},"geometry":{"type":"Polygon","coordinates":[[[19.915712,49.999956],[19.915784,49.999877],[19.915878,49.999907],[19.915842,49.999947],[19.915874,49.99996],[19.915839,49.999998],[19.915712,49.999956]]]}},{"type":"Feature","id":"w882486128","properties":{"type":"yes","residential":true,"residents_est":2,"h3_10":"8a1e2e692867fff","h3_11":"8b1e2e692863fff"},"geometry":{"type":"Polygon","coordinates":[[[19.915854,49.999982],[19.915907,49.999924],[19.916042,49.99997],[19.916017,49.999998],[19.91605,50.000012],[19.916005,50.000061],[19.915871,50.000018],[19.915891,49.999995],[19.915854,49.999982]]]}},{"type":"Feature","id":"w882486129","properties":{"type":"yes","residential":false,"residents_est":0,"h3_10":"8a1e2e692867fff","h3_11":"8b1e2e692861fff"},"geometry":{"type":"Polygon","coordinates":[[[19.91602,50.000046],[19.916071,49.999989],[19.916111,50.000004],[19.91606,50.000061],[19.91602,50.000046]]]}},{"type":"Feature","id":"w882486130","properties":{"type":"yes","residential":true,"residents_est":1,"h3_10":"8a1e2e692867fff","h3_11":"8b1e2e692861fff"},"geometry":{"type":"Polygon","coordinates":[[[19.916042,50.000082],[19.916111,50.000004],[19.916202,50.000033],[19.916164,50.000075],[19.916202,50.000089],[19.916169,50.000125],[19.916042,50.000082]]]}},{"type":"Feature","id":"w882486131","properties":{"type":"yes","residential":true,"residents_est":1,"h3_10":"8a1e2e692867fff","h3_11":"8b1e2e692861fff"},"geometry":{"type":"Polygon","coordinates":[[[19.916157,50.00014],[19.916236,50.000051],[19.916274,50.000065],[19.916202,50.000144],[19.916251,50.000163],[19.916242,50.000172],[19.916157,50.00014]]]}},{"type":"Feature","id":"w882486132","properties":{"type":"yes","residential":false,"residents_est":0,"h3_10":"8a1e2e692867fff","h3_11":"8b1e2e692861fff"},"geometry":{"type":"Polygon","coordinates":[[[19.916331,50.000188],[19.916381,50.000133],[19.916418,50.000147],[19.916368,50.000202],[19.916331,50.000188]]]}},{"type":"Feature","id":"w882486133","properties":{"type":"yes","residential":true,"residents_est":2,"h3_10":"8a1e2e692867fff","h3_11":"8b1e2e692861fff"},"geometry":{"type":"Polygon","coordinates":[[[19.916202,50.000144],[19.916274,50.000065],[19.91637,50.000096],[19.916347,50.000121],[19.91638,50.000134],[19.916331,50.000188],[19.916202,50.000144]]]}},{"type":"Feature","id":"w882486134","properties":{"type":"service","residential":false,"residents_est":0,"h3_10":"8a1e2e69286ffff","h3_11":"8b1e2e69286efff"},"geometry":{"type":"Polygon","coordinates":[[[19.916593,49.999968],[19.916631,49.999929],[19.916691,49.999953],[19.916654,49.999992],[19.916593,49.999968]]]}},{"type":"Feature","id":"w882486135","properties":{"type":"yes","residential":false,"residents_est":0,"h3_10":"8a1e2e692847fff","h3_11":"8b1e2e692844fff"},"geometry":{"type":"Polygon","coordinates":[[[19.915567,49.9993],[19.915608,49.999299],[19.915609,49.999357],[19.915568,49.999358],[19.915567,49.9993]]]}},{"type":"Feature","id":"w993314733","properties":{"type":"house","address":"Karola Homolacsa 36B","residential":true,"residents_est":4,"h3_10":"8a1e2e69288ffff","h3_11":"8b1e2e69288afff"},"geometry":{"type":"Polygon","coordinates":[[[19.909484,49.995796],[19.90949,49.995703],[19.90967,49.995708],[19.909665,49.995778],[19.909554,49.995775],[19.909553,49.995797],[19.909484,49.995796]]]}},{"type":"Feature","id":"w1039516992","properties":{"type":"house","levels":2.0,"address":"Józefa Gałęzowskiego 6","residential":true,"residents_est":4,"h3_10":"8a1e2e6928d7fff","h3_11":"8b1e2e6928d6fff"},"geometry":{"type":"Polygon","coordinates":[[[19.910912,49.995877],[19.910922,49.995803],[19.910946,49.995804],[19.91095,49.99578],[19.91093,49.995779],[19.910931,49.995773],[19.911053,49.99578],[19.911046,49.995827],[19.911071,49.995829],[19.911063,49.995886],[19.910912,49.995877]]]}},{"type":"Feature","id":"w1039517016","properties":{"type":"detached","levels":2.0,"address":"Eugeniusza Eibischa 4","residential":true,"residents_est":3,"h3_10":"8a1e2e6928d7fff","h3_11":"8b1e2e6928d0fff"},"geometry":{"type":"Polygon","coordinates":[[[19.911486,49.995655],[19.911503,49.995541],[19.911609,49.995548],[19.911594,49.995648],[19.911538,49.995645],[19.911536,49.995659],[19.911486,49.995655]]]}},{"type":"Feature","id":"w1118403854","properties":{"type":"yes","address":"Józefa Bellerta 10","residential":true,"residents_est":2,"h3_10":"8a1e2e6928e7fff","h3_11":"8b1e2e6928e4fff"},"geometry":{"type":"Polygon","coordinates":[[[19.912842,49.997983],[19.91292,49.997979],[19.912915,49.997935],[19.912994,49.997931],[19.913007,49.998049],[19.91285,49.998056],[19.912842,49.997983]]]}},{"type":"Feature","id":"w1118440892","properties":{"type":"yes","residential":false,"residents_est":0,"h3_10":"8a1e2e692857fff","h3_11":"8b1e2e692850fff"},"geometry":{"type":"Polygon","coordinates":[[[19.91458,49.9984],[19.914731,49.998372],[19.914745,49.998402],[19.914594,49.998431],[19.91458,49.9984]]]}},{"type":"Feature","id":"w1118440893","properties":{"type":"yes","residential":true,"residents_est":1,"h3_10":"8a1e2e692857fff","h3_11":"8b1e2e692850fff"},"geometry":{"type":"Polygon","coordinates":[[[19.914218,49.998472],[19.914282,49.998471],[19.914283,49.998566],[19.914219,49.998567],[19.914218,49.998472]]]}},{"type":"Feature","id":"w1118440894","properties":{"type":"yes","residential":true,"residents_est":1,"h3_10":"8a1e2e692857fff","h3_11":"8b1e2e692854fff"},"geometry":{"type":"Polygon","coordinates":[[[19.914046,49.998567],[19.914219,49.998567],[19.91422,49.998606],[19.914047,49.998607],[19.914046,49.998567]]]}},{"type":"Feature","id":"w1118440895","properties":{"type":"yes","address":"Izydora Kopernickiego 14","residential":true,"residents_est":1,"h3_10":"8a1e2e69280ffff","h3_11":"8b1e2e692809fff"},"geometry":{"type":"Polygon","coordinates":[[[19.913098,49.998794],[19.913204,49.998789],[19.913218,49.998889],[19.91311,49.998895],[19.913098,49.998794]]]}},{"type":"Feature","id":"w1118440896","properties":{"type":"yes","address":"Izydora Kopernickiego 20","residential":true,"residents_est":1,"h3_10":"8a1e2e69280ffff","h3_11":"8b1e2e692809fff"},"geometry":{"type":"Polygon","coordinates":[[[19.913517,49.998773],[19.913621,49.998766],[19.913634,49.998856],[19.913533,49.998863],[19.913517,49.998773]]]}},{"type":"Feature","id":"w1118440897","properties":{"type":"yes","address":"Izydora Kopernickiego 24","residential":true,"residents_est":1,"h3_10":"8a1e2e692857fff","h3_11":"8b1e2e692854fff"},"geometry":{"type":"Polygon","coordinates":[[[19.913831,49.998745],[19.913937,49.99874],[19.913949,49.998841],[19.913848,49.998846],[19.913831,49.998745]]]}},{"type":"Feature","id":"w1118440898","properties":{"type":"house","residential":true,"residents_est":2,"h3_10":"8a1e2e692857fff","h3_11":"8b1e2e692854fff"},"geometry":{"type":"Polygon","coordinates":[[[19.913674,49.998765],[19.913732,49.998761],[19.913746,49.998862],[19.913688,49.998866],[19.913674,49.998765]]]}},{"type":"Feature","id":"w1118440899","properties":{"type":"yes","residential":true,"residents_est":1,"h3_10":"8a1e2e69280ffff","h3_11":"8b1e2e692809fff"},"geometry":{"type":"Polygon","coordinates":[[[19.91336,49.998784],[19.913416,49.998781],[19.913429,49.998879],[19.913374,49.998882],[19.91336,49.998784]]]}},{"type":"Feature","id":"w1118440900","properties":{"type":"yes","residential":true,"residents_est":1,"h3_10":"8a1e2e69280ffff","h3_11":"8b1e2e692809fff"},"geometry":{"type":"Polygon","coordinates":[[[19.913303,49.998782],[19.91336,49.998778],[19.913372,49.998872],[19.913314,49.998874],[19.913303,49.998782]]]}},{"type":"Feature","id":"w1118440901","properties":{"type":"yes","residential":true,"residents_est":1,"h3_10":"8a1e2e69280ffff","h3_11":"8b1e2e692809fff"},"geometry":{"type":"Polygon","coordinates":[[[19.912984,49.998792],[19.913043,49.998788],[19.913059,49.998888],[19.913,49.998892],[19.912984,49.998792]]]}},{"type":"Feature","id":"w1118440902","properties":{"type":"yes","residential":true,"residents_est":1,"h3_10":"8a1e2e69280ffff","h3_11":"8b1e2e692808fff"},"geometry":{"type":"Polygon","coordinates":[[[19.912729,49.998815],[19.912782,49.998812],[19.912794,49.998913],[19.912742,49.998916],[19.912729,49.998815]]]}},{"type":"Feature","id":"w1118440903","properties":{"type":"house","levels":2.0,"address":"Izydora Kopernickiego 22","residential":true,"residents_est":3,"h3_10":"8a1e2e692857fff","h3_11":"8b1e2e692854fff"},"geometry":{"type":"Polygon","coordinates":[[[19.913732,49.998761],[19.913833,49.998756],[19.913849,49.998857],[19.913746,49.998862],[19.913732,49.998761]]]}},{"type":"Feature","id":"w1118440904","properties":{"type":"outbuilding","levels":1.0,"residential":false,"residents_est":0,"h3_10":"8a1e2e692857fff","h3_11":"8b1e2e692854fff"},"geometry":{"type":"Polygon","coordinates":[[[19.91362,49.998759],[19.913672,49.998756],[19.913687,49.998854],[19.913634,49.998856],[19.91362,49.998759]]]}},{"type":"Feature","id":"w1118440905","properties":{"type":"house","levels":2.0,"address":"Izydora Kopernickiego 16","residential":true,"residents_est":2,"h3_10":"8a1e2e69280ffff","h3_11":"8b1e2e692809fff"},"geometry":{"type":"Polygon","coordinates":[[[19.913203,49.99878],[19.913301,49.998775],[19.913314,49.998874],[19.913217,49.99888],[19.913203,49.99878]]]}},{"type":"Feature","id":"w1118440906","properties":{"type":"house","levels":2.0,"address":"Izydora Kopernickiego 12","residential":true,"residents_est":3,"h3_10":"8a1e2e69280ffff","h3_11":"8b1e2e692808fff"},"geometry":{"type":"Polygon","coordinates":[[[19.912883,49.998797],[19.912984,49.998792],[19.913,49.998892],[19.9129,49.998897],[19.912883,49.998797]]]}},{"type":"Feature","id":"w1118440907","properties":{"type":"house","levels":2.0,"address":"Izydora Kopernickiego 10","residential":true,"residents_est":3,"h3_10":"8a1e2e69280ffff","h3_11":"8b1e2e692808fff"},"geometry":{"type":"Polygon","coordinates":[[[19.912782,49.998812],[19.912884,49.998806],[19.912902,49.998908],[19.912794,49.998913],[19.912782,49.998812]]]}},{"type":"Feature","id":"w1118440908","properties":{"type":"yes","address":"Zagaje 16","residential":true,"residents_est":1,"h3_10":"8a1e2e69280ffff","h3_11":"8b1e2e692808fff"},"geometry":{"type":"Polygon","coordinates":[[[19.912383,49.998513],[19.91254,49.998506],[19.912545,49.998546],[19.912387,49.998553],[19.912383,49.998513]]]}},{"type":"Feature","id":"w1118440909","properties":{"type":"yes","address":"Izydora Kopernickiego 2","residential":true,"residents_est":1,"h3_10":"8a1e2e69280ffff","h3_11":"8b1e2e692808fff"},"geometry":{"type":"Polygon","coordinates":[[[19.912387,49.998553],[19.912548,49.998546],[19.912555,49.99861],[19.9124,49.998617],[19.912387,49.998553]]]}},{"type":"Feature","id":"w1118440910","properties":{"type":"yes","address":"Izydora Kopernickiego 4","residential":true,"residents_est":1,"h3_10":"8a1e2e69280ffff","h3_11":"8b1e2e692808fff"},"geometry":{"type":"Polygon","coordinates":[[[19.912416,49.998616],[19.91257,49.998609],[19.912577,49.998675],[19.912423,49.998682],[19.912416,49.998616]]]}},{"type":"Feature","id":"w1118440911","properties":{"type":"yes","residential":true,"residents_est":1,"h3_10":"8a1e2e69280ffff","h3_11":"8b1e2e692808fff"},"geometry":{"type":"Polygon","coordinates":[[[19.912423,49.998682],[19.912595,49.998675],[19.912598,49.998706],[19.912427,49.998715],[19.912423,49.998682]]]}},{"type":"Feature","id":"w1118440912","properties":{"type":"yes","residential":true,"residents_est":1,"h3_10":"8a1e2e69280ffff","h3_11":"8b1e2e692808fff"},"geometry":{"type":"Polygon","coordinates":[[[19.912412,49.998716],[19.912576,49.998708],[19.912581,49.998748],[19.912412,49.998756],[19.912412,49.998716]]]}},{"type":"Feature","id":"w1118440913","properties":{"type":"yes","address":"Izydora Kopernickiego 6","residential":true,"residents_est":1,"h3_10":"8a1e2e69280ffff","h3_11":"8b1e2e692808fff"},"geometry":{"type":"Polygon","coordinates":[[[19.912412,49.998756],[19.912564,49.998749],[19.912575,49.998812],[19.912416,49.998824],[19.912412,49.998756]]]}},{"type":"Feature","id":"w1118440914","properties":{"type":"yes","residential":false,"residents_est":0,"h3_10":"8a1e2e69280ffff","h3_11":"8b1e2e692808fff"},"geometry":{"type":"Polygon","coordinates":[[[19.912442,49.998887],[19.912598,49.99888],[19.912602,49.998912],[19.912446,49.998919],[19.912442,49.998887]]]}},{"type":"Feature","id":"w1167314032","properties":{"type":"detached","address":"Karola Homolacsa 38","residential":true,"residents_est":4,"h3_10":"8a1e2e69289ffff","h3_11":"8b1e2e692899fff"},"geometry":{"type":"Polygon","coordinates":[[[19.909385,49.995519],[19.9094,49.995398],[19.909531,49.995404],[19.909516,49.995525],[19.909385,49.995519]]]}},{"type":"Feature","id":"w1167314033","properties":{"type":"detached","address":"Karola Homolacsa 39","residential":true,"residents_est":4,"h3_10":"8a1e2e69289ffff","h3_11":"8b1e2e69289afff"},"geometry":{"type":"Polygon","coordinates":[[[19.908314,49.995113],[19.908331,49.995013],[19.908494,49.995024],[19.908478,49.995124],[19.908314,49.995113]]]}},{"type":"Feature","id":"w1167314034","properties":{"type":"house","address":"Karola Homolacsa 34J","residential":true,"residents_est":5,"h3_10":"8a1e2e692887fff","h3_11":"8b1e2e692883fff"},"geometry":{"type":"Polygon","coordinates":[[[19.908858,49.996116],[19.908872,49.996017],[19.909075,49.996029],[19.909061,49.996128],[19.908858,49.996116]]]}},{"type":"Feature","id":"w1167314039","properties":{"type":"yes","residential":true,"residents_est":2,"h3_10":"8a1e2e692847fff","h3_11":"8b1e2e692840fff"},"geometry":{"type":"Polygon","coordinates":[[[19.91577,49.999268],[19.915912,49.999267],[19.915913,49.999399],[19.915771,49.999399],[19.91577,49.999268]]]}},{"type":"Feature","id":"w1264332598","properties":{"type":"service","residential":false,"residents_est":0,"h3_10":"8a1e2e6928affff","h3_11":"8b1e2e6928acfff"},"geometry":{"type":"Polygon","coordinates":[[[19.909519,49.997591],[19.909589,49.99759],[19.909591,49.997636],[19.90952,49.997637],[19.909519,49.997591]]]}},{"type":"Feature","id":"w1416842618","properties":{"type":"house","address":"Józefa Gałęzowskiego 8","residential":true,"residents_est":4,"h3_10":"8a1e2e6928d7fff","h3_11":"8b1e2e6928d6fff"},"geometry":{"type":"Polygon","coordinates":[[[19.910931,49.995773],[19.91094,49.995704],[19.910954,49.995705],[19.910959,49.995673],[19.911071,49.99568],[19.911067,49.99571],[19.911082,49.995711],[19.91108,49.995728],[19.911104,49.995729],[19.911097,49.995783],[19.910931,49.995773]]]}},{"type":"Feature","id":"w1416943735","properties":{"type":"house","address":"Karola Homolacsa 54E","residential":true,"residents_est":3,"h3_10":"8a1e2e692887fff","h3_11":"8b1e2e692882fff"},"geometry":{"type":"Polygon","coordinates":[[[19.908025,49.996048],[19.908181,49.996048],[19.908181,49.996131],[19.908025,49.996131],[19.908025,49.996048]]]}},{"type":"Feature","id":"w1416943736","properties":{"type":"house","address":"Karola Homolacsa 54F","residential":true,"residents_est":3,"h3_10":"8a1e2e692887fff","h3_11":"8b1e2e692882fff"},"geometry":{"type":"Polygon","coordinates":[[[19.908025,49.996131],[19.908181,49.996131],[19.908181,49.996193],[19.908025,49.996193],[19.908025,49.996131]]]}},{"type":"Feature","id":"w1416948938","properties":{"type":"house","address":"Piusa Welońskiego 2","residential":true,"residents_est":4,"h3_10":"8a1e2e6928d7fff","h3_11":"8b1e2e6928d4fff"},"geometry":{"type":"Polygon","coordinates":[[[19.911389,49.996015],[19.911408,49.995896],[19.911558,49.995905],[19.911539,49.996025],[19.911389,49.996015]]]}},{"type":"Feature","id":"w1416948939","properties":{"type":"house","address":"Piusa Welońskiego 4","residential":true,"residents_est":5,"h3_10":"8a1e2e6928d7fff","h3_11":"8b1e2e6928d4fff"},"geometry":{"type":"Polygon","coordinates":[[[19.911539,49.996025],[19.911558,49.995905],[19.911716,49.995916],[19.911697,49.996035],[19.911539,49.996025]]]}},{"type":"Feature","id":"w1416948940","properties":{"type":"house","residential":true,"residents_est":5,"h3_10":"8a1e2e6928d7fff","h3_11":"8b1e2e6928d0fff"},"geometry":{"type":"Polygon","coordinates":[[[19.911697,49.996035],[19.911716,49.995916],[19.911873,49.995926],[19.911854,49.996045],[19.911697,49.996035]]]}},{"type":"Feature","id":"w1416948941","properties":{"type":"house","address":"Piusa Welońskiego 8","residential":true,"residents_est":5,"h3_10":"8a1e2e6928d7fff","h3_11":"8b1e2e6928d5fff"},"geometry":{"type":"Polygon","coordinates":[[[19.911854,49.996045],[19.911873,49.995926],[19.912031,49.995936],[19.912012,49.996056],[19.911854,49.996045]]]}},{"type":"Feature","id":"w1416948942","properties":{"type":"house","address":"Piusa Welońskiego 10","residential":true,"residents_est":5,"h3_10":"8a1e2e6928d7fff","h3_11":"8b1e2e6928d5fff"},"geometry":{"type":"Polygon","coordinates":[[[19.912012,49.996056],[19.912031,49.995936],[19.912189,49.995947],[19.91217,49.996066],[19.912012,49.996056]]]}},{"type":"Feature","id":"w1416948943","properties":{"type":"house","address":"Piusa Welońskiego 12","residential":true,"residents_est":5,"h3_10":"8a1e2e6928d7fff","h3_11":"8b1e2e6928d5fff"},"geometry":{"type":"Polygon","coordinates":[[[19.91217,49.996066],[19.912189,49.995947],[19.912347,49.995957],[19.912328,49.996076],[19.91217,49.996066]]]}},{"type":"Feature","id":"w1416948944","properties":{"type":"house","address":"Piusa Welońskiego 14","residential":true,"residents_est":5,"h3_10":"8a1e2e6928d7fff","h3_11":"8b1e2e6928d5fff"},"geometry":{"type":"Polygon","coordinates":[[[19.912328,49.996076],[19.912347,49.995957],[19.912505,49.995967],[19.912486,49.996087],[19.912328,49.996076]]]}},{"type":"Feature","id":"w1416948945","properties":{"type":"house","address":"Piusa Welońskiego 16","residential":true,"residents_est":5,"h3_10":"8a1e2e6928c7fff","h3_11":"8b1e2e6928c2fff"},"geometry":{"type":"Polygon","coordinates":[[[19.912486,49.996087],[19.912505,49.995967],[19.912662,49.995977],[19.912643,49.996097],[19.912486,49.996087]]]}},{"type":"Feature","id":"w1416948946","properties":{"type":"house","address":"Piusa Welońskiego 18","residential":true,"residents_est":5,"h3_10":"8a1e2e6928c7fff","h3_11":"8b1e2e6928c2fff"},"geometry":{"type":"Polygon","coordinates":[[[19.912643,49.996097],[19.912662,49.995977],[19.912822,49.995988],[19.912803,49.996107],[19.912643,49.996097]]]}},{"type":"Feature","id":"w1416948947","properties":{"type":"house","address":"Piusa Welońskiego 20","residential":true,"residents_est":5,"h3_10":"8a1e2e6928c7fff","h3_11":"8b1e2e6928c2fff"},"geometry":{"type":"Polygon","coordinates":[[[19.912803,49.996107],[19.912822,49.995988],[19.912982,49.995998],[19.912963,49.996118],[19.912803,49.996107]]]}},{"type":"Feature","id":"w1416959723","properties":{"type":"house","address":"Eugeniusza Eibischa 8","residential":true,"residents_est":4,"h3_10":"8a1e2e6928d7fff","h3_11":"8b1e2e6928d0fff"},"geometry":{"type":"Polygon","coordinates":[[[19.911809,49.995642],[19.911825,49.995526],[19.91197,49.995534],[19.911959,49.995609],[19.91192,49.995607],[19.911915,49.995648],[19.911809,49.995642]]]}},{"type":"Feature","id":"w1416959724","properties":{"type":"house","address":"Eugeniusza Eibischa 12","residential":true,"residents_est":4,"h3_10":"8a1e2e6928d7fff","h3_11":"8b1e2e6928d1fff"},"geometry":{"type":"Polygon","coordinates":[[[19.912117,49.99571],[19.912134,49.99559],[19.91229,49.995599],[19.91228,49.99567],[19.912243,49.995668],[19.912236,49.995717],[19.912117,49.99571]]]}},{"type":"Feature","id":"w1416959725","properties":{"type":"house","address":"Eugeniusza Eibischa 14","residential":true,"residents_est":5,"h3_10":"8a1e2e6928d7fff","h3_11":"8b1e2e6928d1fff"},"geometry":{"type":"Polygon","coordinates":[[[19.912282,49.995657],[19.912297,49.995548],[19.912455,49.995557],[19.912439,49.995676],[19.912349,49.995671],[19.91235,49.995661],[19.912282,49.995657]]]}},{"type":"Feature","id":"w1416959726","properties":{"type":"house","address":"Eugeniusza Eibischa 16","residential":true,"residents_est":5,"h3_10":"8a1e2e6928d7fff","h3_11":"8b1e2e6928d1fff"},"geometry":{"type":"Polygon","coordinates":[[[19.912439,49.995676],[19.912455,49.995557],[19.912616,49.995566],[19.9126,49.995686],[19.912439,49.995676]]]}},{"type":"Feature","id":"w1416959727","properties":{"type":"house","address":"Eugeniusza Eibischa 18","residential":true,"residents_est":5,"h3_10":"8a1e2e6928d7fff","h3_11":"8b1e2e6928d1fff"},"geometry":{"type":"Polygon","coordinates":[[[19.912593,49.995737],[19.912609,49.99562],[19.912768,49.995628],[19.91275,49.995746],[19.912593,49.995737]]]}},{"type":"Feature","id":"w1416959728","properties":{"type":"house","address":"Eugeniusza Eibischa 20","residential":true,"residents_est":5,"h3_10":"8a1e2e6928d7fff","h3_11":"8b1e2e6928d1fff"},"geometry":{"type":"Polygon","coordinates":[[[19.912749,49.995752],[19.912767,49.995634],[19.912926,49.995643],[19.912912,49.995761],[19.912749,49.995752]]]}},{"type":"Feature","id":"w1416959729","properties":{"type":"house","address":"Eugeniusza Eibischa 28","residential":true,"residents_est":5,"h3_10":"8a1e2e6928dffff","h3_11":"8b1e2e6928dcfff"},"geometry":{"type":"Polygon","coordinates":[[[19.913213,49.995942],[19.913242,49.995842],[19.913424,49.995861],[19.913399,49.995962],[19.913213,49.995942]]]}},{"type":"Feature","id":"w1416959730","properties":{"type":"house","address":"Eugeniusza Eibischa 30","residential":true,"residents_est":5,"h3_10":"8a1e2e6928c7fff","h3_11":"8b1e2e6928c3fff"},"geometry":{"type":"Polygon","coordinates":[[[19.913218,49.996046],[19.913243,49.995946],[19.913429,49.995965],[19.913404,49.996065],[19.913218,49.996046]]]}},{"type":"Feature","id":"w1416959731","properties":{"type":"house","address":"Eugeniusza Eibischa 32","residential":true,"residents_est":5,"h3_10":"8a1e2e6928c7fff","h3_11":"8b1e2e6928c3fff"},"geometry":{"type":"Polygon","coordinates":[[[19.913193,49.996145],[19.913218,49.996046],[19.913404,49.996065],[19.913379,49.996166],[19.913193,49.996145]]]}},{"type":"Feature","id":"w1416959732","properties":{"type":"house","address":"Eugeniusza Eibischa 34","residential":true,"residents_est":4,"h3_10":"8a1e2e6928c7fff","h3_11":"8b1e2e6928c3fff"},"geometry":{"type":"Polygon","coordinates":[[[19.913191,49.996153],[19.913193,49.996145],[19.913397,49.996168],[19.913373,49.996257],[19.913198,49.996237],[19.913213,49.996183],[19.913193,49.996181],[19.913201,49.996154],[19.913191,49.996153]]]}},{"type":"Feature","id":"w1416991390","properties":{"type":"yes","residential":false,"residents_est":0,"h3_10":"8a1e2e6928cffff","h3_11":"8b1e2e6928cafff"},"geometry":{"type":"Polygon","coordinates":[[[19.914787,49.995642],[19.914856,49.99564],[19.914859,49.995686],[19.91479,49.995688],[19.914787,49.995642]]]}},{"type":"Feature","id":"w1489133869","properties":{"type":"commercial","address":"Zbigniewa i Andrzeja Pronaszków 2","name":"GregWET","residential":false,"residents_est":0,"h3_10":"8a1e2e6928cffff","h3_11":"8b1e2e6928cefff"},"geometry":{"type":"Polygon","coordinates":[[[19.914034,49.996264],[19.914045,49.996175],[19.914177,49.99614],[19.91416,49.996271],[19.914034,49.996264]]]}},{"type":"Feature","id":"w1501433865","properties":{"type":"yes","residential":false,"residents_est":0,"h3_10":"8a1e2e69280ffff","h3_11":"8b1e2e69280dfff"},"geometry":{"type":"Polygon","coordinates":[[[19.912819,49.999078],[19.912868,49.999059],[19.912899,49.999092],[19.91285,49.999111],[19.912819,49.999078]]]}},{"type":"Feature","id":"w1501433866","properties":{"type":"yes","residential":false,"residents_est":0,"h3_10":"8a1e2e692827fff","h3_11":"8b1e2e692821fff"},"geometry":{"type":"Polygon","coordinates":[[[19.911107,50.000348],[19.911174,50.000335],[19.911191,50.000369],[19.911123,50.000382],[19.911107,50.000348]]]}},{"type":"Feature","id":"w1561953552","properties":{"type":"garage","residential":false,"residents_est":0,"h3_10":"8a1e2e69291ffff","h3_11":"8b1e2e69291cfff"},"geometry":{"type":"Polygon","coordinates":[[[19.90844,50.001056],[19.908496,50.00103],[19.908542,50.001073],[19.908488,50.001098],[19.90844,50.001056]]]}}]}