{"type":"FeatureCollection","features":[{"type":"Feature","id":"w29260038","properties":{"type":"church","address":"Janusza Meissnera 20","name":"Kościół pw. Matki Bożej Ostrobramskiej","residential":false,"residents_est":0,"h3_10":"8a1e2e684927fff","h3_11":"8b1e2e684920fff"},"geometry":{"type":"Polygon","coordinates":[[[19.97847,50.074788],[19.978473,50.074741],[19.978516,50.074742],[19.978519,50.074689],[19.978536,50.07468],[19.978562,50.074628],[19.978558,50.07462],[19.978657,50.074634],[19.978667,50.074631],[19.978718,50.074583],[19.978717,50.074576],[19.978728,50.074575],[19.978729,50.074581],[19.978806,50.074604],[19.978843,50.074589],[19.978942,50.074593],[19.978977,50.074609],[19.979062,50.074592],[19.979064,50.074587],[19.979075,50.07459],[19.979072,50.074597],[19.979112,50.074646],[19.979209,50.07465],[19.97922,50.074642],[19.979229,50.074647],[19.979219,50.074654],[19.979235,50.07471],[19.979246,50.074719],[19.979235,50.074779],[19.979142,50.074776],[19.979038,50.074835],[19.979057,50.074848],[19.979049,50.074852],[19.979052,50.074871],[19.97911,50.074908],[19.979104,50.074961],[19.979041,50.074999],[19.978949,50.074992],[19.978903,50.075018],[19.978913,50.075028],[19.978906,50.075031],[19.978895,50.07502],[19.97881,50.075018],[19.978796,50.075026],[19.97879,50.075021],[19.978801,50.075015],[19.97875,50.074978],[19.97876,50.074972],[19.978603,50.074854],[19.978566,50.074853],[19.978568,50.074836],[19.97854,50.074835],[19.978541,50.074818],[19.97852,50.074817],[19.978521,50.074794],[19.978513,50.074789],[19.97847,50.074788]]]}},{"type":"Feature","id":"w79736776","properties":{"type":"school","levels":0.0,"address":"Łąkowa 31","residential":false,"residents_est":0,"h3_10":"8a1e2e684947fff","h3_11":"8b1e2e684940fff"},"geometry":{"type":"Polygon","coordinates":[[[19.983486,50.073876],[19.984505,50.073818],[19.984497,50.073766],[19.984603,50.07376],[19.98461,50.073812],[19.984758,50.073803],[19.984774,50.073923],[19.984626,50.073932],[19.98464,50.074036],[19.984808,50.074027],[19.984824,50.074144],[19.984459,50.074165],[19.984443,50.074047],[19.984529,50.074042],[19.984515,50.073938],[19.98364,50.073988],[19.983646,50.074036],[19.983758,50.074029],[19.983781,50.074195],[19.98355,50.074208],[19.983528,50.074042],[19.983564,50.07404],[19.98356,50.074011],[19.983505,50.074014],[19.983486,50.073876]]]}},{"type":"Feature","id":"w82515614","properties":{"type":"yes","residential":true,"residents_est":16,"h3_10":"8a1e2e68489ffff","h3_11":"8b1e2e68489cfff"},"geometry":{"type":"Polygon","coordinates":[[[19.978824,50.067966],[19.97894,50.067833],[19.979064,50.067877],[19.979026,50.067922],[19.979049,50.06793],[19.979028,50.067954],[19.979536,50.068135],[19.979595,50.068067],[19.97972,50.068112],[19.979642,50.068202],[19.979661,50.06821],[19.979615,50.068265],[19.979468,50.068215],[19.979479,50.068201],[19.978824,50.067966]]]}},{"type":"Feature","id":"w82515617","properties":{"type":"yes","residential":true,"residents_est":23,"h3_10":"8a1e2e68489ffff","h3_11":"8b1e2e684898fff"},"geometry":{"type":"Polygon","coordinates":[[[19.979061,50.067692],[19.979248,50.067476],[19.980027,50.067755],[19.979841,50.067971],[19.979714,50.067926],[19.97983,50.067791],[19.979615,50.067714],[19.97956,50.067777],[19.979464,50.067743],[19.979519,50.06768],[19.979304,50.067603],[19.979187,50.067738],[19.979061,50.067692]]]}},{"type":"Feature","id":"w82515631","properties":{"type":"yes","residential":true,"residents_est":28,"h3_10":"8a1e2e68488ffff","h3_11":"8b1e2e68488efff"},"geometry":{"type":"Polygon","coordinates":[[[19.979864,50.068312],[19.979954,50.068207],[19.981142,50.068633],[19.981052,50.068737],[19.979864,50.068312]]]}},{"type":"Feature","id":"w82515633","properties":{"type":"yes","address":"Mogilska 109","residential":true,"residents_est":18,"h3_10":"8a1e2e684897fff","h3_11":"8b1e2e684893fff"},"geometry":{"type":"Polygon","coordinates":[[[19.9778,50.0676],[19.977955,50.067419],[19.978053,50.067454],[19.977957,50.067567],[19.97821,50.067657],[19.978246,50.067616],[19.978326,50.067645],[19.97829,50.067686],[19.978541,50.067776],[19.978638,50.067664],[19.978736,50.067699],[19.978581,50.067878],[19.9778,50.0676]]]}},{"type":"Feature","id":"w82515634","properties":{"type":"yes","residential":true,"residents_est":20,"h3_10":"8a1e2e68488ffff","h3_11":"8b1e2e684888fff"},"geometry":{"type":"Polygon","coordinates":[[[19.980906,50.068427],[19.981155,50.068139],[19.981466,50.06825],[19.981214,50.068538],[19.980906,50.068427]]]}},{"type":"Feature","id":"w82515637","properties":{"type":"yes","residential":true,"residents_est":20,"h3_10":"8a1e2e68488ffff","h3_11":"8b1e2e68488afff"},"geometry":{"type":"Polygon","coordinates":[[[19.980321,50.068216],[19.980569,50.067929],[19.980877,50.06804],[19.980631,50.068327],[19.980321,50.068216]]]}},{"type":"Feature","id":"w82515639","properties":{"type":"yes","residential":true,"residents_est":1,"h3_10":"8a1e2e68489ffff","h3_11":"8b1e2e68489efff"},"geometry":{"type":"Polygon","coordinates":[[[19.978664,50.067783],[19.978736,50.067699],[19.978816,50.067728],[19.978743,50.067812],[19.978664,50.067783]]]}},{"type":"Feature","id":"w82515648","properties":{"type":"yes","residential":true,"residents_est":8,"h3_10":"8a1e2e68489ffff","h3_11":"8b1e2e68489dfff"},"geometry":{"type":"Polygon","coordinates":[[[19.980038,50.068114],[19.980275,50.067842],[19.980411,50.067891],[19.980175,50.068163],[19.980038,50.068114]]]}},{"type":"Feature","id":"w83521414","properties":{"type":"commercial","levels":3.0,"address":"Mogilska 118","name":"Mexol","residential":false,"residents_est":0,"h3_10":"8a1e2e684897fff","h3_11":"8b1e2e684894fff"},"geometry":{"type":"Polygon","coordinates":[[[19.977433,50.068284],[19.977516,50.068186],[19.977652,50.068234],[19.977646,50.068241],[19.977832,50.068307],[19.97774,50.068412],[19.977467,50.068315],[19.977442,50.068302],[19.977433,50.068284]]]}},{"type":"Feature","id":"w83521424","properties":{"type":"retail","levels":2.0,"address":"Ułanów 1","residential":false,"residents_est":0,"h3_10":"8a1e2e68495ffff","h3_11":"8b1e2e68495dfff"},"geometry":{"type":"Polygon","coordinates":[[[19.984773,50.073288],[19.985032,50.073114],[19.985436,50.073363],[19.985177,50.073536],[19.984773,50.073288]]]}},{"type":"Feature","id":"w83521430","properties":{"type":"retail","levels":1.0,"address":"Mogilska 120","name":"Rossmann","residential":false,"residents_est":0,"h3_10":"8a1e2e684897fff","h3_11":"8b1e2e684890fff"},"geometry":{"type":"Polygon","coordinates":[[[19.977572,50.068124],[19.977622,50.068067],[19.977677,50.068045],[19.977718,50.068038],[19.97776,50.068036],[19.977827,50.068045],[19.977961,50.068093],[19.977847,50.068224],[19.977845,50.068219],[19.977572,50.068124]]]}},{"type":"Feature","id":"w83521443","properties":{"type":"apartments","levels":8.0,"address":"Mogilska 134","residential":true,"residents_est":189,"h3_10":"8a1e2e68481ffff","h3_11":"8b1e2e68481efff"},"geometry":{"type":"Polygon","coordinates":[[[19.980685,50.069967],[19.980886,50.069895],[19.982022,50.070757],[19.981819,50.070868],[19.981761,50.070824],[19.981792,50.070807],[19.981456,50.070552],[19.981402,50.07058],[19.981299,50.0705],[19.981351,50.070472],[19.981331,50.070459],[19.981307,50.070453],[19.981303,50.070436],[19.981277,50.070431],[19.981274,50.070415],[19.981248,50.07041],[19.981244,50.070392],[19.981218,50.070387],[19.981213,50.07037],[19.981189,50.070365],[19.981185,50.070348],[19.981161,50.070342],[19.981156,50.070325],[19.981131,50.070321],[19.981124,50.0703],[19.980933,50.070152],[19.980893,50.070175],[19.980871,50.070157],[19.980839,50.070148],[19.980834,50.070129],[19.980776,50.070085],[19.980813,50.070065],[19.980685,50.069967]]]}},{"type":"Feature","id":"w109170762","properties":{"type":"yes","address":"Klemensa Janickiego 4","residential":true,"residents_est":1,"h3_10":"8a1e2e68490ffff","h3_11":"8b1e2e68490cfff"},"geometry":{"type":"Polygon","coordinates":[[[19.980912,50.073738],[19.980919,50.073665],[19.981045,50.07367],[19.981038,50.073742],[19.980912,50.073738]]]}},{"type":"Feature","id":"w109170765","properties":{"type":"apartments","address":"Janusza Meissnera 35","residential":true,"residents_est":19,"h3_10":"8a1e2e68482ffff","h3_11":"8b1e2e684828fff"},"geometry":{"type":"Polygon","coordinates":[[[19.983095,50.072136],[19.983355,50.071994],[19.983481,50.07209],[19.98322,50.072231],[19.983181,50.072202],[19.983166,50.07221],[19.983118,50.072173],[19.983132,50.072165],[19.983095,50.072136]]]}},{"type":"Feature","id":"w109170766","properties":{"type":"house","address":"Łąkowa 17","residential":true,"residents_est":3,"h3_10":"8a1e2e684957fff","h3_11":"8b1e2e684950fff"},"geometry":{"type":"Polygon","coordinates":[[[19.982521,50.073074],[19.982533,50.072946],[19.98256,50.072947],[19.982577,50.072938],[19.982592,50.072948],[19.982677,50.072953],[19.982672,50.073027],[19.982686,50.073039],[19.98267,50.073047],[19.982666,50.073081],[19.982521,50.073074]]]}},{"type":"Feature","id":"w109170770","properties":{"type":"yes","address":"Łąkowa 25","residential":true,"residents_est":1,"h3_10":"8a1e2e684957fff","h3_11":"8b1e2e684951fff"},"geometry":{"type":"Polygon","coordinates":[[[19.983388,50.073097],[19.983402,50.072986],[19.983484,50.072991],[19.983479,50.073032],[19.983501,50.073034],[19.983497,50.073062],[19.983513,50.073063],[19.983508,50.073104],[19.983388,50.073097]]]}},{"type":"Feature","id":"w109170771","properties":{"type":"apartments","levels":5.0,"address":"Pawła Włodkowica 2","residential":true,"residents_est":51,"h3_10":"8a1e2e68492ffff","h3_11":"8b1e2e684928fff"},"geometry":{"type":"Polygon","coordinates":[[[19.980526,50.074762],[19.980717,50.074715],[19.980713,50.074706],[19.981468,50.074519],[19.981534,50.074628],[19.980781,50.074814],[19.980786,50.074822],[19.980591,50.074871],[19.980526,50.074762]]]}},{"type":"Feature","id":"w109170775","properties":{"type":"apartments","levels":5.0,"address":"Pawła Włodkowica 4","residential":true,"residents_est":41,"h3_10":"8a1e2e684977fff","h3_11":"8b1e2e684974fff"},"geometry":{"type":"Polygon","coordinates":[[[19.981755,50.074442],[19.982564,50.074404],[19.982576,50.074522],[19.981768,50.074559],[19.981755,50.074442]]]}},{"type":"Feature","id":"w109170778","properties":{"type":"yes","address":"Janusza Meissnera 17","residential":true,"residents_est":1,"h3_10":"8a1e2e68490ffff","h3_11":"8b1e2e68490cfff"},"geometry":{"type":"Polygon","coordinates":[[[19.980757,50.073732],[19.980763,50.073659],[19.980919,50.073665],[19.980912,50.073738],[19.980757,50.073732]]]}},{"type":"Feature","id":"w109170779","properties":{"type":"yes","address":"Klemensa Janickiego 6","residential":true,"residents_est":26,"h3_10":"8a1e2e68490ffff","h3_11":"8b1e2e684909fff"},"geometry":{"type":"Polygon","coordinates":[[[19.981186,50.073657],[19.981199,50.073541],[19.982474,50.073602],[19.982461,50.073718],[19.981186,50.073657]]]}},{"type":"Feature","id":"w109170782","properties":{"type":"house","address":"Łąkowa 19","residential":true,"residents_est":2,"h3_10":"8a1e2e684957fff","h3_11":"8b1e2e684950fff"},"geometry":{"type":"Polygon","coordinates":[[[19.982874,50.073035],[19.982881,50.072993],[19.982915,50.072995],[19.982921,50.072959],[19.983033,50.072966],[19.983016,50.073079],[19.982903,50.073072],[19.982908,50.073038],[19.982874,50.073035]]]}},{"type":"Feature","id":"w109170784","properties":{"type":"yes","residential":true,"residents_est":1,"h3_10":"8a1e2e684957fff","h3_11":"8b1e2e684956fff"},"geometry":{"type":"Polygon","coordinates":[[[19.982329,50.073139],[19.982334,50.073093],[19.98249,50.0731],[19.982485,50.073146],[19.982329,50.073139]]]}},{"type":"Feature","id":"w109170786","properties":{"type":"yes","address":"Łąkowa 27","residential":true,"residents_est":9,"h3_10":"8a1e2e684947fff","h3_11":"8b1e2e684942fff"},"geometry":{"type":"Polygon","coordinates":[[[19.983635,50.073329],[19.983771,50.073237],[19.983838,50.073278],[19.983827,50.073285],[19.983924,50.073344],[19.983935,50.073337],[19.984106,50.073441],[19.983989,50.073521],[19.983983,50.073518],[19.983987,50.073514],[19.983723,50.073354],[19.9837,50.073369],[19.983635,50.073329]]]}},{"type":"Feature","id":"w109170789","properties":{"type":"detached","levels":2.0,"address":"Łąkowa 12","residential":true,"residents_est":4,"h3_10":"8a1e2e684957fff","h3_11":"8b1e2e684953fff"},"geometry":{"type":"Polygon","coordinates":[[[19.98323,50.072816],[19.983241,50.07272],[19.98348,50.072732],[19.983467,50.07283],[19.983342,50.072822],[19.98334,50.072834],[19.983297,50.072832],[19.983298,50.07282],[19.98323,50.072816]]]}},{"type":"Feature","id":"w109170790","properties":{"type":"garages","levels":1.0,"residential":false,"residents_est":0,"h3_10":"8a1e2e684957fff","h3_11":"8b1e2e684952fff"},"geometry":{"type":"Polygon","coordinates":[[[19.982177,50.072762],[19.982185,50.072699],[19.982272,50.072704],[19.982278,50.072652],[19.982698,50.072671],[19.982687,50.072788],[19.982177,50.072762]]]}},{"type":"Feature","id":"w109170791","properties":{"type":"retail","levels":1.0,"address":"Klemensa Janickiego 3","name":"Marek Blecharz","residential":false,"residents_est":0,"h3_10":"8a1e2e684977fff","h3_11":"8b1e2e684970fff"},"geometry":{"type":"Polygon","coordinates":[[[19.982341,50.074257],[19.982346,50.074144],[19.982519,50.074147],[19.982516,50.074201],[19.982531,50.074201],[19.982528,50.07426],[19.982341,50.074257]]]}},{"type":"Feature","id":"w109170796","properties":{"type":"apartments","levels":5.0,"address":"Pawła Włodkowica 5","residential":true,"residents_est":41,"h3_10":"8a1e2e684967fff","h3_11":"8b1e2e684966fff"},"geometry":{"type":"Polygon","coordinates":[[[19.983006,50.074975],[19.983784,50.074838],[19.983832,50.074953],[19.983054,50.075089],[19.983006,50.074975]]]}},{"type":"Feature","id":"w109170797","properties":{"type":"apartments","address":"Janusza Meissnera 33","residential":true,"residents_est":19,"h3_10":"8a1e2e684827fff","h3_11":"8b1e2e684821fff"},"geometry":{"type":"Polygon","coordinates":[[[19.982095,50.072321],[19.982355,50.072179],[19.98248,50.072275],[19.98222,50.072416],[19.982182,50.072387],[19.982167,50.072394],[19.982118,50.072358],[19.98213,50.072348],[19.982095,50.072321]]]}},{"type":"Feature","id":"w109170801","properties":{"type":"apartments","levels":5.0,"address":"Pawła Włodkowica 8","residential":true,"residents_est":40,"h3_10":"8a1e2e684967fff","h3_11":"8b1e2e684963fff"},"geometry":{"type":"Polygon","coordinates":[[[19.984032,50.074448],[19.984826,50.07434],[19.984864,50.074453],[19.98407,50.074562],[19.984032,50.074448]]]}},{"type":"Feature","id":"w109170803","properties":{"type":"house","levels":1.0,"address":"Łąkowa 4","residential":true,"residents_est":1,"h3_10":"8a1e2e684827fff","h3_11":"8b1e2e684825fff"},"geometry":{"type":"Polygon","coordinates":[[[19.981653,50.072765],[19.981665,50.072658],[19.981829,50.072666],[19.981826,50.072695],[19.981845,50.072696],[19.98184,50.072737],[19.981821,50.072736],[19.981816,50.072773],[19.981653,50.072765]]]}},{"type":"Feature","id":"w109170806","properties":{"type":"apartments","address":"Łąkowa 14","residential":true,"residents_est":19,"h3_10":"8a1e2e68495ffff","h3_11":"8b1e2e68495efff"},"geometry":{"type":"Polygon","coordinates":[[[19.983535,50.072626],[19.983794,50.072485],[19.98392,50.072579],[19.983661,50.072721],[19.983622,50.072692],[19.983607,50.072699],[19.983559,50.072664],[19.983574,50.072656],[19.983535,50.072626]]]}},{"type":"Feature","id":"w109170809","properties":{"type":"yes","address":"Janusza Meissnera 21","residential":true,"residents_est":22,"h3_10":"8a1e2e684957fff","h3_11":"8b1e2e684956fff"},"geometry":{"type":"Polygon","coordinates":[[[19.981299,50.073218],[19.98131,50.07312],[19.9826,50.073178],[19.982589,50.073276],[19.981299,50.073218]]]}},{"type":"Feature","id":"w109170811","properties":{"type":"house","address":"Łąkowa 13","residential":true,"residents_est":1,"h3_10":"8a1e2e684957fff","h3_11":"8b1e2e684956fff"},"geometry":{"type":"Polygon","coordinates":[[[19.982171,50.072978],[19.982178,50.072929],[19.982303,50.072935],[19.982297,50.072984],[19.982171,50.072978]]]}},{"type":"Feature","id":"w109170812","properties":{"type":"commercial","levels":1.0,"address":"Łąkowa 29","residential":false,"residents_est":0,"h3_10":"8a1e2e684947fff","h3_11":"8b1e2e684943fff"},"geometry":{"type":"Polygon","coordinates":[[[19.984095,50.073361],[19.984209,50.073284],[19.984269,50.07332],[19.984279,50.073313],[19.984332,50.073345],[19.984343,50.073338],[19.984394,50.073369],[19.984402,50.073364],[19.984452,50.073394],[19.98446,50.073389],[19.984514,50.073421],[19.984522,50.073415],[19.984574,50.073447],[19.984582,50.07344],[19.984593,50.073447],[19.984463,50.073532],[19.984412,50.073502],[19.984402,50.073509],[19.984348,50.073477],[19.98434,50.073483],[19.984287,50.073451],[19.984279,50.073456],[19.984228,50.073425],[19.984221,50.07343],[19.984172,50.0734],[19.984166,50.073405],[19.984095,50.073361]]]}},{"type":"Feature","id":"w109170819","properties":{"type":"outbuilding","levels":1.0,"residential":false,"residents_est":0,"h3_10":"8a1e2e684827fff","h3_11":"8b1e2e684821fff"},"geometry":{"type":"Polygon","coordinates":[[[19.981928,50.072581],[19.981933,50.072528],[19.982129,50.072534],[19.982125,50.072588],[19.981928,50.072581]]]}},{"type":"Feature","id":"w109170820","properties":{"type":"house","levels":1.0,"address":"Łąkowa 6","residential":true,"residents_est":2,"h3_10":"8a1e2e684827fff","h3_11":"8b1e2e684825fff"},"geometry":{"type":"Polygon","coordinates":[[[19.981665,50.072658],[19.981679,50.072538],[19.981842,50.072547],[19.981838,50.072584],[19.981856,50.072585],[19.98185,50.072635],[19.981833,50.072635],[19.981829,50.072666],[19.981665,50.072658]]]}},{"type":"Feature","id":"w109170821","properties":{"type":"house","address":"Łąkowa 21","residential":true,"residents_est":2,"h3_10":"8a1e2e684957fff","h3_11":"8b1e2e684950fff"},"geometry":{"type":"Polygon","coordinates":[[[19.983016,50.073079],[19.983033,50.072966],[19.983145,50.072973],[19.983138,50.073012],[19.983165,50.073014],[19.983161,50.073044],[19.983137,50.073042],[19.983134,50.073084],[19.983016,50.073079]]]}},{"type":"Feature","id":"w109170826","properties":{"type":"apartments","levels":5.0,"address":"Pawła Włodkowica 7","residential":true,"residents_est":42,"h3_10":"8a1e2e684967fff","h3_11":"8b1e2e684961fff"},"geometry":{"type":"Polygon","coordinates":[[[19.984166,50.074979],[19.984881,50.074728],[19.984969,50.074832],[19.984255,50.075083],[19.984166,50.074979]]]}},{"type":"Feature","id":"w109170833","properties":{"type":"apartments","levels":5.0,"address":"Pawła Włodkowica 6","residential":true,"residents_est":41,"h3_10":"8a1e2e684967fff","h3_11":"8b1e2e684962fff"},"geometry":{"type":"Polygon","coordinates":[[[19.982927,50.07447],[19.983736,50.074431],[19.983749,50.074548],[19.982941,50.074587],[19.982927,50.07447]]]}},{"type":"Feature","id":"w109170835","properties":{"type":"yes","address":"Klemensa Janickiego 1","residential":true,"residents_est":13,"h3_10":"8a1e2e68490ffff","h3_11":"8b1e2e68490dfff"},"geometry":{"type":"Polygon","coordinates":[[[19.981282,50.074084],[19.981298,50.073958],[19.981806,50.073974],[19.981784,50.074175],[19.981627,50.074167],[19.981635,50.074099],[19.981282,50.074084]]]}},{"type":"Feature","id":"w109170837","properties":{"type":"apartments","address":"Łąkowa 10","residential":true,"residents_est":19,"h3_10":"8a1e2e684957fff","h3_11":"8b1e2e684953fff"},"geometry":{"type":"Polygon","coordinates":[[[19.982834,50.072619],[19.983094,50.072478],[19.983219,50.072574],[19.982959,50.072715],[19.98292,50.072686],[19.982905,50.072694],[19.98287,50.072668],[19.982857,50.072658],[19.982872,50.072649],[19.982834,50.072619]]]}},{"type":"Feature","id":"w109170841","properties":{"type":"apartments","levels":9.0,"address":"Łąkowa 16","residential":true,"residents_est":33,"h3_10":"8a1e2e68495ffff","h3_11":"8b1e2e68495cfff"},"geometry":{"type":"Polygon","coordinates":[[[19.984189,50.07293],[19.984449,50.072789],[19.984572,50.072882],[19.984312,50.073024],[19.984277,50.072997],[19.984257,50.073008],[19.984202,50.072967],[19.984222,50.072956],[19.984189,50.07293]]]}},{"type":"Feature","id":"w109170842","properties":{"type":"yes","address":"Janusza Meissnera 19","residential":true,"residents_est":8,"h3_10":"8a1e2e68490ffff","h3_11":"8b1e2e684908fff"},"geometry":{"type":"Polygon","coordinates":[[[19.98083,50.07349],[19.980884,50.073336],[19.981145,50.073347],[19.981129,50.073502],[19.98083,50.07349]]]}},{"type":"Feature","id":"w109170847","properties":{"type":"yes","address":"Łąkowa 15","residential":true,"residents_est":1,"h3_10":"8a1e2e684957fff","h3_11":"8b1e2e684956fff"},"geometry":{"type":"Polygon","coordinates":[[[19.982385,50.073037],[19.982396,50.072939],[19.982533,50.072946],[19.982523,50.073053],[19.982455,50.07305],[19.982456,50.073041],[19.982385,50.073037]]]}},{"type":"Feature","id":"w112611812","properties":{"type":"apartments","levels":9.0,"address":"Śliczna 30c","residential":true,"residents_est":59,"h3_10":"8a1e2e684937fff","h3_11":"8b1e2e684934fff"},"geometry":{"type":"Polygon","coordinates":[[[19.976806,50.074779],[19.976821,50.074435],[19.977038,50.074438],[19.977023,50.074783],[19.977001,50.074782],[19.977001,50.074788],[19.976974,50.074787],[19.976974,50.074782],[19.976806,50.074779]]]}},{"type":"Feature","id":"w112614837","properties":{"type":"retail","levels":1.0,"address":"Janusza Meissnera 30","residential":false,"residents_est":0,"h3_10":"8a1e2e68491ffff","h3_11":"8b1e2e68491dfff"},"geometry":{"type":"Polygon","coordinates":[[[19.979754,50.072809],[19.980264,50.072793],[19.980281,50.073014],[19.979771,50.073029],[19.979754,50.072809]]]}},{"type":"Feature","id":"w112614848","properties":{"type":"apartments","levels":3.0,"address":"Janusza Meissnera 32","residential":true,"residents_est":6,"h3_10":"8a1e2e68491ffff","h3_11":"8b1e2e684919fff"},"geometry":{"type":"Polygon","coordinates":[[[19.980428,50.072704],[19.980467,50.072645],[19.980451,50.072641],[19.980526,50.072524],[19.980623,50.07255],[19.980636,50.072571],[19.980532,50.072731],[19.980428,50.072704]]]}},{"type":"Feature","id":"w113501155","properties":{"type":"yes","address":"Śliczna 26","residential":true,"residents_est":7,"h3_10":"8a1e2e684917fff","h3_11":"8b1e2e684916fff"},"geometry":{"type":"Polygon","coordinates":[[[19.977082,50.072996],[19.977154,50.07296],[19.977164,50.072967],[19.977198,50.072949],[19.977192,50.072943],[19.977272,50.072903],[19.977407,50.073016],[19.977294,50.073072],[19.97733,50.073105],[19.977239,50.073149],[19.97715,50.073072],[19.977166,50.073064],[19.977152,50.07305],[19.977134,50.073059],[19.977082,50.072996]]]}},{"type":"Feature","id":"w113682341","properties":{"type":"house","levels":1.0,"address":"Ładna 16","residential":true,"residents_est":2,"h3_10":"8a1e2e684837fff","h3_11":"8b1e2e684830fff"},"geometry":{"type":"Polygon","coordinates":[[[19.980153,50.071539],[19.98034,50.071535],[19.980345,50.071631],[19.98023,50.071638],[19.98023,50.071633],[19.980157,50.071635],[19.980153,50.071539]]]}},{"type":"Feature","id":"w113682343","properties":{"type":"house","levels":1.0,"address":"Ładna 18","residential":true,"residents_est":2,"h3_10":"8a1e2e684837fff","h3_11":"8b1e2e684831fff"},"geometry":{"type":"Polygon","coordinates":[[[19.980436,50.071533],[19.980621,50.071529],[19.98063,50.071633],[19.980446,50.071637],[19.980436,50.071533]]]}},{"type":"Feature","id":"w113682344","properties":{"type":"house","levels":3.0,"address":"Ogrodnicza 3","residential":true,"residents_est":6,"h3_10":"8a1e2e684837fff","h3_11":"8b1e2e684835fff"},"geometry":{"type":"Polygon","coordinates":[[[19.980037,50.072134],[19.980051,50.072134],[19.980048,50.072102],[19.980218,50.072095],[19.980221,50.072128],[19.980267,50.072127],[19.980285,50.072137],[19.980286,50.072152],[19.980306,50.072152],[19.98031,50.072196],[19.980175,50.072205],[19.980173,50.072194],[19.980134,50.072195],[19.980135,50.072203],[19.980057,50.072206],[19.980054,50.072171],[19.98004,50.072171],[19.980037,50.072134]]]}},{"type":"Feature","id":"w113682345","properties":{"type":"house","levels":3.0,"address":"Ładna 22","residential":true,"residents_est":5,"h3_10":"8a1e2e684837fff","h3_11":"8b1e2e684831fff"},"geometry":{"type":"Polygon","coordinates":[[[19.980878,50.071535],[19.981061,50.071531],[19.981069,50.071625],[19.980886,50.071631],[19.980878,50.071535]]]}},{"type":"Feature","id":"w113682346","properties":{"type":"house","levels":1.0,"address":"Ogrodnicza 9","residential":true,"residents_est":1,"h3_10":"8a1e2e684837fff","h3_11":"8b1e2e684830fff"},"geometry":{"type":"Polygon","coordinates":[[[19.980176,50.071784],[19.980204,50.071783],[19.980203,50.071764],[19.980456,50.071757],[19.980459,50.071807],[19.980176,50.071815],[19.980176,50.071784]]]}},{"type":"Feature","id":"w113682347","properties":{"type":"house","levels":2.0,"address":"Śliczna 1","residential":true,"residents_est":6,"h3_10":"8a1e2e684827fff","h3_11":"8b1e2e684826fff"},"geometry":{"type":"Polygon","coordinates":[[[19.980754,50.072242],[19.980759,50.072242],[19.980757,50.072197],[19.980926,50.072193],[19.981019,50.072274],[19.981021,50.072294],[19.981054,50.072294],[19.981057,50.07234],[19.980935,50.072343],[19.980935,50.07235],[19.980761,50.072354],[19.980754,50.072242]]]}},{"type":"Feature","id":"w113682348","properties":{"type":"yes","levels":1.0,"address":"Śliczna 3","residential":true,"residents_est":1,"h3_10":"8a1e2e684827fff","h3_11":"8b1e2e684826fff"},"geometry":{"type":"Polygon","coordinates":[[[19.980526,50.072259],[19.980655,50.072254],[19.980665,50.072355],[19.980535,50.072359],[19.980526,50.072259]]]}},{"type":"Feature","id":"w113682349","properties":{"type":"house","levels":2.0,"address":"Ładna 14","residential":true,"residents_est":3,"h3_10":"8a1e2e684837fff","h3_11":"8b1e2e684830fff"},"geometry":{"type":"Polygon","coordinates":[[[19.979972,50.071603],[19.979984,50.071594],[19.979983,50.071571],[19.979995,50.071562],[19.979994,50.071553],[19.980051,50.071551],[19.980051,50.071542],[19.980153,50.07154],[19.980156,50.07162],[19.980116,50.071621],[19.980115,50.071613],[19.980061,50.071614],[19.980062,50.071631],[19.98007,50.07164],[19.980101,50.071639],[19.980104,50.071675],[19.979988,50.071679],[19.979985,50.071643],[19.979974,50.071633],[19.979972,50.071603]]]}},{"type":"Feature","id":"w113682350","properties":{"type":"house","levels":2.0,"address":"Śliczna 5","residential":true,"residents_est":3,"h3_10":"8a1e2e68491ffff","h3_11":"8b1e2e68491bfff"},"geometry":{"type":"Polygon","coordinates":[[[19.980048,50.072278],[19.980218,50.072275],[19.980224,50.072367],[19.980054,50.07237],[19.980048,50.072278]]]}},{"type":"Feature","id":"w113682351","properties":{"type":"house","levels":2.0,"address":"Śliczna 5a","residential":true,"residents_est":2,"h3_10":"8a1e2e68491ffff","h3_11":"8b1e2e68491bfff"},"geometry":{"type":"Polygon","coordinates":[[[19.98022,50.072311],[19.980301,50.072311],[19.9803,50.072268],[19.980388,50.072266],[19.980393,50.072365],[19.980224,50.072367],[19.98022,50.072311]]]}},{"type":"Feature","id":"w113682353","properties":{"type":"house","levels":2.0,"address":"Ładna 20","residential":true,"residents_est":4,"h3_10":"8a1e2e684837fff","h3_11":"8b1e2e684831fff"},"geometry":{"type":"Polygon","coordinates":[[[19.980692,50.071528],[19.980877,50.071523],[19.980886,50.071632],[19.9807,50.071637],[19.980692,50.071528]]]}},{"type":"Feature","id":"w113683209","properties":{"type":"yes","levels":2.0,"address":"Janusza Meissnera 38","residential":true,"residents_est":1,"h3_10":"8a1e2e684827fff","h3_11":"8b1e2e684822fff"},"geometry":{"type":"Polygon","coordinates":[[[19.98133,50.072037],[19.981367,50.072017],[19.981492,50.072111],[19.981434,50.072142],[19.98133,50.072065],[19.981352,50.072052],[19.98133,50.072037]]]}},{"type":"Feature","id":"w113683210","properties":{"type":"outbuilding","levels":1.0,"residential":false,"residents_est":0,"h3_10":"8a1e2e684837fff","h3_11":"8b1e2e684831fff"},"geometry":{"type":"Polygon","coordinates":[[[19.980887,50.07169],[19.98099,50.071687],[19.980994,50.071736],[19.98089,50.07174],[19.980887,50.07169]]]}},{"type":"Feature","id":"w113683211","properties":{"type":"yes","levels":2.0,"address":"Janusza Meissnera 40","residential":true,"residents_est":2,"h3_10":"8a1e2e684827fff","h3_11":"8b1e2e684823fff"},"geometry":{"type":"Polygon","coordinates":[[[19.981503,50.07196],[19.981646,50.071882],[19.981766,50.071973],[19.981623,50.072051],[19.981584,50.072022],[19.981569,50.07203],[19.981548,50.072015],[19.981526,50.071998],[19.981542,50.071989],[19.981503,50.07196]]]}},{"type":"Feature","id":"w113683212","properties":{"type":"house","levels":2.0,"address":"Janusza Meissnera 42","residential":true,"residents_est":2,"h3_10":"8a1e2e684807fff","h3_11":"8b1e2e684805fff"},"geometry":{"type":"Polygon","coordinates":[[[19.981868,50.071733],[19.981941,50.071694],[19.982065,50.071787],[19.98199,50.071827],[19.981868,50.071733]]]}},{"type":"Feature","id":"w113683214","properties":{"type":"outbuilding","levels":1.0,"residential":false,"residents_est":0,"h3_10":"8a1e2e684837fff","h3_11":"8b1e2e684831fff"},"geometry":{"type":"Polygon","coordinates":[[[19.980449,50.071663],[19.98053,50.071661],[19.980535,50.071728],[19.980454,50.07173],[19.980449,50.071663]]]}},{"type":"Feature","id":"w113683215","properties":{"type":"apartments","levels":3.0,"address":"Ładna 29","residential":true,"residents_est":6,"h3_10":"8a1e2e684807fff","h3_11":"8b1e2e684805fff"},"geometry":{"type":"Polygon","coordinates":[[[19.981654,50.071706],[19.981758,50.071648],[19.981928,50.071782],[19.981826,50.071838],[19.981654,50.071706]]]}},{"type":"Feature","id":"w113683218","properties":{"type":"retail","levels":1.0,"address":"Janusza Meissnera 36","residential":false,"residents_est":0,"h3_10":"8a1e2e684827fff","h3_11":"8b1e2e684822fff"},"geometry":{"type":"Polygon","coordinates":[[[19.981155,50.072125],[19.981217,50.072093],[19.981262,50.072129],[19.981292,50.072113],[19.981381,50.072182],[19.981291,50.07223],[19.981155,50.072125]]]}},{"type":"Feature","id":"w113683220","properties":{"type":"house","levels":2.0,"address":"Janusza Meissnera 44","residential":true,"residents_est":2,"h3_10":"8a1e2e684807fff","h3_11":"8b1e2e684805fff"},"geometry":{"type":"Polygon","coordinates":[[[19.981963,50.07171],[19.982038,50.071669],[19.98214,50.071746],[19.982065,50.071787],[19.981963,50.07171]]]}},{"type":"Feature","id":"w113683222","properties":{"type":"yes","residential":false,"residents_est":0,"h3_10":"8a1e2e684807fff","h3_11":"8b1e2e684804fff"},"geometry":{"type":"Polygon","coordinates":[[[19.981145,50.071566],[19.981211,50.071532],[19.981265,50.071573],[19.9812,50.071607],[19.981145,50.071566]]]}},{"type":"Feature","id":"w113683223","properties":{"type":"house","levels":2.0,"address":"Janusza Meissnera 48","residential":true,"residents_est":4,"h3_10":"8a1e2e684807fff","h3_11":"8b1e2e684801fff"},"geometry":{"type":"Polygon","coordinates":[[[19.982358,50.071452],[19.982412,50.071421],[19.982432,50.071436],[19.982444,50.071429],[19.982412,50.071403],[19.982513,50.071349],[19.982546,50.071375],[19.982563,50.071366],[19.982609,50.071402],[19.982592,50.07141],[19.982625,50.071436],[19.982504,50.071499],[19.982474,50.071475],[19.982424,50.071503],[19.982358,50.071452]]]}},{"type":"Feature","id":"w113683224","properties":{"type":"house","levels":2.0,"address":"Janusza Meissnera 38a","residential":true,"residents_est":3,"h3_10":"8a1e2e684827fff","h3_11":"8b1e2e684823fff"},"geometry":{"type":"Polygon","coordinates":[[[19.981372,50.072021],[19.981429,50.07199],[19.981439,50.071997],[19.981488,50.07197],[19.981598,50.072053],[19.981492,50.072111],[19.981372,50.072021]]]}},{"type":"Feature","id":"w113683225","properties":{"type":"house","levels":2.0,"address":"Janusza Meissnera 46","residential":true,"residents_est":2,"h3_10":"8a1e2e684807fff","h3_11":"8b1e2e684805fff"},"geometry":{"type":"Polygon","coordinates":[[[19.982175,50.071581],[19.982287,50.071517],[19.982387,50.071589],[19.982274,50.071653],[19.982175,50.071581]]]}},{"type":"Feature","id":"w113683226","properties":{"type":"outbuilding","levels":1.0,"residential":false,"residents_est":0,"h3_10":"8a1e2e684827fff","h3_11":"8b1e2e684822fff"},"geometry":{"type":"Polygon","coordinates":[[[19.981183,50.071965],[19.981248,50.071928],[19.98131,50.071975],[19.981243,50.072011],[19.981183,50.071965]]]}},{"type":"Feature","id":"w113683228","properties":{"type":"house","levels":2.0,"address":"Janusza Meissnera 34","residential":true,"residents_est":3,"h3_10":"8a1e2e684827fff","h3_11":"8b1e2e684822fff"},"geometry":{"type":"Polygon","coordinates":[[[19.981088,50.072219],[19.981201,50.07216],[19.981291,50.07223],[19.981178,50.07229],[19.981088,50.072219]]]}},{"type":"Feature","id":"w113684331","properties":{"type":"outbuilding","levels":3.0,"address":"Ładna 25","residential":false,"residents_est":0,"h3_10":"8a1e2e684807fff","h3_11":"8b1e2e684806fff"},"geometry":{"type":"Polygon","coordinates":[[[19.980833,50.071179],[19.980898,50.071178],[19.980911,50.071186],[19.980912,50.071225],[19.98092,50.071225],[19.980925,50.07128],[19.980941,50.071299],[19.980946,50.07137],[19.980847,50.071369],[19.980833,50.071179]]]}},{"type":"Feature","id":"w113684332","properties":{"type":"yes","address":"Ogrodnicza 13","residential":true,"residents_est":2,"h3_10":"8a1e2e684837fff","h3_11":"8b1e2e684832fff"},"geometry":{"type":"Polygon","coordinates":[[[19.979856,50.071134],[19.979987,50.071129],[19.979989,50.071172],[19.980033,50.071171],[19.980062,50.071188],[19.980064,50.071213],[19.980037,50.071232],[19.97999,50.071233],[19.979994,50.071271],[19.979865,50.071275],[19.979861,50.071233],[19.979896,50.071232],[19.979895,50.071198],[19.97986,50.071199],[19.979856,50.071134]]]}},{"type":"Feature","id":"w113684333","properties":{"type":"house","levels":1.0,"address":"Ładna 17","residential":true,"residents_est":1,"h3_10":"8a1e2e684837fff","h3_11":"8b1e2e684833fff"},"geometry":{"type":"Polygon","coordinates":[[[19.980143,50.071328],[19.980297,50.071324],[19.980301,50.071402],[19.980146,50.071407],[19.980143,50.071328]]]}},{"type":"Feature","id":"w113684334","properties":{"type":"house","address":"Ogrodnicza 17","residential":true,"residents_est":2,"h3_10":"8a1e2e684817fff","h3_11":"8b1e2e684814fff"},"geometry":{"type":"Polygon","coordinates":[[[19.979842,50.070881],[19.979976,50.070876],[19.979986,50.070989],[19.979847,50.070994],[19.979842,50.070881]]]}},{"type":"Feature","id":"w113684338","properties":{"type":"house","address":"Ogrodnicza 19","residential":true,"residents_est":2,"h3_10":"8a1e2e684817fff","h3_11":"8b1e2e684814fff"},"geometry":{"type":"Polygon","coordinates":[[[19.979835,50.070711],[19.979968,50.070706],[19.979979,50.070815],[19.979844,50.07082],[19.979835,50.070711]]]}},{"type":"Feature","id":"w113684340","properties":{"type":"house","levels":1.0,"residential":true,"residents_est":1,"h3_10":"8a1e2e684807fff","h3_11":"8b1e2e684806fff"},"geometry":{"type":"Polygon","coordinates":[[[19.980714,50.071157],[19.980831,50.071151],[19.980835,50.071223],[19.98072,50.071227],[19.980714,50.071157]]]}},{"type":"Feature","id":"w113684341","properties":{"type":"house","levels":3.0,"address":"Ładna 23","residential":true,"residents_est":3,"h3_10":"8a1e2e684807fff","h3_11":"8b1e2e684806fff"},"geometry":{"type":"Polygon","coordinates":[[[19.980713,50.071291],[19.980727,50.071291],[19.980724,50.071256],[19.980837,50.071252],[19.980847,50.071369],[19.980792,50.071371],[19.980791,50.071361],[19.980733,50.071363],[19.980729,50.07132],[19.980715,50.071321],[19.980713,50.071291]]]}},{"type":"Feature","id":"w113684345","properties":{"type":"house","address":"Ładna 15","residential":true,"residents_est":2,"h3_10":"8a1e2e684837fff","h3_11":"8b1e2e684832fff"},"geometry":{"type":"Polygon","coordinates":[[[19.979852,50.071314],[19.979978,50.07131],[19.979983,50.07139],[19.979857,50.071394],[19.979852,50.071314]]]}},{"type":"Feature","id":"w113684347","properties":{"type":"house","address":"Ogrodnicza 15","residential":true,"residents_est":2,"h3_10":"8a1e2e684817fff","h3_11":"8b1e2e684814fff"},"geometry":{"type":"Polygon","coordinates":[[[19.97985,50.071033],[19.979986,50.07103],[19.979987,50.071129],[19.979856,50.071134],[19.97985,50.071033]]]}},{"type":"Feature","id":"w113684349","properties":{"type":"house","levels":1.0,"address":"Ładna 19","residential":true,"residents_est":1,"h3_10":"8a1e2e684837fff","h3_11":"8b1e2e684833fff"},"geometry":{"type":"Polygon","coordinates":[[[19.980297,50.071323],[19.980426,50.07132],[19.980432,50.071399],[19.980301,50.071404],[19.980297,50.071323]]]}},{"type":"Feature","id":"w113684353","properties":{"type":"house","levels":2.0,"address":"Ładna 21","residential":true,"residents_est":2,"h3_10":"8a1e2e684837fff","h3_11":"8b1e2e684833fff"},"geometry":{"type":"Polygon","coordinates":[[[19.980424,50.071298],[19.980495,50.071296],[19.980496,50.071307],[19.980572,50.071305],[19.980579,50.071385],[19.980431,50.071389],[19.980424,50.071298]]]}},{"type":"Feature","id":"w113684925","properties":{"type":"detached","levels":4.0,"address":"Ostatnia 1b","residential":true,"residents_est":4,"h3_10":"8a1e2e68498ffff","h3_11":"8b1e2e68498efff"},"geometry":{"type":"Polygon","coordinates":[[[19.978123,50.070733],[19.978249,50.070729],[19.978256,50.070813],[19.978173,50.070816],[19.978174,50.070825],[19.97813,50.070827],[19.978123,50.070733]]]}},{"type":"Feature","id":"w113684926","properties":{"type":"yes","address":"Ładna 7","residential":true,"residents_est":1,"h3_10":"8a1e2e68498ffff","h3_11":"8b1e2e68498dfff"},"geometry":{"type":"Polygon","coordinates":[[[19.978918,50.071351],[19.978992,50.071347],[19.979005,50.071442],[19.978931,50.071446],[19.978918,50.071351]]]}},{"type":"Feature","id":"w113684927","properties":{"type":"house","address":"Ładna 13","residential":true,"residents_est":3,"h3_10":"8a1e2e684837fff","h3_11":"8b1e2e684832fff"},"geometry":{"type":"Polygon","coordinates":[[[19.97954,50.071347],[19.979555,50.071346],[19.979553,50.071317],[19.979694,50.071312],[19.979703,50.071405],[19.979684,50.07142],[19.979558,50.071422],[19.979554,50.071385],[19.979543,50.071385],[19.97954,50.071347]]]}},{"type":"Feature","id":"w113684928","properties":{"type":"yes","address":"Ostatnia 5","residential":true,"residents_est":1,"h3_10":"8a1e2e68498ffff","h3_11":"8b1e2e68498cfff"},"geometry":{"type":"Polygon","coordinates":[[[19.978275,50.071104],[19.978429,50.071099],[19.978436,50.071176],[19.978282,50.071182],[19.978275,50.071104]]]}},{"type":"Feature","id":"w113684929","properties":{"type":"yes","address":"Szkółkowa 8","residential":true,"residents_est":2,"h3_10":"8a1e2e68498ffff","h3_11":"8b1e2e68498bfff"},"geometry":{"type":"Polygon","coordinates":[[[19.978871,50.070704],[19.979088,50.070696],[19.979095,50.070798],[19.978878,50.070803],[19.978871,50.070704]]]}},{"type":"Feature","id":"w113684931","properties":{"type":"house","address":"Ogrodnicza 18","residential":true,"residents_est":3,"h3_10":"8a1e2e684837fff","h3_11":"8b1e2e684832fff"},"geometry":{"type":"Polygon","coordinates":[[[19.979524,50.071029],[19.979673,50.071025],[19.979682,50.071139],[19.979532,50.071143],[19.979524,50.071029]]]}},{"type":"Feature","id":"w113684932","properties":{"type":"house","address":"Ogrodnicza 22","residential":true,"residents_est":3,"h3_10":"8a1e2e68498ffff","h3_11":"8b1e2e684989fff"},"geometry":{"type":"Polygon","coordinates":[[[19.979513,50.070732],[19.979648,50.070729],[19.979655,50.070851],[19.979519,50.070854],[19.979513,50.070732]]]}},{"type":"Feature","id":"w113684934","properties":{"type":"house","address":"Ogrodnicza 16","residential":true,"residents_est":2,"h3_10":"8a1e2e684837fff","h3_11":"8b1e2e684832fff"},"geometry":{"type":"Polygon","coordinates":[[[19.979548,50.071143],[19.97968,50.071139],[19.979689,50.071245],[19.979558,50.07125],[19.979548,50.071143]]]}},{"type":"Feature","id":"w113684936","properties":{"type":"detached","levels":2.0,"address":"Ostatnia 1","residential":true,"residents_est":2,"h3_10":"8a1e2e68498ffff","h3_11":"8b1e2e68498afff"},"geometry":{"type":"Polygon","coordinates":[[[19.978099,50.070564],[19.978236,50.07056],[19.978241,50.07065],[19.978104,50.070653],[19.978099,50.070564]]]}},{"type":"Feature","id":"w113684937","properties":{"type":"house","address":"Ogrodnicza 20","residential":true,"residents_est":3,"h3_10":"8a1e2e68498ffff","h3_11":"8b1e2e684989fff"},"geometry":{"type":"Polygon","coordinates":[[[19.979494,50.070855],[19.979655,50.070851],[19.97966,50.070961],[19.979499,50.070965],[19.979494,50.070855]]]}},{"type":"Feature","id":"w113684938","properties":{"type":"yes","address":"Ostatnia 7","residential":true,"residents_est":2,"h3_10":"8a1e2e68498ffff","h3_11":"8b1e2e68498cfff"},"geometry":{"type":"Polygon","coordinates":[[[19.978106,50.071205],[19.978251,50.071201],[19.978253,50.07124],[19.9783,50.071239],[19.978302,50.071278],[19.978255,50.071279],[19.978257,50.071313],[19.978112,50.071317],[19.978106,50.071205]]]}},{"type":"Feature","id":"w113684939","properties":{"type":"yes","address":"Ostatnia 3","residential":true,"residents_est":2,"h3_10":"8a1e2e68498ffff","h3_11":"8b1e2e684988fff"},"geometry":{"type":"Polygon","coordinates":[[[19.978239,50.070935],[19.978347,50.070932],[19.978349,50.070961],[19.978454,50.070959],[19.978458,50.071044],[19.97833,50.071047],[19.978328,50.071019],[19.978245,50.071021],[19.978239,50.070935]]]}},{"type":"Feature","id":"w113684943","properties":{"type":"yes","address":"Szkółkowa 6","residential":true,"residents_est":1,"h3_10":"8a1e2e68498ffff","h3_11":"8b1e2e684988fff"},"geometry":{"type":"Polygon","coordinates":[[[19.978711,50.070976],[19.978957,50.070974],[19.978958,50.071031],[19.978713,50.071033],[19.978711,50.070976]]]}},{"type":"Feature","id":"w113684944","properties":{"type":"yes","address":"Ładna 3","residential":true,"residents_est":1,"h3_10":"8a1e2e68498ffff","h3_11":"8b1e2e68498cfff"},"geometry":{"type":"Polygon","coordinates":[[[19.978521,50.071357],[19.978658,50.071353],[19.978666,50.071448],[19.978529,50.071453],[19.978521,50.071357]]]}},{"type":"Feature","id":"w113684947","properties":{"type":"yes","address":"Ładna 5","residential":true,"residents_est":1,"h3_10":"8a1e2e68498ffff","h3_11":"8b1e2e68498dfff"},"geometry":{"type":"Polygon","coordinates":[[[19.978716,50.071359],[19.978899,50.071351],[19.97891,50.071445],[19.978726,50.071453],[19.978716,50.071359]]]}},{"type":"Feature","id":"w113684950","properties":{"type":"yes","address":"Ładna 11","residential":true,"residents_est":2,"h3_10":"8a1e2e68498ffff","h3_11":"8b1e2e68498dfff"},"geometry":{"type":"Polygon","coordinates":[[[19.979117,50.071322],[19.979318,50.071312],[19.979331,50.071424],[19.979128,50.071433],[19.979117,50.071322]]]}},{"type":"Feature","id":"w113684951","properties":{"type":"yes","residential":false,"residents_est":0,"h3_10":"8a1e2e68498ffff","h3_11":"8b1e2e68498bfff"},"geometry":{"type":"Polygon","coordinates":[[[19.979,50.070555],[19.979043,50.070526],[19.979105,50.070564],[19.979062,50.070593],[19.979,50.070555]]]}},{"type":"Feature","id":"w113684953","properties":{"type":"yes","address":"Szkółkowa 4","residential":true,"residents_est":1,"h3_10":"8a1e2e68498ffff","h3_11":"8b1e2e684988fff"},"geometry":{"type":"Polygon","coordinates":[[[19.978482,50.07099],[19.978698,50.070986],[19.9787,50.071031],[19.978484,50.071035],[19.978482,50.07099]]]}},{"type":"Feature","id":"w113685096","properties":{"type":"yes","address":"Ładna 9","residential":true,"residents_est":1,"h3_10":"8a1e2e68498ffff","h3_11":"8b1e2e68498dfff"},"geometry":{"type":"Polygon","coordinates":[[[19.979009,50.071315],[19.979115,50.07131],[19.979128,50.071433],[19.979022,50.071437],[19.979009,50.071315]]]}},{"type":"Feature","id":"w113689858","properties":{"type":"yes","residential":false,"residents_est":0,"h3_10":"8a1e2e6849affff","h3_11":"8b1e2e6849aafff"},"geometry":{"type":"Polygon","coordinates":[[[19.977653,50.071607],[19.977734,50.071603],[19.97774,50.071642],[19.977659,50.071647],[19.977653,50.071607]]]}},{"type":"Feature","id":"w113689859","properties":{"type":"yes","address":"Ostatnia 24","residential":true,"residents_est":2,"h3_10":"8a1e2e6849affff","h3_11":"8b1e2e6849acfff"},"geometry":{"type":"Polygon","coordinates":[[[19.977765,50.072094],[19.977914,50.072089],[19.977925,50.072242],[19.977775,50.072246],[19.977765,50.072094]]]}},{"type":"Feature","id":"w113689861","properties":{"type":"yes","address":"Ostatnia 18","residential":true,"residents_est":1,"h3_10":"8a1e2e6849affff","h3_11":"8b1e2e6849aafff"},"geometry":{"type":"Polygon","coordinates":[[[19.977806,50.071635],[19.977947,50.071629],[19.977955,50.071742],[19.977817,50.071746],[19.977806,50.071635]]]}},{"type":"Feature","id":"w113689862","properties":{"type":"yes","address":"Ostatnia 22","residential":true,"residents_est":2,"h3_10":"8a1e2e6849affff","h3_11":"8b1e2e6849aefff"},"geometry":{"type":"Polygon","coordinates":[[[19.97773,50.072026],[19.977791,50.071991],[19.977944,50.071984],[19.977954,50.072088],[19.977737,50.072095],[19.97773,50.072026]]]}},{"type":"Feature","id":"w113689863","properties":{"type":"detached","levels":2.0,"address":"Ostatnia 2a","residential":true,"residents_est":2,"h3_10":"8a1e2e68499ffff","h3_11":"8b1e2e68499dfff"},"geometry":{"type":"Polygon","coordinates":[[[19.97738,50.070575],[19.977508,50.070572],[19.977513,50.070665],[19.977385,50.070667],[19.97738,50.070575]]]}},{"type":"Feature","id":"w113689866","properties":{"type":"yes","address":"Ostatnia 6","residential":true,"residents_est":1,"h3_10":"8a1e2e68498ffff","h3_11":"8b1e2e68498efff"},"geometry":{"type":"Polygon","coordinates":[[[19.9776,50.070929],[19.977732,50.070925],[19.977739,50.071012],[19.977606,50.071016],[19.9776,50.070929]]]}},{"type":"Feature","id":"w113689867","properties":{"type":"yes","address":"Ostatnia 20","residential":true,"residents_est":1,"h3_10":"8a1e2e6849affff","h3_11":"8b1e2e6849aafff"},"geometry":{"type":"Polygon","coordinates":[[[19.977793,50.071746],[19.977944,50.071742],[19.977948,50.071802],[19.977796,50.071805],[19.977793,50.071746]]]}},{"type":"Feature","id":"w113689868","properties":{"type":"yes","address":"Ostatnia 16","residential":true,"residents_est":1,"h3_10":"8a1e2e6849affff","h3_11":"8b1e2e6849aefff"},"geometry":{"type":"Polygon","coordinates":[[[19.977508,50.072024],[19.97772,50.072018],[19.977724,50.072086],[19.977512,50.072092],[19.977508,50.072024]]]}},{"type":"Feature","id":"w113689870","properties":{"type":"detached","levels":2.0,"address":"Ostatnia 2b","residential":true,"residents_est":2,"h3_10":"8a1e2e68499ffff","h3_11":"8b1e2e68499dfff"},"geometry":{"type":"Polygon","coordinates":[[[19.977115,50.070584],[19.977249,50.070582],[19.977253,50.070668],[19.977119,50.07067],[19.977115,50.070584]]]}},{"type":"Feature","id":"w113689871","properties":{"type":"yes","address":"Ostatnia 6a","residential":true,"residents_est":1,"h3_10":"8a1e2e68498ffff","h3_11":"8b1e2e68498efff"},"geometry":{"type":"Polygon","coordinates":[[[19.977476,50.070932],[19.9776,50.070929],[19.977606,50.071016],[19.977482,50.071019],[19.977476,50.070932]]]}},{"type":"Feature","id":"w113689875","properties":{"type":"detached","levels":2.0,"address":"Ostatnia 2","residential":true,"residents_est":2,"h3_10":"8a1e2e68499ffff","h3_11":"8b1e2e68499dfff"},"geometry":{"type":"Polygon","coordinates":[[[19.977666,50.070572],[19.977787,50.070568],[19.977795,50.070659],[19.977674,50.070664],[19.977666,50.070572]]]}},{"type":"Feature","id":"w113689880","properties":{"type":"yes","address":"Ostatnia 4","residential":true,"residents_est":1,"h3_10":"8a1e2e68498ffff","h3_11":"8b1e2e68498efff"},"geometry":{"type":"Polygon","coordinates":[[[19.977658,50.070754],[19.977797,50.070751],[19.977802,50.070848],[19.977663,50.070851],[19.977658,50.070754]]]}},{"type":"Feature","id":"w113693407","properties":{"type":"yes","address":"Ładna 4","residential":true,"residents_est":3,"h3_10":"8a1e2e6849affff","h3_11":"8b1e2e6849abfff"},"geometry":{"type":"Polygon","coordinates":[[[19.978447,50.07159],[19.978702,50.071582],[19.97871,50.071695],[19.978669,50.071696],[19.97867,50.071721],[19.978584,50.071724],[19.978582,50.071698],[19.978456,50.071702],[19.978447,50.07159]]]}},{"type":"Feature","id":"w113693408","properties":{"type":"house","levels":2.0,"address":"Śliczna 7","residential":true,"residents_est":2,"h3_10":"8a1e2e68491ffff","h3_11":"8b1e2e68491afff"},"geometry":{"type":"Polygon","coordinates":[[[19.979487,50.072267],[19.979558,50.072264],[19.979561,50.072293],[19.979592,50.072291],[19.979595,50.072326],[19.979559,50.072328],[19.979565,50.072389],[19.979499,50.072391],[19.979487,50.072267]]]}},{"type":"Feature","id":"w113693409","properties":{"type":"garage","residential":false,"residents_est":0,"h3_10":"8a1e2e68491ffff","h3_11":"8b1e2e68491bfff"},"geometry":{"type":"Polygon","coordinates":[[[19.979677,50.07226],[19.979771,50.072256],[19.979774,50.072294],[19.97968,50.072297],[19.979677,50.07226]]]}},{"type":"Feature","id":"w113693410","properties":{"type":"yes","address":"Ładna 10","residential":true,"residents_est":2,"h3_10":"8a1e2e684837fff","h3_11":"8b1e2e684836fff"},"geometry":{"type":"Polygon","coordinates":[[[19.979228,50.07155],[19.979437,50.071546],[19.979441,50.071634],[19.979233,50.071638],[19.979228,50.07155]]]}},{"type":"Feature","id":"w113693411","properties":{"type":"yes","residential":true,"residents_est":1,"h3_10":"8a1e2e6849affff","h3_11":"8b1e2e6849adfff"},"geometry":{"type":"Polygon","coordinates":[[[19.978435,50.072224],[19.978533,50.072222],[19.978535,50.072283],[19.978437,50.072285],[19.978435,50.072224]]]}},{"type":"Feature","id":"w113693412","properties":{"type":"detached","levels":2.0,"address":"Ładna 2","residential":true,"residents_est":3,"h3_10":"8a1e2e6849affff","h3_11":"8b1e2e6849aafff"},"geometry":{"type":"Polygon","coordinates":[[[19.97814,50.071596],[19.978341,50.071589],[19.978349,50.071684],[19.978148,50.071691],[19.97814,50.071596]]]}},{"type":"Feature","id":"w113693413","properties":{"type":"yes","address":"Ostatnia 17","residential":true,"residents_est":2,"h3_10":"8a1e2e6849affff","h3_11":"8b1e2e6849a8fff"},"geometry":{"type":"Polygon","coordinates":[[[19.978486,50.072035],[19.978699,50.072029],[19.978706,50.072146],[19.97861,50.072149],[19.978608,50.072115],[19.97849,50.072118],[19.978486,50.072035]]]}},{"type":"Feature","id":"w113693414","properties":{"type":"detached","levels":1.0,"address":"Śliczna 15","residential":true,"residents_est":2,"h3_10":"8a1e2e6849affff","h3_11":"8b1e2e6849adfff"},"geometry":{"type":"Polygon","coordinates":[[[19.978478,50.072316],[19.978685,50.072311],[19.978689,50.072382],[19.978634,50.072383],[19.978636,50.072409],[19.978484,50.072413],[19.978478,50.072316]]]}},{"type":"Feature","id":"w113693416","properties":{"type":"house","levels":2.0,"address":"Śliczna 9","residential":true,"residents_est":3,"h3_10":"8a1e2e68491ffff","h3_11":"8b1e2e68491afff"},"geometry":{"type":"Polygon","coordinates":[[[19.979302,50.072312],[19.979491,50.072305],[19.979499,50.072391],[19.97931,50.072398],[19.979302,50.072312]]]}},{"type":"Feature","id":"w113693417","properties":{"type":"yes","address":"Ogrodnicza 8a","residential":true,"residents_est":2,"h3_10":"8a1e2e6849affff","h3_11":"8b1e2e6849a9fff"},"geometry":{"type":"Polygon","coordinates":[[[19.978929,50.071929],[19.979166,50.07192],[19.979175,50.072032],[19.978938,50.07204],[19.978929,50.071929]]]}},{"type":"Feature","id":"w113693418","properties":{"type":"yes","address":"Ogrodnicza 10","residential":true,"residents_est":2,"h3_10":"8a1e2e684837fff","h3_11":"8b1e2e684836fff"},"geometry":{"type":"Polygon","coordinates":[[[19.979537,50.071712],[19.97971,50.071705],[19.979721,50.071826],[19.979548,50.071832],[19.979537,50.071712]]]}},{"type":"Feature","id":"w113693419","properties":{"type":"yes","address":"Ostatnia 15","residential":true,"residents_est":2,"h3_10":"8a1e2e6849affff","h3_11":"8b1e2e6849a8fff"},"geometry":{"type":"Polygon","coordinates":[[[19.978162,50.071874],[19.978327,50.071868],[19.978337,50.071984],[19.978172,50.07199],[19.978162,50.071874]]]}},{"type":"Feature","id":"w113693421","properties":{"type":"yes","address":"Ostatnia 13","residential":true,"residents_est":1,"h3_10":"8a1e2e6849affff","h3_11":"8b1e2e6849a8fff"},"geometry":{"type":"Polygon","coordinates":[[[19.978155,50.071791],[19.978284,50.071786],[19.978291,50.071869],[19.978162,50.071874],[19.978155,50.071791]]]}},{"type":"Feature","id":"w113693422","properties":{"type":"yes","address":"Ostatnia 21","residential":true,"residents_est":1,"h3_10":"8a1e2e6849affff","h3_11":"8b1e2e6849adfff"},"geometry":{"type":"Polygon","coordinates":[[[19.978622,50.072148],[19.978706,50.072146],[19.978714,50.072286],[19.978631,50.072288],[19.978622,50.072148]]]}},{"type":"Feature","id":"w113693423","properties":{"type":"yes","address":"Ładna 6","residential":true,"residents_est":2,"h3_10":"8a1e2e6849affff","h3_11":"8b1e2e6849abfff"},"geometry":{"type":"Polygon","coordinates":[[[19.978702,50.071582],[19.978914,50.071575],[19.978924,50.071704],[19.978752,50.071709],[19.97875,50.071694],[19.97871,50.071695],[19.978702,50.071582]]]}},{"type":"Feature","id":"w113693424","properties":{"type":"yes","address":"Ostatnia 19","residential":true,"residents_est":2,"h3_10":"8a1e2e6849affff","h3_11":"8b1e2e6849a8fff"},"geometry":{"type":"Polygon","coordinates":[[[19.978166,50.072083],[19.97819,50.072082],[19.978187,50.072043],[19.978363,50.072038],[19.978365,50.072075],[19.978382,50.072075],[19.978385,50.072125],[19.978169,50.072131],[19.978166,50.072083]]]}},{"type":"Feature","id":"w113693425","properties":{"type":"yes","address":"Śliczna 11","residential":true,"residents_est":1,"h3_10":"8a1e2e68491ffff","h3_11":"8b1e2e68491afff"},"geometry":{"type":"Polygon","coordinates":[[[19.978963,50.072214],[19.979073,50.072211],[19.97908,50.072317],[19.97897,50.07232],[19.978963,50.072214]]]}},{"type":"Feature","id":"w113693426","properties":{"type":"yes","residential":true,"residents_est":2,"h3_10":"8a1e2e684837fff","h3_11":"8b1e2e684836fff"},"geometry":{"type":"Polygon","coordinates":[[[19.979191,50.071738],[19.979387,50.071731],[19.979397,50.071846],[19.979201,50.071852],[19.979191,50.071738]]]}},{"type":"Feature","id":"w113693427","properties":{"type":"yes","address":"Śliczna 17","residential":true,"residents_est":2,"h3_10":"8a1e2e6849affff","h3_11":"8b1e2e6849adfff"},"geometry":{"type":"Polygon","coordinates":[[[19.978153,50.072297],[19.97843,50.072289],[19.978437,50.072386],[19.978361,50.072389],[19.97836,50.072367],[19.978285,50.07237],[19.978283,50.072346],[19.978157,50.07235],[19.978153,50.072297]]]}},{"type":"Feature","id":"w113693428","properties":{"type":"house","levels":2.0,"address":"Śliczna 21","residential":true,"residents_est":3,"h3_10":"8a1e2e6849affff","h3_11":"8b1e2e6849acfff"},"geometry":{"type":"Polygon","coordinates":[[[19.977629,50.072346],[19.977804,50.072344],[19.977807,50.072443],[19.977632,50.072445],[19.977629,50.072346]]]}},{"type":"Feature","id":"w113693430","properties":{"type":"yes","address":"Ładna 8","residential":true,"residents_est":2,"h3_10":"8a1e2e684837fff","h3_11":"8b1e2e684836fff"},"geometry":{"type":"Polygon","coordinates":[[[19.978914,50.071575],[19.979116,50.071569],[19.979124,50.071664],[19.978921,50.07167],[19.978914,50.071575]]]}},{"type":"Feature","id":"w113693431","properties":{"type":"house","levels":2.0,"address":"Śliczna 19","residential":true,"residents_est":3,"h3_10":"8a1e2e6849affff","h3_11":"8b1e2e6849acfff"},"geometry":{"type":"Polygon","coordinates":[[[19.977804,50.072344],[19.977978,50.072341],[19.977981,50.072441],[19.977807,50.072443],[19.977804,50.072344]]]}},{"type":"Feature","id":"w113693432","properties":{"type":"yes","address":"Śliczna 13","residential":true,"residents_est":1,"h3_10":"8a1e2e6849affff","h3_11":"8b1e2e6849adfff"},"geometry":{"type":"Polygon","coordinates":[[[19.978708,50.07219],[19.978845,50.072186],[19.978852,50.072301],[19.978715,50.072304],[19.978708,50.07219]]]}},{"type":"Feature","id":"w113693433","properties":{"type":"yes","address":"Ładna 12","residential":true,"residents_est":1,"h3_10":"8a1e2e684837fff","h3_11":"8b1e2e684836fff"},"geometry":{"type":"Polygon","coordinates":[[[19.979582,50.071602],[19.979701,50.071598],[19.97971,50.071684],[19.97959,50.071689],[19.979582,50.071602]]]}},{"type":"Feature","id":"w113693434","properties":{"type":"house","levels":1.0,"address":"Śliczna 23","residential":true,"residents_est":1,"h3_10":"8a1e2e6849affff","h3_11":"8b1e2e6849acfff"},"geometry":{"type":"Polygon","coordinates":[[[19.977517,50.072373],[19.97763,50.072372],[19.977632,50.072445],[19.977519,50.072447],[19.977517,50.072373]]]}},{"type":"Feature","id":"w113693810","properties":{"type":"industrial","levels":3.0,"address":"Janusza Meissnera 24","name":"Piekarnia Pablo Produkcja Hurt Detal Krzysztof Hodurek","residential":false,"residents_est":0,"h3_10":"8a1e2e684907fff","h3_11":"8b1e2e684905fff"},"geometry":{"type":"Polygon","coordinates":[[[19.979485,50.074002],[19.979586,50.073954],[19.979698,50.074053],[19.979681,50.074062],[19.97969,50.074089],[19.979683,50.074122],[19.979663,50.074145],[19.979633,50.074162],[19.979485,50.074032],[19.979507,50.074022],[19.979485,50.074002]]]}},{"type":"Feature","id":"w113693814","properties":{"type":"school","levels":3.0,"address":"Janusza Meissnera 20","name":"Szkoła Podstawowa nr 45 im. Pauli Montal Sióstr Pijarek w Krakowie","residential":false,"residents_est":0,"h3_10":"8a1e2e684937fff","h3_11":"8b1e2e684935fff"},"geometry":{"type":"Polygon","coordinates":[[[19.977454,50.074659],[19.977617,50.074565],[19.977671,50.074605],[19.978229,50.074625],[19.978227,50.074646],[19.97835,50.074737],[19.97839,50.074738],[19.978385,50.074787],[19.978275,50.07478],[19.978219,50.074739],[19.977725,50.074719],[19.977682,50.074685],[19.977658,50.074683],[19.977534,50.074754],[19.977478,50.074714],[19.977507,50.074697],[19.977454,50.074659]]]}},{"type":"Feature","id":"w113730229","properties":{"type":"yes","levels":3.0,"address":"Ładna 1","residential":true,"residents_est":4,"h3_10":"8a1e2e68498ffff","h3_11":"8b1e2e68498cfff"},"geometry":{"type":"Polygon","coordinates":[[[19.978112,50.071317],[19.978257,50.071313],[19.978259,50.071337],[19.978336,50.071335],[19.978343,50.071469],[19.978119,50.071473],[19.978112,50.071317]]]}},{"type":"Feature","id":"w113730231","properties":{"type":"garage","residential":false,"residents_est":0,"h3_10":"8a1e2e684997fff","h3_11":"8b1e2e684991fff"},"geometry":{"type":"Polygon","coordinates":[[[19.976096,50.070422],[19.976135,50.070362],[19.976211,50.070382],[19.976245,50.070329],[19.976826,50.070484],[19.976752,50.070597],[19.976096,50.070422]]]}},{"type":"Feature","id":"w113730236","properties":{"type":"garages","residential":false,"residents_est":0,"h3_10":"8a1e2e684987fff","h3_11":"8b1e2e684983fff"},"geometry":{"type":"Polygon","coordinates":[[[19.976699,50.070838],[19.976785,50.070813],[19.977034,50.071166],[19.976947,50.071191],[19.976699,50.070838]]]}},{"type":"Feature","id":"w113730238","properties":{"type":"yes","address":"Ostatnia 20a","residential":true,"residents_est":1,"h3_10":"8a1e2e6849affff","h3_11":"8b1e2e6849aafff"},"geometry":{"type":"Polygon","coordinates":[[[19.977796,50.071805],[19.977948,50.071802],[19.97795,50.071852],[19.977798,50.071855],[19.977796,50.071805]]]}},{"type":"Feature","id":"w113730239","properties":{"type":"garages","residential":false,"residents_est":0,"h3_10":"8a1e2e684987fff","h3_11":"8b1e2e684980fff"},"geometry":{"type":"Polygon","coordinates":[[[19.976838,50.071258],[19.976935,50.071227],[19.977028,50.07135],[19.976931,50.07138],[19.976838,50.071258]]]}},{"type":"Feature","id":"w113730242","properties":{"type":"apartments","levels":0.0,"address":"Ostatnia 1F","residential":true,"residents_est":70,"h3_10":"8a1e2e68499ffff","h3_11":"8b1e2e684998fff"},"geometry":{"type":"Polygon","coordinates":[[[19.976702,50.070077],[19.97733,50.069773],[19.977455,50.069772],[19.977464,50.07013],[19.977104,50.070136],[19.9771,50.070041],[19.977081,50.070026],[19.976955,50.070092],[19.97697,50.070103],[19.976894,50.070137],[19.976869,50.070116],[19.976811,50.070146],[19.976786,50.070121],[19.976766,50.07013],[19.976702,50.070077]]]}},{"type":"Feature","id":"w113730243","properties":{"type":"garage","residential":false,"residents_est":0,"h3_10":"8a1e2e684997fff","h3_11":"8b1e2e684991fff"},"geometry":{"type":"Polygon","coordinates":[[[19.975932,50.070515],[19.975969,50.070458],[19.976669,50.070644],[19.976632,50.070701],[19.975932,50.070515]]]}},{"type":"Feature","id":"w113730245","properties":{"type":"garages","residential":false,"residents_est":0,"h3_10":"8a1e2e684987fff","h3_11":"8b1e2e684980fff"},"geometry":{"type":"Polygon","coordinates":[[[19.976622,50.070881],[19.976709,50.070856],[19.976965,50.071217],[19.976878,50.071243],[19.976622,50.070881]]]}},{"type":"Feature","id":"w114160698","properties":{"type":"apartments","levels":5.0,"address":"Ostatnia 2e","residential":true,"residents_est":17,"h3_10":"8a1e2e68499ffff","h3_11":"8b1e2e68499afff"},"geometry":{"type":"Polygon","coordinates":[[[19.976591,50.069595],[19.976704,50.06954],[19.976729,50.069561],[19.976804,50.069524],[19.976943,50.069641],[19.976757,50.069733],[19.976591,50.069595]]]}},{"type":"Feature","id":"w114165045","properties":{"type":"apartments","levels":16.0,"address":"Ostatnia 2h","residential":true,"residents_est":84,"h3_10":"8a1e2e6848a7fff","h3_11":"8b1e2e6848a2fff"},"geometry":{"type":"Polygon","coordinates":[[[19.978163,50.069545],[19.978279,50.069378],[19.978558,50.069458],[19.978534,50.069492],[19.978569,50.069502],[19.978477,50.069635],[19.978336,50.069595],[19.97835,50.069575],[19.978334,50.06957],[19.978318,50.069566],[19.978304,50.069586],[19.978163,50.069545]]]}},{"type":"Feature","id":"w114165048","properties":{"type":"retail","levels":3.0,"address":"Ostatnia 1d","residential":false,"residents_est":0,"h3_10":"8a1e2e6848a7fff","h3_11":"8b1e2e6848a6fff"},"geometry":{"type":"Polygon","coordinates":[[[19.978092,50.070021],[19.97872,50.069673],[19.97882,50.069747],[19.978192,50.070095],[19.978092,50.070021]]]}},{"type":"Feature","id":"w114165051","properties":{"type":"apartments","levels":15.0,"address":"Ostatnia 2f","residential":true,"residents_est":78,"h3_10":"8a1e2e6848b7fff","h3_11":"8b1e2e6848b4fff"},"geometry":{"type":"Polygon","coordinates":[[[19.977074,50.069399],[19.977372,50.069355],[19.977385,50.069392],[19.977422,50.069387],[19.97747,50.069529],[19.977321,50.069551],[19.977313,50.06953],[19.97728,50.069534],[19.977288,50.069556],[19.977137,50.069577],[19.977074,50.069399]]]}},{"type":"Feature","id":"w114165055","properties":{"type":"apartments","levels":5.0,"address":"Ostatnia 2g","residential":true,"residents_est":17,"h3_10":"8a1e2e6848b7fff","h3_11":"8b1e2e6848b5fff"},"geometry":{"type":"Polygon","coordinates":[[[19.977704,50.069512],[19.977715,50.069337],[19.977857,50.069341],[19.977856,50.069367],[19.97795,50.06937],[19.977941,50.069518],[19.977704,50.069512]]]}},{"type":"Feature","id":"w114165057","properties":{"type":"service","residential":false,"residents_est":0,"h3_10":"8a1e2e684997fff","h3_11":"8b1e2e684990fff"},"geometry":{"type":"Polygon","coordinates":[[[19.975172,50.070774],[19.975338,50.070499],[19.975567,50.070556],[19.975401,50.070831],[19.975172,50.070774]]]}},{"type":"Feature","id":"w114515966","properties":{"type":"garages","levels":1.0,"residential":false,"residents_est":0,"h3_10":"8a1e2e6849b7fff","h3_11":"8b1e2e6849b6fff"},"geometry":{"type":"Polygon","coordinates":[[[19.974315,50.071632],[19.974394,50.071608],[19.97443,50.071659],[19.97441,50.071666],[19.974587,50.071915],[19.974506,50.071939],[19.974328,50.071687],[19.974349,50.071681],[19.974315,50.071632]]]}},{"type":"Feature","id":"w114515967","properties":{"type":"apartments","levels":4.0,"address":"Tadeusza Kantora 4","residential":true,"residents_est":32,"h3_10":"8a1e2e6849b7fff","h3_11":"8b1e2e6849b0fff"},"geometry":{"type":"Polygon","coordinates":[[[19.974745,50.071903],[19.974854,50.071872],[19.97485,50.071858],[19.974909,50.071841],[19.974924,50.071852],[19.975107,50.071799],[19.975103,50.071785],[19.975163,50.071768],[19.975177,50.07178],[19.975357,50.071728],[19.975355,50.071714],[19.975414,50.071697],[19.975428,50.071709],[19.975527,50.071681],[19.975594,50.071778],[19.974811,50.071999],[19.974745,50.071903]]]}},{"type":"Feature","id":"w114515969","properties":{"type":"apartments","levels":5.0,"address":"Tadeusza Kantora 5","residential":true,"residents_est":45,"h3_10":"8a1e2e684987fff","h3_11":"8b1e2e684984fff"},"geometry":{"type":"Polygon","coordinates":[[[19.975971,50.071792],[19.976857,50.071534],[19.976892,50.071584],[19.976874,50.071589],[19.976909,50.071639],[19.976042,50.071891],[19.975971,50.071792]]]}},{"type":"Feature","id":"w114515973","properties":{"type":"garages","levels":1.0,"residential":false,"residents_est":0,"h3_10":"8a1e2e6849b7fff","h3_11":"8b1e2e6849b4fff"},"geometry":{"type":"Polygon","coordinates":[[[19.974224,50.071996],[19.974382,50.071951],[19.97445,50.072053],[19.97443,50.072058],[19.974582,50.072282],[19.974424,50.072325],[19.974271,50.0721],[19.97429,50.072095],[19.974224,50.071996]]]}},{"type":"Feature","id":"w114515978","properties":{"type":"apartments","levels":5.0,"address":"Tadeusza Kantora 7","residential":true,"residents_est":45,"h3_10":"8a1e2e6849a7fff","h3_11":"8b1e2e6849a3fff"},"geometry":{"type":"Polygon","coordinates":[[[19.976259,50.072214],[19.97715,50.071959],[19.977184,50.072007],[19.977162,50.072014],[19.977198,50.072065],[19.976329,50.072314],[19.976259,50.072214]]]}},{"type":"Feature","id":"w114515980","properties":{"type":"apartments","levels":4.0,"address":"Tadeusza Kantora 6","residential":true,"residents_est":32,"h3_10":"8a1e2e6849b7fff","h3_11":"8b1e2e6849b5fff"},"geometry":{"type":"Polygon","coordinates":[[[19.975038,50.072325],[19.975128,50.072299],[19.975133,50.072283],[19.97519,50.072267],[19.975211,50.072276],[19.975388,50.072226],[19.975392,50.07221],[19.975449,50.072194],[19.975471,50.072203],[19.975646,50.072153],[19.97565,50.072136],[19.975708,50.07212],[19.975729,50.07213],[19.97582,50.072104],[19.975886,50.072201],[19.975105,50.072421],[19.975038,50.072325]]]}},{"type":"Feature","id":"w114515984","properties":{"type":"apartments","address":"Tadeusza Kantora 2","residential":true,"residents_est":40,"h3_10":"8a1e2e6849b7fff","h3_11":"8b1e2e6849b2fff"},"geometry":{"type":"Polygon","coordinates":[[[19.974455,50.07148],[19.974563,50.071449],[19.974559,50.071435],[19.974617,50.071418],[19.974631,50.071429],[19.974815,50.071376],[19.974812,50.071363],[19.97487,50.071346],[19.974884,50.071358],[19.975068,50.071305],[19.975064,50.071291],[19.975122,50.071274],[19.975135,50.071286],[19.975232,50.071258],[19.975299,50.071354],[19.974521,50.071576],[19.974455,50.07148]]]}},{"type":"Feature","id":"w114515985","properties":{"type":"garages","levels":1.0,"residential":false,"residents_est":0,"h3_10":"8a1e2e6849b7fff","h3_11":"8b1e2e6849b4fff"},"geometry":{"type":"Polygon","coordinates":[[[19.974621,50.072112],[19.974703,50.072088],[19.974825,50.072265],[19.974744,50.072289],[19.974621,50.072112]]]}},{"type":"Feature","id":"w114515986","properties":{"type":"apartments","levels":5.0,"address":"Tadeusza Kantora 3","residential":true,"residents_est":47,"h3_10":"8a1e2e684987fff","h3_11":"8b1e2e684986fff"},"geometry":{"type":"Polygon","coordinates":[[[19.97568,50.071375],[19.976585,50.071117],[19.976654,50.071217],[19.97575,50.071476],[19.97568,50.071375]]]}},{"type":"Feature","id":"w114515988","properties":{"type":"garages","residential":false,"residents_est":0,"h3_10":"8a1e2e684987fff","h3_11":"8b1e2e684985fff"},"geometry":{"type":"Polygon","coordinates":[[[19.977026,50.071708],[19.977114,50.071681],[19.977221,50.071827],[19.977132,50.071854],[19.977026,50.071708]]]}},{"type":"Feature","id":"w114515989","properties":{"type":"garages","residential":false,"residents_est":0,"h3_10":"8a1e2e6849a7fff","h3_11":"8b1e2e6849a1fff"},"geometry":{"type":"Polygon","coordinates":[[[19.977221,50.072163],[19.977311,50.072136],[19.977418,50.072283],[19.977328,50.07231],[19.977221,50.072163]]]}},{"type":"Feature","id":"w118967859","properties":{"type":"yes","residential":true,"residents_est":1,"h3_10":"8a1e2e684937fff","h3_11":"8b1e2e684930fff"},"geometry":{"type":"Polygon","coordinates":[[[19.977414,50.074264],[19.97742,50.074205],[19.977685,50.074217],[19.977678,50.074276],[19.977414,50.074264]]]}},{"type":"Feature","id":"w125239480","properties":{"type":"apartments","levels":6.0,"address":"Czyżyńska 21a","residential":true,"residents_est":39,"h3_10":"8a1e2e6848e7fff","h3_11":"8b1e2e6848e5fff"},"geometry":{"type":"Polygon","coordinates":[[[19.983888,50.070051],[19.983977,50.070009],[19.983987,50.070017],[19.984018,50.070003],[19.984008,50.069994],[19.984061,50.069969],[19.984071,50.069978],[19.98415,50.06994],[19.984141,50.069932],[19.984193,50.069906],[19.984203,50.069915],[19.984235,50.0699],[19.984225,50.069892],[19.984314,50.069849],[19.984352,50.069883],[19.984339,50.06989],[19.984362,50.06991],[19.984376,50.069904],[19.984365,50.069912],[19.984392,50.069936],[19.984405,50.06993],[19.984455,50.069973],[19.984366,50.070015],[19.984356,50.070006],[19.984324,50.070021],[19.984334,50.07003],[19.984281,50.070055],[19.984271,50.070046],[19.984192,50.070084],[19.984202,50.070092],[19.984149,50.070117],[19.984139,50.070109],[19.984108,50.070124],[19.984117,50.070132],[19.984029,50.070174],[19.983976,50.070128],[19.98399,50.070122],[19.983966,50.070101],[19.98395,50.070105],[19.983963,50.070099],[19.98394,50.070078],[19.983926,50.070085],[19.983888,50.070051]]]}},{"type":"Feature","id":"w125239481","properties":{"type":"apartments","levels":6.0,"address":"Czyżyńska 21","residential":true,"residents_est":39,"h3_10":"8a1e2e6848e7fff","h3_11":"8b1e2e6848e0fff"},"geometry":{"type":"Polygon","coordinates":[[[19.983601,50.0698],[19.98369,50.069758],[19.9837,50.069767],[19.983732,50.069752],[19.983722,50.069743],[19.983775,50.069718],[19.983784,50.069727],[19.983864,50.069689],[19.983854,50.06968],[19.983907,50.069655],[19.983917,50.069664],[19.983948,50.069649],[19.983938,50.06964],[19.984027,50.069599],[19.984064,50.069632],[19.98405,50.069638],[19.984075,50.06966],[19.984091,50.069655],[19.984077,50.069662],[19.984102,50.069684],[19.984116,50.069677],[19.984167,50.069722],[19.984079,50.069764],[19.984069,50.069755],[19.984038,50.06977],[19.984047,50.069779],[19.983996,50.069803],[19.983975,50.069785],[19.98395,50.069797],[19.98396,50.069806],[19.983904,50.069833],[19.983914,50.069842],[19.983863,50.069866],[19.983853,50.069857],[19.983821,50.069873],[19.983831,50.069881],[19.983742,50.069923],[19.98369,50.069877],[19.983704,50.069871],[19.98368,50.06985],[19.983664,50.069854],[19.983678,50.069848],[19.983654,50.069827],[19.98364,50.069834],[19.983601,50.0698]]]}},{"type":"Feature","id":"w125239482","properties":{"type":"apartments","levels":6.0,"address":"Czyżyńska 21b","residential":true,"residents_est":39,"h3_10":"8a1e2e6848e7fff","h3_11":"8b1e2e6848e5fff"},"geometry":{"type":"Polygon","coordinates":[[[19.984174,50.070302],[19.984263,50.07026],[19.984273,50.070269],[19.984304,50.070254],[19.984295,50.070245],[19.984347,50.07022],[19.984358,50.070229],[19.984437,50.070191],[19.984427,50.070182],[19.98448,50.070157],[19.98449,50.070166],[19.984521,50.070151],[19.984511,50.070142],[19.9846,50.0701],[19.984653,50.070146],[19.984639,50.070153],[19.984663,50.070174],[19.984679,50.070169],[19.984665,50.070175],[19.984689,50.070197],[19.984703,50.07019],[19.984741,50.070224],[19.984652,50.070266],[19.984642,50.070257],[19.984611,50.070272],[19.984621,50.070281],[19.984568,50.070306],[19.984558,50.070297],[19.984479,50.070335],[19.984488,50.070343],[19.984436,50.070369],[19.984426,50.07036],[19.984394,50.070375],[19.984404,50.070383],[19.984315,50.070426],[19.984277,50.070392],[19.98429,50.070385],[19.984266,50.070364],[19.984252,50.070371],[19.984264,50.070363],[19.98424,50.070341],[19.984227,50.070348],[19.984174,50.070302]]]}},{"type":"Feature","id":"w149146047","properties":{"type":"yes","address":"Śliczna 10a","residential":true,"residents_est":12,"h3_10":"8a1e2e68491ffff","h3_11":"8b1e2e68491dfff"},"geometry":{"type":"Polygon","coordinates":[[[19.979678,50.073032],[19.98011,50.073019],[19.980122,50.073186],[19.979694,50.073199],[19.979678,50.073032]]]}},{"type":"Feature","id":"w156431376","properties":{"type":"yes","address":"Mogilska 121","residential":true,"residents_est":44,"h3_10":"8a1e2e6848f7fff","h3_11":"8b1e2e6848f6fff"},"geometry":{"type":"Polygon","coordinates":[[[19.980947,50.069055],[19.980999,50.068996],[19.981017,50.069002],[19.981064,50.068946],[19.981097,50.068958],[19.981108,50.068946],[19.981139,50.068936],[19.981165,50.068907],[19.981217,50.068922],[19.981226,50.068912],[19.981256,50.068904],[19.981282,50.068874],[19.98133,50.068891],[19.98134,50.06888],[19.981376,50.068869],[19.981401,50.06884],[19.981451,50.068858],[19.981461,50.068846],[19.981493,50.068837],[19.981517,50.068808],[19.981586,50.068832],[19.981639,50.06877],[19.981736,50.068805],[19.981747,50.068792],[19.981876,50.068836],[19.981858,50.068856],[19.981908,50.068874],[19.981899,50.068886],[19.981987,50.068917],[19.981977,50.068929],[19.982017,50.068944],[19.981997,50.068967],[19.982045,50.068984],[19.982035,50.068995],[19.982123,50.069026],[19.982112,50.069038],[19.982153,50.069052],[19.982068,50.069151],[19.982145,50.069178],[19.982102,50.069229],[19.982083,50.069222],[19.982058,50.06925],[19.982008,50.069232],[19.981984,50.06926],[19.982004,50.069267],[19.98196,50.069317],[19.981942,50.06931],[19.981918,50.069339],[19.981867,50.069321],[19.981845,50.069346],[19.981863,50.069353],[19.98182,50.069403],[19.981803,50.069397],[19.981778,50.069425],[19.981724,50.069406],[19.981707,50.069426],[19.981725,50.069433],[19.981654,50.069516],[19.981554,50.069481],[19.98161,50.069414],[19.981633,50.069422],[19.981688,50.069358],[19.981666,50.06935],[19.981677,50.069337],[19.98167,50.069334],[19.981693,50.069307],[19.9817,50.06931],[19.981734,50.06927],[19.981785,50.069288],[19.981874,50.069184],[19.981925,50.069201],[19.982028,50.06908],[19.981911,50.06904],[19.9819,50.069053],[19.981852,50.069036],[19.9819,50.06898],[19.981786,50.068939],[19.981803,50.068918],[19.981676,50.068875],[19.981619,50.068939],[19.981572,50.068922],[19.981584,50.068907],[19.981521,50.068886],[19.981473,50.068943],[19.981416,50.068923],[19.981366,50.068982],[19.981291,50.068955],[19.981243,50.069012],[19.981264,50.069019],[19.981237,50.06905],[19.98119,50.069034],[19.981168,50.069061],[19.981195,50.06907],[19.981185,50.069083],[19.981223,50.069097],[19.981234,50.069084],[19.981311,50.069112],[19.981302,50.069124],[19.981345,50.069139],[19.981312,50.069179],[19.981351,50.069193],[19.981361,50.069181],[19.98144,50.069209],[19.98143,50.06922],[19.981473,50.069236],[19.98144,50.069275],[19.981479,50.069289],[19.981489,50.069277],[19.981549,50.069299],[19.981464,50.069398],[19.981361,50.06936],[19.981394,50.069321],[19.981234,50.069264],[19.981267,50.069225],[19.981102,50.069167],[19.981112,50.069155],[19.981071,50.06914],[19.981088,50.069122],[19.981047,50.069107],[19.981058,50.069094],[19.980947,50.069055]]]}},{"type":"Feature","id":"w156439714","properties":{"type":"residential","address":"Majora Pilota Stefana Janusa 16","residential":true,"residents_est":4,"h3_10":"8a1e2e68481ffff","h3_11":"8b1e2e68481bfff"},"geometry":{"type":"Polygon","coordinates":[[[19.982444,50.069938],[19.982479,50.069927],[19.982459,50.069901],[19.982559,50.069869],[19.982626,50.069955],[19.982526,50.069987],[19.982508,50.069965],[19.982473,50.069975],[19.982444,50.069938]]]}},{"type":"Feature","id":"w156439715","properties":{"type":"residential","address":"Czyżyńska 10","residential":true,"residents_est":4,"h3_10":"8a1e2e6848e7fff","h3_11":"8b1e2e6848e4fff"},"geometry":{"type":"Polygon","coordinates":[[[19.983615,50.070243],[19.983714,50.070198],[19.983799,50.070276],[19.983699,50.070321],[19.983615,50.070243]]]}},{"type":"Feature","id":"w156439716","properties":{"type":"house","levels":2.0,"address":"Czyżyńska 17","residential":true,"residents_est":3,"h3_10":"8a1e2e68480ffff","h3_11":"8b1e2e68480bfff"},"geometry":{"type":"Polygon","coordinates":[[[19.983618,50.070471],[19.98378,50.070405],[19.983862,50.07049],[19.9837,50.070555],[19.983618,50.070471]]]}},{"type":"Feature","id":"w156439719","properties":{"type":"house","levels":2.0,"address":"Majora Pilota Stefana Janusa 20","residential":true,"residents_est":1,"h3_10":"8a1e2e68481ffff","h3_11":"8b1e2e68481bfff"},"geometry":{"type":"Polygon","coordinates":[[[19.982249,50.069671],[19.982388,50.069626],[19.982426,50.069673],[19.982287,50.069719],[19.982249,50.069671]]]}},{"type":"Feature","id":"w156439720","properties":{"type":"apartments","levels":2.0,"address":"Majora Pilota Stefana Janusa 28","residential":true,"residents_est":2,"h3_10":"8a1e2e6848f7fff","h3_11":"8b1e2e6848f4fff"},"geometry":{"type":"Polygon","coordinates":[[[19.982109,50.069338],[19.982218,50.069292],[19.982291,50.069387],[19.982175,50.069425],[19.982109,50.069338]]]}},{"type":"Feature","id":"w156439721","properties":{"type":"house","levels":2.0,"address":"Majora Pilota Stefana Janusa 18","residential":true,"residents_est":2,"h3_10":"8a1e2e68481ffff","h3_11":"8b1e2e68481bfff"},"geometry":{"type":"Polygon","coordinates":[[[19.982335,50.069749],[19.982452,50.069712],[19.982517,50.069795],[19.982401,50.069833],[19.982335,50.069749]]]}},{"type":"Feature","id":"w156439724","properties":{"type":"residential","address":"Czyżyńska 8","residential":true,"residents_est":5,"h3_10":"8a1e2e6848e7fff","h3_11":"8b1e2e6848e4fff"},"geometry":{"type":"Polygon","coordinates":[[[19.983343,50.07014],[19.983401,50.070113],[19.983573,50.070268],[19.983516,50.070294],[19.983343,50.07014]]]}},{"type":"Feature","id":"w156439731","properties":{"type":"house","levels":1.0,"address":"Majora Pilota Stefana Janusa 5","residential":true,"residents_est":1,"h3_10":"8a1e2e6848e7fff","h3_11":"8b1e2e6848e6fff"},"geometry":{"type":"Polygon","coordinates":[[[19.983019,50.070035],[19.983155,50.069971],[19.983237,50.070045],[19.9831,50.070108],[19.983019,50.070035]]]}},{"type":"Feature","id":"w156439733","properties":{"type":"apartments","address":"Mogilska 123","residential":true,"residents_est":58,"h3_10":"8a1e2e68481ffff","h3_11":"8b1e2e68481afff"},"geometry":{"type":"Polygon","coordinates":[[[19.981737,50.069662],[19.981924,50.069597],[19.98203,50.069725],[19.982012,50.069731],[19.982025,50.069747],[19.982043,50.069741],[19.982185,50.069911],[19.982167,50.069917],[19.98218,50.069933],[19.982198,50.069927],[19.982412,50.070184],[19.982266,50.070234],[19.982221,50.070201],[19.982157,50.070142],[19.982119,50.070097],[19.982103,50.070102],[19.98201,50.069991],[19.982025,50.069986],[19.981977,50.069928],[19.981962,50.069933],[19.981856,50.069805],[19.981871,50.0698],[19.981822,50.069741],[19.981807,50.069746],[19.981737,50.069662]]]}},{"type":"Feature","id":"w156439735","properties":{"type":"house","levels":2.0,"address":"Majora Pilota Stefana Janusa 26","residential":true,"residents_est":2,"h3_10":"8a1e2e6848f7fff","h3_11":"8b1e2e6848f4fff"},"geometry":{"type":"Polygon","coordinates":[[[19.982051,50.069464],[19.982166,50.069426],[19.982218,50.069492],[19.982107,50.06953],[19.982051,50.069464]]]}},{"type":"Feature","id":"w156439736","properties":{"type":"house","levels":2.0,"address":"Majora Pilota Stefana Janusa 24","residential":true,"residents_est":1,"h3_10":"8a1e2e6848f7fff","h3_11":"8b1e2e6848f4fff"},"geometry":{"type":"Polygon","coordinates":[[[19.982145,50.069557],[19.982176,50.069547],[19.982151,50.069515],[19.982218,50.069492],[19.982277,50.069564],[19.982177,50.069598],[19.982145,50.069557]]]}},{"type":"Feature","id":"w156439737","properties":{"type":"house","levels":2.0,"address":"Majora Pilota Stefana Janusa 14","residential":true,"residents_est":1,"h3_10":"8a1e2e68481ffff","h3_11":"8b1e2e68481bfff"},"geometry":{"type":"Polygon","coordinates":[[[19.98253,50.069995],[19.982647,50.069957],[19.982693,50.070015],[19.982577,50.070054],[19.98253,50.069995]]]}},{"type":"Feature","id":"w156439739","properties":{"type":"house","levels":1.0,"address":"Majora Pilota Stefana Janusa 8","residential":true,"residents_est":1,"h3_10":"8a1e2e68481ffff","h3_11":"8b1e2e684819fff"},"geometry":{"type":"Polygon","coordinates":[[[19.982711,50.070216],[19.982832,50.070177],[19.982906,50.070269],[19.982786,50.070309],[19.982711,50.070216]]]}},{"type":"Feature","id":"w156439740","properties":{"type":"yes","address":"Aleja Jana Pawła II 22","residential":true,"residents_est":1,"h3_10":"8a1e2e68480ffff","h3_11":"8b1e2e684808fff"},"geometry":{"type":"Polygon","coordinates":[[[19.983168,50.070847],[19.983292,50.070805],[19.983355,50.070882],[19.98323,50.070924],[19.983168,50.070847]]]}},{"type":"Feature","id":"w156439741","properties":{"type":"apartments","levels":3.0,"address":"Majora Pilota Stefana Janusa 10","residential":true,"residents_est":4,"h3_10":"8a1e2e68481ffff","h3_11":"8b1e2e684819fff"},"geometry":{"type":"Polygon","coordinates":[[[19.982632,50.070118],[19.982753,50.070079],[19.982832,50.070177],[19.982711,50.070216],[19.982682,50.070179],[19.982675,50.070181],[19.982656,50.070158],[19.982663,50.070156],[19.982632,50.070118]]]}},{"type":"Feature","id":"w156439745","properties":{"type":"house","levels":2.0,"address":"Czyżyńska 6","residential":true,"residents_est":3,"h3_10":"8a1e2e6848e7fff","h3_11":"8b1e2e6848e4fff"},"geometry":{"type":"Polygon","coordinates":[[[19.983373,50.070355],[19.983454,50.070319],[19.983444,50.07031],[19.983459,50.070303],[19.98347,50.070313],[19.983515,50.070293],[19.983596,50.070367],[19.983454,50.070429],[19.983373,50.070355]]]}},{"type":"Feature","id":"w156439746","properties":{"type":"house","levels":3.0,"address":"Majora Pilota Stefana Janusa 1","residential":true,"residents_est":4,"h3_10":"8a1e2e68480ffff","h3_11":"8b1e2e68480afff"},"geometry":{"type":"Polygon","coordinates":[[[19.983232,50.070417],[19.983284,50.070394],[19.983274,50.070384],[19.983319,50.070365],[19.983329,50.070374],[19.983373,50.070355],[19.983454,50.070429],[19.983313,50.070491],[19.983232,50.070417]]]}},{"type":"Feature","id":"w156439747","properties":{"type":"house","levels":2.0,"address":"Czyżyńska 13","residential":true,"residents_est":3,"h3_10":"8a1e2e68480ffff","h3_11":"8b1e2e68480afff"},"geometry":{"type":"Polygon","coordinates":[[[19.983304,50.070602],[19.983457,50.070537],[19.98354,50.070617],[19.98349,50.070638],[19.983501,50.070649],[19.983447,50.070672],[19.983436,50.070661],[19.983384,50.070683],[19.983304,50.070602]]]}},{"type":"Feature","id":"w156439748","properties":{"type":"house","levels":2.0,"address":"Majora Pilota Stefana Janusa 6","residential":true,"residents_est":1,"h3_10":"8a1e2e68481ffff","h3_11":"8b1e2e684819fff"},"geometry":{"type":"Polygon","coordinates":[[[19.982857,50.070316],[19.982971,50.070279],[19.983013,50.070334],[19.9829,50.070372],[19.982857,50.070316]]]}},{"type":"Feature","id":"w156439749","properties":{"type":"house","address":"Majora Pilota Stefana Janusa 1B","residential":true,"residents_est":2,"h3_10":"8a1e2e6848e7fff","h3_11":"8b1e2e6848e4fff"},"geometry":{"type":"Polygon","coordinates":[[[19.983153,50.070253],[19.983225,50.070221],[19.983342,50.070328],[19.983214,50.070385],[19.98318,50.070353],[19.983236,50.070327],[19.983153,50.070253]]]}},{"type":"Feature","id":"w156877540","properties":{"type":"house","levels":2.0,"address":"Śliczna 10","residential":true,"residents_est":1,"h3_10":"8a1e2e68491ffff","h3_11":"8b1e2e684918fff"},"geometry":{"type":"Polygon","coordinates":[[[19.979618,50.072606],[19.97962,50.072534],[19.979733,50.072535],[19.979731,50.072624],[19.979658,50.072622],[19.979658,50.072607],[19.979618,50.072606]]]}},{"type":"Feature","id":"w156877542","properties":{"type":"apartments","levels":11.0,"address":"Śliczna 12","residential":true,"residents_est":137,"h3_10":"8a1e2e684917fff","h3_11":"8b1e2e684915fff"},"geometry":{"type":"Polygon","coordinates":[[[19.977942,50.073547],[19.978179,50.073508],[19.978187,50.073527],[19.978448,50.073481],[19.978457,50.073501],[19.97872,50.073456],[19.978727,50.073474],[19.97898,50.07343],[19.97897,50.073405],[19.97921,50.073363],[19.979252,50.073463],[19.979174,50.073477],[19.979186,50.073506],[19.97915,50.073514],[19.979114,50.073518],[19.979101,50.073491],[19.979027,50.073505],[19.979036,50.073527],[19.978923,50.073547],[19.978935,50.073575],[19.978902,50.073581],[19.978864,50.073587],[19.978853,50.073561],[19.978772,50.073575],[19.978763,50.073555],[19.978655,50.073573],[19.978666,50.0736],[19.978599,50.073612],[19.978588,50.073585],[19.978507,50.0736],[19.978498,50.07358],[19.978386,50.073601],[19.978397,50.073627],[19.97833,50.073638],[19.978319,50.073613],[19.978238,50.073627],[19.978229,50.073604],[19.978138,50.073619],[19.978148,50.073643],[19.978083,50.073654],[19.978073,50.073631],[19.977985,50.073647],[19.977942,50.073547]]]}},{"type":"Feature","id":"w156877544","properties":{"type":"apartments","levels":11.0,"address":"Śliczna 12a","residential":true,"residents_est":93,"h3_10":"8a1e2e68491ffff","h3_11":"8b1e2e68491efff"},"geometry":{"type":"Polygon","coordinates":[[[19.978308,50.072758],[19.978545,50.072753],[19.978544,50.072731],[19.978784,50.072726],[19.978783,50.072701],[19.979017,50.072697],[19.979016,50.072675],[19.979255,50.072671],[19.979259,50.072769],[19.979025,50.072773],[19.979027,50.072803],[19.978792,50.072808],[19.978793,50.072831],[19.97855,50.072835],[19.978551,50.072855],[19.978313,50.07286],[19.978308,50.072758]]]}},{"type":"Feature","id":"w156877547","properties":{"type":"house","levels":1.0,"address":"Ładna 24","residential":true,"residents_est":1,"h3_10":"8a1e2e684807fff","h3_11":"8b1e2e684804fff"},"geometry":{"type":"Polygon","coordinates":[[[19.981154,50.071709],[19.9812,50.071679],[19.981171,50.071659],[19.981276,50.071597],[19.98136,50.07166],[19.981264,50.071726],[19.981232,50.071703],[19.981183,50.071728],[19.981159,50.071723],[19.981154,50.071709]]]}},{"type":"Feature","id":"w156877550","properties":{"type":"house","levels":1.0,"address":"Ładna 26","residential":true,"residents_est":1,"h3_10":"8a1e2e684807fff","h3_11":"8b1e2e684804fff"},"geometry":{"type":"Polygon","coordinates":[[[19.981264,50.071726],[19.98136,50.07166],[19.98145,50.071729],[19.981342,50.071786],[19.981264,50.071726]]]}},{"type":"Feature","id":"w156877554","properties":{"type":"yes","address":"Ogrodnicza 4a","residential":true,"residents_est":1,"h3_10":"8a1e2e684837fff","h3_11":"8b1e2e684834fff"},"geometry":{"type":"Polygon","coordinates":[[[19.979453,50.072111],[19.979668,50.072102],[19.979676,50.072179],[19.979461,50.072188],[19.979453,50.072111]]]}},{"type":"Feature","id":"w156877555","properties":{"type":"house","levels":3.0,"address":"Ogrodnicza 5","residential":true,"residents_est":4,"h3_10":"8a1e2e684837fff","h3_11":"8b1e2e684835fff"},"geometry":{"type":"Polygon","coordinates":[[[19.980021,50.072031],[19.980232,50.072023],[19.980233,50.072095],[19.980048,50.072102],[19.980044,50.072059],[19.980023,50.072059],[19.980021,50.072031]]]}},{"type":"Feature","id":"w156877557","properties":{"type":"house","levels":3.0,"address":"Ogrodnicza 5a","residential":true,"residents_est":3,"h3_10":"8a1e2e684837fff","h3_11":"8b1e2e684835fff"},"geometry":{"type":"Polygon","coordinates":[[[19.980018,50.072002],[19.980038,50.072002],[19.980035,50.071959],[19.980219,50.071953],[19.980232,50.072023],[19.980021,50.072031],[19.980018,50.072002]]]}},{"type":"Feature","id":"w156877560","properties":{"type":"yes","address":"Ogrodnicza 6","residential":true,"residents_est":1,"h3_10":"8a1e2e684837fff","h3_11":"8b1e2e684834fff"},"geometry":{"type":"Polygon","coordinates":[[[19.979446,50.072033],[19.97966,50.072024],[19.979668,50.072102],[19.979453,50.072111],[19.979446,50.072033]]]}},{"type":"Feature","id":"w156877561","properties":{"type":"house","levels":1.0,"address":"Śliczna 6","residential":true,"residents_est":1,"h3_10":"8a1e2e68491ffff","h3_11":"8b1e2e68491bfff"},"geometry":{"type":"Polygon","coordinates":[[[19.979909,50.07262],[19.979912,50.072536],[19.980058,50.072537],[19.980057,50.072621],[19.979909,50.07262]]]}},{"type":"Feature","id":"w156877562","properties":{"type":"yes","address":"Ogrodnicza 6a","residential":true,"residents_est":1,"h3_10":"8a1e2e684837fff","h3_11":"8b1e2e684834fff"},"geometry":{"type":"Polygon","coordinates":[[[19.979439,50.071967],[19.979654,50.071959],[19.97966,50.072024],[19.979446,50.072033],[19.979439,50.071967]]]}},{"type":"Feature","id":"w156877565","properties":{"type":"house","levels":2.0,"address":"Śliczna 8","residential":true,"residents_est":3,"h3_10":"8a1e2e68491ffff","h3_11":"8b1e2e684918fff"},"geometry":{"type":"Polygon","coordinates":[[[19.979731,50.072624],[19.979733,50.072535],[19.979912,50.072536],[19.979909,50.072625],[19.979731,50.072624]]]}},{"type":"Feature","id":"w156884216","properties":{"type":"house","levels":1.0,"address":"Ostatnia 10","residential":true,"residents_est":1,"h3_10":"8a1e2e684987fff","h3_11":"8b1e2e684981fff"},"geometry":{"type":"Polygon","coordinates":[[[19.977766,50.071238],[19.977927,50.071233],[19.977932,50.071295],[19.977771,50.0713],[19.977766,50.071238]]]}},{"type":"Feature","id":"w156884217","properties":{"type":"house","levels":2.0,"address":"Ostatnia 12","residential":true,"residents_est":4,"h3_10":"8a1e2e684987fff","h3_11":"8b1e2e684981fff"},"geometry":{"type":"Polygon","coordinates":[[[19.977754,50.071427],[19.977767,50.071426],[19.977762,50.071362],[19.97792,50.071357],[19.97793,50.071483],[19.977759,50.071489],[19.977754,50.071427]]]}},{"type":"Feature","id":"w156884218","properties":{"type":"house","levels":1.0,"address":"Ostatnia 12a","residential":true,"residents_est":1,"h3_10":"8a1e2e684987fff","h3_11":"8b1e2e684981fff"},"geometry":{"type":"Polygon","coordinates":[[[19.977771,50.0713],[19.977932,50.071295],[19.977936,50.071357],[19.977776,50.071362],[19.977771,50.0713]]]}},{"type":"Feature","id":"w156884220","properties":{"type":"house","levels":2.0,"address":"Ostatnia 14","residential":true,"residents_est":3,"h3_10":"8a1e2e6849affff","h3_11":"8b1e2e6849aafff"},"geometry":{"type":"Polygon","coordinates":[[[19.977759,50.071489],[19.97793,50.071483],[19.977937,50.071581],[19.977778,50.071585],[19.977776,50.071552],[19.977763,50.071553],[19.977759,50.071489]]]}},{"type":"Feature","id":"w156884223","properties":{"type":"yes","address":"Tadeusza Kantora 1a","residential":true,"residents_est":1,"h3_10":"8a1e2e684987fff","h3_11":"8b1e2e684983fff"},"geometry":{"type":"Polygon","coordinates":[[[19.977079,50.070832],[19.977266,50.070828],[19.97727,50.070901],[19.977082,50.070905],[19.977079,50.070832]]]}},{"type":"Feature","id":"w156884224","properties":{"type":"yes","address":"Ostatnia 1a","residential":true,"residents_est":2,"h3_10":"8a1e2e68498ffff","h3_11":"8b1e2e68498afff"},"geometry":{"type":"Polygon","coordinates":[[[19.978296,50.070567],[19.978361,50.070566],[19.97836,50.070541],[19.97849,50.070539],[19.978493,50.070629],[19.97836,50.070631],[19.978361,50.070659],[19.978299,50.07066],[19.978296,50.070567]]]}},{"type":"Feature","id":"w156884225","properties":{"type":"yes","address":"Tadeusza Kantora 1b","residential":true,"residents_est":1,"h3_10":"8a1e2e684987fff","h3_11":"8b1e2e684983fff"},"geometry":{"type":"Polygon","coordinates":[[[19.977082,50.070905],[19.97727,50.070901],[19.977273,50.070974],[19.977111,50.070977],[19.97711,50.070954],[19.977085,50.070954],[19.977082,50.070905]]]}},{"type":"Feature","id":"w156884227","properties":{"type":"yes","address":"Ostatnia 3a","residential":true,"residents_est":1,"h3_10":"8a1e2e68498ffff","h3_11":"8b1e2e68498afff"},"geometry":{"type":"Polygon","coordinates":[[[19.97849,50.070539],[19.978615,50.070537],[19.978618,50.070628],[19.978493,50.070629],[19.97849,50.070539]]]}},{"type":"Feature","id":"w156884228","properties":{"type":"yes","address":"Ostatnia 5a","residential":true,"residents_est":2,"h3_10":"8a1e2e68498ffff","h3_11":"8b1e2e68498bfff"},"geometry":{"type":"Polygon","coordinates":[[[19.978614,50.070525],[19.978832,50.070522],[19.978835,50.070611],[19.978743,50.070612],[19.978744,50.070626],[19.978618,50.070628],[19.978614,50.070525]]]}},{"type":"Feature","id":"w156884231","properties":{"type":"house","levels":1.0,"address":"Ostatnia 8","residential":true,"residents_est":2,"h3_10":"8a1e2e684987fff","h3_11":"8b1e2e684981fff"},"geometry":{"type":"Polygon","coordinates":[[[19.977757,50.071123],[19.977918,50.071118],[19.977927,50.071233],[19.977766,50.071238],[19.977757,50.071123]]]}},{"type":"Feature","id":"w157019225","properties":{"type":"terrace","levels":2.0,"address":"Ułanów 28","residential":true,"residents_est":1,"h3_10":"8a1e2e68496ffff","h3_11":"8b1e2e684968fff"},"geometry":{"type":"Polygon","coordinates":[[[19.985497,50.074689],[19.985503,50.074636],[19.985629,50.074641],[19.985623,50.074695],[19.985497,50.074689]]]}},{"type":"Feature","id":"w157019226","properties":{"type":"terrace","levels":2.0,"address":"Ułanów 8","residential":true,"residents_est":1,"h3_10":"8a1e2e68494ffff","h3_11":"8b1e2e68494cfff"},"geometry":{"type":"Polygon","coordinates":[[[19.985381,50.073944],[19.985387,50.073885],[19.985514,50.073891],[19.985507,50.07395],[19.985381,50.073944]]]}},{"type":"Feature","id":"w157019229","properties":{"type":"terrace","levels":2.0,"address":"Ułanów 14","residential":true,"residents_est":1,"h3_10":"8a1e2e68496ffff","h3_11":"8b1e2e68496afff"},"geometry":{"type":"Polygon","coordinates":[[[19.98536,50.074122],[19.985367,50.074063],[19.985494,50.074069],[19.985487,50.074128],[19.98536,50.074122]]]}},{"type":"Feature","id":"w157019231","properties":{"type":"terrace","levels":2.0,"address":"Ułanów 16","residential":true,"residents_est":1,"h3_10":"8a1e2e68496ffff","h3_11":"8b1e2e68496afff"},"geometry":{"type":"Polygon","coordinates":[[[19.985448,50.074267],[19.985456,50.074206],[19.98557,50.074211],[19.985563,50.074273],[19.985448,50.074267]]]}},{"type":"Feature","id":"w157019235","properties":{"type":"terrace","levels":2.0,"address":"Ułanów 22","residential":true,"residents_est":1,"h3_10":"8a1e2e68496ffff","h3_11":"8b1e2e68496afff"},"geometry":{"type":"Polygon","coordinates":[[[19.985426,50.074452],[19.985434,50.07439],[19.985548,50.074396],[19.985541,50.074458],[19.985426,50.074452]]]}},{"type":"Feature","id":"w157019238","properties":{"type":"terrace","levels":2.0,"address":"Ułanów 26","residential":true,"residents_est":1,"h3_10":"8a1e2e68496ffff","h3_11":"8b1e2e684968fff"},"geometry":{"type":"Polygon","coordinates":[[[19.985503,50.074636],[19.985509,50.074582],[19.985634,50.074588],[19.985629,50.074641],[19.985503,50.074636]]]}},{"type":"Feature","id":"w157019239","properties":{"type":"terrace","levels":2.0,"address":"Ułanów 10","residential":true,"residents_est":2,"h3_10":"8a1e2e68494ffff","h3_11":"8b1e2e68494cfff"},"geometry":{"type":"Polygon","coordinates":[[[19.985374,50.074004],[19.985381,50.073944],[19.985507,50.07395],[19.985501,50.074009],[19.985374,50.074004]]]}},{"type":"Feature","id":"w157019240","properties":{"type":"terrace","levels":2.0,"address":"Ułanów 18","residential":true,"residents_est":1,"h3_10":"8a1e2e68496ffff","h3_11":"8b1e2e68496afff"},"geometry":{"type":"Polygon","coordinates":[[[19.985441,50.074329],[19.985448,50.074267],[19.985563,50.074273],[19.985555,50.074335],[19.985441,50.074329]]]}},{"type":"Feature","id":"w157019242","properties":{"type":"terrace","levels":2.0,"address":"Ułanów 24","residential":true,"residents_est":1,"h3_10":"8a1e2e68496ffff","h3_11":"8b1e2e684968fff"},"geometry":{"type":"Polygon","coordinates":[[[19.985509,50.074582],[19.985515,50.074529],[19.98564,50.074535],[19.985634,50.074588],[19.985509,50.074582]]]}},{"type":"Feature","id":"w157019244","properties":{"type":"terrace","levels":2.0,"address":"Ułanów 30","residential":true,"residents_est":1,"h3_10":"8a1e2e68496ffff","h3_11":"8b1e2e684968fff"},"geometry":{"type":"Polygon","coordinates":[[[19.985492,50.074742],[19.985497,50.074689],[19.985623,50.074695],[19.985617,50.074748],[19.985492,50.074742]]]}},{"type":"Feature","id":"w157019245","properties":{"type":"terrace","levels":2.0,"address":"Ułanów 20","residential":true,"residents_est":1,"h3_10":"8a1e2e68496ffff","h3_11":"8b1e2e68496afff"},"geometry":{"type":"Polygon","coordinates":[[[19.985434,50.07439],[19.985441,50.074329],[19.985555,50.074335],[19.985548,50.074396],[19.985434,50.07439]]]}},{"type":"Feature","id":"w157019247","properties":{"type":"terrace","levels":2.0,"address":"Ułanów 12","residential":true,"residents_est":1,"h3_10":"8a1e2e68496ffff","h3_11":"8b1e2e68496afff"},"geometry":{"type":"Polygon","coordinates":[[[19.985367,50.074063],[19.985374,50.074004],[19.985501,50.074009],[19.985494,50.074069],[19.985367,50.074063]]]}},{"type":"Feature","id":"w157019248","properties":{"type":"terrace","levels":2.0,"address":"Ułanów 32","residential":true,"residents_est":1,"h3_10":"8a1e2e68496ffff","h3_11":"8b1e2e684968fff"},"geometry":{"type":"Polygon","coordinates":[[[19.985486,50.074795],[19.985492,50.074742],[19.985632,50.074748],[19.985626,50.074802],[19.985486,50.074795]]]}},{"type":"Feature","id":"w157019250","properties":{"type":"terrace","levels":2.0,"address":"Ułanów 16","residential":true,"residents_est":1,"h3_10":"8a1e2e68496ffff","h3_11":"8b1e2e68496afff"},"geometry":{"type":"Polygon","coordinates":[[[19.985435,50.074205],[19.985439,50.074169],[19.985588,50.074177],[19.985584,50.074212],[19.985435,50.074205]]]}},{"type":"Feature","id":"w161289134","properties":{"type":"detached","address":"Łąkowa 27a","residential":true,"residents_est":2,"h3_10":"8a1e2e68495ffff","h3_11":"8b1e2e68495cfff"},"geometry":{"type":"Polygon","coordinates":[[[19.983948,50.073126],[19.984058,50.073062],[19.984144,50.073119],[19.984036,50.073185],[19.983948,50.073126]]]}},{"type":"Feature","id":"w161289211","properties":{"type":"detached","address":"Aleja Jana Pawła II 44","residential":true,"residents_est":4,"h3_10":"8a1e2e68495ffff","h3_11":"8b1e2e68495bfff"},"geometry":{"type":"Polygon","coordinates":[[[19.985079,50.072412],[19.98518,50.072344],[19.985358,50.072452],[19.985256,50.072521],[19.985079,50.072412]]]}},{"type":"Feature","id":"w161289439","properties":{"type":"detached","levels":1.0,"address":"Aleja Jana Pawła II 50","residential":true,"residents_est":1,"h3_10":"8a1e2e684867fff","h3_11":"8b1e2e684864fff"},"geometry":{"type":"Polygon","coordinates":[[[19.98564,50.072761],[19.985739,50.072695],[19.985807,50.072737],[19.985708,50.072803],[19.98564,50.072761]]]}},{"type":"Feature","id":"w161289471","properties":{"type":"detached","address":"Aleja Jana Pawła II 48","residential":true,"residents_est":2,"h3_10":"8a1e2e68495ffff","h3_11":"8b1e2e684959fff"},"geometry":{"type":"Polygon","coordinates":[[[19.985535,50.072695],[19.985633,50.072629],[19.985739,50.072695],[19.98564,50.072761],[19.985535,50.072695]]]}},{"type":"Feature","id":"w161289611","properties":{"type":"yes","address":"Łąkowa 23","residential":true,"residents_est":1,"h3_10":"8a1e2e684957fff","h3_11":"8b1e2e684951fff"},"geometry":{"type":"Polygon","coordinates":[[[19.983216,50.073297],[19.983223,50.073229],[19.983269,50.073231],[19.983271,50.073203],[19.983326,50.073205],[19.983323,50.073234],[19.983368,50.073236],[19.983361,50.073303],[19.983308,50.073301],[19.983306,50.073314],[19.983271,50.073313],[19.983273,50.073299],[19.983216,50.073297]]]}},{"type":"Feature","id":"w161289619","properties":{"type":"yes","residential":true,"residents_est":1,"h3_10":"8a1e2e684957fff","h3_11":"8b1e2e684950fff"},"geometry":{"type":"Polygon","coordinates":[[[19.982928,50.073267],[19.982941,50.073182],[19.983108,50.073191],[19.983102,50.073275],[19.982928,50.073267]]]}},{"type":"Feature","id":"w161289676","properties":{"type":"yes","address":"Łąkowa 23a","residential":false,"residents_est":0,"h3_10":"8a1e2e684957fff","h3_11":"8b1e2e684955fff"},"geometry":{"type":"Polygon","coordinates":[[[19.983238,50.073411],[19.983241,50.073356],[19.983265,50.073357],[19.983263,50.073369],[19.983336,50.073373],[19.983329,50.073415],[19.983238,50.073411]]]}},{"type":"Feature","id":"w161289680","properties":{"type":"detached","levels":1.0,"address":"Aleja Jana Pawła II 46","residential":true,"residents_est":1,"h3_10":"8a1e2e68495ffff","h3_11":"8b1e2e684959fff"},"geometry":{"type":"Polygon","coordinates":[[[19.98544,50.072636],[19.985539,50.07257],[19.985633,50.072629],[19.985535,50.072695],[19.98544,50.072636]]]}},{"type":"Feature","id":"w161289683","properties":{"type":"yes","residential":false,"residents_est":0,"h3_10":"8a1e2e684867fff","h3_11":"8b1e2e684864fff"},"geometry":{"type":"Polygon","coordinates":[[[19.985791,50.072615],[19.985868,50.072582],[19.985909,50.072623],[19.985833,50.072655],[19.985791,50.072615]]]}},{"type":"Feature","id":"w161289687","properties":{"type":"yes","residential":true,"residents_est":5,"h3_10":"8a1e2e684867fff","h3_11":"8b1e2e684865fff"},"geometry":{"type":"Polygon","coordinates":[[[19.986896,50.072717],[19.986978,50.072703],[19.987008,50.072778],[19.986926,50.072791],[19.986896,50.072717]]]}},{"type":"Feature","id":"w188791860","properties":{"type":"retail","levels":3.0,"address":"Ostatnia 2c","residential":false,"residents_est":0,"h3_10":"8a1e2e684997fff","h3_11":"8b1e2e684993fff"},"geometry":{"type":"Polygon","coordinates":[[[19.975896,50.07017],[19.976048,50.070095],[19.976159,50.070177],[19.976149,50.070189],[19.976121,50.070193],[19.976095,50.070229],[19.975896,50.07017]]]}},{"type":"Feature","id":"w188791862","properties":{"type":"garage","levels":1.0,"residential":false,"residents_est":0,"h3_10":"8a1e2e684997fff","h3_11":"8b1e2e684993fff"},"geometry":{"type":"Polygon","coordinates":[[[19.975681,50.070001],[19.975821,50.069929],[19.976036,50.0701],[19.975892,50.070172],[19.975681,50.070001]]]}},{"type":"Feature","id":"w200506334","properties":{"type":"residential","address":"Klemensa Janickiego 1a","residential":true,"residents_est":19,"h3_10":"8a1e2e68492ffff","h3_11":"8b1e2e68492bfff"},"geometry":{"type":"Polygon","coordinates":[[[19.980818,50.074205],[19.980819,50.0742],[19.980839,50.074206],[19.980842,50.074173],[19.980823,50.074172],[19.980826,50.074137],[19.980847,50.074138],[19.980848,50.074114],[19.98083,50.074114],[19.980833,50.074079],[19.981075,50.074087],[19.981091,50.073945],[19.981151,50.073947],[19.981144,50.07401],[19.981124,50.074009],[19.981121,50.074032],[19.981141,50.074033],[19.981137,50.074069],[19.981117,50.074068],[19.981115,50.074092],[19.981134,50.074093],[19.981131,50.074127],[19.981111,50.074126],[19.981108,50.07415],[19.981128,50.074151],[19.981124,50.074183],[19.981225,50.074187],[19.981219,50.074239],[19.980882,50.074223],[19.980818,50.074205]]]}},{"type":"Feature","id":"w213582491","properties":{"type":"commercial","levels":1.0,"address":"Nieduża 4","name":"Anikino","residential":false,"residents_est":0,"h3_10":"8a1e2e684957fff","h3_11":"8b1e2e684955fff"},"geometry":{"type":"Polygon","coordinates":[[[19.982856,50.073544],[19.982872,50.073339],[19.983109,50.073347],[19.983105,50.073379],[19.983126,50.07338],[19.983126,50.073428],[19.982993,50.073425],[19.982986,50.073547],[19.982856,50.073544]]]}},{"type":"Feature","id":"w215107517","properties":{"type":"garage","levels":1.0,"residential":false,"residents_est":0,"h3_10":"8a1e2e684997fff","h3_11":"8b1e2e684993fff"},"geometry":{"type":"Polygon","coordinates":[[[19.975493,50.070061],[19.975566,50.070024],[19.9758,50.070216],[19.97604,50.07028],[19.976005,50.070335],[19.975749,50.070265],[19.975493,50.070061]]]}},{"type":"Feature","id":"w215156206","properties":{"type":"house","levels":3.0,"address":"Aleja Jana Pawła II 38","residential":true,"residents_est":6,"h3_10":"8a1e2e684877fff","h3_11":"8b1e2e684874fff"},"geometry":{"type":"Polygon","coordinates":[[[19.984356,50.071945],[19.984476,50.071877],[19.984531,50.071918],[19.984543,50.071911],[19.984581,50.071937],[19.984567,50.071945],[19.984631,50.071991],[19.984501,50.072052],[19.984356,50.071945]]]}},{"type":"Feature","id":"w236940070","properties":{"type":"apartments","levels":6.0,"address":"Dąbska 18K","residential":true,"residents_est":98,"h3_10":"8a1e2e6848e7fff","h3_11":"8b1e2e6848e2fff"},"geometry":{"type":"Polygon","coordinates":[[[19.98292,50.069308],[19.983069,50.069248],[19.98308,50.06926],[19.983091,50.069256],[19.983097,50.069253],[19.983086,50.069242],[19.983424,50.069106],[19.983435,50.069117],[19.983452,50.069111],[19.983441,50.0691],[19.983584,50.069042],[19.983747,50.069211],[19.983602,50.069269],[19.983566,50.069232],[19.9835,50.069258],[19.983486,50.069244],[19.983244,50.069341],[19.983233,50.069329],[19.983194,50.069344],[19.983241,50.069393],[19.983251,50.069389],[19.983345,50.069486],[19.98338,50.069471],[19.983427,50.06952],[19.983409,50.069527],[19.983414,50.069533],[19.98342,50.069538],[19.983437,50.069531],[19.98347,50.069565],[19.983435,50.069579],[19.983505,50.069652],[19.983366,50.069708],[19.983336,50.069677],[19.983319,50.069684],[19.983233,50.069607],[19.983209,50.069582],[19.983217,50.069579],[19.983187,50.069549],[19.983206,50.069541],[19.983162,50.069496],[19.983144,50.069504],[19.983097,50.069456],[19.983058,50.069472],[19.983011,50.069423],[19.983025,50.069418],[19.98292,50.069308]]]}},{"type":"Feature","id":"w236940071","properties":{"type":"apartments","levels":4.0,"address":"Dąbska 18L","residential":true,"residents_est":20,"h3_10":"8a1e2e6848e7fff","h3_11":"8b1e2e6848e2fff"},"geometry":{"type":"Polygon","coordinates":[[[19.983597,50.069475],[19.983648,50.069455],[19.983626,50.069432],[19.983672,50.069414],[19.983683,50.069425],[19.983712,50.069413],[19.983701,50.069402],[19.983786,50.069368],[19.983797,50.069379],[19.983813,50.069373],[19.983802,50.069361],[19.983879,50.069331],[19.983901,50.069354],[19.983972,50.069325],[19.984059,50.069415],[19.983987,50.069443],[19.983998,50.069455],[19.98392,50.069493],[19.983858,50.069517],[19.983853,50.069513],[19.983746,50.069556],[19.983734,50.069545],[19.983684,50.069565],[19.983597,50.069475]]]}},{"type":"Feature","id":"w236940072","properties":{"type":"apartments","levels":4.0,"address":"Dąbska 18M","residential":true,"residents_est":20,"h3_10":"8a1e2e6848e7fff","h3_11":"8b1e2e6848e3fff"},"geometry":{"type":"Polygon","coordinates":[[[19.983972,50.069325],[19.984043,50.069296],[19.984022,50.069273],[19.984098,50.069243],[19.984109,50.069254],[19.984126,50.069248],[19.984115,50.069236],[19.984198,50.069203],[19.984209,50.069214],[19.984239,50.069203],[19.984228,50.069191],[19.984275,50.069172],[19.984297,50.069195],[19.984348,50.069175],[19.984434,50.069264],[19.984384,50.069285],[19.984394,50.069296],[19.984287,50.069339],[19.984291,50.069344],[19.984234,50.069367],[19.984141,50.069398],[19.98413,50.069386],[19.984059,50.069415],[19.983972,50.069325]]]}},{"type":"Feature","id":"w236940073","properties":{"type":"apartments","levels":6.0,"address":"Dąbska 18N","residential":true,"residents_est":100,"h3_10":"8a1e2e6848c7fff","h3_11":"8b1e2e6848c5fff"},"geometry":{"type":"Polygon","coordinates":[[[19.983749,50.068976],[19.983893,50.068918],[19.983904,50.06893],[19.98392,50.068923],[19.983909,50.068912],[19.984247,50.068776],[19.984258,50.068788],[19.984268,50.068784],[19.984275,50.068781],[19.984264,50.06877],[19.984414,50.068709],[19.984566,50.068867],[19.98454,50.068877],[19.984589,50.068927],[19.98456,50.068938],[19.984565,50.068944],[19.984603,50.068982],[19.984631,50.068971],[19.984678,50.06902],[19.984661,50.069027],[19.984671,50.069037],[19.984688,50.06903],[19.984791,50.069137],[19.984607,50.069211],[19.984536,50.069138],[19.984528,50.069141],[19.984468,50.069078],[19.984475,50.069075],[19.984352,50.068948],[19.984389,50.068933],[19.984343,50.068885],[19.984305,50.0689],[19.984316,50.068911],[19.984074,50.069008],[19.984088,50.069023],[19.984022,50.069049],[19.984058,50.069086],[19.983912,50.069145],[19.983749,50.068976]]]}},{"type":"Feature","id":"w236940076","properties":{"type":"yes","levels":1.0,"residential":false,"residents_est":0,"h3_10":"8a1e2e6848f7fff","h3_11":"8b1e2e6848f1fff"},"geometry":{"type":"Polygon","coordinates":[[[19.983256,50.069014],[19.983363,50.068972],[19.983392,50.069003],[19.983286,50.069045],[19.983256,50.069014]]]}},{"type":"Feature","id":"w236940077","properties":{"type":"yes","levels":1.0,"residential":false,"residents_est":0,"h3_10":"8a1e2e6848c7fff","h3_11":"8b1e2e6848c6fff"},"geometry":{"type":"Polygon","coordinates":[[[19.983743,50.068815],[19.983796,50.068794],[19.983825,50.068824],[19.983772,50.068845],[19.983743,50.068815]]]}},{"type":"Feature","id":"r18157004","properties":{"type":"apartments","levels":7.0,"address":"Dąbska 20a","residential":true,"residents_est":116,"h3_10":"8a1e2e6848dffff","h3_11":"8b1e2e6848d8fff"},"geometry":{"type":"MultiPolygon","coordinates":[[[[19.98423,50.067912],[19.984367,50.067857],[19.984415,50.067906],[19.984448,50.067893],[19.984429,50.067874],[19.984471,50.067857],[19.98449,50.067876],[19.984522,50.067863],[19.984445,50.067784],[19.984463,50.067777],[19.984452,50.067766],[19.984414,50.067782],[19.984375,50.067742],[19.984398,50.067733],[19.984351,50.067685],[19.98449,50.067629],[19.984718,50.067861],[19.984333,50.068017],[19.98423,50.067912]]],[[[19.984544,50.067375],[19.984684,50.067319],[19.985236,50.067889],[19.985096,50.067945],[19.985053,50.067901],[19.985072,50.067893],[19.985058,50.067879],[19.985022,50.067894],[19.984981,50.067852],[19.984999,50.067845],[19.984918,50.067762],[19.9849,50.067769],[19.98486,50.067727],[19.984896,50.067713],[19.984882,50.067699],[19.984847,50.067712],[19.984761,50.067623],[19.984795,50.067608],[19.984781,50.067594],[19.984745,50.067608],[19.984705,50.067567],[19.984723,50.06756],[19.984642,50.067476],[19.984623,50.067484],[19.984583,50.067442],[19.984619,50.067428],[19.984605,50.067414],[19.984588,50.067421],[19.984544,50.067375]]]]}},{"type":"Feature","id":"r18157003","properties":{"type":"apartments","levels":7.0,"address":"Dąbska 20b","residential":true,"residents_est":129,"h3_10":"8a1e2e6848c7fff","h3_11":"8b1e2e6848c3fff"},"geometry":{"type":"MultiPolygon","coordinates":[[[[19.984402,50.068234],[19.984599,50.068156],[19.984589,50.068145],[19.984918,50.068014],[19.985038,50.068139],[19.984955,50.068172],[19.984921,50.068137],[19.984778,50.068194],[19.984789,50.068206],[19.984724,50.068232],[19.984713,50.06822],[19.984624,50.068256],[19.984708,50.068344],[19.984734,50.068335],[19.984773,50.068376],[19.984748,50.068386],[19.984836,50.068477],[19.984871,50.068463],[19.98485,50.068442],[19.98489,50.068427],[19.984909,50.068447],[19.984942,50.068434],[19.984894,50.068383],[19.985035,50.068327],[19.985138,50.068433],[19.984746,50.06859],[19.984613,50.068452],[19.9846,50.068457],[19.984528,50.068383],[19.984541,50.068378],[19.984402,50.068234]]],[[[19.985252,50.068113],[19.985399,50.06806],[19.985657,50.068351],[19.985512,50.068405],[19.985457,50.068343],[19.98544,50.06835],[19.985402,50.068308],[19.98542,50.068301],[19.985343,50.068216],[19.985326,50.068222],[19.985288,50.06818],[19.985306,50.068173],[19.985252,50.068113]]]]}},{"type":"Feature","id":"r18157002","properties":{"type":"apartments","levels":7.0,"address":"Dąbska 20c","residential":true,"residents_est":85,"h3_10":"8a1e2e6848c7fff","h3_11":"8b1e2e6848c1fff"},"geometry":{"type":"MultiPolygon","coordinates":[[[[19.984928,50.068677],[19.985069,50.06862],[19.985127,50.068679],[19.985149,50.068671],[19.985189,50.068713],[19.985167,50.068721],[19.985236,50.068792],[19.985342,50.06875],[19.985312,50.068718],[19.985453,50.068663],[19.985556,50.068769],[19.985167,50.068924],[19.984928,50.068677]]],[[[19.985496,50.068411],[19.985657,50.068351],[19.985915,50.068644],[19.985773,50.068696],[19.985719,50.068636],[19.985701,50.068642],[19.985663,50.068599],[19.985681,50.068593],[19.985605,50.068508],[19.985587,50.068514],[19.985496,50.068411]]]]}},{"type":"Feature","id":"w237457591","properties":{"type":"apartments","levels":3.0,"address":"Dąbska 18F","residential":true,"residents_est":12,"h3_10":"8a1e2e6848d7fff","h3_11":"8b1e2e6848d5fff"},"geometry":{"type":"Polygon","coordinates":[[[19.982929,50.068246],[19.982966,50.068232],[19.982944,50.068209],[19.98302,50.068178],[19.983042,50.068201],[19.983104,50.068176],[19.983082,50.068153],[19.983159,50.068123],[19.983181,50.068145],[19.98322,50.06813],[19.983306,50.068219],[19.983242,50.068245],[19.983253,50.068257],[19.983209,50.068275],[19.983213,50.06828],[19.983115,50.068319],[19.983111,50.068314],[19.983063,50.068333],[19.983053,50.068322],[19.983016,50.068337],[19.982929,50.068246]]]}},{"type":"Feature","id":"w237457592","properties":{"type":"apartments","levels":3.0,"address":"Dąbska 18G","residential":true,"residents_est":10,"h3_10":"8a1e2e6848d7fff","h3_11":"8b1e2e6848d5fff"},"geometry":{"type":"Polygon","coordinates":[[[19.982659,50.068408],[19.982697,50.068392],[19.98267,50.068363],[19.98279,50.068316],[19.982781,50.068306],[19.982815,50.068292],[19.982798,50.068273],[19.982875,50.068243],[19.982892,50.068261],[19.982928,50.068247],[19.983016,50.068337],[19.98298,50.068351],[19.98299,50.068362],[19.982943,50.068381],[19.982947,50.068386],[19.982849,50.068425],[19.982845,50.06842],[19.982791,50.068442],[19.98278,50.068431],[19.982709,50.06846],[19.982659,50.068408]]]}},{"type":"Feature","id":"w237457593","properties":{"type":"apartments","levels":3.0,"address":"Dąbska 18E","residential":true,"residents_est":15,"h3_10":"8a1e2e6848d7fff","h3_11":"8b1e2e6848d5fff"},"geometry":{"type":"Polygon","coordinates":[[[19.983168,50.068428],[19.983241,50.068399],[19.983219,50.068376],[19.983295,50.068346],[19.983318,50.068369],[19.983339,50.068361],[19.983316,50.068337],[19.983473,50.068274],[19.983495,50.068297],[19.983546,50.068277],[19.983633,50.068367],[19.983581,50.068388],[19.983592,50.068399],[19.983507,50.068434],[19.983495,50.068421],[19.983472,50.06843],[19.983488,50.068447],[19.98343,50.068471],[19.98334,50.0685],[19.983329,50.068489],[19.983255,50.068519],[19.983168,50.068428]]]}},{"type":"Feature","id":"w237457594","properties":{"type":"apartments","levels":3.0,"address":"Dąbska 18H","residential":true,"residents_est":15,"h3_10":"8a1e2e6848f7fff","h3_11":"8b1e2e6848f3fff"},"geometry":{"type":"Polygon","coordinates":[[[19.9827,50.068616],[19.982751,50.068596],[19.982729,50.068573],[19.982885,50.06851],[19.982907,50.068534],[19.982929,50.068525],[19.982906,50.068502],[19.982982,50.068472],[19.983004,50.068494],[19.983077,50.068465],[19.983164,50.068555],[19.983091,50.068585],[19.983102,50.068596],[19.983023,50.068634],[19.982962,50.068658],[19.982946,50.068641],[19.982923,50.068651],[19.982934,50.068663],[19.982848,50.068697],[19.982838,50.068686],[19.982787,50.068706],[19.9827,50.068616]]]}},{"type":"Feature","id":"w237457596","properties":{"type":"apartments","levels":6.0,"address":"Dąbska 18I","residential":true,"residents_est":113,"h3_10":"8a1e2e6848f7fff","h3_11":"8b1e2e6848f3fff"},"geometry":{"type":"Polygon","coordinates":[[[19.982266,50.068759],[19.982303,50.068744],[19.982282,50.068721],[19.982353,50.068693],[19.982364,50.068704],[19.982382,50.068697],[19.982371,50.068686],[19.982489,50.068638],[19.982511,50.068661],[19.982585,50.068632],[19.982671,50.068721],[19.982598,50.068751],[19.982609,50.068762],[19.982558,50.068782],[19.982547,50.068771],[19.982508,50.068786],[19.982554,50.068834],[19.982564,50.06883],[19.982614,50.068882],[19.982596,50.068889],[19.982622,50.068916],[19.982589,50.068929],[19.982635,50.068977],[19.982837,50.068896],[19.982842,50.068902],[19.98302,50.068823],[19.983025,50.068828],[19.983061,50.068814],[19.983073,50.068827],[19.983091,50.06882],[19.983078,50.068807],[19.983088,50.068803],[19.983083,50.068797],[19.983127,50.06878],[19.983067,50.068716],[19.983212,50.068658],[19.983387,50.068839],[19.983237,50.068898],[19.983248,50.068909],[19.98315,50.068948],[19.983135,50.068933],[19.982901,50.069027],[19.982915,50.069042],[19.982817,50.069081],[19.982807,50.069071],[19.982655,50.069132],[19.982589,50.069064],[19.982547,50.069081],[19.982499,50.069032],[19.982511,50.069027],[19.982482,50.068997],[19.982499,50.06899],[19.98241,50.068897],[19.982374,50.068912],[19.982334,50.068874],[19.982327,50.068864],[19.982338,50.068859],[19.982302,50.068822],[19.982337,50.068808],[19.982325,50.068794],[19.982307,50.068801],[19.982266,50.068759]]]}},{"type":"Feature","id":"w237786899","properties":{"type":"house","levels":2.0,"address":"Majora Pilota Stefana Janusa 12","residential":true,"residents_est":2,"h3_10":"8a1e2e68481ffff","h3_11":"8b1e2e684819fff"},"geometry":{"type":"Polygon","coordinates":[[[19.982573,50.07008],[19.982592,50.070074],[19.982577,50.070054],[19.982693,50.070015],[19.982739,50.070074],[19.982623,50.070112],[19.982616,50.070103],[19.982596,50.070109],[19.982573,50.07008]]]}},{"type":"Feature","id":"w237786901","properties":{"type":"yes","address":"Majora Pilota Stefana Janusa 4","residential":true,"residents_est":1,"h3_10":"8a1e2e68480ffff","h3_11":"8b1e2e68480afff"},"geometry":{"type":"Polygon","coordinates":[[[19.9829,50.070372],[19.983001,50.070339],[19.983073,50.070433],[19.982974,50.070465],[19.9829,50.070372]]]}},{"type":"Feature","id":"w237792567","properties":{"type":"house","levels":2.0,"address":"Majora Pilota Stefana Janusa 3","residential":true,"residents_est":1,"h3_10":"8a1e2e68481ffff","h3_11":"8b1e2e684819fff"},"geometry":{"type":"Polygon","coordinates":[[[19.982952,50.070061],[19.982976,50.070051],[19.982985,50.070059],[19.983026,50.070041],[19.983108,50.070115],[19.983043,50.070142],[19.982952,50.070061]]]}},{"type":"Feature","id":"w242388164","properties":{"type":"service","residential":false,"residents_est":0,"h3_10":"8a1e2e684897fff","h3_11":"8b1e2e684892fff"},"geometry":{"type":"Polygon","coordinates":[[[19.977621,50.067535],[19.977668,50.06748],[19.977774,50.067518],[19.977727,50.067573],[19.977621,50.067535]]]}},{"type":"Feature","id":"w306727451","properties":{"type":"yes","residential":true,"residents_est":1,"h3_10":"8a1e2e68480ffff","h3_11":"8b1e2e68480afff"},"geometry":{"type":"Polygon","coordinates":[[[19.98324,50.07063],[19.983304,50.070602],[19.983368,50.070666],[19.983352,50.070672],[19.983356,50.070676],[19.983309,50.070693],[19.98324,50.07063]]]}},{"type":"Feature","id":"w339919187","properties":{"type":"yes","address":"Łąkowa 3","residential":true,"residents_est":1,"h3_10":"8a1e2e68490ffff","h3_11":"8b1e2e68490bfff"},"geometry":{"type":"Polygon","coordinates":[[[19.981164,50.073083],[19.981173,50.072998],[19.981205,50.072999],[19.981204,50.073034],[19.98128,50.073035],[19.981277,50.073087],[19.981164,50.073083]]]}},{"type":"Feature","id":"w339919195","properties":{"type":"yes","residential":true,"residents_est":5,"h3_10":"8a1e2e68490ffff","h3_11":"8b1e2e68490cfff"},"geometry":{"type":"Polygon","coordinates":[[[19.980836,50.074055],[19.980839,50.074018],[19.980858,50.074019],[19.98086,50.073996],[19.980844,50.073969],[19.980849,50.073933],[19.980881,50.073941],[19.980882,50.073935],[19.980914,50.073936],[19.980912,50.073951],[19.980994,50.073954],[19.980996,50.07394],[19.981048,50.073942],[19.981046,50.073955],[19.981089,50.073957],[19.981075,50.074087],[19.980853,50.07408],[19.980855,50.074056],[19.980836,50.074055]]]}},{"type":"Feature","id":"w339919210","properties":{"type":"yes","residential":false,"residents_est":0,"h3_10":"8a1e2e684957fff","h3_11":"8b1e2e684950fff"},"geometry":{"type":"Polygon","coordinates":[[[19.982518,50.07311],[19.982521,50.073074],[19.982614,50.073079],[19.98261,50.073115],[19.982518,50.07311]]]}},{"type":"Feature","id":"w339919216","properties":{"type":"yes","residential":false,"residents_est":0,"h3_10":"8a1e2e684957fff","h3_11":"8b1e2e684956fff"},"geometry":{"type":"Polygon","coordinates":[[[19.982155,50.073076],[19.982163,50.073028],[19.982236,50.073032],[19.982229,50.07308],[19.982155,50.073076]]]}},{"type":"Feature","id":"w339919217","properties":{"type":"yes","residential":false,"residents_est":0,"h3_10":"8a1e2e684957fff","h3_11":"8b1e2e684956fff"},"geometry":{"type":"Polygon","coordinates":[[[19.982283,50.073135],[19.982291,50.073089],[19.982332,50.073092],[19.982325,50.073138],[19.982283,50.073135]]]}},{"type":"Feature","id":"w339919219","properties":{"type":"service","residential":false,"residents_est":0,"h3_10":"8a1e2e684977fff","h3_11":"8b1e2e684972fff"},"geometry":{"type":"Polygon","coordinates":[[[19.982353,50.074047],[19.98236,50.073994],[19.982441,50.073998],[19.982435,50.07405],[19.982353,50.074047]]]}},{"type":"Feature","id":"w339919220","properties":{"type":"garages","residential":false,"residents_est":0,"h3_10":"8a1e2e684827fff","h3_11":"8b1e2e684825fff"},"geometry":{"type":"Polygon","coordinates":[[[19.981603,50.072958],[19.98161,50.0729],[19.981988,50.072917],[19.981981,50.072975],[19.981603,50.072958]]]}},{"type":"Feature","id":"w339919224","properties":{"type":"yes","residential":false,"residents_est":0,"h3_10":"8a1e2e68490ffff","h3_11":"8b1e2e68490bfff"},"geometry":{"type":"Polygon","coordinates":[[[19.981543,50.072979],[19.981551,50.072898],[19.981603,50.0729],[19.981595,50.072981],[19.981543,50.072979]]]}},{"type":"Feature","id":"w339919228","properties":{"type":"garages","residential":false,"residents_est":0,"h3_10":"8a1e2e684957fff","h3_11":"8b1e2e684954fff"},"geometry":{"type":"Polygon","coordinates":[[[19.982474,50.07355],[19.982493,50.073375],[19.98258,50.07338],[19.982561,50.073554],[19.982474,50.07355]]]}},{"type":"Feature","id":"w339919229","properties":{"type":"yes","address":"Łąkowa 7","residential":true,"residents_est":1,"h3_10":"8a1e2e68490ffff","h3_11":"8b1e2e68490bfff"},"geometry":{"type":"Polygon","coordinates":[[[19.981388,50.073094],[19.981396,50.073003],[19.981477,50.073008],[19.981467,50.073098],[19.981388,50.073094]]]}},{"type":"Feature","id":"w339919237","properties":{"type":"yes","address":"Łąkowa 5","residential":true,"residents_est":1,"h3_10":"8a1e2e68490ffff","h3_11":"8b1e2e68490bfff"},"geometry":{"type":"Polygon","coordinates":[[[19.981277,50.073087],[19.98128,50.073035],[19.981364,50.073038],[19.981367,50.073002],[19.981396,50.073003],[19.981388,50.073094],[19.981277,50.073087]]]}},{"type":"Feature","id":"w339919239","properties":{"type":"yes","residential":false,"residents_est":0,"h3_10":"8a1e2e68490ffff","h3_11":"8b1e2e684908fff"},"geometry":{"type":"Polygon","coordinates":[[[19.980853,50.073554],[19.980856,50.073527],[19.980931,50.073531],[19.980928,50.073557],[19.980853,50.073554]]]}},{"type":"Feature","id":"w339919243","properties":{"type":"yes","residential":false,"residents_est":0,"h3_10":"8a1e2e684957fff","h3_11":"8b1e2e684956fff"},"geometry":{"type":"Polygon","coordinates":[[[19.982163,50.073028],[19.982171,50.072978],[19.982297,50.072984],[19.982294,50.073009],[19.982239,50.073007],[19.982236,50.073032],[19.982163,50.073028]]]}},{"type":"Feature","id":"w339933857","properties":{"type":"yes","residential":true,"residents_est":1,"h3_10":"8a1e2e684957fff","h3_11":"8b1e2e684950fff"},"geometry":{"type":"Polygon","coordinates":[[[19.982886,50.073294],[19.982889,50.073266],[19.982912,50.073218],[19.982935,50.073218],[19.982928,50.073267],[19.983018,50.073271],[19.983014,50.073303],[19.983001,50.073302],[19.982998,50.073343],[19.982894,50.073339],[19.982886,50.073294]]]}},{"type":"Feature","id":"w339933859","properties":{"type":"yes","residential":false,"residents_est":0,"h3_10":"8a1e2e68495ffff","h3_11":"8b1e2e68495cfff"},"geometry":{"type":"Polygon","coordinates":[[[19.983917,50.073145],[19.983948,50.073126],[19.984036,50.073185],[19.984005,50.073204],[19.983917,50.073145]]]}},{"type":"Feature","id":"w339933865","properties":{"type":"yes","residential":false,"residents_est":0,"h3_10":"8a1e2e684957fff","h3_11":"8b1e2e684955fff"},"geometry":{"type":"Polygon","coordinates":[[[19.983239,50.07344],[19.98324,50.073411],[19.983329,50.073415],[19.983322,50.073444],[19.983239,50.07344]]]}},{"type":"Feature","id":"w339933869","properties":{"type":"retail","residential":false,"residents_est":0,"h3_10":"8a1e2e684977fff","h3_11":"8b1e2e684970fff"},"geometry":{"type":"Polygon","coordinates":[[[19.982733,50.074364],[19.982803,50.074361],[19.982805,50.074396],[19.982735,50.074399],[19.982733,50.074364]]]}},{"type":"Feature","id":"w339933871","properties":{"type":"yes","residential":false,"residents_est":0,"h3_10":"8a1e2e68495ffff","h3_11":"8b1e2e68495cfff"},"geometry":{"type":"Polygon","coordinates":[[[19.983929,50.073235],[19.983973,50.073208],[19.984026,50.073244],[19.983982,50.073271],[19.983929,50.073235]]]}},{"type":"Feature","id":"w339933872","properties":{"type":"yes","residential":false,"residents_est":0,"h3_10":"8a1e2e684957fff","h3_11":"8b1e2e684950fff"},"geometry":{"type":"Polygon","coordinates":[[[19.982937,50.073133],[19.982943,50.073075],[19.983016,50.073079],[19.983008,50.073137],[19.982937,50.073133]]]}},{"type":"Feature","id":"w339933882","properties":{"type":"yes","residential":false,"residents_est":0,"h3_10":"8a1e2e684957fff","h3_11":"8b1e2e684951fff"},"geometry":{"type":"Polygon","coordinates":[[[19.983314,50.073039],[19.983322,50.072963],[19.98337,50.072965],[19.983362,50.073041],[19.983314,50.073039]]]}},{"type":"Feature","id":"w339933886","properties":{"type":"yes","residential":false,"residents_est":0,"h3_10":"8a1e2e684957fff","h3_11":"8b1e2e684950fff"},"geometry":{"type":"Polygon","coordinates":[[[19.983008,50.073142],[19.983016,50.073079],[19.98309,50.073083],[19.983084,50.073146],[19.983008,50.073142]]]}},{"type":"Feature","id":"w339933888","properties":{"type":"yes","residential":true,"residents_est":1,"h3_10":"8a1e2e684957fff","h3_11":"8b1e2e684955fff"},"geometry":{"type":"Polygon","coordinates":[[[19.982986,50.073547],[19.982993,50.073425],[19.983126,50.073428],[19.983119,50.07355],[19.982986,50.073547]]]}},{"type":"Feature","id":"w339933890","properties":{"type":"yes","residential":false,"residents_est":0,"h3_10":"8a1e2e684957fff","h3_11":"8b1e2e684950fff"},"geometry":{"type":"Polygon","coordinates":[[[19.983003,50.073176],[19.983008,50.073142],[19.983117,50.073148],[19.983112,50.073182],[19.983003,50.073176]]]}},{"type":"Feature","id":"w339933892","properties":{"type":"yes","residential":true,"residents_est":1,"h3_10":"8a1e2e68495ffff","h3_11":"8b1e2e68495cfff"},"geometry":{"type":"Polygon","coordinates":[[[19.983982,50.073271],[19.984075,50.073212],[19.984123,50.073243],[19.984033,50.073305],[19.983982,50.073271]]]}},{"type":"Feature","id":"w339933894","properties":{"type":"yes","residential":false,"residents_est":0,"h3_10":"8a1e2e684957fff","h3_11":"8b1e2e684950fff"},"geometry":{"type":"Polygon","coordinates":[[[19.982916,50.073172],[19.982921,50.073133],[19.983008,50.073137],[19.983003,50.073176],[19.982916,50.073172]]]}},{"type":"Feature","id":"w339933896","properties":{"type":"yes","residential":false,"residents_est":0,"h3_10":"8a1e2e684927fff","h3_11":"8b1e2e684926fff"},"geometry":{"type":"Polygon","coordinates":[[[19.978385,50.074787],[19.97839,50.074738],[19.978473,50.074741],[19.97847,50.074788],[19.978385,50.074787]]]}},{"type":"Feature","id":"w339933898","properties":{"type":"yes","residential":false,"residents_est":0,"h3_10":"8a1e2e684957fff","h3_11":"8b1e2e684950fff"},"geometry":{"type":"Polygon","coordinates":[[[19.983144,50.073181],[19.983149,50.073135],[19.983193,50.073136],[19.983188,50.073187],[19.983144,50.073181]]]}},{"type":"Feature","id":"w339933900","properties":{"type":"retail","address":"Pawła Włodkowica 4b","residential":false,"residents_est":0,"h3_10":"8a1e2e684977fff","h3_11":"8b1e2e684975fff"},"geometry":{"type":"Polygon","coordinates":[[[19.98272,50.074514],[19.982737,50.074514],[19.982737,50.074503],[19.98283,50.074502],[19.982831,50.07452],[19.982807,50.07452],[19.982809,50.074568],[19.982722,50.07457],[19.98272,50.074514]]]}},{"type":"Feature","id":"w339933902","properties":{"type":"retail","address":"Nieduża 2","residential":false,"residents_est":0,"h3_10":"8a1e2e684957fff","h3_11":"8b1e2e684950fff"},"geometry":{"type":"Polygon","coordinates":[[[19.98284,50.073168],[19.982848,50.073059],[19.98289,50.073061],[19.982886,50.07309],[19.982924,50.0731],[19.982916,50.073172],[19.98284,50.073168]]]}},{"type":"Feature","id":"w341306785","properties":{"type":"house","levels":3.0,"address":"Majora Pilota Stefana Janusa 22","residential":true,"residents_est":3,"h3_10":"8a1e2e6848f7fff","h3_11":"8b1e2e6848f4fff"},"geometry":{"type":"Polygon","coordinates":[[[19.982215,50.069585],[19.982326,50.069548],[19.98239,50.069625],[19.982276,50.069662],[19.982215,50.069585]]]}},{"type":"Feature","id":"w341306820","properties":{"type":"yes","residential":false,"residents_est":0,"h3_10":"8a1e2e6848f7fff","h3_11":"8b1e2e6848f6fff"},"geometry":{"type":"Polygon","coordinates":[[[19.981764,50.068965],[19.981786,50.068939],[19.9819,50.06898],[19.981878,50.069005],[19.981764,50.068965]]]}},{"type":"Feature","id":"w341306833","properties":{"type":"yes","residential":false,"residents_est":0,"h3_10":"8a1e2e6848f7fff","h3_11":"8b1e2e6848f6fff"},"geometry":{"type":"Polygon","coordinates":[[[19.9819,50.069053],[19.981911,50.06904],[19.982028,50.06908],[19.982016,50.069095],[19.9819,50.069053]]]}},{"type":"Feature","id":"w341306837","properties":{"type":"yes","residential":false,"residents_est":0,"h3_10":"8a1e2e6848f7fff","h3_11":"8b1e2e6848f6fff"},"geometry":{"type":"Polygon","coordinates":[[[19.981694,50.068907],[19.981711,50.068886],[19.981803,50.068918],[19.981786,50.068939],[19.981694,50.068907]]]}},{"type":"Feature","id":"w341306853","properties":{"type":"yes","residential":true,"residents_est":1,"h3_10":"8a1e2e68488ffff","h3_11":"8b1e2e68488efff"},"geometry":{"type":"Polygon","coordinates":[[[19.980103,50.068491],[19.980152,50.068446],[19.980248,50.068484],[19.980195,50.068533],[19.980103,50.068491]]]}},{"type":"Feature","id":"w341306856","properties":{"type":"yes","address":"Mogilska 115","residential":true,"residents_est":2,"h3_10":"8a1e2e684887fff","h3_11":"8b1e2e684881fff"},"geometry":{"type":"Polygon","coordinates":[[[19.979851,50.068498],[19.979948,50.068415],[19.980103,50.068491],[19.980013,50.068571],[19.979851,50.068498]]]}},{"type":"Feature","id":"w341306866","properties":{"type":"yes","residential":false,"residents_est":0,"h3_10":"8a1e2e68481ffff","h3_11":"8b1e2e684819fff"},"geometry":{"type":"Polygon","coordinates":[[[19.982735,50.070349],[19.982797,50.070328],[19.982817,50.070354],[19.982756,50.070374],[19.982735,50.070349]]]}},{"type":"Feature","id":"w341306867","properties":{"type":"yes","residential":false,"residents_est":0,"h3_10":"8a1e2e68481ffff","h3_11":"8b1e2e684819fff"},"geometry":{"type":"Polygon","coordinates":[[[19.982678,50.070389],[19.982734,50.070363],[19.982778,50.070404],[19.982723,50.07043],[19.982678,50.070389]]]}},{"type":"Feature","id":"w341306868","properties":{"type":"yes","residential":false,"residents_est":0,"h3_10":"8a1e2e68481ffff","h3_11":"8b1e2e68481dfff"},"geometry":{"type":"Polygon","coordinates":[[[19.982718,50.070432],[19.982773,50.070406],[19.982802,50.070433],[19.982744,50.070459],[19.982718,50.070432]]]}},{"type":"Feature","id":"w341306872","properties":{"type":"garage","residential":false,"residents_est":0,"h3_10":"8a1e2e68481ffff","h3_11":"8b1e2e68481bfff"},"geometry":{"type":"Polygon","coordinates":[[[19.982354,50.069871],[19.982452,50.069839],[19.982477,50.069868],[19.982395,50.069896],[19.9824,50.069902],[19.982382,50.069908],[19.982354,50.069871]]]}},{"type":"Feature","id":"w341306877","properties":{"type":"detached","levels":1.0,"address":"Dąbska 18","residential":true,"residents_est":1,"h3_10":"8a1e2e6848dffff","h3_11":"8b1e2e6848dafff"},"geometry":{"type":"Polygon","coordinates":[[[19.984047,50.06728],[19.98407,50.067238],[19.984191,50.067265],[19.984154,50.067333],[19.984073,50.067315],[19.984087,50.067289],[19.984047,50.06728]]]}},{"type":"Feature","id":"w341306882","properties":{"type":"yes","address":"Majora Pilota Stefana Janusa 2","residential":true,"residents_est":1,"h3_10":"8a1e2e68480ffff","h3_11":"8b1e2e68480afff"},"geometry":{"type":"Polygon","coordinates":[[[19.982907,50.070552],[19.983133,50.070457],[19.983149,50.070473],[19.98304,50.070519],[19.983092,50.070571],[19.982981,50.070617],[19.982907,50.070552]]]}},{"type":"Feature","id":"w341306896","properties":{"type":"house","levels":2.0,"residential":false,"residents_est":0,"h3_10":"8a1e2e6848f7fff","h3_11":"8b1e2e6848f4fff"},"geometry":{"type":"Polygon","coordinates":[[[19.982166,50.069426],[19.982217,50.069412],[19.98223,50.069428],[19.982207,50.069435],[19.982245,50.069484],[19.982218,50.069492],[19.982166,50.069426]]]}},{"type":"Feature","id":"w356619124","properties":{"type":"garage","name":"Orlen","residential":false,"residents_est":0,"h3_10":"8a1e2e684887fff","h3_11":"8b1e2e684885fff"},"geometry":{"type":"Polygon","coordinates":[[[19.979565,50.069101],[19.979699,50.06903],[19.979747,50.069067],[19.979704,50.06909],[19.97973,50.06911],[19.979664,50.069145],[19.97964,50.069127],[19.979615,50.06914],[19.979565,50.069101]]]}},{"type":"Feature","id":"w356619128","properties":{"type":"retail","levels":1.0,"address":"Mogilska 122","name":"Orlen","residential":false,"residents_est":0,"h3_10":"8a1e2e684887fff","h3_11":"8b1e2e684880fff"},"geometry":{"type":"Polygon","coordinates":[[[19.979112,50.068983],[19.979225,50.068879],[19.979414,50.068964],[19.979302,50.069068],[19.979112,50.068983]]]}},{"type":"Feature","id":"w357211881","properties":{"type":"roof","residential":false,"residents_est":0,"h3_10":"8a1e2e684887fff","h3_11":"8b1e2e684880fff"},"geometry":{"type":"Polygon","coordinates":[[[19.979257,50.068894],[19.979406,50.068756],[19.979611,50.068851],[19.979487,50.068969],[19.979416,50.068938],[19.979396,50.068956],[19.979257,50.068894]]]}},{"type":"Feature","id":"w427989663","properties":{"type":"apartments","levels":3.0,"address":"Ogrodnicza 21","residential":true,"residents_est":11,"h3_10":"8a1e2e684817fff","h3_11":"8b1e2e684816fff"},"geometry":{"type":"Polygon","coordinates":[[[19.979817,50.070504],[19.979881,50.070502],[19.979879,50.070484],[19.980037,50.070479],[19.980038,50.070497],[19.980131,50.070494],[19.980136,50.070561],[19.980103,50.070562],[19.980106,50.070607],[19.980079,50.070608],[19.98008,50.070631],[19.979827,50.070639],[19.979817,50.070504]]]}},{"type":"Feature","id":"w427989668","properties":{"type":"garages","residential":false,"residents_est":0,"h3_10":"8a1e2e684807fff","h3_11":"8b1e2e684805fff"},"geometry":{"type":"Polygon","coordinates":[[[19.982059,50.071629],[19.982123,50.071594],[19.982176,50.071634],[19.982112,50.071669],[19.982059,50.071629]]]}},{"type":"Feature","id":"w427989670","properties":{"type":"yes","residential":false,"residents_est":0,"h3_10":"8a1e2e684817fff","h3_11":"8b1e2e684814fff"},"geometry":{"type":"Polygon","coordinates":[[[19.980103,50.070994],[19.980206,50.070991],[19.980209,50.071028],[19.980106,50.07103],[19.980103,50.070994]]]}},{"type":"Feature","id":"w427989671","properties":{"type":"yes","residential":false,"residents_est":0,"h3_10":"8a1e2e684817fff","h3_11":"8b1e2e684814fff"},"geometry":{"type":"Polygon","coordinates":[[[19.980116,50.070845],[19.980213,50.070844],[19.980214,50.070879],[19.980117,50.07088],[19.980116,50.070845]]]}},{"type":"Feature","id":"w427989673","properties":{"type":"yes","residential":false,"residents_est":0,"h3_10":"8a1e2e68498ffff","h3_11":"8b1e2e684989fff"},"geometry":{"type":"Polygon","coordinates":[[[19.979251,50.071015],[19.979325,50.071013],[19.979327,50.071042],[19.979253,50.071043],[19.979251,50.071015]]]}},{"type":"Feature","id":"w427989674","properties":{"type":"yes","residential":false,"residents_est":0,"h3_10":"8a1e2e684837fff","h3_11":"8b1e2e684832fff"},"geometry":{"type":"Polygon","coordinates":[[[19.979336,50.07129],[19.979419,50.071286],[19.979425,50.071343],[19.979342,50.071347],[19.979336,50.07129]]]}},{"type":"Feature","id":"w427989676","properties":{"type":"yes","residential":true,"residents_est":1,"h3_10":"8a1e2e684837fff","h3_11":"8b1e2e684833fff"},"geometry":{"type":"Polygon","coordinates":[[[19.980415,50.071181],[19.980489,50.071178],[19.980496,50.071256],[19.980423,50.071258],[19.980415,50.071181]]]}},{"type":"Feature","id":"w427989677","properties":{"type":"garage","residential":false,"residents_est":0,"h3_10":"8a1e2e684837fff","h3_11":"8b1e2e684832fff"},"geometry":{"type":"Polygon","coordinates":[[[19.979629,50.071279],[19.979691,50.071277],[19.979694,50.071312],[19.979631,50.071314],[19.979629,50.071279]]]}},{"type":"Feature","id":"w427989681","properties":{"type":"yes","residential":false,"residents_est":0,"h3_10":"8a1e2e68498ffff","h3_11":"8b1e2e684989fff"},"geometry":{"type":"Polygon","coordinates":[[[19.979325,50.071006],[19.97945,50.071002],[19.979453,50.071038],[19.979327,50.071042],[19.979325,50.071006]]]}},{"type":"Feature","id":"w427989682","properties":{"type":"yes","residential":false,"residents_est":0,"h3_10":"8a1e2e684837fff","h3_11":"8b1e2e684833fff"},"geometry":{"type":"Polygon","coordinates":[[[19.980294,50.071261],[19.980333,50.07126],[19.980335,50.071322],[19.980297,50.071323],[19.980294,50.071261]]]}},{"type":"Feature","id":"w428892784","properties":{"type":"industrial","name":"Trafo","residential":false,"residents_est":0,"h3_10":"8a1e2e68496ffff","h3_11":"8b1e2e68496dfff"},"geometry":{"type":"Polygon","coordinates":[[[19.986178,50.075108],[19.9862,50.075051],[19.986287,50.075064],[19.986266,50.075122],[19.986178,50.075108]]]}},{"type":"Feature","id":"w455722267","properties":{"type":"apartments","levels":0.0,"address":"Ostatnia 1E","residential":true,"residents_est":77,"h3_10":"8a1e2e68499ffff","h3_11":"8b1e2e68499bfff"},"geometry":{"type":"Polygon","coordinates":[[[19.977455,50.069772],[19.977981,50.069765],[19.977983,50.069817],[19.978015,50.069817],[19.978018,50.069913],[19.977987,50.069914],[19.97799,50.070003],[19.977883,50.070005],[19.977889,50.070124],[19.977464,50.07013],[19.977455,50.069772]]]}},{"type":"Feature","id":"w462577841","properties":{"type":"house","address":"Ułanów 34","residential":true,"residents_est":5,"h3_10":"8a1e2e68496ffff","h3_11":"8b1e2e68496cfff"},"geometry":{"type":"Polygon","coordinates":[[[19.985394,50.075014],[19.985433,50.074918],[19.985593,50.074941],[19.985566,50.07502],[19.985627,50.075044],[19.985606,50.075117],[19.985429,50.075061],[19.98544,50.07502],[19.985394,50.075014]]]}},{"type":"Feature","id":"w462578215","properties":{"type":"garages","residential":false,"residents_est":0,"h3_10":"8a1e2e68496ffff","h3_11":"8b1e2e68496dfff"},"geometry":{"type":"Polygon","coordinates":[[[19.985893,50.075071],[19.985905,50.07502],[19.986053,50.075032],[19.986046,50.075083],[19.985893,50.075071]]]}},{"type":"Feature","id":"w487711327","properties":{"type":"apartments","levels":7.0,"address":"Stanisława Lema 24","residential":true,"residents_est":81,"h3_10":"8a1e2e6848effff","h3_11":"8b1e2e6848ebfff"},"geometry":{"type":"Polygon","coordinates":[[[19.985616,50.069038],[19.985806,50.068952],[19.986176,50.069288],[19.986202,50.069276],[19.986261,50.06933],[19.986284,50.069319],[19.986349,50.069379],[19.98611,50.069488],[19.986003,50.06939],[19.986015,50.069384],[19.986002,50.069372],[19.985989,50.069378],[19.985954,50.06934],[19.98595,50.069342],[19.98575,50.069161],[19.985755,50.069159],[19.985744,50.069149],[19.985739,50.069151],[19.985711,50.069126],[19.985724,50.06912],[19.985718,50.069114],[19.985711,50.069108],[19.985698,50.069113],[19.985616,50.069038]]]}},{"type":"Feature","id":"w488955579","properties":{"type":"service","levels":1.0,"residential":false,"residents_est":0,"h3_10":"8a1e2e684807fff","h3_11":"8b1e2e684801fff"},"geometry":{"type":"Polygon","coordinates":[[[19.982415,50.071174],[19.982509,50.071123],[19.982593,50.071187],[19.982499,50.071237],[19.982415,50.071174]]]}},{"type":"Feature","id":"w488956247","properties":{"type":"commercial","levels":1.0,"address":"Aleja Jana Pawła II 15A","name":"BIEL MOTO GP Nauka Jazdy","residential":false,"residents_est":0,"h3_10":"8a1e2e68495ffff","h3_11":"8b1e2e68495dfff"},"geometry":{"type":"Polygon","coordinates":[[[19.984751,50.07297],[19.984814,50.072927],[19.98484,50.072942],[19.98484,50.072952],[19.984855,50.072952],[19.984881,50.072967],[19.984819,50.07301],[19.984796,50.072997],[19.984775,50.072997],[19.984774,50.072984],[19.984751,50.07297]]]}},{"type":"Feature","id":"w533563666","properties":{"type":"apartments","address":"Dąbska 22B","residential":true,"residents_est":56,"h3_10":"8a1e2e6848cffff","h3_11":"8b1e2e6848cbfff"},"geometry":{"type":"Polygon","coordinates":[[[19.986145,50.067836],[19.986343,50.067759],[19.986542,50.067995],[19.986514,50.068005],[19.986587,50.068089],[19.986616,50.068079],[19.98678,50.068264],[19.986522,50.068352],[19.986424,50.068238],[19.986495,50.068213],[19.986339,50.068031],[19.986325,50.068037],[19.986145,50.067836]]]}},{"type":"Feature","id":"w558895642","properties":{"type":"apartments","levels":15.0,"address":"Mogilska 120b","residential":true,"residents_est":85,"h3_10":"8a1e2e684887fff","h3_11":"8b1e2e684882fff"},"geometry":{"type":"Polygon","coordinates":[[[19.978527,50.068553],[19.978644,50.068389],[19.97885,50.068449],[19.979046,50.068546],[19.979047,50.068583],[19.979058,50.068587],[19.97906,50.068595],[19.97907,50.068596],[19.979074,50.06861],[19.979063,50.06861],[19.97907,50.068657],[19.978797,50.068577],[19.978654,50.068565],[19.978664,50.068551],[19.978581,50.068528],[19.978561,50.068557],[19.978527,50.068553]]]}},{"type":"Feature","id":"w558895643","properties":{"type":"apartments","levels":5.0,"address":"Mogilska 120E","residential":true,"residents_est":26,"h3_10":"8a1e2e6848b7fff","h3_11":"8b1e2e6848b3fff"},"geometry":{"type":"Polygon","coordinates":[[[19.977181,50.068638],[19.97745,50.068557],[19.977459,50.068568],[19.977507,50.068554],[19.97751,50.068538],[19.977571,50.068621],[19.977534,50.068632],[19.977545,50.068647],[19.977578,50.068641],[19.977584,50.068658],[19.977561,50.068666],[19.97757,50.068679],[19.977591,50.068677],[19.977599,50.068698],[19.977568,50.068707],[19.977576,50.068718],[19.977606,50.068718],[19.977619,50.068754],[19.977462,50.068772],[19.97742,50.068715],[19.977272,50.068761],[19.977284,50.068748],[19.977272,50.068731],[19.977254,50.068736],[19.977181,50.068638]]]}},{"type":"Feature","id":"w558895644","properties":{"type":"apartments","levels":15.0,"address":"Mogilska 120D","residential":true,"residents_est":79,"h3_10":"8a1e2e6848b7fff","h3_11":"8b1e2e6848b3fff"},"geometry":{"type":"Polygon","coordinates":[[[19.977711,50.068682],[19.97806,50.068625],[19.978063,50.068639],[19.978094,50.068636],[19.978106,50.068619],[19.97824,50.068615],[19.978279,50.068626],[19.97827,50.068638],[19.978305,50.068648],[19.978313,50.068636],[19.978322,50.068649],[19.978284,50.068702],[19.978263,50.068705],[19.978268,50.068724],[19.978254,50.068745],[19.978117,50.068747],[19.978117,50.068742],[19.978102,50.068748],[19.977732,50.068752],[19.977711,50.068682]]]}},{"type":"Feature","id":"w558895645","properties":{"type":"apartments","address":"Mogilska 120C","residential":true,"residents_est":31,"h3_10":"8a1e2e684897fff","h3_11":"8b1e2e684895fff"},"geometry":{"type":"Polygon","coordinates":[[[19.977939,50.068336],[19.977972,50.068252],[19.978065,50.068156],[19.978234,50.0682],[19.978223,50.068211],[19.97825,50.068222],[19.978261,50.068211],[19.978416,50.068274],[19.978385,50.068305],[19.978473,50.068341],[19.978415,50.068422],[19.978169,50.068326],[19.978148,50.068348],[19.977967,50.068347],[19.977939,50.068336]]]}},{"type":"Feature","id":"w577560792","properties":{"type":"service","levels":1.0,"address":"Aleja Jana Pawła II 42","residential":false,"residents_est":0,"h3_10":"8a1e2e684877fff","h3_11":"8b1e2e684875fff"},"geometry":{"type":"Polygon","coordinates":[[[19.984991,50.072203],[19.985099,50.072156],[19.985119,50.072175],[19.985189,50.072144],[19.985254,50.072204],[19.985076,50.072283],[19.984991,50.072203]]]}},{"type":"Feature","id":"w608003637","properties":{"type":"apartments","levels":3.0,"address":"Ogrodnicza 24","residential":true,"residents_est":11,"h3_10":"8a1e2e684817fff","h3_11":"8b1e2e684816fff"},"geometry":{"type":"Polygon","coordinates":[[[19.97932,50.070543],[19.979411,50.07054],[19.979409,50.070521],[19.979573,50.070516],[19.979574,50.070532],[19.97963,50.07053],[19.979639,50.070665],[19.979363,50.070673],[19.979359,50.070605],[19.979324,50.070606],[19.97932,50.070543]]]}},{"type":"Feature","id":"w608003638","properties":{"type":"apartments","levels":0.0,"address":"Ostatnia 1c","residential":true,"residents_est":80,"h3_10":"8a1e2e6848a7fff","h3_11":"8b1e2e6848a5fff"},"geometry":{"type":"Polygon","coordinates":[[[19.978548,50.070016],[19.978789,50.069884],[19.979001,50.070043],[19.979257,50.070214],[19.979308,50.070253],[19.979288,50.070264],[19.979317,50.070285],[19.97919,50.07048],[19.979163,50.070495],[19.979059,50.070417],[19.97908,50.070406],[19.978548,50.070016]]]}},{"type":"Feature","id":"w692600567","properties":{"type":"apartments","levels":4.0,"address":"Śliczna 4","residential":true,"residents_est":7,"h3_10":"8a1e2e68491ffff","h3_11":"8b1e2e684919fff"},"geometry":{"type":"Polygon","coordinates":[[[19.980211,50.072713],[19.980224,50.072714],[19.980236,50.072536],[19.980368,50.072537],[19.980367,50.072565],[19.980351,50.072564],[19.98035,50.072579],[19.980366,50.072579],[19.980342,50.072663],[19.980308,50.072662],[19.980307,50.072677],[19.980329,50.072678],[19.980327,50.072722],[19.980211,50.072719],[19.980211,50.072713]]]}},{"type":"Feature","id":"w698587873","properties":{"type":"garbage_shed","residential":false,"residents_est":0,"h3_10":"8a1e2e684957fff","h3_11":"8b1e2e684954fff"},"geometry":{"type":"Polygon","coordinates":[[[19.982333,50.0734],[19.982339,50.073366],[19.982408,50.07337],[19.982403,50.073405],[19.982333,50.0734]]]}},{"type":"Feature","id":"w701094633","properties":{"type":"retail","levels":1.0,"address":"Janusza Meissnera 32","name":"Zieleniak","residential":false,"residents_est":0,"h3_10":"8a1e2e68491ffff","h3_11":"8b1e2e684919fff"},"geometry":{"type":"Polygon","coordinates":[[[19.980373,50.072788],[19.980399,50.072747],[19.980438,50.072757],[19.980433,50.072765],[19.980448,50.072769],[19.980453,50.072761],[19.980492,50.072771],[19.980487,50.072779],[19.980494,50.072781],[19.980478,50.072806],[19.980471,50.072804],[19.980466,50.072812],[19.980427,50.072803],[19.980432,50.072794],[19.980417,50.07279],[19.980412,50.072799],[19.980373,50.072788]]]}},{"type":"Feature","id":"w737086702","properties":{"type":"yes","residential":false,"residents_est":0,"h3_10":"8a1e2e68498ffff","h3_11":"8b1e2e684989fff"},"geometry":{"type":"Polygon","coordinates":[[[19.979097,50.070949],[19.979102,50.070882],[19.979172,50.07088],[19.979172,50.070949],[19.979097,50.070949]]]}},{"type":"Feature","id":"w737086703","properties":{"type":"yes","residential":true,"residents_est":1,"h3_10":"8a1e2e684827fff","h3_11":"8b1e2e684822fff"},"geometry":{"type":"Polygon","coordinates":[[[19.980895,50.072017],[19.980967,50.072017],[19.980967,50.072094],[19.980895,50.072094],[19.980895,50.072017]]]}},{"type":"Feature","id":"w737086704","properties":{"type":"outbuilding","levels":1.0,"residential":false,"residents_est":0,"h3_10":"8a1e2e684827fff","h3_11":"8b1e2e684822fff"},"geometry":{"type":"Polygon","coordinates":[[[19.980688,50.07194],[19.980909,50.071934],[19.980912,50.071996],[19.980691,50.072002],[19.980688,50.07194]]]}},{"type":"Feature","id":"w737086705","properties":{"type":"yes","residential":true,"residents_est":1,"h3_10":"8a1e2e68491ffff","h3_11":"8b1e2e68491afff"},"geometry":{"type":"Polygon","coordinates":[[[19.979341,50.072208],[19.979561,50.072199],[19.979566,50.07225],[19.979346,50.072259],[19.979341,50.072208]]]}},{"type":"Feature","id":"w742385548","properties":{"type":"yes","levels":3.0,"address":"Łąkowa 25A","residential":true,"residents_est":3,"h3_10":"8a1e2e684957fff","h3_11":"8b1e2e684955fff"},"geometry":{"type":"Polygon","coordinates":[[[19.98335,50.073411],[19.983364,50.07328],[19.983507,50.073286],[19.983493,50.073418],[19.98335,50.073411]]]}},{"type":"Feature","id":"w742385549","properties":{"type":"residential","address":"Ostatnia 16A","residential":true,"residents_est":7,"h3_10":"8a1e2e684987fff","h3_11":"8b1e2e684985fff"},"geometry":{"type":"Polygon","coordinates":[[[19.977308,50.071653],[19.977536,50.071647],[19.977543,50.071748],[19.977359,50.071754],[19.977358,50.071727],[19.977313,50.071728],[19.977308,50.071653]]]}},{"type":"Feature","id":"w742385550","properties":{"type":"residential","address":"Tadeusza Kantora 5A","residential":true,"residents_est":4,"h3_10":"8a1e2e684987fff","h3_11":"8b1e2e684985fff"},"geometry":{"type":"Polygon","coordinates":[[[19.977359,50.071754],[19.977543,50.071748],[19.977547,50.071805],[19.977363,50.07181],[19.977359,50.071754]]]}},{"type":"Feature","id":"w745638357","properties":{"type":"apartments","levels":5.0,"address":"Stanisława Lema 17","residential":true,"residents_est":69,"h3_10":"8a1e2e68485ffff","h3_11":"8b1e2e684858fff"},"geometry":{"type":"Polygon","coordinates":[[[19.986785,50.070184],[19.987234,50.069933],[19.987285,50.069976],[19.987306,50.069968],[19.987345,50.070007],[19.987199,50.070087],[19.987256,50.070132],[19.987221,50.07015],[19.987202,50.070139],[19.987006,50.070241],[19.987025,50.070263],[19.987076,50.070236],[19.987454,50.07058],[19.987298,50.070651],[19.986785,50.070184]]]}},{"type":"Feature","id":"w745638358","properties":{"type":"apartments","levels":5.0,"address":"Stanisława Lema 17","residential":true,"residents_est":67,"h3_10":"8a1e2e68484ffff","h3_11":"8b1e2e68484efff"},"geometry":{"type":"Polygon","coordinates":[[[19.987392,50.070735],[19.987545,50.070667],[19.987953,50.071033],[19.988295,50.070869],[19.988399,50.070965],[19.987909,50.071199],[19.987392,50.070735]]]}},{"type":"Feature","id":"w745638360","properties":{"type":"apartments","levels":5.0,"address":"Stanisława Lema 19","residential":true,"residents_est":69,"h3_10":"8a1e2e68484ffff","h3_11":"8b1e2e68484bfff"},"geometry":{"type":"Polygon","coordinates":[[[19.988385,50.070221],[19.988525,50.070157],[19.989064,50.070647],[19.988603,50.070868],[19.988493,50.070773],[19.988803,50.070623],[19.988393,50.070251],[19.988409,50.070244],[19.988385,50.070221]]]}},{"type":"Feature","id":"w745638361","properties":{"type":"apartments","levels":5.0,"address":"Stanisława Lema 19","residential":true,"residents_est":89,"h3_10":"8a1e2e68484ffff","h3_11":"8b1e2e68484afff"},"geometry":{"type":"Polygon","coordinates":[[[19.987425,50.070189],[19.987788,50.069993],[19.987895,50.070089],[19.987679,50.070205],[19.988128,50.070613],[19.988355,50.070507],[19.988459,50.070601],[19.988077,50.070781],[19.987425,50.070189]]]}},{"type":"Feature","id":"w780123352","properties":{"type":"apartments","levels":5.0,"address":"Stanisława Lema 5","residential":true,"residents_est":56,"h3_10":"8a1e2e684877fff","h3_11":"8b1e2e684873fff"},"geometry":{"type":"Polygon","coordinates":[[[19.984904,50.071044],[19.985128,50.070928],[19.98562,50.071339],[19.985372,50.071466],[19.985238,50.071351],[19.985333,50.0713],[19.985098,50.071104],[19.985014,50.071143],[19.984904,50.071044]]]}},{"type":"Feature","id":"w834271300","properties":{"type":"yes","residential":true,"residents_est":1,"h3_10":"8a1e2e68499ffff","h3_11":"8b1e2e68499cfff"},"geometry":{"type":"Polygon","coordinates":[[[19.976848,50.070708],[19.976936,50.07064],[19.976988,50.070637],[19.977,50.070782],[19.976903,50.070782],[19.976848,50.070708]]]}},{"type":"Feature","id":"w834271301","properties":{"type":"yes","residential":false,"residents_est":0,"h3_10":"8a1e2e684987fff","h3_11":"8b1e2e684981fff"},"geometry":{"type":"Polygon","coordinates":[[[19.97743,50.071252],[19.977483,50.07125],[19.977487,50.071316],[19.977435,50.071317],[19.97743,50.071252]]]}},{"type":"Feature","id":"w834271302","properties":{"type":"yes","residential":false,"residents_est":0,"h3_10":"8a1e2e684987fff","h3_11":"8b1e2e684981fff"},"geometry":{"type":"Polygon","coordinates":[[[19.977276,50.071331],[19.977333,50.07133],[19.977334,50.071388],[19.977277,50.071389],[19.977276,50.071331]]]}},{"type":"Feature","id":"w840951890","properties":{"type":"apartments","residential":true,"residents_est":7,"h3_10":"8a1e2e6848affff","h3_11":"8b1e2e6848a9fff"},"geometry":{"type":"Polygon","coordinates":[[[19.981464,50.069398],[19.981541,50.069307],[19.981688,50.069358],[19.981633,50.069422],[19.98161,50.069414],[19.981586,50.069443],[19.981464,50.069398]]]}},{"type":"Feature","id":"w862086019","properties":{"type":"apartments","levels":6.0,"address":"Dąbska 18D","residential":true,"residents_est":130,"h3_10":"8a1e2e6848c7fff","h3_11":"8b1e2e6848c2fff"},"geometry":{"type":"Polygon","coordinates":[[[19.983305,50.067975],[19.983445,50.067918],[19.983491,50.067966],[19.983526,50.067951],[19.983572,50.067998],[19.983617,50.068045],[19.983582,50.06806],[19.983625,50.068104],[19.983781,50.068042],[19.983853,50.068116],[19.983833,50.068124],[19.983844,50.068135],[19.983864,50.068127],[19.984097,50.068368],[19.984079,50.068376],[19.98409,50.068387],[19.984108,50.06838],[19.984222,50.068497],[19.983794,50.068668],[19.983809,50.068684],[19.983712,50.068723],[19.983701,50.068712],[19.983552,50.068772],[19.983378,50.068592],[19.983524,50.068533],[19.983584,50.068596],[19.983629,50.068579],[19.983634,50.068584],[19.983645,50.06858],[19.983659,50.068593],[19.983676,50.068587],[19.983663,50.068573],[19.983698,50.068559],[19.983692,50.068553],[19.983768,50.068523],[19.983774,50.068528],[19.983946,50.068452],[19.98393,50.068436],[19.983914,50.068442],[19.983712,50.068234],[19.983705,50.068237],[19.983644,50.068174],[19.983651,50.068171],[19.9836,50.068118],[19.983488,50.068163],[19.983447,50.068121],[19.98343,50.068128],[19.983403,50.068099],[19.983395,50.068102],[19.983334,50.06804],[19.983342,50.068037],[19.983312,50.068006],[19.983328,50.067999],[19.983305,50.067975]]]}},{"type":"Feature","id":"w865355295","properties":{"type":"apartments","levels":4.0,"address":"Stanisława Lema 5A","residential":true,"residents_est":33,"h3_10":"8a1e2e684877fff","h3_11":"8b1e2e684871fff"},"geometry":{"type":"Polygon","coordinates":[[[19.985592,50.071545],[19.985762,50.071463],[19.986172,50.071818],[19.986008,50.071898],[19.985798,50.071728],[19.985592,50.071545]]]}},{"type":"Feature","id":"w907997964","properties":{"type":"apartments","levels":7.0,"address":"Dąbska 20","residential":true,"residents_est":153,"h3_10":"8a1e2e6848dffff","h3_11":"8b1e2e6848d9fff"},"geometry":{"type":"Polygon","coordinates":[[[19.984987,50.067267],[19.985037,50.067247],[19.985162,50.067239],[19.986213,50.068385],[19.986064,50.068442],[19.985806,50.06816],[19.985774,50.068172],[19.985641,50.068027],[19.985666,50.068018],[19.985525,50.067862],[19.985501,50.067871],[19.985229,50.067578],[19.98526,50.067566],[19.984987,50.067267]]]}},{"type":"Feature","id":"w953590268","properties":{"type":"roof","name":"Mexol","residential":false,"residents_est":0,"h3_10":"8a1e2e6848b7fff","h3_11":"8b1e2e6848b2fff"},"geometry":{"type":"Polygon","coordinates":[[[19.977069,50.06857],[19.977355,50.068489],[19.977382,50.068529],[19.977096,50.06861],[19.977069,50.06857]]]}},{"type":"Feature","id":"w1038785905","properties":{"type":"outbuilding","levels":1.0,"residential":false,"residents_est":0,"h3_10":"8a1e2e68488ffff","h3_11":"8b1e2e68488bfff"},"geometry":{"type":"Polygon","coordinates":[[[19.981291,50.068148],[19.981357,50.068064],[19.981402,50.06808],[19.981371,50.068115],[19.981438,50.068139],[19.981393,50.068185],[19.981291,50.068148]]]}},{"type":"Feature","id":"w1038785918","properties":{"type":"garage","levels":1.0,"residential":false,"residents_est":0,"h3_10":"8a1e2e68488ffff","h3_11":"8b1e2e68488dfff"},"geometry":{"type":"Polygon","coordinates":[[[19.981148,50.068643],[19.981238,50.068554],[19.981304,50.068581],[19.981214,50.068671],[19.981148,50.068643]]]}},{"type":"Feature","id":"w1038785923","properties":{"type":"garage","levels":1.0,"residential":false,"residents_est":0,"h3_10":"8a1e2e68488ffff","h3_11":"8b1e2e684889fff"},"geometry":{"type":"Polygon","coordinates":[[[19.981381,50.068389],[19.981739,50.068191],[19.981792,50.068231],[19.981434,50.068429],[19.981381,50.068389]]]}},{"type":"Feature","id":"w1038785924","properties":{"type":"garage","levels":1.0,"residential":false,"residents_est":0,"h3_10":"8a1e2e68488ffff","h3_11":"8b1e2e684889fff"},"geometry":{"type":"Polygon","coordinates":[[[19.981264,50.068537],[19.981814,50.068232],[19.98187,50.068274],[19.98132,50.068579],[19.981264,50.068537]]]}},{"type":"Feature","id":"w1038785934","properties":{"type":"outbuilding","levels":1.0,"residential":false,"residents_est":0,"h3_10":"8a1e2e68499ffff","h3_11":"8b1e2e68499dfff"},"geometry":{"type":"Polygon","coordinates":[[[19.977265,50.070585],[19.977306,50.070584],[19.977312,50.070675],[19.97727,50.070676],[19.977265,50.070585]]]}},{"type":"Feature","id":"w1038785945","properties":{"type":"apartments","levels":4.0,"residential":true,"residents_est":9,"h3_10":"8a1e2e684987fff","h3_11":"8b1e2e684981fff"},"geometry":{"type":"Polygon","coordinates":[[[19.977151,50.071127],[19.977157,50.071127],[19.977157,50.071133],[19.977427,50.071127],[19.977426,50.07112],[19.977433,50.07112],[19.977439,50.071224],[19.977277,50.071224],[19.977157,50.071231],[19.977151,50.071127]]]}},{"type":"Feature","id":"w1098553731","properties":{"type":"yes","address":"Aleja Jana Pawła II 58","residential":true,"residents_est":8,"h3_10":"8a1e2e68494ffff","h3_11":"8b1e2e68494bfff"},"geometry":{"type":"Polygon","coordinates":[[[19.986461,50.072999],[19.986505,50.07299],[19.986508,50.072939],[19.986713,50.072889],[19.986811,50.073081],[19.986783,50.073099],[19.986463,50.073062],[19.986461,50.072999]]]}},{"type":"Feature","id":"w1197781490","properties":{"type":"outbuilding","levels":1.0,"residential":false,"residents_est":0,"h3_10":"8a1e2e684837fff","h3_11":"8b1e2e684836fff"},"geometry":{"type":"Polygon","coordinates":[[[19.979446,50.071637],[19.979574,50.071636],[19.979575,50.071694],[19.979447,50.071695],[19.979446,50.071637]]]}},{"type":"Feature","id":"w1197781683","properties":{"type":"outbuilding","levels":1.0,"residential":false,"residents_est":0,"h3_10":"8a1e2e684867fff","h3_11":"8b1e2e684865fff"},"geometry":{"type":"Polygon","coordinates":[[[19.986928,50.072608],[19.986982,50.072596],[19.987024,50.072675],[19.986964,50.072688],[19.986933,50.07263],[19.986939,50.072629],[19.986928,50.072608]]]}},{"type":"Feature","id":"w1210603115","properties":{"type":"shed","levels":1.0,"residential":false,"residents_est":0,"h3_10":"8a1e2e6848b7fff","h3_11":"8b1e2e6848b1fff"},"geometry":{"type":"Polygon","coordinates":[[[19.977915,50.069085],[19.977916,50.069063],[19.977946,50.069063],[19.977948,50.068942],[19.977918,50.068941],[19.977919,50.068916],[19.978004,50.068917],[19.978004,50.068928],[19.978085,50.068929],[19.978082,50.069087],[19.978081,50.068943],[19.978044,50.068942],[19.978003,50.068942],[19.978,50.069086],[19.977915,50.069085]]]}},{"type":"Feature","id":"w1217063449","properties":{"type":"service","levels":1.0,"residential":false,"residents_est":0,"h3_10":"8a1e2e684957fff","h3_11":"8b1e2e684952fff"},"geometry":{"type":"Polygon","coordinates":[[[19.982192,50.0727],[19.982197,50.072648],[19.982278,50.072652],[19.982272,50.072704],[19.982192,50.0727]]]}},{"type":"Feature","id":"w1263324130","properties":{"type":"roof","residential":false,"residents_est":0,"h3_10":"8a1e2e68485ffff","h3_11":"8b1e2e68485bfff"},"geometry":{"type":"Polygon","coordinates":[[[19.987536,50.069904],[19.987672,50.069832],[19.987729,50.069876],[19.98759,50.069948],[19.987536,50.069904]]]}},{"type":"Feature","id":"w1263328073","properties":{"type":"roof","residential":false,"residents_est":0,"h3_10":"8a1e2e68485ffff","h3_11":"8b1e2e684858fff"},"geometry":{"type":"Polygon","coordinates":[[[19.987199,50.070087],[19.987345,50.070007],[19.987401,50.070053],[19.987256,50.070132],[19.987199,50.070087]]]}},{"type":"Feature","id":"w1264332603","properties":{"type":"service","residential":false,"residents_est":0,"h3_10":"8a1e2e6849affff","h3_11":"8b1e2e6849a9fff"},"geometry":{"type":"Polygon","coordinates":[[[19.978802,50.071923],[19.97888,50.071917],[19.978891,50.071977],[19.978812,50.071983],[19.978802,50.071923]]]}},{"type":"Feature","id":"w1286131900","properties":{"type":"construction","levels":5.0,"address":"Mogilska 132","residential":false,"residents_est":0,"h3_10":"8a1e2e684807fff","h3_11":"8b1e2e684800fff"},"geometry":{"type":"Polygon","coordinates":[[[19.981533,50.071441],[19.981604,50.071399],[19.98168,50.071452],[19.981746,50.071417],[19.98174,50.071412],[19.981765,50.071399],[19.981771,50.071403],[19.981816,50.071379],[19.981811,50.071374],[19.981835,50.071361],[19.981841,50.071365],[19.981884,50.071342],[19.981878,50.071338],[19.981945,50.071309],[19.981952,50.071314],[19.982041,50.071266],[19.982035,50.071261],[19.982067,50.071243],[19.982062,50.071237],[19.982098,50.071218],[19.982132,50.071236],[19.982178,50.07124],[19.982202,50.071266],[19.982245,50.071279],[19.982236,50.071293],[19.982235,50.07131],[19.981729,50.071581],[19.981533,50.071441]]]}},{"type":"Feature","id":"w1286131901","properties":{"type":"apartments","address":"Mogilska 130","residential":true,"residents_est":126,"h3_10":"8a1e2e684807fff","h3_11":"8b1e2e684802fff"},"geometry":{"type":"Polygon","coordinates":[[[19.980366,50.070617],[19.980385,50.070625],[19.980415,50.070607],[19.980401,50.070597],[19.98042,50.070605],[19.980442,50.070592],[19.980427,50.070581],[19.980446,50.070589],[19.980478,50.070571],[19.980463,50.070561],[19.980467,50.070558],[19.980482,50.070568],[19.980514,50.070549],[19.980512,50.070542],[19.980855,50.070499],[19.980856,50.070504],[19.980893,50.070495],[19.980898,50.070498],[19.980892,50.070501],[19.980967,50.070559],[19.980976,50.070559],[19.980971,50.070562],[19.981106,50.070666],[19.981116,50.070666],[19.98111,50.070669],[19.981188,50.070729],[19.981194,50.070726],[19.981198,50.07073],[19.981192,50.070733],[19.981271,50.070793],[19.981281,50.070793],[19.981275,50.070796],[19.981353,50.070857],[19.981363,50.070857],[19.981358,50.07086],[19.981409,50.0709],[19.981418,50.0709],[19.981413,50.070903],[19.981572,50.071026],[19.981582,50.07102],[19.981636,50.071062],[19.981645,50.071057],[19.981699,50.071099],[19.981708,50.071094],[19.981735,50.071117],[19.981358,50.071319],[19.98117,50.071185],[19.981241,50.071143],[19.981305,50.071189],[19.981447,50.071112],[19.981407,50.071082],[19.981422,50.071073],[19.981398,50.071055],[19.981383,50.071063],[19.981193,50.070917],[19.980964,50.07104],[19.980776,50.070906],[19.980847,50.070864],[19.98091,50.07091],[19.981072,50.070823],[19.980818,50.070628],[19.980604,50.070655],[19.980625,50.070728],[19.980569,50.070761],[19.980366,50.070617]]]}},{"type":"Feature","id":"w1331454215","properties":{"type":"roof","residential":false,"residents_est":0,"h3_10":"8a1e2e6848b7fff","h3_11":"8b1e2e6848b1fff"},"geometry":{"type":"Polygon","coordinates":[[[19.978086,50.069087],[19.978089,50.068943],[19.978167,50.068943],[19.978164,50.069087],[19.978086,50.069087]]]}},{"type":"Feature","id":"w1331454216","properties":{"type":"roof","residential":false,"residents_est":0,"h3_10":"8a1e2e6848b7fff","h3_11":"8b1e2e6848b1fff"},"geometry":{"type":"Polygon","coordinates":[[[19.978,50.069086],[19.978003,50.068942],[19.978081,50.068943],[19.978078,50.069087],[19.978,50.069086]]]}},{"type":"Feature","id":"w1331454224","properties":{"type":"residential","address":"Pułkownika pilota Stefana Łaszkiewicza 8B","residential":true,"residents_est":42,"h3_10":"8a1e2e684887fff","h3_11":"8b1e2e684884fff"},"geometry":{"type":"Polygon","coordinates":[[[19.978369,50.069045],[19.978372,50.06892],[19.978792,50.068924],[19.979278,50.069153],[19.979218,50.069204],[19.979239,50.069214],[19.979165,50.069278],[19.979039,50.069218],[19.979064,50.069197],[19.978825,50.069083],[19.978819,50.069089],[19.978716,50.06904],[19.978636,50.06904],[19.978636,50.069047],[19.978369,50.069045]]]}},{"type":"Feature","id":"w1331454225","properties":{"type":"yes","residential":false,"residents_est":0,"h3_10":"8a1e2e684887fff","h3_11":"8b1e2e684885fff"},"geometry":{"type":"Polygon","coordinates":[[[19.979529,50.069199],[19.979589,50.069165],[19.97964,50.069204],[19.979579,50.069237],[19.979529,50.069199]]]}},{"type":"Feature","id":"w1331454230","properties":{"type":"yes","residential":true,"residents_est":1,"h3_10":"8a1e2e6848b7fff","h3_11":"8b1e2e6848b1fff"},"geometry":{"type":"Polygon","coordinates":[[[19.978082,50.069087],[19.978085,50.068929],[19.978168,50.068929],[19.978168,50.068918],[19.978253,50.068919],[19.978252,50.068944],[19.978222,50.068944],[19.97822,50.069065],[19.97825,50.069065],[19.978249,50.069088],[19.978164,50.069087],[19.978167,50.068943],[19.978089,50.068943],[19.978082,50.069087]]]}},{"type":"Feature","id":"w1331471251","properties":{"type":"apartments","address":"Pułkownika pilota Stefana Łaszkiewicza 8A","residential":true,"residents_est":50,"h3_10":"8a1e2e6848b7fff","h3_11":"8b1e2e6848b0fff"},"geometry":{"type":"Polygon","coordinates":[[[19.976819,50.069007],[19.977022,50.068908],[19.977804,50.068915],[19.977802,50.069032],[19.977421,50.069029],[19.977421,50.069036],[19.977323,50.069036],[19.977284,50.069035],[19.977284,50.069028],[19.9771,50.069026],[19.977001,50.069074],[19.976995,50.069069],[19.976929,50.069101],[19.976819,50.069007]]]}},{"type":"Feature","id":"w1331471265","properties":{"type":"retail","levels":3.0,"residential":false,"residents_est":0,"h3_10":"8a1e2e68499ffff","h3_11":"8b1e2e68499efff"},"geometry":{"type":"Polygon","coordinates":[[[19.976095,50.070229],[19.976121,50.070193],[19.976146,50.07019],[19.976169,50.070206],[19.976145,50.070242],[19.976095,50.070229]]]}},{"type":"Feature","id":"w1331471284","properties":{"type":"yes","residential":false,"residents_est":0,"h3_10":"8a1e2e6849b7fff","h3_11":"8b1e2e6849b6fff"},"geometry":{"type":"Polygon","coordinates":[[[19.974218,50.071848],[19.974297,50.071826],[19.974314,50.07185],[19.974235,50.071873],[19.974218,50.071848]]]}},{"type":"Feature","id":"w1331471285","properties":{"type":"yes","residential":false,"residents_est":0,"h3_10":"8a1e2e6849b7fff","h3_11":"8b1e2e6849b6fff"},"geometry":{"type":"Polygon","coordinates":[[[19.974202,50.071824],[19.974281,50.071801],[19.974297,50.071826],[19.974218,50.071848],[19.974202,50.071824]]]}},{"type":"Feature","id":"w1331471286","properties":{"type":"yes","residential":false,"residents_est":0,"h3_10":"8a1e2e6849b7fff","h3_11":"8b1e2e6849b6fff"},"geometry":{"type":"Polygon","coordinates":[[[19.974184,50.071798],[19.974263,50.071775],[19.974281,50.071801],[19.974202,50.071824],[19.974184,50.071798]]]}},{"type":"Feature","id":"w1331471287","properties":{"type":"yes","residential":false,"residents_est":0,"h3_10":"8a1e2e6849b7fff","h3_11":"8b1e2e6849b6fff"},"geometry":{"type":"Polygon","coordinates":[[[19.974166,50.071772],[19.974244,50.071749],[19.974263,50.071775],[19.974184,50.071798],[19.974166,50.071772]]]}},{"type":"Feature","id":"w1331471288","properties":{"type":"yes","residential":false,"residents_est":0,"h3_10":"8a1e2e6849b7fff","h3_11":"8b1e2e6849b6fff"},"geometry":{"type":"Polygon","coordinates":[[[19.974128,50.07172],[19.974208,50.071698],[19.974244,50.071749],[19.974164,50.071772],[19.974128,50.07172]]]}},{"type":"Feature","id":"w1331471289","properties":{"type":"yes","residential":false,"residents_est":0,"h3_10":"8a1e2e6849b7fff","h3_11":"8b1e2e6849b6fff"},"geometry":{"type":"Polygon","coordinates":[[[19.974088,50.071794],[19.974166,50.071772],[19.974184,50.071798],[19.974106,50.07182],[19.974088,50.071794]]]}},{"type":"Feature","id":"w1331471297","properties":{"type":"yes","residential":false,"residents_est":0,"h3_10":"8a1e2e6849b7fff","h3_11":"8b1e2e6849b6fff"},"geometry":{"type":"Polygon","coordinates":[[[19.974069,50.071767],[19.974145,50.071745],[19.974164,50.071772],[19.974088,50.071794],[19.974069,50.071767]]]}},{"type":"Feature","id":"w1340584852","properties":{"type":"apartments","address":"Aleja Jana Pawła II 56","residential":true,"residents_est":46,"h3_10":"8a1e2e684867fff","h3_11":"8b1e2e684864fff"},"geometry":{"type":"Polygon","coordinates":[[[19.985819,50.072892],[19.985883,50.072811],[19.986153,50.072884],[19.986269,50.072708],[19.986383,50.072739],[19.986413,50.072705],[19.986502,50.072726],[19.986329,50.072947],[19.986407,50.072968],[19.986451,50.072965],[19.986455,50.07305],[19.986356,50.073053],[19.985819,50.072892]]]}},{"type":"Feature","id":"w1383010014","properties":{"type":"yes","residential":false,"residents_est":0,"h3_10":"8a1e2e684817fff","h3_11":"8b1e2e684813fff"},"geometry":{"type":"Polygon","coordinates":[[[19.980541,50.070204],[19.980595,50.070175],[19.980636,50.070206],[19.980581,50.070236],[19.980541,50.070204]]]}},{"type":"Feature","id":"w1383010022","properties":{"type":"apartments","address":"Mogilska 136","residential":true,"residents_est":39,"h3_10":"8a1e2e684807fff","h3_11":"8b1e2e684803fff"},"geometry":{"type":"Polygon","coordinates":[[[19.981852,50.071045],[19.981875,50.071031],[19.981962,50.070934],[19.981883,50.070874],[19.982047,50.070784],[19.982059,50.070784],[19.982325,50.070987],[19.982185,50.071066],[19.982206,50.071082],[19.982095,50.071104],[19.982102,50.071122],[19.98206,50.071128],[19.982004,50.071087],[19.981965,50.071101],[19.981948,50.071118],[19.981882,50.071062],[19.981852,50.071045]]]}},{"type":"Feature","id":"w1383015123","properties":{"type":"construction","residential":false,"residents_est":0,"h3_10":"8a1e2e684817fff","h3_11":"8b1e2e684815fff"},"geometry":{"type":"Polygon","coordinates":[[[19.980472,50.071058],[19.980525,50.071056],[19.980523,50.071033],[19.980604,50.07103],[19.980608,50.071067],[19.980576,50.071068],[19.980581,50.071122],[19.980479,50.071131],[19.980472,50.071058]]]}},{"type":"Feature","id":"w1383015125","properties":{"type":"outbuilding","levels":1.0,"residential":false,"residents_est":0,"h3_10":"8a1e2e684837fff","h3_11":"8b1e2e684831fff"},"geometry":{"type":"Polygon","coordinates":[[[19.98037,50.071593],[19.980441,50.071591],[19.980449,50.071663],[19.980377,50.071666],[19.98037,50.071593]]]}},{"type":"Feature","id":"w1383015126","properties":{"type":"house","levels":2.0,"residential":true,"residents_est":2,"h3_10":"8a1e2e684837fff","h3_11":"8b1e2e684830fff"},"geometry":{"type":"Polygon","coordinates":[[[19.980023,50.07175],[19.980025,50.071717],[19.980208,50.071711],[19.980212,50.071764],[19.980203,50.071764],[19.980204,50.071783],[19.98003,50.071788],[19.980023,50.07175]]]}},{"type":"Feature","id":"w1383015127","properties":{"type":"outbuilding","levels":1.0,"residential":false,"residents_est":0,"h3_10":"8a1e2e684827fff","h3_11":"8b1e2e684826fff"},"geometry":{"type":"Polygon","coordinates":[[[19.980484,50.072209],[19.980558,50.072209],[19.980558,50.072238],[19.980486,50.072239],[19.980484,50.072209]]]}},{"type":"Feature","id":"w1383015128","properties":{"type":"yes","residential":false,"residents_est":0,"h3_10":"8a1e2e684837fff","h3_11":"8b1e2e684835fff"},"geometry":{"type":"Polygon","coordinates":[[[19.980475,50.0721],[19.980548,50.072099],[19.980548,50.072127],[19.980477,50.072127],[19.980475,50.0721]]]}},{"type":"Feature","id":"w1383015129","properties":{"type":"outbuilding","levels":1.0,"residential":false,"residents_est":0,"h3_10":"8a1e2e684837fff","h3_11":"8b1e2e684835fff"},"geometry":{"type":"Polygon","coordinates":[[[19.980477,50.072127],[19.980551,50.072127],[19.980558,50.072209],[19.980484,50.072209],[19.980477,50.072127]]]}},{"type":"Feature","id":"w1383015130","properties":{"type":"outbuilding","levels":1.0,"residential":false,"residents_est":0,"h3_10":"8a1e2e684837fff","h3_11":"8b1e2e684831fff"},"geometry":{"type":"Polygon","coordinates":[[[19.980886,50.071661],[19.980969,50.071659],[19.980971,50.071688],[19.980887,50.07169],[19.980886,50.071661]]]}},{"type":"Feature","id":"w1383015131","properties":{"type":"yes","residential":false,"residents_est":0,"h3_10":"8a1e2e684807fff","h3_11":"8b1e2e684804fff"},"geometry":{"type":"Polygon","coordinates":[[[19.981114,50.071508],[19.981156,50.071507],[19.981205,50.071528],[19.98114,50.071563],[19.981116,50.071548],[19.981114,50.071508]]]}},{"type":"Feature","id":"w1383015132","properties":{"type":"yes","residential":false,"residents_est":0,"h3_10":"8a1e2e684837fff","h3_11":"8b1e2e684831fff"},"geometry":{"type":"Polygon","coordinates":[[[19.981025,50.071716],[19.98111,50.071715],[19.981112,50.071769],[19.981027,50.07177],[19.981025,50.071716]]]}},{"type":"Feature","id":"w1383015133","properties":{"type":"yes","residential":false,"residents_est":0,"h3_10":"8a1e2e684807fff","h3_11":"8b1e2e684805fff"},"geometry":{"type":"Polygon","coordinates":[[[19.982293,50.071476],[19.982322,50.07146],[19.982377,50.071501],[19.982347,50.071518],[19.982293,50.071476]]]}},{"type":"Feature","id":"w1383239451","properties":{"type":"yes","residential":false,"residents_est":0,"h3_10":"8a1e2e6849b7fff","h3_11":"8b1e2e6849b5fff"},"geometry":{"type":"Polygon","coordinates":[[[19.975248,50.072024],[19.975304,50.072005],[19.975327,50.072034],[19.975272,50.072052],[19.975248,50.072024]]]}},{"type":"Feature","id":"w1383239466","properties":{"type":"garage","levels":1.0,"residential":false,"residents_est":0,"h3_10":"8a1e2e6849b7fff","h3_11":"8b1e2e6849b4fff"},"geometry":{"type":"Polygon","coordinates":[[[19.974722,50.072115],[19.974803,50.072092],[19.974906,50.072242],[19.974825,50.072265],[19.974722,50.072115]]]}},{"type":"Feature","id":"w1383239468","properties":{"type":"garages","levels":1.0,"residential":false,"residents_est":0,"h3_10":"8a1e2e6849b7fff","h3_11":"8b1e2e6849b6fff"},"geometry":{"type":"Polygon","coordinates":[[[19.974426,50.071688],[19.974509,50.071663],[19.974633,50.07184],[19.974552,50.071864],[19.974426,50.071688]]]}},{"type":"Feature","id":"w1393593343","properties":{"type":"commercial","levels":1.0,"address":"Ułanów 1","residential":false,"residents_est":0,"h3_10":"8a1e2e68494ffff","h3_11":"8b1e2e68494efff"},"geometry":{"type":"Polygon","coordinates":[[[19.985457,50.073437],[19.985517,50.073394],[19.985558,50.073418],[19.985499,50.073461],[19.985457,50.073437]]]}},{"type":"Feature","id":"w1393593346","properties":{"type":"commercial","levels":1.0,"address":"Ułanów 1","residential":false,"residents_est":0,"h3_10":"8a1e2e68494ffff","h3_11":"8b1e2e68494efff"},"geometry":{"type":"Polygon","coordinates":[[[19.985328,50.073513],[19.985377,50.073484],[19.985411,50.073508],[19.985362,50.073537],[19.985328,50.073513]]]}},{"type":"Feature","id":"w1414275156","properties":{"type":"container","levels":1.0,"residential":false,"residents_est":0,"h3_10":"8a1e2e684887fff","h3_11":"8b1e2e684885fff"},"geometry":{"type":"Polygon","coordinates":[[[19.979665,50.069272],[19.979838,50.069175],[19.979902,50.069222],[19.979729,50.069319],[19.979665,50.069272]]]}},{"type":"Feature","id":"w1429476551","properties":{"type":"yes","residential":false,"residents_est":0,"h3_10":"8a1e2e68488ffff","h3_11":"8b1e2e684889fff"},"geometry":{"type":"Polygon","coordinates":[[[19.981682,50.068458],[19.98174,50.068428],[19.981769,50.068451],[19.981711,50.068481],[19.981682,50.068458]]]}},{"type":"Feature","id":"w1452565737","properties":{"type":"yes","residential":false,"residents_est":0,"h3_10":"8a1e2e684967fff","h3_11":"8b1e2e684963fff"},"geometry":{"type":"Polygon","coordinates":[[[19.984411,50.07466],[19.984501,50.074647],[19.984519,50.074696],[19.98443,50.074709],[19.984411,50.07466]]]}},{"type":"Feature","id":"w1452565752","properties":{"type":"yes","residential":false,"residents_est":0,"h3_10":"8a1e2e684977fff","h3_11":"8b1e2e684975fff"},"geometry":{"type":"Polygon","coordinates":[[[19.982882,50.074758],[19.982884,50.074714],[19.982958,50.074715],[19.982956,50.074759],[19.982882,50.074758]]]}},{"type":"Feature","id":"w1553513192","properties":{"type":"construction","address":"Mogilska 126","residential":false,"residents_est":0,"h3_10":"8a1e2e6848affff","h3_11":"8b1e2e6848acfff"},"geometry":{"type":"Polygon","coordinates":[[[19.979771,50.069806],[19.979789,50.06972],[19.980327,50.069443],[19.980763,50.06979],[19.980132,50.070116],[19.979992,50.070005],[19.980429,50.069779],[19.980244,50.069632],[19.979824,50.069849],[19.979771,50.069806]]]}},{"type":"Feature","id":"w1558270276","properties":{"type":"garage","levels":1.0,"residential":false,"residents_est":0,"h3_10":"8a1e2e68481ffff","h3_11":"8b1e2e684819fff"},"geometry":{"type":"Polygon","coordinates":[[[19.982903,50.070044],[19.982974,50.07001],[19.983015,50.070046],[19.982985,50.070059],[19.982976,50.070051],[19.982932,50.070069],[19.982903,50.070044]]]}},{"type":"Feature","id":"w1562939937","properties":{"type":"yes","residential":false,"residents_est":0,"h3_10":"8a1e2e684917fff","h3_11":"8b1e2e684914fff"},"geometry":{"type":"Polygon","coordinates":[[[19.977408,50.073684],[19.977446,50.073646],[19.977482,50.073661],[19.977444,50.073699],[19.977408,50.073684]]]}}]}