{"type":"FeatureCollection","features":[{"type":"Feature","id":"w29498577","properties":{"type":"supermarket","address":"Erazma Jerzmanowskiego 38","residential":false,"residents_est":0,"h3_10":"8a1e2e69ca8ffff","h3_11":"8b1e2e69ca8afff"},"geometry":{"type":"Polygon","coordinates":[[[20.009177,50.011372],[20.009372,50.011283],[20.009665,50.011549],[20.00947,50.011638],[20.009177,50.011372]]]}},{"type":"Feature","id":"w29744212","properties":{"type":"retail","levels":1.0,"address":"Erazma Jerzmanowskiego 12a","name":"Biedronka","residential":false,"residents_est":0,"h3_10":"8a1e2e69cb0ffff","h3_11":"8b1e2e69cb0bfff"},"geometry":{"type":"Polygon","coordinates":[[[20.009957,50.01668],[20.010426,50.016553],[20.010624,50.016857],[20.010154,50.016984],[20.009957,50.01668]]]}},{"type":"Feature","id":"w37632386","properties":{"type":"school","residential":false,"residents_est":0,"h3_10":"8a1e2e69ca17fff","h3_11":"8b1e2e69ca13fff"},"geometry":{"type":"Polygon","coordinates":[[[20.008908,50.013785],[20.00938,50.013674],[20.009337,50.013601],[20.009241,50.013623],[20.009151,50.013464],[20.009169,50.01346],[20.009141,50.01341],[20.009349,50.013361],[20.009468,50.01357],[20.009427,50.01358],[20.00947,50.013653],[20.009666,50.013607],[20.009729,50.013715],[20.008971,50.013894],[20.008908,50.013785]]]}},{"type":"Feature","id":"w37632388","properties":{"type":"kindergarten","address":"Jana Kurczaba 21","residential":false,"residents_est":0,"h3_10":"8a1e2e69cb8ffff","h3_11":"8b1e2e69cb8bfff"},"geometry":{"type":"Polygon","coordinates":[[[20.007551,50.01399],[20.00815,50.013833],[20.008216,50.013937],[20.007612,50.014097],[20.007609,50.014093],[20.007617,50.014091],[20.007587,50.014045],[20.007579,50.014047],[20.007577,50.014043],[20.007585,50.014041],[20.007551,50.01399]]]}},{"type":"Feature","id":"w37632454","properties":{"type":"residential","levels":11.0,"address":"Erazma Jerzmanowskiego 32","residential":true,"residents_est":65,"h3_10":"8a1e2e69caf7fff","h3_11":"8b1e2e69caf5fff"},"geometry":{"type":"Polygon","coordinates":[[[20.011371,50.012859],[20.011543,50.012823],[20.011571,50.012925],[20.011731,50.013255],[20.011664,50.013267],[20.011672,50.013283],[20.011635,50.01329],[20.011629,50.013275],[20.011558,50.01329],[20.011477,50.013122],[20.011497,50.013117],[20.011371,50.012859]]]}},{"type":"Feature","id":"w37632455","properties":{"type":"residential","levels":11.0,"address":"Jana Kurczaba 35","residential":true,"residents_est":66,"h3_10":"8a1e2e69caf7fff","h3_11":"8b1e2e69caf0fff"},"geometry":{"type":"Polygon","coordinates":[[[20.010578,50.012436],[20.010748,50.012403],[20.010822,50.012562],[20.010798,50.012567],[20.010902,50.012792],[20.010908,50.012791],[20.01093,50.012839],[20.010861,50.012852],[20.010867,50.012865],[20.010831,50.012872],[20.010825,50.012859],[20.010755,50.012872],[20.01068,50.0127],[20.010699,50.012696],[20.010578,50.012436]]]}},{"type":"Feature","id":"w37632571","properties":{"type":"kindergarten","levels":2.0,"address":"Leonida Teligi 28","residential":false,"residents_est":0,"h3_10":"8a1e2e69ca07fff","h3_11":"8b1e2e69ca02fff"},"geometry":{"type":"Polygon","coordinates":[[[20.009642,50.014739],[20.010119,50.014625],[20.010181,50.014733],[20.009704,50.014847],[20.009642,50.014739]]]}},{"type":"Feature","id":"w37635409","properties":{"type":"garages","levels":1.0,"residential":false,"residents_est":0,"h3_10":"8a1e2e69cac7fff","h3_11":"8b1e2e69cac2fff"},"geometry":{"type":"Polygon","coordinates":[[[20.012256,50.011949],[20.013143,50.01154],[20.013195,50.011586],[20.012307,50.011995],[20.012256,50.011949]]]}},{"type":"Feature","id":"w37635411","properties":{"type":"garages","residential":false,"residents_est":0,"h3_10":"8a1e2e69cad7fff","h3_11":"8b1e2e69cad1fff"},"geometry":{"type":"Polygon","coordinates":[[[20.012049,50.011764],[20.012904,50.011368],[20.012954,50.011413],[20.012099,50.011809],[20.012049,50.011764]]]}},{"type":"Feature","id":"w37635948","properties":{"type":"retail","residential":false,"residents_est":0,"h3_10":"8a1e2e69ca37fff","h3_11":"8b1e2e69ca31fff"},"geometry":{"type":"Polygon","coordinates":[[[20.008546,50.015313],[20.009664,50.015061],[20.00972,50.015165],[20.009638,50.015184],[20.009745,50.01538],[20.009824,50.015362],[20.009863,50.015433],[20.009311,50.015558],[20.009253,50.015452],[20.009567,50.015381],[20.00948,50.015221],[20.009002,50.015329],[20.009145,50.015592],[20.008809,50.015668],[20.008697,50.01546],[20.008711,50.015457],[20.008679,50.015398],[20.008602,50.015416],[20.008546,50.015313]]]}},{"type":"Feature","id":"w37636048","properties":{"type":"retail","levels":1.0,"residential":false,"residents_est":0,"h3_10":"8a1e2e69cb0ffff","h3_11":"8b1e2e69cb09fff"},"geometry":{"type":"Polygon","coordinates":[[[20.010401,50.017204],[20.010729,50.017114],[20.01077,50.017176],[20.010442,50.017266],[20.010401,50.017204]]]}},{"type":"Feature","id":"w37636267","properties":{"type":"residential","levels":11.0,"address":"Jana Kurczaba 37","residential":true,"residents_est":64,"h3_10":"8a1e2e69ca8ffff","h3_11":"8b1e2e69ca8dfff"},"geometry":{"type":"Polygon","coordinates":[[[20.00985,50.011916],[20.010014,50.011885],[20.010086,50.012039],[20.010064,50.012044],[20.010167,50.012267],[20.010172,50.012266],[20.010197,50.012318],[20.010021,50.012352],[20.009999,50.012304],[20.010005,50.012302],[20.009948,50.012179],[20.00997,50.012175],[20.00985,50.011916]]]}},{"type":"Feature","id":"w37636269","properties":{"type":"retail","levels":2.0,"address":"Jana Kurczaba 3","residential":false,"residents_est":0,"h3_10":"8a1e2e69cb97fff","h3_11":"8b1e2e69cb90fff"},"geometry":{"type":"Polygon","coordinates":[[[20.003411,50.014064],[20.003967,50.013928],[20.004032,50.014039],[20.003477,50.014176],[20.003411,50.014064]]]}},{"type":"Feature","id":"w37636270","properties":{"type":"yes","address":"Jana Kurczaba 6","residential":true,"residents_est":9,"h3_10":"8a1e2e69cb97fff","h3_11":"8b1e2e69cb92fff"},"geometry":{"type":"Polygon","coordinates":[[[20.003255,50.013678],[20.003435,50.013636],[20.003427,50.013623],[20.003494,50.013606],[20.003502,50.013619],[20.003683,50.013569],[20.003762,50.013697],[20.003579,50.013739],[20.003586,50.013751],[20.003516,50.013769],[20.003476,50.013703],[20.003381,50.013727],[20.003416,50.013784],[20.003333,50.013805],[20.003255,50.013678]]]}},{"type":"Feature","id":"w37636670","properties":{"type":"kindergarten","address":"Jana Kurczaba 19","residential":false,"residents_est":0,"h3_10":"8a1e2e69cb8ffff","h3_11":"8b1e2e69cb8afff"},"geometry":{"type":"Polygon","coordinates":[[[20.0067,50.01415],[20.006853,50.014111],[20.006946,50.014261],[20.007138,50.014211],[20.007046,50.014061],[20.007205,50.014021],[20.007385,50.014311],[20.007226,50.014352],[20.007159,50.014245],[20.007076,50.014266],[20.007085,50.014281],[20.007057,50.014288],[20.007047,50.014274],[20.006967,50.014295],[20.007033,50.014402],[20.00688,50.014441],[20.0067,50.01415]]]}},{"type":"Feature","id":"w37637395","properties":{"type":"residential","levels":5.0,"address":"Jana Kurczaba 9","residential":true,"residents_est":47,"h3_10":"8a1e2e69cb9ffff","h3_11":"8b1e2e69cb9efff"},"geometry":{"type":"Polygon","coordinates":[[[20.00433,50.013866],[20.005435,50.013595],[20.005488,50.013689],[20.005395,50.013712],[20.005404,50.013729],[20.005367,50.013738],[20.005357,50.013721],[20.005238,50.01375],[20.005247,50.013768],[20.005227,50.013773],[20.00521,50.013777],[20.005199,50.013759],[20.005095,50.013785],[20.005105,50.013803],[20.005068,50.013812],[20.005058,50.013795],[20.004955,50.013819],[20.004963,50.013837],[20.004925,50.013847],[20.004914,50.013829],[20.004812,50.013854],[20.004822,50.013872],[20.004787,50.013881],[20.004775,50.013863],[20.00466,50.013891],[20.004669,50.013908],[20.004633,50.013918],[20.004623,50.0139],[20.004519,50.013925],[20.004529,50.013944],[20.004491,50.013953],[20.00448,50.013934],[20.004386,50.013957],[20.00433,50.013866]]]}},{"type":"Feature","id":"w37637396","properties":{"type":"residential","levels":5.0,"address":"Jana Kurczaba 11","residential":true,"residents_est":42,"h3_10":"8a1e2e69cb9ffff","h3_11":"8b1e2e69cb9bfff"},"geometry":{"type":"Polygon","coordinates":[[[20.00577,50.013485],[20.006744,50.013241],[20.0068,50.013334],[20.006706,50.013358],[20.006713,50.013373],[20.00668,50.013382],[20.006672,50.013366],[20.006553,50.013398],[20.006561,50.013411],[20.006525,50.01342],[20.006516,50.013406],[20.006407,50.013433],[20.006415,50.013448],[20.006381,50.013456],[20.006373,50.013442],[20.006256,50.013471],[20.006264,50.013485],[20.006231,50.013494],[20.006221,50.013479],[20.006114,50.013507],[20.006123,50.013522],[20.006085,50.013531],[20.006077,50.013517],[20.005958,50.013546],[20.005966,50.01356],[20.00593,50.013569],[20.005922,50.013556],[20.005827,50.013579],[20.00577,50.013485]]]}},{"type":"Feature","id":"w37637397","properties":{"type":"residential","levels":5.0,"address":"Jana Kurczaba 13","residential":true,"residents_est":47,"h3_10":"8a1e2e69cb9ffff","h3_11":"8b1e2e69cb99fff"},"geometry":{"type":"Polygon","coordinates":[[[20.005837,50.013854],[20.00694,50.013593],[20.006994,50.013686],[20.006899,50.013708],[20.006909,50.013725],[20.006876,50.013733],[20.006866,50.013716],[20.006742,50.013745],[20.006751,50.013762],[20.006735,50.013766],[20.006717,50.01377],[20.006707,50.013753],[20.006599,50.013779],[20.006608,50.013796],[20.006574,50.013804],[20.006564,50.013787],[20.006466,50.013811],[20.006475,50.013827],[20.006439,50.013836],[20.00643,50.013819],[20.006321,50.013845],[20.006331,50.013862],[20.006296,50.01387],[20.006286,50.013853],[20.006165,50.013882],[20.006174,50.013899],[20.00614,50.013907],[20.006131,50.01389],[20.006021,50.013916],[20.00603,50.013933],[20.005996,50.013941],[20.005986,50.013924],[20.00589,50.013947],[20.005837,50.013854]]]}},{"type":"Feature","id":"w37637398","properties":{"type":"residential","levels":5.0,"address":"Jana Kurczaba 7","residential":true,"residents_est":35,"h3_10":"8a1e2e69cb97fff","h3_11":"8b1e2e69cb91fff"},"geometry":{"type":"Polygon","coordinates":[[[20.004541,50.014212],[20.005345,50.014014],[20.005401,50.014107],[20.005304,50.014131],[20.005314,50.014148],[20.005278,50.014156],[20.005268,50.01414],[20.005144,50.01417],[20.005154,50.014187],[20.005134,50.014192],[20.00512,50.014195],[20.00511,50.014179],[20.005001,50.014206],[20.005011,50.014222],[20.004977,50.014231],[20.004967,50.014214],[20.004861,50.01424],[20.004871,50.014257],[20.004836,50.014266],[20.004826,50.014249],[20.004727,50.014274],[20.004736,50.01429],[20.0047,50.014299],[20.00469,50.014283],[20.004596,50.014306],[20.004541,50.014212]]]}},{"type":"Feature","id":"w37637399","properties":{"type":"residential","levels":11.0,"address":"Jana Kurczaba 33","residential":true,"residents_est":65,"h3_10":"8a1e2e69caaffff","h3_11":"8b1e2e69caabfff"},"geometry":{"type":"Polygon","coordinates":[[[20.009407,50.012509],[20.009573,50.012477],[20.009643,50.012636],[20.009623,50.012639],[20.009729,50.012869],[20.009735,50.012868],[20.009757,50.012915],[20.009584,50.012949],[20.009506,50.012776],[20.009527,50.012771],[20.009407,50.012509]]]}},{"type":"Feature","id":"w37637400","properties":{"type":"residential","levels":11.0,"address":"Erazma Jerzmanowskiego 36","residential":true,"residents_est":63,"h3_10":"8a1e2e69cad7fff","h3_11":"8b1e2e69cad4fff"},"geometry":{"type":"Polygon","coordinates":[[[20.01092,50.01182],[20.011086,50.011788],[20.011158,50.011944],[20.011131,50.011949],[20.011234,50.012173],[20.011241,50.012172],[20.011264,50.012221],[20.011094,50.012254],[20.01102,50.01208],[20.011039,50.012077],[20.01092,50.01182]]]}},{"type":"Feature","id":"w37637401","properties":{"type":"residential","levels":11.0,"address":"Erazma Jerzmanowskiego 34","residential":true,"residents_est":64,"h3_10":"8a1e2e69caf7fff","h3_11":"8b1e2e69caf1fff"},"geometry":{"type":"Polygon","coordinates":[[[20.011777,50.012308],[20.011941,50.012276],[20.012013,50.012433],[20.011987,50.012438],[20.012091,50.012663],[20.012099,50.012662],[20.012123,50.012712],[20.012057,50.012725],[20.012063,50.012738],[20.012028,50.012744],[20.012022,50.012732],[20.011949,50.012746],[20.011926,50.012697],[20.011932,50.012695],[20.011876,50.012573],[20.011897,50.012568],[20.011777,50.012308]]]}},{"type":"Feature","id":"w37639525","properties":{"type":"commercial","levels":2.0,"address":"Erazma Jerzmanowskiego 40","residential":false,"residents_est":0,"h3_10":"8a1e2e69ca9ffff","h3_11":"8b1e2e69ca99fff"},"geometry":{"type":"Polygon","coordinates":[[[20.008797,50.011225],[20.009145,50.01105],[20.009203,50.011103],[20.009189,50.011109],[20.009237,50.011154],[20.009252,50.011147],[20.009309,50.011199],[20.009228,50.011236],[20.009216,50.011225],[20.009201,50.011232],[20.009213,50.011243],[20.009133,50.01128],[20.00912,50.011268],[20.009104,50.011276],[20.009116,50.011287],[20.009037,50.011324],[20.009024,50.011312],[20.009008,50.01132],[20.00902,50.011331],[20.008943,50.011366],[20.008919,50.011331],[20.008934,50.011298],[20.008933,50.011264],[20.008861,50.01127],[20.008828,50.011255],[20.008845,50.011242],[20.008797,50.011225]]]}},{"type":"Feature","id":"w37640502","properties":{"type":"yes","levels":2.0,"address":"Jana Kurczaba 25","name":"Spółdzielnia Mieszkaniowa Nowy Prokocim","residential":true,"residents_est":7,"h3_10":"8a1e2e69ca87fff","h3_11":"8b1e2e69ca85fff"},"geometry":{"type":"Polygon","coordinates":[[[20.007854,50.012806],[20.007892,50.012796],[20.007865,50.012748],[20.008099,50.012693],[20.008127,50.012739],[20.008187,50.012723],[20.008296,50.012902],[20.00837,50.012889],[20.008386,50.012915],[20.008313,50.012931],[20.008386,50.013053],[20.008206,50.0131],[20.008114,50.012947],[20.008136,50.012941],[20.00808,50.012843],[20.008024,50.012857],[20.008028,50.012862],[20.007902,50.012892],[20.007854,50.012806]]]}},{"type":"Feature","id":"w37640845","properties":{"type":"residential","levels":5.0,"address":"Leonida Teligi 4","residential":true,"residents_est":47,"h3_10":"8a1e2e69cbb7fff","h3_11":"8b1e2e69cbb6fff"},"geometry":{"type":"Polygon","coordinates":[[[20.002318,50.015172],[20.003425,50.014897],[20.00348,50.014991],[20.003385,50.015014],[20.003394,50.015031],[20.003374,50.015036],[20.00336,50.015039],[20.00335,50.015023],[20.003228,50.015053],[20.003238,50.015069],[20.003203,50.015078],[20.003193,50.015061],[20.003084,50.015088],[20.003094,50.015105],[20.00306,50.015113],[20.00305,50.015097],[20.002943,50.015123],[20.002952,50.015139],[20.002917,50.015148],[20.002908,50.015132],[20.0028,50.015158],[20.002809,50.015174],[20.00279,50.015179],[20.002773,50.015183],[20.002765,50.015167],[20.002641,50.015199],[20.00265,50.015212],[20.00263,50.015218],[20.002614,50.015222],[20.002606,50.015207],[20.002504,50.015233],[20.002513,50.015248],[20.002472,50.015259],[20.002461,50.015243],[20.002374,50.015264],[20.002318,50.015172]]]}},{"type":"Feature","id":"w37640855","properties":{"type":"residential","levels":5.0,"address":"Leonida Teligi 6","residential":true,"residents_est":42,"h3_10":"8a1e2e69cbb7fff","h3_11":"8b1e2e69cbb4fff"},"geometry":{"type":"Polygon","coordinates":[[[20.002853,50.015456],[20.003832,50.015214],[20.003887,50.015306],[20.003791,50.015329],[20.003801,50.015345],[20.003781,50.01535],[20.003764,50.015354],[20.003755,50.015339],[20.003632,50.015369],[20.003641,50.015385],[20.003606,50.015394],[20.003596,50.015378],[20.003498,50.015402],[20.003507,50.015418],[20.003472,50.015427],[20.003462,50.015411],[20.003336,50.015442],[20.003346,50.015458],[20.003309,50.015467],[20.0033,50.015451],[20.003193,50.015478],[20.003202,50.015493],[20.003184,50.015498],[20.003166,50.015502],[20.003157,50.015487],[20.003036,50.015516],[20.003046,50.015532],[20.003011,50.015541],[20.003002,50.015525],[20.002908,50.015548],[20.002853,50.015456]]]}},{"type":"Feature","id":"w37640867","properties":{"type":"yes","levels":3.0,"address":"Leonida Teligi 8","residential":false,"residents_est":0,"h3_10":"8a1e2e69cba7fff","h3_11":"8b1e2e69cba6fff"},"geometry":{"type":"Polygon","coordinates":[[[20.004027,50.015768],[20.00421,50.015724],[20.004501,50.016222],[20.004317,50.016266],[20.004027,50.015768]]]}},{"type":"Feature","id":"w37641068","properties":{"type":"retail","levels":1.0,"residential":false,"residents_est":0,"h3_10":"8a1e2e69cb0ffff","h3_11":"8b1e2e69cb09fff"},"geometry":{"type":"Polygon","coordinates":[[[20.010338,50.017107],[20.010665,50.017017],[20.010706,50.01708],[20.010379,50.017169],[20.010338,50.017107]]]}},{"type":"Feature","id":"w37641069","properties":{"type":"retail","levels":1.0,"residential":false,"residents_est":0,"h3_10":"8a1e2e69cb57fff","h3_11":"8b1e2e69cb54fff"},"geometry":{"type":"Polygon","coordinates":[[[20.010788,50.017098],[20.011024,50.017034],[20.011064,50.017096],[20.010829,50.01716],[20.010788,50.017098]]]}},{"type":"Feature","id":"w37641074","properties":{"type":"retail","levels":1.0,"residential":false,"residents_est":0,"h3_10":"8a1e2e69cb57fff","h3_11":"8b1e2e69cb54fff"},"geometry":{"type":"Polygon","coordinates":[[[20.010725,50.017001],[20.01096,50.016937],[20.011001,50.016999],[20.010766,50.017063],[20.010725,50.017001]]]}},{"type":"Feature","id":"w37641077","properties":{"type":"retail","levels":1.0,"residential":false,"residents_est":0,"h3_10":"8a1e2e69cb57fff","h3_11":"8b1e2e69cb54fff"},"geometry":{"type":"Polygon","coordinates":[[[20.011045,50.016914],[20.011281,50.01685],[20.011322,50.016912],[20.011086,50.016976],[20.011045,50.016914]]]}},{"type":"Feature","id":"w37641082","properties":{"type":"retail","levels":1.0,"residential":false,"residents_est":0,"h3_10":"8a1e2e69cb57fff","h3_11":"8b1e2e69cb54fff"},"geometry":{"type":"Polygon","coordinates":[[[20.011109,50.01701],[20.011344,50.016946],[20.011385,50.017009],[20.01115,50.017073],[20.011109,50.01701]]]}},{"type":"Feature","id":"w37641195","properties":{"type":"garages","residential":false,"residents_est":0,"h3_10":"8a1e2e69cb4ffff","h3_11":"8b1e2e69cb4efff"},"geometry":{"type":"Polygon","coordinates":[[[20.014004,50.017215],[20.014165,50.017175],[20.014319,50.017427],[20.01416,50.017468],[20.014004,50.017215]]]}},{"type":"Feature","id":"w37645257","properties":{"type":"residential","levels":5.0,"address":"Erazma Jerzmanowskiego 30","residential":true,"residents_est":51,"h3_10":"8a1e2e69ca1ffff","h3_11":"8b1e2e69ca19fff"},"geometry":{"type":"Polygon","coordinates":[[[20.010607,50.013791],[20.010941,50.013716],[20.010955,50.013741],[20.011724,50.013568],[20.011718,50.013558],[20.01186,50.013523],[20.011886,50.013572],[20.011861,50.013578],[20.011871,50.013595],[20.011896,50.013589],[20.011922,50.013639],[20.011783,50.013668],[20.011776,50.013655],[20.011003,50.013828],[20.010992,50.013809],[20.010754,50.013862],[20.010767,50.013887],[20.010651,50.013913],[20.010623,50.013863],[20.010643,50.013858],[20.010607,50.013791]]]}},{"type":"Feature","id":"w37645412","properties":{"type":"residential","levels":5.0,"address":"Erazma Jerzmanowskiego 24","residential":true,"residents_est":37,"h3_10":"8a1e2e69ca1ffff","h3_11":"8b1e2e69ca1cfff"},"geometry":{"type":"Polygon","coordinates":[[[20.010189,50.014006],[20.010265,50.013988],[20.010274,50.014005],[20.010303,50.013998],[20.010293,50.013982],[20.010369,50.013964],[20.010416,50.014055],[20.010395,50.01406],[20.010675,50.014556],[20.01052,50.014592],[20.010492,50.014541],[20.010509,50.014538],[20.010378,50.014305],[20.010283,50.014137],[20.010268,50.014141],[20.010189,50.014006]]]}},{"type":"Feature","id":"w37645611","properties":{"type":"residential","levels":5.0,"address":"Erazma Jerzmanowskiego 28","residential":true,"residents_est":42,"h3_10":"8a1e2e69ca0ffff","h3_11":"8b1e2e69ca0afff"},"geometry":{"type":"Polygon","coordinates":[[[20.011033,50.014085],[20.011142,50.014059],[20.011146,50.014066],[20.011956,50.013873],[20.011949,50.01386],[20.012085,50.013824],[20.012113,50.013873],[20.012093,50.013877],[20.012097,50.013885],[20.012103,50.013895],[20.012124,50.01389],[20.012152,50.013939],[20.012009,50.013971],[20.012001,50.013957],[20.011173,50.014155],[20.011187,50.014178],[20.011073,50.014206],[20.011045,50.014158],[20.011071,50.014151],[20.011033,50.014085]]]}},{"type":"Feature","id":"w37647509","properties":{"type":"residential","levels":5.0,"address":"Leonida Teligi 30","residential":true,"residents_est":36,"h3_10":"8a1e2e69ca07fff","h3_11":"8b1e2e69ca04fff"},"geometry":{"type":"Polygon","coordinates":[[[20.010028,50.01517],[20.010107,50.015151],[20.010116,50.015167],[20.010139,50.015161],[20.01013,50.015146],[20.010207,50.015128],[20.010253,50.015219],[20.010233,50.015224],[20.010513,50.015713],[20.010367,50.015748],[20.010338,50.015698],[20.010351,50.015695],[20.010347,50.015687],[20.010099,50.015255],[20.010083,50.015259],[20.010028,50.01517]]]}},{"type":"Feature","id":"w37647510","properties":{"type":"residential","levels":5.0,"address":"Erazma Jerzmanowskiego 26","residential":true,"residents_est":42,"h3_10":"8a1e2e69ca0ffff","h3_11":"8b1e2e69ca0efff"},"geometry":{"type":"Polygon","coordinates":[[[20.01099,50.014466],[20.011099,50.014439],[20.011104,50.014447],[20.011913,50.014249],[20.011907,50.014239],[20.012038,50.014206],[20.012068,50.014256],[20.012044,50.014262],[20.012049,50.014271],[20.012054,50.014279],[20.012076,50.014273],[20.012101,50.014317],[20.011963,50.014349],[20.011955,50.014334],[20.011128,50.014537],[20.011142,50.014561],[20.011035,50.014588],[20.011006,50.014538],[20.011029,50.014533],[20.01099,50.014466]]]}},{"type":"Feature","id":"w37647683","properties":{"type":"retail","levels":2.0,"address":"Leonida Teligi 34c","residential":false,"residents_est":0,"h3_10":"8a1e2e69ca2ffff","h3_11":"8b1e2e69ca29fff"},"geometry":{"type":"Polygon","coordinates":[[[20.012281,50.01581],[20.0123,50.015712],[20.012324,50.015714],[20.012326,50.015706],[20.012395,50.015695],[20.012387,50.015724],[20.01243,50.015739],[20.012441,50.015753],[20.012442,50.015769],[20.012434,50.015785],[20.012417,50.015798],[20.012368,50.015808],[20.012362,50.015842],[20.012292,50.015836],[20.012295,50.015818],[20.012281,50.01581]]]}},{"type":"Feature","id":"w37669228","properties":{"type":"residential","levels":5.0,"address":"Erazma Jerzmanowskiego 18","residential":true,"residents_est":44,"h3_10":"8a1e2e69ca2ffff","h3_11":"8b1e2e69ca2afff"},"geometry":{"type":"Polygon","coordinates":[[[20.010887,50.015244],[20.010997,50.015217],[20.011001,50.015224],[20.011808,50.015027],[20.011802,50.015017],[20.011937,50.014981],[20.011967,50.015031],[20.011942,50.015037],[20.011946,50.015044],[20.011952,50.015054],[20.011976,50.015048],[20.012005,50.015098],[20.011861,50.015129],[20.011853,50.015116],[20.01103,50.015317],[20.011042,50.015338],[20.01093,50.015366],[20.010901,50.015316],[20.010927,50.01531],[20.010887,50.015244]]]}},{"type":"Feature","id":"w37669229","properties":{"type":"residential","levels":5.0,"address":"Leonida Teligi 32","residential":true,"residents_est":45,"h3_10":"8a1e2e69ca2ffff","h3_11":"8b1e2e69ca2efff"},"geometry":{"type":"Polygon","coordinates":[[[20.010836,50.01562],[20.010946,50.015593],[20.010949,50.015598],[20.011758,50.015405],[20.011752,50.015394],[20.011889,50.015358],[20.011917,50.015408],[20.011893,50.015413],[20.011903,50.01543],[20.011926,50.015425],[20.011955,50.015474],[20.011813,50.015505],[20.011807,50.015496],[20.010979,50.015693],[20.010993,50.015716],[20.010877,50.015744],[20.010847,50.015691],[20.010873,50.015685],[20.010836,50.01562]]]}},{"type":"Feature","id":"w37669230","properties":{"type":"residential","levels":5.0,"address":"Erazma Jerzmanowskiego 20","residential":true,"residents_est":50,"h3_10":"8a1e2e69ca07fff","h3_11":"8b1e2e69ca01fff"},"geometry":{"type":"Polygon","coordinates":[[[20.010445,50.014964],[20.010768,50.014886],[20.010781,50.014908],[20.011542,50.014725],[20.011537,50.014716],[20.011674,50.01468],[20.011702,50.014729],[20.011679,50.014734],[20.011684,50.014743],[20.011689,50.014751],[20.011714,50.014745],[20.011743,50.014794],[20.011605,50.014825],[20.011597,50.01481],[20.010835,50.014993],[20.010823,50.014974],[20.010584,50.015031],[20.010597,50.015054],[20.010484,50.015082],[20.010457,50.015034],[20.010482,50.015028],[20.010445,50.014964]]]}},{"type":"Feature","id":"w37669709","properties":{"type":"residential","address":"Jana Kurczaba 23","residential":true,"residents_est":23,"h3_10":"8a1e2e69caa7fff","h3_11":"8b1e2e69caa2fff"},"geometry":{"type":"Polygon","coordinates":[[[20.007246,50.013065],[20.007345,50.013041],[20.007352,50.013052],[20.007446,50.013029],[20.007526,50.013166],[20.00761,50.013145],[20.007632,50.013183],[20.007547,50.013204],[20.007629,50.013341],[20.007535,50.013365],[20.007542,50.013376],[20.007441,50.0134],[20.007412,50.013349],[20.007428,50.013345],[20.007417,50.013327],[20.007402,50.013331],[20.007287,50.013134],[20.007303,50.01313],[20.007293,50.013113],[20.007277,50.013117],[20.007246,50.013065]]]}},{"type":"Feature","id":"w37669710","properties":{"type":"yes","address":"Leonida Teligi 27","name":"Rimini","residential":false,"residents_est":0,"h3_10":"8a1e2e69cb57fff","h3_11":"8b1e2e69cb56fff"},"geometry":{"type":"Polygon","coordinates":[[[20.010743,50.016626],[20.010884,50.016585],[20.010991,50.016735],[20.01091,50.016759],[20.010915,50.016766],[20.010854,50.016784],[20.010743,50.016626]]]}},{"type":"Feature","id":"w37669711","properties":{"type":"yes","address":"Erazma Jerzmanowskiego 14","residential":true,"residents_est":19,"h3_10":"8a1e2e69cb57fff","h3_11":"8b1e2e69cb50fff"},"geometry":{"type":"Polygon","coordinates":[[[20.010966,50.016424],[20.011127,50.016382],[20.011193,50.016486],[20.011271,50.016465],[20.011366,50.016615],[20.011443,50.016595],[20.011508,50.016698],[20.011585,50.016678],[20.01168,50.016828],[20.011758,50.016807],[20.011824,50.016912],[20.011767,50.016927],[20.011802,50.016982],[20.011697,50.01701],[20.011598,50.016854],[20.011522,50.016875],[20.011424,50.016722],[20.011347,50.016742],[20.011283,50.016642],[20.011205,50.016663],[20.011107,50.016509],[20.011032,50.016528],[20.010966,50.016424]]]}},{"type":"Feature","id":"w37672656","properties":{"type":"garages","residential":false,"residents_est":0,"h3_10":"8a1e2e69cad7fff","h3_11":"8b1e2e69cad1fff"},"geometry":{"type":"Polygon","coordinates":[[[20.011856,50.01164],[20.01268,50.01126],[20.012733,50.011307],[20.011909,50.011688],[20.011856,50.01164]]]}},{"type":"Feature","id":"w37672657","properties":{"type":"garages","residential":false,"residents_est":0,"h3_10":"8a1e2e69cad7fff","h3_11":"8b1e2e69cad1fff"},"geometry":{"type":"Polygon","coordinates":[[[20.011656,50.01156],[20.012498,50.011171],[20.012551,50.011219],[20.011709,50.011607],[20.011656,50.01156]]]}},{"type":"Feature","id":"w37672663","properties":{"type":"garages","residential":false,"residents_est":0,"h3_10":"8a1e2e69ca5ffff","h3_11":"8b1e2e69ca5cfff"},"geometry":{"type":"Polygon","coordinates":[[[20.014967,50.014317],[20.015011,50.014211],[20.015499,50.014297],[20.015454,50.014403],[20.014967,50.014317]]]}},{"type":"Feature","id":"w37672664","properties":{"type":"garages","residential":false,"residents_est":0,"h3_10":"8a1e2e69ca5ffff","h3_11":"8b1e2e69ca5cfff"},"geometry":{"type":"Polygon","coordinates":[[[20.015048,50.014123],[20.015094,50.014018],[20.015581,50.014104],[20.015535,50.01421],[20.015048,50.014123]]]}},{"type":"Feature","id":"w37672665","properties":{"type":"garages","residential":false,"residents_est":0,"h3_10":"8a1e2e69ca5ffff","h3_11":"8b1e2e69ca5efff"},"geometry":{"type":"Polygon","coordinates":[[[20.01513,50.013931],[20.015176,50.013825],[20.015663,50.013912],[20.015617,50.014017],[20.01513,50.013931]]]}},{"type":"Feature","id":"w37672666","properties":{"type":"garages","residential":false,"residents_est":0,"h3_10":"8a1e2e69ca5ffff","h3_11":"8b1e2e69ca58fff"},"geometry":{"type":"Polygon","coordinates":[[[20.015334,50.01376],[20.01538,50.013653],[20.015746,50.013718],[20.0157,50.013825],[20.015334,50.01376]]]}},{"type":"Feature","id":"w37672667","properties":{"type":"residential","address":"Aleksandry 4B","residential":true,"residents_est":37,"h3_10":"8a1e2e69ca47fff","h3_11":"8b1e2e69ca46fff"},"geometry":{"type":"Polygon","coordinates":[[[20.014479,50.015029],[20.01455,50.014865],[20.014722,50.014897],[20.014686,50.014978],[20.014842,50.015006],[20.014847,50.014996],[20.014808,50.014989],[20.014831,50.014932],[20.014923,50.014948],[20.014894,50.015015],[20.015141,50.015059],[20.015068,50.015225],[20.014572,50.015137],[20.014609,50.015053],[20.014479,50.015029]]]}},{"type":"Feature","id":"w37672668","properties":{"type":"yes","name":"Jednostka Ratowniczo-Gaśnicza PSP nr 6 w Krakowie","residential":false,"residents_est":0,"h3_10":"8a1e2e69ca67fff","h3_11":"8b1e2e69ca61fff"},"geometry":{"type":"Polygon","coordinates":[[[20.015324,50.016103],[20.015419,50.015729],[20.015922,50.015781],[20.015856,50.016044],[20.015836,50.016042],[20.015844,50.016087],[20.015837,50.016114],[20.015809,50.016154],[20.015653,50.016138],[20.015652,50.016143],[20.015594,50.016138],[20.0156,50.016118],[20.015558,50.016113],[20.015554,50.016127],[20.015324,50.016103]]]}},{"type":"Feature","id":"w37674009","properties":{"type":"apartments","levels":5.0,"address":"Aleksandry 5","residential":true,"residents_est":85,"h3_10":"8a1e2e69ca4ffff","h3_11":"8b1e2e69ca4bfff"},"geometry":{"type":"Polygon","coordinates":[[[20.016766,50.014224],[20.016767,50.014122],[20.017246,50.014118],[20.017245,50.014127],[20.017481,50.014127],[20.017481,50.014136],[20.017958,50.014136],[20.017958,50.014146],[20.018195,50.014144],[20.018195,50.014155],[20.018429,50.014152],[20.018429,50.014144],[20.018905,50.014139],[20.01891,50.014241],[20.018433,50.014246],[20.018434,50.014256],[20.01819,50.014257],[20.01819,50.014246],[20.017952,50.014247],[20.017952,50.014237],[20.01748,50.014239],[20.01748,50.014229],[20.017243,50.01423],[20.017243,50.014222],[20.016766,50.014224]]]}},{"type":"Feature","id":"w37674010","properties":{"type":"apartments","levels":5.0,"address":"Aleksandry 3","residential":true,"residents_est":83,"h3_10":"8a1e2e69ca4ffff","h3_11":"8b1e2e69ca49fff"},"geometry":{"type":"Polygon","coordinates":[[[20.016938,50.014569],[20.017414,50.014562],[20.017413,50.014569],[20.017652,50.01457],[20.017651,50.014579],[20.018127,50.014575],[20.018126,50.014583],[20.018365,50.014582],[20.018363,50.014591],[20.018602,50.01459],[20.018601,50.014599],[20.019083,50.014593],[20.019088,50.014692],[20.018609,50.014698],[20.018608,50.014689],[20.01837,50.014691],[20.018371,50.014683],[20.018133,50.014684],[20.018129,50.014675],[20.017654,50.014678],[20.017655,50.014671],[20.017418,50.014673],[20.017415,50.014664],[20.016943,50.01467],[20.016938,50.014569]]]}},{"type":"Feature","id":"w37674012","properties":{"type":"service","residential":false,"residents_est":0,"h3_10":"8a1e2e69ca8ffff","h3_11":"8b1e2e69ca8dfff"},"geometry":{"type":"Polygon","coordinates":[[[20.00978,50.012487],[20.009845,50.012474],[20.009866,50.012516],[20.009801,50.012529],[20.00978,50.012487]]]}},{"type":"Feature","id":"w37695479","properties":{"type":"garages","residential":false,"residents_est":0,"h3_10":"8a1e2e69cab7fff","h3_11":"8b1e2e69cab2fff"},"geometry":{"type":"Polygon","coordinates":[[[20.005632,50.01227],[20.005705,50.012243],[20.006388,50.01299],[20.006314,50.013018],[20.005632,50.01227]]]}},{"type":"Feature","id":"w37695480","properties":{"type":"residential","address":"Jana Kurczaba 14","residential":true,"residents_est":45,"h3_10":"8a1e2e69ca97fff","h3_11":"8b1e2e69ca95fff"},"geometry":{"type":"Polygon","coordinates":[[[20.006294,50.011949],[20.006418,50.011892],[20.006368,50.011846],[20.006529,50.011773],[20.006506,50.011752],[20.006672,50.011677],[20.00665,50.011656],[20.006854,50.011559],[20.006897,50.011598],[20.006904,50.011595],[20.006913,50.011603],[20.00722,50.011462],[20.007246,50.011485],[20.00739,50.011414],[20.007434,50.011455],[20.007442,50.011451],[20.007479,50.011485],[20.007418,50.011513],[20.007443,50.011536],[20.007411,50.011551],[20.007385,50.011528],[20.007326,50.011555],[20.007299,50.01153],[20.00723,50.011561],[20.007256,50.011585],[20.007227,50.011599],[20.007201,50.011575],[20.007077,50.011631],[20.007102,50.011654],[20.007075,50.011667],[20.007049,50.011644],[20.006989,50.011671],[20.006939,50.011625],[20.006843,50.01167],[20.006872,50.011696],[20.006843,50.011709],[20.006813,50.011683],[20.006719,50.011726],[20.006746,50.01175],[20.006676,50.011782],[20.006705,50.011808],[20.006676,50.011821],[20.006647,50.011795],[20.006578,50.011826],[20.006602,50.011848],[20.006539,50.011877],[20.006566,50.011902],[20.006538,50.011915],[20.00651,50.01189],[20.006447,50.011919],[20.006458,50.011929],[20.006449,50.011934],[20.006516,50.011995],[20.006435,50.012032],[20.006544,50.01213],[20.006436,50.01218],[20.006391,50.01214],[20.006359,50.012155],[20.006337,50.012135],[20.006363,50.012123],[20.006325,50.012089],[20.006407,50.012046],[20.006363,50.012005],[20.006328,50.012021],[20.006305,50.012],[20.006335,50.011986],[20.006294,50.011949]]]}},{"type":"Feature","id":"w37695481","properties":{"type":"residential","address":"Jana Kurczaba 12","residential":true,"residents_est":27,"h3_10":"8a1e2e69ca87fff","h3_11":"8b1e2e69ca86fff"},"geometry":{"type":"Polygon","coordinates":[[[20.006712,50.012287],[20.006837,50.012231],[20.006782,50.01218],[20.006941,50.012109],[20.006916,50.012086],[20.007013,50.012043],[20.007006,50.012037],[20.007063,50.012011],[20.007152,50.012085],[20.007091,50.012113],[20.007116,50.012136],[20.007085,50.01215],[20.00706,50.012127],[20.006993,50.012157],[20.007018,50.012181],[20.006957,50.012208],[20.00698,50.01223],[20.006949,50.012244],[20.006925,50.012222],[20.00686,50.012252],[20.006878,50.012268],[20.006869,50.012272],[20.006934,50.012332],[20.0069,50.012347],[20.007117,50.012548],[20.00701,50.012596],[20.006966,50.012556],[20.00693,50.012572],[20.006909,50.012553],[20.006945,50.012537],[20.006861,50.012459],[20.006818,50.012478],[20.006796,50.012457],[20.006838,50.012438],[20.006792,50.012395],[20.006825,50.012381],[20.006786,50.012345],[20.006744,50.012363],[20.006721,50.012342],[20.006754,50.012327],[20.006712,50.012287]]]}},{"type":"Feature","id":"w37695482","properties":{"type":"residential","levels":5.0,"address":"Jana Kurczaba 16","residential":true,"residents_est":29,"h3_10":"8a1e2e69ca9ffff","h3_11":"8b1e2e69ca98fff"},"geometry":{"type":"Polygon","coordinates":[[[20.007543,50.011252],[20.007757,50.011156],[20.007821,50.01121],[20.007934,50.011154],[20.008049,50.011256],[20.008081,50.011243],[20.008191,50.011346],[20.008228,50.011329],[20.008338,50.011427],[20.008229,50.011478],[20.008184,50.011438],[20.008145,50.011456],[20.008125,50.011438],[20.008163,50.01142],[20.008114,50.011375],[20.00808,50.011388],[20.008035,50.011348],[20.007996,50.011366],[20.007976,50.011348],[20.008015,50.01133],[20.007965,50.011285],[20.007931,50.0113],[20.007888,50.011261],[20.007849,50.011279],[20.007829,50.011261],[20.007862,50.011246],[20.007837,50.011222],[20.007737,50.011268],[20.007765,50.011293],[20.007736,50.011306],[20.007709,50.011281],[20.00762,50.011322],[20.007543,50.011252]]]}},{"type":"Feature","id":"w37695483","properties":{"type":"residential","levels":4.0,"address":"Jana Kurczaba 18","residential":true,"residents_est":29,"h3_10":"8a1e2e69ca87fff","h3_11":"8b1e2e69ca83fff"},"geometry":{"type":"Polygon","coordinates":[[[20.007756,50.012137],[20.007912,50.012066],[20.007889,50.012045],[20.008109,50.011945],[20.008088,50.011926],[20.008055,50.011941],[20.008035,50.011922],[20.008074,50.011904],[20.008027,50.011861],[20.008063,50.011845],[20.008016,50.011802],[20.007977,50.01182],[20.007958,50.011802],[20.007997,50.011784],[20.007951,50.011743],[20.007987,50.011727],[20.007941,50.011685],[20.0079,50.011704],[20.007879,50.011685],[20.007913,50.011669],[20.007875,50.011634],[20.007985,50.011577],[20.008095,50.011677],[20.008059,50.011693],[20.008172,50.011795],[20.008136,50.011811],[20.008243,50.011909],[20.008117,50.011959],[20.008179,50.012015],[20.008085,50.012058],[20.008112,50.012083],[20.008083,50.012096],[20.008056,50.012072],[20.007961,50.012115],[20.007985,50.012137],[20.007921,50.012166],[20.007949,50.012191],[20.007922,50.012203],[20.007894,50.012178],[20.007833,50.012206],[20.007756,50.012137]]]}},{"type":"Feature","id":"r172948","properties":{"type":"yes","address":"Jana Kurczaba 5","name":"Dom Parafialny","residential":true,"residents_est":24,"h3_10":"8a1e2e69cb87fff","h3_11":"8b1e2e69cb86fff"},"geometry":{"type":"Polygon","coordinates":[[[20.004143,50.014813],[20.0046,50.0147],[20.004612,50.014719],[20.004652,50.014731],[20.00469,50.014679],[20.00471,50.014714],[20.004731,50.014719],[20.004735,50.014726],[20.004724,50.014739],[20.004732,50.014751],[20.004758,50.014763],[20.004748,50.014777],[20.00483,50.014918],[20.004851,50.014924],[20.004855,50.014931],[20.004847,50.014945],[20.004852,50.014955],[20.004874,50.014961],[20.004878,50.014969],[20.004868,50.014982],[20.004888,50.015016],[20.004807,50.014994],[20.004789,50.01502],[20.004799,50.015039],[20.004341,50.015151],[20.004308,50.015094],[20.004322,50.015091],[20.004312,50.015074],[20.004298,50.015074],[20.00431,50.015071],[20.004274,50.015012],[20.004259,50.015012],[20.004272,50.015009],[20.004235,50.014949],[20.004224,50.014952],[20.004233,50.014946],[20.004199,50.014886],[20.004186,50.014886],[20.004198,50.014883],[20.004189,50.014866],[20.004176,50.014869],[20.004143,50.014813]],[[20.004313,50.01486],[20.004336,50.014895],[20.004391,50.014909],[20.004368,50.014943],[20.004376,50.01496],[20.00443,50.014972],[20.004403,50.015009],[20.00442,50.015044],[20.004672,50.014983],[20.004692,50.014961],[20.00467,50.014953],[20.004649,50.014959],[20.004641,50.014945],[20.004622,50.01494],[20.004569,50.01485],[20.004576,50.014839],[20.004566,50.014824],[20.004588,50.01482],[20.004597,50.014806],[20.004561,50.014798],[20.004313,50.01486]]]}},{"type":"Feature","id":"w37695785","properties":{"type":"church","address":"Jana Kurczaba 5","name":"Kościół pw. Miłosierdzia Bożego","residential":false,"residents_est":0,"h3_10":"8a1e2e69cb87fff","h3_11":"8b1e2e69cb80fff"},"geometry":{"type":"Polygon","coordinates":[[[20.004839,50.014649],[20.004845,50.014647],[20.004849,50.014653],[20.005052,50.014604],[20.005054,50.014593],[20.005071,50.014623],[20.005119,50.014611],[20.005107,50.014588],[20.005212,50.014564],[20.005221,50.014578],[20.005264,50.014592],[20.005267,50.014603],[20.005322,50.01459],[20.005345,50.014633],[20.005384,50.014626],[20.00544,50.014642],[20.005484,50.014721],[20.005458,50.014756],[20.005425,50.014767],[20.005451,50.014812],[20.005397,50.014827],[20.005403,50.014836],[20.005385,50.014861],[20.005396,50.014879],[20.005292,50.014903],[20.005278,50.014879],[20.00523,50.01489],[20.005247,50.01492],[20.005236,50.014917],[20.005035,50.014968],[20.005039,50.014974],[20.005032,50.014975],[20.004996,50.014917],[20.004983,50.014913],[20.004988,50.014904],[20.004983,50.014893],[20.004969,50.01489],[20.004975,50.014882],[20.004947,50.014832],[20.004913,50.01484],[20.004901,50.014821],[20.004888,50.014799],[20.004922,50.01479],[20.004894,50.014742],[20.00488,50.014738],[20.004886,50.014729],[20.004867,50.014715],[20.004873,50.014707],[20.004839,50.014649]]]}},{"type":"Feature","id":"w37726798","properties":{"type":"residential","levels":5.0,"address":"Leonida Teligi 20","residential":true,"residents_est":58,"h3_10":"8a1e2e69cbaffff","h3_11":"8b1e2e69cba8fff"},"geometry":{"type":"Polygon","coordinates":[[[20.006595,50.015774],[20.006932,50.015698],[20.006944,50.015718],[20.007117,50.015677],[20.007129,50.015696],[20.007304,50.015654],[20.007316,50.015674],[20.007487,50.015633],[20.007499,50.015653],[20.00767,50.015611],[20.007687,50.015636],[20.008043,50.01555],[20.008106,50.015653],[20.008029,50.015672],[20.008021,50.015662],[20.00774,50.015729],[20.007723,50.015703],[20.00755,50.015745],[20.007537,50.015725],[20.007364,50.015766],[20.007352,50.015747],[20.007184,50.015787],[20.007171,50.015766],[20.006997,50.015809],[20.006984,50.015787],[20.006748,50.015843],[20.006763,50.015868],[20.006643,50.015896],[20.00661,50.015847],[20.006634,50.01584],[20.006595,50.015774]]]}},{"type":"Feature","id":"w37726799","properties":{"type":"residential","levels":5.0,"address":"Leonida Teligi 22","residential":true,"residents_est":51,"h3_10":"8a1e2e69cbaffff","h3_11":"8b1e2e69cbadfff"},"geometry":{"type":"Polygon","coordinates":[[[20.006802,50.016128],[20.007133,50.016048],[20.007152,50.016078],[20.007325,50.016033],[20.007338,50.016054],[20.007509,50.016009],[20.007523,50.01603],[20.007692,50.015986],[20.007712,50.016019],[20.008058,50.015929],[20.008119,50.016026],[20.008013,50.016053],[20.008006,50.016042],[20.007878,50.016075],[20.007884,50.016084],[20.007842,50.016095],[20.007836,50.016086],[20.007764,50.016105],[20.00775,50.016082],[20.007682,50.0161],[20.00769,50.016112],[20.007654,50.016121],[20.007646,50.016109],[20.007578,50.016127],[20.007561,50.016099],[20.007499,50.016115],[20.007505,50.016126],[20.007466,50.016135],[20.00746,50.016125],[20.007393,50.016143],[20.00738,50.016123],[20.007315,50.01614],[20.00732,50.016148],[20.007299,50.016154],[20.007282,50.016158],[20.007277,50.01615],[20.007204,50.016169],[20.007185,50.016138],[20.007119,50.016155],[20.007123,50.016163],[20.007087,50.016172],[20.007082,50.016165],[20.006947,50.0162],[20.006958,50.016218],[20.006847,50.016247],[20.006817,50.016199],[20.006843,50.016193],[20.006802,50.016128]]]}},{"type":"Feature","id":"w37726819","properties":{"type":"apartments","levels":5.0,"address":"Leonida Teligi 15","residential":true,"residents_est":28,"h3_10":"8a1e2e69cb17fff","h3_11":"8b1e2e69cb14fff"},"geometry":{"type":"Polygon","coordinates":[[[20.005925,50.017292],[20.00655,50.017129],[20.006612,50.01722],[20.00655,50.017236],[20.006566,50.017263],[20.006532,50.017272],[20.006515,50.017246],[20.006394,50.017278],[20.00641,50.017302],[20.006379,50.01731],[20.006362,50.017286],[20.006239,50.017318],[20.006254,50.017344],[20.006236,50.017349],[20.006222,50.017352],[20.006206,50.017328],[20.006087,50.017359],[20.006102,50.017384],[20.006069,50.017392],[20.006055,50.017368],[20.005987,50.017386],[20.005925,50.017292]]]}},{"type":"Feature","id":"w37726821","properties":{"type":"apartments","levels":5.0,"address":"Leonida Teligi 17","residential":true,"residents_est":27,"h3_10":"8a1e2e69cb37fff","h3_11":"8b1e2e69cb36fff"},"geometry":{"type":"Polygon","coordinates":[[[20.005202,50.017772],[20.005828,50.017612],[20.005884,50.017704],[20.005824,50.017719],[20.005839,50.017746],[20.005804,50.017755],[20.005787,50.017729],[20.005666,50.01776],[20.005681,50.017785],[20.005661,50.017791],[20.005647,50.017794],[20.00563,50.017769],[20.00551,50.0178],[20.005525,50.017825],[20.00549,50.017834],[20.005475,50.017809],[20.005353,50.017841],[20.005368,50.017866],[20.005335,50.017874],[20.005318,50.017849],[20.005259,50.017864],[20.005202,50.017772]]]}},{"type":"Feature","id":"w37726837","properties":{"type":"apartments","levels":12.0,"address":"Erazma Jerzmanowskiego 12","residential":true,"residents_est":106,"h3_10":"8a1e2e69cb0ffff","h3_11":"8b1e2e69cb0cfff"},"geometry":{"type":"Polygon","coordinates":[[[20.009124,50.017388],[20.009206,50.017367],[20.009166,50.017304],[20.009314,50.017265],[20.009675,50.01784],[20.009529,50.017877],[20.009503,50.017836],[20.00942,50.017857],[20.009394,50.017817],[20.009477,50.017795],[20.009401,50.017675],[20.009319,50.017697],[20.009293,50.017656],[20.009375,50.017634],[20.009315,50.017538],[20.009234,50.017559],[20.009208,50.017518],[20.009287,50.017498],[20.009231,50.017408],[20.009149,50.017429],[20.009124,50.017388]]]}},{"type":"Feature","id":"w37726838","properties":{"type":"apartments","levels":12.0,"address":"Leonida Teligi 23","residential":true,"residents_est":103,"h3_10":"8a1e2e69cb07fff","h3_11":"8b1e2e69cb03fff"},"geometry":{"type":"Polygon","coordinates":[[[20.008179,50.016824],[20.008262,50.016802],[20.008225,50.016743],[20.008367,50.016703],[20.00873,50.017277],[20.008586,50.017314],[20.008559,50.017271],[20.008477,50.017294],[20.008451,50.017255],[20.008534,50.017232],[20.008457,50.01711],[20.008376,50.017133],[20.00835,50.017094],[20.008432,50.017071],[20.008371,50.016974],[20.00829,50.016996],[20.008263,50.016955],[20.008345,50.016933],[20.008288,50.016842],[20.008205,50.016865],[20.008179,50.016824]]]}},{"type":"Feature","id":"w37726839","properties":{"type":"apartments","levels":12.0,"address":"Erazma Jerzmanowskiego 10","residential":true,"residents_est":103,"h3_10":"8a1e2e69cb2ffff","h3_11":"8b1e2e69cb2efff"},"geometry":{"type":"Polygon","coordinates":[[[20.008379,50.017926],[20.008461,50.017904],[20.008423,50.017843],[20.008565,50.017805],[20.008927,50.018378],[20.008785,50.018416],[20.008759,50.018374],[20.008677,50.018396],[20.008652,50.018356],[20.008734,50.018334],[20.008657,50.018213],[20.008575,50.018235],[20.00855,50.018195],[20.008632,50.018173],[20.00857,50.018076],[20.008488,50.018098],[20.008463,50.018057],[20.008545,50.018036],[20.008487,50.017945],[20.008405,50.017966],[20.008379,50.017926]]]}},{"type":"Feature","id":"w37726840","properties":{"type":"apartments","levels":12.0,"address":"Erazma Jerzmanowskiego 8","residential":true,"residents_est":103,"h3_10":"8a1e2e69cb27fff","h3_11":"8b1e2e69cb20fff"},"geometry":{"type":"Polygon","coordinates":[[[20.007644,50.018478],[20.007726,50.018457],[20.007687,50.018395],[20.007831,50.018358],[20.008193,50.018931],[20.008049,50.018969],[20.008022,50.018927],[20.00794,50.018949],[20.007915,50.018909],[20.007997,50.018887],[20.007921,50.018766],[20.007838,50.018788],[20.007813,50.018747],[20.007896,50.018726],[20.007835,50.018629],[20.007752,50.01865],[20.007727,50.01861],[20.007809,50.018588],[20.007752,50.018497],[20.00767,50.018519],[20.007644,50.018478]]]}},{"type":"Feature","id":"w37726845","properties":{"type":"school","levels":4.0,"residential":false,"residents_est":0,"h3_10":"8a1e2e69cb27fff","h3_11":"8b1e2e69cb22fff"},"geometry":{"type":"Polygon","coordinates":[[[20.006793,50.018256],[20.00726,50.018141],[20.007206,50.018056],[20.007146,50.018072],[20.007018,50.017873],[20.007275,50.017804],[20.007403,50.018004],[20.007253,50.018044],[20.007307,50.018128],[20.007543,50.018065],[20.00761,50.018169],[20.00686,50.01836],[20.006793,50.018256]]]}},{"type":"Feature","id":"w37726852","properties":{"type":"garage","residential":false,"residents_est":0,"h3_10":"8a1e2e69cb0ffff","h3_11":"8b1e2e69cb0dfff"},"geometry":{"type":"Polygon","coordinates":[[[20.010301,50.017537],[20.010386,50.017515],[20.010402,50.01754],[20.010317,50.017562],[20.010301,50.017537]]]}},{"type":"Feature","id":"w37728945","properties":{"type":"apartments","levels":5.0,"address":"Telimeny 17","residential":true,"residents_est":56,"h3_10":"8a1e2e69cb6ffff","h3_11":"8b1e2e69cb6dfff"},"geometry":{"type":"Polygon","coordinates":[[[20.014079,50.018548],[20.01408,50.018446],[20.015496,50.01844],[20.015498,50.018542],[20.014079,50.018548]]]}},{"type":"Feature","id":"w37728947","properties":{"type":"apartments","levels":5.0,"address":"Telimeny 19","residential":true,"residents_est":22,"h3_10":"8a1e2e69cb6ffff","h3_11":"8b1e2e69cb68fff"},"geometry":{"type":"Polygon","coordinates":[[[20.013994,50.018077],[20.014625,50.018074],[20.014626,50.018163],[20.013994,50.018166],[20.013994,50.018077]]]}},{"type":"Feature","id":"w37728948","properties":{"type":"yes","levels":5.0,"address":"Telimeny 21","residential":true,"residents_est":11,"h3_10":"8a1e2e69cb6ffff","h3_11":"8b1e2e69cb6bfff"},"geometry":{"type":"Polygon","coordinates":[[[20.014537,50.017757],[20.015187,50.017755],[20.015188,50.017845],[20.014538,50.017847],[20.014537,50.017757]]]}},{"type":"Feature","id":"w37728953","properties":{"type":"garages","residential":false,"residents_est":0,"h3_10":"8a1e2e69cb4ffff","h3_11":"8b1e2e69cb48fff"},"geometry":{"type":"Polygon","coordinates":[[[20.014293,50.017141],[20.014455,50.0171],[20.014607,50.017354],[20.014449,50.017394],[20.014293,50.017141]]]}},{"type":"Feature","id":"w37728954","properties":{"type":"garages","residential":false,"residents_est":0,"h3_10":"8a1e2e69cb4ffff","h3_11":"8b1e2e69cb48fff"},"geometry":{"type":"Polygon","coordinates":[[[20.014583,50.017067],[20.014743,50.017027],[20.014896,50.017282],[20.014738,50.017321],[20.014583,50.017067]]]}},{"type":"Feature","id":"w37728955","properties":{"type":"garages","residential":false,"residents_est":0,"h3_10":"8a1e2e69cb4ffff","h3_11":"8b1e2e69cb48fff"},"geometry":{"type":"Polygon","coordinates":[[[20.014872,50.016996],[20.015031,50.016956],[20.015187,50.017209],[20.015028,50.017249],[20.014872,50.016996]]]}},{"type":"Feature","id":"w37728956","properties":{"type":"garages","residential":false,"residents_est":0,"h3_10":"8a1e2e69cb47fff","h3_11":"8b1e2e69cb41fff"},"geometry":{"type":"Polygon","coordinates":[[[20.013794,50.017269],[20.013876,50.017248],[20.01403,50.017502],[20.01395,50.017521],[20.013794,50.017269]]]}},{"type":"Feature","id":"w37738867","properties":{"type":"yes","address":"Jana Kurczaba 27a","residential":true,"residents_est":2,"h3_10":"8a1e2e69caa7fff","h3_11":"8b1e2e69caa1fff"},"geometry":{"type":"Polygon","coordinates":[[[20.008189,50.01335],[20.008343,50.013315],[20.008372,50.013343],[20.008396,50.01335],[20.008411,50.013378],[20.0084,50.013393],[20.008418,50.013423],[20.008409,50.013435],[20.008413,50.013441],[20.00826,50.013476],[20.008189,50.01335]]]}},{"type":"Feature","id":"w37740338","properties":{"type":"residential","levels":11.0,"address":"Jana Kurczaba 31","residential":true,"residents_est":64,"h3_10":"8a1e2e69ca1ffff","h3_11":"8b1e2e69ca1afff"},"geometry":{"type":"Polygon","coordinates":[[[20.010171,50.013084],[20.010231,50.013071],[20.010226,50.01306],[20.010265,50.013053],[20.01027,50.013063],[20.010333,50.01305],[20.010411,50.013208],[20.010392,50.013212],[20.010527,50.01348],[20.010468,50.013492],[20.010475,50.013506],[20.010439,50.013514],[20.010432,50.0135],[20.010362,50.013514],[20.010279,50.013346],[20.010299,50.013342],[20.010171,50.013084]]]}},{"type":"Feature","id":"w37740963","properties":{"type":"apartments","levels":4.0,"address":"Erazma Jerzmanowskiego 32b","residential":true,"residents_est":12,"h3_10":"8a1e2e69cae7fff","h3_11":"8b1e2e69cae2fff"},"geometry":{"type":"Polygon","coordinates":[[[20.012044,50.0129],[20.012048,50.012868],[20.012129,50.012873],[20.012128,50.012881],[20.012205,50.012885],[20.012206,50.012877],[20.012297,50.012882],[20.012274,50.013068],[20.012116,50.01306],[20.012093,50.012996],[20.01208,50.012995],[20.012084,50.012969],[20.012059,50.0129],[20.012044,50.0129]]]}},{"type":"Feature","id":"w37740965","properties":{"type":"apartments","levels":4.0,"address":"Erazma Jerzmanowskiego 32a","residential":true,"residents_est":4,"h3_10":"8a1e2e69cae7fff","h3_11":"8b1e2e69cae2fff"},"geometry":{"type":"Polygon","coordinates":[[[20.012116,50.01306],[20.012274,50.013068],[20.012261,50.013168],[20.012159,50.013183],[20.012136,50.013117],[20.012122,50.013116],[20.012126,50.013086],[20.012116,50.01306]]]}},{"type":"Feature","id":"w37756315","properties":{"type":"retail","address":"Leonida Teligi 30A","residential":false,"residents_est":0,"h3_10":"8a1e2e69ca27fff","h3_11":"8b1e2e69ca22fff"},"geometry":{"type":"Polygon","coordinates":[[[20.009725,50.015806],[20.0098,50.015789],[20.009825,50.015838],[20.00975,50.015854],[20.009725,50.015806]]]}},{"type":"Feature","id":"w156308040","properties":{"type":"residential","levels":5.0,"address":"Leonida Teligi 10","residential":true,"residents_est":49,"h3_10":"8a1e2e69cb87fff","h3_11":"8b1e2e69cb84fff"},"geometry":{"type":"Polygon","coordinates":[[[20.004581,50.015557],[20.004696,50.015531],[20.0047,50.015536],[20.004915,50.015482],[20.004897,50.015452],[20.005419,50.015327],[20.005434,50.015347],[20.005672,50.015288],[20.005664,50.015274],[20.005803,50.015237],[20.005832,50.015285],[20.005805,50.015293],[20.005809,50.0153],[20.005814,50.015307],[20.00584,50.015301],[20.00587,50.015349],[20.005729,50.015385],[20.00572,50.015372],[20.005478,50.01543],[20.005465,50.015411],[20.00495,50.015534],[20.004968,50.015568],[20.00473,50.015625],[20.004741,50.015651],[20.004628,50.015678],[20.004598,50.015632],[20.004619,50.015626],[20.004581,50.015557]]]}},{"type":"Feature","id":"w156308043","properties":{"type":"residential","levels":5.0,"address":"Leonida Teligi 12","residential":true,"residents_est":50,"h3_10":"8a1e2e69cba7fff","h3_11":"8b1e2e69cba3fff"},"geometry":{"type":"Polygon","coordinates":[[[20.004893,50.015889],[20.005233,50.015811],[20.005244,50.015832],[20.005585,50.015748],[20.005574,50.015727],[20.005747,50.015685],[20.005728,50.015653],[20.005972,50.015592],[20.005965,50.01558],[20.0061,50.015547],[20.006128,50.015594],[20.006107,50.015599],[20.006116,50.015616],[20.006139,50.015611],[20.00617,50.015662],[20.00603,50.015695],[20.006019,50.015679],[20.005785,50.015737],[20.005802,50.01577],[20.005631,50.015812],[20.005644,50.015831],[20.005296,50.015918],[20.00528,50.015896],[20.005039,50.015954],[20.005053,50.015978],[20.004942,50.016006],[20.004914,50.015959],[20.004933,50.015953],[20.004893,50.015889]]]}},{"type":"Feature","id":"w156308053","properties":{"type":"residential","levels":5.0,"address":"Leonida Teligi 14","residential":true,"residents_est":50,"h3_10":"8a1e2e69cba7fff","h3_11":"8b1e2e69cba5fff"},"geometry":{"type":"Polygon","coordinates":[[[20.005001,50.016339],[20.005043,50.016328],[20.005005,50.016262],[20.005339,50.016183],[20.005353,50.016205],[20.005525,50.01616],[20.005538,50.016179],[20.005877,50.016093],[20.00586,50.016064],[20.006103,50.016002],[20.006094,50.015987],[20.006231,50.015953],[20.006261,50.016001],[20.006238,50.016007],[20.006243,50.016016],[20.006248,50.016023],[20.00627,50.016017],[20.006299,50.016067],[20.006162,50.016101],[20.006153,50.016087],[20.005917,50.016146],[20.005935,50.016178],[20.005573,50.016269],[20.005562,50.016249],[20.005391,50.016292],[20.005376,50.016268],[20.005295,50.016288],[20.005137,50.016328],[20.005152,50.016352],[20.00503,50.016383],[20.005001,50.016339]]]}},{"type":"Feature","id":"w156308056","properties":{"type":"residential","levels":5.0,"address":"Leonida Teligi 18","residential":true,"residents_est":60,"h3_10":"8a1e2e69cbaffff","h3_11":"8b1e2e69cbabfff"},"geometry":{"type":"Polygon","coordinates":[[[20.006453,50.015417],[20.006786,50.015341],[20.006798,50.015362],[20.006968,50.015321],[20.00698,50.015341],[20.007155,50.015299],[20.007167,50.01532],[20.007343,50.015277],[20.007355,50.015298],[20.007531,50.015255],[20.007548,50.015287],[20.007897,50.015202],[20.007908,50.015223],[20.008082,50.015181],[20.00814,50.015279],[20.008064,50.015297],[20.008057,50.015286],[20.007954,50.01531],[20.007942,50.01529],[20.007597,50.015373],[20.007579,50.015343],[20.007402,50.015386],[20.00739,50.015365],[20.007217,50.015407],[20.007205,50.015386],[20.007033,50.015428],[20.007021,50.015407],[20.006849,50.015449],[20.006831,50.015419],[20.006593,50.015476],[20.006607,50.0155],[20.006493,50.015528],[20.006465,50.01548],[20.006487,50.015475],[20.006453,50.015417]]]}},{"type":"Feature","id":"w156308060","properties":{"type":"residential","levels":5.0,"address":"Leonida Teligi 16","residential":true,"residents_est":60,"h3_10":"8a1e2e69cb8ffff","h3_11":"8b1e2e69cb8cfff"},"geometry":{"type":"Polygon","coordinates":[[[20.006328,50.015046],[20.006437,50.015019],[20.006446,50.015034],[20.006665,50.014978],[20.006685,50.015011],[20.006858,50.014967],[20.006876,50.014997],[20.007049,50.014953],[20.007067,50.014984],[20.007243,50.01494],[20.007261,50.01497],[20.00743,50.014928],[20.007443,50.014949],[20.007788,50.014862],[20.007794,50.014873],[20.007969,50.014829],[20.007988,50.01486],[20.008159,50.014817],[20.008214,50.014907],[20.008136,50.014927],[20.008129,50.014915],[20.008027,50.014941],[20.008013,50.014918],[20.007842,50.014961],[20.007828,50.014937],[20.007482,50.015024],[20.007469,50.015003],[20.007298,50.015046],[20.00728,50.015015],[20.007109,50.015058],[20.00709,50.015027],[20.006918,50.01507],[20.0069,50.01504],[20.006726,50.015084],[20.006707,50.015053],[20.006473,50.015112],[20.006487,50.015136],[20.006372,50.015165],[20.006344,50.015118],[20.006368,50.015112],[20.006328,50.015046]]]}},{"type":"Feature","id":"w156308064","properties":{"type":"residential","address":"Leonida Teligi 26B","residential":true,"residents_est":36,"h3_10":"8a1e2e69ca37fff","h3_11":"8b1e2e69ca33fff"},"geometry":{"type":"Polygon","coordinates":[[[20.008569,50.014945],[20.008632,50.01493],[20.008621,50.014912],[20.008579,50.014922],[20.008576,50.014917],[20.008918,50.014836],[20.008906,50.014816],[20.008911,50.014815],[20.008923,50.014835],[20.008967,50.014824],[20.008955,50.014804],[20.00896,50.014803],[20.008972,50.014823],[20.009219,50.014765],[20.009311,50.014926],[20.008677,50.015077],[20.008674,50.015071],[20.008707,50.015064],[20.008681,50.015018],[20.008619,50.015033],[20.008569,50.014945]]]}},{"type":"Feature","id":"w156308065","properties":{"type":"residential","address":"Leonida Teligi 26","residential":true,"residents_est":52,"h3_10":"8a1e2e69ca17fff","h3_11":"8b1e2e69ca10fff"},"geometry":{"type":"Polygon","coordinates":[[[20.008685,50.014259],[20.009597,50.014043],[20.009582,50.014051],[20.009671,50.014207],[20.009625,50.014219],[20.009636,50.014237],[20.009631,50.014238],[20.009621,50.014221],[20.009571,50.014232],[20.009582,50.014249],[20.009577,50.014251],[20.009566,50.014233],[20.00908,50.014349],[20.00909,50.014367],[20.009083,50.014368],[20.009073,50.01435],[20.008734,50.014431],[20.008731,50.014427],[20.008775,50.014417],[20.008764,50.014397],[20.00872,50.014407],[20.008686,50.014347],[20.008729,50.014337],[20.008685,50.014259]]]}},{"type":"Feature","id":"w156308069","properties":{"type":"residential","address":"Leonida Teligi 26A","residential":true,"residents_est":11,"h3_10":"8a1e2e69ca17fff","h3_11":"8b1e2e69ca15fff"},"geometry":{"type":"Polygon","coordinates":[[[20.008894,50.014559],[20.009018,50.01453],[20.008996,50.014488],[20.009151,50.014451],[20.00925,50.014624],[20.00907,50.014667],[20.008998,50.014539],[20.008896,50.014563],[20.008894,50.014559]]]}},{"type":"Feature","id":"w174102713","properties":{"type":"civic","levels":1.0,"address":"Jana Kurczaba 29","name":"Centrum Rozwoju Com-Com Zone Prokocim","residential":false,"residents_est":0,"h3_10":"8a1e2e69caaffff","h3_11":"8b1e2e69caaafff"},"geometry":{"type":"Polygon","coordinates":[[[20.008664,50.012851],[20.008722,50.012838],[20.008671,50.012733],[20.00871,50.012724],[20.008665,50.012635],[20.008759,50.012616],[20.008769,50.012637],[20.008829,50.012625],[20.008819,50.012603],[20.008889,50.012589],[20.0089,50.012611],[20.008918,50.012607],[20.008901,50.012571],[20.009086,50.012534],[20.009293,50.012952],[20.009061,50.013001],[20.009071,50.013022],[20.008965,50.013044],[20.008954,50.013023],[20.008769,50.013061],[20.008742,50.013008],[20.008716,50.012996],[20.008728,50.012981],[20.008705,50.012944],[20.008664,50.012851]]]}},{"type":"Feature","id":"w174592374","properties":{"type":"retail","levels":1.0,"residential":false,"residents_est":0,"h3_10":"8a1e2e69ca9ffff","h3_11":"8b1e2e69ca9bfff"},"geometry":{"type":"Polygon","coordinates":[[[20.008703,50.010669],[20.008751,50.010647],[20.008743,50.010639],[20.008754,50.010645],[20.008793,50.010627],[20.008913,50.010735],[20.008826,50.010779],[20.008703,50.010669]]]}},{"type":"Feature","id":"w180801457","properties":{"type":"garage","residential":false,"residents_est":0,"h3_10":"8a1e2e69cac7fff","h3_11":"8b1e2e69cac0fff"},"geometry":{"type":"Polygon","coordinates":[[[20.012557,50.01245],[20.012597,50.012441],[20.012626,50.012496],[20.012587,50.012505],[20.012557,50.01245]]]}},{"type":"Feature","id":"w180801458","properties":{"type":"garage","residential":false,"residents_est":0,"h3_10":"8a1e2e69cac7fff","h3_11":"8b1e2e69cac6fff"},"geometry":{"type":"Polygon","coordinates":[[[20.012464,50.012274],[20.012504,50.012265],[20.012532,50.012317],[20.012491,50.012326],[20.012464,50.012274]]]}},{"type":"Feature","id":"w180801459","properties":{"type":"garage","residential":false,"residents_est":0,"h3_10":"8a1e2e69cac7fff","h3_11":"8b1e2e69cac4fff"},"geometry":{"type":"Polygon","coordinates":[[[20.012626,50.012581],[20.012665,50.012573],[20.012693,50.012623],[20.012654,50.012632],[20.012626,50.012581]]]}},{"type":"Feature","id":"w180801460","properties":{"type":"garage","residential":false,"residents_est":0,"h3_10":"8a1e2e69cac7fff","h3_11":"8b1e2e69cac2fff"},"geometry":{"type":"Polygon","coordinates":[[[20.012764,50.012006],[20.012804,50.011997],[20.012832,50.012049],[20.012792,50.012058],[20.012764,50.012006]]]}},{"type":"Feature","id":"w180801461","properties":{"type":"garage","residential":false,"residents_est":0,"h3_10":"8a1e2e69cac7fff","h3_11":"8b1e2e69cac0fff"},"geometry":{"type":"Polygon","coordinates":[[[20.012635,50.012179],[20.012675,50.012171],[20.012702,50.012221],[20.012662,50.01223],[20.012635,50.012179]]]}},{"type":"Feature","id":"w180801462","properties":{"type":"garage","residential":false,"residents_est":0,"h3_10":"8a1e2e69cac7fff","h3_11":"8b1e2e69cac0fff"},"geometry":{"type":"Polygon","coordinates":[[[20.01273,50.01236],[20.01277,50.012351],[20.012794,50.012397],[20.012754,50.012406],[20.01273,50.01236]]]}},{"type":"Feature","id":"w180801463","properties":{"type":"garage","residential":false,"residents_est":0,"h3_10":"8a1e2e69cac7fff","h3_11":"8b1e2e69cac0fff"},"geometry":{"type":"Polygon","coordinates":[[[20.0129,50.012178],[20.01294,50.012169],[20.012968,50.01222],[20.012927,50.012229],[20.0129,50.012178]]]}},{"type":"Feature","id":"w180801464","properties":{"type":"garage","residential":false,"residents_est":0,"h3_10":"8a1e2e69cac7fff","h3_11":"8b1e2e69cac0fff"},"geometry":{"type":"Polygon","coordinates":[[[20.012953,50.012361],[20.012993,50.012352],[20.013023,50.012407],[20.012983,50.012416],[20.012953,50.012361]]]}},{"type":"Feature","id":"w180801465","properties":{"type":"garage","residential":false,"residents_est":0,"h3_10":"8a1e2e69cac7fff","h3_11":"8b1e2e69cac0fff"},"geometry":{"type":"Polygon","coordinates":[[[20.012754,50.012153],[20.012794,50.012144],[20.012821,50.012195],[20.012781,50.012204],[20.012754,50.012153]]]}},{"type":"Feature","id":"w180801466","properties":{"type":"garage","residential":false,"residents_est":0,"h3_10":"8a1e2e69cac7fff","h3_11":"8b1e2e69cac0fff"},"geometry":{"type":"Polygon","coordinates":[[[20.012781,50.012204],[20.012821,50.012195],[20.012849,50.012247],[20.012809,50.012256],[20.012781,50.012204]]]}},{"type":"Feature","id":"w180801467","properties":{"type":"garage","residential":false,"residents_est":0,"h3_10":"8a1e2e69cac7fff","h3_11":"8b1e2e69cac0fff"},"geometry":{"type":"Polygon","coordinates":[[[20.012824,50.012537],[20.012864,50.012528],[20.012891,50.012579],[20.012852,50.012588],[20.012824,50.012537]]]}},{"type":"Feature","id":"w180801468","properties":{"type":"garage","residential":false,"residents_est":0,"h3_10":"8a1e2e69cac7fff","h3_11":"8b1e2e69cac2fff"},"geometry":{"type":"Polygon","coordinates":[[[20.012566,50.01205],[20.012606,50.012041],[20.012634,50.012093],[20.012594,50.012102],[20.012566,50.01205]]]}},{"type":"Feature","id":"w180801469","properties":{"type":"garage","residential":false,"residents_est":0,"h3_10":"8a1e2e69cac7fff","h3_11":"8b1e2e69cac0fff"},"geometry":{"type":"Polygon","coordinates":[[[20.012581,50.012248],[20.012623,50.012239],[20.01265,50.012291],[20.012609,50.0123],[20.012581,50.012248]]]}},{"type":"Feature","id":"w180801470","properties":{"type":"garage","residential":false,"residents_est":0,"h3_10":"8a1e2e69cac7fff","h3_11":"8b1e2e69cac0fff"},"geometry":{"type":"Polygon","coordinates":[[[20.013024,50.012492],[20.013063,50.012484],[20.01309,50.012534],[20.013051,50.012543],[20.013024,50.012492]]]}},{"type":"Feature","id":"w180801471","properties":{"type":"garage","residential":false,"residents_est":0,"h3_10":"8a1e2e69cac7fff","h3_11":"8b1e2e69cac0fff"},"geometry":{"type":"Polygon","coordinates":[[[20.012676,50.012423],[20.012715,50.012415],[20.012745,50.012469],[20.012706,50.012478],[20.012676,50.012423]]]}},{"type":"Feature","id":"w180801472","properties":{"type":"garage","residential":false,"residents_est":0,"h3_10":"8a1e2e69cac7fff","h3_11":"8b1e2e69cac0fff"},"geometry":{"type":"Polygon","coordinates":[[[20.012969,50.012307],[20.013009,50.012297],[20.013034,50.012343],[20.012993,50.012352],[20.012969,50.012307]]]}},{"type":"Feature","id":"w180801473","properties":{"type":"garage","residential":false,"residents_est":0,"h3_10":"8a1e2e69cac7fff","h3_11":"8b1e2e69cac0fff"},"geometry":{"type":"Polygon","coordinates":[[[20.012516,50.012206],[20.012554,50.012197],[20.012581,50.012248],[20.012543,50.012257],[20.012516,50.012206]]]}},{"type":"Feature","id":"w180801474","properties":{"type":"garage","residential":false,"residents_est":0,"h3_10":"8a1e2e69cac7fff","h3_11":"8b1e2e69cac0fff"},"geometry":{"type":"Polygon","coordinates":[[[20.012851,50.012333],[20.012891,50.012324],[20.012915,50.01237],[20.012876,50.012379],[20.012851,50.012333]]]}},{"type":"Feature","id":"w180801475","properties":{"type":"garage","residential":false,"residents_est":0,"h3_10":"8a1e2e69cac7fff","h3_11":"8b1e2e69cac2fff"},"geometry":{"type":"Polygon","coordinates":[[[20.012804,50.011997],[20.012843,50.011988],[20.012871,50.01204],[20.012832,50.012049],[20.012804,50.011997]]]}},{"type":"Feature","id":"w180801476","properties":{"type":"garage","residential":false,"residents_est":0,"h3_10":"8a1e2e69cac7fff","h3_11":"8b1e2e69cac4fff"},"geometry":{"type":"Polygon","coordinates":[[[20.012706,50.012563],[20.012746,50.012555],[20.012773,50.012605],[20.012733,50.012614],[20.012706,50.012563]]]}},{"type":"Feature","id":"w180801477","properties":{"type":"garage","residential":false,"residents_est":0,"h3_10":"8a1e2e69cac7fff","h3_11":"8b1e2e69cac2fff"},"geometry":{"type":"Polygon","coordinates":[[[20.012685,50.012023],[20.012725,50.012014],[20.012753,50.012067],[20.012713,50.012075],[20.012685,50.012023]]]}},{"type":"Feature","id":"w180801478","properties":{"type":"garage","residential":false,"residents_est":0,"h3_10":"8a1e2e69cac7fff","h3_11":"8b1e2e69cac0fff"},"geometry":{"type":"Polygon","coordinates":[[[20.012651,50.012378],[20.01269,50.012369],[20.012715,50.012415],[20.012676,50.012423],[20.012651,50.012378]]]}},{"type":"Feature","id":"w180801479","properties":{"type":"garage","residential":false,"residents_est":0,"h3_10":"8a1e2e69cac7fff","h3_11":"8b1e2e69cac0fff"},"geometry":{"type":"Polygon","coordinates":[[[20.012876,50.012379],[20.012915,50.01237],[20.012945,50.012424],[20.012905,50.012433],[20.012876,50.012379]]]}},{"type":"Feature","id":"w180801480","properties":{"type":"garage","residential":false,"residents_est":0,"h3_10":"8a1e2e69cac7fff","h3_11":"8b1e2e69cac0fff"},"geometry":{"type":"Polygon","coordinates":[[[20.012832,50.012136],[20.012873,50.012127],[20.0129,50.012178],[20.012859,50.012187],[20.012832,50.012136]]]}},{"type":"Feature","id":"w180801481","properties":{"type":"garage","residential":false,"residents_est":0,"h3_10":"8a1e2e69cac7fff","h3_11":"8b1e2e69cac0fff"},"geometry":{"type":"Polygon","coordinates":[[[20.012702,50.012221],[20.012741,50.012213],[20.012769,50.012264],[20.01273,50.012273],[20.012702,50.012221]]]}},{"type":"Feature","id":"w180801482","properties":{"type":"garage","residential":false,"residents_est":0,"h3_10":"8a1e2e69cac7fff","h3_11":"8b1e2e69cac0fff"},"geometry":{"type":"Polygon","coordinates":[[[20.012904,50.012519],[20.012943,50.01251],[20.01297,50.012561],[20.012931,50.01257],[20.012904,50.012519]]]}},{"type":"Feature","id":"w180801483","properties":{"type":"garage","residential":false,"residents_est":0,"h3_10":"8a1e2e69cac7fff","h3_11":"8b1e2e69cac2fff"},"geometry":{"type":"Polygon","coordinates":[[[20.012486,50.012068],[20.012526,50.012059],[20.012554,50.012111],[20.012514,50.01212],[20.012486,50.012068]]]}},{"type":"Feature","id":"w180801484","properties":{"type":"garage","residential":false,"residents_est":0,"h3_10":"8a1e2e69cac7fff","h3_11":"8b1e2e69cac0fff"},"geometry":{"type":"Polygon","coordinates":[[[20.012794,50.012397],[20.012835,50.012388],[20.012864,50.012442],[20.012824,50.012451],[20.012794,50.012397]]]}},{"type":"Feature","id":"w180801485","properties":{"type":"garage","residential":false,"residents_est":0,"h3_10":"8a1e2e69cac7fff","h3_11":"8b1e2e69cac2fff"},"geometry":{"type":"Polygon","coordinates":[[[20.012407,50.012085],[20.012447,50.012076],[20.012475,50.012128],[20.012435,50.012137],[20.012407,50.012085]]]}},{"type":"Feature","id":"w180801486","properties":{"type":"garage","residential":false,"residents_est":0,"h3_10":"8a1e2e69cac7fff","h3_11":"8b1e2e69cac0fff"},"geometry":{"type":"Polygon","coordinates":[[[20.012597,50.012441],[20.012636,50.012432],[20.012666,50.012487],[20.012626,50.012496],[20.012597,50.012441]]]}},{"type":"Feature","id":"w180801487","properties":{"type":"garage","residential":false,"residents_est":0,"h3_10":"8a1e2e69cac7fff","h3_11":"8b1e2e69cac0fff"},"geometry":{"type":"Polygon","coordinates":[[[20.012504,50.012265],[20.012543,50.012257],[20.012571,50.012308],[20.012532,50.012317],[20.012504,50.012265]]]}},{"type":"Feature","id":"w180801488","properties":{"type":"garage","residential":false,"residents_est":0,"h3_10":"8a1e2e69cac7fff","h3_11":"8b1e2e69cac0fff"},"geometry":{"type":"Polygon","coordinates":[[[20.012891,50.012324],[20.012929,50.012315],[20.012953,50.012361],[20.012915,50.01237],[20.012891,50.012324]]]}},{"type":"Feature","id":"w180801489","properties":{"type":"garage","residential":false,"residents_est":0,"h3_10":"8a1e2e69cac7fff","h3_11":"8b1e2e69cac0fff"},"geometry":{"type":"Polygon","coordinates":[[[20.012595,50.012188],[20.012635,50.012179],[20.012662,50.01223],[20.012623,50.012239],[20.012595,50.012188]]]}},{"type":"Feature","id":"w180801490","properties":{"type":"garage","residential":false,"residents_est":0,"h3_10":"8a1e2e69cac7fff","h3_11":"8b1e2e69cac0fff"},"geometry":{"type":"Polygon","coordinates":[[[20.01277,50.012351],[20.01281,50.012342],[20.012835,50.012388],[20.012794,50.012397],[20.01277,50.012351]]]}},{"type":"Feature","id":"w180801491","properties":{"type":"garage","residential":false,"residents_est":0,"h3_10":"8a1e2e69cac7fff","h3_11":"8b1e2e69cac0fff"},"geometry":{"type":"Polygon","coordinates":[[[20.012993,50.012352],[20.013034,50.012343],[20.013064,50.012398],[20.013023,50.012407],[20.012993,50.012352]]]}},{"type":"Feature","id":"w180801492","properties":{"type":"garage","residential":false,"residents_est":0,"h3_10":"8a1e2e69cac7fff","h3_11":"8b1e2e69cac0fff"},"geometry":{"type":"Polygon","coordinates":[[[20.012714,50.012162],[20.012754,50.012153],[20.012781,50.012204],[20.012741,50.012213],[20.012714,50.012162]]]}},{"type":"Feature","id":"w180801493","properties":{"type":"garage","residential":false,"residents_est":0,"h3_10":"8a1e2e69cac7fff","h3_11":"8b1e2e69cac0fff"},"geometry":{"type":"Polygon","coordinates":[[[20.012785,50.012546],[20.012824,50.012537],[20.012852,50.012588],[20.012812,50.012597],[20.012785,50.012546]]]}},{"type":"Feature","id":"w180801494","properties":{"type":"garage","residential":false,"residents_est":0,"h3_10":"8a1e2e69cac7fff","h3_11":"8b1e2e69cac0fff"},"geometry":{"type":"Polygon","coordinates":[[[20.012821,50.012195],[20.012859,50.012187],[20.012887,50.012238],[20.012849,50.012247],[20.012821,50.012195]]]}},{"type":"Feature","id":"w180801495","properties":{"type":"garage","residential":false,"residents_est":0,"h3_10":"8a1e2e69cac7fff","h3_11":"8b1e2e69cac2fff"},"geometry":{"type":"Polygon","coordinates":[[[20.012606,50.012041],[20.012646,50.012032],[20.012674,50.012084],[20.012634,50.012093],[20.012606,50.012041]]]}},{"type":"Feature","id":"w180801496","properties":{"type":"garage","residential":false,"residents_est":0,"h3_10":"8a1e2e69cac7fff","h3_11":"8b1e2e69cac0fff"},"geometry":{"type":"Polygon","coordinates":[[[20.012572,50.012395],[20.012611,50.012387],[20.012636,50.012432],[20.012597,50.012441],[20.012572,50.012395]]]}},{"type":"Feature","id":"w180801497","properties":{"type":"garage","residential":false,"residents_est":0,"h3_10":"8a1e2e69cac7fff","h3_11":"8b1e2e69cac0fff"},"geometry":{"type":"Polygon","coordinates":[[[20.012623,50.012239],[20.012662,50.01223],[20.01269,50.012282],[20.01265,50.012291],[20.012623,50.012239]]]}},{"type":"Feature","id":"w180801498","properties":{"type":"garage","residential":false,"residents_est":0,"h3_10":"8a1e2e69cac7fff","h3_11":"8b1e2e69cac0fff"},"geometry":{"type":"Polygon","coordinates":[[[20.012983,50.012501],[20.013024,50.012492],[20.013051,50.012543],[20.01301,50.012552],[20.012983,50.012501]]]}},{"type":"Feature","id":"w180801499","properties":{"type":"garage","residential":false,"residents_est":0,"h3_10":"8a1e2e69cac7fff","h3_11":"8b1e2e69cac0fff"},"geometry":{"type":"Polygon","coordinates":[[[20.012715,50.012415],[20.012754,50.012406],[20.012784,50.012461],[20.012745,50.012469],[20.012715,50.012415]]]}},{"type":"Feature","id":"w180801500","properties":{"type":"garage","residential":false,"residents_est":0,"h3_10":"8a1e2e69cac7fff","h3_11":"8b1e2e69cac0fff"},"geometry":{"type":"Polygon","coordinates":[[[20.012476,50.012214],[20.012516,50.012206],[20.012543,50.012257],[20.012504,50.012265],[20.012476,50.012214]]]}},{"type":"Feature","id":"w180801501","properties":{"type":"garage","residential":false,"residents_est":0,"h3_10":"8a1e2e69cac7fff","h3_11":"8b1e2e69cac4fff"},"geometry":{"type":"Polygon","coordinates":[[[20.012665,50.012573],[20.012706,50.012563],[20.012733,50.012614],[20.012693,50.012623],[20.012665,50.012573]]]}},{"type":"Feature","id":"w180801502","properties":{"type":"garage","residential":false,"residents_est":0,"h3_10":"8a1e2e69cac7fff","h3_11":"8b1e2e69cac2fff"},"geometry":{"type":"Polygon","coordinates":[[[20.012725,50.012014],[20.012764,50.012006],[20.012792,50.012058],[20.012753,50.012067],[20.012725,50.012014]]]}},{"type":"Feature","id":"w180801503","properties":{"type":"garage","residential":false,"residents_est":0,"h3_10":"8a1e2e69cac7fff","h3_11":"8b1e2e69cac0fff"},"geometry":{"type":"Polygon","coordinates":[[[20.012675,50.012171],[20.012714,50.012162],[20.012741,50.012213],[20.012702,50.012221],[20.012675,50.012171]]]}},{"type":"Feature","id":"w180801504","properties":{"type":"garage","residential":false,"residents_est":0,"h3_10":"8a1e2e69cac7fff","h3_11":"8b1e2e69cac0fff"},"geometry":{"type":"Polygon","coordinates":[[[20.01269,50.012369],[20.01273,50.01236],[20.012754,50.012406],[20.012715,50.012415],[20.01269,50.012369]]]}},{"type":"Feature","id":"w180801505","properties":{"type":"garage","residential":false,"residents_est":0,"h3_10":"8a1e2e69cac7fff","h3_11":"8b1e2e69cac0fff"},"geometry":{"type":"Polygon","coordinates":[[[20.012859,50.012187],[20.0129,50.012178],[20.012927,50.012229],[20.012887,50.012238],[20.012859,50.012187]]]}},{"type":"Feature","id":"w180801506","properties":{"type":"garage","residential":false,"residents_est":0,"h3_10":"8a1e2e69cac7fff","h3_11":"8b1e2e69cac0fff"},"geometry":{"type":"Polygon","coordinates":[[[20.012915,50.01237],[20.012953,50.012361],[20.012983,50.012416],[20.012945,50.012424],[20.012915,50.01237]]]}},{"type":"Feature","id":"w180801507","properties":{"type":"garage","residential":false,"residents_est":0,"h3_10":"8a1e2e69cac7fff","h3_11":"8b1e2e69cac0fff"},"geometry":{"type":"Polygon","coordinates":[[[20.012794,50.012144],[20.012832,50.012136],[20.012859,50.012187],[20.012821,50.012195],[20.012794,50.012144]]]}},{"type":"Feature","id":"w180801508","properties":{"type":"garage","residential":false,"residents_est":0,"h3_10":"8a1e2e69cac7fff","h3_11":"8b1e2e69cac0fff"},"geometry":{"type":"Polygon","coordinates":[[[20.012741,50.012213],[20.012781,50.012204],[20.012809,50.012256],[20.012769,50.012264],[20.012741,50.012213]]]}},{"type":"Feature","id":"w180801509","properties":{"type":"garage","residential":false,"residents_est":0,"h3_10":"8a1e2e69cac7fff","h3_11":"8b1e2e69cac0fff"},"geometry":{"type":"Polygon","coordinates":[[[20.012532,50.012404],[20.012572,50.012395],[20.012597,50.012441],[20.012557,50.01245],[20.012532,50.012404]]]}},{"type":"Feature","id":"w180801510","properties":{"type":"garage","residential":false,"residents_est":0,"h3_10":"8a1e2e69cac7fff","h3_11":"8b1e2e69cac0fff"},"geometry":{"type":"Polygon","coordinates":[[[20.012864,50.012528],[20.012904,50.012519],[20.012931,50.01257],[20.012891,50.012579],[20.012864,50.012528]]]}},{"type":"Feature","id":"w180801511","properties":{"type":"garage","residential":false,"residents_est":0,"h3_10":"8a1e2e69cac7fff","h3_11":"8b1e2e69cac2fff"},"geometry":{"type":"Polygon","coordinates":[[[20.012526,50.012059],[20.012566,50.01205],[20.012594,50.012102],[20.012554,50.012111],[20.012526,50.012059]]]}},{"type":"Feature","id":"w180801512","properties":{"type":"garage","residential":false,"residents_est":0,"h3_10":"8a1e2e69cac7fff","h3_11":"8b1e2e69cac2fff"},"geometry":{"type":"Polygon","coordinates":[[[20.012447,50.012076],[20.012486,50.012068],[20.012514,50.01212],[20.012475,50.012128],[20.012447,50.012076]]]}},{"type":"Feature","id":"w180801513","properties":{"type":"garage","residential":false,"residents_est":0,"h3_10":"8a1e2e69cac7fff","h3_11":"8b1e2e69cac0fff"},"geometry":{"type":"Polygon","coordinates":[[[20.012543,50.012257],[20.012581,50.012248],[20.012609,50.0123],[20.012571,50.012308],[20.012543,50.012257]]]}},{"type":"Feature","id":"w180801514","properties":{"type":"garage","residential":false,"residents_est":0,"h3_10":"8a1e2e69cac7fff","h3_11":"8b1e2e69cac0fff"},"geometry":{"type":"Polygon","coordinates":[[[20.013063,50.012484],[20.013102,50.012475],[20.013129,50.012526],[20.01309,50.012534],[20.013063,50.012484]]]}},{"type":"Feature","id":"w180801515","properties":{"type":"garage","residential":false,"residents_est":0,"h3_10":"8a1e2e69cac7fff","h3_11":"8b1e2e69cac0fff"},"geometry":{"type":"Polygon","coordinates":[[[20.012636,50.012432],[20.012676,50.012423],[20.012706,50.012478],[20.012666,50.012487],[20.012636,50.012432]]]}},{"type":"Feature","id":"w180801516","properties":{"type":"garage","residential":false,"residents_est":0,"h3_10":"8a1e2e69cac7fff","h3_11":"8b1e2e69cac0fff"},"geometry":{"type":"Polygon","coordinates":[[[20.012929,50.012315],[20.012969,50.012307],[20.012993,50.012352],[20.012953,50.012361],[20.012929,50.012315]]]}},{"type":"Feature","id":"w180801517","properties":{"type":"garage","residential":false,"residents_est":0,"h3_10":"8a1e2e69cac7fff","h3_11":"8b1e2e69cac0fff"},"geometry":{"type":"Polygon","coordinates":[[[20.012554,50.012197],[20.012595,50.012188],[20.012623,50.012239],[20.012581,50.012248],[20.012554,50.012197]]]}},{"type":"Feature","id":"w180801518","properties":{"type":"garage","residential":false,"residents_est":0,"h3_10":"8a1e2e69cac7fff","h3_11":"8b1e2e69cac0fff"},"geometry":{"type":"Polygon","coordinates":[[[20.01281,50.012342],[20.012851,50.012333],[20.012876,50.012379],[20.012835,50.012388],[20.01281,50.012342]]]}},{"type":"Feature","id":"w180801519","properties":{"type":"garage","residential":false,"residents_est":0,"h3_10":"8a1e2e69cac7fff","h3_11":"8b1e2e69cac4fff"},"geometry":{"type":"Polygon","coordinates":[[[20.012746,50.012555],[20.012785,50.012546],[20.012812,50.012597],[20.012773,50.012605],[20.012746,50.012555]]]}},{"type":"Feature","id":"w180801520","properties":{"type":"garage","residential":false,"residents_est":0,"h3_10":"8a1e2e69cac7fff","h3_11":"8b1e2e69cac2fff"},"geometry":{"type":"Polygon","coordinates":[[[20.012646,50.012032],[20.012685,50.012023],[20.012713,50.012075],[20.012674,50.012084],[20.012646,50.012032]]]}},{"type":"Feature","id":"w180801521","properties":{"type":"garage","residential":false,"residents_est":0,"h3_10":"8a1e2e69cac7fff","h3_11":"8b1e2e69cac0fff"},"geometry":{"type":"Polygon","coordinates":[[[20.012611,50.012387],[20.012651,50.012378],[20.012676,50.012423],[20.012636,50.012432],[20.012611,50.012387]]]}},{"type":"Feature","id":"w180801522","properties":{"type":"garage","residential":false,"residents_est":0,"h3_10":"8a1e2e69cac7fff","h3_11":"8b1e2e69cac0fff"},"geometry":{"type":"Polygon","coordinates":[[[20.012835,50.012388],[20.012876,50.012379],[20.012905,50.012433],[20.012864,50.012442],[20.012835,50.012388]]]}},{"type":"Feature","id":"w180801523","properties":{"type":"garage","residential":false,"residents_est":0,"h3_10":"8a1e2e69cac7fff","h3_11":"8b1e2e69cac0fff"},"geometry":{"type":"Polygon","coordinates":[[[20.012873,50.012127],[20.012913,50.012118],[20.01294,50.012169],[20.0129,50.012178],[20.012873,50.012127]]]}},{"type":"Feature","id":"w180801524","properties":{"type":"garage","residential":false,"residents_est":0,"h3_10":"8a1e2e69cac7fff","h3_11":"8b1e2e69cac0fff"},"geometry":{"type":"Polygon","coordinates":[[[20.012662,50.01223],[20.012702,50.012221],[20.01273,50.012273],[20.01269,50.012282],[20.012662,50.01223]]]}},{"type":"Feature","id":"w180801525","properties":{"type":"garage","residential":false,"residents_est":0,"h3_10":"8a1e2e69cac7fff","h3_11":"8b1e2e69cac0fff"},"geometry":{"type":"Polygon","coordinates":[[[20.012943,50.01251],[20.012983,50.012501],[20.01301,50.012552],[20.01297,50.012561],[20.012943,50.01251]]]}},{"type":"Feature","id":"w180801526","properties":{"type":"garage","residential":false,"residents_est":0,"h3_10":"8a1e2e69cac7fff","h3_11":"8b1e2e69cac0fff"},"geometry":{"type":"Polygon","coordinates":[[[20.012754,50.012406],[20.012794,50.012397],[20.012824,50.012451],[20.012784,50.012461],[20.012754,50.012406]]]}},{"type":"Feature","id":"w180801527","properties":{"type":"garage","residential":false,"residents_est":0,"h3_10":"8a1e2e69cac7fff","h3_11":"8b1e2e69cac2fff"},"geometry":{"type":"Polygon","coordinates":[[[20.012367,50.012094],[20.012407,50.012085],[20.012435,50.012137],[20.012396,50.012146],[20.012367,50.012094]]]}},{"type":"Feature","id":"w180801528","properties":{"type":"garage","residential":false,"residents_est":0,"h3_10":"8a1e2e69cac7fff","h3_11":"8b1e2e69cac6fff"},"geometry":{"type":"Polygon","coordinates":[[[20.012436,50.012223],[20.012476,50.012214],[20.012504,50.012265],[20.012464,50.012274],[20.012436,50.012223]]]}},{"type":"Feature","id":"w187165517","properties":{"type":"yes","name":"Komisariat Policji VI w Krakowie","residential":false,"residents_est":0,"h3_10":"8a1e2e69ca67fff","h3_11":"8b1e2e69ca66fff"},"geometry":{"type":"Polygon","coordinates":[[[20.014064,50.015694],[20.014067,50.015631],[20.0141,50.015546],[20.014178,50.015565],[20.014184,50.015556],[20.014297,50.015558],[20.014295,50.015597],[20.014265,50.015596],[20.014264,50.015611],[20.014286,50.015643],[20.014213,50.015669],[20.014214,50.015682],[20.01424,50.015681],[20.014256,50.015743],[20.014276,50.015775],[20.014313,50.015813],[20.014376,50.015854],[20.014383,50.01585],[20.014492,50.015861],[20.014499,50.015856],[20.014493,50.015852],[20.014497,50.015849],[20.014535,50.01583],[20.01463,50.01582],[20.014627,50.015831],[20.014648,50.015834],[20.014653,50.01585],[20.014699,50.015854],[20.014691,50.015885],[20.014678,50.015885],[20.014677,50.015908],[20.014687,50.015909],[20.014674,50.015958],[20.014663,50.015962],[20.01467,50.016012],[20.014489,50.016011],[20.014401,50.015994],[20.014288,50.015954],[20.014202,50.015904],[20.01413,50.015838],[20.014082,50.015762],[20.014064,50.015694]]]}},{"type":"Feature","id":"w225618128","properties":{"type":"yes","levels":1.0,"address":"Mieczysławy Ćwiklińskiej 1","name":"Lidl","residential":true,"residents_est":7,"h3_10":"8a1e2e69cb4ffff","h3_11":"8b1e2e69cb4efff"},"geometry":{"type":"Polygon","coordinates":[[[20.013777,50.016971],[20.013927,50.016934],[20.013897,50.016886],[20.01424,50.016799],[20.014269,50.016846],[20.014354,50.016824],[20.014341,50.0168],[20.014412,50.016783],[20.014564,50.017023],[20.013833,50.017209],[20.013791,50.01714],[20.013869,50.01712],[20.013777,50.016971]]]}},{"type":"Feature","id":"w233308918","properties":{"type":"yes","residential":true,"residents_est":2,"h3_10":"8a1e2e69cb87fff","h3_11":"8b1e2e69cb80fff"},"geometry":{"type":"Polygon","coordinates":[[[20.005457,50.014891],[20.0058,50.014807],[20.005831,50.014861],[20.005484,50.014944],[20.005457,50.014891]]]}},{"type":"Feature","id":"w233317819","properties":{"type":"yes","residential":true,"residents_est":7,"h3_10":"8a1e2e69ca6ffff","h3_11":"8b1e2e69ca6bfff"},"geometry":{"type":"Polygon","coordinates":[[[20.017405,50.015156],[20.017423,50.015143],[20.017539,50.015139],[20.017543,50.015185],[20.017568,50.015184],[20.017577,50.015297],[20.017582,50.0153],[20.017561,50.015299],[20.017564,50.015349],[20.017589,50.015348],[20.017599,50.015507],[20.017496,50.01551],[20.017476,50.015499],[20.017484,50.015482],[20.017506,50.015478],[20.017499,50.015411],[20.017481,50.015412],[20.017477,50.015358],[20.01746,50.015359],[20.017456,50.015302],[20.01744,50.015303],[20.017436,50.015249],[20.017411,50.01525],[20.017406,50.015191],[20.017433,50.01519],[20.017432,50.015176],[20.017408,50.015168],[20.017405,50.015156]]]}},{"type":"Feature","id":"w233893546","properties":{"type":"retail","address":"Leonida Teligi 23b","residential":false,"residents_est":0,"h3_10":"8a1e2e69cb1ffff","h3_11":"8b1e2e69cb1cfff"},"geometry":{"type":"Polygon","coordinates":[[[20.007844,50.016638],[20.00791,50.016621],[20.007966,50.016615],[20.008035,50.016765],[20.007941,50.01679],[20.007844,50.016638]]]}},{"type":"Feature","id":"w270281088","properties":{"type":"residential","levels":8.0,"address":"Jana Kurczaba 17","residential":true,"residents_est":34,"h3_10":"8a1e2e69cb87fff","h3_11":"8b1e2e69cb83fff"},"geometry":{"type":"Polygon","coordinates":[[[20.005961,50.014555],[20.005967,50.014541],[20.006,50.014523],[20.006363,50.014434],[20.006402,50.014445],[20.006455,50.014537],[20.006045,50.014636],[20.006,50.014623],[20.005961,50.014555]]]}},{"type":"Feature","id":"w270281089","properties":{"type":"residential","levels":4.0,"address":"Jana Kurczaba 17","residential":true,"residents_est":7,"h3_10":"8a1e2e69cb87fff","h3_11":"8b1e2e69cb83fff"},"geometry":{"type":"Polygon","coordinates":[[[20.005804,50.0143],[20.006027,50.014245],[20.006079,50.014333],[20.005885,50.014379],[20.005845,50.014363],[20.005804,50.0143]]]}},{"type":"Feature","id":"w338093747","properties":{"type":"residential","levels":7.0,"residential":true,"residents_est":32,"h3_10":"8a1e2e69cb8ffff","h3_11":"8b1e2e69cb8efff"},"geometry":{"type":"Polygon","coordinates":[[[20.006238,50.01419],[20.006407,50.014148],[20.006578,50.014436],[20.006497,50.014456],[20.006506,50.014477],[20.006501,50.0145],[20.00648,50.014518],[20.006451,50.014529],[20.006402,50.014445],[20.006392,50.014442],[20.006402,50.014427],[20.006375,50.01442],[20.006238,50.01419]]]}},{"type":"Feature","id":"w338093762","properties":{"type":"retail","levels":1.0,"address":"Leonida Teligi 14","residential":false,"residents_est":0,"h3_10":"8a1e2e69cb17fff","h3_11":"8b1e2e69cb12fff"},"geometry":{"type":"Polygon","coordinates":[[[20.006389,50.016368],[20.006503,50.01635],[20.006524,50.016406],[20.00641,50.016424],[20.006389,50.016368]]]}},{"type":"Feature","id":"w338093764","properties":{"type":"retail","name":"Zielone Zdrowie","residential":false,"residents_est":0,"h3_10":"8a1e2e69cb17fff","h3_11":"8b1e2e69cb16fff"},"geometry":{"type":"Polygon","coordinates":[[[20.005798,50.016481],[20.005853,50.016472],[20.005869,50.016516],[20.005814,50.016524],[20.005798,50.016481]]]}},{"type":"Feature","id":"w338093765","properties":{"type":"commercial","residential":false,"residents_est":0,"h3_10":"8a1e2e69cb17fff","h3_11":"8b1e2e69cb12fff"},"geometry":{"type":"Polygon","coordinates":[[[20.005857,50.016458],[20.005987,50.016436],[20.00601,50.016493],[20.005879,50.016514],[20.005857,50.016458]]]}},{"type":"Feature","id":"w338093766","properties":{"type":"retail","levels":1.0,"address":"Leonida Teligi 11","residential":false,"residents_est":0,"h3_10":"8a1e2e69cb17fff","h3_11":"8b1e2e69cb12fff"},"geometry":{"type":"Polygon","coordinates":[[[20.005989,50.01644],[20.006215,50.016403],[20.006234,50.016456],[20.00601,50.016493],[20.005989,50.01644]]]}},{"type":"Feature","id":"w338093767","properties":{"type":"retail","levels":1.0,"address":"Leonida Teligi 14","residential":false,"residents_est":0,"h3_10":"8a1e2e69cb17fff","h3_11":"8b1e2e69cb12fff"},"geometry":{"type":"Polygon","coordinates":[[[20.006208,50.016383],[20.006384,50.016356],[20.00641,50.016424],[20.006233,50.016451],[20.006208,50.016383]]]}},{"type":"Feature","id":"w340605428","properties":{"type":"yes","residential":false,"residents_est":0,"h3_10":"8a1e2e69caeffff","h3_11":"8b1e2e69caedfff"},"geometry":{"type":"Polygon","coordinates":[[[20.014963,50.013573],[20.014986,50.013518],[20.015069,50.013532],[20.015045,50.013587],[20.014963,50.013573]]]}},{"type":"Feature","id":"w340605433","properties":{"type":"yes","residential":false,"residents_est":0,"h3_10":"8a1e2e69ca67fff","h3_11":"8b1e2e69ca66fff"},"geometry":{"type":"Polygon","coordinates":[[[20.014177,50.015918],[20.014202,50.015904],[20.014288,50.015954],[20.014368,50.015984],[20.014338,50.015977],[20.014326,50.015989],[20.014265,50.01597],[20.014232,50.015952],[20.014212,50.01595],[20.014177,50.015918]]]}},{"type":"Feature","id":"w340605434","properties":{"type":"yes","residential":true,"residents_est":2,"h3_10":"8a1e2e69ca67fff","h3_11":"8b1e2e69ca62fff"},"geometry":{"type":"Polygon","coordinates":[[[20.014627,50.015831],[20.014671,50.015574],[20.014774,50.015589],[20.014726,50.015775],[20.01474,50.015777],[20.014723,50.015846],[20.014627,50.015831]]]}},{"type":"Feature","id":"w340605436","properties":{"type":"service","residential":false,"residents_est":0,"h3_10":"8a1e2e69ca5ffff","h3_11":"8b1e2e69ca5bfff"},"geometry":{"type":"Polygon","coordinates":[[[20.015805,50.013417],[20.015876,50.013413],[20.015882,50.013459],[20.015811,50.013463],[20.015805,50.013417]]]}},{"type":"Feature","id":"w340605441","properties":{"type":"garbage_shed","residential":false,"residents_est":0,"h3_10":"8a1e2e69ca27fff","h3_11":"8b1e2e69ca23fff"},"geometry":{"type":"Polygon","coordinates":[[[20.010655,50.015521],[20.010709,50.015507],[20.010742,50.01556],[20.010688,50.015574],[20.010655,50.015521]]]}},{"type":"Feature","id":"w340605445","properties":{"type":"garage","residential":false,"residents_est":0,"h3_10":"8a1e2e69ca47fff","h3_11":"8b1e2e69ca43fff"},"geometry":{"type":"Polygon","coordinates":[[[20.015489,50.014423],[20.015511,50.014369],[20.015552,50.014376],[20.015529,50.014429],[20.015489,50.014423]]]}},{"type":"Feature","id":"w340605447","properties":{"type":"garages","residential":false,"residents_est":0,"h3_10":"8a1e2e69ca5ffff","h3_11":"8b1e2e69ca5efff"},"geometry":{"type":"Polygon","coordinates":[[[20.014761,50.014044],[20.014944,50.013616],[20.015027,50.013631],[20.014844,50.014059],[20.014761,50.014044]]]}},{"type":"Feature","id":"w340605449","properties":{"type":"service","residential":false,"residents_est":0,"h3_10":"8a1e2e69ca07fff","h3_11":"8b1e2e69ca03fff"},"geometry":{"type":"Polygon","coordinates":[[[20.010733,50.014619],[20.010801,50.014606],[20.01082,50.014648],[20.010752,50.01466],[20.010733,50.014619]]]}},{"type":"Feature","id":"w340605454","properties":{"type":"yes","residential":true,"residents_est":1,"h3_10":"8a1e2e69ca5ffff","h3_11":"8b1e2e69ca5efff"},"geometry":{"type":"Polygon","coordinates":[[[20.01521,50.013737],[20.015255,50.013631],[20.015338,50.013645],[20.015293,50.013752],[20.01521,50.013737]]]}},{"type":"Feature","id":"w340605464","properties":{"type":"yes","residential":true,"residents_est":1,"h3_10":"8a1e2e69ca6ffff","h3_11":"8b1e2e69ca6efff"},"geometry":{"type":"Polygon","coordinates":[[[20.015943,50.015703],[20.015961,50.015635],[20.016227,50.015664],[20.01621,50.015731],[20.015943,50.015703]]]}},{"type":"Feature","id":"w340605481","properties":{"type":"garbage_shed","residential":false,"residents_est":0,"h3_10":"8a1e2e69ca5ffff","h3_11":"8b1e2e69ca59fff"},"geometry":{"type":"Polygon","coordinates":[[[20.016452,50.013609],[20.016507,50.013607],[20.01651,50.013645],[20.016456,50.013647],[20.016452,50.013609]]]}},{"type":"Feature","id":"w340605486","properties":{"type":"garage","residential":false,"residents_est":0,"h3_10":"8a1e2e69ca5ffff","h3_11":"8b1e2e69ca5cfff"},"geometry":{"type":"Polygon","coordinates":[[[20.015522,50.014344],[20.015545,50.014291],[20.015585,50.014298],[20.015563,50.014351],[20.015522,50.014344]]]}},{"type":"Feature","id":"w340605488","properties":{"type":"residential","residential":true,"residents_est":6,"h3_10":"8a1e2e69ca77fff","h3_11":"8b1e2e69ca71fff"},"geometry":{"type":"Polygon","coordinates":[[[20.014423,50.015161],[20.014479,50.015029],[20.014609,50.015053],[20.014551,50.015184],[20.014423,50.015161]]]}},{"type":"Feature","id":"w340605490","properties":{"type":"garage","residential":false,"residents_est":0,"h3_10":"8a1e2e69ca5ffff","h3_11":"8b1e2e69ca5cfff"},"geometry":{"type":"Polygon","coordinates":[[[20.015449,50.014416],[20.015471,50.014362],[20.015511,50.014369],[20.015489,50.014423],[20.015449,50.014416]]]}},{"type":"Feature","id":"w340605491","properties":{"type":"garage","residential":false,"residents_est":0,"h3_10":"8a1e2e69ca5ffff","h3_11":"8b1e2e69ca5cfff"},"geometry":{"type":"Polygon","coordinates":[[[20.015482,50.014337],[20.015504,50.014284],[20.015545,50.014291],[20.015522,50.014344],[20.015482,50.014337]]]}},{"type":"Feature","id":"w340605492","properties":{"type":"garages","residential":false,"residents_est":0,"h3_10":"8a1e2e69ca47fff","h3_11":"8b1e2e69ca42fff"},"geometry":{"type":"Polygon","coordinates":[[[20.014887,50.014505],[20.014919,50.014434],[20.015314,50.014522],[20.015287,50.01458],[20.014887,50.014505]]]}},{"type":"Feature","id":"w340605498","properties":{"type":"retail","levels":2.0,"address":"Leonida Teligi 34","residential":false,"residents_est":0,"h3_10":"8a1e2e69ca2ffff","h3_11":"8b1e2e69ca28fff"},"geometry":{"type":"Polygon","coordinates":[[[20.01194,50.01583],[20.011946,50.015782],[20.012047,50.015752],[20.012119,50.015753],[20.012113,50.015805],[20.012096,50.015804],[20.012093,50.015818],[20.012082,50.015817],[20.01208,50.015839],[20.01194,50.01583]]]}},{"type":"Feature","id":"w340605502","properties":{"type":"retail","levels":2.0,"address":"Leonida Teligi 34A","residential":false,"residents_est":0,"h3_10":"8a1e2e69ca2ffff","h3_11":"8b1e2e69ca28fff"},"geometry":{"type":"Polygon","coordinates":[[[20.012113,50.015805],[20.012121,50.01574],[20.012155,50.015734],[20.012206,50.015738],[20.012194,50.015828],[20.012126,50.015822],[20.012129,50.015806],[20.012113,50.015805]]]}},{"type":"Feature","id":"w340605509","properties":{"type":"retail","levels":2.0,"address":"Leonida Teligi 34B","residential":false,"residents_est":0,"h3_10":"8a1e2e69ca2ffff","h3_11":"8b1e2e69ca2dfff"},"geometry":{"type":"Polygon","coordinates":[[[20.012194,50.015828],[20.012208,50.015726],[20.012247,50.015719],[20.012297,50.015724],[20.012281,50.01581],[20.012262,50.015815],[20.012259,50.015833],[20.012194,50.015828]]]}},{"type":"Feature","id":"w373723164","properties":{"type":"retail","address":"Leonida Teligi 30B","residential":false,"residents_est":0,"h3_10":"8a1e2e69ca27fff","h3_11":"8b1e2e69ca22fff"},"geometry":{"type":"Polygon","coordinates":[[[20.0098,50.015789],[20.009863,50.015775],[20.009888,50.015824],[20.009825,50.015838],[20.0098,50.015789]]]}},{"type":"Feature","id":"w373723166","properties":{"type":"retail","address":"Leonida Teligi 30C","residential":false,"residents_est":0,"h3_10":"8a1e2e69ca27fff","h3_11":"8b1e2e69ca22fff"},"geometry":{"type":"Polygon","coordinates":[[[20.009863,50.015775],[20.009932,50.01576],[20.009958,50.015809],[20.009888,50.015824],[20.009863,50.015775]]]}},{"type":"Feature","id":"w373723167","properties":{"type":"retail","address":"Leonida Teligi 30D","residential":false,"residents_est":0,"h3_10":"8a1e2e69ca27fff","h3_11":"8b1e2e69ca22fff"},"geometry":{"type":"Polygon","coordinates":[[[20.009932,50.01576],[20.009997,50.015746],[20.010023,50.015794],[20.009958,50.015809],[20.009932,50.01576]]]}},{"type":"Feature","id":"w406830966","properties":{"type":"residential","levels":5.0,"address":"Aleksandry 4","residential":true,"residents_est":47,"h3_10":"8a1e2e69ca47fff","h3_11":"8b1e2e69ca41fff"},"geometry":{"type":"Polygon","coordinates":[[[20.015789,50.015409],[20.015821,50.015277],[20.015843,50.015279],[20.015858,50.015225],[20.015835,50.015223],[20.01585,50.015163],[20.015867,50.015164],[20.01588,50.015112],[20.015863,50.01511],[20.015877,50.015054],[20.0159,50.015056],[20.015912,50.015001],[20.015891,50.014999],[20.015918,50.014893],[20.015934,50.014894],[20.01595,50.014839],[20.016007,50.014845],[20.016003,50.014865],[20.016072,50.014872],[20.016077,50.014852],[20.016136,50.014859],[20.016122,50.01491],[20.016139,50.014912],[20.016009,50.015432],[20.015789,50.015409]]]}},{"type":"Feature","id":"w406830968","properties":{"type":"residential","address":"Aleksandry 4A","residential":true,"residents_est":38,"h3_10":"8a1e2e69ca47fff","h3_11":"8b1e2e69ca40fff"},"geometry":{"type":"Polygon","coordinates":[[[20.015204,50.015298],[20.015417,50.014789],[20.015432,50.014792],[20.015454,50.014741],[20.015511,50.014751],[20.015503,50.01477],[20.015571,50.014782],[20.01558,50.014762],[20.015636,50.014773],[20.015614,50.014825],[20.01563,50.014829],[20.015586,50.014934],[20.015565,50.01493],[20.015542,50.014982],[20.015564,50.014987],[20.015541,50.015041],[20.015525,50.015039],[20.015505,50.015091],[20.015521,50.015093],[20.015496,50.015151],[20.015474,50.015148],[20.015452,50.015201],[20.015474,50.015204],[20.01542,50.015335],[20.015204,50.015298]]]}},{"type":"Feature","id":"w406830969","properties":{"type":"residential","address":"Aleksandry 4C","residential":true,"residents_est":14,"h3_10":"8a1e2e69ca47fff","h3_11":"8b1e2e69ca42fff"},"geometry":{"type":"Polygon","coordinates":[[[20.01491,50.014852],[20.014944,50.014774],[20.014961,50.014777],[20.014977,50.014736],[20.014959,50.014733],[20.014993,50.014658],[20.015207,50.014695],[20.015126,50.014889],[20.01491,50.014852]]]}},{"type":"Feature","id":"w406830970","properties":{"type":"residential","address":"Aleksandry 4D","residential":true,"residents_est":14,"h3_10":"8a1e2e69ca47fff","h3_11":"8b1e2e69ca46fff"},"geometry":{"type":"Polygon","coordinates":[[[20.014455,50.014773],[20.014536,50.014579],[20.014751,50.014616],[20.01472,50.014691],[20.014702,50.014688],[20.014685,50.014729],[20.014703,50.014732],[20.01467,50.01481],[20.014455,50.014773]]]}},{"type":"Feature","id":"w462832265","properties":{"type":"garages","residential":false,"residents_est":0,"h3_10":"8a1e2e69cad7fff","h3_11":"8b1e2e69cad1fff"},"geometry":{"type":"Polygon","coordinates":[[[20.012099,50.011809],[20.012954,50.011413],[20.013004,50.011458],[20.012149,50.011854],[20.012099,50.011809]]]}},{"type":"Feature","id":"w462832267","properties":{"type":"garages","residential":false,"residents_est":0,"h3_10":"8a1e2e69cad7fff","h3_11":"8b1e2e69cad3fff"},"geometry":{"type":"Polygon","coordinates":[[[20.011505,50.011557],[20.012428,50.011132],[20.01248,50.01118],[20.011556,50.011604],[20.011505,50.011557]]]}},{"type":"Feature","id":"w462832269","properties":{"type":"garages","residential":false,"residents_est":0,"h3_10":"8a1e2e69cad7fff","h3_11":"8b1e2e69cad3fff"},"geometry":{"type":"Polygon","coordinates":[[[20.011312,50.011429],[20.012171,50.011032],[20.012221,50.011077],[20.011361,50.011473],[20.011312,50.011429]]]}},{"type":"Feature","id":"w554356897","properties":{"type":"service","residential":false,"residents_est":0,"h3_10":"8a1e2e69cb27fff","h3_11":"8b1e2e69cb23fff"},"geometry":{"type":"Polygon","coordinates":[[[20.008038,50.018121],[20.008105,50.018104],[20.008131,50.018146],[20.008063,50.018163],[20.008038,50.018121]]]}},{"type":"Feature","id":"w570714163","properties":{"type":"industrial","residential":false,"residents_est":0,"h3_10":"8a1e2e69cb77fff","h3_11":"8b1e2e69cb72fff"},"geometry":{"type":"Polygon","coordinates":[[[20.010505,50.017353],[20.010575,50.017334],[20.010589,50.017354],[20.01077,50.017303],[20.010805,50.017355],[20.010634,50.017403],[20.010631,50.017414],[20.01056,50.017434],[20.010505,50.017353]]]}},{"type":"Feature","id":"w570714164","properties":{"type":"yes","residential":true,"residents_est":5,"h3_10":"8a1e2e69cb77fff","h3_11":"8b1e2e69cb72fff"},"geometry":{"type":"Polygon","coordinates":[[[20.010748,50.017244],[20.011066,50.017159],[20.011132,50.017264],[20.010903,50.017323],[20.010886,50.017296],[20.010799,50.017318],[20.010748,50.017244]]]}},{"type":"Feature","id":"w570714165","properties":{"type":"retail","levels":1.0,"residential":false,"residents_est":0,"h3_10":"8a1e2e69cb57fff","h3_11":"8b1e2e69cb54fff"},"geometry":{"type":"Polygon","coordinates":[[[20.011178,50.017117],[20.01143,50.017051],[20.011457,50.017094],[20.011205,50.01716],[20.011178,50.017117]]]}},{"type":"Feature","id":"w604408694","properties":{"type":"service","residential":false,"residents_est":0,"h3_10":"8a1e2e69cb0ffff","h3_11":"8b1e2e69cb08fff"},"geometry":{"type":"Polygon","coordinates":[[[20.010067,50.017141],[20.010129,50.017124],[20.010154,50.017164],[20.010092,50.017181],[20.010067,50.017141]]]}},{"type":"Feature","id":"w615646910","properties":{"type":"service","residential":false,"residents_est":0,"h3_10":"8a1e2e69cbb7fff","h3_11":"8b1e2e69cbb2fff"},"geometry":{"type":"Polygon","coordinates":[[[20.003372,50.014825],[20.003432,50.014809],[20.003458,50.014852],[20.003398,50.014867],[20.003372,50.014825]]]}},{"type":"Feature","id":"w615646911","properties":{"type":"service","residential":false,"residents_est":0,"h3_10":"8a1e2e69cb97fff","h3_11":"8b1e2e69cb91fff"},"geometry":{"type":"Polygon","coordinates":[[[20.004467,50.014084],[20.004537,50.014069],[20.00456,50.014112],[20.004491,50.014128],[20.004467,50.014084]]]}},{"type":"Feature","id":"w625160576","properties":{"type":"retail","name":"Awiteks","residential":false,"residents_est":0,"h3_10":"8a1e2e69ca17fff","h3_11":"8b1e2e69ca16fff"},"geometry":{"type":"Polygon","coordinates":[[[20.008369,50.014159],[20.008373,50.01411],[20.008434,50.014112],[20.00843,50.014162],[20.008369,50.014159]]]}},{"type":"Feature","id":"w632332894","properties":{"type":"garages","residential":false,"residents_est":0,"h3_10":"8a1e2e69cb67fff","h3_11":"8b1e2e69cb65fff"},"geometry":{"type":"Polygon","coordinates":[[[20.012868,50.019301],[20.013282,50.018329],[20.013377,50.018346],[20.012963,50.019317],[20.012868,50.019301]]]}},{"type":"Feature","id":"w632332896","properties":{"type":"garages","residential":false,"residents_est":0,"h3_10":"8a1e2e69cb67fff","h3_11":"8b1e2e69cb65fff"},"geometry":{"type":"Polygon","coordinates":[[[20.012466,50.019308],[20.012953,50.018166],[20.01304,50.018181],[20.012554,50.019324],[20.012466,50.019308]]]}},{"type":"Feature","id":"w662963420","properties":{"type":"service","residential":false,"residents_est":0,"h3_10":"8a1e2e69cba7fff","h3_11":"8b1e2e69cba2fff"},"geometry":{"type":"Polygon","coordinates":[[[20.004716,50.015806],[20.004783,50.015791],[20.004807,50.015836],[20.004739,50.015851],[20.004716,50.015806]]]}},{"type":"Feature","id":"w689544575","properties":{"type":"retail","levels":1.0,"address":"Leonida Teligi 23A","residential":false,"residents_est":0,"h3_10":"8a1e2e69cb1ffff","h3_11":"8b1e2e69cb1cfff"},"geometry":{"type":"Polygon","coordinates":[[[20.007744,50.016696],[20.0078,50.016681],[20.007792,50.016667],[20.007852,50.016651],[20.007904,50.016732],[20.007831,50.016752],[20.007814,50.016728],[20.007772,50.016739],[20.007744,50.016696]]]}},{"type":"Feature","id":"w689544576","properties":{"type":"commercial","levels":2.0,"residential":false,"residents_est":0,"h3_10":"8a1e2e69cb57fff","h3_11":"8b1e2e69cb53fff"},"geometry":{"type":"Polygon","coordinates":[[[20.012033,50.016519],[20.012108,50.016499],[20.012156,50.016571],[20.012079,50.016591],[20.012033,50.016519]]]}},{"type":"Feature","id":"w689544577","properties":{"type":"commercial","levels":2.0,"residential":false,"residents_est":0,"h3_10":"8a1e2e69cb57fff","h3_11":"8b1e2e69cb53fff"},"geometry":{"type":"Polygon","coordinates":[[[20.011927,50.016496],[20.012006,50.016475],[20.012084,50.016599],[20.012005,50.016621],[20.011927,50.016496]]]}},{"type":"Feature","id":"w689544578","properties":{"type":"commercial","levels":2.0,"residential":false,"residents_est":0,"h3_10":"8a1e2e69cb57fff","h3_11":"8b1e2e69cb51fff"},"geometry":{"type":"Polygon","coordinates":[[[20.011779,50.016587],[20.011797,50.016582],[20.011782,50.016562],[20.011942,50.016519],[20.011987,50.016592],[20.011907,50.016613],[20.011913,50.016622],[20.01192,50.016621],[20.011943,50.016659],[20.011974,50.016651],[20.012005,50.016699],[20.012039,50.01669],[20.01207,50.016745],[20.012049,50.01675],[20.01209,50.016817],[20.012011,50.016838],[20.01195,50.016775],[20.01192,50.016722],[20.011891,50.01673],[20.011859,50.016681],[20.011828,50.016689],[20.0118,50.016642],[20.011814,50.016638],[20.011779,50.016587]]]}},{"type":"Feature","id":"w689544579","properties":{"type":"roof","residential":false,"residents_est":0,"h3_10":"8a1e2e69cb57fff","h3_11":"8b1e2e69cb55fff"},"geometry":{"type":"Polygon","coordinates":[[[20.011767,50.016927],[20.011861,50.016902],[20.011897,50.016956],[20.011802,50.016982],[20.011767,50.016927]]]}},{"type":"Feature","id":"w689544581","properties":{"type":"commercial","levels":2.0,"residential":false,"residents_est":0,"h3_10":"8a1e2e69cb5ffff","h3_11":"8b1e2e69cb5efff"},"geometry":{"type":"Polygon","coordinates":[[[20.01212,50.016515],[20.012279,50.016472],[20.012286,50.016485],[20.012331,50.016473],[20.012327,50.016465],[20.012434,50.016437],[20.012478,50.01645],[20.012412,50.016547],[20.01239,50.016554],[20.012403,50.016574],[20.012351,50.016587],[20.012363,50.016607],[20.012206,50.016647],[20.01212,50.016515]]]}},{"type":"Feature","id":"w689544587","properties":{"type":"retail","levels":1.0,"residential":false,"residents_est":0,"h3_10":"8a1e2e69cb57fff","h3_11":"8b1e2e69cb56fff"},"geometry":{"type":"Polygon","coordinates":[[[20.010985,50.016822],[20.011084,50.016796],[20.01107,50.016776],[20.011147,50.016754],[20.011184,50.016812],[20.01101,50.01686],[20.010985,50.016822]]]}},{"type":"Feature","id":"w689544588","properties":{"type":"yes","residential":false,"residents_est":0,"h3_10":"8a1e2e69cb57fff","h3_11":"8b1e2e69cb56fff"},"geometry":{"type":"Polygon","coordinates":[[[20.010856,50.016869],[20.010914,50.016853],[20.010932,50.016881],[20.010874,50.016897],[20.010856,50.016869]]]}},{"type":"Feature","id":"w692096481","properties":{"type":"garbage_shed","residential":false,"residents_est":0,"h3_10":"8a1e2e69ca4ffff","h3_11":"8b1e2e69ca4cfff"},"geometry":{"type":"Polygon","coordinates":[[[20.016881,50.014826],[20.016882,50.014809],[20.017011,50.014813],[20.01701,50.014831],[20.016881,50.014826]]]}},{"type":"Feature","id":"w692096498","properties":{"type":"garbage_shed","residential":false,"residents_est":0,"h3_10":"8a1e2e69cb6ffff","h3_11":"8b1e2e69cb6cfff"},"geometry":{"type":"Polygon","coordinates":[[[20.014029,50.01867],[20.014095,50.01867],[20.014096,50.018709],[20.014029,50.018709],[20.014029,50.01867]]]}},{"type":"Feature","id":"w693114426","properties":{"type":"yes","residential":false,"residents_est":0,"h3_10":"8a1e2e69cb9ffff","h3_11":"8b1e2e69cb9cfff"},"geometry":{"type":"Polygon","coordinates":[[[20.005457,50.014249],[20.005539,50.01423],[20.005554,50.014256],[20.005472,50.014275],[20.005457,50.014249]]]}},{"type":"Feature","id":"w693114431","properties":{"type":"service","residential":false,"residents_est":0,"h3_10":"8a1e2e69caa7fff","h3_11":"8b1e2e69caa4fff"},"geometry":{"type":"Polygon","coordinates":[[[20.00708,50.013733],[20.007147,50.013716],[20.007173,50.013759],[20.007106,50.013776],[20.00708,50.013733]]]}},{"type":"Feature","id":"w693114433","properties":{"type":"garbage_shed","residential":false,"residents_est":0,"h3_10":"8a1e2e69ca17fff","h3_11":"8b1e2e69ca12fff"},"geometry":{"type":"Polygon","coordinates":[[[20.008272,50.01382],[20.008333,50.013806],[20.008357,50.01385],[20.008296,50.013864],[20.008272,50.01382]]]}},{"type":"Feature","id":"w705060980","properties":{"type":"yes","residential":false,"residents_est":0,"h3_10":"8a1e2e69ca17fff","h3_11":"8b1e2e69ca15fff"},"geometry":{"type":"Polygon","coordinates":[[[20.009287,50.014396],[20.009378,50.014375],[20.009398,50.01441],[20.009307,50.014431],[20.009287,50.014396]]]}},{"type":"Feature","id":"w705060981","properties":{"type":"garage","residential":false,"residents_est":0,"h3_10":"8a1e2e69caa7fff","h3_11":"8b1e2e69caa3fff"},"geometry":{"type":"Polygon","coordinates":[[[20.008113,50.01312],[20.008153,50.01311],[20.008182,50.013159],[20.008143,50.013169],[20.008113,50.01312]]]}},{"type":"Feature","id":"w705060982","properties":{"type":"yes","residential":false,"residents_est":0,"h3_10":"8a1e2e69caa7fff","h3_11":"8b1e2e69caa3fff"},"geometry":{"type":"Polygon","coordinates":[[[20.008212,50.01311],[20.00829,50.013091],[20.008304,50.013116],[20.008226,50.013135],[20.008212,50.01311]]]}},{"type":"Feature","id":"w705060984","properties":{"type":"residential","residential":true,"residents_est":14,"h3_10":"8a1e2e69caa7fff","h3_11":"8b1e2e69caa0fff"},"geometry":{"type":"Polygon","coordinates":[[[20.00731,50.013587],[20.00733,50.013558],[20.007343,50.013561],[20.007388,50.013551],[20.007358,50.013504],[20.007342,50.013506],[20.007357,50.013503],[20.00733,50.013454],[20.007312,50.013455],[20.007426,50.013428],[20.007419,50.013415],[20.007446,50.013409],[20.007441,50.0134],[20.007518,50.013382],[20.007524,50.013391],[20.00754,50.013387],[20.007525,50.013393],[20.007554,50.013441],[20.00757,50.013439],[20.007555,50.013443],[20.007568,50.013466],[20.007586,50.013465],[20.00757,50.013468],[20.007598,50.013517],[20.007615,50.013515],[20.007599,50.013519],[20.007628,50.013567],[20.007644,50.013565],[20.007534,50.013594],[20.00754,50.013607],[20.007418,50.013635],[20.007432,50.013628],[20.007404,50.01358],[20.007354,50.013601],[20.00731,50.013587]]]}},{"type":"Feature","id":"w705060986","properties":{"type":"apartments","levels":5.0,"residential":true,"residents_est":21,"h3_10":"8a1e2e69ca87fff","h3_11":"8b1e2e69ca86fff"},"geometry":{"type":"Polygon","coordinates":[[[20.007132,50.012512],[20.007443,50.012372],[20.00742,50.012351],[20.007563,50.01228],[20.007607,50.012321],[20.007615,50.012317],[20.007652,50.012352],[20.007591,50.01238],[20.007617,50.012404],[20.007585,50.012419],[20.007559,50.012394],[20.007493,50.012424],[20.00752,50.012449],[20.00746,50.012476],[20.007486,50.012499],[20.007453,50.012514],[20.007428,50.01249],[20.007336,50.012531],[20.007305,50.012545],[20.007331,50.012569],[20.007298,50.012583],[20.007273,50.01256],[20.007212,50.012587],[20.007132,50.012512]]]}},{"type":"Feature","id":"w705060987","properties":{"type":"garage","residential":false,"residents_est":0,"h3_10":"8a1e2e69cab7fff","h3_11":"8b1e2e69cab5fff"},"geometry":{"type":"Polygon","coordinates":[[[20.00655,50.013049],[20.006555,50.012996],[20.006596,50.012997],[20.006592,50.013051],[20.00655,50.013049]]]}},{"type":"Feature","id":"w705060988","properties":{"type":"service","residential":false,"residents_est":0,"h3_10":"8a1e2e69ca9ffff","h3_11":"8b1e2e69ca9efff"},"geometry":{"type":"Polygon","coordinates":[[[20.007553,50.011411],[20.007609,50.011388],[20.007647,50.011423],[20.007593,50.011448],[20.007553,50.011411]]]}},{"type":"Feature","id":"w705060990","properties":{"type":"yes","residential":true,"residents_est":13,"h3_10":"8a1e2e69ca8ffff","h3_11":"8b1e2e69ca8afff"},"geometry":{"type":"Polygon","coordinates":[[[20.00896,50.011471],[20.009177,50.011372],[20.00947,50.011638],[20.009253,50.011737],[20.00896,50.011471]]]}},{"type":"Feature","id":"w705060991","properties":{"type":"yes","residential":true,"residents_est":1,"h3_10":"8a1e2e69ca9ffff","h3_11":"8b1e2e69ca99fff"},"geometry":{"type":"Polygon","coordinates":[[[20.008654,50.011291],[20.008744,50.011282],[20.008834,50.011379],[20.008762,50.011407],[20.008654,50.011291]]]}},{"type":"Feature","id":"w705060992","properties":{"type":"yes","residential":true,"residents_est":1,"h3_10":"8a1e2e69ca9ffff","h3_11":"8b1e2e69ca99fff"},"geometry":{"type":"Polygon","coordinates":[[[20.008744,50.011282],[20.008933,50.011264],[20.008934,50.011298],[20.008914,50.011333],[20.008879,50.01136],[20.008834,50.011379],[20.008744,50.011282]]]}},{"type":"Feature","id":"w705060996","properties":{"type":"yes","residential":false,"residents_est":0,"h3_10":"8a1e2e69cad7fff","h3_11":"8b1e2e69cad2fff"},"geometry":{"type":"Polygon","coordinates":[[[20.010808,50.011135],[20.010888,50.0111],[20.01088,50.011093],[20.010909,50.011081],[20.010933,50.011105],[20.010823,50.011149],[20.010808,50.011135]]]}},{"type":"Feature","id":"w705060997","properties":{"type":"yes","name":"Elektromechanika pojazdowa","residential":true,"residents_est":2,"h3_10":"8a1e2e69cad7fff","h3_11":"8b1e2e69cad2fff"},"geometry":{"type":"Polygon","coordinates":[[[20.010727,50.011189],[20.010904,50.011117],[20.010982,50.011196],[20.010801,50.011269],[20.010727,50.011189]]]}},{"type":"Feature","id":"w705061005","properties":{"type":"retail","levels":1.0,"residential":false,"residents_est":0,"h3_10":"8a1e2e69ca8ffff","h3_11":"8b1e2e69ca8bfff"},"geometry":{"type":"Polygon","coordinates":[[[20.010053,50.011447],[20.010135,50.011411],[20.010172,50.011451],[20.010092,50.011485],[20.010053,50.011447]]]}},{"type":"Feature","id":"w717271782","properties":{"type":"shed","residential":false,"residents_est":0,"h3_10":"8a1e2e69cb07fff","h3_11":"8b1e2e69cb04fff"},"geometry":{"type":"Polygon","coordinates":[[[20.007713,50.018015],[20.007761,50.018003],[20.007789,50.01805],[20.007741,50.018062],[20.007713,50.018015]]]}},{"type":"Feature","id":"w717271783","properties":{"type":"apartments","levels":5.0,"address":"Leonida Teligi 19","residential":true,"residents_est":27,"h3_10":"8a1e2e69cb37fff","h3_11":"8b1e2e69cb30fff"},"geometry":{"type":"Polygon","coordinates":[[[20.006169,50.017679],[20.006791,50.017512],[20.00685,50.0176],[20.006789,50.017617],[20.006805,50.017644],[20.006768,50.017652],[20.006753,50.017628],[20.006629,50.01766],[20.006646,50.017685],[20.006611,50.017696],[20.006592,50.017671],[20.006475,50.017702],[20.00649,50.017728],[20.006457,50.017738],[20.00644,50.017712],[20.006318,50.017745],[20.006332,50.017769],[20.006301,50.017778],[20.006282,50.017753],[20.006227,50.017769],[20.006169,50.017679]]]}},{"type":"Feature","id":"w717480190","properties":{"type":"service","residential":false,"residents_est":0,"h3_10":"8a1e2e69cab7fff","h3_11":"8b1e2e69cab2fff"},"geometry":{"type":"Polygon","coordinates":[[[20.005588,50.012195],[20.00563,50.012157],[20.00569,50.012183],[20.00565,50.012223],[20.005588,50.012195]]]}},{"type":"Feature","id":"w719263046","properties":{"type":"garage","residential":false,"residents_est":0,"h3_10":"8a1e2e69cac7fff","h3_11":"8b1e2e69cac2fff"},"geometry":{"type":"Polygon","coordinates":[[[20.012814,50.011932],[20.012854,50.011924],[20.012881,50.011975],[20.012842,50.011983],[20.012814,50.011932]]]}},{"type":"Feature","id":"w719263047","properties":{"type":"garage","residential":false,"residents_est":0,"h3_10":"8a1e2e69cac7fff","h3_11":"8b1e2e69cac2fff"},"geometry":{"type":"Polygon","coordinates":[[[20.012711,50.011821],[20.012751,50.011812],[20.012777,50.011863],[20.012738,50.011872],[20.012711,50.011821]]]}},{"type":"Feature","id":"w755702320","properties":{"type":"apartments","levels":4.0,"address":"Telimeny 46","residential":true,"residents_est":17,"h3_10":"8a1e2e69cb67fff","h3_11":"8b1e2e69cb64fff"},"geometry":{"type":"Polygon","coordinates":[[[20.012,50.019099],[20.012053,50.018969],[20.012448,50.019037],[20.012394,50.019167],[20.012,50.019099]]]}},{"type":"Feature","id":"w770587576","properties":{"type":"service","address":"Jana Kurczaba 5","name":"Rozdzielnia 15kV \"RS Prokocim\"","residential":false,"residents_est":0,"h3_10":"8a1e2e69cb97fff","h3_11":"8b1e2e69cb90fff"},"geometry":{"type":"Polygon","coordinates":[[[20.003628,50.014297],[20.00411,50.014181],[20.004175,50.014293],[20.003694,50.014409],[20.003628,50.014297]]]}},{"type":"Feature","id":"w1125817141","properties":{"type":"garbage_shed","residential":false,"residents_est":0,"h3_10":"8a1e2e69cb97fff","h3_11":"8b1e2e69cb90fff"},"geometry":{"type":"Polygon","coordinates":[[[20.00421,50.014128],[20.004278,50.01411],[20.004307,50.014156],[20.004239,50.014174],[20.00421,50.014128]]]}},{"type":"Feature","id":"w1125819795","properties":{"type":"garbage_shed","residential":false,"residents_est":0,"h3_10":"8a1e2e69caf7fff","h3_11":"8b1e2e69caf0fff"},"geometry":{"type":"Polygon","coordinates":[[[20.011184,50.012706],[20.011267,50.012691],[20.011289,50.01274],[20.011206,50.012755],[20.011184,50.012706]]]}},{"type":"Feature","id":"w1127446874","properties":{"type":"yes","residential":false,"residents_est":0,"h3_10":"8a1e2e69ca5ffff","h3_11":"8b1e2e69ca5afff"},"geometry":{"type":"Polygon","coordinates":[[[20.015283,50.013317],[20.015286,50.013253],[20.01536,50.013254],[20.015356,50.013318],[20.015283,50.013317]]]}},{"type":"Feature","id":"w1127446880","properties":{"type":"garage","residential":false,"residents_est":0,"h3_10":"8a1e2e69ca5ffff","h3_11":"8b1e2e69ca5dfff"},"geometry":{"type":"Polygon","coordinates":[[[20.016128,50.01401],[20.016151,50.013948],[20.016202,50.013956],[20.016179,50.014018],[20.016128,50.01401]]]}},{"type":"Feature","id":"w1127446881","properties":{"type":"garages","residential":false,"residents_est":0,"h3_10":"8a1e2e69ca5ffff","h3_11":"8b1e2e69ca5dfff"},"geometry":{"type":"Polygon","coordinates":[[[20.01612,50.014355],[20.016138,50.01431],[20.016267,50.014331],[20.016245,50.014375],[20.01612,50.014355]]]}},{"type":"Feature","id":"w1127446882","properties":{"type":"garages","residential":false,"residents_est":0,"h3_10":"8a1e2e69ca4ffff","h3_11":"8b1e2e69ca4efff"},"geometry":{"type":"Polygon","coordinates":[[[20.016206,50.014474],[20.016239,50.014397],[20.016312,50.014409],[20.016279,50.014486],[20.016206,50.014474]]]}},{"type":"Feature","id":"w1127446883","properties":{"type":"garages","residential":false,"residents_est":0,"h3_10":"8a1e2e69ca47fff","h3_11":"8b1e2e69ca43fff"},"geometry":{"type":"Polygon","coordinates":[[[20.016002,50.014481],[20.01605,50.014371],[20.016118,50.014383],[20.01607,50.014493],[20.016002,50.014481]]]}},{"type":"Feature","id":"w1127446884","properties":{"type":"garages","residential":false,"residents_est":0,"h3_10":"8a1e2e69ca47fff","h3_11":"8b1e2e69ca43fff"},"geometry":{"type":"Polygon","coordinates":[[[20.01585,50.014434],[20.015905,50.014305],[20.015985,50.014319],[20.01593,50.014448],[20.01585,50.014434]]]}},{"type":"Feature","id":"w1127446885","properties":{"type":"garages","residential":false,"residents_est":0,"h3_10":"8a1e2e69ca5ffff","h3_11":"8b1e2e69ca5dfff"},"geometry":{"type":"Polygon","coordinates":[[[20.015621,50.014476],[20.01589,50.013861],[20.015966,50.013875],[20.015697,50.014489],[20.015621,50.014476]]]}},{"type":"Feature","id":"w1311864504","properties":{"type":"yes","residential":false,"residents_est":0,"h3_10":"8a1e2e69ca97fff","h3_11":"8b1e2e69ca91fff"},"geometry":{"type":"Polygon","coordinates":[[[20.007448,50.011688],[20.007493,50.011669],[20.007524,50.011699],[20.00748,50.011718],[20.007448,50.011688]]]}},{"type":"Feature","id":"w1311864515","properties":{"type":"yes","residential":false,"residents_est":0,"h3_10":"8a1e2e69ca87fff","h3_11":"8b1e2e69ca82fff"},"geometry":{"type":"Polygon","coordinates":[[[20.007503,50.012088],[20.007515,50.012042],[20.007576,50.012048],[20.007564,50.012094],[20.007503,50.012088]]]}},{"type":"Feature","id":"w1312646400","properties":{"type":"garbage_shed","residential":false,"residents_est":0,"h3_10":"8a1e2e69ca37fff","h3_11":"8b1e2e69ca36fff"},"geometry":{"type":"Polygon","coordinates":[[[20.007936,50.01539],[20.008002,50.015375],[20.008028,50.01542],[20.007962,50.015435],[20.007936,50.01539]]]}},{"type":"Feature","id":"w1317935554","properties":{"type":"roof","residential":false,"residents_est":0,"h3_10":"8a1e2e69ca8ffff","h3_11":"8b1e2e69ca8dfff"},"geometry":{"type":"Polygon","coordinates":[[[20.009875,50.012486],[20.009961,50.012473],[20.00998,50.012525],[20.009894,50.012538],[20.009875,50.012486]]]}},{"type":"Feature","id":"w1319081375","properties":{"type":"garbage_shed","residential":false,"residents_est":0,"h3_10":"8a1e2e69ca4ffff","h3_11":"8b1e2e69ca4afff"},"geometry":{"type":"Polygon","coordinates":[[[20.016541,50.014063],[20.016541,50.014028],[20.016601,50.014028],[20.0166,50.014063],[20.016541,50.014063]]]}},{"type":"Feature","id":"w1332610530","properties":{"type":"yes","residential":false,"residents_est":0,"h3_10":"8a1e2e69cb97fff","h3_11":"8b1e2e69cb95fff"},"geometry":{"type":"Polygon","coordinates":[[[20.00469,50.01452],[20.004768,50.014499],[20.004789,50.014533],[20.004782,50.014544],[20.004714,50.014561],[20.00469,50.01452]]]}},{"type":"Feature","id":"w1332610531","properties":{"type":"garage","levels":1.0,"residential":false,"residents_est":0,"h3_10":"8a1e2e69cb97fff","h3_11":"8b1e2e69cb95fff"},"geometry":{"type":"Polygon","coordinates":[[[20.004609,50.014539],[20.00469,50.01452],[20.004714,50.014561],[20.004632,50.01458],[20.004609,50.014539]]]}},{"type":"Feature","id":"w1332610532","properties":{"type":"garages","levels":1.0,"residential":false,"residents_est":0,"h3_10":"8a1e2e69cb97fff","h3_11":"8b1e2e69cb95fff"},"geometry":{"type":"Polygon","coordinates":[[[20.004235,50.014617],[20.004603,50.01453],[20.004632,50.01458],[20.004264,50.014667],[20.004235,50.014617]]]}},{"type":"Feature","id":"w1349970925","properties":{"type":"garage","residential":false,"residents_est":0,"h3_10":"8a1e2e69cadffff","h3_11":"8b1e2e69cadcfff"},"geometry":{"type":"Polygon","coordinates":[[[20.012751,50.011812],[20.01279,50.011803],[20.012817,50.011854],[20.012777,50.011863],[20.012751,50.011812]]]}},{"type":"Feature","id":"w1349970926","properties":{"type":"garage","residential":false,"residents_est":0,"h3_10":"8a1e2e69cac7fff","h3_11":"8b1e2e69cac2fff"},"geometry":{"type":"Polygon","coordinates":[[[20.01262,50.011857],[20.012688,50.011826],[20.012713,50.011848],[20.012644,50.011879],[20.01262,50.011857]]]}},{"type":"Feature","id":"w1349970927","properties":{"type":"garage","residential":false,"residents_est":0,"h3_10":"8a1e2e69cac7fff","h3_11":"8b1e2e69cac2fff"},"geometry":{"type":"Polygon","coordinates":[[[20.012644,50.011879],[20.012713,50.011848],[20.012737,50.01187],[20.012668,50.011901],[20.012644,50.011879]]]}},{"type":"Feature","id":"w1349970928","properties":{"type":"garage","residential":false,"residents_est":0,"h3_10":"8a1e2e69cac7fff","h3_11":"8b1e2e69cac2fff"},"geometry":{"type":"Polygon","coordinates":[[[20.012337,50.012039],[20.012416,50.012021],[20.01243,50.012047],[20.012351,50.012064],[20.012337,50.012039]]]}},{"type":"Feature","id":"w1349970929","properties":{"type":"garage","residential":false,"residents_est":0,"h3_10":"8a1e2e69cac7fff","h3_11":"8b1e2e69cac2fff"},"geometry":{"type":"Polygon","coordinates":[[[20.012351,50.012064],[20.01243,50.012047],[20.012444,50.012072],[20.012364,50.01209],[20.012351,50.012064]]]}},{"type":"Feature","id":"w1349970930","properties":{"type":"garage","residential":false,"residents_est":0,"h3_10":"8a1e2e69cac7fff","h3_11":"8b1e2e69cac2fff"},"geometry":{"type":"Polygon","coordinates":[[[20.012416,50.012021],[20.012456,50.012012],[20.012483,50.012063],[20.012444,50.012072],[20.012416,50.012021]]]}},{"type":"Feature","id":"w1349970931","properties":{"type":"garage","residential":false,"residents_est":0,"h3_10":"8a1e2e69cac7fff","h3_11":"8b1e2e69cac2fff"},"geometry":{"type":"Polygon","coordinates":[[[20.012456,50.012012],[20.012496,50.012003],[20.012523,50.012054],[20.012483,50.012063],[20.012456,50.012012]]]}},{"type":"Feature","id":"w1349970932","properties":{"type":"garage","residential":false,"residents_est":0,"h3_10":"8a1e2e69cac7fff","h3_11":"8b1e2e69cac2fff"},"geometry":{"type":"Polygon","coordinates":[[[20.012496,50.012003],[20.012536,50.011994],[20.012563,50.012045],[20.012523,50.012054],[20.012496,50.012003]]]}},{"type":"Feature","id":"w1349970933","properties":{"type":"garage","residential":false,"residents_est":0,"h3_10":"8a1e2e69cac7fff","h3_11":"8b1e2e69cac2fff"},"geometry":{"type":"Polygon","coordinates":[[[20.012536,50.011994],[20.012576,50.011986],[20.012603,50.012036],[20.012563,50.012045],[20.012536,50.011994]]]}},{"type":"Feature","id":"w1349970934","properties":{"type":"garage","residential":false,"residents_est":0,"h3_10":"8a1e2e69cac7fff","h3_11":"8b1e2e69cac2fff"},"geometry":{"type":"Polygon","coordinates":[[[20.012576,50.011986],[20.012615,50.011977],[20.012643,50.012028],[20.012603,50.012036],[20.012576,50.011986]]]}},{"type":"Feature","id":"w1349970935","properties":{"type":"garage","residential":false,"residents_est":0,"h3_10":"8a1e2e69cac7fff","h3_11":"8b1e2e69cac2fff"},"geometry":{"type":"Polygon","coordinates":[[[20.012615,50.011977],[20.012655,50.011968],[20.012682,50.012019],[20.012643,50.012028],[20.012615,50.011977]]]}},{"type":"Feature","id":"w1349970936","properties":{"type":"garage","residential":false,"residents_est":0,"h3_10":"8a1e2e69cac7fff","h3_11":"8b1e2e69cac2fff"},"geometry":{"type":"Polygon","coordinates":[[[20.012655,50.011968],[20.012695,50.011959],[20.012722,50.01201],[20.012682,50.012019],[20.012655,50.011968]]]}},{"type":"Feature","id":"w1349970937","properties":{"type":"garage","residential":false,"residents_est":0,"h3_10":"8a1e2e69cac7fff","h3_11":"8b1e2e69cac2fff"},"geometry":{"type":"Polygon","coordinates":[[[20.012695,50.011959],[20.012735,50.01195],[20.012762,50.012001],[20.012722,50.01201],[20.012695,50.011959]]]}},{"type":"Feature","id":"w1349970938","properties":{"type":"garage","residential":false,"residents_est":0,"h3_10":"8a1e2e69cac7fff","h3_11":"8b1e2e69cac2fff"},"geometry":{"type":"Polygon","coordinates":[[[20.012735,50.01195],[20.012774,50.011941],[20.012802,50.011992],[20.012762,50.012001],[20.012735,50.01195]]]}},{"type":"Feature","id":"w1349970939","properties":{"type":"garage","residential":false,"residents_est":0,"h3_10":"8a1e2e69cac7fff","h3_11":"8b1e2e69cac2fff"},"geometry":{"type":"Polygon","coordinates":[[[20.012774,50.011941],[20.012814,50.011932],[20.012842,50.011983],[20.012802,50.011992],[20.012774,50.011941]]]}},{"type":"Feature","id":"w1349975023","properties":{"type":"garage","residential":false,"residents_est":0,"h3_10":"8a1e2e69cab7fff","h3_11":"8b1e2e69cab5fff"},"geometry":{"type":"Polygon","coordinates":[[[20.006314,50.013018],[20.006388,50.01299],[20.00643,50.012991],[20.006425,50.013044],[20.006383,50.013043],[20.006314,50.013018]]]}},{"type":"Feature","id":"w1349975024","properties":{"type":"garage","residential":false,"residents_est":0,"h3_10":"8a1e2e69cab7fff","h3_11":"8b1e2e69cab5fff"},"geometry":{"type":"Polygon","coordinates":[[[20.006425,50.013044],[20.00643,50.012991],[20.006472,50.012993],[20.006467,50.013046],[20.006425,50.013044]]]}},{"type":"Feature","id":"w1349975025","properties":{"type":"garage","residential":false,"residents_est":0,"h3_10":"8a1e2e69cab7fff","h3_11":"8b1e2e69cab5fff"},"geometry":{"type":"Polygon","coordinates":[[[20.006467,50.013046],[20.006472,50.012993],[20.006513,50.012994],[20.006509,50.013048],[20.006467,50.013046]]]}},{"type":"Feature","id":"w1349975026","properties":{"type":"garage","residential":false,"residents_est":0,"h3_10":"8a1e2e69cab7fff","h3_11":"8b1e2e69cab5fff"},"geometry":{"type":"Polygon","coordinates":[[[20.006509,50.013048],[20.006513,50.012994],[20.006555,50.012996],[20.00655,50.013049],[20.006509,50.013048]]]}},{"type":"Feature","id":"w1349975027","properties":{"type":"yes","residential":false,"residents_est":0,"h3_10":"8a1e2e69caa7fff","h3_11":"8b1e2e69caa6fff"},"geometry":{"type":"Polygon","coordinates":[[[20.006957,50.013314],[20.007038,50.013297],[20.007055,50.013329],[20.006974,50.013347],[20.006957,50.013314]]]}},{"type":"Feature","id":"w1349975030","properties":{"type":"garage","residential":false,"residents_est":0,"h3_10":"8a1e2e69caaffff","h3_11":"8b1e2e69caaefff"},"geometry":{"type":"Polygon","coordinates":[[[20.0083,50.013132],[20.008339,50.013122],[20.008369,50.013173],[20.00833,50.013182],[20.0083,50.013132]]]}},{"type":"Feature","id":"w1349975031","properties":{"type":"garage","residential":false,"residents_est":0,"h3_10":"8a1e2e69caaffff","h3_11":"8b1e2e69caaefff"},"geometry":{"type":"Polygon","coordinates":[[[20.008261,50.013141],[20.0083,50.013132],[20.00833,50.013182],[20.008291,50.013192],[20.008261,50.013141]]]}},{"type":"Feature","id":"w1349975032","properties":{"type":"garage","residential":false,"residents_est":0,"h3_10":"8a1e2e69caa7fff","h3_11":"8b1e2e69caa3fff"},"geometry":{"type":"Polygon","coordinates":[[[20.008222,50.013151],[20.008261,50.013141],[20.008291,50.013192],[20.008252,50.013202],[20.008222,50.013151]]]}},{"type":"Feature","id":"w1349975033","properties":{"type":"garage","residential":false,"residents_est":0,"h3_10":"8a1e2e69caa7fff","h3_11":"8b1e2e69caa3fff"},"geometry":{"type":"Polygon","coordinates":[[[20.008183,50.01316],[20.008222,50.013151],[20.008252,50.013202],[20.008212,50.013211],[20.008183,50.01316]]]}},{"type":"Feature","id":"w1349975034","properties":{"type":"garage","residential":false,"residents_est":0,"h3_10":"8a1e2e69caa7fff","h3_11":"8b1e2e69caa3fff"},"geometry":{"type":"Polygon","coordinates":[[[20.008143,50.01317],[20.008182,50.01316],[20.008212,50.013211],[20.008173,50.013221],[20.008143,50.01317]]]}},{"type":"Feature","id":"w1349975035","properties":{"type":"garage","residential":false,"residents_est":0,"h3_10":"8a1e2e69caa7fff","h3_11":"8b1e2e69caa3fff"},"geometry":{"type":"Polygon","coordinates":[[[20.008104,50.01318],[20.008143,50.01317],[20.008173,50.013221],[20.008134,50.01323],[20.008104,50.01318]]]}},{"type":"Feature","id":"w1349975036","properties":{"type":"garage","residential":false,"residents_est":0,"h3_10":"8a1e2e69caa7fff","h3_11":"8b1e2e69caa3fff"},"geometry":{"type":"Polygon","coordinates":[[[20.008064,50.01319],[20.008104,50.01318],[20.008134,50.01323],[20.008094,50.01324],[20.008064,50.01319]]]}},{"type":"Feature","id":"w1349975037","properties":{"type":"garage","residential":false,"residents_est":0,"h3_10":"8a1e2e69caa7fff","h3_11":"8b1e2e69caa3fff"},"geometry":{"type":"Polygon","coordinates":[[[20.008025,50.013199],[20.008064,50.01319],[20.008094,50.01324],[20.008055,50.01325],[20.008025,50.013199]]]}},{"type":"Feature","id":"w1349975038","properties":{"type":"garage","residential":false,"residents_est":0,"h3_10":"8a1e2e69caa7fff","h3_11":"8b1e2e69caa3fff"},"geometry":{"type":"Polygon","coordinates":[[[20.007986,50.013209],[20.008025,50.013199],[20.008055,50.01325],[20.008016,50.013259],[20.007986,50.013209]]]}},{"type":"Feature","id":"w1349975039","properties":{"type":"garage","residential":false,"residents_est":0,"h3_10":"8a1e2e69caa7fff","h3_11":"8b1e2e69caa3fff"},"geometry":{"type":"Polygon","coordinates":[[[20.007917,50.013168],[20.007956,50.013158],[20.007986,50.013208],[20.007947,50.013218],[20.007917,50.013168]]]}},{"type":"Feature","id":"w1349975040","properties":{"type":"garage","residential":false,"residents_est":0,"h3_10":"8a1e2e69caa7fff","h3_11":"8b1e2e69caa3fff"},"geometry":{"type":"Polygon","coordinates":[[[20.007956,50.013158],[20.007995,50.013148],[20.008025,50.013198],[20.007986,50.013208],[20.007956,50.013158]]]}},{"type":"Feature","id":"w1349975041","properties":{"type":"garage","residential":false,"residents_est":0,"h3_10":"8a1e2e69caa7fff","h3_11":"8b1e2e69caa3fff"},"geometry":{"type":"Polygon","coordinates":[[[20.007996,50.013149],[20.008035,50.013139],[20.008065,50.013189],[20.008025,50.013198],[20.007996,50.013149]]]}},{"type":"Feature","id":"w1349975042","properties":{"type":"garage","residential":false,"residents_est":0,"h3_10":"8a1e2e69caa7fff","h3_11":"8b1e2e69caa3fff"},"geometry":{"type":"Polygon","coordinates":[[[20.008035,50.013139],[20.008074,50.013129],[20.008104,50.013179],[20.008065,50.013189],[20.008035,50.013139]]]}},{"type":"Feature","id":"w1349975043","properties":{"type":"garage","residential":false,"residents_est":0,"h3_10":"8a1e2e69caa7fff","h3_11":"8b1e2e69caa3fff"},"geometry":{"type":"Polygon","coordinates":[[[20.008074,50.013129],[20.008113,50.01312],[20.008143,50.013169],[20.008104,50.013179],[20.008074,50.013129]]]}},{"type":"Feature","id":"w1349975044","properties":{"type":"yes","residential":false,"residents_est":0,"h3_10":"8a1e2e69ca1ffff","h3_11":"8b1e2e69ca1efff"},"geometry":{"type":"Polygon","coordinates":[[[20.010057,50.013676],[20.010098,50.013667],[20.010124,50.013713],[20.010083,50.013722],[20.010057,50.013676]]]}},{"type":"Feature","id":"w1349976352","properties":{"type":"retail","residential":false,"residents_est":0,"h3_10":"8a1e2e69ca07fff","h3_11":"8b1e2e69ca04fff"},"geometry":{"type":"Polygon","coordinates":[[[20.009758,50.015333],[20.009765,50.015326],[20.009802,50.015318],[20.009826,50.015361],[20.009778,50.015372],[20.009758,50.015333]]]}},{"type":"Feature","id":"w1349979657","properties":{"type":"garage","residential":false,"residents_est":0,"h3_10":"8a1e2e69cb0ffff","h3_11":"8b1e2e69cb09fff"},"geometry":{"type":"Polygon","coordinates":[[[20.01011,50.017228],[20.010195,50.017206],[20.010214,50.017237],[20.010129,50.017261],[20.01011,50.017228]]]}},{"type":"Feature","id":"w1349979658","properties":{"type":"garage","residential":false,"residents_est":0,"h3_10":"8a1e2e69cb0ffff","h3_11":"8b1e2e69cb0dfff"},"geometry":{"type":"Polygon","coordinates":[[[20.010129,50.017261],[20.010214,50.017237],[20.010229,50.017262],[20.010144,50.017284],[20.010129,50.017261]]]}},{"type":"Feature","id":"w1349979659","properties":{"type":"garage","residential":false,"residents_est":0,"h3_10":"8a1e2e69cb0ffff","h3_11":"8b1e2e69cb0dfff"},"geometry":{"type":"Polygon","coordinates":[[[20.010144,50.017284],[20.010229,50.017262],[20.010245,50.017288],[20.010161,50.01731],[20.010144,50.017284]]]}},{"type":"Feature","id":"w1349979660","properties":{"type":"garage","residential":false,"residents_est":0,"h3_10":"8a1e2e69cb0ffff","h3_11":"8b1e2e69cb0dfff"},"geometry":{"type":"Polygon","coordinates":[[[20.010161,50.01731],[20.010245,50.017288],[20.010261,50.017312],[20.010176,50.017335],[20.010161,50.01731]]]}},{"type":"Feature","id":"w1349979661","properties":{"type":"garage","residential":false,"residents_est":0,"h3_10":"8a1e2e69cb0ffff","h3_11":"8b1e2e69cb0dfff"},"geometry":{"type":"Polygon","coordinates":[[[20.010176,50.017335],[20.010261,50.017312],[20.010276,50.017337],[20.010191,50.01736],[20.010176,50.017335]]]}},{"type":"Feature","id":"w1349979662","properties":{"type":"garage","residential":false,"residents_est":0,"h3_10":"8a1e2e69cb0ffff","h3_11":"8b1e2e69cb0dfff"},"geometry":{"type":"Polygon","coordinates":[[[20.010191,50.01736],[20.010276,50.017337],[20.010293,50.017363],[20.010208,50.017386],[20.010191,50.01736]]]}},{"type":"Feature","id":"w1349979663","properties":{"type":"garage","residential":false,"residents_est":0,"h3_10":"8a1e2e69cb0ffff","h3_11":"8b1e2e69cb0dfff"},"geometry":{"type":"Polygon","coordinates":[[[20.010208,50.017386],[20.010293,50.017363],[20.010308,50.017389],[20.010223,50.017411],[20.010208,50.017386]]]}},{"type":"Feature","id":"w1349979664","properties":{"type":"garage","residential":false,"residents_est":0,"h3_10":"8a1e2e69cb0ffff","h3_11":"8b1e2e69cb0dfff"},"geometry":{"type":"Polygon","coordinates":[[[20.010223,50.017411],[20.010308,50.017389],[20.010324,50.017414],[20.010239,50.017436],[20.010223,50.017411]]]}},{"type":"Feature","id":"w1349979665","properties":{"type":"garage","residential":false,"residents_est":0,"h3_10":"8a1e2e69cb0ffff","h3_11":"8b1e2e69cb0dfff"},"geometry":{"type":"Polygon","coordinates":[[[20.010239,50.017436],[20.010324,50.017414],[20.010339,50.017439],[20.010254,50.017461],[20.010239,50.017436]]]}},{"type":"Feature","id":"w1349979666","properties":{"type":"garage","residential":false,"residents_est":0,"h3_10":"8a1e2e69cb0ffff","h3_11":"8b1e2e69cb0dfff"},"geometry":{"type":"Polygon","coordinates":[[[20.010254,50.017461],[20.010339,50.017439],[20.010355,50.017465],[20.01027,50.017487],[20.010254,50.017461]]]}},{"type":"Feature","id":"w1349979667","properties":{"type":"garage","residential":false,"residents_est":0,"h3_10":"8a1e2e69cb0ffff","h3_11":"8b1e2e69cb0dfff"},"geometry":{"type":"Polygon","coordinates":[[[20.01027,50.017487],[20.010355,50.017465],[20.010371,50.01749],[20.010286,50.017512],[20.01027,50.017487]]]}},{"type":"Feature","id":"w1349979668","properties":{"type":"garage","residential":false,"residents_est":0,"h3_10":"8a1e2e69cb0ffff","h3_11":"8b1e2e69cb0dfff"},"geometry":{"type":"Polygon","coordinates":[[[20.010286,50.017512],[20.010371,50.01749],[20.010386,50.017515],[20.010301,50.017537],[20.010286,50.017512]]]}},{"type":"Feature","id":"w1356794211","properties":{"type":"garage","residential":false,"residents_est":0,"h3_10":"8a1e2e69cb57fff","h3_11":"8b1e2e69cb54fff"},"geometry":{"type":"Polygon","coordinates":[[[20.011097,50.01721],[20.011147,50.017197],[20.011182,50.017251],[20.011132,50.017264],[20.011097,50.01721]]]}},{"type":"Feature","id":"w1359423158","properties":{"type":"garbage_shed","residential":false,"residents_est":0,"h3_10":"8a1e2e69ca4ffff","h3_11":"8b1e2e69ca4efff"},"geometry":{"type":"Polygon","coordinates":[[[20.016668,50.014486],[20.016668,50.014448],[20.01673,50.014449],[20.016729,50.014486],[20.016668,50.014486]]]}},{"type":"Feature","id":"w1367181510","properties":{"type":"retail","levels":1.0,"address":"Erazma Jerzmanowskiego 44D","name":"Kebab King Bar","residential":false,"residents_est":0,"h3_10":"8a1e2e69ca9ffff","h3_11":"8b1e2e69ca9bfff"},"geometry":{"type":"Polygon","coordinates":[[[20.008657,50.010746],[20.008745,50.010706],[20.008781,50.010739],[20.008693,50.010779],[20.008657,50.010746]]]}},{"type":"Feature","id":"w1418541005","properties":{"type":"kiosk","name":"Zielony Punkt","residential":false,"residents_est":0,"h3_10":"8a1e2e69ca2ffff","h3_11":"8b1e2e69ca2dfff"},"geometry":{"type":"Polygon","coordinates":[[[20.012389,50.015876],[20.012423,50.015845],[20.012479,50.015849],[20.012471,50.015883],[20.012389,50.015876]]]}},{"type":"Feature","id":"w1419037699","properties":{"type":"yes","residential":true,"residents_est":1,"h3_10":"8a1e2e69cad7fff","h3_11":"8b1e2e69cad3fff"},"geometry":{"type":"Polygon","coordinates":[[[20.011729,50.01107],[20.011808,50.011035],[20.011884,50.011105],[20.011805,50.01114],[20.011729,50.01107]]]}},{"type":"Feature","id":"w1419037716","properties":{"type":"garages","levels":2.0,"residential":false,"residents_est":0,"h3_10":"8a1e2e69cadffff","h3_11":"8b1e2e69cadafff"},"geometry":{"type":"Polygon","coordinates":[[[20.012436,50.010964],[20.012507,50.010932],[20.012745,50.011142],[20.012673,50.011175],[20.012436,50.010964]]]}},{"type":"Feature","id":"w1420278124","properties":{"type":"garbage_shed","residential":false,"residents_est":0,"h3_10":"8a1e2e69cbaffff","h3_11":"8b1e2e69cbaafff"},"geometry":{"type":"Polygon","coordinates":[[[20.006412,50.015238],[20.006523,50.015215],[20.006542,50.015252],[20.006431,50.015275],[20.006412,50.015238]]]}},{"type":"Feature","id":"w1420278132","properties":{"type":"garbage_shed","residential":false,"residents_est":0,"h3_10":"8a1e2e69cbaffff","h3_11":"8b1e2e69cbabfff"},"geometry":{"type":"Polygon","coordinates":[[[20.007412,50.015127],[20.007505,50.015105],[20.007526,50.015143],[20.007433,50.015164],[20.007412,50.015127]]]}},{"type":"Feature","id":"w1420289481","properties":{"type":"garbage_shed","residential":false,"residents_est":0,"h3_10":"8a1e2e69cbaffff","h3_11":"8b1e2e69cbadfff"},"geometry":{"type":"Polygon","coordinates":[[[20.007484,50.015853],[20.007552,50.015839],[20.007572,50.015881],[20.007503,50.015895],[20.007484,50.015853]]]}},{"type":"Feature","id":"w1420289491","properties":{"type":"garbage_shed","residential":false,"residents_est":0,"h3_10":"8a1e2e69cbaffff","h3_11":"8b1e2e69cbacfff"},"geometry":{"type":"Polygon","coordinates":[[[20.00672,50.016001],[20.006765,50.015988],[20.006797,50.016033],[20.006752,50.016046],[20.00672,50.016001]]]}},{"type":"Feature","id":"w1420289502","properties":{"type":"garbage_shed","residential":false,"residents_est":0,"h3_10":"8a1e2e69cb87fff","h3_11":"8b1e2e69cb85fff"},"geometry":{"type":"Polygon","coordinates":[[[20.005898,50.015452],[20.005945,50.015442],[20.005964,50.015481],[20.005916,50.01549],[20.005898,50.015452]]]}},{"type":"Feature","id":"w1420289503","properties":{"type":"garbage_shed","residential":false,"residents_est":0,"h3_10":"8a1e2e69cba7fff","h3_11":"8b1e2e69cba2fff"},"geometry":{"type":"Polygon","coordinates":[[[20.004833,50.015751],[20.004897,50.015738],[20.004911,50.01577],[20.004848,50.015782],[20.004833,50.015751]]]}},{"type":"Feature","id":"w1420289510","properties":{"type":"garbage_shed","residential":false,"residents_est":0,"h3_10":"8a1e2e69cbaffff","h3_11":"8b1e2e69cba8fff"},"geometry":{"type":"Polygon","coordinates":[[[20.006542,50.015625],[20.006626,50.015607],[20.006651,50.015657],[20.006568,50.015675],[20.006542,50.015625]]]}}]}