{"type":"FeatureCollection","features":[{"type":"Feature","id":"w25070800","properties":{"type":"roof","address":"Rynek Kleparski 20","name":"Stary Kleparz","residential":false,"residents_est":0,"h3_10":"8a1e2e6b1c67fff","h3_11":"8b1e2e6b1c66fff"},"geometry":{"type":"Polygon","coordinates":[[[19.940396,50.06696],[19.94051,50.066911],[19.940983,50.066794],[19.941658,50.067809],[19.941307,50.067924],[19.940396,50.06696]]]}},{"type":"Feature","id":"w25247417","properties":{"type":"yes","residential":true,"residents_est":1,"h3_10":"8a1e2e6b1c5ffff","h3_11":"8b1e2e6b1c5efff"},"geometry":{"type":"Polygon","coordinates":[[[19.941408,50.064828],[19.941456,50.064821],[19.941454,50.064815],[19.941462,50.064814],[19.941471,50.064821],[19.941504,50.064816],[19.941515,50.064806],[19.941527,50.064818],[19.941521,50.064819],[19.941524,50.064827],[19.942171,50.064722],[19.94218,50.064742],[19.941422,50.064864],[19.941408,50.064828]]]}},{"type":"Feature","id":"w29327226","properties":{"type":"yes","levels":3.0,"address":"Rajska 1","name":"Wojewódzka Biblioteka Publiczna w Krakowie","residential":false,"residents_est":0,"h3_10":"8a1e2e6b1d97fff","h3_11":"8b1e2e6b1d96fff"},"geometry":{"type":"Polygon","coordinates":[[[19.928188,50.064859],[19.92825,50.064681],[19.92847,50.064712],[19.928466,50.064724],[19.929424,50.064858],[19.929429,50.064845],[19.929545,50.064862],[19.929544,50.064867],[19.929836,50.064903],[19.929833,50.064916],[19.930788,50.065051],[19.930791,50.06504],[19.931014,50.065072],[19.930954,50.06525],[19.930358,50.065162],[19.930329,50.065246],[19.93012,50.065215],[19.930149,50.065131],[19.929652,50.065064],[19.929636,50.065115],[19.929605,50.065136],[19.929561,50.065145],[19.929519,50.065138],[19.929485,50.065119],[19.929472,50.065092],[19.929489,50.06504],[19.928997,50.064969],[19.928969,50.065053],[19.928757,50.065022],[19.928788,50.064939],[19.928188,50.064859]]]}},{"type":"Feature","id":"w39357526","properties":{"type":"yes","levels":3.0,"address":"Plac Szczepański 4","name":"Pałac Sztuki","residential":true,"residents_est":9,"h3_10":"8a1e2e6b1caffff","h3_11":"8b1e2e6b1caefff"},"geometry":{"type":"Polygon","coordinates":[[[19.934653,50.063909],[19.934895,50.063811],[19.934979,50.063897],[19.934984,50.063895],[19.935157,50.064081],[19.934916,50.064179],[19.934731,50.063997],[19.934736,50.063995],[19.934653,50.063909]]]}},{"type":"Feature","id":"w39357527","properties":{"type":"yes","levels":3.0,"address":"Plac Szczepański 3a","residential":true,"residents_est":11,"h3_10":"8a1e2e6b1c87fff","h3_11":"8b1e2e6b1c80fff"},"geometry":{"type":"Polygon","coordinates":[[[19.934056,50.063319],[19.934183,50.063264],[19.934193,50.063269],[19.934337,50.063212],[19.934494,50.063374],[19.934411,50.063407],[19.934467,50.06347],[19.934444,50.06348],[19.934621,50.063651],[19.934461,50.063715],[19.934171,50.063437],[19.934153,50.063426],[19.934161,50.063423],[19.934056,50.063319]]]}},{"type":"Feature","id":"w39357528","properties":{"type":"church","address":"Świętego Marka 10","name":"Kościół pw. Świętego Marka","residential":false,"residents_est":0,"h3_10":"8a1e2e6b1c1ffff","h3_11":"8b1e2e6b1c1bfff"},"geometry":{"type":"Polygon","coordinates":[[[19.937441,50.064525],[19.937443,50.064521],[19.937471,50.064525],[19.937546,50.064501],[19.937536,50.064488],[19.937549,50.064484],[19.93756,50.064495],[19.937622,50.064475],[19.937614,50.064463],[19.937628,50.064459],[19.937635,50.06447],[19.937698,50.06445],[19.937705,50.064434],[19.937929,50.06439],[19.938,50.064408],[19.938009,50.064434],[19.937996,50.06444],[19.938024,50.064478],[19.93803,50.064498],[19.937984,50.064537],[19.937796,50.064597],[19.937803,50.064606],[19.937574,50.064679],[19.937565,50.064691],[19.937556,50.064688],[19.937568,50.064672],[19.937537,50.064637],[19.937517,50.064642],[19.937512,50.064634],[19.937532,50.064629],[19.937504,50.064588],[19.937481,50.064593],[19.937475,50.064587],[19.937499,50.064581],[19.937461,50.064528],[19.937441,50.064525]]]}},{"type":"Feature","id":"w39357529","properties":{"type":"monastery","levels":3.0,"name":"Klasztor Reformatów","residential":false,"residents_est":0,"h3_10":"8a1e2e6b1c17fff","h3_11":"8b1e2e6b1c13fff"},"geometry":{"type":"Polygon","coordinates":[[[19.935599,50.064865],[19.935795,50.064614],[19.935775,50.064608],[19.935797,50.064582],[19.935805,50.064585],[19.935854,50.064519],[19.93596,50.064553],[19.935952,50.064564],[19.936279,50.064676],[19.936249,50.064714],[19.936197,50.064697],[19.936164,50.064739],[19.935958,50.06467],[19.935833,50.064826],[19.935978,50.064875],[19.935987,50.064852],[19.936003,50.064843],[19.936032,50.064848],[19.936039,50.064866],[19.936046,50.064868],[19.936072,50.064836],[19.93611,50.064849],[19.936081,50.064885],[19.936107,50.064894],[19.936023,50.065001],[19.935599,50.064865]]]}},{"type":"Feature","id":"w39357530","properties":{"type":"church","address":"Reformacka 4","name":"Kościół pw. Świętego Kazimierza Królewicza","residential":false,"residents_est":0,"h3_10":"8a1e2e6b1c1ffff","h3_11":"8b1e2e6b1c1efff"},"geometry":{"type":"Polygon","coordinates":[[[19.936023,50.065001],[19.936107,50.064894],[19.936081,50.064885],[19.936223,50.064705],[19.936249,50.064714],[19.936279,50.064676],[19.936405,50.06472],[19.936375,50.064758],[19.9364,50.064766],[19.93633,50.064857],[19.936448,50.064893],[19.936442,50.064902],[19.936462,50.064913],[19.93647,50.064926],[19.93647,50.06494],[19.936461,50.064953],[19.936426,50.064966],[19.936395,50.064963],[19.936389,50.064972],[19.936285,50.064941],[19.936197,50.065056],[19.936023,50.065001]]]}},{"type":"Feature","id":"w39357531","properties":{"type":"yes","levels":2.5,"residential":true,"residents_est":2,"h3_10":"8a1e2e6b1c17fff","h3_11":"8b1e2e6b1c11fff"},"geometry":{"type":"Polygon","coordinates":[[[19.936115,50.065164],[19.936208,50.065051],[19.936373,50.065107],[19.936282,50.06522],[19.936115,50.065164]]]}},{"type":"Feature","id":"w39357533","properties":{"type":"yes","levels":6.0,"residential":true,"residents_est":6,"h3_10":"8a1e2e6b1ce7fff","h3_11":"8b1e2e6b1ce0fff"},"geometry":{"type":"Polygon","coordinates":[[[19.938643,50.064604],[19.938776,50.064567],[19.938726,50.064495],[19.938704,50.06448],[19.9387,50.064456],[19.938709,50.064454],[19.938715,50.064463],[19.938807,50.064437],[19.938832,50.064482],[19.938843,50.064484],[19.938866,50.064529],[19.938929,50.064621],[19.938817,50.06464],[19.938674,50.064655],[19.938643,50.064604]]]}},{"type":"Feature","id":"w39357536","properties":{"type":"university","levels":4.0,"address":"Plac Jana Matejki 13","name":"Akademia Sztuk Pięknych imienia Jana Matejki","residential":false,"residents_est":0,"h3_10":"8a1e2e6b1c47fff","h3_11":"8b1e2e6b1c44fff"},"geometry":{"type":"Polygon","coordinates":[[[19.940925,50.066265],[19.94098,50.066247],[19.941012,50.066252],[19.941025,50.066233],[19.941118,50.0662],[19.941144,50.06621],[19.94117,50.066202],[19.94117,50.066182],[19.941194,50.066174],[19.941222,50.06618],[19.941227,50.066167],[19.941268,50.066154],[19.941273,50.066161],[19.941309,50.06615],[19.941293,50.066128],[19.941266,50.066138],[19.941182,50.066032],[19.941245,50.066011],[19.94125,50.066017],[19.941382,50.065973],[19.941378,50.065967],[19.941508,50.065923],[19.941522,50.065946],[19.941516,50.065947],[19.941561,50.06601],[19.941551,50.066013],[19.941633,50.066148],[19.941643,50.066148],[19.941668,50.066188],[19.941661,50.066193],[19.941744,50.066327],[19.941755,50.066324],[19.941769,50.066347],[19.941763,50.066349],[19.941788,50.06639],[19.941795,50.066389],[19.941809,50.066412],[19.941705,50.066433],[19.941707,50.066437],[19.941138,50.066582],[19.941055,50.066458],[19.941059,50.066457],[19.940959,50.066291],[19.940949,50.066294],[19.940925,50.066265]]]}},{"type":"Feature","id":"w39357538","properties":{"type":"yes","name":"Brama Floriańska","residential":true,"residents_est":1,"h3_10":"8a1e2e6b1c5ffff","h3_11":"8b1e2e6b1c5efff"},"geometry":{"type":"Polygon","coordinates":[[[19.941274,50.064823],[19.941399,50.064803],[19.941432,50.06489],[19.941307,50.06491],[19.941274,50.064823]]]}},{"type":"Feature","id":"w39357539","properties":{"type":"yes","levels":4.0,"address":"Floriańska 45","name":"Kamienica Bełzińska","residential":true,"residents_est":4,"h3_10":"8a1e2e6b1ceffff","h3_11":"8b1e2e6b1ce8fff"},"geometry":{"type":"Polygon","coordinates":[[[19.940848,50.064044],[19.941108,50.063963],[19.94118,50.064055],[19.940922,50.064143],[19.940848,50.064044]]]}},{"type":"Feature","id":"w39357540","properties":{"type":"museum","levels":3.0,"residential":false,"residents_est":0,"h3_10":"8a1e2e6b1cc7fff","h3_11":"8b1e2e6b1cc1fff"},"geometry":{"type":"Polygon","coordinates":[[[19.940292,50.063328],[19.940578,50.063243],[19.940621,50.0633],[19.940345,50.063393],[19.940347,50.063388],[19.940292,50.063328]]]}},{"type":"Feature","id":"w39357541","properties":{"type":"church","address":"Świętej Anny 13","name":"Kościół pw. Świętej Anny","residential":false,"residents_est":0,"h3_10":"8a1e2e6b1c97fff","h3_11":"8b1e2e6b1c93fff"},"geometry":{"type":"Polygon","coordinates":[[[19.933178,50.062292],[19.933243,50.062266],[19.933256,50.062273],[19.933277,50.062264],[19.933276,50.062257],[19.933306,50.062249],[19.933298,50.062241],[19.93333,50.062229],[19.933343,50.062238],[19.933396,50.062217],[19.933388,50.062206],[19.93342,50.062193],[19.933428,50.062201],[19.933452,50.062187],[19.933462,50.062191],[19.933482,50.062183],[19.933479,50.062172],[19.933544,50.062145],[19.933588,50.062192],[19.933547,50.062209],[19.933692,50.062358],[19.933734,50.062341],[19.933823,50.062433],[19.933812,50.062437],[19.933825,50.062451],[19.933793,50.062463],[19.933864,50.062534],[19.933801,50.062559],[19.93383,50.062589],[19.933674,50.062652],[19.933646,50.062622],[19.933584,50.062646],[19.933501,50.062561],[19.93346,50.062579],[19.933369,50.062487],[19.933411,50.06247],[19.933265,50.062321],[19.933223,50.062338],[19.933178,50.062292]]]}},{"type":"Feature","id":"w39357570","properties":{"type":"yes","levels":4.0,"residential":true,"residents_est":3,"h3_10":"8a1e2e6b1ccffff","h3_11":"8b1e2e6b1cc8fff"},"geometry":{"type":"Polygon","coordinates":[[[19.941045,50.063147],[19.941326,50.06305],[19.941383,50.063128],[19.941108,50.063218],[19.941045,50.063147]]]}},{"type":"Feature","id":"w39357571","properties":{"type":"yes","levels":4.0,"address":"Plac Szczepański 1","name":"Narodowy Stary Teatr imienia Heleny Modrzejewskiej","residential":false,"residents_est":0,"h3_10":"8a1e2e6b1c8ffff","h3_11":"8b1e2e6b1c8efff"},"geometry":{"type":"Polygon","coordinates":[[[19.934927,50.063134],[19.934935,50.063131],[19.93504,50.06323],[19.935078,50.063214],[19.935072,50.063201],[19.935081,50.063198],[19.935088,50.063204],[19.935199,50.063159],[19.9351,50.063061],[19.935093,50.063064],[19.935056,50.063027],[19.935033,50.063037],[19.935038,50.063042],[19.935033,50.063043],[19.935009,50.063019],[19.935294,50.062904],[19.935439,50.063054],[19.935427,50.063062],[19.935445,50.06308],[19.935453,50.063077],[19.935463,50.063086],[19.935454,50.06309],[19.935472,50.063108],[19.935488,50.063104],[19.935494,50.06312],[19.935501,50.063119],[19.935514,50.063132],[19.935507,50.063135],[19.93552,50.063147],[19.935526,50.063145],[19.935545,50.063165],[19.935542,50.06317],[19.93562,50.063246],[19.935215,50.063406],[19.934927,50.063134]]]}},{"type":"Feature","id":"w39357572","properties":{"type":"palace","levels":4.0,"address":"Rynek Główny 35","name":"Pałac Pod Krzysztofory","residential":false,"residents_est":0,"h3_10":"8a1e2e6b1c8ffff","h3_11":"8b1e2e6b1c88fff"},"geometry":{"type":"Polygon","coordinates":[[[19.935688,50.062943],[19.935769,50.062909],[19.935805,50.062941],[19.935862,50.062916],[19.935915,50.062975],[19.935979,50.062948],[19.93602,50.062984],[19.936304,50.062869],[19.936207,50.062782],[19.936589,50.062613],[19.936651,50.06268],[19.936657,50.062677],[19.936661,50.062682],[19.936656,50.062685],[19.936677,50.062706],[19.936683,50.062704],[19.936686,50.062708],[19.936681,50.06271],[19.936751,50.062785],[19.936726,50.062796],[19.936718,50.062788],[19.93657,50.062853],[19.936575,50.062859],[19.936552,50.062869],[19.936543,50.062862],[19.936429,50.062914],[19.936437,50.062922],[19.936412,50.062932],[19.936404,50.062925],[19.936259,50.062979],[19.936266,50.062988],[19.936241,50.062998],[19.936235,50.062993],[19.936151,50.063026],[19.936156,50.063031],[19.936137,50.063039],[19.93613,50.063032],[19.936108,50.063041],[19.935903,50.063128],[19.935909,50.063135],[19.935886,50.063145],[19.935688,50.062943]]]}},{"type":"Feature","id":"w39357573","properties":{"type":"church","address":"Świętego Jana 7","name":"Kościół pw. Świętego Jana Chrzciciela i Świętego Jana Ewangelisty","residential":false,"residents_est":0,"h3_10":"8a1e2e6b1cc7fff","h3_11":"8b1e2e6b1cc2fff"},"geometry":{"type":"Polygon","coordinates":[[[19.938779,50.063102],[19.938868,50.063098],[19.938866,50.063086],[19.938885,50.063084],[19.938887,50.063096],[19.938951,50.063097],[19.938952,50.063085],[19.93897,50.063085],[19.93897,50.063097],[19.939035,50.063096],[19.939034,50.063084],[19.939052,50.063083],[19.939055,50.063099],[19.939098,50.063113],[19.939107,50.063128],[19.939106,50.063144],[19.939101,50.063159],[19.939067,50.063176],[19.938793,50.063186],[19.938788,50.063132],[19.938783,50.063132],[19.938787,50.063122],[19.938779,50.063102]]]}},{"type":"Feature","id":"w39365409","properties":{"type":"yes","levels":4.0,"address":"Rynek Główny 37","name":"Kamienica Wosińska","residential":true,"residents_est":4,"h3_10":"8a1e2e6b1cd7fff","h3_11":"8b1e2e6b1cd6fff"},"geometry":{"type":"Polygon","coordinates":[[[19.937212,50.062753],[19.937354,50.062704],[19.937486,50.062857],[19.937346,50.062913],[19.937212,50.062753]]]}},{"type":"Feature","id":"w39365410","properties":{"type":"yes","levels":4.0,"address":"Rynek Główny 38","name":"Kamienica Kencowska","residential":true,"residents_est":6,"h3_10":"8a1e2e6b1cd7fff","h3_11":"8b1e2e6b1cd6fff"},"geometry":{"type":"Polygon","coordinates":[[[19.937349,50.062699],[19.937497,50.062647],[19.937614,50.062814],[19.937746,50.062985],[19.937625,50.063036],[19.937565,50.06297],[19.937642,50.062944],[19.937579,50.062872],[19.937561,50.06283],[19.937486,50.062857],[19.937349,50.062699]]]}},{"type":"Feature","id":"w39365412","properties":{"type":"yes","levels":4.0,"address":"Rynek Główny 40","name":"Kamienica Januszowiczowska","residential":true,"residents_est":7,"h3_10":"8a1e2e6b1cd7fff","h3_11":"8b1e2e6b1cd0fff"},"geometry":{"type":"Polygon","coordinates":[[[19.937615,50.062612],[19.937755,50.062571],[19.937893,50.062764],[19.937903,50.062761],[19.938027,50.062913],[19.937892,50.062958],[19.937615,50.062612]]]}},{"type":"Feature","id":"w39365415","properties":{"type":"yes","levels":5.0,"name":"Kamienica Pod Słońcem","residential":true,"residents_est":5,"h3_10":"8a1e2e6b1cd7fff","h3_11":"8b1e2e6b1cd1fff"},"geometry":{"type":"Polygon","coordinates":[[[19.938296,50.0624],[19.938409,50.062363],[19.938572,50.062548],[19.938643,50.062646],[19.938596,50.06266],[19.938529,50.062569],[19.93847,50.062587],[19.938418,50.062519],[19.938391,50.062527],[19.938296,50.0624]]]}},{"type":"Feature","id":"w39365416","properties":{"type":"yes","levels":5.0,"name":"Kamienica Betmanowska","residential":true,"residents_est":13,"h3_10":"8a1e2e6b1cd7fff","h3_11":"8b1e2e6b1cd1fff"},"geometry":{"type":"Polygon","coordinates":[[[19.93841,50.062364],[19.938451,50.062357],[19.938447,50.062352],[19.93866,50.062285],[19.938792,50.06244],[19.938705,50.062467],[19.938795,50.062592],[19.938881,50.062565],[19.938926,50.062631],[19.938691,50.062702],[19.938687,50.062697],[19.938675,50.0627],[19.938639,50.06264],[19.938734,50.062613],[19.938672,50.062521],[19.938572,50.062548],[19.93841,50.062364]]]}},{"type":"Feature","id":"w39365417","properties":{"type":"yes","levels":4.0,"name":"Kamienica Pod Orłem","residential":true,"residents_est":5,"h3_10":"8a1e2e6b1cdffff","h3_11":"8b1e2e6b1cdefff"},"geometry":{"type":"Polygon","coordinates":[[[19.93866,50.062285],[19.93877,50.06225],[19.938928,50.062453],[19.93886,50.062469],[19.938889,50.062503],[19.938904,50.062498],[19.938922,50.062523],[19.938917,50.062525],[19.938937,50.062553],[19.938936,50.06256],[19.938948,50.062557],[19.938985,50.062616],[19.938926,50.062631],[19.938792,50.06244],[19.93866,50.062285]]]}},{"type":"Feature","id":"w39365418","properties":{"type":"yes","levels":5.0,"name":"Kamienica Czerwona","residential":true,"residents_est":5,"h3_10":"8a1e2e6b1cdffff","h3_11":"8b1e2e6b1cdefff"},"geometry":{"type":"Polygon","coordinates":[[[19.938767,50.062247],[19.938811,50.062239],[19.938808,50.062235],[19.938822,50.062235],[19.938888,50.062211],[19.939057,50.062422],[19.938935,50.062463],[19.938767,50.062247]]]}},{"type":"Feature","id":"w39365419","properties":{"type":"yes","levels":4.0,"name":"Kamienica Mennica","residential":true,"residents_est":15,"h3_10":"8a1e2e6b1cdffff","h3_11":"8b1e2e6b1cdefff"},"geometry":{"type":"Polygon","coordinates":[[[19.938888,50.062211],[19.938918,50.062203],[19.93892,50.062207],[19.938951,50.062196],[19.938948,50.062193],[19.939173,50.062125],[19.939187,50.062143],[19.93918,50.062146],[19.939226,50.062205],[19.939218,50.062208],[19.939261,50.062264],[19.939271,50.062261],[19.939282,50.062276],[19.939272,50.062279],[19.939319,50.062339],[19.93933,50.062336],[19.939341,50.06235],[19.93933,50.062354],[19.939349,50.062374],[19.939357,50.062371],[19.939368,50.062383],[19.93936,50.062386],[19.939379,50.062413],[19.939389,50.06241],[19.939399,50.062424],[19.939389,50.062427],[19.939405,50.062446],[19.939414,50.062442],[19.939427,50.062459],[19.939162,50.062551],[19.938888,50.062211]]]}},{"type":"Feature","id":"r10281385","properties":{"type":"monastery","levels":3.0,"name":"Klasztor Karmelitów","residential":false,"residents_est":0,"h3_10":"8a1e2e6b1d9ffff","h3_11":"8b1e2e6b1d9cfff"},"geometry":{"type":"Polygon","coordinates":[[[19.931269,50.06517],[19.931313,50.065129],[19.931456,50.065158],[19.931463,50.06515],[19.932239,50.065328],[19.93222,50.065348],[19.932232,50.065353],[19.932214,50.065372],[19.9322,50.065367],[19.932164,50.065407],[19.932177,50.065413],[19.932166,50.065424],[19.932153,50.06542],[19.932048,50.065542],[19.93135,50.065369],[19.931414,50.065204],[19.931269,50.06517]],[[19.93154,50.065349],[19.931648,50.065376],[19.931652,50.065369],[19.931665,50.065373],[19.931661,50.065378],[19.93172,50.065392],[19.931721,50.065387],[19.931735,50.065389],[19.931732,50.065396],[19.931789,50.065409],[19.931791,50.065404],[19.931806,50.065407],[19.931802,50.065412],[19.93185,50.065423],[19.931926,50.065326],[19.931866,50.065312],[19.931858,50.065326],[19.931842,50.065322],[19.93185,50.065308],[19.931791,50.065294],[19.931784,50.065309],[19.931766,50.065304],[19.931769,50.065299],[19.931762,50.065297],[19.931767,50.065289],[19.931722,50.06528],[19.931706,50.065291],[19.931688,50.065287],[19.931697,50.065274],[19.931638,50.06526],[19.931631,50.065273],[19.931613,50.065269],[19.93162,50.065255],[19.931615,50.065255],[19.931605,50.065274],[19.931571,50.065267],[19.93154,50.065349]]]}},{"type":"Feature","id":"w39393924","properties":{"type":"monastery","levels":1.0,"name":"Rektorat Zmartwychwstania Pańskiego","residential":false,"residents_est":0,"h3_10":"8a1e2e6b1daffff","h3_11":"8b1e2e6b1da9fff"},"geometry":{"type":"Polygon","coordinates":[[[19.933733,50.066814],[19.933785,50.066652],[19.93402,50.066686],[19.93398,50.066846],[19.933733,50.066814]]]}},{"type":"Feature","id":"w39393953","properties":{"type":"office","levels":2.0,"address":"Juliana Dunajewskiego 3","name":"PZU SA","residential":false,"residents_est":0,"h3_10":"8a1e2e6b1ca7fff","h3_11":"8b1e2e6b1ca6fff"},"geometry":{"type":"Polygon","coordinates":[[[19.933489,50.064322],[19.933609,50.064182],[19.933931,50.064474],[19.933766,50.06465],[19.933742,50.064652],[19.933719,50.064639],[19.933692,50.064651],[19.933678,50.064646],[19.933623,50.064588],[19.933796,50.064517],[19.933777,50.064499],[19.933711,50.064525],[19.933659,50.064477],[19.933646,50.064484],[19.9336,50.064448],[19.933617,50.064439],[19.933489,50.064322]]]}},{"type":"Feature","id":"w39393955","properties":{"type":"yes","levels":4.0,"address":"Krowoderska 8","name":"Pałac Młodzieży","residential":false,"residents_est":0,"h3_10":"8a1e2e6b1c27fff","h3_11":"8b1e2e6b1c25fff"},"geometry":{"type":"Polygon","coordinates":[[[19.937107,50.067479],[19.937124,50.067398],[19.937115,50.067397],[19.937117,50.067388],[19.937127,50.067389],[19.937141,50.067332],[19.937115,50.067329],[19.937136,50.06725],[19.937161,50.067253],[19.937179,50.067167],[19.937461,50.067194],[19.93745,50.067243],[19.937539,50.067253],[19.93757,50.067206],[19.93779,50.067226],[19.937606,50.067527],[19.937107,50.067479]]]}},{"type":"Feature","id":"w39393958","properties":{"type":"church","address":"Krowoderska 16","name":"Kościół pw. Świętego Franciszka Salezego","residential":false,"residents_est":0,"h3_10":"8a1e2e6b1d0ffff","h3_11":"8b1e2e6b1d09fff"},"geometry":{"type":"Polygon","coordinates":[[[19.9368,50.068419],[19.936913,50.068154],[19.937108,50.068187],[19.936996,50.068449],[19.9368,50.068419]]]}},{"type":"Feature","id":"w104374956","properties":{"type":"convent","levels":3.0,"name":"Klasztor Prezentek","residential":false,"residents_est":0,"h3_10":"8a1e2e6b1cc7fff","h3_11":"8b1e2e6b1cc0fff"},"geometry":{"type":"Polygon","coordinates":[[[19.938727,50.06322],[19.938736,50.063205],[19.938802,50.063185],[19.938887,50.06318],[19.938939,50.063265],[19.939054,50.063237],[19.939025,50.063177],[19.939067,50.063176],[19.939087,50.063169],[19.939101,50.063159],[19.939107,50.063128],[19.939208,50.0633],[19.939007,50.063358],[19.939025,50.063385],[19.939052,50.063378],[19.939058,50.063387],[19.939266,50.063324],[19.939314,50.063389],[19.939305,50.063392],[19.939316,50.063394],[19.939307,50.063409],[19.93933,50.063441],[19.939345,50.063437],[19.939354,50.063451],[19.939339,50.063455],[19.939362,50.063486],[19.939386,50.063493],[19.939377,50.063503],[19.939353,50.063498],[19.939151,50.063557],[19.939192,50.063614],[19.939045,50.063653],[19.938861,50.063395],[19.938727,50.06322]]]}},{"type":"Feature","id":"w104374969","properties":{"type":"apartments","levels":4.0,"residential":true,"residents_est":52,"h3_10":"8a1e2e6b1cf7fff","h3_11":"8b1e2e6b1cf3fff"},"geometry":{"type":"Polygon","coordinates":[[[19.937574,50.063568],[19.937912,50.063457],[19.938096,50.063391],[19.938093,50.063387],[19.938115,50.063379],[19.938208,50.063354],[19.938206,50.063349],[19.938232,50.063342],[19.938237,50.063348],[19.938305,50.063331],[19.938299,50.063324],[19.938325,50.063316],[19.93833,50.063321],[19.938413,50.063297],[19.938409,50.063292],[19.938436,50.063283],[19.93844,50.063289],[19.938472,50.063279],[19.938469,50.063273],[19.938497,50.063266],[19.938503,50.063272],[19.938572,50.063251],[19.938703,50.063437],[19.938468,50.063504],[19.938406,50.06342],[19.938233,50.063463],[19.93824,50.063465],[19.938245,50.063474],[19.938241,50.063476],[19.938301,50.063559],[19.938091,50.063614],[19.938003,50.063506],[19.937883,50.063544],[19.938013,50.063697],[19.937741,50.063781],[19.937574,50.063568]]]}},{"type":"Feature","id":"w113953212","properties":{"type":"apartments","levels":4.0,"address":"Krupnicza 3","residential":true,"residents_est":15,"h3_10":"8a1e2e6b1cb7fff","h3_11":"8b1e2e6b1cb6fff"},"geometry":{"type":"Polygon","coordinates":[[[19.931619,50.063769],[19.931639,50.063547],[19.931965,50.063555],[19.931941,50.06378],[19.93185,50.063776],[19.931859,50.063704],[19.931873,50.063705],[19.931875,50.063691],[19.931883,50.063684],[19.931872,50.063677],[19.931708,50.063673],[19.931698,50.063678],[19.931701,50.063695],[19.931714,50.063696],[19.931715,50.063717],[19.931728,50.063716],[19.931723,50.063762],[19.931693,50.063759],[19.931686,50.06377],[19.931619,50.063769]]]}},{"type":"Feature","id":"w114029091","properties":{"type":"hospital","levels":3.0,"address":"Henryka Siemiradzkiego 1","name":"NZOZ Szpital na Siemiradzkiego imienia Rafała Czerwiakowskiego","residential":false,"residents_est":0,"h3_10":"8a1e2e6b1d37fff","h3_11":"8b1e2e6b1d34fff"},"geometry":{"type":"Polygon","coordinates":[[[19.93197,50.069594],[19.931981,50.069561],[19.93199,50.069447],[19.932073,50.069444],[19.932092,50.069186],[19.932189,50.069191],[19.932186,50.069221],[19.932257,50.069223],[19.932261,50.069213],[19.932271,50.069213],[19.932271,50.069218],[19.932348,50.069216],[19.93235,50.069226],[19.932572,50.069233],[19.932572,50.069227],[19.932664,50.06923],[19.932653,50.069363],[19.93262,50.069362],[19.932617,50.069397],[19.932505,50.069394],[19.932508,50.069358],[19.932337,50.069353],[19.932335,50.069378],[19.932224,50.069375],[19.932227,50.06935],[19.932166,50.069348],[19.932149,50.069353],[19.932147,50.069379],[19.93218,50.06938],[19.932171,50.069487],[19.932119,50.069485],[19.932105,50.069658],[19.931973,50.069654],[19.931977,50.069594],[19.93197,50.069594]]]}},{"type":"Feature","id":"w114030448","properties":{"type":"public","levels":2.0,"address":"Juliana Dunajewskiego 8","name":"Instytut Pamięci Narodowej – Oddział w Krakowie","residential":false,"residents_est":0,"h3_10":"8a1e2e6b1d8ffff","h3_11":"8b1e2e6b1d89fff"},"geometry":{"type":"Polygon","coordinates":[[[19.934506,50.065632],[19.934513,50.065579],[19.934579,50.065582],[19.934611,50.065533],[19.93458,50.065525],[19.934663,50.065446],[19.93469,50.065452],[19.934706,50.065433],[19.934743,50.065419],[19.934716,50.065398],[19.934871,50.065325],[19.935201,50.06562],[19.935068,50.065758],[19.93452,50.065707],[19.934506,50.065632]]]}},{"type":"Feature","id":"w114096505","properties":{"type":"apartments","levels":4.0,"residential":true,"residents_est":31,"h3_10":"8a1e2e6b1cb7fff","h3_11":"8b1e2e6b1cb2fff"},"geometry":{"type":"Polygon","coordinates":[[[19.93195,50.063467],[19.931967,50.063321],[19.932068,50.063326],[19.932073,50.06331],[19.932342,50.063318],[19.932351,50.063262],[19.932524,50.063224],[19.932602,50.063295],[19.932635,50.063317],[19.932629,50.063321],[19.93262,50.063451],[19.932627,50.063454],[19.932626,50.063463],[19.932592,50.063483],[19.932112,50.063467],[19.932112,50.063473],[19.93195,50.063467]]]}},{"type":"Feature","id":"w114721699","properties":{"type":"yes","address":"Juliana Dunajewskiego 7","name":"Pałacyk Marfiewicza","residential":true,"residents_est":8,"h3_10":"8a1e2e6b1d8ffff","h3_11":"8b1e2e6b1d8bfff"},"geometry":{"type":"Polygon","coordinates":[[[19.934051,50.065386],[19.934089,50.065346],[19.93412,50.0653],[19.934172,50.065277],[19.934187,50.065304],[19.934177,50.065309],[19.934186,50.065323],[19.934326,50.065296],[19.93432,50.065281],[19.934341,50.06528],[19.934331,50.065248],[19.934546,50.065197],[19.934561,50.065204],[19.934588,50.065197],[19.934647,50.065302],[19.934609,50.065309],[19.934612,50.065325],[19.93415,50.065411],[19.934051,50.065386]]]}},{"type":"Feature","id":"w125207138","properties":{"type":"yes","levels":3.0,"residential":true,"residents_est":3,"h3_10":"8a1e2e6b1d97fff","h3_11":"8b1e2e6b1d93fff"},"geometry":{"type":"Polygon","coordinates":[[[19.9305,50.064824],[19.930542,50.064701],[19.930819,50.064744],[19.930776,50.064868],[19.9305,50.064824]]]}},{"type":"Feature","id":"w125207142","properties":{"type":"yes","levels":3.0,"residential":true,"residents_est":4,"h3_10":"8a1e2e6b1d97fff","h3_11":"8b1e2e6b1d92fff"},"geometry":{"type":"Polygon","coordinates":[[[19.930207,50.064784],[19.930247,50.06467],[19.930308,50.064679],[19.930316,50.064656],[19.930379,50.064665],[19.930372,50.064688],[19.930538,50.064712],[19.9305,50.064824],[19.930207,50.064784]]]}},{"type":"Feature","id":"w125207146","properties":{"type":"apartments","levels":4.0,"address":"Karmelicka 28","residential":true,"residents_est":15,"h3_10":"8a1e2e6b1d97fff","h3_11":"8b1e2e6b1d94fff"},"geometry":{"type":"Polygon","coordinates":[[[19.929932,50.065748],[19.930021,50.065677],[19.930081,50.0657],[19.930099,50.065689],[19.930122,50.065688],[19.930136,50.065676],[19.930134,50.065661],[19.93009,50.065672],[19.930041,50.065666],[19.930055,50.065641],[19.930034,50.065638],[19.930042,50.065613],[19.930408,50.065665],[19.930172,50.065851],[19.930063,50.065791],[19.930042,50.065807],[19.929932,50.065748]]]}},{"type":"Feature","id":"w125207148","properties":{"type":"apartments","levels":3.0,"address":"Karmelicka 32","residential":true,"residents_est":8,"h3_10":"8a1e2e6b1db7fff","h3_11":"8b1e2e6b1db2fff"},"geometry":{"type":"Polygon","coordinates":[[[19.929624,50.065863],[19.929689,50.065812],[19.929737,50.065837],[19.929787,50.065798],[19.930052,50.065941],[19.930022,50.065964],[19.92992,50.065907],[19.929792,50.066011],[19.929625,50.065922],[19.929672,50.065889],[19.929624,50.065863]]]}},{"type":"Feature","id":"w125207184","properties":{"type":"apartments","levels":3.0,"residential":true,"residents_est":6,"h3_10":"8a1e2e6b1db7fff","h3_11":"8b1e2e6b1db2fff"},"geometry":{"type":"Polygon","coordinates":[[[19.929683,50.065741],[19.929721,50.065712],[19.929944,50.065833],[19.929968,50.065814],[19.930006,50.065835],[19.930063,50.065791],[19.930172,50.065851],[19.930052,50.065941],[19.929683,50.065741]]]}},{"type":"Feature","id":"w125207189","properties":{"type":"residential","levels":4.0,"address":"Karmelicka 40","residential":true,"residents_est":8,"h3_10":"8a1e2e6b1db7fff","h3_11":"8b1e2e6b1db6fff"},"geometry":{"type":"Polygon","coordinates":[[[19.929057,50.066362],[19.929107,50.066327],[19.929368,50.066461],[19.929256,50.066561],[19.929106,50.066489],[19.92916,50.066429],[19.929057,50.066362]]]}},{"type":"Feature","id":"w125207192","properties":{"type":"yes","residential":true,"residents_est":2,"h3_10":"8a1e2e6b1d97fff","h3_11":"8b1e2e6b1d93fff"},"geometry":{"type":"Polygon","coordinates":[[[19.930669,50.064618],[19.93071,50.064538],[19.93099,50.064596],[19.930945,50.064671],[19.930669,50.064618]]]}},{"type":"Feature","id":"w125207193","properties":{"type":"apartments","levels":3.0,"residential":true,"residents_est":9,"h3_10":"8a1e2e6b1d97fff","h3_11":"8b1e2e6b1d93fff"},"geometry":{"type":"Polygon","coordinates":[[[19.931042,50.064738],[19.931062,50.064699],[19.931436,50.064784],[19.931291,50.064934],[19.93125,50.064943],[19.931058,50.064911],[19.93109,50.064852],[19.931127,50.064856],[19.931229,50.064754],[19.931198,50.064745],[19.931157,50.064759],[19.931042,50.064738]]]}},{"type":"Feature","id":"w125207194","properties":{"type":"hotel","levels":3.0,"residential":false,"residents_est":0,"h3_10":"8a1e2e6b1db7fff","h3_11":"8b1e2e6b1db6fff"},"geometry":{"type":"Polygon","coordinates":[[[19.929371,50.066216],[19.929403,50.066192],[19.929433,50.066208],[19.929493,50.066166],[19.929454,50.066145],[19.929523,50.066092],[19.929712,50.066194],[19.929556,50.066319],[19.929371,50.066216]]]}},{"type":"Feature","id":"w125207195","properties":{"type":"yes","levels":3.0,"residential":true,"residents_est":3,"h3_10":"8a1e2e6b1d97fff","h3_11":"8b1e2e6b1d93fff"},"geometry":{"type":"Polygon","coordinates":[[[19.930776,50.064868],[19.930819,50.064744],[19.931016,50.064775],[19.931006,50.064801],[19.931045,50.064807],[19.931034,50.064834],[19.931093,50.064844],[19.931058,50.064911],[19.930776,50.064868]]]}},{"type":"Feature","id":"w125207198","properties":{"type":"apartments","levels":3.0,"residential":true,"residents_est":14,"h3_10":"8a1e2e6b1cb7fff","h3_11":"8b1e2e6b1cb6fff"},"geometry":{"type":"Polygon","coordinates":[[[19.931618,50.063865],[19.931693,50.063759],[19.931941,50.06378],[19.932245,50.063837],[19.932345,50.06387],[19.932211,50.064008],[19.931848,50.063923],[19.931872,50.063877],[19.931984,50.063901],[19.931982,50.063907],[19.93205,50.063923],[19.932067,50.063915],[19.932112,50.063866],[19.932104,50.063851],[19.932053,50.063858],[19.931939,50.063836],[19.931757,50.063814],[19.931704,50.06389],[19.931618,50.063865]]]}},{"type":"Feature","id":"w125207200","properties":{"type":"yes","levels":4.0,"name":"Teatr Bagatela","residential":false,"residents_est":0,"h3_10":"8a1e2e6b1cb7fff","h3_11":"8b1e2e6b1cb6fff"},"geometry":{"type":"Polygon","coordinates":[[[19.931949,50.063711],[19.931965,50.063555],[19.932559,50.063571],[19.932589,50.063616],[19.932465,50.063746],[19.932409,50.063722],[19.932051,50.06371],[19.932051,50.063718],[19.932031,50.063719],[19.931949,50.063711]]]}},{"type":"Feature","id":"w125207207","properties":{"type":"apartments","levels":4.0,"address":"Karmelicka 38","residential":true,"residents_est":12,"h3_10":"8a1e2e6b1db7fff","h3_11":"8b1e2e6b1db6fff"},"geometry":{"type":"Polygon","coordinates":[[[19.929206,50.066377],[19.929261,50.066332],[19.929209,50.066305],[19.929279,50.066251],[19.929329,50.066278],[19.92939,50.06623],[19.929556,50.066319],[19.929368,50.066461],[19.929206,50.066377]]]}},{"type":"Feature","id":"w125207211","properties":{"type":"yes","levels":4.0,"residential":true,"residents_est":3,"h3_10":"8a1e2e6b1d97fff","h3_11":"8b1e2e6b1d92fff"},"geometry":{"type":"Polygon","coordinates":[[[19.930011,50.064755],[19.930048,50.06464],[19.930247,50.06467],[19.930207,50.064784],[19.930011,50.064755]]]}},{"type":"Feature","id":"w125207214","properties":{"type":"apartments","levels":4.0,"residential":true,"residents_est":11,"h3_10":"8a1e2e6b1d9ffff","h3_11":"8b1e2e6b1d9afff"},"geometry":{"type":"Polygon","coordinates":[[[19.931458,50.064269],[19.931492,50.064225],[19.931871,50.064361],[19.93173,50.064503],[19.931637,50.064473],[19.931658,50.06445],[19.931567,50.064411],[19.93164,50.064339],[19.931626,50.064324],[19.931458,50.064269]]]}},{"type":"Feature","id":"w125207220","properties":{"type":"apartments","levels":4.0,"address":"Karmelicka 6","residential":true,"residents_est":11,"h3_10":"8a1e2e6b1cb7fff","h3_11":"8b1e2e6b1cb6fff"},"geometry":{"type":"Polygon","coordinates":[[[19.931941,50.06378],[19.931949,50.063711],[19.932031,50.063719],[19.932033,50.063743],[19.932168,50.06377],[19.9322,50.063768],[19.93222,50.063746],[19.932213,50.063743],[19.932238,50.063717],[19.932232,50.063713],[19.932409,50.063722],[19.932465,50.063746],[19.932345,50.06387],[19.932245,50.063837],[19.931941,50.06378]]]}},{"type":"Feature","id":"w128045090","properties":{"type":"apartments","levels":3.0,"residential":true,"residents_est":6,"h3_10":"8a1e2e6b1da7fff","h3_11":"8b1e2e6b1da4fff"},"geometry":{"type":"Polygon","coordinates":[[[19.930933,50.067373],[19.930985,50.06722],[19.931213,50.067251],[19.931166,50.067378],[19.931143,50.067373],[19.931139,50.067381],[19.931001,50.067362],[19.930992,50.067382],[19.930933,50.067373]]]}},{"type":"Feature","id":"w128045100","properties":{"type":"apartments","levels":5.0,"residential":true,"residents_est":15,"h3_10":"8a1e2e6b1da7fff","h3_11":"8b1e2e6b1da4fff"},"geometry":{"type":"Polygon","coordinates":[[[19.931165,50.067383],[19.931213,50.067251],[19.931408,50.067275],[19.931408,50.067288],[19.931492,50.0673],[19.931407,50.067474],[19.93121,50.067432],[19.931217,50.067417],[19.931232,50.067419],[19.931242,50.067398],[19.931264,50.067398],[19.931265,50.067384],[19.931253,50.067381],[19.931254,50.06737],[19.931234,50.067367],[19.93123,50.067378],[19.931194,50.067374],[19.931188,50.067386],[19.931165,50.067383]]]}},{"type":"Feature","id":"w128045105","properties":{"type":"apartments","levels":5.0,"residential":true,"residents_est":12,"h3_10":"8a1e2e6b1da7fff","h3_11":"8b1e2e6b1da4fff"},"geometry":{"type":"Polygon","coordinates":[[[19.931075,50.067593],[19.931101,50.067539],[19.931153,50.067549],[19.93121,50.067432],[19.931407,50.067474],[19.931345,50.067607],[19.931075,50.067593]]]}},{"type":"Feature","id":"w128091989","properties":{"type":"yes","residential":true,"residents_est":6,"h3_10":"8a1e2e6b1d17fff","h3_11":"8b1e2e6b1d16fff"},"geometry":{"type":"Polygon","coordinates":[[[19.932209,50.068034],[19.932275,50.067839],[19.932495,50.067877],[19.932435,50.068064],[19.932209,50.068034]]]}},{"type":"Feature","id":"w128091995","properties":{"type":"apartments","levels":3.0,"address":"Łobzowska 26","residential":true,"residents_est":6,"h3_10":"8a1e2e6b1d37fff","h3_11":"8b1e2e6b1d30fff"},"geometry":{"type":"Polygon","coordinates":[[[19.932776,50.068915],[19.93281,50.068858],[19.932793,50.068853],[19.9328,50.068838],[19.93282,50.068843],[19.932829,50.068828],[19.932808,50.068822],[19.932817,50.068809],[19.932838,50.068813],[19.932872,50.068756],[19.933053,50.068772],[19.932944,50.068956],[19.932776,50.068915]]]}},{"type":"Feature","id":"w128091997","properties":{"type":"apartments","levels":3.0,"residential":true,"residents_est":9,"h3_10":"8a1e2e6b1d37fff","h3_11":"8b1e2e6b1d30fff"},"geometry":{"type":"Polygon","coordinates":[[[19.932613,50.069081],[19.932616,50.068918],[19.932679,50.068933],[19.932677,50.068953],[19.932751,50.068956],[19.932776,50.068915],[19.932944,50.068956],[19.932877,50.069077],[19.932839,50.06909],[19.932613,50.069081]]]}},{"type":"Feature","id":"w128092001","properties":{"type":"yes","residential":true,"residents_est":7,"h3_10":"8a1e2e6b1d17fff","h3_11":"8b1e2e6b1d14fff"},"geometry":{"type":"Polygon","coordinates":[[[19.932476,50.068102],[19.932489,50.06804],[19.932785,50.068073],[19.93281,50.067974],[19.933018,50.067999],[19.932961,50.068159],[19.932476,50.068102]]]}},{"type":"Feature","id":"w128092002","properties":{"type":"apartments","levels":4.0,"residential":true,"residents_est":35,"h3_10":"8a1e2e6b1d17fff","h3_11":"8b1e2e6b1d16fff"},"geometry":{"type":"Polygon","coordinates":[[[19.932331,50.067817],[19.932368,50.067715],[19.93241,50.06772],[19.932537,50.067667],[19.932565,50.067599],[19.932542,50.067586],[19.932544,50.067547],[19.932434,50.067534],[19.932478,50.067417],[19.932951,50.067485],[19.932903,50.067598],[19.932858,50.067594],[19.932853,50.067615],[19.932788,50.067605],[19.932768,50.06762],[19.932741,50.067628],[19.932717,50.067698],[19.932792,50.067779],[19.932825,50.067783],[19.932787,50.067882],[19.932666,50.067868],[19.932677,50.067823],[19.932639,50.067775],[19.932535,50.067761],[19.932473,50.067783],[19.932455,50.067833],[19.932331,50.067817]]]}},{"type":"Feature","id":"w128092006","properties":{"type":"yes","levels":3.0,"residential":true,"residents_est":3,"h3_10":"8a1e2e6b1d37fff","h3_11":"8b1e2e6b1d36fff"},"geometry":{"type":"Polygon","coordinates":[[[19.931926,50.068857],[19.931937,50.068731],[19.932137,50.068735],[19.932125,50.068864],[19.931926,50.068857]]]}},{"type":"Feature","id":"w128092008","properties":{"type":"apartments","levels":3.0,"residential":true,"residents_est":8,"h3_10":"8a1e2e6b1d37fff","h3_11":"8b1e2e6b1d30fff"},"geometry":{"type":"Polygon","coordinates":[[[19.932407,50.069075],[19.932424,50.068798],[19.93252,50.068801],[19.932521,50.068871],[19.932492,50.068873],[19.932492,50.06891],[19.932471,50.068915],[19.932472,50.068936],[19.932538,50.068935],[19.932538,50.068941],[19.932613,50.068945],[19.932613,50.069081],[19.932407,50.069075]]]}},{"type":"Feature","id":"w128092013","properties":{"type":"university","levels":2.0,"address":"Łobzowska 24","name":"Katedra Hodowli Roślin i Nasiennictwa UR","residential":false,"residents_est":0,"h3_10":"8a1e2e6b1d37fff","h3_11":"8b1e2e6b1d30fff"},"geometry":{"type":"Polygon","coordinates":[[[19.932311,50.068702],[19.932321,50.068634],[19.932893,50.068695],[19.933008,50.068505],[19.933192,50.068551],[19.933053,50.068772],[19.932311,50.068702]]]}},{"type":"Feature","id":"w128092014","properties":{"type":"apartments","levels":3.0,"residential":true,"residents_est":29,"h3_10":"8a1e2e6b1d17fff","h3_11":"8b1e2e6b1d10fff"},"geometry":{"type":"Polygon","coordinates":[[[19.933125,50.067664],[19.933165,50.067514],[19.933689,50.067588],[19.933508,50.067997],[19.933262,50.067962],[19.933375,50.067698],[19.933125,50.067664]]]}},{"type":"Feature","id":"w128092015","properties":{"type":"yes","levels":1.0,"residential":true,"residents_est":1,"h3_10":"8a1e2e6b1d17fff","h3_11":"8b1e2e6b1d10fff"},"geometry":{"type":"Polygon","coordinates":[[[19.932883,50.067806],[19.9329,50.067766],[19.932936,50.067773],[19.932976,50.067679],[19.933121,50.067705],[19.933083,50.067796],[19.933109,50.067801],[19.933087,50.067853],[19.933056,50.067848],[19.933023,50.067925],[19.932889,50.067902],[19.932927,50.067814],[19.932883,50.067806]]]}},{"type":"Feature","id":"w128092020","properties":{"type":"apartments","levels":4.0,"address":"Stefana Batorego 7","residential":true,"residents_est":11,"h3_10":"8a1e2e6b1da7fff","h3_11":"8b1e2e6b1da5fff"},"geometry":{"type":"Polygon","coordinates":[[[19.931901,50.067583],[19.931978,50.067353],[19.932221,50.067384],[19.93218,50.067517],[19.932022,50.067492],[19.931988,50.067595],[19.931901,50.067583]]]}},{"type":"Feature","id":"w128092022","properties":{"type":"yes","residential":true,"residents_est":5,"h3_10":"8a1e2e6b1d17fff","h3_11":"8b1e2e6b1d14fff"},"geometry":{"type":"Polygon","coordinates":[[[19.932504,50.068373],[19.932545,50.068223],[19.932806,50.068252],[19.932765,50.068402],[19.932504,50.068373]]]}},{"type":"Feature","id":"w128092026","properties":{"type":"yes","levels":3.0,"residential":true,"residents_est":3,"h3_10":"8a1e2e6b1d37fff","h3_11":"8b1e2e6b1d36fff"},"geometry":{"type":"Polygon","coordinates":[[[19.931766,50.068883],[19.931773,50.068764],[19.9318,50.068763],[19.931813,50.068751],[19.931854,50.068748],[19.931868,50.068665],[19.931945,50.068671],[19.931926,50.068891],[19.931766,50.068883]]]}},{"type":"Feature","id":"w128092028","properties":{"type":"apartments","levels":4.0,"residential":true,"residents_est":15,"h3_10":"8a1e2e6b1da7fff","h3_11":"8b1e2e6b1da5fff"},"geometry":{"type":"Polygon","coordinates":[[[19.931598,50.067534],[19.931695,50.067331],[19.931733,50.067318],[19.931978,50.067353],[19.931938,50.067474],[19.931873,50.067465],[19.931861,50.067492],[19.931826,50.067485],[19.931795,50.067561],[19.931598,50.067534]]]}},{"type":"Feature","id":"w128092031","properties":{"type":"yes","levels":4.0,"address":"Stefana Batorego 5","residential":true,"residents_est":11,"h3_10":"8a1e2e6b1d17fff","h3_11":"8b1e2e6b1d16fff"},"geometry":{"type":"Polygon","coordinates":[[[19.932088,50.067745],[19.932152,50.067597],[19.932232,50.067614],[19.932216,50.067657],[19.932294,50.067667],[19.932329,50.067536],[19.93218,50.067517],[19.932221,50.067384],[19.932478,50.067417],[19.932341,50.067784],[19.932295,50.067778],[19.93229,50.067805],[19.93216,50.067785],[19.932168,50.067761],[19.932088,50.067745]]]}},{"type":"Feature","id":"w128092038","properties":{"type":"apartments","levels":3.0,"address":"Henryka Siemiradzkiego 6","residential":true,"residents_est":11,"h3_10":"8a1e2e6b1d37fff","h3_11":"8b1e2e6b1d36fff"},"geometry":{"type":"Polygon","coordinates":[[[19.932104,50.069068],[19.932133,50.068819],[19.932202,50.068823],[19.932199,50.068889],[19.932188,50.068891],[19.932187,50.068905],[19.932158,50.068905],[19.932159,50.068938],[19.932382,50.068946],[19.932386,50.068912],[19.932362,50.068912],[19.93235,50.068901],[19.932356,50.068795],[19.932424,50.068798],[19.932407,50.069075],[19.932104,50.069068]]]}},{"type":"Feature","id":"w128092040","properties":{"type":"commercial","levels":1.0,"residential":false,"residents_est":0,"h3_10":"8a1e2e6b1d17fff","h3_11":"8b1e2e6b1d10fff"},"geometry":{"type":"Polygon","coordinates":[[[19.932876,50.067662],[19.932925,50.067547],[19.933025,50.067563],[19.932994,50.067638],[19.932957,50.067632],[19.932941,50.067674],[19.932876,50.067662]]]}},{"type":"Feature","id":"w134070966","properties":{"type":"school","levels":3.0,"address":"Władysława Spasowskiego 8","residential":false,"residents_est":0,"h3_10":"8a1e2e6b1d27fff","h3_11":"8b1e2e6b1d20fff"},"geometry":{"type":"Polygon","coordinates":[[[19.934043,50.069576],[19.934088,50.069464],[19.934785,50.06958],[19.934734,50.069696],[19.934043,50.069576]]]}},{"type":"Feature","id":"w134071055","properties":{"type":"school","levels":3.0,"residential":false,"residents_est":0,"h3_10":"8a1e2e6b1d27fff","h3_11":"8b1e2e6b1d25fff"},"geometry":{"type":"Polygon","coordinates":[[[19.934401,50.069873],[19.934447,50.069764],[19.934519,50.069775],[19.934567,50.069669],[19.934734,50.069696],[19.934685,50.069802],[19.934819,50.069829],[19.934771,50.069933],[19.934401,50.069873]]]}},{"type":"Feature","id":"w138025131","properties":{"type":"yes","levels":4.0,"address":"Szpitalna 15","residential":true,"residents_est":15,"h3_10":"8a1e2e6b1ccffff","h3_11":"8b1e2e6b1ccbfff"},"geometry":{"type":"Polygon","coordinates":[[[19.941225,50.062664],[19.941474,50.062598],[19.941579,50.062563],[19.941605,50.062608],[19.941594,50.062611],[19.941672,50.06272],[19.941682,50.062717],[19.941715,50.062764],[19.941705,50.062767],[19.941773,50.062864],[19.941785,50.06286],[19.941801,50.062884],[19.941725,50.062905],[19.941735,50.062919],[19.941711,50.062927],[19.941458,50.062996],[19.941414,50.062932],[19.94151,50.062905],[19.941367,50.062702],[19.941272,50.062731],[19.941225,50.062664]]]}},{"type":"Feature","id":"w138025160","properties":{"type":"yes","levels":4.0,"residential":true,"residents_est":6,"h3_10":"8a1e2e6b1ccffff","h3_11":"8b1e2e6b1cc9fff"},"geometry":{"type":"Polygon","coordinates":[[[19.941514,50.063081],[19.941758,50.063023],[19.941775,50.063047],[19.941832,50.06303],[19.941824,50.063019],[19.941925,50.06299],[19.941913,50.062978],[19.941918,50.062977],[19.941987,50.063077],[19.941773,50.063146],[19.941758,50.063143],[19.941738,50.063149],[19.941603,50.063198],[19.941596,50.063196],[19.941514,50.063081]]]}},{"type":"Feature","id":"w138025162","properties":{"type":"yes","levels":2.0,"residential":true,"residents_est":2,"h3_10":"8a1e2e6b1ccffff","h3_11":"8b1e2e6b1cc9fff"},"geometry":{"type":"Polygon","coordinates":[[[19.941647,50.063247],[19.941924,50.063179],[19.941979,50.063255],[19.941986,50.063253],[19.942012,50.063288],[19.941873,50.063326],[19.941868,50.063321],[19.941728,50.063362],[19.941647,50.063247]]]}},{"type":"Feature","id":"w138025168","properties":{"type":"yes","levels":2.0,"residential":true,"residents_est":1,"h3_10":"8a1e2e6b1ccffff","h3_11":"8b1e2e6b1cc9fff"},"geometry":{"type":"Polygon","coordinates":[[[19.941924,50.063179],[19.942213,50.063091],[19.942246,50.063137],[19.942019,50.063205],[19.942003,50.063183],[19.941941,50.063203],[19.941924,50.063179]]]}},{"type":"Feature","id":"w138025170","properties":{"type":"residential","levels":4.0,"residential":true,"residents_est":8,"h3_10":"8a1e2e6b1ccffff","h3_11":"8b1e2e6b1cc9fff"},"geometry":{"type":"Polygon","coordinates":[[[19.941461,50.062997],[19.941711,50.062927],[19.941718,50.06294],[19.94171,50.062942],[19.941745,50.062985],[19.941823,50.062962],[19.941818,50.062954],[19.941874,50.062937],[19.941905,50.06298],[19.941759,50.063024],[19.94152,50.063079],[19.941461,50.062997]]]}},{"type":"Feature","id":"w138025174","properties":{"type":"yes","levels":3.0,"residential":true,"residents_est":3,"h3_10":"8a1e2e6b1ccffff","h3_11":"8b1e2e6b1cc9fff"},"geometry":{"type":"Polygon","coordinates":[[[19.941937,50.063004],[19.941981,50.06299],[19.941964,50.062964],[19.942006,50.062952],[19.942001,50.062944],[19.942038,50.062932],[19.94205,50.062948],[19.942085,50.062938],[19.942007,50.062845],[19.942076,50.062825],[19.942227,50.062998],[19.941987,50.063077],[19.941937,50.063004]]]}},{"type":"Feature","id":"w138515639","properties":{"type":"yes","levels":3.0,"name":"Kamienica Pod Aniołkiem","residential":true,"residents_est":2,"h3_10":"8a1e2e6b1cdffff","h3_11":"8b1e2e6b1cd8fff"},"geometry":{"type":"Polygon","coordinates":[[[19.939665,50.062513],[19.93995,50.062418],[19.939984,50.062461],[19.939697,50.062557],[19.939665,50.062513]]]}},{"type":"Feature","id":"w138515640","properties":{"type":"apartments","levels":4.0,"name":"Kamienica Pod Matką Boską","residential":true,"residents_est":8,"h3_10":"8a1e2e6b1cdffff","h3_11":"8b1e2e6b1cd8fff"},"geometry":{"type":"Polygon","coordinates":[[[19.939534,50.062338],[19.939822,50.06225],[19.939891,50.062338],[19.939605,50.062427],[19.939534,50.062338]]]}},{"type":"Feature","id":"w138515641","properties":{"type":"apartments","levels":4.0,"name":"Kamienica Pod Murzynami","residential":true,"residents_est":12,"h3_10":"8a1e2e6b1cdffff","h3_11":"8b1e2e6b1cdafff"},"geometry":{"type":"Polygon","coordinates":[[[19.93933,50.062089],[19.939588,50.062008],[19.939595,50.062011],[19.939614,50.062],[19.939729,50.061968],[19.939782,50.061947],[19.939854,50.062039],[19.93961,50.062122],[19.93959,50.062097],[19.939392,50.062167],[19.93933,50.062089]]]}},{"type":"Feature","id":"w138515642","properties":{"type":"yes","levels":3.0,"name":"Kamienica Pod Wiewórką","residential":true,"residents_est":9,"h3_10":"8a1e2e6b1cdffff","h3_11":"8b1e2e6b1cddfff"},"geometry":{"type":"Polygon","coordinates":[[[19.939775,50.062666],[19.940081,50.062562],[19.940153,50.062646],[19.940298,50.062598],[19.940231,50.062516],[19.940403,50.062456],[19.940519,50.062599],[19.939878,50.062811],[19.939775,50.062666]]]}},{"type":"Feature","id":"w138515643","properties":{"type":"apartments","levels":4.0,"name":"Kamienica Wanzamowska","residential":true,"residents_est":7,"h3_10":"8a1e2e6b1cdffff","h3_11":"8b1e2e6b1cd8fff"},"geometry":{"type":"Polygon","coordinates":[[[19.939472,50.062261],[19.939744,50.062181],[19.9398,50.062248],[19.939818,50.062245],[19.939822,50.06225],[19.939529,50.062339],[19.939472,50.062261]]]}},{"type":"Feature","id":"w138515645","properties":{"type":"yes","levels":4.0,"name":"Kamienica Jaroszowska","residential":true,"residents_est":3,"h3_10":"8a1e2e6b1cdffff","h3_11":"8b1e2e6b1cd9fff"},"geometry":{"type":"Polygon","coordinates":[[[19.940334,50.062234],[19.940653,50.062122],[19.940713,50.062197],[19.940487,50.062269],[19.940439,50.062213],[19.940342,50.062245],[19.940334,50.062234]]]}},{"type":"Feature","id":"w138515646","properties":{"type":"apartments","levels":4.0,"name":"Kamienica Korlansowska","residential":true,"residents_est":13,"h3_10":"8a1e2e6b1cdffff","h3_11":"8b1e2e6b1cd8fff"},"geometry":{"type":"Polygon","coordinates":[[[19.939392,50.062167],[19.93959,50.062097],[19.93961,50.062122],[19.939732,50.062082],[19.93976,50.062111],[19.939756,50.062113],[19.939767,50.06213],[19.939774,50.062129],[19.939785,50.062152],[19.939821,50.062141],[19.939819,50.062126],[19.939829,50.062113],[19.939878,50.062097],[19.939844,50.062051],[19.93993,50.062025],[19.93994,50.062043],[19.939933,50.062045],[19.939987,50.062112],[19.939472,50.062261],[19.939392,50.062167]]]}},{"type":"Feature","id":"w138515647","properties":{"type":"yes","levels":4.0,"name":"Kamienica Nagatowska","residential":true,"residents_est":4,"h3_10":"8a1e2e6b1cdffff","h3_11":"8b1e2e6b1cd8fff"},"geometry":{"type":"Polygon","coordinates":[[[19.939605,50.062427],[19.939879,50.062342],[19.939923,50.062384],[19.939916,50.062387],[19.939941,50.062416],[19.939951,50.062417],[19.939665,50.062513],[19.939605,50.062427]]]}},{"type":"Feature","id":"w138515648","properties":{"type":"yes","levels":3.0,"name":"Kamienica Zegadłowskich","residential":true,"residents_est":3,"h3_10":"8a1e2e6b1cdffff","h3_11":"8b1e2e6b1cd9fff"},"geometry":{"type":"Polygon","coordinates":[[[19.940283,50.062115],[19.940378,50.062081],[19.940394,50.062104],[19.940589,50.062043],[19.940655,50.062122],[19.940364,50.062217],[19.940283,50.062115]]]}},{"type":"Feature","id":"w138515649","properties":{"type":"convent","levels":3.0,"name":"Klasztor Sióstr Duchaczek","residential":false,"residents_est":0,"h3_10":"8a1e2e6b1cdffff","h3_11":"8b1e2e6b1cd9fff"},"geometry":{"type":"Polygon","coordinates":[[[19.940467,50.062276],[19.940713,50.062197],[19.94073,50.062217],[19.940736,50.062215],[19.940764,50.062254],[19.940771,50.062252],[19.94081,50.062303],[19.940581,50.062383],[19.94054,50.062338],[19.940519,50.062348],[19.940467,50.062276]]]}},{"type":"Feature","id":"w138515650","properties":{"type":"church","levels":4.0,"name":"Kościół pw. Świętego Tomasza Apostoła","residential":false,"residents_est":0,"h3_10":"8a1e2e6b1ccffff","h3_11":"8b1e2e6b1ccafff"},"geometry":{"type":"Polygon","coordinates":[[[19.940574,50.062481],[19.94087,50.062387],[19.940931,50.062468],[19.940638,50.06256],[19.940574,50.062481]]]}},{"type":"Feature","id":"w138515651","properties":{"type":"yes","levels":4.0,"name":"Pałac Kmitów","residential":true,"residents_est":5,"h3_10":"8a1e2e6b1cdffff","h3_11":"8b1e2e6b1cddfff"},"geometry":{"type":"Polygon","coordinates":[[[19.939697,50.062557],[19.939984,50.062461],[19.940016,50.062498],[19.940025,50.062495],[19.940032,50.062504],[19.940023,50.062507],[19.940065,50.062566],[19.939775,50.062666],[19.939697,50.062557]]]}},{"type":"Feature","id":"w138515653","properties":{"type":"yes","levels":3.0,"residential":true,"residents_est":3,"h3_10":"8a1e2e6b1cdffff","h3_11":"8b1e2e6b1cd9fff"},"geometry":{"type":"Polygon","coordinates":[[[19.940034,50.062521],[19.940271,50.06244],[19.940239,50.062402],[19.940231,50.06239],[19.940235,50.062388],[19.940206,50.062358],[19.94031,50.062319],[19.940418,50.062454],[19.940065,50.062566],[19.940034,50.062521]]]}},{"type":"Feature","id":"w138515659","properties":{"type":"yes","levels":3.0,"residential":true,"residents_est":1,"h3_10":"8a1e2e6b1cdffff","h3_11":"8b1e2e6b1cd9fff"},"geometry":{"type":"Polygon","coordinates":[[[19.940088,50.062371],[19.940144,50.062345],[19.940117,50.062309],[19.940151,50.062295],[19.940235,50.062388],[19.940154,50.062419],[19.940144,50.062407],[19.940122,50.062414],[19.940092,50.062383],[19.940097,50.062381],[19.940088,50.062371]]]}},{"type":"Feature","id":"w138515663","properties":{"type":"yes","levels":3.0,"residential":true,"residents_est":1,"h3_10":"8a1e2e6b1cdffff","h3_11":"8b1e2e6b1cd9fff"},"geometry":{"type":"Polygon","coordinates":[[[19.940141,50.062142],[19.940206,50.06213],[19.940299,50.062238],[19.940239,50.062257],[19.940141,50.062142]]]}},{"type":"Feature","id":"w138515664","properties":{"type":"apartments","levels":4.0,"residential":true,"residents_est":6,"h3_10":"8a1e2e6b1cdffff","h3_11":"8b1e2e6b1cdbfff"},"geometry":{"type":"Polygon","coordinates":[[[19.939782,50.061947],[19.939827,50.061942],[19.939842,50.061937],[19.939841,50.06193],[19.93985,50.061927],[19.939853,50.061932],[19.93995,50.0619],[19.939947,50.061893],[19.939954,50.061891],[19.940042,50.062012],[19.940005,50.062024],[19.940019,50.062039],[19.939997,50.062047],[19.939984,50.062031],[19.93994,50.062043],[19.93993,50.062025],[19.93986,50.062045],[19.939782,50.061947]]]}},{"type":"Feature","id":"w138515665","properties":{"type":"yes","levels":3.0,"residential":true,"residents_est":2,"h3_10":"8a1e2e6b1cdffff","h3_11":"8b1e2e6b1cd9fff"},"geometry":{"type":"Polygon","coordinates":[[[19.940405,50.062458],[19.940418,50.062454],[19.940414,50.062449],[19.940435,50.062436],[19.940441,50.062443],[19.940435,50.062445],[19.940447,50.062461],[19.940454,50.062459],[19.940457,50.062463],[19.94045,50.062465],[19.940469,50.062484],[19.940555,50.062457],[19.940636,50.062559],[19.940517,50.062597],[19.940405,50.062458]]]}},{"type":"Feature","id":"w138515667","properties":{"type":"yes","levels":3.0,"residential":true,"residents_est":3,"h3_10":"8a1e2e6b1cdffff","h3_11":"8b1e2e6b1cdbfff"},"geometry":{"type":"Polygon","coordinates":[[[19.940107,50.062082],[19.940152,50.062069],[19.940167,50.062091],[19.940306,50.062053],[19.940309,50.062058],[19.940348,50.062047],[19.940329,50.06202],[19.940313,50.062024],[19.94031,50.06202],[19.940518,50.061954],[19.940587,50.062044],[19.940394,50.062104],[19.940378,50.06208],[19.940283,50.062115],[19.94028,50.062111],[19.940149,50.062143],[19.940107,50.062082]]]}},{"type":"Feature","id":"w138515668","properties":{"type":"yes","levels":3.0,"residential":true,"residents_est":2,"h3_10":"8a1e2e6b1cdffff","h3_11":"8b1e2e6b1cd8fff"},"geometry":{"type":"Polygon","coordinates":[[[19.939912,50.062212],[19.940141,50.062142],[19.940242,50.062262],[19.940151,50.062295],[19.940079,50.062209],[19.939944,50.06226],[19.939912,50.062212]]]}},{"type":"Feature","id":"r1865247","properties":{"type":"yes","levels":3.0,"residential":true,"residents_est":2,"h3_10":"8a1e2e6b1cdffff","h3_11":"8b1e2e6b1cd8fff"},"geometry":{"type":"Polygon","coordinates":[[[19.939858,50.062153],[19.939922,50.062134],[19.939941,50.062156],[19.94001,50.062135],[19.93999,50.062112],[19.940102,50.062077],[19.940147,50.062139],[19.939905,50.062213],[19.939882,50.062185],[19.939876,50.062187],[19.939869,50.062178],[19.939875,50.062176],[19.939858,50.062153]],[[19.940026,50.062135],[19.940039,50.062153],[19.940079,50.062141],[19.940066,50.062123],[19.940026,50.062135]]]}},{"type":"Feature","id":"w139438080","properties":{"type":"apartments","levels":3.0,"residential":true,"residents_est":12,"h3_10":"8a1e2e6b1d8ffff","h3_11":"8b1e2e6b1d8dfff"},"geometry":{"type":"Polygon","coordinates":[[[19.933951,50.066094],[19.933987,50.066047],[19.934084,50.06607],[19.934131,50.065978],[19.934051,50.065972],[19.934099,50.06592],[19.934255,50.065934],[19.934393,50.065934],[19.934251,50.066183],[19.933951,50.066094]]]}},{"type":"Feature","id":"w139438081","properties":{"type":"apartments","levels":4.0,"residential":true,"residents_est":25,"h3_10":"8a1e2e6b1daffff","h3_11":"8b1e2e6b1dabfff"},"geometry":{"type":"Polygon","coordinates":[[[19.933343,50.06638],[19.933384,50.066326],[19.933823,50.066395],[19.933819,50.066412],[19.933842,50.066417],[19.933841,50.066432],[19.933882,50.066436],[19.933908,50.066424],[19.933946,50.066348],[19.933909,50.066339],[19.933898,50.066353],[19.93346,50.066254],[19.933515,50.066199],[19.934162,50.066347],[19.934074,50.066499],[19.933736,50.066459],[19.933694,50.06645],[19.933694,50.066434],[19.933343,50.06638]]]}},{"type":"Feature","id":"w139438083","properties":{"type":"apartments","levels":3.0,"residential":true,"residents_est":12,"h3_10":"8a1e2e6b1db7fff","h3_11":"8b1e2e6b1db3fff"},"geometry":{"type":"Polygon","coordinates":[[[19.930075,50.06617],[19.930386,50.065922],[19.93056,50.066],[19.930536,50.06602],[19.930519,50.066011],[19.930271,50.06622],[19.930075,50.06617]]]}},{"type":"Feature","id":"w139438084","properties":{"type":"apartments","levels":4.0,"residential":true,"residents_est":10,"h3_10":"8a1e2e6b1daffff","h3_11":"8b1e2e6b1dadfff"},"geometry":{"type":"Polygon","coordinates":[[[19.933624,50.067246],[19.933694,50.067081],[19.93391,50.067116],[19.933823,50.067293],[19.933624,50.067246]]]}},{"type":"Feature","id":"w139438085","properties":{"type":"yes","levels":1.0,"residential":true,"residents_est":1,"h3_10":"8a1e2e6b1d9ffff","h3_11":"8b1e2e6b1d9dfff"},"geometry":{"type":"Polygon","coordinates":[[[19.932344,50.065314],[19.932394,50.065232],[19.93263,50.065298],[19.932573,50.065377],[19.932344,50.065314]]]}},{"type":"Feature","id":"w139438090","properties":{"type":"apartments","residential":true,"residents_est":11,"h3_10":"8a1e2e6b1d17fff","h3_11":"8b1e2e6b1d13fff"},"geometry":{"type":"Polygon","coordinates":[[[19.933241,50.067387],[19.933282,50.067266],[19.933397,50.067282],[19.933406,50.067297],[19.93342,50.067299],[19.933441,50.06729],[19.933437,50.067273],[19.933419,50.067255],[19.933438,50.067205],[19.933517,50.067223],[19.933468,50.067353],[19.933494,50.067357],[19.933471,50.067419],[19.933241,50.067387]]]}},{"type":"Feature","id":"w139438091","properties":{"type":"yes","levels":3.0,"residential":true,"residents_est":3,"h3_10":"8a1e2e6b1d8ffff","h3_11":"8b1e2e6b1d8dfff"},"geometry":{"type":"Polygon","coordinates":[[[19.933945,50.065809],[19.934047,50.065697],[19.934242,50.065766],[19.934134,50.065879],[19.934057,50.065852],[19.934038,50.065869],[19.933965,50.065844],[19.933984,50.065822],[19.933945,50.065809]]]}},{"type":"Feature","id":"w139438094","properties":{"type":"yes","residential":true,"residents_est":5,"h3_10":"8a1e2e6b1d87fff","h3_11":"8b1e2e6b1d86fff"},"geometry":{"type":"Polygon","coordinates":[[[19.93124,50.065992],[19.931545,50.065664],[19.931616,50.065692],[19.931568,50.065745],[19.931583,50.065751],[19.931309,50.066046],[19.931264,50.066031],[19.931285,50.066009],[19.93124,50.065992]]]}},{"type":"Feature","id":"w139438095","properties":{"type":"yes","residential":true,"residents_est":1,"h3_10":"8a1e2e6b1db7fff","h3_11":"8b1e2e6b1db0fff"},"geometry":{"type":"Polygon","coordinates":[[[19.930436,50.066241],[19.930502,50.066136],[19.93063,50.066172],[19.930566,50.066274],[19.930436,50.066241]]]}},{"type":"Feature","id":"w139438097","properties":{"type":"yes","residential":true,"residents_est":1,"h3_10":"8a1e2e6b1daffff","h3_11":"8b1e2e6b1dabfff"},"geometry":{"type":"Polygon","coordinates":[[[19.933272,50.066473],[19.933343,50.06638],[19.933694,50.066434],[19.933694,50.06645],[19.933736,50.066459],[19.93373,50.06648],[19.933388,50.066428],[19.933344,50.066481],[19.933272,50.066473]]]}},{"type":"Feature","id":"w139438099","properties":{"type":"yes","levels":3.0,"residential":true,"residents_est":7,"h3_10":"8a1e2e6b1d8ffff","h3_11":"8b1e2e6b1d8efff"},"geometry":{"type":"Polygon","coordinates":[[[19.933069,50.065719],[19.933152,50.065633],[19.933164,50.065638],[19.933294,50.065497],[19.933346,50.065517],[19.933362,50.065505],[19.933573,50.065585],[19.933489,50.065667],[19.933369,50.065619],[19.933312,50.065692],[19.93338,50.065717],[19.933297,50.065802],[19.933069,50.065719]]]}},{"type":"Feature","id":"w139438100","properties":{"type":"apartments","levels":4.0,"residential":true,"residents_est":23,"h3_10":"8a1e2e6b1daffff","h3_11":"8b1e2e6b1dabfff"},"geometry":{"type":"Polygon","coordinates":[[[19.933515,50.066199],[19.933563,50.066155],[19.933673,50.066171],[19.933709,50.066101],[19.933726,50.066101],[19.933744,50.06607],[19.933766,50.066073],[19.933782,50.066041],[19.933916,50.066083],[19.93384,50.066214],[19.933998,50.066253],[19.934059,50.066127],[19.934251,50.066183],[19.934162,50.066347],[19.933515,50.066199]]]}},{"type":"Feature","id":"w139438101","properties":{"type":"yes","levels":1.0,"residential":true,"residents_est":0,"h3_10":"8a1e2e6b1d87fff","h3_11":"8b1e2e6b1d83fff"},"geometry":{"type":"Polygon","coordinates":[[[19.932217,50.065471],[19.93225,50.065426],[19.932547,50.065525],[19.932516,50.065573],[19.932217,50.065471]]]}},{"type":"Feature","id":"w139438102","properties":{"type":"yes","residential":true,"residents_est":11,"h3_10":"8a1e2e6b1d87fff","h3_11":"8b1e2e6b1d82fff"},"geometry":{"type":"Polygon","coordinates":[[[19.931296,50.065462],[19.93135,50.065369],[19.932008,50.06553],[19.931952,50.065622],[19.931946,50.065621],[19.931941,50.06563],[19.931902,50.06562],[19.931907,50.065611],[19.931825,50.065593],[19.931785,50.065661],[19.931669,50.065636],[19.931639,50.065666],[19.931601,50.065654],[19.931626,50.065625],[19.931661,50.065549],[19.931296,50.065462]]]}},{"type":"Feature","id":"w139438104","properties":{"type":"apartments","levels":2.0,"residential":true,"residents_est":6,"h3_10":"8a1e2e6b1db7fff","h3_11":"8b1e2e6b1db3fff"},"geometry":{"type":"Polygon","coordinates":[[[19.930386,50.065922],[19.930621,50.065715],[19.930782,50.065792],[19.930541,50.065992],[19.930386,50.065922]]]}},{"type":"Feature","id":"w139438105","properties":{"type":"dormitory","address":"Stefana Batorego 8A","residential":true,"residents_est":33,"h3_10":"8a1e2e6b1daffff","h3_11":"8b1e2e6b1daafff"},"geometry":{"type":"Polygon","coordinates":[[[19.932659,50.066481],[19.932779,50.066374],[19.933087,50.066503],[19.933142,50.066457],[19.933337,50.066524],[19.933394,50.066537],[19.933385,50.06657],[19.933325,50.066559],[19.933195,50.066709],[19.932659,50.066481]]]}},{"type":"Feature","id":"w139438107","properties":{"type":"apartments","levels":4.0,"residential":true,"residents_est":13,"h3_10":"8a1e2e6b1d17fff","h3_11":"8b1e2e6b1d13fff"},"geometry":{"type":"Polygon","coordinates":[[[19.933468,50.067353],[19.933517,50.067223],[19.933588,50.06724],[19.933571,50.067302],[19.933681,50.067319],[19.933702,50.067267],[19.933823,50.067293],[19.933754,50.067457],[19.933471,50.067419],[19.933494,50.067357],[19.933468,50.067353]]]}},{"type":"Feature","id":"w139438108","properties":{"type":"yes","levels":1.0,"residential":true,"residents_est":1,"h3_10":"8a1e2e6b1d8ffff","h3_11":"8b1e2e6b1d8efff"},"geometry":{"type":"Polygon","coordinates":[[[19.9329,50.06546],[19.932952,50.065383],[19.933252,50.065477],[19.933179,50.065555],[19.9329,50.06546]]]}},{"type":"Feature","id":"w139438109","properties":{"type":"apartments","levels":3.0,"residential":true,"residents_est":18,"h3_10":"8a1e2e6b1daffff","h3_11":"8b1e2e6b1dadfff"},"geometry":{"type":"Polygon","coordinates":[[[19.93348,50.066997],[19.933516,50.066913],[19.93367,50.066938],[19.933666,50.066962],[19.933699,50.066968],[19.933714,50.066932],[19.933689,50.066929],[19.933701,50.066887],[19.933724,50.066885],[19.933739,50.066853],[19.933695,50.066842],[19.933686,50.066854],[19.933527,50.066822],[19.933547,50.066774],[19.933733,50.066814],[19.93398,50.066846],[19.93391,50.067116],[19.933677,50.067078],[19.93369,50.067017],[19.933633,50.067008],[19.933626,50.067026],[19.93348,50.066997]]]}},{"type":"Feature","id":"w139438111","properties":{"type":"apartments","levels":2.0,"residential":true,"residents_est":4,"h3_10":"8a1e2e6b1da7fff","h3_11":"8b1e2e6b1da1fff"},"geometry":{"type":"Polygon","coordinates":[[[19.932324,50.067261],[19.932358,50.067156],[19.932632,50.067194],[19.932596,50.067297],[19.932324,50.067261]]]}},{"type":"Feature","id":"w139438112","properties":{"type":"yes","levels":3.0,"residential":true,"residents_est":6,"h3_10":"8a1e2e6b1d8ffff","h3_11":"8b1e2e6b1d88fff"},"geometry":{"type":"Polygon","coordinates":[[[19.933426,50.065732],[19.933589,50.065568],[19.934047,50.065697],[19.933953,50.065799],[19.933553,50.065678],[19.93354,50.065694],[19.933566,50.065703],[19.933507,50.065766],[19.933426,50.065732]]]}},{"type":"Feature","id":"w139438113","properties":{"type":"yes","residential":true,"residents_est":12,"h3_10":"8a1e2e6b1daffff","h3_11":"8b1e2e6b1daafff"},"geometry":{"type":"Polygon","coordinates":[[[19.933037,50.06638],[19.933386,50.066019],[19.93357,50.066099],[19.933556,50.066114],[19.933586,50.066125],[19.933563,50.066155],[19.933474,50.066238],[19.933371,50.066202],[19.933356,50.066222],[19.933384,50.06623],[19.933367,50.066247],[19.93339,50.066261],[19.93337,50.066286],[19.933402,50.066301],[19.933372,50.066341],[19.933332,50.066327],[19.933303,50.066353],[19.93325,50.066326],[19.933214,50.066371],[19.933317,50.066409],[19.933272,50.066473],[19.933037,50.06638]]]}},{"type":"Feature","id":"w139438116","properties":{"type":"retail","levels":1.0,"address":"Karmelicka 21","residential":false,"residents_est":0,"h3_10":"8a1e2e6b1d97fff","h3_11":"8b1e2e6b1d91fff"},"geometry":{"type":"Polygon","coordinates":[[[19.93103,50.065379],[19.931269,50.06517],[19.931401,50.065201],[19.931397,50.065215],[19.931365,50.065209],[19.931345,50.065239],[19.931323,50.065231],[19.931124,50.065418],[19.93103,50.065379]]]}},{"type":"Feature","id":"w139438117","properties":{"type":"yes","residential":true,"residents_est":5,"h3_10":"8a1e2e6b1db7fff","h3_11":"8b1e2e6b1db1fff"},"geometry":{"type":"Polygon","coordinates":[[[19.930585,50.066245],[19.93063,50.066172],[19.93109,50.066289],[19.931045,50.066361],[19.930585,50.066245]]]}},{"type":"Feature","id":"w139438119","properties":{"type":"yes","levels":3.0,"address":"Garbarska 13","residential":true,"residents_est":4,"h3_10":"8a1e2e6b1d9ffff","h3_11":"8b1e2e6b1d9dfff"},"geometry":{"type":"Polygon","coordinates":[[[19.932622,50.065435],[19.932704,50.065313],[19.932952,50.065383],[19.932867,50.065504],[19.932786,50.065481],[19.932767,50.065509],[19.932681,50.065485],[19.9327,50.065456],[19.932622,50.065435]]]}},{"type":"Feature","id":"w139438120","properties":{"type":"apartments","residential":true,"residents_est":12,"h3_10":"8a1e2e6b1d17fff","h3_11":"8b1e2e6b1d12fff"},"geometry":{"type":"Polygon","coordinates":[[[19.932653,50.067303],[19.932701,50.067186],[19.932785,50.067198],[19.9328,50.067151],[19.932894,50.067164],[19.932877,50.067208],[19.932965,50.06722],[19.932926,50.067344],[19.932653,50.067303]]]}},{"type":"Feature","id":"w139438124","properties":{"type":"yes","residential":false,"residents_est":0,"h3_10":"8a1e2e6b1d87fff","h3_11":"8b1e2e6b1d82fff"},"geometry":{"type":"Polygon","coordinates":[[[19.931641,50.065664],[19.931669,50.065636],[19.931747,50.065655],[19.931728,50.065686],[19.931641,50.065664]]]}},{"type":"Feature","id":"w139438127","properties":{"type":"yes","levels":2.0,"residential":true,"residents_est":4,"h3_10":"8a1e2e6b1d97fff","h3_11":"8b1e2e6b1d95fff"},"geometry":{"type":"Polygon","coordinates":[[[19.930621,50.065715],[19.93098,50.065425],[19.931099,50.06548],[19.93074,50.06577],[19.930621,50.065715]]]}},{"type":"Feature","id":"w139442244","properties":{"type":"apartments","levels":3.0,"residential":true,"residents_est":12,"h3_10":"8a1e2e6b1cb7fff","h3_11":"8b1e2e6b1cb5fff"},"geometry":{"type":"Polygon","coordinates":[[[19.933088,50.064188],[19.93338,50.06398],[19.933609,50.064182],[19.933471,50.064345],[19.933397,50.064314],[19.933425,50.064281],[19.933483,50.06425],[19.933324,50.064107],[19.933299,50.064121],[19.933277,50.06411],[19.933224,50.064143],[19.933242,50.064154],[19.933161,50.06422],[19.933088,50.064188]]]}},{"type":"Feature","id":"w139442246","properties":{"type":"yes","levels":2.0,"residential":true,"residents_est":4,"h3_10":"8a1e2e6b1ca7fff","h3_11":"8b1e2e6b1ca4fff"},"geometry":{"type":"Polygon","coordinates":[[[19.933681,50.064856],[19.933729,50.0648],[19.93371,50.064793],[19.933806,50.06472],[19.933817,50.064721],[19.9339,50.064651],[19.933862,50.064614],[19.933776,50.064653],[19.933766,50.06465],[19.933931,50.064474],[19.9341,50.064625],[19.933761,50.064888],[19.933681,50.064856]]]}},{"type":"Feature","id":"w139442247","properties":{"type":"yes","residential":true,"residents_est":1,"h3_10":"8a1e2e6b1d9ffff","h3_11":"8b1e2e6b1d99fff"},"geometry":{"type":"Polygon","coordinates":[[[19.932908,50.064785],[19.932973,50.064716],[19.933098,50.064766],[19.933036,50.064835],[19.932908,50.064785]]]}},{"type":"Feature","id":"w139442248","properties":{"type":"yes","residential":true,"residents_est":16,"h3_10":"8a1e2e6b1ca7fff","h3_11":"8b1e2e6b1ca6fff"},"geometry":{"type":"Polygon","coordinates":[[[19.933088,50.064777],[19.933451,50.064368],[19.933505,50.064388],[19.933471,50.064429],[19.933525,50.064445],[19.933454,50.064528],[19.933432,50.064522],[19.933299,50.064674],[19.933536,50.06476],[19.93365,50.064636],[19.933741,50.064668],[19.933506,50.064931],[19.9334,50.064893],[19.933417,50.064873],[19.933357,50.064851],[19.933348,50.064858],[19.933263,50.064829],[19.93327,50.064819],[19.93321,50.064796],[19.933193,50.064816],[19.933088,50.064777]]]}},{"type":"Feature","id":"w139442249","properties":{"type":"yes","levels":4.0,"residential":true,"residents_est":4,"h3_10":"8a1e2e6b1d8ffff","h3_11":"8b1e2e6b1d8afff"},"geometry":{"type":"Polygon","coordinates":[[[19.933311,50.065334],[19.933417,50.065227],[19.933628,50.065321],[19.933531,50.065434],[19.933311,50.065334]]]}},{"type":"Feature","id":"w139442251","properties":{"type":"apartments","levels":3.0,"address":"Karmelicka 3","residential":true,"residents_est":9,"h3_10":"8a1e2e6b1cb7fff","h3_11":"8b1e2e6b1cb5fff"},"geometry":{"type":"Polygon","coordinates":[[[19.9327,50.063875],[19.932807,50.063765],[19.932981,50.063857],[19.932943,50.063899],[19.932987,50.06393],[19.932963,50.063952],[19.933008,50.063974],[19.933062,50.063935],[19.933034,50.063921],[19.933054,50.063904],[19.933129,50.06395],[19.933141,50.063964],[19.933024,50.064047],[19.9327,50.063875]]]}},{"type":"Feature","id":"w139442252","properties":{"type":"yes","residential":true,"residents_est":1,"h3_10":"8a1e2e6b1ca7fff","h3_11":"8b1e2e6b1ca4fff"},"geometry":{"type":"Polygon","coordinates":[[[19.93343,50.065016],[19.933513,50.064923],[19.933543,50.064936],[19.93355,50.064927],[19.933615,50.064952],[19.933609,50.064963],[19.933654,50.064981],[19.933564,50.06507],[19.93343,50.065016]]]}},{"type":"Feature","id":"w139442253","properties":{"type":"apartments","levels":3.0,"residential":true,"residents_est":8,"h3_10":"8a1e2e6b1d8ffff","h3_11":"8b1e2e6b1d89fff"},"geometry":{"type":"Polygon","coordinates":[[[19.934126,50.065597],[19.934187,50.065492],[19.934364,50.065542],[19.934392,50.065543],[19.934407,50.065553],[19.934407,50.065569],[19.934453,50.065582],[19.934433,50.065613],[19.934464,50.06562],[19.934492,50.065585],[19.934508,50.06559],[19.934506,50.065632],[19.93452,50.065707],[19.934126,50.065597]]]}},{"type":"Feature","id":"w139442254","properties":{"type":"yes","levels":3.0,"residential":true,"residents_est":2,"h3_10":"8a1e2e6b1d8ffff","h3_11":"8b1e2e6b1d8afff"},"geometry":{"type":"Polygon","coordinates":[[[19.933175,50.065276],[19.93328,50.065168],[19.933417,50.065227],[19.933311,50.065334],[19.933175,50.065276]]]}},{"type":"Feature","id":"w139442256","properties":{"type":"yes","levels":4.0,"address":"Garbarska 18","name":"Alexander","residential":true,"residents_est":5,"h3_10":"8a1e2e6b1d9ffff","h3_11":"8b1e2e6b1d9dfff"},"geometry":{"type":"Polygon","coordinates":[[[19.932646,50.065073],[19.932735,50.064981],[19.933062,50.065109],[19.932975,50.065199],[19.932646,50.065073]]]}},{"type":"Feature","id":"w139442259","properties":{"type":"yes","residential":true,"residents_est":2,"h3_10":"8a1e2e6b1ca7fff","h3_11":"8b1e2e6b1ca6fff"},"geometry":{"type":"Polygon","coordinates":[[[19.933088,50.064289],[19.933161,50.06422],[19.933314,50.064279],[19.933288,50.064299],[19.933315,50.064334],[19.933366,50.064349],[19.933378,50.064336],[19.933403,50.064344],[19.933416,50.064334],[19.933392,50.064322],[19.933397,50.064314],[19.933471,50.064345],[19.933392,50.064433],[19.933088,50.064289]]]}},{"type":"Feature","id":"w139442261","properties":{"type":"yes","levels":3.0,"address":"Garbarska 10","name":"Amber Boutique Hotels","residential":true,"residents_est":3,"h3_10":"8a1e2e6b1d8ffff","h3_11":"8b1e2e6b1d88fff"},"geometry":{"type":"Polygon","coordinates":[[[19.933531,50.065434],[19.933628,50.065321],[19.933662,50.065323],[19.933651,50.065332],[19.933729,50.065356],[19.933738,50.065346],[19.933767,50.065355],[19.933764,50.065365],[19.933812,50.065381],[19.933735,50.06549],[19.933531,50.065434]]]}},{"type":"Feature","id":"w139442262","properties":{"type":"apartments","levels":4.0,"address":"Juliana Dunajewskiego 1","residential":true,"residents_est":25,"h3_10":"8a1e2e6b1cb7fff","h3_11":"8b1e2e6b1cb1fff"},"geometry":{"type":"Polygon","coordinates":[[[19.932807,50.063765],[19.932858,50.063708],[19.932877,50.063695],[19.932876,50.06369],[19.93294,50.063634],[19.932994,50.063631],[19.93338,50.06398],[19.933166,50.06413],[19.933024,50.064047],[19.933062,50.064021],[19.933119,50.064063],[19.933155,50.064063],[19.933188,50.064043],[19.933207,50.064041],[19.933206,50.064015],[19.933218,50.064005],[19.93315,50.063943],[19.933129,50.06395],[19.933045,50.063899],[19.9331,50.063877],[19.933074,50.063855],[19.933062,50.063863],[19.933008,50.063811],[19.932966,50.063848],[19.932807,50.063765]]]}},{"type":"Feature","id":"w139442263","properties":{"type":"yes","levels":4.0,"residential":true,"residents_est":3,"h3_10":"8a1e2e6b1d8ffff","h3_11":"8b1e2e6b1d8afff"},"geometry":{"type":"Polygon","coordinates":[[[19.932975,50.065199],[19.933062,50.065109],[19.933261,50.065187],[19.933175,50.065276],[19.932975,50.065199]]]}},{"type":"Feature","id":"w139442265","properties":{"type":"yes","residential":true,"residents_est":2,"h3_10":"8a1e2e6b1d9ffff","h3_11":"8b1e2e6b1d99fff"},"geometry":{"type":"Polygon","coordinates":[[[19.932771,50.064928],[19.932917,50.064788],[19.933036,50.064835],[19.932901,50.064977],[19.932771,50.064928]]]}},{"type":"Feature","id":"w139442266","properties":{"type":"apartments","levels":3.0,"residential":true,"residents_est":5,"h3_10":"8a1e2e6b1d8ffff","h3_11":"8b1e2e6b1d88fff"},"geometry":{"type":"Polygon","coordinates":[[[19.93393,50.065542],[19.934013,50.06543],[19.934034,50.065435],[19.934025,50.065442],[19.934051,50.06545],[19.934065,50.065448],[19.934096,50.065458],[19.934099,50.065465],[19.93412,50.065471],[19.934126,50.065462],[19.934149,50.06547],[19.934149,50.06548],[19.934187,50.065492],[19.934126,50.065597],[19.93393,50.065542]]]}},{"type":"Feature","id":"w139442267","properties":{"type":"hotel","levels":3.0,"residential":false,"residents_est":0,"h3_10":"8a1e2e6b1d8ffff","h3_11":"8b1e2e6b1d88fff"},"geometry":{"type":"Polygon","coordinates":[[[19.933735,50.06549],[19.933812,50.065381],[19.93386,50.065392],[19.933866,50.065386],[19.933889,50.065392],[19.933895,50.065386],[19.933929,50.065395],[19.933923,50.065408],[19.934013,50.06543],[19.93393,50.065542],[19.933735,50.06549]]]}},{"type":"Feature","id":"r1876768","properties":{"type":"yes","address":"Juliana Dunajewskiego 6","residential":true,"residents_est":21,"h3_10":"8a1e2e6b1d8ffff","h3_11":"8b1e2e6b1d8bfff"},"geometry":{"type":"Polygon","coordinates":[[[19.933726,50.065238],[19.933749,50.065207],[19.933873,50.065094],[19.934076,50.064945],[19.934323,50.064828],[19.934604,50.065083],[19.93412,50.0653],[19.934089,50.065346],[19.933726,50.065238]],[[19.93391,50.06515],[19.933914,50.065167],[19.933933,50.065166],[19.934014,50.06519],[19.934062,50.065192],[19.93411,50.065231],[19.934276,50.065153],[19.934401,50.065132],[19.934319,50.065066],[19.934266,50.065084],[19.93425,50.065073],[19.934201,50.065096],[19.934179,50.065082],[19.934167,50.065067],[19.934216,50.065046],[19.934181,50.065009],[19.934226,50.064981],[19.934204,50.064961],[19.934204,50.064947],[19.934182,50.064941],[19.934115,50.064989],[19.934118,50.065004],[19.934011,50.065079],[19.934024,50.065086],[19.933994,50.065111],[19.933981,50.065112],[19.933959,50.06513],[19.933945,50.065129],[19.93391,50.06515]]]}},{"type":"Feature","id":"w139442270","properties":{"type":"yes","residential":true,"residents_est":5,"h3_10":"8a1e2e6b1d8ffff","h3_11":"8b1e2e6b1d8afff"},"geometry":{"type":"Polygon","coordinates":[[[19.933512,50.065119],[19.933631,50.065008],[19.933873,50.065094],[19.933749,50.065207],[19.933512,50.065119]]]}},{"type":"Feature","id":"w139442791","properties":{"type":"apartments","levels":3.0,"address":"Karmelicka 5","name":"KrakTax Biuro Rachunkowe Kraków - Księgowość Kraków","residential":true,"residents_est":6,"h3_10":"8a1e2e6b1cb7fff","h3_11":"8b1e2e6b1cb5fff"},"geometry":{"type":"Polygon","coordinates":[[[19.932629,50.063944],[19.9327,50.063875],[19.933048,50.064063],[19.932977,50.064117],[19.932895,50.064082],[19.932956,50.064034],[19.9329,50.064003],[19.932834,50.064051],[19.932629,50.063944]]]}},{"type":"Feature","id":"w139442793","properties":{"type":"yes","levels":2.0,"residential":true,"residents_est":1,"h3_10":"8a1e2e6b1d9ffff","h3_11":"8b1e2e6b1d98fff"},"geometry":{"type":"Polygon","coordinates":[[[19.932498,50.065007],[19.932592,50.064912],[19.93266,50.064939],[19.932673,50.064929],[19.932693,50.064938],[19.932593,50.065048],[19.932498,50.065007]]]}},{"type":"Feature","id":"w139442794","properties":{"type":"yes","levels":3.0,"residential":true,"residents_est":4,"h3_10":"8a1e2e6b1d9ffff","h3_11":"8b1e2e6b1d98fff"},"geometry":{"type":"Polygon","coordinates":[[[19.932247,50.064906],[19.932389,50.064764],[19.932448,50.064794],[19.932416,50.064834],[19.932471,50.064859],[19.932486,50.064843],[19.932544,50.064865],[19.932524,50.064883],[19.932592,50.064912],[19.932498,50.065007],[19.932247,50.064906]]]}},{"type":"Feature","id":"w139442795","properties":{"type":"apartments","levels":3.0,"residential":true,"residents_est":10,"h3_10":"8a1e2e6b1cb7fff","h3_11":"8b1e2e6b1cb5fff"},"geometry":{"type":"Polygon","coordinates":[[[19.932556,50.064019],[19.932629,50.063944],[19.932895,50.064082],[19.932977,50.064117],[19.933048,50.064063],[19.933166,50.06413],[19.933105,50.064175],[19.933048,50.064149],[19.932995,50.064192],[19.932915,50.064154],[19.93291,50.064131],[19.932919,50.064124],[19.932887,50.064105],[19.932826,50.064155],[19.932718,50.064107],[19.932556,50.064019]]]}},{"type":"Feature","id":"w139442796","properties":{"type":"apartments","levels":4.0,"residential":true,"residents_est":16,"h3_10":"8a1e2e6b1cb7fff","h3_11":"8b1e2e6b1cb4fff"},"geometry":{"type":"Polygon","coordinates":[[[19.932424,50.064153],[19.932429,50.064148],[19.93245,50.064159],[19.932468,50.064141],[19.932449,50.064128],[19.932558,50.064022],[19.932718,50.064107],[19.932697,50.064125],[19.932719,50.064145],[19.93286,50.064213],[19.932855,50.064222],[19.93295,50.064262],[19.932946,50.064269],[19.933014,50.064298],[19.932944,50.06436],[19.932793,50.064298],[19.932817,50.064278],[19.932617,50.064193],[19.932594,50.064221],[19.932424,50.064153]]]}},{"type":"Feature","id":"w139442797","properties":{"type":"apartments","levels":4.0,"residential":true,"residents_est":11,"h3_10":"8a1e2e6b1d9ffff","h3_11":"8b1e2e6b1d9bfff"},"geometry":{"type":"Polygon","coordinates":[[[19.932302,50.064275],[19.932424,50.064153],[19.932793,50.064298],[19.932756,50.064337],[19.932632,50.06429],[19.932629,50.06427],[19.932584,50.064254],[19.932553,50.064289],[19.932569,50.064309],[19.932521,50.064358],[19.932302,50.064275]]]}},{"type":"Feature","id":"w139442798","properties":{"type":"apartments","levels":2.0,"residential":true,"residents_est":6,"h3_10":"8a1e2e6b1d9ffff","h3_11":"8b1e2e6b1d9bfff"},"geometry":{"type":"Polygon","coordinates":[[[19.93216,50.064419],[19.932302,50.064275],[19.932382,50.064307],[19.932356,50.064336],[19.932558,50.064411],[19.932538,50.064439],[19.932508,50.064431],[19.932491,50.064448],[19.9325,50.064461],[19.93248,50.064474],[19.932461,50.064475],[19.932448,50.064493],[19.932504,50.064515],[19.932479,50.06454],[19.93216,50.064419]]]}},{"type":"Feature","id":"w139442800","properties":{"type":"retail","levels":1.0,"residential":false,"residents_est":0,"h3_10":"8a1e2e6b1d9ffff","h3_11":"8b1e2e6b1d9afff"},"geometry":{"type":"Polygon","coordinates":[[[19.932008,50.064579],[19.93204,50.064545],[19.932113,50.06458],[19.932085,50.064606],[19.932008,50.064579]]]}},{"type":"Feature","id":"r1876788","properties":{"type":"apartments","levels":1.0,"address":"Karmelicka 17","residential":true,"residents_est":5,"h3_10":"8a1e2e6b1d9ffff","h3_11":"8b1e2e6b1d9afff"},"geometry":{"type":"Polygon","coordinates":[[[19.932036,50.064543],[19.93216,50.064419],[19.932479,50.06454],[19.932583,50.064592],[19.932559,50.064624],[19.932595,50.064643],[19.932475,50.064765],[19.932275,50.064638],[19.932249,50.064637],[19.932036,50.064543]],[[19.932299,50.064586],[19.932456,50.064673],[19.932488,50.064644],[19.932432,50.06462],[19.932473,50.064573],[19.93236,50.064528],[19.932299,50.064586]]]}},{"type":"Feature","id":"w139527008","properties":{"type":"yes","address":"Łobzowska 18","residential":true,"residents_est":5,"h3_10":"8a1e2e6b1d2ffff","h3_11":"8b1e2e6b1d2bfff"},"geometry":{"type":"Polygon","coordinates":[[[19.935891,50.069136],[19.935992,50.068974],[19.935943,50.068965],[19.93597,50.06887],[19.936164,50.068899],[19.936006,50.069164],[19.935891,50.069136]]]}},{"type":"Feature","id":"w139527016","properties":{"type":"yes","levels":2.0,"address":"Władysława Spasowskiego 4","residential":true,"residents_est":1,"h3_10":"8a1e2e6b1d27fff","h3_11":"8b1e2e6b1d26fff"},"geometry":{"type":"Polygon","coordinates":[[[19.933206,50.069682],[19.933228,50.069631],[19.933385,50.069659],[19.933363,50.069709],[19.933206,50.069682]]]}},{"type":"Feature","id":"w139527019","properties":{"type":"apartments","levels":3.0,"address":"Krowoderska 28","residential":true,"residents_est":6,"h3_10":"8a1e2e6b1d2ffff","h3_11":"8b1e2e6b1d2cfff"},"geometry":{"type":"Polygon","coordinates":[[[19.93567,50.069586],[19.935831,50.069459],[19.935993,50.069538],[19.935868,50.069647],[19.93567,50.069586]]]}},{"type":"Feature","id":"w139527022","properties":{"type":"apartments","levels":4.0,"address":"Krowoderska 32","residential":true,"residents_est":5,"h3_10":"8a1e2e6b1d2ffff","h3_11":"8b1e2e6b1d2cfff"},"geometry":{"type":"Polygon","coordinates":[[[19.935434,50.069796],[19.935456,50.06978],[19.935439,50.06977],[19.935492,50.069727],[19.93569,50.069802],[19.935601,50.069881],[19.935434,50.069796]]]}},{"type":"Feature","id":"w139527029","properties":{"type":"yes","residential":true,"residents_est":5,"h3_10":"8a1e2e6b1d27fff","h3_11":"8b1e2e6b1d25fff"},"geometry":{"type":"Polygon","coordinates":[[[19.934358,50.070194],[19.934417,50.070105],[19.93439,50.070102],[19.934435,50.070035],[19.934667,50.070092],[19.934623,50.070161],[19.934592,50.07015],[19.934531,50.070236],[19.934358,50.070194]]]}},{"type":"Feature","id":"w139527033","properties":{"type":"yes","levels":4.0,"address":"Krowoderska 22","residential":true,"residents_est":5,"h3_10":"8a1e2e6b1d2ffff","h3_11":"8b1e2e6b1d28fff"},"geometry":{"type":"Polygon","coordinates":[[[19.93612,50.069201],[19.936213,50.069127],[19.936205,50.069117],[19.936294,50.069043],[19.936471,50.06913],[19.936298,50.069283],[19.93612,50.069201]]]}},{"type":"Feature","id":"w139527034","properties":{"type":"apartments","levels":4.0,"address":"Krowoderska 26","residential":true,"residents_est":9,"h3_10":"8a1e2e6b1d2ffff","h3_11":"8b1e2e6b1d28fff"},"geometry":{"type":"Polygon","coordinates":[[[19.935831,50.069459],[19.935987,50.069324],[19.936154,50.069404],[19.935993,50.069538],[19.935831,50.069459]]]}},{"type":"Feature","id":"w139527037","properties":{"type":"apartments","levels":4.0,"address":"Władysława Spasowskiego 2","residential":true,"residents_est":7,"h3_10":"8a1e2e6b1d37fff","h3_11":"8b1e2e6b1d35fff"},"geometry":{"type":"Polygon","coordinates":[[[19.932939,50.069367],[19.93301,50.069252],[19.933205,50.069302],[19.933135,50.069418],[19.932939,50.069367]]]}},{"type":"Feature","id":"w139527040","properties":{"type":"apartments","levels":3.0,"address":"Krowoderska 30","residential":true,"residents_est":8,"h3_10":"8a1e2e6b1d2ffff","h3_11":"8b1e2e6b1d2cfff"},"geometry":{"type":"Polygon","coordinates":[[[19.935437,50.069706],[19.935456,50.069681],[19.935494,50.069694],[19.935477,50.069709],[19.935525,50.069726],[19.935682,50.069589],[19.935868,50.069647],[19.93569,50.069802],[19.935437,50.069706]]]}},{"type":"Feature","id":"w139527045","properties":{"type":"yes","levels":4.0,"address":"Krowoderska 24","residential":true,"residents_est":4,"h3_10":"8a1e2e6b1d2ffff","h3_11":"8b1e2e6b1d28fff"},"geometry":{"type":"Polygon","coordinates":[[[19.935987,50.069324],[19.93612,50.069201],[19.936298,50.069283],[19.936154,50.069404],[19.935987,50.069324]]]}},{"type":"Feature","id":"w139527049","properties":{"type":"yes","levels":4.0,"address":"Władysława Spasowskiego 6","residential":true,"residents_est":5,"h3_10":"8a1e2e6b1d27fff","h3_11":"8b1e2e6b1d26fff"},"geometry":{"type":"Polygon","coordinates":[[[19.933414,50.069491],[19.933468,50.06936],[19.933706,50.069401],[19.933652,50.069531],[19.933568,50.069517],[19.933562,50.069533],[19.933492,50.069521],[19.933498,50.069506],[19.933414,50.069491]]]}},{"type":"Feature","id":"w139527050","properties":{"type":"yes","residential":true,"residents_est":0,"h3_10":"8a1e2e6b1d07fff","h3_11":"8b1e2e6b1d02fff"},"geometry":{"type":"Polygon","coordinates":[[[19.934188,50.068092],[19.934206,50.068044],[19.934337,50.068064],[19.93432,50.068112],[19.934188,50.068092]]]}},{"type":"Feature","id":"w139528284","properties":{"type":"house","levels":2.0,"address":"Łobzowska 17","residential":true,"residents_est":1,"h3_10":"8a1e2e6b1d17fff","h3_11":"8b1e2e6b1d11fff"},"geometry":{"type":"Polygon","coordinates":[[[19.933874,50.067761],[19.933904,50.067695],[19.933982,50.067711],[19.933949,50.067775],[19.933874,50.067761]]]}},{"type":"Feature","id":"w139528285","properties":{"type":"yes","address":"Łobzowska 25a","residential":false,"residents_est":0,"h3_10":"8a1e2e6b1d07fff","h3_11":"8b1e2e6b1d02fff"},"geometry":{"type":"Polygon","coordinates":[[[19.933877,50.068309],[19.933909,50.068262],[19.93398,50.068278],[19.933949,50.068327],[19.933877,50.068309]]]}},{"type":"Feature","id":"w139528286","properties":{"type":"apartments","levels":4.0,"address":"Biskupia 6","residential":true,"residents_est":8,"h3_10":"8a1e2e6b1d1ffff","h3_11":"8b1e2e6b1d1cfff"},"geometry":{"type":"Polygon","coordinates":[[[19.934547,50.067652],[19.9346,50.067496],[19.93479,50.067522],[19.934736,50.067682],[19.934547,50.067652]]]}},{"type":"Feature","id":"w139528287","properties":{"type":"apartments","levels":4.0,"address":"Łobzowska 25","residential":true,"residents_est":8,"h3_10":"8a1e2e6b1d07fff","h3_11":"8b1e2e6b1d06fff"},"geometry":{"type":"Polygon","coordinates":[[[19.93357,50.068331],[19.933642,50.068207],[19.933909,50.068262],[19.933877,50.068309],[19.933792,50.068286],[19.933739,50.068372],[19.93357,50.068331]]]}},{"type":"Feature","id":"w139528289","properties":{"type":"apartments","levels":5.0,"address":"Biskupia 2","residential":true,"residents_est":18,"h3_10":"8a1e2e6b1d1ffff","h3_11":"8b1e2e6b1d1efff"},"geometry":{"type":"Polygon","coordinates":[[[19.933975,50.067515],[19.934037,50.067386],[19.934078,50.067365],[19.934431,50.067407],[19.934337,50.067532],[19.93427,50.067521],[19.934269,50.067512],[19.934192,50.067507],[19.934169,50.067554],[19.933975,50.067515]]]}},{"type":"Feature","id":"w139528290","properties":{"type":"apartments","residential":true,"residents_est":21,"h3_10":"8a1e2e6b1d17fff","h3_11":"8b1e2e6b1d11fff"},"geometry":{"type":"Polygon","coordinates":[[[19.933705,50.068101],[19.933863,50.067759],[19.933949,50.067775],[19.933938,50.067801],[19.933986,50.067809],[19.933981,50.067818],[19.934135,50.06785],[19.934089,50.067936],[19.933944,50.067906],[19.933919,50.067969],[19.933966,50.067977],[19.933956,50.067995],[19.933939,50.067992],[19.933917,50.068039],[19.933903,50.068039],[19.93389,50.06805],[19.933891,50.068067],[19.933862,50.068123],[19.933705,50.068101]]]}},{"type":"Feature","id":"w139528291","properties":{"type":"apartments","levels":4.0,"address":"Władysława Spasowskiego 1","residential":true,"residents_est":6,"h3_10":"8a1e2e6b1d37fff","h3_11":"8b1e2e6b1d35fff"},"geometry":{"type":"Polygon","coordinates":[[[19.933115,50.06908],[19.933186,50.068966],[19.933384,50.069014],[19.933313,50.069129],[19.933115,50.06908]]]}},{"type":"Feature","id":"w139528293","properties":{"type":"apartments","levels":4.0,"address":"Łobzowska 35","residential":true,"residents_est":7,"h3_10":"8a1e2e6b1d37fff","h3_11":"8b1e2e6b1d31fff"},"geometry":{"type":"Polygon","coordinates":[[[19.933186,50.068966],[19.933253,50.068856],[19.933453,50.068903],[19.933384,50.069014],[19.933186,50.068966]]]}},{"type":"Feature","id":"w139528294","properties":{"type":"apartments","levels":4.0,"address":"Biskupia 10","residential":true,"residents_est":8,"h3_10":"8a1e2e6b1d1ffff","h3_11":"8b1e2e6b1d1dfff"},"geometry":{"type":"Polygon","coordinates":[[[19.934973,50.06768],[19.935001,50.067549],[19.93525,50.067582],[19.935209,50.067712],[19.934973,50.06768]]]}},{"type":"Feature","id":"w139528295","properties":{"type":"apartments","levels":4.0,"address":"Biskupia 8","residential":true,"residents_est":11,"h3_10":"8a1e2e6b1d1ffff","h3_11":"8b1e2e6b1d1dfff"},"geometry":{"type":"Polygon","coordinates":[[[19.934734,50.067692],[19.93479,50.067522],[19.935001,50.067549],[19.934973,50.06768],[19.934941,50.067785],[19.934876,50.067777],[19.934901,50.067701],[19.934886,50.067688],[19.934856,50.067682],[19.934853,50.067696],[19.934806,50.067691],[19.934802,50.067702],[19.934734,50.067692]]]}},{"type":"Feature","id":"w139528296","properties":{"type":"yes","levels":4.0,"address":"Biskupia 20","residential":true,"residents_est":7,"h3_10":"8a1e2e6b1d0ffff","h3_11":"8b1e2e6b1d0bfff"},"geometry":{"type":"Polygon","coordinates":[[[19.936209,50.06786],[19.936257,50.067714],[19.936588,50.067762],[19.93654,50.067907],[19.9364,50.067886],[19.936403,50.067876],[19.936353,50.06787],[19.936348,50.06788],[19.936209,50.06786]]]}},{"type":"Feature","id":"w139528299","properties":{"type":"apartments","levels":3.0,"address":"Łobzowska 29","residential":true,"residents_est":6,"h3_10":"8a1e2e6b1d07fff","h3_11":"8b1e2e6b1d06fff"},"geometry":{"type":"Polygon","coordinates":[[[19.933392,50.068624],[19.933465,50.068504],[19.933774,50.068587],[19.933742,50.06863],[19.933596,50.068588],[19.933567,50.068638],[19.933606,50.068648],[19.93359,50.068674],[19.933392,50.068624]]]}},{"type":"Feature","id":"w139528301","properties":{"type":"yes","levels":3.0,"address":"Biskupia 18","residential":true,"residents_est":4,"h3_10":"8a1e2e6b1d0ffff","h3_11":"8b1e2e6b1d0afff"},"geometry":{"type":"Polygon","coordinates":[[[19.935982,50.067768],[19.93601,50.067684],[19.936257,50.067714],[19.936209,50.06786],[19.936148,50.06801],[19.936071,50.067999],[19.936136,50.067792],[19.935982,50.067768]]]}},{"type":"Feature","id":"w139528304","properties":{"type":"apartments","levels":4.0,"address":"Łobzowska 31","residential":true,"residents_est":6,"h3_10":"8a1e2e6b1d37fff","h3_11":"8b1e2e6b1d31fff"},"geometry":{"type":"Polygon","coordinates":[[[19.933318,50.068747],[19.933392,50.068624],[19.933553,50.068664],[19.933542,50.068685],[19.933558,50.068689],[19.933533,50.068733],[19.933515,50.068729],[19.93348,50.068787],[19.933318,50.068747]]]}},{"type":"Feature","id":"w139528306","properties":{"type":"apartments","levels":6.0,"address":"Biskupia 14","residential":true,"residents_est":13,"h3_10":"8a1e2e6b1d0ffff","h3_11":"8b1e2e6b1d0afff"},"geometry":{"type":"Polygon","coordinates":[[[19.93546,50.06776],[19.935491,50.067615],[19.935729,50.067647],[19.935688,50.067798],[19.935674,50.067795],[19.935676,50.067788],[19.935626,50.067782],[19.935624,50.067769],[19.935526,50.067759],[19.93552,50.067768],[19.93546,50.06776]]]}},{"type":"Feature","id":"w139528307","properties":{"type":"apartments","levels":6.0,"address":"Biskupia 16","residential":true,"residents_est":14,"h3_10":"8a1e2e6b1d0ffff","h3_11":"8b1e2e6b1d0afff"},"geometry":{"type":"Polygon","coordinates":[[[19.935695,50.067772],[19.935729,50.067647],[19.93601,50.067684],[19.935966,50.06781],[19.935695,50.067772]]]}},{"type":"Feature","id":"w139528308","properties":{"type":"apartments","levels":5.0,"address":"Łobzowska 15","residential":true,"residents_est":16,"h3_10":"8a1e2e6b1d1ffff","h3_11":"8b1e2e6b1d1efff"},"geometry":{"type":"Polygon","coordinates":[[[19.933893,50.067692],[19.933975,50.067515],[19.934331,50.067588],[19.934303,50.067628],[19.934189,50.067606],[19.934188,50.067593],[19.934161,50.067588],[19.934124,50.067663],[19.934102,50.067659],[19.934092,50.067681],[19.934109,50.067694],[19.934136,50.067701],[19.934158,50.067692],[19.934212,50.067704],[19.934183,50.067754],[19.933893,50.067692]]]}},{"type":"Feature","id":"w139528311","properties":{"type":"apartments","levels":4.0,"address":"Łobzowska 23","residential":true,"residents_est":7,"h3_10":"8a1e2e6b1d07fff","h3_11":"8b1e2e6b1d02fff"},"geometry":{"type":"Polygon","coordinates":[[[19.933642,50.068207],[19.933705,50.068101],[19.933875,50.068125],[19.933857,50.068176],[19.933841,50.0682],[19.933852,50.068214],[19.933902,50.068221],[19.933879,50.068255],[19.933642,50.068207]]]}},{"type":"Feature","id":"w139528313","properties":{"type":"apartments","levels":4.0,"address":"Łobzowska 33","residential":true,"residents_est":6,"h3_10":"8a1e2e6b1d37fff","h3_11":"8b1e2e6b1d31fff"},"geometry":{"type":"Polygon","coordinates":[[[19.933253,50.068856],[19.933318,50.068747],[19.93348,50.068787],[19.933465,50.06881],[19.933504,50.068819],[19.933453,50.068903],[19.933253,50.068856]]]}},{"type":"Feature","id":"w139528316","properties":{"type":"apartments","levels":4.0,"address":"Łobzowska 27","residential":true,"residents_est":10,"h3_10":"8a1e2e6b1d07fff","h3_11":"8b1e2e6b1d06fff"},"geometry":{"type":"Polygon","coordinates":[[[19.933465,50.068504],[19.93357,50.068331],[19.933739,50.068372],[19.933705,50.06843],[19.933764,50.068443],[19.93373,50.068502],[19.933669,50.068489],[19.933666,50.068515],[19.933719,50.068532],[19.933698,50.068564],[19.933465,50.068504]]]}},{"type":"Feature","id":"w139528318","properties":{"type":"yes","levels":3.0,"address":"Biskupia 22","residential":true,"residents_est":4,"h3_10":"8a1e2e6b1d0ffff","h3_11":"8b1e2e6b1d0bfff"},"geometry":{"type":"Polygon","coordinates":[[[19.936501,50.068034],[19.936588,50.067762],[19.936762,50.067786],[19.936721,50.067933],[19.936672,50.067924],[19.936621,50.068056],[19.936501,50.068034]]]}},{"type":"Feature","id":"w139528320","properties":{"type":"apartments","levels":5.0,"address":"Biskupia 4","residential":true,"residents_est":14,"h3_10":"8a1e2e6b1d1ffff","h3_11":"8b1e2e6b1d1efff"},"geometry":{"type":"Polygon","coordinates":[[[19.934337,50.067532],[19.934431,50.067407],[19.934548,50.067422],[19.93454,50.067475],[19.934556,50.06749],[19.9346,50.067496],[19.934547,50.067644],[19.93451,50.067639],[19.934504,50.067652],[19.934401,50.06764],[19.934385,50.067666],[19.934338,50.067651],[19.9344,50.067557],[19.934388,50.067547],[19.934337,50.067532]]]}},{"type":"Feature","id":"w139528324","properties":{"type":"apartments","levels":4.0,"address":"Biskupia 12","residential":true,"residents_est":13,"h3_10":"8a1e2e6b1d1ffff","h3_11":"8b1e2e6b1d1dfff"},"geometry":{"type":"Polygon","coordinates":[[[19.935153,50.067871],[19.935188,50.067741],[19.935209,50.067712],[19.93525,50.067582],[19.935491,50.067615],[19.935462,50.067741],[19.935274,50.067716],[19.935253,50.067721],[19.935257,50.067736],[19.935297,50.067744],[19.935252,50.067886],[19.935153,50.067871]]]}},{"type":"Feature","id":"w139532681","properties":{"type":"apartments","levels":3.0,"address":"Łobzowska 5","residential":true,"residents_est":7,"h3_10":"8a1e2e6b1daffff","h3_11":"8b1e2e6b1da9fff"},"geometry":{"type":"Polygon","coordinates":[[[19.934225,50.066799],[19.934264,50.06666],[19.93454,50.066654],[19.934583,50.066726],[19.93452,50.066735],[19.934487,50.066727],[19.934446,50.066735],[19.934421,50.066823],[19.934225,50.066799]]]}},{"type":"Feature","id":"w139532683","properties":{"type":"yes","levels":3.0,"address":"Adama Asnyka 6a","residential":true,"residents_est":0,"h3_10":"8a1e2e6b1c37fff","h3_11":"8b1e2e6b1c34fff"},"geometry":{"type":"Polygon","coordinates":[[[19.93454,50.066654],[19.934723,50.06664],[19.93473,50.066682],[19.934668,50.066689],[19.93467,50.06672],[19.934583,50.066726],[19.93454,50.066654]]]}},{"type":"Feature","id":"w139532684","properties":{"type":"industrial","levels":1.0,"address":"Adama Asnyka 6","residential":false,"residents_est":0,"h3_10":"8a1e2e6b1c37fff","h3_11":"8b1e2e6b1c34fff"},"geometry":{"type":"Polygon","coordinates":[[[19.934631,50.066575],[19.934658,50.066408],[19.934763,50.066417],[19.934766,50.066395],[19.934783,50.066392],[19.934789,50.066371],[19.934856,50.066374],[19.934802,50.066635],[19.934645,50.066644],[19.934631,50.066575]]]}},{"type":"Feature","id":"w139532685","properties":{"type":"yes","levels":4.0,"address":"Biskupia 1","residential":true,"residents_est":8,"h3_10":"8a1e2e6b1d1ffff","h3_11":"8b1e2e6b1d1afff"},"geometry":{"type":"Polygon","coordinates":[[[19.934099,50.067247],[19.934136,50.067126],[19.934658,50.067185],[19.934649,50.067254],[19.934608,50.067248],[19.934593,50.067301],[19.934099,50.067247]]]}},{"type":"Feature","id":"w139532686","properties":{"type":"apartments","levels":3.0,"address":"Łobzowska 9","residential":true,"residents_est":5,"h3_10":"8a1e2e6b1d1ffff","h3_11":"8b1e2e6b1d1afff"},"geometry":{"type":"Polygon","coordinates":[[[19.934136,50.067126],[19.934171,50.066994],[19.934384,50.067026],[19.934361,50.067097],[19.934381,50.067099],[19.934373,50.067133],[19.934349,50.067132],[19.934344,50.067147],[19.934136,50.067126]]]}},{"type":"Feature","id":"w139532687","properties":{"type":"yes","levels":3.0,"address":"Adama Asnyka 12","residential":true,"residents_est":2,"h3_10":"8a1e2e6b1d1ffff","h3_11":"8b1e2e6b1d1afff"},"geometry":{"type":"Polygon","coordinates":[[[19.934475,50.067083],[19.934487,50.06704],[19.934685,50.067067],[19.934658,50.067185],[19.93451,50.067168],[19.934533,50.06709],[19.934475,50.067083]]]}},{"type":"Feature","id":"w139532689","properties":{"type":"yes","levels":3.0,"address":"Adama Asnyka 4","residential":true,"residents_est":2,"h3_10":"8a1e2e6b1c37fff","h3_11":"8b1e2e6b1c36fff"},"geometry":{"type":"Polygon","coordinates":[[[19.934597,50.066337],[19.934609,50.066209],[19.934695,50.066218],[19.934692,50.066285],[19.934852,50.066289],[19.934846,50.066346],[19.934597,50.066337]]]}},{"type":"Feature","id":"w139532691","properties":{"type":"apartments","levels":4.0,"address":"Adama Asnyka 10","residential":true,"residents_est":9,"h3_10":"8a1e2e6b1d1ffff","h3_11":"8b1e2e6b1d1afff"},"geometry":{"type":"Polygon","coordinates":[[[19.934522,50.067044],[19.934585,50.066836],[19.934735,50.066847],[19.934685,50.067067],[19.934522,50.067044]]]}},{"type":"Feature","id":"w139532692","properties":{"type":"commercial","levels":3.0,"address":"Łobzowska 3","residential":false,"residents_est":0,"h3_10":"8a1e2e6b1c37fff","h3_11":"8b1e2e6b1c36fff"},"geometry":{"type":"Polygon","coordinates":[[[19.934264,50.06666],[19.934429,50.066328],[19.934617,50.06634],[19.934615,50.066351],[19.934587,50.066349],[19.934572,50.06641],[19.934597,50.066411],[19.934549,50.066581],[19.934488,50.066572],[19.934456,50.066659],[19.934264,50.06666]]]}},{"type":"Feature","id":"w139532693","properties":{"type":"civic","levels":2.0,"address":"Garbarska 1","name":"pałac Tyszkiewiczów","residential":false,"residents_est":0,"h3_10":"8a1e2e6b1c37fff","h3_11":"8b1e2e6b1c32fff"},"geometry":{"type":"Polygon","coordinates":[[[19.934668,50.066189],[19.934685,50.066128],[19.934725,50.066132],[19.934752,50.066041],[19.934725,50.066024],[19.93474,50.065966],[19.934776,50.065954],[19.93478,50.065913],[19.934933,50.065931],[19.934939,50.065925],[19.934973,50.065925],[19.934991,50.065945],[19.934977,50.065962],[19.934968,50.065961],[19.934949,50.066035],[19.93496,50.066035],[19.934933,50.066119],[19.934923,50.066116],[19.934895,50.066219],[19.934668,50.066189]]]}},{"type":"Feature","id":"w139532694","properties":{"type":"apartments","levels":3.0,"address":"Łobzowska 7","residential":true,"residents_est":9,"h3_10":"8a1e2e6b1d1ffff","h3_11":"8b1e2e6b1d1afff"},"geometry":{"type":"Polygon","coordinates":[[[19.934171,50.066994],[19.934225,50.066799],[19.934507,50.066833],[19.934497,50.066874],[19.934433,50.066867],[19.934417,50.066859],[19.934395,50.066871],[19.934413,50.066897],[19.934401,50.066908],[19.934387,50.066967],[19.934425,50.066974],[19.934434,50.066967],[19.934464,50.066969],[19.934468,50.066977],[19.934449,50.067035],[19.934171,50.066994]]]}},{"type":"Feature","id":"w139545156","properties":{"type":"apartments","levels":5.0,"address":"Adama Asnyka 1","residential":true,"residents_est":29,"h3_10":"8a1e2e6b1c37fff","h3_11":"8b1e2e6b1c30fff"},"geometry":{"type":"Polygon","coordinates":[[[19.935013,50.066522],[19.935083,50.066243],[19.935471,50.06626],[19.935443,50.066562],[19.935363,50.066555],[19.935368,50.066464],[19.935392,50.066464],[19.935392,50.066456],[19.935408,50.066455],[19.93542,50.066376],[19.935274,50.06638],[19.935271,50.066373],[19.935243,50.066372],[19.935239,50.066384],[19.935211,50.066395],[19.935227,50.066408],[19.935213,50.066441],[19.935223,50.066443],[19.935224,50.066459],[19.93521,50.066498],[19.935162,50.066493],[19.935149,50.066535],[19.935013,50.066522]]]}},{"type":"Feature","id":"w139545158","properties":{"type":"apartments","levels":3.0,"address":"Biskupia 3","residential":true,"residents_est":6,"h3_10":"8a1e2e6b1d1ffff","h3_11":"8b1e2e6b1d1bfff"},"geometry":{"type":"Polygon","coordinates":[[[19.934993,50.067279],[19.935024,50.067163],[19.935107,50.067173],[19.935108,50.067166],[19.935266,50.067177],[19.935227,50.067301],[19.934993,50.067279]]]}},{"type":"Feature","id":"w139545160","properties":{"type":"school","levels":2.0,"address":"Basztowa 6","name":"Państwowa Ogólnokształcąca Szkoła Muzyczna II st. im. Fryderyka Chopina w Krakowie","residential":false,"residents_est":0,"h3_10":"8a1e2e6b1c07fff","h3_11":"8b1e2e6b1c04fff"},"geometry":{"type":"Polygon","coordinates":[[[19.936761,50.066514],[19.936785,50.066299],[19.937139,50.066311],[19.937136,50.066406],[19.93689,50.066394],[19.936876,50.066519],[19.936761,50.066514]]]}},{"type":"Feature","id":"w139545164","properties":{"type":"apartments","levels":3.0,"address":"Adama Asnyka 9","residential":true,"residents_est":5,"h3_10":"8a1e2e6b1d1ffff","h3_11":"8b1e2e6b1d1bfff"},"geometry":{"type":"Polygon","coordinates":[[[19.93484,50.067245],[19.934877,50.067084],[19.935029,50.067104],[19.935028,50.067121],[19.935035,50.067121],[19.934993,50.067279],[19.934872,50.067267],[19.93484,50.067245]]]}},{"type":"Feature","id":"w139545168","properties":{"type":"sports_hall","levels":2.0,"residential":false,"residents_est":0,"h3_10":"8a1e2e6b1c27fff","h3_11":"8b1e2e6b1c23fff"},"geometry":{"type":"Polygon","coordinates":[[[19.936991,50.066754],[19.937,50.066636],[19.937351,50.066648],[19.937341,50.066766],[19.936991,50.066754]]]}},{"type":"Feature","id":"w139545169","properties":{"type":"school","levels":3.0,"address":"Basztowa 7","name":"Ogólnokształcąca Szkoła Muzyczna I stopnia im. I. J. Paderewskiego","residential":false,"residents_est":0,"h3_10":"8a1e2e6b1c07fff","h3_11":"8b1e2e6b1c05fff"},"geometry":{"type":"Polygon","coordinates":[[[19.937134,50.066448],[19.937139,50.066311],[19.9375,50.066321],[19.937493,50.066461],[19.937248,50.066462],[19.937246,50.066454],[19.937134,50.066448]]]}},{"type":"Feature","id":"w139545171","properties":{"type":"yes","levels":4.0,"address":"Sereno Fenn'a 11","residential":true,"residents_est":6,"h3_10":"8a1e2e6b1c27fff","h3_11":"8b1e2e6b1c23fff"},"geometry":{"type":"Polygon","coordinates":[[[19.93664,50.066734],[19.936657,50.066509],[19.936876,50.066519],[19.936858,50.066747],[19.93664,50.066734]]]}},{"type":"Feature","id":"w139545173","properties":{"type":"yes","levels":5.0,"address":"Biskupia 11","residential":true,"residents_est":5,"h3_10":"8a1e2e6b1c27fff","h3_11":"8b1e2e6b1c24fff"},"geometry":{"type":"Polygon","coordinates":[[[19.93626,50.067397],[19.93629,50.067265],[19.936495,50.067279],[19.936524,50.067289],[19.936481,50.067417],[19.93626,50.067397]]]}},{"type":"Feature","id":"w139545174","properties":{"type":"office","levels":2.0,"address":"Biskupia 7","residential":false,"residents_est":0,"h3_10":"8a1e2e6b1d1ffff","h3_11":"8b1e2e6b1d19fff"},"geometry":{"type":"Polygon","coordinates":[[[19.935471,50.067322],[19.935509,50.067196],[19.93583,50.067223],[19.9358,50.067353],[19.935471,50.067322]]]}},{"type":"Feature","id":"w139545177","properties":{"type":"yes","levels":5.0,"address":"Sereno Fenn'a 12","residential":true,"residents_est":5,"h3_10":"8a1e2e6b1c27fff","h3_11":"8b1e2e6b1c21fff"},"geometry":{"type":"Polygon","coordinates":[[[19.937106,50.067037],[19.93712,50.066902],[19.937351,50.066909],[19.937335,50.067049],[19.937324,50.067049],[19.937326,50.067037],[19.937229,50.067033],[19.937226,50.067044],[19.937175,50.067043],[19.937174,50.067033],[19.937115,50.06703],[19.937115,50.067038],[19.937106,50.067037]]]}},{"type":"Feature","id":"w139545182","properties":{"type":"apartments","levels":4.0,"address":"Basztowa 5","residential":true,"residents_est":21,"h3_10":"8a1e2e6b1c07fff","h3_11":"8b1e2e6b1c04fff"},"geometry":{"type":"Polygon","coordinates":[[[19.936165,50.066419],[19.93629,50.066284],[19.936785,50.066299],[19.936761,50.066514],[19.936698,50.066511],[19.936697,50.066462],[19.936723,50.066446],[19.93674,50.066448],[19.93674,50.066435],[19.936165,50.066419]]]}},{"type":"Feature","id":"w139545184","properties":{"type":"yes","levels":5.0,"address":"Sereno Fenn'a 3","residential":true,"residents_est":6,"h3_10":"8a1e2e6b1c27fff","h3_11":"8b1e2e6b1c26fff"},"geometry":{"type":"Polygon","coordinates":[[[19.935636,50.067126],[19.935721,50.066956],[19.935933,50.067003],[19.935849,50.06717],[19.935636,50.067126]]]}},{"type":"Feature","id":"w139545186","properties":{"type":"yes","levels":5.0,"address":"Sereno Fenn'a 10","residential":true,"residents_est":7,"h3_10":"8a1e2e6b1c27fff","h3_11":"8b1e2e6b1c21fff"},"geometry":{"type":"Polygon","coordinates":[[[19.936862,50.067137],[19.936881,50.066891],[19.93712,50.066902],[19.937102,50.067062],[19.937053,50.067062],[19.937042,50.067071],[19.936935,50.067066],[19.936924,50.067057],[19.936906,50.067056],[19.936904,50.067079],[19.936926,50.067087],[19.936926,50.067133],[19.936917,50.067142],[19.936862,50.067137]]]}},{"type":"Feature","id":"w139545188","properties":{"type":"apartments","levels":4.0,"address":"Adama Asnyka 3","residential":true,"residents_est":22,"h3_10":"8a1e2e6b1c37fff","h3_11":"8b1e2e6b1c35fff"},"geometry":{"type":"Polygon","coordinates":[[[19.93495,50.066746],[19.935013,50.066522],[19.935443,50.066562],[19.935619,50.066627],[19.935565,50.06667],[19.935435,50.066629],[19.93523,50.06661],[19.935217,50.066601],[19.935186,50.066599],[19.935165,50.066665],[19.935183,50.066671],[19.935174,50.066705],[19.935155,50.066704],[19.935152,50.066725],[19.935184,50.066728],[19.935207,50.066713],[19.93527,50.06672],[19.935414,50.066791],[19.935351,50.06684],[19.935236,50.066787],[19.93495,50.066746]]]}},{"type":"Feature","id":"w139545192","properties":{"type":"school","levels":4.0,"residential":false,"residents_est":0,"h3_10":"8a1e2e6b1c2ffff","h3_11":"8b1e2e6b1c2afff"},"geometry":{"type":"Polygon","coordinates":[[[19.937835,50.06647],[19.937851,50.066334],[19.938262,50.066346],[19.938285,50.066367],[19.938179,50.06659],[19.938032,50.066561],[19.938048,50.066527],[19.938069,50.06651],[19.938104,50.066506],[19.938112,50.066481],[19.937835,50.06647]]]}},{"type":"Feature","id":"w139545195","properties":{"type":"yes","levels":2.0,"residential":true,"residents_est":0,"h3_10":"8a1e2e6b1c27fff","h3_11":"8b1e2e6b1c25fff"},"geometry":{"type":"Polygon","coordinates":[[[19.937019,50.067241],[19.937038,50.067155],[19.937179,50.067167],[19.937161,50.067253],[19.937019,50.067241]]]}},{"type":"Feature","id":"w139545199","properties":{"type":"yes","levels":3.0,"address":"Sereno Fenn'a 15","residential":true,"residents_est":6,"h3_10":"8a1e2e6b1c2ffff","h3_11":"8b1e2e6b1c2efff"},"geometry":{"type":"Polygon","coordinates":[[[19.937486,50.066779],[19.937498,50.066603],[19.937555,50.066605],[19.937559,50.066571],[19.937677,50.066573],[19.937677,50.066608],[19.937818,50.066615],[19.937807,50.066787],[19.937486,50.066779]]]}},{"type":"Feature","id":"w139545201","properties":{"type":"apartments","levels":4.0,"address":"Basztowa 4","residential":true,"residents_est":15,"h3_10":"8a1e2e6b1c37fff","h3_11":"8b1e2e6b1c31fff"},"geometry":{"type":"Polygon","coordinates":[[[19.935855,50.066416],[19.935862,50.066273],[19.93629,50.066284],[19.936165,50.066419],[19.936087,50.066528],[19.936048,50.06651],[19.936104,50.066425],[19.935855,50.066416]]]}},{"type":"Feature","id":"w139545203","properties":{"type":"apartments","levels":4.0,"address":"Krowoderska 4","residential":true,"residents_est":9,"h3_10":"8a1e2e6b1c2ffff","h3_11":"8b1e2e6b1c2efff"},"geometry":{"type":"Polygon","coordinates":[[[19.937927,50.066791],[19.938032,50.066561],[19.938179,50.06659],[19.938082,50.066799],[19.937927,50.066791]]]}},{"type":"Feature","id":"w139545206","properties":{"type":"yes","levels":5.0,"address":"Sereno Fenn'a 14","residential":true,"residents_est":5,"h3_10":"8a1e2e6b1c27fff","h3_11":"8b1e2e6b1c21fff"},"geometry":{"type":"Polygon","coordinates":[[[19.937335,50.067049],[19.937351,50.066909],[19.937583,50.066918],[19.937574,50.067046],[19.937512,50.067043],[19.937508,50.067056],[19.937335,50.067049]]]}},{"type":"Feature","id":"w139545207","properties":{"type":"apartments","levels":3.0,"address":"Adama Asnyka 7","residential":true,"residents_est":5,"h3_10":"8a1e2e6b1d1ffff","h3_11":"8b1e2e6b1d1bfff"},"geometry":{"type":"Polygon","coordinates":[[[19.934877,50.067084],[19.934897,50.066988],[19.935122,50.067031],[19.93514,50.067017],[19.935208,50.067046],[19.93524,50.067052],[19.935201,50.067112],[19.935034,50.067079],[19.935029,50.067104],[19.934877,50.067084]]]}},{"type":"Feature","id":"w139545210","properties":{"type":"yes","levels":5.0,"address":"Sereno Fenn'a 4","residential":true,"residents_est":6,"h3_10":"8a1e2e6b1c27fff","h3_11":"8b1e2e6b1c20fff"},"geometry":{"type":"Polygon","coordinates":[[[19.936117,50.067181],[19.936202,50.067023],[19.936412,50.067068],[19.936399,50.067096],[19.936408,50.0671],[19.936354,50.067199],[19.936343,50.067198],[19.936328,50.067225],[19.936117,50.067181]]]}},{"type":"Feature","id":"w139545211","properties":{"type":"yes","levels":5.0,"address":"Sereno Fenn'a 6","residential":true,"residents_est":10,"h3_10":"8a1e2e6b1c27fff","h3_11":"8b1e2e6b1c20fff"},"geometry":{"type":"Polygon","coordinates":[[[19.936202,50.067023],[19.936283,50.066868],[19.936633,50.066882],[19.936588,50.067025],[19.936505,50.067023],[19.936504,50.067011],[19.936456,50.067011],[19.936445,50.067023],[19.936421,50.06702],[19.936406,50.067049],[19.936422,50.067052],[19.936412,50.067068],[19.936202,50.067023]]]}},{"type":"Feature","id":"w139545214","properties":{"type":"apartments","levels":5.0,"address":"Basztowa 3","residential":true,"residents_est":25,"h3_10":"8a1e2e6b1c37fff","h3_11":"8b1e2e6b1c31fff"},"geometry":{"type":"Polygon","coordinates":[[[19.935443,50.066562],[19.935471,50.06626],[19.935862,50.066273],[19.935855,50.066416],[19.935821,50.066415],[19.935779,50.0664],[19.935658,50.066395],[19.935658,50.066407],[19.935646,50.066414],[19.935618,50.066413],[19.935606,50.066405],[19.935607,50.066395],[19.935534,50.066392],[19.935533,50.066416],[19.935549,50.066427],[19.93554,50.066519],[19.935559,50.066541],[19.93568,50.06658],[19.935619,50.066627],[19.935443,50.066562]]]}},{"type":"Feature","id":"w139545216","properties":{"type":"yes","levels":5.0,"address":"Sereno Fenn'a 8","residential":true,"residents_est":7,"h3_10":"8a1e2e6b1c27fff","h3_11":"8b1e2e6b1c20fff"},"geometry":{"type":"Polygon","coordinates":[[[19.936588,50.067025],[19.936633,50.066882],[19.936881,50.066891],[19.936862,50.067137],[19.936783,50.067128],[19.93679,50.067071],[19.936802,50.067068],[19.936806,50.067023],[19.936735,50.06702],[19.936733,50.067006],[19.936716,50.067006],[19.936708,50.067031],[19.936588,50.067025]]]}},{"type":"Feature","id":"w139545218","properties":{"type":"apartments","levels":5.0,"address":"Krowoderska 6","residential":true,"residents_est":26,"h3_10":"8a1e2e6b1c27fff","h3_11":"8b1e2e6b1c21fff"},"geometry":{"type":"Polygon","coordinates":[[[19.937554,50.067205],[19.937558,50.067161],[19.93763,50.067162],[19.937638,50.067153],[19.937649,50.067039],[19.937573,50.067038],[19.937583,50.066918],[19.937954,50.066931],[19.93779,50.067226],[19.937554,50.067205]]]}},{"type":"Feature","id":"w139545221","properties":{"type":"yes","levels":5.0,"address":"Sereno Fenn'a 7","residential":true,"residents_est":3,"h3_10":"8a1e2e6b1c27fff","h3_11":"8b1e2e6b1c22fff"},"geometry":{"type":"Polygon","coordinates":[[[19.935849,50.06681],[19.935904,50.066709],[19.936071,50.066746],[19.936016,50.066847],[19.935849,50.06681]]]}},{"type":"Feature","id":"w139545223","properties":{"type":"apartments","levels":4.0,"address":"Adama Asnyka 5","residential":true,"residents_est":13,"h3_10":"8a1e2e6b1d1ffff","h3_11":"8b1e2e6b1d1bfff"},"geometry":{"type":"Polygon","coordinates":[[[19.934897,50.066988],[19.93495,50.066746],[19.935142,50.066773],[19.935094,50.067027],[19.934897,50.066988]]]}},{"type":"Feature","id":"w139545227","properties":{"type":"apartments","levels":3.0,"address":"Biskupia 5","residential":true,"residents_est":6,"h3_10":"8a1e2e6b1d1ffff","h3_11":"8b1e2e6b1d1bfff"},"geometry":{"type":"Polygon","coordinates":[[[19.935227,50.067301],[19.935267,50.067171],[19.935509,50.067196],[19.935471,50.067322],[19.935227,50.067301]]]}},{"type":"Feature","id":"w139545228","properties":{"type":"yes","levels":5.0,"address":"Sereno Fenn'a 2","residential":true,"residents_est":6,"h3_10":"8a1e2e6b1c27fff","h3_11":"8b1e2e6b1c24fff"},"geometry":{"type":"Polygon","coordinates":[[[19.936017,50.067372],[19.936117,50.067181],[19.936283,50.067219],[19.936245,50.067275],[19.936284,50.06728],[19.93626,50.067397],[19.936017,50.067372]]]}},{"type":"Feature","id":"w139545231","properties":{"type":"yes","levels":5.0,"address":"Sereno Fenn'a 5","residential":true,"residents_est":6,"h3_10":"8a1e2e6b1c27fff","h3_11":"8b1e2e6b1c26fff"},"geometry":{"type":"Polygon","coordinates":[[[19.935721,50.066956],[19.935804,50.066801],[19.936016,50.066847],[19.935933,50.067003],[19.935721,50.066956]]]}},{"type":"Feature","id":"w152345092","properties":{"type":"apartments","levels":3.0,"residential":true,"residents_est":8,"h3_10":"8a1e2e6b1c6ffff","h3_11":"8b1e2e6b1c6afff"},"geometry":{"type":"Polygon","coordinates":[[[19.94282,50.066132],[19.943137,50.066061],[19.94323,50.066207],[19.943046,50.066253],[19.942978,50.06614],[19.942958,50.066134],[19.942936,50.066139],[19.942941,50.066154],[19.942914,50.066161],[19.942904,50.066174],[19.942922,50.066209],[19.942862,50.066223],[19.94282,50.066132]]]}},{"type":"Feature","id":"w152345095","properties":{"type":"apartments","levels":4.0,"residential":true,"residents_est":17,"h3_10":"8a1e2e6b1c6ffff","h3_11":"8b1e2e6b1c6cfff"},"geometry":{"type":"Polygon","coordinates":[[[19.942914,50.067006],[19.943227,50.066918],[19.943251,50.066961],[19.943166,50.066986],[19.943132,50.066977],[19.943125,50.066988],[19.943148,50.067008],[19.943143,50.067018],[19.943164,50.06705],[19.943272,50.067051],[19.943284,50.067059],[19.943285,50.067083],[19.943339,50.067084],[19.943339,50.067191],[19.943074,50.06719],[19.943034,50.067172],[19.942914,50.067006]]]}},{"type":"Feature","id":"w152345107","properties":{"type":"apartments","levels":2.0,"residential":true,"residents_est":4,"h3_10":"8a1e2e6b1c4ffff","h3_11":"8b1e2e6b1c4cfff"},"geometry":{"type":"Polygon","coordinates":[[[19.942855,50.065912],[19.943003,50.065866],[19.943139,50.06606],[19.942983,50.066094],[19.942855,50.065912]]]}},{"type":"Feature","id":"w152345112","properties":{"type":"yes","levels":2.0,"residential":true,"residents_est":2,"h3_10":"8a1e2e6b1c6ffff","h3_11":"8b1e2e6b1c69fff"},"geometry":{"type":"Polygon","coordinates":[[[19.943999,50.066831],[19.944149,50.066822],[19.944151,50.066843],[19.944122,50.066844],[19.944153,50.067017],[19.944033,50.067026],[19.943999,50.066831]]]}},{"type":"Feature","id":"w152345114","properties":{"type":"yes","levels":2.0,"residential":false,"residents_est":0,"h3_10":"8a1e2e6b1c77fff","h3_11":"8b1e2e6b1c71fff"},"geometry":{"type":"Polygon","coordinates":[[[19.940599,50.066385],[19.940675,50.06636],[19.940691,50.066383],[19.940613,50.06641],[19.940599,50.066385]]]}},{"type":"Feature","id":"w152345117","properties":{"type":"apartments","levels":3.0,"residential":true,"residents_est":7,"h3_10":"8a1e2e6b1c47fff","h3_11":"8b1e2e6b1c41fff"},"geometry":{"type":"Polygon","coordinates":[[[19.942266,50.066092],[19.942452,50.066032],[19.942456,50.066037],[19.942445,50.06604],[19.942464,50.066067],[19.942475,50.066064],[19.942501,50.0661],[19.942486,50.066104],[19.942498,50.06612],[19.942516,50.066121],[19.942542,50.066157],[19.942531,50.06616],[19.942546,50.06618],[19.942556,50.066177],[19.942568,50.066193],[19.942371,50.06624],[19.942266,50.066092]]]}},{"type":"Feature","id":"w152345120","properties":{"type":"yes","levels":2.0,"residential":true,"residents_est":6,"h3_10":"8a1e2e6b1c47fff","h3_11":"8b1e2e6b1c41fff"},"geometry":{"type":"Polygon","coordinates":[[[19.942266,50.065794],[19.942626,50.065671],[19.942764,50.065838],[19.942734,50.065848],[19.942754,50.065873],[19.94241,50.065991],[19.942266,50.065794]]]}},{"type":"Feature","id":"w152345134","properties":{"type":"apartments","levels":3.0,"residential":true,"residents_est":8,"h3_10":"8a1e2e6b1c6ffff","h3_11":"8b1e2e6b1c6afff"},"geometry":{"type":"Polygon","coordinates":[[[19.94248,50.066389],[19.942689,50.066339],[19.942726,50.066394],[19.942761,50.066385],[19.942748,50.066366],[19.942775,50.066359],[19.942772,50.066354],[19.942889,50.066326],[19.942874,50.066299],[19.942925,50.066287],[19.942978,50.066378],[19.942544,50.06648],[19.94248,50.066389]]]}},{"type":"Feature","id":"w152345136","properties":{"type":"apartments","levels":4.0,"address":"Basztowa 17","residential":true,"residents_est":13,"h3_10":"8a1e2e6b1c77fff","h3_11":"8b1e2e6b1c71fff"},"geometry":{"type":"Polygon","coordinates":[[[19.940527,50.066255],[19.940833,50.066152],[19.940933,50.066276],[19.940599,50.066385],[19.940527,50.066255]]]}},{"type":"Feature","id":"w152345140","properties":{"type":"apartments","levels":4.0,"residential":true,"residents_est":8,"h3_10":"8a1e2e6b1c6ffff","h3_11":"8b1e2e6b1c6dfff"},"geometry":{"type":"Polygon","coordinates":[[[19.943227,50.066918],[19.943522,50.066876],[19.943568,50.067011],[19.94339,50.06704],[19.943373,50.066991],[19.943349,50.066985],[19.943344,50.066977],[19.943351,50.066962],[19.943363,50.066957],[19.943359,50.066944],[19.943367,50.066936],[19.94335,50.066929],[19.943328,50.06695],[19.943251,50.066961],[19.943227,50.066918]]]}},{"type":"Feature","id":"w152345146","properties":{"type":"yes","levels":2.0,"residential":true,"residents_est":0,"h3_10":"8a1e2e6b1c77fff","h3_11":"8b1e2e6b1c75fff"},"geometry":{"type":"Polygon","coordinates":[[[19.9405,50.066542],[19.940563,50.06652],[19.940666,50.066495],[19.940714,50.066587],[19.940548,50.066623],[19.9405,50.066542]]]}},{"type":"Feature","id":"w152345147","properties":{"type":"apartments","levels":3.0,"address":"Basztowa 16","residential":true,"residents_est":6,"h3_10":"8a1e2e6b1c77fff","h3_11":"8b1e2e6b1c70fff"},"geometry":{"type":"Polygon","coordinates":[[[19.940352,50.066293],[19.940527,50.066255],[19.94059,50.066368],[19.940468,50.066397],[19.940479,50.066412],[19.9405,50.066406],[19.940563,50.06652],[19.9405,50.066542],[19.940352,50.066293]]]}},{"type":"Feature","id":"w152345154","properties":{"type":"apartments","levels":2.0,"residential":true,"residents_est":7,"h3_10":"8a1e2e6b1c6ffff","h3_11":"8b1e2e6b1c6afff"},"geometry":{"type":"Polygon","coordinates":[[[19.942371,50.066241],[19.94282,50.066132],[19.942865,50.066229],[19.942799,50.066244],[19.94278,50.066207],[19.942759,50.066201],[19.942733,50.066207],[19.942741,50.066222],[19.942711,50.066228],[19.942707,50.066221],[19.942668,50.06623],[19.942662,50.06622],[19.942621,50.06623],[19.942604,50.066226],[19.942599,50.066218],[19.942588,50.066221],[19.942582,50.066234],[19.942597,50.066254],[19.942608,50.066254],[19.942627,50.066282],[19.942618,50.066288],[19.942625,50.066295],[19.942649,50.066304],[19.942667,50.066299],[19.942672,50.066288],[19.942729,50.066274],[19.942764,50.066321],[19.94248,50.066389],[19.942371,50.066241]]]}},{"type":"Feature","id":"w152345158","properties":{"type":"yes","levels":4.0,"residential":true,"residents_est":21,"h3_10":"8a1e2e6b1c47fff","h3_11":"8b1e2e6b1c43fff"},"geometry":{"type":"Polygon","coordinates":[[[19.942024,50.065763],[19.942193,50.065709],[19.942196,50.065703],[19.942246,50.065691],[19.942256,50.065683],[19.942243,50.065668],[19.942317,50.065643],[19.94235,50.065647],[19.942368,50.065641],[19.942384,50.065635],[19.942385,50.065626],[19.9424,50.06562],[19.942396,50.065616],[19.94247,50.06559],[19.942483,50.065605],[19.942498,50.065604],[19.942715,50.065526],[19.942738,50.065561],[19.942756,50.065575],[19.942764,50.065593],[19.942782,50.065605],[19.942778,50.065607],[19.94279,50.065623],[19.942803,50.065629],[19.942821,50.065656],[19.942833,50.065659],[19.942844,50.065672],[19.942841,50.065678],[19.942868,50.065702],[19.942865,50.065707],[19.942876,50.065721],[19.942885,50.065722],[19.942895,50.065735],[19.942888,50.06574],[19.942917,50.065767],[19.942909,50.06577],[19.942915,50.065778],[19.942912,50.065783],[19.942922,50.065797],[19.94293,50.065798],[19.942983,50.065873],[19.942831,50.065919],[19.942626,50.065671],[19.942266,50.065794],[19.942374,50.065942],[19.942202,50.065994],[19.942184,50.065962],[19.94217,50.06595],[19.942163,50.065952],[19.942154,50.06594],[19.942162,50.065938],[19.942158,50.065933],[19.942162,50.065932],[19.942152,50.065918],[19.942137,50.065917],[19.942128,50.065904],[19.942134,50.065902],[19.942128,50.065893],[19.942133,50.065892],[19.942118,50.065871],[19.942113,50.065873],[19.942102,50.065859],[19.942096,50.065861],[19.94208,50.065839],[19.942083,50.065834],[19.942069,50.065817],[19.942065,50.065819],[19.942047,50.065786],[19.942039,50.065784],[19.942024,50.065763]]]}},{"type":"Feature","id":"w152345160","properties":{"type":"apartments","levels":4.0,"residential":true,"residents_est":10,"h3_10":"8a1e2e6b1c6ffff","h3_11":"8b1e2e6b1c6dfff"},"geometry":{"type":"Polygon","coordinates":[[[19.943339,50.067085],[19.943383,50.067085],[19.943417,50.067059],[19.94341,50.067037],[19.943568,50.067011],[19.94362,50.067183],[19.943611,50.06719],[19.943339,50.067189],[19.943339,50.067085]]]}},{"type":"Feature","id":"w152345165","properties":{"type":"apartments","levels":3.0,"residential":true,"residents_est":8,"h3_10":"8a1e2e6b1c77fff","h3_11":"8b1e2e6b1c71fff"},"geometry":{"type":"Polygon","coordinates":[[[19.940703,50.066562],[19.941067,50.066476],[19.941134,50.066577],[19.940755,50.066664],[19.940703,50.066562]]]}},{"type":"Feature","id":"w152345168","properties":{"type":"apartments","levels":3.0,"residential":true,"residents_est":8,"h3_10":"8a1e2e6b1c6ffff","h3_11":"8b1e2e6b1c6afff"},"geometry":{"type":"Polygon","coordinates":[[[19.943079,50.066354],[19.943282,50.066307],[19.943401,50.066521],[19.943213,50.066552],[19.943117,50.066375],[19.943093,50.06638],[19.943079,50.066354]]]}},{"type":"Feature","id":"w152345169","properties":{"type":"yes","levels":10.0,"residential":true,"residents_est":51,"h3_10":"8a1e2e6b1c77fff","h3_11":"8b1e2e6b1c70fff"},"geometry":{"type":"Polygon","coordinates":[[[19.93991,50.066461],[19.939915,50.066421],[19.93993,50.066404],[19.939974,50.06638],[19.940352,50.066293],[19.940417,50.066405],[19.940165,50.066466],[19.940158,50.06648],[19.940321,50.066648],[19.940531,50.066599],[19.940603,50.066719],[19.940236,50.066811],[19.939922,50.066482],[19.93991,50.066461]]]}},{"type":"Feature","id":"r2060706","properties":{"type":"apartments","levels":3.0,"residential":true,"residents_est":15,"h3_10":"8a1e2e6b1c6ffff","h3_11":"8b1e2e6b1c6afff"},"geometry":{"type":"Polygon","coordinates":[[[19.942545,50.066481],[19.942665,50.066451],[19.942679,50.066476],[19.94271,50.066469],[19.942704,50.066458],[19.942723,50.066454],[19.942715,50.066439],[19.942994,50.066374],[19.943023,50.066428],[19.943048,50.066423],[19.943092,50.066505],[19.943067,50.066511],[19.943098,50.06657],[19.942839,50.066612],[19.942829,50.066599],[19.942779,50.066602],[19.942772,50.066606],[19.942783,50.066621],[19.942663,50.066641],[19.942545,50.066481]],[[19.942756,50.066487],[19.942771,50.066508],[19.942785,50.066507],[19.942805,50.066536],[19.942795,50.066542],[19.942807,50.066558],[19.942974,50.066532],[19.942962,50.066508],[19.942937,50.066508],[19.942924,50.066482],[19.942943,50.066473],[19.94293,50.066448],[19.942756,50.066487]]]}},{"type":"Feature","id":"w152654162","properties":{"type":"yes","address":"Pędzichów 9","residential":true,"residents_est":5,"h3_10":"8a1e2e6b1d67fff","h3_11":"8b1e2e6b1d64fff"},"geometry":{"type":"Polygon","coordinates":[[[19.938483,50.06998],[19.938675,50.069942],[19.938729,50.070039],[19.93877,50.070036],[19.938916,50.070003],[19.938943,50.070054],[19.938562,50.070122],[19.938483,50.06998]]]}},{"type":"Feature","id":"w152654165","properties":{"type":"apartments","levels":5.5,"residential":true,"residents_est":23,"h3_10":"8a1e2e6b1d77fff","h3_11":"8b1e2e6b1d75fff"},"geometry":{"type":"Polygon","coordinates":[[[19.938048,50.069233],[19.93805,50.069215],[19.938068,50.069209],[19.938219,50.069053],[19.938383,50.069122],[19.938338,50.069161],[19.938427,50.069196],[19.938512,50.06918],[19.93854,50.069241],[19.938374,50.06927],[19.938354,50.069233],[19.938331,50.069234],[19.938289,50.069218],[19.938271,50.069237],[19.938294,50.069285],[19.938105,50.069319],[19.938062,50.069242],[19.938048,50.069233]]]}},{"type":"Feature","id":"w152654170","properties":{"type":"yes","levels":3.0,"residential":true,"residents_est":3,"h3_10":"8a1e2e6b1d67fff","h3_11":"8b1e2e6b1d62fff"},"geometry":{"type":"Polygon","coordinates":[[[19.938492,50.069138],[19.938496,50.069132],[19.938772,50.069085],[19.938824,50.069203],[19.938698,50.069219],[19.938685,50.069201],[19.938594,50.069215],[19.9386,50.069234],[19.938542,50.069245],[19.938492,50.069138]]]}},{"type":"Feature","id":"w152654178","properties":{"type":"school","levels":2.0,"address":"Zygmunta Wróblewskiego 8","residential":false,"residents_est":0,"h3_10":"8a1e2e6b1d6ffff","h3_11":"8b1e2e6b1d6efff"},"geometry":{"type":"Polygon","coordinates":[[[19.939382,50.069345],[19.939722,50.06933],[19.939682,50.069164],[19.939986,50.069113],[19.939996,50.069137],[19.940041,50.069132],[19.94004,50.069104],[19.940637,50.069009],[19.940798,50.06941],[19.940096,50.069631],[19.940034,50.069552],[19.940535,50.069392],[19.940531,50.069156],[19.940078,50.069229],[19.940116,50.069257],[19.940054,50.06926],[19.940023,50.069238],[19.939831,50.069267],[19.939859,50.069463],[19.939394,50.069484],[19.939382,50.069345]]]}},{"type":"Feature","id":"w152654193","properties":{"type":"yes","levels":3.0,"residential":true,"residents_est":3,"h3_10":"8a1e2e6b1d67fff","h3_11":"8b1e2e6b1d62fff"},"geometry":{"type":"Polygon","coordinates":[[[19.938772,50.069085],[19.938988,50.069045],[19.939061,50.069179],[19.93893,50.069202],[19.938922,50.069185],[19.938824,50.069203],[19.938772,50.069085]]]}},{"type":"Feature","id":"w152654201","properties":{"type":"apartments","levels":2.5,"residential":true,"residents_est":6,"h3_10":"8a1e2e6b1d77fff","h3_11":"8b1e2e6b1d75fff"},"geometry":{"type":"Polygon","coordinates":[[[19.938105,50.069319],[19.938281,50.069287],[19.938341,50.069392],[19.938365,50.069397],[19.938389,50.069442],[19.938373,50.06945],[19.938391,50.069482],[19.938215,50.069513],[19.938105,50.069319]]]}},{"type":"Feature","id":"w152654202","properties":{"type":"apartments","levels":5.0,"address":"Świętego Filipa 3","residential":true,"residents_est":11,"h3_10":"8a1e2e6b1d77fff","h3_11":"8b1e2e6b1d71fff"},"geometry":{"type":"Polygon","coordinates":[[[19.938585,50.068874],[19.93884,50.068807],[19.938916,50.068925],[19.938659,50.06899],[19.938585,50.068874]]]}},{"type":"Feature","id":"w152654204","properties":{"type":"apartments","levels":4.0,"residential":true,"residents_est":12,"h3_10":"8a1e2e6b1d67fff","h3_11":"8b1e2e6b1d66fff"},"geometry":{"type":"Polygon","coordinates":[[[19.93855,50.069535],[19.938882,50.069477],[19.938937,50.069602],[19.938605,50.069663],[19.93855,50.069535]]]}},{"type":"Feature","id":"w152654208","properties":{"type":"yes","levels":2.0,"residential":true,"residents_est":3,"h3_10":"8a1e2e6b1d67fff","h3_11":"8b1e2e6b1d61fff"},"geometry":{"type":"Polygon","coordinates":[[[19.93947,50.069618],[19.93968,50.069576],[19.939686,50.069591],[19.939711,50.069587],[19.939726,50.069619],[19.939703,50.069623],[19.939759,50.069754],[19.939541,50.069793],[19.93953,50.069788],[19.939481,50.069685],[19.939495,50.069675],[19.93947,50.069618]]]}},{"type":"Feature","id":"w152654212","properties":{"type":"yes","levels":2.0,"residential":true,"residents_est":1,"h3_10":"8a1e2e6b1d67fff","h3_11":"8b1e2e6b1d62fff"},"geometry":{"type":"Polygon","coordinates":[[[19.93842,50.069422],[19.93843,50.069411],[19.93864,50.069376],[19.938648,50.06939],[19.938662,50.06939],[19.93867,50.069405],[19.938687,50.069404],[19.938695,50.069421],[19.938735,50.069414],[19.938741,50.069422],[19.938446,50.069474],[19.93842,50.069422]]]}},{"type":"Feature","id":"w152654238","properties":{"type":"apartments","levels":3.0,"address":"Zygmunta Wróblewskiego 4","residential":true,"residents_est":15,"h3_10":"8a1e2e6b1d67fff","h3_11":"8b1e2e6b1d60fff"},"geometry":{"type":"Polygon","coordinates":[[[19.938859,50.069729],[19.939092,50.069686],[19.939149,50.069802],[19.939032,50.069826],[19.939013,50.069847],[19.939067,50.069965],[19.939134,50.06995],[19.939147,50.069935],[19.939109,50.069863],[19.939259,50.069832],[19.939334,50.069983],[19.93901,50.070042],[19.938859,50.069729]]]}},{"type":"Feature","id":"w152654243","properties":{"type":"apartments","levels":3.5,"residential":true,"residents_est":9,"h3_10":"8a1e2e6b1d67fff","h3_11":"8b1e2e6b1d60fff"},"geometry":{"type":"Polygon","coordinates":[[[19.938866,50.069441],[19.939014,50.069416],[19.939044,50.069427],[19.939127,50.069412],[19.93916,50.069483],[19.939137,50.069488],[19.939169,50.069561],[19.938937,50.069602],[19.938866,50.069441]]]}},{"type":"Feature","id":"w152654244","properties":{"type":"apartments","levels":3.0,"residential":true,"residents_est":11,"h3_10":"8a1e2e6b1d67fff","h3_11":"8b1e2e6b1d66fff"},"geometry":{"type":"Polygon","coordinates":[[[19.938215,50.069513],[19.938411,50.069479],[19.938453,50.069553],[19.93855,50.069535],[19.938605,50.069663],[19.938355,50.069713],[19.938312,50.069699],[19.938215,50.069513]]]}},{"type":"Feature","id":"w152654245","properties":{"type":"apartments","levels":4.0,"address":"Świętego Filipa 5","residential":true,"residents_est":12,"h3_10":"8a1e2e6b1d47fff","h3_11":"8b1e2e6b1d44fff"},"geometry":{"type":"Polygon","coordinates":[[[19.938843,50.068806],[19.939106,50.068735],[19.93918,50.068871],[19.939105,50.068888],[19.939111,50.068897],[19.939062,50.068909],[19.939056,50.068899],[19.938982,50.068916],[19.938974,50.068929],[19.938981,50.068943],[19.938993,50.068939],[19.939049,50.06903],[19.938988,50.069045],[19.938843,50.068806]]]}},{"type":"Feature","id":"w152654250","properties":{"type":"yes","levels":3.0,"residential":true,"residents_est":2,"h3_10":"8a1e2e6b1d67fff","h3_11":"8b1e2e6b1d62fff"},"geometry":{"type":"Polygon","coordinates":[[[19.938743,50.069215],[19.938824,50.069203],[19.938843,50.069249],[19.938867,50.069244],[19.938888,50.069252],[19.93894,50.069381],[19.938821,50.069403],[19.938787,50.069321],[19.938807,50.069316],[19.938796,50.069295],[19.938777,50.069297],[19.938743,50.069215]]]}},{"type":"Feature","id":"w152654257","properties":{"type":"apartments","levels":5.5,"address":"Długa 27","residential":true,"residents_est":21,"h3_10":"8a1e2e6b1d77fff","h3_11":"8b1e2e6b1d71fff"},"geometry":{"type":"Polygon","coordinates":[[[19.938219,50.069053],[19.938377,50.068937],[19.938457,50.068903],[19.93858,50.068872],[19.938659,50.06899],[19.938608,50.069001],[19.938592,50.069015],[19.938602,50.069022],[19.938599,50.069032],[19.938509,50.069097],[19.938493,50.069096],[19.938471,50.069084],[19.938471,50.069077],[19.938439,50.069079],[19.938383,50.069122],[19.938219,50.069053]]]}},{"type":"Feature","id":"w152654260","properties":{"type":"apartments","levels":3.0,"residential":true,"residents_est":17,"h3_10":"8a1e2e6b1d67fff","h3_11":"8b1e2e6b1d64fff"},"geometry":{"type":"Polygon","coordinates":[[[19.938393,50.069836],[19.938412,50.06981],[19.938859,50.069729],[19.93901,50.070042],[19.938943,50.070054],[19.938916,50.070003],[19.938869,50.069871],[19.938651,50.069906],[19.938675,50.069942],[19.938483,50.06998],[19.938393,50.069836]]]}},{"type":"Feature","id":"w152780449","properties":{"type":"apartments","levels":4.0,"address":"Świętego Filipa 11","residential":true,"residents_est":14,"h3_10":"8a1e2e6b1d47fff","h3_11":"8b1e2e6b1d45fff"},"geometry":{"type":"Polygon","coordinates":[[[19.939538,50.068609],[19.939756,50.068546],[19.939873,50.06872],[19.93992,50.068808],[19.939694,50.068864],[19.939661,50.068809],[19.939808,50.068762],[19.939772,50.068709],[19.939788,50.068685],[19.939759,50.068678],[19.939719,50.068688],[19.939706,50.068704],[19.939659,50.068718],[19.93965,50.068711],[19.939607,50.068724],[19.939538,50.068609]]]}},{"type":"Feature","id":"w152780450","properties":{"type":"yes","levels":2.0,"residential":true,"residents_est":2,"h3_10":"8a1e2e6b1d47fff","h3_11":"8b1e2e6b1d45fff"},"geometry":{"type":"Polygon","coordinates":[[[19.939512,50.068976],[19.939589,50.068958],[19.9396,50.069001],[19.939839,50.068959],[19.939847,50.068943],[19.9399,50.068953],[19.939988,50.068931],[19.940025,50.068994],[19.939561,50.069074],[19.939512,50.068976]]]}},{"type":"Feature","id":"w152780451","properties":{"type":"apartments","levels":6.0,"address":"Świętego Filipa 9","residential":true,"residents_est":9,"h3_10":"8a1e2e6b1d47fff","h3_11":"8b1e2e6b1d40fff"},"geometry":{"type":"Polygon","coordinates":[[[19.939355,50.068664],[19.939538,50.068609],[19.939601,50.068717],[19.939415,50.068771],[19.939355,50.068664]]]}},{"type":"Feature","id":"w152780452","properties":{"type":"yes","levels":1.0,"residential":true,"residents_est":1,"h3_10":"8a1e2e6b1d47fff","h3_11":"8b1e2e6b1d44fff"},"geometry":{"type":"Polygon","coordinates":[[[19.939287,50.068983],[19.939436,50.068954],[19.939424,50.06893],[19.939483,50.068917],[19.939533,50.06902],[19.939324,50.069062],[19.939287,50.068983]]]}},{"type":"Feature","id":"w152780456","properties":{"type":"service","levels":1.0,"residential":false,"residents_est":0,"h3_10":"8a1e2e6b1d67fff","h3_11":"8b1e2e6b1d63fff"},"geometry":{"type":"Polygon","coordinates":[[[19.939377,50.069101],[19.939529,50.069073],[19.939556,50.06913],[19.9394,50.069158],[19.939377,50.069101]]]}},{"type":"Feature","id":"w152780457","properties":{"type":"yes","levels":1.0,"residential":true,"residents_est":0,"h3_10":"8a1e2e6b1d6ffff","h3_11":"8b1e2e6b1d6afff"},"geometry":{"type":"Polygon","coordinates":[[[19.94044,50.068715],[19.940558,50.068691],[19.940639,50.06884],[19.940522,50.068868],[19.94044,50.068715]]]}},{"type":"Feature","id":"w152780459","properties":{"type":"apartments","levels":2.0,"address":"Świętego Filipa 13","residential":true,"residents_est":10,"h3_10":"8a1e2e6b1d47fff","h3_11":"8b1e2e6b1d41fff"},"geometry":{"type":"Polygon","coordinates":[[[19.939756,50.068546],[19.940261,50.068405],[19.940334,50.068533],[19.93997,50.068632],[19.940003,50.068685],[19.939873,50.06872],[19.939756,50.068546]]]}},{"type":"Feature","id":"w152780461","properties":{"type":"yes","levels":2.0,"residential":true,"residents_est":2,"h3_10":"8a1e2e6b1d47fff","h3_11":"8b1e2e6b1d45fff"},"geometry":{"type":"Polygon","coordinates":[[[19.939873,50.06872],[19.93998,50.068691],[19.940116,50.068924],[19.940132,50.068973],[19.940023,50.068991],[19.939873,50.06872]]]}},{"type":"Feature","id":"w152780462","properties":{"type":"residential","levels":1.0,"residential":true,"residents_est":0,"h3_10":"8a1e2e6b1d6ffff","h3_11":"8b1e2e6b1d6afff"},"geometry":{"type":"Polygon","coordinates":[[[19.940336,50.068811],[19.940475,50.068781],[19.94054,50.068902],[19.940399,50.068924],[19.940336,50.068811]]]}},{"type":"Feature","id":"w152780465","properties":{"type":"apartments","levels":6.0,"address":"Świętego Filipa 7","residential":true,"residents_est":18,"h3_10":"8a1e2e6b1d47fff","h3_11":"8b1e2e6b1d44fff"},"geometry":{"type":"Polygon","coordinates":[[[19.939106,50.068735],[19.939355,50.068664],[19.939415,50.068771],[19.939483,50.068917],[19.939424,50.06893],[19.939376,50.068836],[19.939387,50.068834],[19.939381,50.068822],[19.939356,50.068814],[19.939283,50.068831],[19.939294,50.06885],[19.939245,50.068861],[19.939239,50.068851],[19.939176,50.068866],[19.939106,50.068735]]]}},{"type":"Feature","id":"w152780467","properties":{"type":"retail","levels":1.0,"residential":false,"residents_est":0,"h3_10":"8a1e2e6b1d4ffff","h3_11":"8b1e2e6b1d4efff"},"geometry":{"type":"Polygon","coordinates":[[[19.940613,50.068285],[19.940741,50.06824],[19.940782,50.068297],[19.940658,50.068341],[19.940613,50.068285]]]}},{"type":"Feature","id":"w152797329","properties":{"type":"apartments","levels":4.0,"residential":true,"residents_est":15,"h3_10":"8a1e2e6b1c2ffff","h3_11":"8b1e2e6b1c2bfff"},"geometry":{"type":"Polygon","coordinates":[[[19.938402,50.066454],[19.938444,50.066354],[19.938955,50.066369],[19.938916,50.066499],[19.938402,50.066454]]]}},{"type":"Feature","id":"w152797330","properties":{"type":"apartments","levels":3.0,"residential":true,"residents_est":6,"h3_10":"8a1e2e6b1d47fff","h3_11":"8b1e2e6b1d43fff"},"geometry":{"type":"Polygon","coordinates":[[[19.939358,50.068216],[19.939405,50.068217],[19.93974,50.068112],[19.939797,50.068193],[19.939598,50.068254],[19.939568,50.068212],[19.9394,50.068272],[19.939358,50.068216]]]}},{"type":"Feature","id":"w152797331","properties":{"type":"apartments","levels":3.0,"residential":true,"residents_est":9,"h3_10":"8a1e2e6b1c2ffff","h3_11":"8b1e2e6b1c2cfff"},"geometry":{"type":"Polygon","coordinates":[[[19.93804,50.067201],[19.938152,50.066984],[19.938313,50.067006],[19.938287,50.067055],[19.938315,50.067058],[19.93825,50.067186],[19.938322,50.067195],[19.938307,50.067239],[19.93804,50.067201]]]}},{"type":"Feature","id":"w152797332","properties":{"type":"residential","levels":4.0,"address":"Długa 28","residential":true,"residents_est":9,"h3_10":"8a1e2e6b1d57fff","h3_11":"8b1e2e6b1d55fff"},"geometry":{"type":"Polygon","coordinates":[[[19.937939,50.068302],[19.937967,50.068194],[19.93806,50.068205],[19.938036,50.068267],[19.938044,50.06828],[19.93814,50.068285],[19.93815,50.068213],[19.93835,50.068234],[19.938323,50.068342],[19.937939,50.068302]]]}},{"type":"Feature","id":"w152797333","properties":{"type":"apartments","levels":4.0,"address":"Długa 14","residential":true,"residents_est":8,"h3_10":"8a1e2e6b1d57fff","h3_11":"8b1e2e6b1d53fff"},"geometry":{"type":"Polygon","coordinates":[[[19.938321,50.067303],[19.938337,50.067243],[19.938426,50.067254],[19.938422,50.067265],[19.938485,50.067271],[19.938493,50.067264],[19.938636,50.067281],[19.938588,50.067406],[19.93839,50.067381],[19.938414,50.067307],[19.938403,50.067298],[19.938408,50.06728],[19.938378,50.067277],[19.93837,50.067308],[19.938321,50.067303]]]}},{"type":"Feature","id":"w152797334","properties":{"type":"apartments","levels":3.0,"residential":true,"residents_est":6,"h3_10":"8a1e2e6b1d57fff","h3_11":"8b1e2e6b1d52fff"},"geometry":{"type":"Polygon","coordinates":[[[19.937846,50.067507],[19.937924,50.06738],[19.93809,50.067405],[19.938039,50.067489],[19.938101,50.067498],[19.938107,50.067479],[19.938189,50.067489],[19.938173,50.067551],[19.938009,50.067534],[19.937846,50.067507]]]}},{"type":"Feature","id":"w152797335","properties":{"type":"apartments","levels":3.0,"residential":true,"residents_est":9,"h3_10":"8a1e2e6b1c2ffff","h3_11":"8b1e2e6b1c28fff"},"geometry":{"type":"Polygon","coordinates":[[[19.938578,50.066661],[19.938595,50.066615],[19.938657,50.066623],[19.938676,50.066615],[19.938686,50.066587],[19.938677,50.066579],[19.938702,50.066507],[19.938663,50.066511],[19.93861,50.066505],[19.938622,50.066472],[19.938916,50.066499],[19.93885,50.066693],[19.938578,50.066661]]]}},{"type":"Feature","id":"w152797336","properties":{"type":"yes","levels":3.0,"residential":true,"residents_est":2,"h3_10":"8a1e2e6b1d47fff","h3_11":"8b1e2e6b1d42fff"},"geometry":{"type":"Polygon","coordinates":[[[19.938785,50.068298],[19.938808,50.068236],[19.939179,50.068242],[19.939176,50.068308],[19.938785,50.068298]]]}},{"type":"Feature","id":"w152797337","properties":{"type":"apartments","levels":3.0,"address":"Długa 11a","residential":true,"residents_est":10,"h3_10":"8a1e2e6b1d57fff","h3_11":"8b1e2e6b1d51fff"},"geometry":{"type":"Polygon","coordinates":[[[19.938686,50.06781],[19.938734,50.067653],[19.938773,50.067634],[19.939048,50.067656],[19.939026,50.067803],[19.938985,50.067804],[19.93899,50.067774],[19.938947,50.067768],[19.938916,50.067784],[19.938887,50.067782],[19.938869,50.067836],[19.938686,50.06781]]]}},{"type":"Feature","id":"w152797340","properties":{"type":"apartments","levels":3.0,"address":"Długa 38","residential":true,"residents_est":23,"h3_10":"8a1e2e6b1d77fff","h3_11":"8b1e2e6b1d70fff"},"geometry":{"type":"Polygon","coordinates":[[[19.937352,50.069048],[19.93743,50.068933],[19.937574,50.068979],[19.937596,50.068949],[19.937605,50.068919],[19.937672,50.068927],[19.937658,50.068971],[19.937633,50.068967],[19.937615,50.068991],[19.937736,50.069028],[19.937756,50.069024],[19.93791,50.068862],[19.938143,50.068878],[19.937867,50.069171],[19.937788,50.069182],[19.937352,50.069048]]]}},{"type":"Feature","id":"w152797341","properties":{"type":"apartments","levels":3.0,"residential":true,"residents_est":21,"h3_10":"8a1e2e6b1d5ffff","h3_11":"8b1e2e6b1d5dfff"},"geometry":{"type":"Polygon","coordinates":[[[19.939654,50.067636],[19.939989,50.067517],[19.940259,50.067827],[19.940162,50.067864],[19.939982,50.067653],[19.939877,50.067692],[19.940058,50.067901],[19.939905,50.067954],[19.939654,50.067636]]]}},{"type":"Feature","id":"w152797343","properties":{"type":"yes","levels":3.0,"residential":true,"residents_est":3,"h3_10":"8a1e2e6b1d5ffff","h3_11":"8b1e2e6b1d58fff"},"geometry":{"type":"Polygon","coordinates":[[[19.939579,50.06729],[19.9397,50.067257],[19.939745,50.067301],[19.939673,50.067332],[19.939688,50.067351],[19.939681,50.067376],[19.939702,50.067377],[19.939781,50.067351],[19.93977,50.067337],[19.93979,50.06733],[19.939892,50.067449],[19.939719,50.067512],[19.939579,50.06729]]]}},{"type":"Feature","id":"w152797344","properties":{"type":"apartments","levels":4.0,"address":"Długa 32","residential":true,"residents_est":14,"h3_10":"8a1e2e6b1d77fff","h3_11":"8b1e2e6b1d73fff"},"geometry":{"type":"Polygon","coordinates":[[[19.937746,50.068457],[19.937761,50.068401],[19.938284,50.06846],[19.938228,50.068622],[19.937979,50.068592],[19.937986,50.068561],[19.938032,50.068565],[19.938051,50.068557],[19.938062,50.068505],[19.938085,50.068471],[19.938074,50.068464],[19.938051,50.068472],[19.937995,50.068475],[19.937986,50.068494],[19.937956,50.068494],[19.937955,50.068502],[19.93785,50.068487],[19.937853,50.06847],[19.937746,50.068457]]]}},{"type":"Feature","id":"w152797345","properties":{"type":"yes","levels":4.0,"residential":true,"residents_est":6,"h3_10":"8a1e2e6b1d77fff","h3_11":"8b1e2e6b1d72fff"},"geometry":{"type":"Polygon","coordinates":[[[19.93719,50.068613],[19.937264,50.068479],[19.937556,50.068539],[19.937539,50.068574],[19.93747,50.068562],[19.937459,50.068553],[19.937433,50.068548],[19.937399,50.068607],[19.937407,50.068618],[19.937446,50.068616],[19.937518,50.06863],[19.937524,50.068617],[19.937539,50.068614],[19.937696,50.068642],[19.937677,50.068703],[19.93719,50.068613]]]}},{"type":"Feature","id":"w152797346","properties":{"type":"apartments","levels":3.0,"residential":true,"residents_est":10,"h3_10":"8a1e2e6b1d57fff","h3_11":"8b1e2e6b1d53fff"},"geometry":{"type":"Polygon","coordinates":[[[19.937924,50.06738],[19.93804,50.067201],[19.938337,50.067243],[19.938323,50.067292],[19.938216,50.067257],[19.938127,50.067395],[19.938151,50.067404],[19.938173,50.067374],[19.938199,50.067365],[19.938292,50.067383],[19.93828,50.067434],[19.937924,50.06738]]]}},{"type":"Feature","id":"w152797348","properties":{"type":"apartments","levels":3.0,"address":"Długa 24","residential":true,"residents_est":11,"h3_10":"8a1e2e6b1d57fff","h3_11":"8b1e2e6b1d50fff"},"geometry":{"type":"Polygon","coordinates":[[[19.937937,50.068053],[19.937955,50.067984],[19.938213,50.068006],[19.938219,50.067973],[19.938199,50.06797],[19.938223,50.06788],[19.938436,50.067901],[19.938385,50.068091],[19.937937,50.068053]]]}},{"type":"Feature","id":"w152797349","properties":{"type":"apartments","levels":4.0,"address":"Długa 30","residential":true,"residents_est":13,"h3_10":"8a1e2e6b1d77fff","h3_11":"8b1e2e6b1d73fff"},"geometry":{"type":"Polygon","coordinates":[[[19.937689,50.068392],[19.937722,50.06828],[19.937773,50.068285],[19.937769,50.068291],[19.937756,50.068288],[19.937743,50.068331],[19.93802,50.068363],[19.938015,50.068386],[19.938059,50.068392],[19.938088,50.068384],[19.938105,50.06832],[19.938323,50.068342],[19.938284,50.06846],[19.937689,50.068392]]]}},{"type":"Feature","id":"w152797351","properties":{"type":"yes","levels":3.0,"residential":true,"residents_est":5,"h3_10":"8a1e2e6b1d5ffff","h3_11":"8b1e2e6b1d58fff"},"geometry":{"type":"Polygon","coordinates":[[[19.939342,50.067322],[19.9396,50.067324],[19.939719,50.067512],[19.93954,50.067572],[19.939351,50.067558],[19.93935,50.06744],[19.939549,50.067451],[19.939588,50.067443],[19.939528,50.067343],[19.939428,50.067339],[19.939427,50.067405],[19.939348,50.0674],[19.939342,50.067322]]]}},{"type":"Feature","id":"w152797352","properties":{"type":"yes","name":"Dom pod Globusem","residential":true,"residents_est":15,"h3_10":"8a1e2e6b1c2ffff","h3_11":"8b1e2e6b1c29fff"},"geometry":{"type":"Polygon","coordinates":[[[19.939006,50.066879],[19.939157,50.066452],[19.939153,50.066451],[19.939178,50.066376],[19.939344,50.066381],[19.939339,50.066466],[19.939357,50.066495],[19.939324,50.066502],[19.939283,50.066495],[19.939269,50.066534],[19.939348,50.066547],[19.939356,50.066555],[19.939328,50.066631],[19.939348,50.066644],[19.939332,50.066688],[19.939311,50.066698],[19.939293,50.066697],[19.939272,50.066755],[19.9394,50.066776],[19.939402,50.06686],[19.939248,50.066842],[19.939229,50.066893],[19.939006,50.066879]]]}},{"type":"Feature","id":"w152797353","properties":{"type":"apartments","levels":3.0,"residential":true,"residents_est":9,"h3_10":"8a1e2e6b1d77fff","h3_11":"8b1e2e6b1d72fff"},"geometry":{"type":"Polygon","coordinates":[[[19.937264,50.068479],[19.937338,50.068347],[19.937761,50.068401],[19.937746,50.068457],[19.937596,50.068442],[19.937586,50.068429],[19.937536,50.068419],[19.937517,50.068423],[19.937487,50.06847],[19.937489,50.068486],[19.937521,50.068485],[19.937582,50.068498],[19.937556,50.068539],[19.937264,50.068479]]]}},{"type":"Feature","id":"w152797355","properties":{"type":"apartments","levels":3.0,"address":"Długa 15","residential":true,"residents_est":10,"h3_10":"8a1e2e6b1d57fff","h3_11":"8b1e2e6b1d51fff"},"geometry":{"type":"Polygon","coordinates":[[[19.938627,50.067961],[19.938686,50.06781],[19.938869,50.067836],[19.938861,50.067866],[19.938871,50.067869],[19.93885,50.06792],[19.938854,50.067927],[19.938902,50.06793],[19.938913,50.067907],[19.93915,50.067925],[19.939142,50.067993],[19.938627,50.067961]]]}},{"type":"Feature","id":"w152797361","properties":{"type":"apartments","levels":3.0,"residential":true,"residents_est":11,"h3_10":"8a1e2e6b1d57fff","h3_11":"8b1e2e6b1d54fff"},"geometry":{"type":"Polygon","coordinates":[[[19.937456,50.06814],[19.937536,50.068006],[19.937898,50.068049],[19.937885,50.068091],[19.937757,50.068075],[19.937739,50.068053],[19.937707,50.068064],[19.937669,50.068124],[19.93768,50.068137],[19.937721,50.068115],[19.938012,50.068139],[19.938024,50.068154],[19.938015,50.068169],[19.938043,50.068173],[19.938042,50.068203],[19.937456,50.06814]]]}},{"type":"Feature","id":"w152797362","properties":{"type":"apartments","levels":4.0,"address":"Długa 17","residential":true,"residents_est":9,"h3_10":"8a1e2e6b1d57fff","h3_11":"8b1e2e6b1d55fff"},"geometry":{"type":"Polygon","coordinates":[[[19.938567,50.068177],[19.938627,50.067961],[19.938833,50.067974],[19.938828,50.067999],[19.938747,50.067996],[19.938742,50.068029],[19.938757,50.068032],[19.93875,50.068098],[19.938713,50.068096],[19.938714,50.068137],[19.938779,50.068144],[19.938776,50.068167],[19.938764,50.068173],[19.938761,50.068197],[19.938567,50.068177]]]}},{"type":"Feature","id":"w152797363","properties":{"type":"apartments","levels":3.0,"residential":true,"residents_est":11,"h3_10":"8a1e2e6b1d4ffff","h3_11":"8b1e2e6b1d4afff"},"geometry":{"type":"Polygon","coordinates":[[[19.940259,50.067827],[19.940331,50.0678],[19.940399,50.067878],[19.940561,50.06782],[19.940575,50.067831],[19.940633,50.067808],[19.940638,50.067793],[19.940596,50.067749],[19.94057,50.067743],[19.940523,50.067762],[19.940494,50.06773],[19.940719,50.067645],[19.940842,50.067775],[19.940375,50.067947],[19.940259,50.067827]]]}},{"type":"Feature","id":"w152797365","properties":{"type":"apartments","levels":4.0,"address":"Długa 34","residential":true,"residents_est":16,"h3_10":"8a1e2e6b1d77fff","h3_11":"8b1e2e6b1d73fff"},"geometry":{"type":"Polygon","coordinates":[[[19.937668,50.068732],[19.937687,50.06867],[19.937794,50.068681],[19.937798,50.068662],[19.937857,50.068669],[19.937854,50.06868],[19.937919,50.068687],[19.937919,50.068705],[19.937942,50.068709],[19.937938,50.068722],[19.937959,50.068722],[19.937979,50.068735],[19.93801,50.068688],[19.938024,50.068687],[19.938037,50.068645],[19.938026,50.068633],[19.937979,50.068628],[19.937976,50.068638],[19.937887,50.068628],[19.937896,50.068582],[19.938228,50.068622],[19.938179,50.068786],[19.937991,50.068774],[19.937668,50.068732]]]}},{"type":"Feature","id":"w152797367","properties":{"type":"yes","levels":2.0,"residential":true,"residents_est":0,"h3_10":"8a1e2e6b1d5ffff","h3_11":"8b1e2e6b1d5dfff"},"geometry":{"type":"Polygon","coordinates":[[[19.940375,50.067947],[19.940551,50.067885],[19.940576,50.067917],[19.940407,50.06798],[19.940375,50.067947]]]}},{"type":"Feature","id":"w152797368","properties":{"type":"yes","levels":3.0,"residential":true,"residents_est":2,"h3_10":"8a1e2e6b1d57fff","h3_11":"8b1e2e6b1d51fff"},"geometry":{"type":"Polygon","coordinates":[[[19.93903,50.067785],[19.939048,50.067656],[19.939197,50.067667],[19.939178,50.067793],[19.939125,50.067791],[19.939123,50.067812],[19.939065,50.067811],[19.93907,50.067786],[19.93903,50.067785]]]}},{"type":"Feature","id":"w152797370","properties":{"type":"apartments","levels":4.0,"residential":true,"residents_est":7,"h3_10":"8a1e2e6b1d57fff","h3_11":"8b1e2e6b1d52fff"},"geometry":{"type":"Polygon","coordinates":[[[19.937762,50.067641],[19.937846,50.067507],[19.938009,50.067534],[19.937968,50.067668],[19.937762,50.067641]]]}},{"type":"Feature","id":"w152797371","properties":{"type":"apartments","levels":3.0,"address":"Długa 21","residential":true,"residents_est":5,"h3_10":"8a1e2e6b1d57fff","h3_11":"8b1e2e6b1d55fff"},"geometry":{"type":"Polygon","coordinates":[[[19.938486,50.068409],[19.938531,50.068277],[19.938729,50.068296],[19.93869,50.068412],[19.938486,50.068409]]]}},{"type":"Feature","id":"w152797372","properties":{"type":"apartments","levels":4.0,"address":"Długa 26","residential":true,"residents_est":8,"h3_10":"8a1e2e6b1d57fff","h3_11":"8b1e2e6b1d55fff"},"geometry":{"type":"Polygon","coordinates":[[[19.938117,50.068139],[19.938126,50.068128],[19.938148,50.068125],[19.93816,50.068096],[19.938181,50.068098],[19.938188,50.068074],[19.938385,50.068091],[19.93835,50.068234],[19.93815,50.068213],[19.938155,50.068189],[19.938134,50.068186],[19.93814,50.06816],[19.938119,50.068154],[19.938117,50.068139]]]}},{"type":"Feature","id":"w152797374","properties":{"type":"apartments","levels":4.0,"address":"Długa 5","name":"Dom Pod Głowami","residential":true,"residents_est":10,"h3_10":"8a1e2e6b1d5ffff","h3_11":"8b1e2e6b1d5afff"},"geometry":{"type":"Polygon","coordinates":[[[19.938906,50.067158],[19.938959,50.067012],[19.939211,50.067022],[19.939191,50.067069],[19.939214,50.067084],[19.939205,50.067105],[19.939173,50.067111],[19.93915,50.067171],[19.938906,50.067158]]]}},{"type":"Feature","id":"w152797376","properties":{"type":"apartments","levels":3.0,"residential":true,"residents_est":5,"h3_10":"8a1e2e6b1d57fff","h3_11":"8b1e2e6b1d54fff"},"geometry":{"type":"Polygon","coordinates":[[[19.937399,50.068238],[19.937456,50.06814],[19.937709,50.068171],[19.937693,50.068218],[19.937629,50.06821],[19.937603,50.068266],[19.937399,50.068238]]]}},{"type":"Feature","id":"w152797377","properties":{"type":"apartments","levels":3.0,"residential":true,"residents_est":6,"h3_10":"8a1e2e6b1d5ffff","h3_11":"8b1e2e6b1d5cfff"},"geometry":{"type":"Polygon","coordinates":[[[19.939326,50.067856],[19.939505,50.067802],[19.939613,50.067948],[19.939441,50.068001],[19.939326,50.067856]]]}},{"type":"Feature","id":"w152797379","properties":{"type":"apartments","levels":3.0,"residential":true,"residents_est":5,"h3_10":"8a1e2e6b1d57fff","h3_11":"8b1e2e6b1d54fff"},"geometry":{"type":"Polygon","coordinates":[[[19.937338,50.068347],[19.937399,50.068238],[19.937603,50.068266],[19.937561,50.068376],[19.937338,50.068347]]]}},{"type":"Feature","id":"w152797382","properties":{"type":"apartments","levels":4.0,"residential":true,"residents_est":14,"h3_10":"8a1e2e6b1c2ffff","h3_11":"8b1e2e6b1c2dfff"},"geometry":{"type":"Polygon","coordinates":[[[19.938307,50.067239],[19.938322,50.067195],[19.938443,50.067213],[19.938506,50.06703],[19.938714,50.067052],[19.938636,50.067281],[19.938307,50.067239]]]}},{"type":"Feature","id":"w152797383","properties":{"type":"apartments","levels":2.0,"address":"Długa 3","residential":true,"residents_est":4,"h3_10":"8a1e2e6b1c2ffff","h3_11":"8b1e2e6b1c29fff"},"geometry":{"type":"Polygon","coordinates":[[[19.938959,50.067012],[19.939006,50.066879],[19.939229,50.066893],[19.93918,50.06702],[19.938959,50.067012]]]}},{"type":"Feature","id":"w152797385","properties":{"type":"yes","levels":5.0,"residential":true,"residents_est":4,"h3_10":"8a1e2e6b1d77fff","h3_11":"8b1e2e6b1d76fff"},"geometry":{"type":"Polygon","coordinates":[[[19.937192,50.068998],[19.937266,50.068889],[19.93743,50.068933],[19.937352,50.069048],[19.937192,50.068998]]]}},{"type":"Feature","id":"w152797386","properties":{"type":"apartments","levels":3.0,"address":"Długa 7","residential":true,"residents_est":6,"h3_10":"8a1e2e6b1d5ffff","h3_11":"8b1e2e6b1d5efff"},"geometry":{"type":"Polygon","coordinates":[[[19.938849,50.067313],[19.938906,50.067158],[19.939093,50.067168],[19.939083,50.067239],[19.939096,50.067241],[19.939095,50.067261],[19.939068,50.067258],[19.939051,50.067315],[19.938849,50.067313]]]}},{"type":"Feature","id":"w152797389","properties":{"type":"apartments","levels":3.0,"residential":true,"residents_est":11,"h3_10":"8a1e2e6b1d57fff","h3_11":"8b1e2e6b1d50fff"},"geometry":{"type":"Polygon","coordinates":[[[19.937655,50.067809],[19.937762,50.067641],[19.937957,50.067667],[19.937876,50.0678],[19.937889,50.067818],[19.937912,50.067821],[19.937931,50.067794],[19.93804,50.067808],[19.93808,50.06768],[19.938172,50.067691],[19.938115,50.067868],[19.937655,50.067809]]]}},{"type":"Feature","id":"w152797391","properties":{"type":"yes","levels":3.0,"residential":true,"residents_est":1,"h3_10":"8a1e2e6b1d5ffff","h3_11":"8b1e2e6b1d58fff"},"geometry":{"type":"Polygon","coordinates":[[[19.9397,50.067257],[19.939899,50.067175],[19.939947,50.067228],[19.939745,50.067301],[19.9397,50.067257]]]}},{"type":"Feature","id":"w152797394","properties":{"type":"commercial","levels":5.0,"address":"Świętego Filipa 6","residential":false,"residents_est":0,"h3_10":"8a1e2e6b1d47fff","h3_11":"8b1e2e6b1d40fff"},"geometry":{"type":"Polygon","coordinates":[[[19.938998,50.068483],[19.939205,50.068419],[19.939199,50.068411],[19.93944,50.06834],[19.939519,50.068483],[19.939079,50.068617],[19.938998,50.068483]]]}},{"type":"Feature","id":"w152797395","properties":{"type":"yes","levels":3.0,"residential":true,"residents_est":3,"h3_10":"8a1e2e6b1d5ffff","h3_11":"8b1e2e6b1d5efff"},"geometry":{"type":"Polygon","coordinates":[[[19.939182,50.067549],[19.9392,50.067415],[19.939196,50.06732],[19.939342,50.067322],[19.939351,50.067558],[19.939182,50.067549]]]}},{"type":"Feature","id":"w152797396","properties":{"type":"yes","levels":3.0,"residential":true,"residents_est":2,"h3_10":"8a1e2e6b1d5ffff","h3_11":"8b1e2e6b1d5efff"},"geometry":{"type":"Polygon","coordinates":[[[19.939021,50.067541],[19.939033,50.067469],[19.939066,50.06747],[19.939072,50.067421],[19.939114,50.067421],[19.939124,50.067412],[19.9392,50.067415],[19.939182,50.067549],[19.939021,50.067541]]]}},{"type":"Feature","id":"w152797398","properties":{"type":"apartments","levels":4.0,"address":"Długa 6","residential":true,"residents_est":7,"h3_10":"8a1e2e6b1c2ffff","h3_11":"8b1e2e6b1c28fff"},"geometry":{"type":"Polygon","coordinates":[[[19.938558,50.066703],[19.938578,50.066661],[19.93885,50.066693],[19.938803,50.066811],[19.938612,50.066778],[19.938633,50.066711],[19.938558,50.066703]]]}},{"type":"Feature","id":"w152797399","properties":{"type":"yes","levels":2.0,"residential":true,"residents_est":1,"h3_10":"8a1e2e6b1d5ffff","h3_11":"8b1e2e6b1d5dfff"},"geometry":{"type":"Polygon","coordinates":[[[19.940268,50.067981],[19.940351,50.067953],[19.940428,50.068049],[19.940348,50.068076],[19.940268,50.067981]]]}},{"type":"Feature","id":"w152797400","properties":{"type":"yes","levels":3.0,"residential":true,"residents_est":2,"h3_10":"8a1e2e6b1d5ffff","h3_11":"8b1e2e6b1d58fff"},"geometry":{"type":"Polygon","coordinates":[[[19.93979,50.06733],[19.939813,50.067323],[19.939823,50.067334],[19.939905,50.067306],[19.939892,50.067294],[19.93992,50.067285],[19.939932,50.067297],[19.939969,50.067282],[19.940057,50.067395],[19.939892,50.067449],[19.93979,50.06733]]]}},{"type":"Feature","id":"w152797402","properties":{"type":"apartments","levels":3.0,"residential":true,"residents_est":7,"h3_10":"8a1e2e6b1d47fff","h3_11":"8b1e2e6b1d43fff"},"geometry":{"type":"Polygon","coordinates":[[[19.939441,50.068001],[19.939613,50.067948],[19.93974,50.068112],[19.939556,50.068167],[19.939441,50.068001]]]}},{"type":"Feature","id":"w152797404","properties":{"type":"apartments","levels":3.0,"address":"Długa 22","residential":true,"residents_est":8,"h3_10":"8a1e2e6b1d57fff","h3_11":"8b1e2e6b1d50fff"},"geometry":{"type":"Polygon","coordinates":[[[19.938115,50.067868],[19.938132,50.06782],[19.93824,50.067832],[19.93828,50.067702],[19.938486,50.067726],[19.938436,50.067901],[19.938115,50.067868]]]}},{"type":"Feature","id":"w152797405","properties":{"type":"apartments","levels":4.0,"address":"Długa 8","residential":true,"residents_est":6,"h3_10":"8a1e2e6b1c2ffff","h3_11":"8b1e2e6b1c28fff"},"geometry":{"type":"Polygon","coordinates":[[[19.938528,50.066899],[19.938538,50.066873],[19.93858,50.066883],[19.938612,50.066778],[19.938803,50.066811],[19.938762,50.06692],[19.938528,50.066899]]]}},{"type":"Feature","id":"w152797407","properties":{"type":"apartments","levels":3.0,"address":"Świętego Filipa 16","residential":true,"residents_est":8,"h3_10":"8a1e2e6b1d4ffff","h3_11":"8b1e2e6b1d4afff"},"geometry":{"type":"Polygon","coordinates":[[[19.940699,50.068007],[19.940831,50.067963],[19.940809,50.067941],[19.940784,50.067951],[19.940768,50.067938],[19.940935,50.067873],[19.941061,50.067998],[19.941057,50.068008],[19.940777,50.068097],[19.940699,50.068007]]]}},{"type":"Feature","id":"w152797408","properties":{"type":"apartments","levels":4.0,"residential":true,"residents_est":8,"h3_10":"8a1e2e6b1c2ffff","h3_11":"8b1e2e6b1c2cfff"},"geometry":{"type":"Polygon","coordinates":[[[19.938152,50.066984],[19.93821,50.066859],[19.938463,50.066892],[19.938454,50.066923],[19.93835,50.066909],[19.938337,50.066937],[19.938448,50.066949],[19.938427,50.067017],[19.938152,50.066984]]]}},{"type":"Feature","id":"w152797411","properties":{"type":"apartments","levels":2.0,"address":"Długa 36","residential":true,"residents_est":5,"h3_10":"8a1e2e6b1d77fff","h3_11":"8b1e2e6b1d70fff"},"geometry":{"type":"Polygon","coordinates":[[[19.937646,50.068832],[19.937668,50.068732],[19.937778,50.068745],[19.93777,50.068787],[19.937981,50.068811],[19.937991,50.068774],[19.938179,50.068786],[19.938143,50.068878],[19.93791,50.068862],[19.937646,50.068832]]]}},{"type":"Feature","id":"w152797414","properties":{"type":"apartments","levels":3.0,"residential":true,"residents_est":7,"h3_10":"8a1e2e6b1c2ffff","h3_11":"8b1e2e6b1c28fff"},"geometry":{"type":"Polygon","coordinates":[[[19.938318,50.066631],[19.938402,50.066454],[19.938583,50.066468],[19.93852,50.066605],[19.938595,50.066615],[19.938578,50.066661],[19.938318,50.066631]]]}},{"type":"Feature","id":"w152797415","properties":{"type":"apartments","levels":3.0,"address":"Długa 10","residential":true,"residents_est":6,"h3_10":"8a1e2e6b1c2ffff","h3_11":"8b1e2e6b1c2dfff"},"geometry":{"type":"Polygon","coordinates":[[[19.938427,50.067017],[19.938445,50.066963],[19.938525,50.066973],[19.938543,50.066966],[19.938556,50.066914],[19.938539,50.066912],[19.938542,50.066902],[19.938762,50.06692],[19.938714,50.067052],[19.938427,50.067017]]]}},{"type":"Feature","id":"w152797417","properties":{"type":"apartments","levels":3.0,"residential":true,"residents_est":6,"h3_10":"8a1e2e6b1d5ffff","h3_11":"8b1e2e6b1d59fff"},"geometry":{"type":"Polygon","coordinates":[[[19.940004,50.067535],[19.940214,50.067463],[19.940307,50.067574],[19.940268,50.067589],[19.940277,50.0676],[19.940112,50.067659],[19.940004,50.067535]]]}},{"type":"Feature","id":"w152797418","properties":{"type":"apartments","levels":3.0,"residential":true,"residents_est":8,"h3_10":"8a1e2e6b1d5ffff","h3_11":"8b1e2e6b1d5cfff"},"geometry":{"type":"Polygon","coordinates":[[[19.939178,50.067793],[19.939197,50.067667],[19.939423,50.067682],[19.939505,50.067802],[19.939326,50.067856],[19.93931,50.067832],[19.939346,50.06782],[19.939307,50.067775],[19.939297,50.067802],[19.939178,50.067793]]]}},{"type":"Feature","id":"w152797420","properties":{"type":"office","levels":4.0,"residential":false,"residents_est":0,"h3_10":"8a1e2e6b1d77fff","h3_11":"8b1e2e6b1d76fff"},"geometry":{"type":"Polygon","coordinates":[[[19.937005,50.068939],[19.937104,50.06877],[19.937271,50.068806],[19.937224,50.068888],[19.937259,50.068899],[19.937192,50.068998],[19.937005,50.068939]]]}},{"type":"Feature","id":"w152797421","properties":{"type":"yes","levels":2.0,"residential":true,"residents_est":4,"h3_10":"8a1e2e6b1d77fff","h3_11":"8b1e2e6b1d72fff"},"geometry":{"type":"Polygon","coordinates":[[[19.937104,50.06877],[19.937165,50.068659],[19.937596,50.068759],[19.937661,50.068767],[19.937637,50.068872],[19.93746,50.068849],[19.937104,50.06877]]]}},{"type":"Feature","id":"w152797422","properties":{"type":"apartments","levels":3.0,"address":"Świętego Filipa 12","residential":true,"residents_est":7,"h3_10":"8a1e2e6b1d4ffff","h3_11":"8b1e2e6b1d4efff"},"geometry":{"type":"Polygon","coordinates":[[[19.940075,50.06818],[19.940178,50.068146],[19.940194,50.068164],[19.940236,50.068153],[19.940231,50.068141],[19.940279,50.068126],[19.940287,50.068137],[19.940373,50.06811],[19.940445,50.068199],[19.940156,50.068292],[19.940075,50.06818]]]}},{"type":"Feature","id":"w152797423","properties":{"type":"apartments","levels":3.0,"residential":true,"residents_est":7,"h3_10":"8a1e2e6b1c77fff","h3_11":"8b1e2e6b1c74fff"},"geometry":{"type":"Polygon","coordinates":[[[19.939487,50.066605],[19.939688,50.066555],[19.939826,50.0667],[19.939576,50.066766],[19.939538,50.066701],[19.939615,50.066687],[19.939561,50.066614],[19.939505,50.066626],[19.939487,50.066605]]]}},{"type":"Feature","id":"w152797426","properties":{"type":"apartments","levels":3.0,"address":"Świętego Filipa 10","residential":true,"residents_est":8,"h3_10":"8a1e2e6b1d47fff","h3_11":"8b1e2e6b1d43fff"},"geometry":{"type":"Polygon","coordinates":[[[19.939633,50.068247],[19.939797,50.068193],[19.939929,50.06836],[19.939691,50.068432],[19.93965,50.068371],[19.939715,50.068352],[19.939633,50.068247]]]}},{"type":"Feature","id":"w152797427","properties":{"type":"apartments","levels":3.0,"residential":true,"residents_est":7,"h3_10":"8a1e2e6b1d5ffff","h3_11":"8b1e2e6b1d5bfff"},"geometry":{"type":"Polygon","coordinates":[[[19.939899,50.067175],[19.940179,50.067067],[19.940283,50.067179],[19.940084,50.067256],[19.94007,50.067242],[19.940099,50.067232],[19.940071,50.067201],[19.940008,50.067203],[19.939947,50.067228],[19.939899,50.067175]]]}},{"type":"Feature","id":"w152797428","properties":{"type":"apartments","levels":4.0,"address":"Długa 23","residential":true,"residents_est":11,"h3_10":"8a1e2e6b1d47fff","h3_11":"8b1e2e6b1d46fff"},"geometry":{"type":"Polygon","coordinates":[[[19.938422,50.068605],[19.938486,50.068409],[19.938711,50.068412],[19.938711,50.068418],[19.938735,50.068418],[19.938723,50.06845],[19.938702,50.068448],[19.938669,50.068549],[19.938691,50.068551],[19.93868,50.068579],[19.938605,50.068591],[19.938422,50.068605]]]}},{"type":"Feature","id":"w152797432","properties":{"type":"apartments","levels":4.0,"residential":true,"residents_est":13,"h3_10":"8a1e2e6b1d57fff","h3_11":"8b1e2e6b1d50fff"},"geometry":{"type":"Polygon","coordinates":[[[19.937536,50.068006],[19.937655,50.067809],[19.937939,50.067847],[19.937926,50.0679],[19.937848,50.067891],[19.937821,50.067866],[19.937798,50.067908],[19.937815,50.067912],[19.937768,50.068001],[19.937904,50.068019],[19.937898,50.068049],[19.937536,50.068006]]]}},{"type":"Feature","id":"w152797435","properties":{"type":"apartments","levels":4.0,"residential":true,"residents_est":11,"h3_10":"8a1e2e6b1d5ffff","h3_11":"8b1e2e6b1d5bfff"},"geometry":{"type":"Polygon","coordinates":[[[19.939969,50.067282],[19.940015,50.067265],[19.940038,50.067269],[19.940058,50.067299],[19.940097,50.067284],[19.94007,50.067262],[19.940283,50.067179],[19.940387,50.067287],[19.940057,50.067395],[19.939969,50.067282]]]}},{"type":"Feature","id":"w152797436","properties":{"type":"apartments","levels":5.0,"residential":true,"residents_est":17,"h3_10":"8a1e2e6b1c2ffff","h3_11":"8b1e2e6b1c28fff"},"geometry":{"type":"Polygon","coordinates":[[[19.93821,50.066859],[19.938318,50.066631],[19.938453,50.066648],[19.938442,50.066689],[19.938558,50.066703],[19.938522,50.066805],[19.938457,50.066797],[19.93842,50.066887],[19.93821,50.066859]]]}},{"type":"Feature","id":"w152797438","properties":{"type":"apartments","levels":3.0,"residential":true,"residents_est":5,"h3_10":"8a1e2e6b1d47fff","h3_11":"8b1e2e6b1d43fff"},"geometry":{"type":"Polygon","coordinates":[[[19.939995,50.068075],[19.940268,50.067981],[19.94032,50.068043],[19.940286,50.068052],[19.940269,50.068031],[19.940169,50.068064],[19.940209,50.068121],[19.940178,50.068146],[19.940075,50.06818],[19.939995,50.068075]]]}},{"type":"Feature","id":"w152797441","properties":{"type":"apartments","levels":4.0,"address":"Długa 19","residential":true,"residents_est":6,"h3_10":"8a1e2e6b1d57fff","h3_11":"8b1e2e6b1d55fff"},"geometry":{"type":"Polygon","coordinates":[[[19.938531,50.068277],[19.938567,50.068177],[19.938761,50.068197],[19.93875,50.068252],[19.938789,50.068282],[19.938785,50.068298],[19.938531,50.068277]]]}},{"type":"Feature","id":"w152797443","properties":{"type":"apartments","levels":3.0,"residential":true,"residents_est":4,"h3_10":"8a1e2e6b1d4ffff","h3_11":"8b1e2e6b1d4afff"},"geometry":{"type":"Polygon","coordinates":[[[19.940678,50.067838],[19.940842,50.067775],[19.940935,50.067873],[19.940768,50.067938],[19.940678,50.067838]]]}},{"type":"Feature","id":"w152797445","properties":{"type":"yes","levels":1.0,"address":"Świętego Filipa 14","residential":true,"residents_est":0,"h3_10":"8a1e2e6b1d4ffff","h3_11":"8b1e2e6b1d4efff"},"geometry":{"type":"Polygon","coordinates":[[[19.940659,50.068034],[19.940706,50.068015],[19.940777,50.068097],[19.940723,50.068113],[19.940659,50.068034]]]}},{"type":"Feature","id":"w152797448","properties":{"type":"apartments","levels":3.0,"residential":true,"residents_est":9,"h3_10":"8a1e2e6b1c77fff","h3_11":"8b1e2e6b1c76fff"},"geometry":{"type":"Polygon","coordinates":[[[19.939339,50.066466],[19.939344,50.066381],[19.939533,50.066388],[19.939688,50.066555],[19.939487,50.066605],[19.939456,50.066553],[19.939515,50.06653],[19.939509,50.066521],[19.939369,50.066517],[19.939339,50.066466]]]}},{"type":"Feature","id":"w152797449","properties":{"type":"apartments","levels":3.0,"address":"Świętego Filipa 2","residential":true,"residents_est":10,"h3_10":"8a1e2e6b1d47fff","h3_11":"8b1e2e6b1d46fff"},"geometry":{"type":"Polygon","coordinates":[[[19.938402,50.068779],[19.938422,50.068605],[19.938605,50.068591],[19.938623,50.068652],[19.938803,50.068604],[19.938858,50.068682],[19.938714,50.068723],[19.938402,50.068779]]]}},{"type":"Feature","id":"w152979945","properties":{"type":"yes","levels":4.0,"residential":true,"residents_est":5,"h3_10":"8a1e2e6b1d2ffff","h3_11":"8b1e2e6b1d2dfff"},"geometry":{"type":"Polygon","coordinates":[[[19.9362,50.069646],[19.936311,50.069549],[19.936633,50.069667],[19.936608,50.06969],[19.936573,50.069677],[19.93656,50.069688],[19.936549,50.069688],[19.936478,50.069661],[19.936473,50.069648],[19.93645,50.069651],[19.936406,50.069693],[19.936411,50.069708],[19.936469,50.069701],[19.936514,50.06972],[19.936517,50.069726],[19.936508,50.069738],[19.936536,50.069745],[19.936552,50.069735],[19.936605,50.069758],[19.936622,50.069747],[19.936671,50.069767],[19.936628,50.069809],[19.9362,50.069646]]]}},{"type":"Feature","id":"w152979963","properties":{"type":"church","address":"Świętego Filipa 17-19","name":"Kościół pw. Świętego Wincentego à Paulo","residential":false,"residents_est":0,"h3_10":"8a1e2e6b1d4ffff","h3_11":"8b1e2e6b1d48fff"},"geometry":{"type":"Polygon","coordinates":[[[19.94119,50.068077],[19.941201,50.068078],[19.941236,50.068066],[19.941233,50.068062],[19.94124,50.068059],[19.941364,50.068021],[19.941361,50.068017],[19.941369,50.068014],[19.941462,50.068143],[19.941508,50.068129],[19.94154,50.068171],[19.941579,50.068159],[19.941665,50.068267],[19.941569,50.068299],[19.94157,50.068306],[19.941552,50.068307],[19.941544,50.068323],[19.941557,50.068331],[19.941547,50.068337],[19.941534,50.06833],[19.941479,50.068348],[19.94148,50.068359],[19.941465,50.068359],[19.941464,50.068348],[19.941439,50.068343],[19.941427,50.068352],[19.941417,50.068345],[19.941428,50.068337],[19.941416,50.06832],[19.941403,50.068324],[19.941396,50.068316],[19.941407,50.068312],[19.941373,50.068268],[19.94135,50.068275],[19.941355,50.068283],[19.941346,50.068286],[19.941338,50.068276],[19.941294,50.06829],[19.941295,50.068299],[19.941281,50.0683],[19.941281,50.06829],[19.941243,50.068282],[19.941233,50.068289],[19.941201,50.068253],[19.9412,50.068245],[19.941215,50.068244],[19.941227,50.06822],[19.941216,50.068213],[19.941226,50.068207],[19.941237,50.068213],[19.941279,50.0682],[19.941252,50.068166],[19.94126,50.068162],[19.94119,50.068077]]]}},{"type":"Feature","id":"w152979967","properties":{"type":"yes","levels":3.0,"residential":true,"residents_est":4,"h3_10":"8a1e2e6b1d4ffff","h3_11":"8b1e2e6b1d49fff"},"geometry":{"type":"Polygon","coordinates":[[[19.942027,50.067966],[19.942103,50.067942],[19.942155,50.068006],[19.942365,50.068334],[19.942272,50.068356],[19.942256,50.068332],[19.942241,50.068336],[19.942199,50.068272],[19.942215,50.068268],[19.942204,50.068253],[19.942183,50.068258],[19.942156,50.068248],[19.942166,50.068233],[19.942163,50.068229],[19.942185,50.068223],[19.942175,50.068208],[19.942159,50.068212],[19.942117,50.068148],[19.942133,50.068143],[19.94211,50.068108],[19.942094,50.068112],[19.942052,50.068048],[19.942068,50.068044],[19.942056,50.068024],[19.942065,50.068022],[19.942027,50.067966]]]}},{"type":"Feature","id":"w152979984","properties":{"type":"yes","levels":4.0,"residential":true,"residents_est":4,"h3_10":"8a1e2e6b1d2ffff","h3_11":"8b1e2e6b1d29fff"},"geometry":{"type":"Polygon","coordinates":[[[19.936545,50.06935],[19.936664,50.069243],[19.936847,50.069296],[19.936701,50.069424],[19.936545,50.06935]]]}},{"type":"Feature","id":"w152980006","properties":{"type":"yes","levels":4.0,"residential":true,"residents_est":6,"h3_10":"8a1e2e6b1d2ffff","h3_11":"8b1e2e6b1d2dfff"},"geometry":{"type":"Polygon","coordinates":[[[19.936311,50.069549],[19.936545,50.06935],[19.936701,50.069424],[19.936488,50.069616],[19.936311,50.069549]]]}},{"type":"Feature","id":"w152980059","properties":{"type":"apartments","levels":4.0,"residential":true,"residents_est":11,"h3_10":"8a1e2e6b1d2ffff","h3_11":"8b1e2e6b1d29fff"},"geometry":{"type":"Polygon","coordinates":[[[19.936664,50.069243],[19.936803,50.069124],[19.936846,50.069119],[19.937092,50.0692],[19.937027,50.069297],[19.936869,50.069247],[19.936864,50.069241],[19.936886,50.069215],[19.936862,50.069206],[19.936849,50.069207],[19.936839,50.069223],[19.936849,50.069248],[19.936826,50.069273],[19.936857,50.069283],[19.936847,50.069296],[19.936664,50.069243]]]}},{"type":"Feature","id":"w152980119","properties":{"type":"apartments","levels":3.0,"residential":true,"residents_est":19,"h3_10":"8a1e2e6b1d4ffff","h3_11":"8b1e2e6b1d4bfff"},"geometry":{"type":"Polygon","coordinates":[[[19.94137,50.068015],[19.942017,50.067817],[19.942103,50.067942],[19.941897,50.068008],[19.941907,50.068021],[19.941881,50.068029],[19.941872,50.068016],[19.941755,50.068053],[19.941774,50.068076],[19.941713,50.068094],[19.941697,50.068071],[19.941462,50.068143],[19.94137,50.068015]]]}},{"type":"Feature","id":"w152980140","properties":{"type":"apartments","levels":4.0,"residential":true,"residents_est":12,"h3_10":"8a1e2e6b1d2ffff","h3_11":"8b1e2e6b1d2dfff"},"geometry":{"type":"Polygon","coordinates":[[[19.936079,50.069745],[19.9362,50.069646],[19.936628,50.069809],[19.936576,50.069861],[19.936526,50.069844],[19.936537,50.069831],[19.93648,50.069809],[19.936487,50.069798],[19.936458,50.069786],[19.93645,50.069798],[19.936362,50.069762],[19.936355,50.069751],[19.936336,50.069752],[19.936287,50.069795],[19.936291,50.069803],[19.936354,50.069796],[19.936416,50.069822],[19.936407,50.069835],[19.936444,50.069849],[19.936413,50.069875],[19.936079,50.069745]]]}},{"type":"Feature","id":"w153033826","properties":{"type":"yes","levels":4.0,"address":"Sławkowska 23","residential":true,"residents_est":4,"h3_10":"8a1e2e6b1ce7fff","h3_11":"8b1e2e6b1ce4fff"},"geometry":{"type":"Polygon","coordinates":[[[19.938488,50.064878],[19.938679,50.06485],[19.938695,50.064891],[19.938803,50.064877],[19.938787,50.064833],[19.938938,50.064806],[19.938968,50.064881],[19.93883,50.064901],[19.938832,50.064906],[19.938528,50.064945],[19.938488,50.064878]]]}},{"type":"Feature","id":"w153033827","properties":{"type":"yes","levels":3.0,"residential":true,"residents_est":1,"h3_10":"8a1e2e6b1cc7fff","h3_11":"8b1e2e6b1cc2fff"},"geometry":{"type":"Polygon","coordinates":[[[19.939061,50.062901],[19.939137,50.062874],[19.939135,50.062867],[19.93918,50.062848],[19.939261,50.062827],[19.939304,50.062877],[19.939088,50.062933],[19.939061,50.062901]]]}},{"type":"Feature","id":"r2066313","properties":{"type":"yes","levels":3.0,"name":"Pałac Czartoryskich","residential":true,"residents_est":16,"h3_10":"8a1e2e6b1ce7fff","h3_11":"8b1e2e6b1ce1fff"},"geometry":{"type":"Polygon","coordinates":[[[19.939714,50.064535],[19.940226,50.064379],[19.940266,50.064431],[19.94024,50.064439],[19.940266,50.064476],[19.940261,50.064477],[19.940325,50.064591],[19.94036,50.064687],[19.940369,50.064774],[19.939878,50.06474],[19.939866,50.064734],[19.939834,50.064667],[19.939792,50.064617],[19.939776,50.06461],[19.939714,50.064535]]]}},{"type":"Feature","id":"w153033837","properties":{"type":"residential","levels":3.0,"address":"Sławkowska 25","residential":true,"residents_est":8,"h3_10":"8a1e2e6b1ce7fff","h3_11":"8b1e2e6b1ce4fff"},"geometry":{"type":"Polygon","coordinates":[[[19.938531,50.064945],[19.938832,50.064906],[19.93883,50.064901],[19.938925,50.064887],[19.938944,50.064932],[19.938906,50.06494],[19.938909,50.064958],[19.938869,50.064966],[19.938861,50.064949],[19.938807,50.064961],[19.938782,50.064994],[19.938816,50.065044],[19.938621,50.06509],[19.938531,50.064945]]]}},{"type":"Feature","id":"w153033844","properties":{"type":"yes","levels":4.0,"residential":true,"residents_est":6,"h3_10":"8a1e2e6b1ceffff","h3_11":"8b1e2e6b1ceefff"},"geometry":{"type":"Polygon","coordinates":[[[19.940102,50.064186],[19.940205,50.064156],[19.940265,50.064236],[19.940297,50.064242],[19.940493,50.064184],[19.94051,50.064189],[19.940567,50.064245],[19.94021,50.064355],[19.940146,50.064267],[19.940161,50.064263],[19.940102,50.064186]]]}},{"type":"Feature","id":"w153033846","properties":{"type":"yes","levels":5.0,"residential":true,"residents_est":7,"h3_10":"8a1e2e6b1cc7fff","h3_11":"8b1e2e6b1cc2fff"},"geometry":{"type":"Polygon","coordinates":[[[19.938817,50.062869],[19.938898,50.062844],[19.938885,50.062826],[19.938946,50.062807],[19.938954,50.062817],[19.939174,50.062759],[19.939232,50.062833],[19.93918,50.062848],[19.939135,50.062867],[19.939137,50.062874],[19.939061,50.062901],[19.939088,50.062933],[19.939038,50.062945],[19.939042,50.062951],[19.938912,50.062994],[19.938817,50.062869]]]}},{"type":"Feature","id":"w153033848","properties":{"type":"residential","levels":4.0,"name":"Pałac Przebendowskich","residential":true,"residents_est":34,"h3_10":"8a1e2e6b1ce7fff","h3_11":"8b1e2e6b1ce3fff"},"geometry":{"type":"Polygon","coordinates":[[[19.939289,50.063996],[19.939922,50.063813],[19.939997,50.063919],[19.939923,50.063942],[19.939997,50.064084],[19.939877,50.064118],[19.939784,50.063987],[19.939763,50.063975],[19.939664,50.064024],[19.939667,50.064029],[19.939584,50.064046],[19.939616,50.064093],[19.939555,50.064109],[19.939619,50.064193],[19.939482,50.064234],[19.939289,50.063996]]]}},{"type":"Feature","id":"w153033850","properties":{"type":"yes","levels":3.0,"address":"Pijarska 17","name":"Hotel Polski","residential":true,"residents_est":6,"h3_10":"8a1e2e6b1ceffff","h3_11":"8b1e2e6b1cecfff"},"geometry":{"type":"Polygon","coordinates":[[[19.940344,50.064647],[19.940444,50.064637],[19.940448,50.064662],[19.940543,50.064659],[19.940541,50.064687],[19.940602,50.06469],[19.940603,50.064675],[19.940775,50.064678],[19.940817,50.06481],[19.940683,50.06482],[19.940532,50.064807],[19.940369,50.064774],[19.94036,50.064687],[19.940344,50.064647]]]}},{"type":"Feature","id":"w153033853","properties":{"type":"hotel","levels":4.0,"address":"Pijarska 13","name":"Hotel Francuski","residential":false,"residents_est":0,"h3_10":"8a1e2e6b1ce7fff","h3_11":"8b1e2e6b1ce5fff"},"geometry":{"type":"Polygon","coordinates":[[[19.938993,50.064797],[19.939353,50.064729],[19.939338,50.064756],[19.939387,50.064788],[19.939458,50.064742],[19.939416,50.064715],[19.939599,50.064674],[19.939648,50.064732],[19.939167,50.065044],[19.939107,50.064965],[19.939199,50.064906],[19.939166,50.064885],[19.939211,50.064856],[19.939202,50.064848],[19.939202,50.064827],[19.939118,50.064842],[19.939126,50.06486],[19.939046,50.064873],[19.938993,50.064797]]]}},{"type":"Feature","id":"w153033854","properties":{"type":"yes","levels":3.0,"name":"Kamienica Goetzów-Okocimskich","residential":true,"residents_est":7,"h3_10":"8a1e2e6b1cd7fff","h3_11":"8b1e2e6b1cd1fff"},"geometry":{"type":"Polygon","coordinates":[[[19.938396,50.062785],[19.938649,50.062707],[19.93868,50.06275],[19.938648,50.062759],[19.938642,50.062773],[19.938677,50.062821],[19.938705,50.062813],[19.938827,50.062776],[19.9388,50.06274],[19.938776,50.062749],[19.938731,50.062687],[19.938838,50.062656],[19.938946,50.062807],[19.938885,50.062826],[19.938898,50.062844],[19.938524,50.062961],[19.938396,50.062785]]]}},{"type":"Feature","id":"w153033855","properties":{"type":"yes","levels":3.0,"address":"Świętego Jana 26","name":"Archiwum Nauki Polskiej Akademii Nauk i Polskiej Akademii Umiejętności","residential":false,"residents_est":0,"h3_10":"8a1e2e6b1ce7fff","h3_11":"8b1e2e6b1ce0fff"},"geometry":{"type":"Polygon","coordinates":[[[19.939141,50.064531],[19.939441,50.064452],[19.939482,50.064509],[19.939175,50.064593],[19.939141,50.064531]]]}},{"type":"Feature","id":"w153033856","properties":{"type":"yes","levels":3.0,"address":"Świętego Jana 14","residential":true,"residents_est":3,"h3_10":"8a1e2e6b1cc7fff","h3_11":"8b1e2e6b1cc6fff"},"geometry":{"type":"Polygon","coordinates":[[[19.938491,50.063596],[19.938769,50.063527],[19.938831,50.06361],[19.938548,50.063685],[19.938491,50.063596]]]}},{"type":"Feature","id":"w153033857","properties":{"type":"yes","levels":3.0,"address":"Świętego Jana 16","name":"Kamienica Hallerowska","residential":true,"residents_est":3,"h3_10":"8a1e2e6b1cc7fff","h3_11":"8b1e2e6b1cc4fff"},"geometry":{"type":"Polygon","coordinates":[[[19.938549,50.063685],[19.938831,50.06361],[19.938892,50.06369],[19.938599,50.063774],[19.938596,50.063769],[19.938607,50.063766],[19.938549,50.063685]]]}},{"type":"Feature","id":"w153033858","properties":{"type":"yes","residential":true,"residents_est":0,"h3_10":"8a1e2e6b1cc7fff","h3_11":"8b1e2e6b1cc0fff"},"geometry":{"type":"Polygon","coordinates":[[[19.939411,50.063244],[19.939513,50.063212],[19.939545,50.063251],[19.93952,50.063258],[19.939525,50.063265],[19.939442,50.063288],[19.939411,50.063244]]]}},{"type":"Feature","id":"w153033860","properties":{"type":"public","levels":3.0,"address":"Świętego Jana 28","name":"Polska Akademia Nauk","residential":false,"residents_est":0,"h3_10":"8a1e2e6b1ce7fff","h3_11":"8b1e2e6b1ce0fff"},"geometry":{"type":"Polygon","coordinates":[[[19.9392,50.064587],[19.939489,50.064507],[19.939519,50.064554],[19.939511,50.064556],[19.939529,50.064579],[19.939362,50.06462],[19.939359,50.064615],[19.939204,50.064644],[19.939202,50.06464],[19.939225,50.064635],[19.9392,50.064587]]]}},{"type":"Feature","id":"w153033862","properties":{"type":"yes","levels":4.0,"residential":true,"residents_est":1,"h3_10":"8a1e2e6b1ceffff","h3_11":"8b1e2e6b1ceefff"},"geometry":{"type":"Polygon","coordinates":[[[19.940031,50.064115],[19.940131,50.064084],[19.940192,50.06416],[19.940092,50.064188],[19.940031,50.064115]]]}},{"type":"Feature","id":"w153033867","properties":{"type":"yes","levels":1.0,"residential":false,"residents_est":0,"h3_10":"8a1e2e6b1ce7fff","h3_11":"8b1e2e6b1ce0fff"},"geometry":{"type":"Polygon","coordinates":[[[19.938843,50.064484],[19.938916,50.06447],[19.938938,50.064514],[19.938866,50.064529],[19.938843,50.064484]]]}},{"type":"Feature","id":"w153033868","properties":{"type":"yes","levels":4.0,"residential":true,"residents_est":2,"h3_10":"8a1e2e6b1cdffff","h3_11":"8b1e2e6b1cdcfff"},"geometry":{"type":"Polygon","coordinates":[[[19.93936,50.062796],[19.939612,50.062707],[19.939655,50.062759],[19.939397,50.062841],[19.93936,50.062796]]]}},{"type":"Feature","id":"w153033875","properties":{"type":"yes","levels":3.0,"address":"Floriańska 34","residential":true,"residents_est":2,"h3_10":"8a1e2e6b1ceffff","h3_11":"8b1e2e6b1ce8fff"},"geometry":{"type":"Polygon","coordinates":[[[19.940567,50.064245],[19.940764,50.064182],[19.940829,50.064264],[19.94062,50.064319],[19.940567,50.064245]]]}},{"type":"Feature","id":"w153033879","properties":{"type":"yes","levels":1.0,"residential":true,"residents_est":1,"h3_10":"8a1e2e6b1ceffff","h3_11":"8b1e2e6b1cecfff"},"geometry":{"type":"Polygon","coordinates":[[[19.940395,50.064494],[19.940594,50.06444],[19.940644,50.064521],[19.940431,50.064563],[19.940395,50.064494]]]}},{"type":"Feature","id":"w153033881","properties":{"type":"residential","levels":3.0,"address":"Świętego Jana 24","residential":true,"residents_est":7,"h3_10":"8a1e2e6b1ce7fff","h3_11":"8b1e2e6b1ce0fff"},"geometry":{"type":"Polygon","coordinates":[[[19.939085,50.064434],[19.939376,50.064347],[19.939388,50.064375],[19.939394,50.064373],[19.939448,50.06445],[19.939141,50.064531],[19.939085,50.064434]]]}},{"type":"Feature","id":"w153033882","properties":{"type":"yes","levels":4.0,"residential":true,"residents_est":4,"h3_10":"8a1e2e6b1cc7fff","h3_11":"8b1e2e6b1cc1fff"},"geometry":{"type":"Polygon","coordinates":[[[19.939777,50.06334],[19.940044,50.06325],[19.940113,50.063339],[19.939845,50.063422],[19.939777,50.06334]]]}},{"type":"Feature","id":"w153033883","properties":{"type":"yes","levels":3.0,"residential":true,"residents_est":1,"h3_10":"8a1e2e6b1cf7fff","h3_11":"8b1e2e6b1cf1fff"},"geometry":{"type":"Polygon","coordinates":[[[19.938419,50.063921],[19.938525,50.063889],[19.938529,50.063896],[19.938522,50.063898],[19.93859,50.06398],[19.938575,50.063992],[19.938486,50.06402],[19.938419,50.063921]]]}},{"type":"Feature","id":"w153033887","properties":{"type":"yes","residential":true,"residents_est":0,"h3_10":"8a1e2e6b1cd7fff","h3_11":"8b1e2e6b1cd1fff"},"geometry":{"type":"Polygon","coordinates":[[[19.938922,50.062632],[19.939039,50.062601],[19.939076,50.062655],[19.938962,50.062691],[19.938922,50.062632]]]}},{"type":"Feature","id":"w153033888","properties":{"type":"yes","levels":2.0,"residential":true,"residents_est":1,"h3_10":"8a1e2e6b1ceffff","h3_11":"8b1e2e6b1cecfff"},"geometry":{"type":"Polygon","coordinates":[[[19.94024,50.064439],[19.940338,50.064409],[19.940348,50.064423],[19.940359,50.064427],[19.940352,50.064429],[19.940395,50.064494],[19.94029,50.064521],[19.94024,50.064439]]]}},{"type":"Feature","id":"w153033890","properties":{"type":"yes","levels":4.0,"residential":true,"residents_est":3,"h3_10":"8a1e2e6b1cdffff","h3_11":"8b1e2e6b1cdcfff"},"geometry":{"type":"Polygon","coordinates":[[[19.939147,50.062553],[19.939422,50.062461],[19.939475,50.062528],[19.939199,50.062616],[19.939163,50.062564],[19.939156,50.062566],[19.939147,50.062553]]]}},{"type":"Feature","id":"w153033892","properties":{"type":"yes","levels":4.0,"address":"Świętego Jana 9","residential":true,"residents_est":2,"h3_10":"8a1e2e6b1cc7fff","h3_11":"8b1e2e6b1cc4fff"},"geometry":{"type":"Polygon","coordinates":[[[19.939039,50.063654],[19.939289,50.063587],[19.939332,50.063657],[19.9391,50.063722],[19.939054,50.063659],[19.939044,50.063661],[19.939039,50.063654]]]}},{"type":"Feature","id":"w153033896","properties":{"type":"yes","levels":3.0,"residential":true,"residents_est":1,"h3_10":"8a1e2e6b1cc7fff","h3_11":"8b1e2e6b1cc5fff"},"geometry":{"type":"Polygon","coordinates":[[[19.939512,50.063577],[19.939636,50.063546],[19.939699,50.063643],[19.939576,50.063675],[19.939539,50.063605],[19.939529,50.063607],[19.939512,50.063577]]]}},{"type":"Feature","id":"w153033897","properties":{"type":"yes","levels":4.0,"name":"Kamienica Pod Barankiem","residential":true,"residents_est":5,"h3_10":"8a1e2e6b1cc7fff","h3_11":"8b1e2e6b1cc1fff"},"geometry":{"type":"Polygon","coordinates":[[[19.93959,50.063492],[19.939685,50.063464],[19.939729,50.063527],[19.939743,50.063524],[19.939736,50.063515],[19.939775,50.063504],[19.93978,50.063512],[19.939861,50.063493],[19.939822,50.063429],[19.940113,50.063339],[19.940175,50.063412],[19.939967,50.063479],[19.939651,50.063569],[19.9396,50.063496],[19.939595,50.063499],[19.93959,50.063492]]]}},{"type":"Feature","id":"w153033898","properties":{"type":"yes","levels":3.0,"residential":true,"residents_est":1,"h3_10":"8a1e2e6b1ce7fff","h3_11":"8b1e2e6b1ce3fff"},"geometry":{"type":"Polygon","coordinates":[[[19.939586,50.064148],[19.939839,50.064066],[19.939877,50.064118],[19.939619,50.064193],[19.939586,50.064148]]]}},{"type":"Feature","id":"w153033899","properties":{"type":"residential","levels":4.0,"address":"Pijarska 11","residential":true,"residents_est":5,"h3_10":"8a1e2e6b1c0ffff","h3_11":"8b1e2e6b1c0bfff"},"geometry":{"type":"Polygon","coordinates":[[[19.938934,50.065034],[19.939031,50.064966],[19.939096,50.064954],[19.939167,50.065044],[19.939052,50.065122],[19.938934,50.065034]]]}},{"type":"Feature","id":"w153033903","properties":{"type":"apartments","levels":3.0,"residential":true,"residents_est":4,"h3_10":"8a1e2e6b1ce7fff","h3_11":"8b1e2e6b1ce4fff"},"geometry":{"type":"Polygon","coordinates":[[[19.938442,50.064801],[19.938713,50.064755],[19.938749,50.06484],[19.938488,50.064878],[19.938442,50.064801]]]}},{"type":"Feature","id":"w153033906","properties":{"type":"yes","levels":3.0,"name":"Kamienica Cyrusowska","residential":true,"residents_est":4,"h3_10":"8a1e2e6b1cc7fff","h3_11":"8b1e2e6b1cc3fff"},"geometry":{"type":"Polygon","coordinates":[[[19.939319,50.062968],[19.939402,50.062942],[19.939346,50.062857],[19.939655,50.062759],[19.939724,50.062849],[19.93958,50.0629],[19.939576,50.062894],[19.939556,50.0629],[19.939561,50.062906],[19.939539,50.062913],[19.939534,50.062907],[19.939514,50.062914],[19.939518,50.06292],[19.939327,50.062981],[19.939319,50.062968]]]}},{"type":"Feature","id":"w153033910","properties":{"type":"yes","levels":3.0,"address":"Świętego Jana 5","residential":true,"residents_est":4,"h3_10":"8a1e2e6b1cc7fff","h3_11":"8b1e2e6b1cc2fff"},"geometry":{"type":"Polygon","coordinates":[[[19.938524,50.062961],[19.938817,50.062869],[19.938912,50.062994],[19.938642,50.063085],[19.938612,50.063077],[19.938524,50.062961]]]}},{"type":"Feature","id":"w153033912","properties":{"type":"yes","levels":3.0,"address":"Floriańska 30","residential":true,"residents_est":3,"h3_10":"8a1e2e6b1ceffff","h3_11":"8b1e2e6b1ceefff"},"geometry":{"type":"Polygon","coordinates":[[[19.940285,50.064032],[19.940576,50.063942],[19.940635,50.064021],[19.940339,50.064113],[19.940305,50.064072],[19.940312,50.06407],[19.940285,50.064032]]]}},{"type":"Feature","id":"w153033914","properties":{"type":"yes","residential":true,"residents_est":1,"h3_10":"8a1e2e6b1cdffff","h3_11":"8b1e2e6b1cdefff"},"geometry":{"type":"Polygon","coordinates":[[[19.938935,50.062463],[19.938948,50.062459],[19.938977,50.062503],[19.938992,50.062504],[19.938978,50.062508],[19.939004,50.062543],[19.939078,50.062518],[19.939087,50.062514],[19.939083,50.062509],[19.939118,50.062496],[19.93916,50.06255],[19.939147,50.062553],[19.939156,50.062566],[19.939144,50.062569],[19.939148,50.062574],[19.939041,50.062604],[19.938935,50.062463]]]}},{"type":"Feature","id":"w153033915","properties":{"type":"yes","levels":3.0,"name":"Pałac Popielów","residential":true,"residents_est":7,"h3_10":"8a1e2e6b1ce7fff","h3_11":"8b1e2e6b1ce2fff"},"geometry":{"type":"Polygon","coordinates":[[[19.938586,50.063985],[19.93874,50.063936],[19.938679,50.063858],[19.93895,50.063782],[19.939082,50.063961],[19.938674,50.064082],[19.938609,50.063999],[19.938586,50.063985]]]}},{"type":"Feature","id":"w153033916","properties":{"type":"yes","levels":3.0,"residential":true,"residents_est":3,"h3_10":"8a1e2e6b1cf7fff","h3_11":"8b1e2e6b1cf3fff"},"geometry":{"type":"Polygon","coordinates":[[[19.937883,50.063544],[19.938003,50.063506],[19.938091,50.063614],[19.938186,50.063588],[19.938212,50.063625],[19.938013,50.063697],[19.937883,50.063544]]]}},{"type":"Feature","id":"w153033921","properties":{"type":"apartments","levels":4.0,"residential":true,"residents_est":12,"h3_10":"8a1e2e6b1cc7fff","h3_11":"8b1e2e6b1cc3fff"},"geometry":{"type":"Polygon","coordinates":[[[19.939662,50.063217],[19.939943,50.063122],[19.940046,50.063249],[19.939765,50.063344],[19.939662,50.063217]]]}},{"type":"Feature","id":"w153033924","properties":{"type":"yes","levels":4.0,"address":"Floriańska 8","name":"Kamienica Dawidowska","residential":true,"residents_est":3,"h3_10":"8a1e2e6b1cdffff","h3_11":"8b1e2e6b1cdcfff"},"geometry":{"type":"Polygon","coordinates":[[[19.939307,50.062711],[19.939557,50.062637],[19.939612,50.062707],[19.939366,50.06279],[19.939307,50.062711]]]}},{"type":"Feature","id":"w153033928","properties":{"type":"apartments","levels":3.0,"name":"Pałac Tarnowskich-Sanguszków","residential":true,"residents_est":19,"h3_10":"8a1e2e6b1cf7fff","h3_11":"8b1e2e6b1cf5fff"},"geometry":{"type":"Polygon","coordinates":[[[19.937884,50.06399],[19.938149,50.063905],[19.938203,50.06397],[19.938195,50.063973],[19.938208,50.063989],[19.938235,50.06398],[19.938251,50.063993],[19.938247,50.063995],[19.938257,50.06401],[19.938264,50.064008],[19.938275,50.064035],[19.938282,50.064033],[19.938291,50.064047],[19.938285,50.064049],[19.93831,50.064072],[19.938303,50.064075],[19.93832,50.064098],[19.938327,50.064096],[19.938335,50.064106],[19.938329,50.064108],[19.938343,50.064128],[19.93835,50.064126],[19.938355,50.064136],[19.938349,50.064138],[19.93836,50.064154],[19.938367,50.064152],[19.938374,50.064162],[19.938393,50.064157],[19.938397,50.064162],[19.938372,50.064169],[19.938377,50.064174],[19.938361,50.064179],[19.938358,50.064172],[19.938329,50.064182],[19.938332,50.064188],[19.938273,50.064204],[19.938269,50.064198],[19.938247,50.064204],[19.93825,50.064208],[19.938062,50.06426],[19.937934,50.064074],[19.937884,50.06399]]]}},{"type":"Feature","id":"w153033929","properties":{"type":"apartments","levels":4.0,"residential":true,"residents_est":4,"h3_10":"8a1e2e6b1cc7fff","h3_11":"8b1e2e6b1cc3fff"},"geometry":{"type":"Polygon","coordinates":[[[19.939636,50.063177],[19.939691,50.06316],[19.939685,50.063153],[19.939911,50.063082],[19.939943,50.063122],[19.939666,50.063215],[19.939636,50.063177]]]}},{"type":"Feature","id":"w153033930","properties":{"type":"yes","levels":3.0,"residential":true,"residents_est":1,"h3_10":"8a1e2e6b1ceffff","h3_11":"8b1e2e6b1cecfff"},"geometry":{"type":"Polygon","coordinates":[[[19.94029,50.064521],[19.940395,50.064494],[19.940432,50.064566],[19.940325,50.064591],[19.94029,50.064521]]]}},{"type":"Feature","id":"w153033936","properties":{"type":"yes","levels":4.0,"address":"Świętego Jana 18","name":"Kamienica Sasinowska","residential":true,"residents_est":4,"h3_10":"8a1e2e6b1cc7fff","h3_11":"8b1e2e6b1cc4fff"},"geometry":{"type":"Polygon","coordinates":[[[19.938599,50.063774],[19.938897,50.06369],[19.938959,50.063778],[19.938651,50.063865],[19.93862,50.063812],[19.938615,50.063814],[19.938608,50.063805],[19.938616,50.063803],[19.938599,50.063774]]]}},{"type":"Feature","id":"w153033937","properties":{"type":"apartments","levels":3.0,"residential":true,"residents_est":4,"h3_10":"8a1e2e6b1cc7fff","h3_11":"8b1e2e6b1cc2fff"},"geometry":{"type":"Polygon","coordinates":[[[19.939038,50.062945],[19.939232,50.062899],[19.939297,50.062991],[19.939092,50.063041],[19.939038,50.062945]]]}},{"type":"Feature","id":"w153033938","properties":{"type":"yes","levels":3.0,"address":"Świętego Jana 30","residential":true,"residents_est":4,"h3_10":"8a1e2e6b1ce7fff","h3_11":"8b1e2e6b1ce5fff"},"geometry":{"type":"Polygon","coordinates":[[[19.939204,50.064644],[19.939359,50.064615],[19.939362,50.06462],[19.939529,50.064579],[19.939547,50.064605],[19.939553,50.064602],[19.939562,50.064614],[19.939556,50.064616],[19.939602,50.064673],[19.939266,50.064749],[19.939241,50.064697],[19.939235,50.064697],[19.939228,50.064685],[19.939235,50.064682],[19.939226,50.064667],[19.939218,50.064668],[19.939204,50.064644]]]}},{"type":"Feature","id":"w153033939","properties":{"type":"yes","levels":3.5,"address":"Floriańska 36","residential":true,"residents_est":4,"h3_10":"8a1e2e6b1ceffff","h3_11":"8b1e2e6b1ce8fff"},"geometry":{"type":"Polygon","coordinates":[[[19.940536,50.064344],[19.940829,50.064264],[19.940892,50.064356],[19.940594,50.06444],[19.940536,50.064344]]]}},{"type":"Feature","id":"w153033941","properties":{"type":"yes","levels":5.0,"address":"Świętego Marka 17","name":"Biblioteka Książąt Czartoryskich","residential":false,"residents_est":0,"h3_10":"8a1e2e6b1cc7fff","h3_11":"8b1e2e6b1cc5fff"},"geometry":{"type":"Polygon","coordinates":[[[19.939359,50.06381],[19.939437,50.063789],[19.939421,50.063767],[19.93972,50.063682],[19.939781,50.063774],[19.939411,50.063879],[19.939359,50.06381]]]}},{"type":"Feature","id":"w153033945","properties":{"type":"apartments","levels":3.0,"residential":true,"residents_est":5,"h3_10":"8a1e2e6b1cf7fff","h3_11":"8b1e2e6b1cf0fff"},"geometry":{"type":"Polygon","coordinates":[[[19.937741,50.063781],[19.938013,50.063697],[19.938076,50.063764],[19.937793,50.063858],[19.937741,50.063781]]]}},{"type":"Feature","id":"w153033947","properties":{"type":"yes","levels":4.0,"address":"Floriańska 32","residential":true,"residents_est":5,"h3_10":"8a1e2e6b1ceffff","h3_11":"8b1e2e6b1ce8fff"},"geometry":{"type":"Polygon","coordinates":[[[19.940432,50.064085],[19.940635,50.064021],[19.940764,50.064182],[19.940567,50.064245],[19.94051,50.064189],[19.94052,50.064174],[19.940504,50.064152],[19.940485,50.064157],[19.940432,50.064085]]]}},{"type":"Feature","id":"w153033948","properties":{"type":"yes","levels":4.0,"address":"Floriańska 40","residential":true,"residents_est":4,"h3_10":"8a1e2e6b1ceffff","h3_11":"8b1e2e6b1cedfff"},"geometry":{"type":"Polygon","coordinates":[[[19.940644,50.064521],[19.940756,50.064495],[19.940787,50.064537],[19.94085,50.064524],[19.94082,50.064481],[19.940958,50.06445],[19.941022,50.064552],[19.940692,50.064609],[19.940644,50.064521]]]}},{"type":"Feature","id":"w153033951","properties":{"type":"hotel","levels":3.0,"address":"Floriańska 28","residential":false,"residents_est":0,"h3_10":"8a1e2e6b1ceffff","h3_11":"8b1e2e6b1ceafff"},"geometry":{"type":"Polygon","coordinates":[[[19.940173,50.063897],[19.940329,50.063853],[19.9403,50.063811],[19.940448,50.063764],[19.940579,50.063941],[19.940277,50.064034],[19.940234,50.063983],[19.940242,50.06398],[19.940224,50.06396],[19.940217,50.063961],[19.940173,50.063897]]]}},{"type":"Feature","id":"w153033952","properties":{"type":"hotel","levels":4.0,"address":"Floriańska 14","name":"Hotel Pod Różą","residential":false,"residents_est":0,"h3_10":"8a1e2e6b1cc7fff","h3_11":"8b1e2e6b1cc3fff"},"geometry":{"type":"Polygon","coordinates":[[[19.939098,50.063113],[19.939345,50.063046],[19.93934,50.063039],[19.939449,50.063007],[19.939452,50.063011],[19.939784,50.062908],[19.939826,50.062966],[19.939819,50.062968],[19.939842,50.062998],[19.939849,50.062996],[19.939912,50.063081],[19.939685,50.063153],[19.939691,50.06316],[19.939622,50.063181],[19.939582,50.063132],[19.939612,50.063124],[19.939577,50.063066],[19.939255,50.063142],[19.939338,50.063257],[19.939373,50.063256],[19.939411,50.063244],[19.939425,50.063263],[19.939224,50.063322],[19.939098,50.063113]]]}},{"type":"Feature","id":"w153033953","properties":{"type":"university","levels":4.0,"address":"Świętego Jana 22","residential":false,"residents_est":0,"h3_10":"8a1e2e6b1ce7fff","h3_11":"8b1e2e6b1ce2fff"},"geometry":{"type":"Polygon","coordinates":[[[19.938658,50.064179],[19.938666,50.064168],[19.93897,50.064087],[19.938974,50.064092],[19.939149,50.064039],[19.93937,50.064348],[19.939081,50.064435],[19.939053,50.064382],[19.939045,50.064385],[19.93902,50.064351],[19.939037,50.064345],[19.939016,50.064314],[19.939057,50.064304],[19.938981,50.0642],[19.93881,50.064248],[19.938809,50.064254],[19.938737,50.064276],[19.938658,50.064179]]]}},{"type":"Feature","id":"w153033956","properties":{"type":"hotel","levels":5.0,"address":"Świętego Marka 18","residential":false,"residents_est":0,"h3_10":"8a1e2e6b1ceffff","h3_11":"8b1e2e6b1ceefff"},"geometry":{"type":"Polygon","coordinates":[[[19.939923,50.063942],[19.939997,50.063919],[19.939925,50.063817],[19.94024,50.063724],[19.940329,50.063853],[19.940035,50.063938],[19.940061,50.063972],[19.940043,50.063977],[19.940086,50.064033],[19.940082,50.06404],[19.940102,50.064043],[19.940145,50.064029],[19.94014,50.064017],[19.94018,50.064004],[19.940223,50.06405],[19.940031,50.064115],[19.939997,50.064084],[19.939923,50.063942]]]}},{"type":"Feature","id":"w153033957","properties":{"type":"apartments","levels":4.0,"name":"Kamienica Podedzwony","residential":true,"residents_est":7,"h3_10":"8a1e2e6b1cc7fff","h3_11":"8b1e2e6b1cc1fff"},"geometry":{"type":"Polygon","coordinates":[[[19.939967,50.063479],[19.94017,50.063414],[19.940254,50.063519],[19.940029,50.063583],[19.939996,50.063536],[19.940003,50.063535],[19.939967,50.063479]]]}},{"type":"Feature","id":"w153033959","properties":{"type":"apartments","levels":4.0,"address":"Sławkowska 19","residential":true,"residents_est":8,"h3_10":"8a1e2e6b1ce7fff","h3_11":"8b1e2e6b1ce4fff"},"geometry":{"type":"Polygon","coordinates":[[[19.938373,50.064706],[19.938686,50.064653],[19.938733,50.064752],[19.938439,50.064802],[19.938373,50.064706]]]}},{"type":"Feature","id":"w153033964","properties":{"type":"yes","levels":3.0,"name":"Kamienica Krauzowska","residential":true,"residents_est":4,"h3_10":"8a1e2e6b1cf7fff","h3_11":"8b1e2e6b1cf1fff"},"geometry":{"type":"Polygon","coordinates":[[[19.938206,50.063617],[19.938283,50.063594],[19.938294,50.063611],[19.93839,50.063587],[19.938383,50.063569],[19.938403,50.063572],[19.938496,50.063545],[19.938468,50.063504],[19.938703,50.063437],[19.93877,50.063526],[19.938415,50.063619],[19.938409,50.063613],[19.938231,50.063658],[19.938206,50.063617]]]}},{"type":"Feature","id":"w153033967","properties":{"type":"yes","levels":3.0,"name":"Kamienica Pod Okiem Opatrzności","residential":true,"residents_est":7,"h3_10":"8a1e2e6b1cdffff","h3_11":"8b1e2e6b1cdcfff"},"geometry":{"type":"Polygon","coordinates":[[[19.938838,50.062656],[19.938922,50.062632],[19.938962,50.062691],[19.939473,50.062529],[19.939557,50.062637],[19.939357,50.062695],[19.939321,50.062644],[19.939302,50.06265],[19.939311,50.062662],[19.939283,50.062671],[19.939274,50.062658],[19.939173,50.062688],[19.939164,50.062675],[19.939138,50.062683],[19.939186,50.062751],[19.939056,50.062794],[19.939013,50.062804],[19.939009,50.0628],[19.938954,50.062817],[19.938838,50.062656]]]}},{"type":"Feature","id":"w153033969","properties":{"type":"yes","levels":3.0,"residential":true,"residents_est":1,"h3_10":"8a1e2e6b1cf7fff","h3_11":"8b1e2e6b1cf1fff"},"geometry":{"type":"Polygon","coordinates":[[[19.93825,50.063873],[19.938423,50.063825],[19.938442,50.06385],[19.938466,50.063859],[19.938469,50.063868],[19.938463,50.063876],[19.938482,50.063901],[19.938419,50.063921],[19.938422,50.063928],[19.938363,50.063948],[19.938321,50.063895],[19.938281,50.063908],[19.93825,50.063873]]]}},{"type":"Feature","id":"w153033974","properties":{"type":"yes","levels":2.0,"residential":true,"residents_est":1,"h3_10":"8a1e2e6b1ceffff","h3_11":"8b1e2e6b1cecfff"},"geometry":{"type":"Polygon","coordinates":[[[19.94021,50.064355],[19.940299,50.064328],[19.940362,50.064402],[19.940266,50.064431],[19.94021,50.064355]]]}},{"type":"Feature","id":"w153033976","properties":{"type":"yes","residential":true,"residents_est":0,"h3_10":"8a1e2e6b1cdffff","h3_11":"8b1e2e6b1cdcfff"},"geometry":{"type":"Polygon","coordinates":[[[19.939171,50.062756],[19.939233,50.062736],[19.939295,50.062816],[19.939235,50.062835],[19.939171,50.062756]]]}},{"type":"Feature","id":"w153033978","properties":{"type":"church","address":"Pijarska 4","name":"Kościół pw. Przemienienia Pańskiego","residential":false,"residents_est":0,"h3_10":"8a1e2e6b1c57fff","h3_11":"8b1e2e6b1c52fff"},"geometry":{"type":"Polygon","coordinates":[[[19.939687,50.065021],[19.939773,50.065004],[19.939713,50.064879],[19.939715,50.064871],[19.939965,50.064819],[19.939982,50.064833],[19.940091,50.065058],[19.940009,50.065075],[19.939993,50.065091],[19.93996,50.065102],[19.939911,50.065096],[19.939844,50.06511],[19.939819,50.06506],[19.939715,50.06508],[19.939687,50.065021]]]}},{"type":"Feature","id":"w153033984","properties":{"type":"yes","levels":3.0,"address":"Świętego Jana 15","name":"Pałac Lubomirskich","residential":true,"residents_est":10,"h3_10":"8a1e2e6b1ce7fff","h3_11":"8b1e2e6b1ce1fff"},"geometry":{"type":"Polygon","coordinates":[[[19.939482,50.064234],[19.939765,50.06415],[19.939833,50.06425],[19.939857,50.064245],[19.939934,50.064354],[19.939918,50.064358],[19.939988,50.064454],[19.93972,50.064533],[19.939613,50.0644],[19.939607,50.064402],[19.939584,50.064373],[19.93959,50.064371],[19.939482,50.064234]]]}},{"type":"Feature","id":"w153033987","properties":{"type":"yes","levels":3.0,"address":"Świętego Jana 11","name":"Pałac Wodzickich","residential":true,"residents_est":5,"h3_10":"8a1e2e6b1cc7fff","h3_11":"8b1e2e6b1cc4fff"},"geometry":{"type":"Polygon","coordinates":[[[19.939095,50.063724],[19.939398,50.06364],[19.939429,50.063689],[19.939417,50.063709],[19.93937,50.063721],[19.939335,50.063712],[19.939298,50.063722],[19.939413,50.063882],[19.939238,50.063926],[19.939191,50.063859],[19.9392,50.063856],[19.939188,50.063838],[19.939179,50.063841],[19.939148,50.063799],[19.939157,50.063797],[19.939145,50.06378],[19.939137,50.063783],[19.939095,50.063724]]]}},{"type":"Feature","id":"r2066316","properties":{"type":"yes","levels":4.0,"address":"Rynek Główny 39","name":"Kamienica Pod Konikiem","residential":true,"residents_est":6,"h3_10":"8a1e2e6b1cd7fff","h3_11":"8b1e2e6b1cd0fff"},"geometry":{"type":"Polygon","coordinates":[[[19.9375,50.062651],[19.937616,50.062614],[19.937892,50.062958],[19.937878,50.062963],[19.937871,50.062952],[19.937746,50.062985],[19.937614,50.062814],[19.9375,50.062651]],[[19.937655,50.062802],[19.937684,50.062846],[19.937676,50.062848],[19.937699,50.062884],[19.937683,50.062889],[19.937707,50.062927],[19.93777,50.062907],[19.937749,50.062884],[19.937693,50.062791],[19.937655,50.062802]]]}},{"type":"Feature","id":"w153033995","properties":{"type":"apartments","levels":3.0,"residential":true,"residents_est":29,"h3_10":"8a1e2e6b1cf7fff","h3_11":"8b1e2e6b1cf3fff"},"geometry":{"type":"Polygon","coordinates":[[[19.937286,50.063209],[19.937538,50.063134],[19.937712,50.063347],[19.937824,50.063307],[19.937649,50.063097],[19.93779,50.063036],[19.937927,50.063225],[19.93794,50.063221],[19.938015,50.063325],[19.937888,50.063365],[19.937891,50.063369],[19.937772,50.063413],[19.937769,50.063409],[19.937518,50.063501],[19.937446,50.063423],[19.937286,50.063209]]]}},{"type":"Feature","id":"r2066315","properties":{"type":"yes","levels":3.0,"address":"Rynek Główny 36","name":"Kamienica Pod Jeleniem","residential":true,"residents_est":10,"h3_10":"8a1e2e6b1c8ffff","h3_11":"8b1e2e6b1c89fff"},"geometry":{"type":"Polygon","coordinates":[[[19.936984,50.062831],[19.93721,50.06275],[19.937406,50.062983],[19.937526,50.063138],[19.937286,50.063209],[19.936984,50.062831]],[[19.937221,50.062932],[19.937357,50.06309],[19.937424,50.063069],[19.937393,50.063026],[19.937372,50.063033],[19.937353,50.063008],[19.93736,50.063006],[19.937308,50.062953],[19.937281,50.062911],[19.937221,50.062932]]]}},{"type":"Feature","id":"r2066312","properties":{"type":"yes","levels":2.0,"address":"Pijarska 6","name":"Klasztorek","residential":true,"residents_est":4,"h3_10":"8a1e2e6b1c57fff","h3_11":"8b1e2e6b1c52fff"},"geometry":{"type":"Polygon","coordinates":[[[19.939982,50.064836],[19.940135,50.064823],[19.940386,50.064839],[19.940417,50.064987],[19.940415,50.064992],[19.940363,50.065002],[19.940364,50.065007],[19.940311,50.065018],[19.940309,50.065013],[19.940091,50.065058],[19.939982,50.064836]],[[19.94014,50.064916],[19.94016,50.064969],[19.94029,50.064947],[19.940286,50.064918],[19.94014,50.064916]]]}},{"type":"Feature","id":"r2066319","properties":{"type":"yes","levels":5.0,"name":"Kamienica Zacherlowska","residential":true,"residents_est":11,"h3_10":"8a1e2e6b1cd7fff","h3_11":"8b1e2e6b1cd1fff"},"geometry":{"type":"Polygon","coordinates":[[[19.93813,50.062444],[19.938235,50.062415],[19.938288,50.062393],[19.938294,50.062396],[19.938391,50.062527],[19.938418,50.062519],[19.93847,50.062587],[19.938477,50.062585],[19.938585,50.062727],[19.938387,50.062788],[19.93837,50.06276],[19.938379,50.062757],[19.938367,50.062741],[19.938358,50.062745],[19.93829,50.062642],[19.938257,50.062609],[19.938262,50.062608],[19.93813,50.062444]],[[19.938428,50.062631],[19.938471,50.062691],[19.938519,50.062676],[19.938512,50.062669],[19.938523,50.062665],[19.938497,50.062631],[19.938448,50.062647],[19.938435,50.062629],[19.938428,50.062631]]]}},{"type":"Feature","id":"w153065436","properties":{"type":"yes","levels":3.0,"residential":true,"residents_est":5,"h3_10":"8a1e2e6b1c9ffff","h3_11":"8b1e2e6b1c9dfff"},"geometry":{"type":"Polygon","coordinates":[[[19.935157,50.062509],[19.935224,50.062484],[19.935238,50.062484],[19.935398,50.062419],[19.935565,50.062575],[19.935501,50.062606],[19.935438,50.062551],[19.935344,50.062593],[19.935422,50.062669],[19.93536,50.062697],[19.935157,50.062509]]]}},{"type":"Feature","id":"w153065438","properties":{"type":"yes","levels":4.0,"address":"Plac Szczepański 3","residential":true,"residents_est":10,"h3_10":"8a1e2e6b1c87fff","h3_11":"8b1e2e6b1c80fff"},"geometry":{"type":"Polygon","coordinates":[[[19.934444,50.06348],[19.934569,50.063427],[19.934556,50.063411],[19.934618,50.063386],[19.934635,50.063404],[19.934777,50.063344],[19.934947,50.063518],[19.934635,50.06364],[19.934641,50.063645],[19.934623,50.063653],[19.934444,50.06348]]]}},{"type":"Feature","id":"w153065443","properties":{"type":"apartments","levels":4.0,"residential":true,"residents_est":14,"h3_10":"8a1e2e6b1c9ffff","h3_11":"8b1e2e6b1c9efff"},"geometry":{"type":"Polygon","coordinates":[[[19.93402,50.062226],[19.934111,50.062195],[19.934104,50.062185],[19.934124,50.062179],[19.934193,50.062258],[19.934346,50.0622],[19.934301,50.062154],[19.934279,50.062163],[19.934245,50.062128],[19.934466,50.06205],[19.934571,50.062161],[19.93432,50.062263],[19.934196,50.06232],[19.934164,50.062287],[19.934096,50.062311],[19.93402,50.062226]]]}},{"type":"Feature","id":"w153065445","properties":{"type":"yes","levels":4.0,"address":"Jagiellońska 10","residential":true,"residents_est":5,"h3_10":"8a1e2e6b1c9ffff","h3_11":"8b1e2e6b1c9bfff"},"geometry":{"type":"Polygon","coordinates":[[[19.934623,50.062059],[19.934776,50.061997],[19.934797,50.062022],[19.934925,50.061973],[19.934894,50.061944],[19.934906,50.061939],[19.93491,50.061943],[19.93508,50.061875],[19.935149,50.061949],[19.934932,50.062013],[19.93488,50.062041],[19.934676,50.062123],[19.934623,50.062059]]]}},{"type":"Feature","id":"w153065449","properties":{"type":"apartments","levels":3.0,"address":"Sławkowska 20","residential":true,"residents_est":8,"h3_10":"8a1e2e6b1cf7fff","h3_11":"8b1e2e6b1cf4fff"},"geometry":{"type":"Polygon","coordinates":[[[19.937222,50.064302],[19.937292,50.06428],[19.93732,50.064316],[19.937347,50.064322],[19.937562,50.064253],[19.937567,50.064234],[19.937545,50.064203],[19.937792,50.064126],[19.937848,50.064201],[19.937292,50.064384],[19.937222,50.064302]]]}},{"type":"Feature","id":"w153065451","properties":{"type":"yes","levels":4.0,"residential":true,"residents_est":8,"h3_10":"8a1e2e6b1c8ffff","h3_11":"8b1e2e6b1c8dfff"},"geometry":{"type":"Polygon","coordinates":[[[19.936327,50.063499],[19.93648,50.063451],[19.936455,50.06342],[19.936568,50.063382],[19.936529,50.063331],[19.936547,50.063316],[19.936659,50.063273],[19.936634,50.063245],[19.936646,50.06324],[19.936616,50.063204],[19.936679,50.063182],[19.936747,50.063268],[19.936742,50.06327],[19.936795,50.063323],[19.936648,50.063375],[19.936735,50.063449],[19.936462,50.063539],[19.936467,50.063544],[19.936385,50.06357],[19.936327,50.063499]]]}},{"type":"Feature","id":"w153065456","properties":{"type":"apartments","levels":3.0,"name":"Kamienica Badeniowska","residential":true,"residents_est":16,"h3_10":"8a1e2e6b1cf7fff","h3_11":"8b1e2e6b1cf0fff"},"geometry":{"type":"Polygon","coordinates":[[[19.937033,50.063758],[19.937402,50.063632],[19.937396,50.063624],[19.937427,50.063613],[19.937485,50.063697],[19.93748,50.063698],[19.937559,50.063797],[19.937143,50.063918],[19.937091,50.063853],[19.937231,50.063813],[19.937216,50.063793],[19.937107,50.063828],[19.937093,50.063809],[19.937078,50.063814],[19.937033,50.063758]]]}},{"type":"Feature","id":"w153065457","properties":{"type":"apartments","levels":4.0,"address":"Pijarska 5","residential":true,"residents_est":12,"h3_10":"8a1e2e6b1c1ffff","h3_11":"8b1e2e6b1c1dfff"},"geometry":{"type":"Polygon","coordinates":[[[19.937488,50.065351],[19.9375,50.06523],[19.937607,50.065234],[19.93761,50.065209],[19.937631,50.065209],[19.937646,50.065202],[19.937696,50.065204],[19.937709,50.065213],[19.937729,50.065214],[19.937725,50.065241],[19.937838,50.065246],[19.93785,50.065327],[19.937844,50.06537],[19.937488,50.065351]]]}},{"type":"Feature","id":"w153065462","properties":{"type":"yes","levels":3.0,"address":"Szewska 20","residential":true,"residents_est":7,"h3_10":"8a1e2e6b1c97fff","h3_11":"8b1e2e6b1c91fff"},"geometry":{"type":"Polygon","coordinates":[[[19.933829,50.062621],[19.93386,50.062609],[19.933882,50.062573],[19.933888,50.062573],[19.933966,50.062659],[19.933947,50.062666],[19.933954,50.062674],[19.933992,50.062681],[19.934077,50.062648],[19.934087,50.062624],[19.934079,50.062616],[19.934059,50.062624],[19.933964,50.062523],[19.934037,50.062489],[19.934286,50.062745],[19.934044,50.062846],[19.933829,50.062621]]]}},{"type":"Feature","id":"w153065464","properties":{"type":"yes","levels":5.0,"address":"Plac Szczepański 2","residential":true,"residents_est":14,"h3_10":"8a1e2e6b1c87fff","h3_11":"8b1e2e6b1c81fff"},"geometry":{"type":"Polygon","coordinates":[[[19.934625,50.063182],[19.934697,50.063154],[19.934796,50.063249],[19.934868,50.063329],[19.934861,50.063347],[19.934853,50.06335],[19.934878,50.063375],[19.934939,50.06335],[19.934929,50.063339],[19.934932,50.063329],[19.934966,50.063315],[19.934982,50.063317],[19.934992,50.063329],[19.935046,50.063305],[19.935018,50.06328],[19.93498,50.063283],[19.934895,50.063209],[19.934899,50.063208],[19.9348,50.063113],[19.934872,50.063083],[19.935212,50.063404],[19.934942,50.063513],[19.934625,50.063182]]]}},{"type":"Feature","id":"w153065467","properties":{"type":"apartments","levels":3.0,"address":"Świętego Marka 5","residential":true,"residents_est":7,"h3_10":"8a1e2e6b1c1ffff","h3_11":"8b1e2e6b1c1afff"},"geometry":{"type":"Polygon","coordinates":[[[19.936645,50.064584],[19.936677,50.064574],[19.936669,50.064559],[19.936716,50.064541],[19.936733,50.064553],[19.936783,50.064534],[19.936767,50.064517],[19.936749,50.064521],[19.936674,50.064436],[19.936733,50.064415],[19.936914,50.064623],[19.936679,50.064704],[19.936645,50.064584]]]}},{"type":"Feature","id":"w153065469","properties":{"type":"yes","levels":3.0,"residential":true,"residents_est":6,"h3_10":"8a1e2e6b1c97fff","h3_11":"8b1e2e6b1c91fff"},"geometry":{"type":"Polygon","coordinates":[[[19.933602,50.062702],[19.933665,50.06268],[19.93368,50.062683],[19.933754,50.062759],[19.933741,50.062775],[19.933755,50.062799],[19.933782,50.062799],[19.933826,50.062784],[19.933881,50.062762],[19.933894,50.062748],[19.933859,50.062732],[19.933833,50.06273],[19.933754,50.062651],[19.933829,50.062621],[19.934044,50.062846],[19.933807,50.06294],[19.933602,50.062702]]]}},{"type":"Feature","id":"w153065476","properties":{"type":"apartments","levels":5.0,"address":"Sławkowska 24a","residential":true,"residents_est":17,"h3_10":"8a1e2e6b1c1ffff","h3_11":"8b1e2e6b1c19fff"},"geometry":{"type":"Polygon","coordinates":[[[19.937941,50.064733],[19.938153,50.064673],[19.938299,50.064868],[19.938336,50.064931],[19.938341,50.06493],[19.938352,50.064946],[19.938219,50.064969],[19.938146,50.064869],[19.938134,50.064872],[19.938127,50.064862],[19.938139,50.064858],[19.938114,50.064824],[19.93808,50.064833],[19.938062,50.064826],[19.93805,50.064809],[19.938035,50.064813],[19.938031,50.064807],[19.938001,50.064815],[19.937941,50.064733]]]}},{"type":"Feature","id":"w153065477","properties":{"type":"apartments","levels":3.0,"address":"Świętego Marka 7","residential":true,"residents_est":9,"h3_10":"8a1e2e6b1c1ffff","h3_11":"8b1e2e6b1c1afff"},"geometry":{"type":"Polygon","coordinates":[[[19.936706,50.064371],[19.93674,50.064358],[19.936754,50.064372],[19.936797,50.064365],[19.93682,50.064393],[19.936805,50.064396],[19.93687,50.06447],[19.936845,50.064488],[19.936856,50.064501],[19.936955,50.064466],[19.936951,50.06446],[19.937004,50.064441],[19.937009,50.064447],[19.937055,50.06443],[19.937155,50.064538],[19.936914,50.064623],[19.936733,50.064415],[19.936711,50.064388],[19.936719,50.064385],[19.936706,50.064371]]]}},{"type":"Feature","id":"w153065482","properties":{"type":"yes","levels":3.0,"residential":true,"residents_est":2,"h3_10":"8a1e2e6b1c87fff","h3_11":"8b1e2e6b1c83fff"},"geometry":{"type":"Polygon","coordinates":[[[19.934442,50.063171],[19.934538,50.063137],[19.934528,50.063125],[19.934568,50.063108],[19.93458,50.06312],[19.934629,50.063099],[19.934687,50.063158],[19.934488,50.063234],[19.934442,50.063171]]]}},{"type":"Feature","id":"w153065483","properties":{"type":"apartments","levels":3.0,"residential":true,"residents_est":20,"h3_10":"8a1e2e6b1c1ffff","h3_11":"8b1e2e6b1c1cfff"},"geometry":{"type":"Polygon","coordinates":[[[19.936797,50.065321],[19.936809,50.065212],[19.936821,50.065213],[19.936879,50.065012],[19.937063,50.06505],[19.937046,50.065081],[19.937065,50.065112],[19.937018,50.065107],[19.937016,50.065092],[19.936979,50.065097],[19.936965,50.065152],[19.937099,50.06516],[19.937112,50.06518],[19.937109,50.065203],[19.937153,50.065205],[19.93715,50.065228],[19.937192,50.065231],[19.937192,50.065225],[19.937233,50.065205],[19.937236,50.06518],[19.937201,50.065155],[19.937203,50.065149],[19.937178,50.065145],[19.937183,50.065109],[19.937306,50.065113],[19.937281,50.065341],[19.937152,50.065337],[19.937151,50.065344],[19.936927,50.065334],[19.936928,50.065326],[19.936797,50.065321]]]}},{"type":"Feature","id":"w153065487","properties":{"type":"yes","levels":4.0,"address":"Szewska 17","residential":true,"residents_est":5,"h3_10":"8a1e2e6b1c87fff","h3_11":"8b1e2e6b1c83fff"},"geometry":{"type":"Polygon","coordinates":[[[19.934551,50.06276],[19.934652,50.06272],[19.934836,50.062902],[19.934825,50.062906],[19.934816,50.062896],[19.93482,50.062894],[19.934778,50.062855],[19.934758,50.062863],[19.934747,50.062882],[19.934772,50.062907],[19.934784,50.062904],[19.934816,50.062927],[19.93487,50.06298],[19.934854,50.06299],[19.934867,50.063004],[19.934864,50.063014],[19.934931,50.062984],[19.934982,50.063031],[19.934872,50.063083],[19.934779,50.062982],[19.934551,50.06276]]]}},{"type":"Feature","id":"w153065491","properties":{"type":"apartments","levels":5.0,"address":"Świętego Marka 8","residential":true,"residents_est":21,"h3_10":"8a1e2e6b1c1ffff","h3_11":"8b1e2e6b1c18fff"},"geometry":{"type":"Polygon","coordinates":[[[19.936968,50.064854],[19.937014,50.064806],[19.93702,50.064809],[19.937034,50.064796],[19.937028,50.064793],[19.937041,50.064792],[19.937055,50.064779],[19.937048,50.064776],[19.937054,50.064771],[19.937061,50.064774],[19.937075,50.064762],[19.937068,50.064759],[19.937123,50.064712],[19.937278,50.064825],[19.937218,50.064877],[19.93723,50.064883],[19.937221,50.064891],[19.93721,50.064886],[19.937196,50.064898],[19.937274,50.064931],[19.93729,50.064925],[19.937325,50.06493],[19.937342,50.064951],[19.93733,50.064972],[19.937369,50.064992],[19.937427,50.064932],[19.937559,50.065004],[19.937576,50.065005],[19.937567,50.065044],[19.937519,50.065035],[19.937479,50.06508],[19.937317,50.065014],[19.937257,50.06498],[19.936968,50.064854]]]}},{"type":"Feature","id":"w153065497","properties":{"type":"yes","levels":3.0,"residential":true,"residents_est":1,"h3_10":"8a1e2e6b1cf7fff","h3_11":"8b1e2e6b1cf4fff"},"geometry":{"type":"Polygon","coordinates":[[[19.93681,50.064067],[19.936945,50.064025],[19.936953,50.064025],[19.936962,50.064037],[19.937031,50.064016],[19.937037,50.064024],[19.937056,50.06402],[19.937043,50.063999],[19.937056,50.063991],[19.937049,50.063979],[19.937055,50.063977],[19.937098,50.064037],[19.936851,50.064113],[19.93681,50.064067]]]}},{"type":"Feature","id":"w153065500","properties":{"type":"yes","levels":3.0,"residential":true,"residents_est":2,"h3_10":"8a1e2e6b1caffff","h3_11":"8b1e2e6b1ca9fff"},"geometry":{"type":"Polygon","coordinates":[[[19.936707,50.064144],[19.936727,50.064136],[19.936747,50.064165],[19.936865,50.064129],[19.936954,50.064246],[19.936802,50.064279],[19.936707,50.064144]]]}},{"type":"Feature","id":"w153065502","properties":{"type":"apartments","levels":3.0,"residential":true,"residents_est":6,"h3_10":"8a1e2e6b1caffff","h3_11":"8b1e2e6b1ca9fff"},"geometry":{"type":"Polygon","coordinates":[[[19.936414,50.063955],[19.93653,50.063917],[19.93668,50.06411],[19.936547,50.064153],[19.936414,50.063955]]]}},{"type":"Feature","id":"w153065503","properties":{"type":"apartments","levels":3.0,"residential":true,"residents_est":6,"h3_10":"8a1e2e6b1c9ffff","h3_11":"8b1e2e6b1c9afff"},"geometry":{"type":"Polygon","coordinates":[[[19.934377,50.061792],[19.934515,50.061738],[19.934612,50.061837],[19.934577,50.06185],[19.934584,50.061858],[19.934593,50.061855],[19.934617,50.061879],[19.934636,50.061873],[19.934615,50.061851],[19.934623,50.061848],[19.934673,50.061898],[19.934532,50.061951],[19.934377,50.061792]]]}},{"type":"Feature","id":"w153065504","properties":{"type":"yes","levels":4.0,"address":"Szczepańska 9","residential":true,"residents_est":7,"h3_10":"8a1e2e6b1c8ffff","h3_11":"8b1e2e6b1c8dfff"},"geometry":{"type":"Polygon","coordinates":[[[19.936066,50.063184],[19.936186,50.063132],[19.93635,50.063299],[19.936227,50.063344],[19.936234,50.063354],[19.936321,50.063336],[19.936374,50.063427],[19.93638,50.063425],[19.936369,50.063399],[19.936419,50.063376],[19.93648,50.063451],[19.936327,50.063499],[19.936066,50.063184]]]}},{"type":"Feature","id":"w153065506","properties":{"type":"retail","levels":2.0,"address":"Jagiellońska 2","residential":false,"residents_est":0,"h3_10":"8a1e2e6b1c8ffff","h3_11":"8b1e2e6b1c8efff"},"geometry":{"type":"Polygon","coordinates":[[[19.935535,50.062997],[19.93567,50.062942],[19.935675,50.062948],[19.935688,50.062943],[19.935879,50.063137],[19.935727,50.063192],[19.935535,50.062997]]]}},{"type":"Feature","id":"w153065508","properties":{"type":"apartments","levels":3.0,"address":"Świętego Marka 11","residential":true,"residents_est":4,"h3_10":"8a1e2e6b1c1ffff","h3_11":"8b1e2e6b1c1bfff"},"geometry":{"type":"Polygon","coordinates":[[[19.937292,50.064384],[19.937445,50.064334],[19.937474,50.064367],[19.937559,50.064342],[19.9376,50.064396],[19.937363,50.064465],[19.937292,50.064384]]]}},{"type":"Feature","id":"w153065514","properties":{"type":"apartments","levels":3.0,"residential":true,"residents_est":2,"h3_10":"8a1e2e6b1c1ffff","h3_11":"8b1e2e6b1c19fff"},"geometry":{"type":"Polygon","coordinates":[[[19.937762,50.065025],[19.937908,50.065005],[19.937937,50.065082],[19.9378,50.065101],[19.937762,50.065025]]]}},{"type":"Feature","id":"w153065516","properties":{"type":"yes","levels":1.0,"residential":true,"residents_est":1,"h3_10":"8a1e2e6b1c9ffff","h3_11":"8b1e2e6b1c9bfff"},"geometry":{"type":"Polygon","coordinates":[[[19.93488,50.062041],[19.934932,50.062013],[19.935078,50.061973],[19.935142,50.062039],[19.93494,50.062106],[19.93488,50.062041]]]}},{"type":"Feature","id":"w153065517","properties":{"type":"apartments","levels":3.0,"address":"Sławkowska 16","residential":true,"residents_est":5,"h3_10":"8a1e2e6b1cf7fff","h3_11":"8b1e2e6b1cf4fff"},"geometry":{"type":"Polygon","coordinates":[[[19.937419,50.064043],[19.937685,50.06397],[19.937737,50.064043],[19.937474,50.064123],[19.937419,50.064043]]]}},{"type":"Feature","id":"w153065523","properties":{"type":"yes","levels":4.0,"address":"Szewska 25","residential":true,"residents_est":5,"h3_10":"8a1e2e6b1c87fff","h3_11":"8b1e2e6b1c82fff"},"geometry":{"type":"Polygon","coordinates":[[[19.933947,50.063014],[19.934102,50.062951],[19.934267,50.063136],[19.934114,50.063193],[19.933947,50.063014]]]}},{"type":"Feature","id":"w153065524","properties":{"type":"yes","levels":1.0,"residential":true,"residents_est":0,"h3_10":"8a1e2e6b1c87fff","h3_11":"8b1e2e6b1c83fff"},"geometry":{"type":"Polygon","coordinates":[[[19.934872,50.063083],[19.935009,50.063019],[19.935065,50.063075],[19.934927,50.063134],[19.934872,50.063083]]]}},{"type":"Feature","id":"w153065525","properties":{"type":"apartments","levels":4.0,"address":"Sławkowska 12","residential":true,"residents_est":7,"h3_10":"8a1e2e6b1cf7fff","h3_11":"8b1e2e6b1cf0fff"},"geometry":{"type":"Polygon","coordinates":[[[19.937269,50.063904],[19.937345,50.063882],[19.937334,50.063866],[19.937559,50.063797],[19.937585,50.063834],[19.937579,50.063836],[19.937618,50.06388],[19.937316,50.063973],[19.937269,50.063904]]]}},{"type":"Feature","id":"w153065530","properties":{"type":"apartments","levels":3.0,"residential":true,"residents_est":4,"h3_10":"8a1e2e6b1c9ffff","h3_11":"8b1e2e6b1c99fff"},"geometry":{"type":"Polygon","coordinates":[[[19.934933,50.062225],[19.935021,50.062193],[19.935086,50.062261],[19.935079,50.062268],[19.935178,50.062381],[19.935101,50.062412],[19.934933,50.062225]]]}},{"type":"Feature","id":"w153065531","properties":{"type":"yes","levels":3.0,"residential":true,"residents_est":5,"h3_10":"8a1e2e6b1c9ffff","h3_11":"8b1e2e6b1c98fff"},"geometry":{"type":"Polygon","coordinates":[[[19.934676,50.062123],[19.93488,50.062041],[19.93491,50.062073],[19.934831,50.062103],[19.93481,50.062079],[19.934781,50.062092],[19.934911,50.062232],[19.934933,50.062225],[19.935101,50.062412],[19.935002,50.06245],[19.935005,50.062454],[19.934985,50.062463],[19.934805,50.062268],[19.93481,50.062266],[19.934685,50.062126],[19.934676,50.062123]]]}},{"type":"Feature","id":"w153065533","properties":{"type":"yes","levels":3.0,"address":"Szewska 12","residential":true,"residents_est":3,"h3_10":"8a1e2e6b1c9ffff","h3_11":"8b1e2e6b1c9cfff"},"geometry":{"type":"Polygon","coordinates":[[[19.93447,50.06242],[19.93459,50.062373],[19.934767,50.062544],[19.934716,50.062564],[19.934709,50.062556],[19.934692,50.062562],[19.9347,50.06257],[19.934643,50.062592],[19.934646,50.062595],[19.93464,50.062598],[19.93447,50.06242]]]}},{"type":"Feature","id":"w153065539","properties":{"type":"yes","levels":3.0,"address":"Szewska 18","residential":true,"residents_est":2,"h3_10":"8a1e2e6b1c9ffff","h3_11":"8b1e2e6b1c9cfff"},"geometry":{"type":"Polygon","coordinates":[[[19.934123,50.062578],[19.9342,50.062547],[19.934356,50.062711],[19.934286,50.062745],[19.934123,50.062578]]]}},{"type":"Feature","id":"w153065545","properties":{"type":"apartments","levels":2.5,"address":"Sławkowska 24","residential":true,"residents_est":9,"h3_10":"8a1e2e6b1c1ffff","h3_11":"8b1e2e6b1c1bfff"},"geometry":{"type":"Polygon","coordinates":[[[19.937565,50.064691],[19.937574,50.064679],[19.937803,50.064606],[19.937796,50.064597],[19.937984,50.064537],[19.93803,50.064498],[19.938152,50.064673],[19.937956,50.064729],[19.937947,50.064717],[19.93793,50.064722],[19.937883,50.064662],[19.9379,50.064656],[19.937879,50.06463],[19.937864,50.064635],[19.937869,50.064642],[19.93779,50.064667],[19.937786,50.064663],[19.937786,50.064668],[19.937745,50.064681],[19.937726,50.064681],[19.937727,50.064687],[19.937596,50.064731],[19.937584,50.064717],[19.937596,50.064713],[19.937582,50.064695],[19.937572,50.064699],[19.937565,50.064691]]]}},{"type":"Feature","id":"w153065547","properties":{"type":"yes","levels":4.0,"address":"Szczepańska 7","residential":true,"residents_est":5,"h3_10":"8a1e2e6b1c8ffff","h3_11":"8b1e2e6b1c8dfff"},"geometry":{"type":"Polygon","coordinates":[[[19.936186,50.063132],[19.936304,50.063085],[19.93653,50.063331],[19.936568,50.063382],[19.936455,50.06342],[19.936419,50.063376],[19.936472,50.063358],[19.936459,50.063342],[19.936446,50.063344],[19.936429,50.063325],[19.936436,50.063322],[19.936416,50.0633],[19.936426,50.063288],[19.936449,50.06328],[19.93644,50.063268],[19.93635,50.063299],[19.936186,50.063132]]]}},{"type":"Feature","id":"w153065548","properties":{"type":"apartments","levels":3.0,"residential":true,"residents_est":5,"h3_10":"8a1e2e6b1caffff","h3_11":"8b1e2e6b1ca9fff"},"geometry":{"type":"Polygon","coordinates":[[[19.93632,50.063987],[19.936414,50.063955],[19.936577,50.064197],[19.936477,50.064221],[19.93632,50.063987]]]}},{"type":"Feature","id":"w153065551","properties":{"type":"yes","residential":true,"residents_est":1,"h3_10":"8a1e2e6b1c8ffff","h3_11":"8b1e2e6b1c8afff"},"geometry":{"type":"Polygon","coordinates":[[[19.935586,50.062727],[19.935741,50.062664],[19.935807,50.062722],[19.93565,50.062792],[19.935586,50.062727]]]}},{"type":"Feature","id":"w153065554","properties":{"type":"yes","levels":4.0,"address":"Sławkowska 6","name":"Kamienica Pod Gankiem","residential":true,"residents_est":10,"h3_10":"8a1e2e6b1cf7fff","h3_11":"8b1e2e6b1cf2fff"},"geometry":{"type":"Polygon","coordinates":[[[19.936737,50.063582],[19.936773,50.06357],[19.936785,50.063583],[19.936821,50.063571],[19.936811,50.063557],[19.936852,50.063543],[19.936862,50.063555],[19.936915,50.063538],[19.936928,50.063555],[19.936971,50.063541],[19.936848,50.063406],[19.937174,50.063306],[19.937303,50.063469],[19.936784,50.063637],[19.936737,50.063582]]]}},{"type":"Feature","id":"w153065557","properties":{"type":"yes","levels":4.0,"address":"Szewska 14","residential":true,"residents_est":4,"h3_10":"8a1e2e6b1c9ffff","h3_11":"8b1e2e6b1c9cfff"},"geometry":{"type":"Polygon","coordinates":[[[19.934346,50.062459],[19.934352,50.062457],[19.934365,50.06247],[19.934474,50.062424],[19.93464,50.062598],[19.934525,50.062644],[19.934346,50.062459]]]}},{"type":"Feature","id":"w153065558","properties":{"type":"yes","levels":3.0,"address":"Szewska 16","residential":true,"residents_est":4,"h3_10":"8a1e2e6b1c9ffff","h3_11":"8b1e2e6b1c9cfff"},"geometry":{"type":"Polygon","coordinates":[[[19.934177,50.062524],[19.934346,50.062459],[19.934519,50.062638],[19.934356,50.062711],[19.934177,50.062524]]]}},{"type":"Feature","id":"w153065560","properties":{"type":"yes","levels":3.0,"residential":true,"residents_est":5,"h3_10":"8a1e2e6b1c9ffff","h3_11":"8b1e2e6b1c99fff"},"geometry":{"type":"Polygon","coordinates":[[[19.935015,50.062186],[19.935209,50.062117],[19.935374,50.062305],[19.935291,50.062338],[19.935287,50.062333],[19.935263,50.062342],[19.935268,50.062346],[19.935178,50.062381],[19.935079,50.062268],[19.935086,50.062261],[19.935015,50.062186]]]}},{"type":"Feature","id":"w153065564","properties":{"type":"residential","levels":3.0,"residential":true,"residents_est":7,"h3_10":"8a1e2e6b1c9ffff","h3_11":"8b1e2e6b1c9afff"},"geometry":{"type":"Polygon","coordinates":[[[19.933926,50.061976],[19.934268,50.061836],[19.934332,50.061905],[19.933986,50.062052],[19.933926,50.061976]]]}},{"type":"Feature","id":"w153065567","properties":{"type":"yes","levels":3.0,"residential":true,"residents_est":1,"h3_10":"8a1e2e6b1c87fff","h3_11":"8b1e2e6b1c80fff"},"geometry":{"type":"Polygon","coordinates":[[[19.934367,50.06324],[19.934464,50.063202],[19.934526,50.063285],[19.934442,50.06332],[19.934367,50.06324]]]}},{"type":"Feature","id":"w153065569","properties":{"type":"yes","levels":4.0,"address":"Jagiellońska 6","residential":true,"residents_est":6,"h3_10":"8a1e2e6b1c9ffff","h3_11":"8b1e2e6b1c9dfff"},"geometry":{"type":"Polygon","coordinates":[[[19.935058,50.062543],[19.93516,50.062512],[19.93536,50.062697],[19.935321,50.062716],[19.93541,50.062796],[19.935504,50.062753],[19.935552,50.062811],[19.935403,50.062871],[19.935058,50.062543]]]}},{"type":"Feature","id":"w153065571","properties":{"type":"yes","levels":3.0,"address":"Jagiellońska 12","residential":true,"residents_est":2,"h3_10":"8a1e2e6b1c9ffff","h3_11":"8b1e2e6b1c9afff"},"geometry":{"type":"Polygon","coordinates":[[[19.934525,50.061954],[19.934673,50.061898],[19.934779,50.061984],[19.934806,50.061974],[19.934797,50.061963],[19.934815,50.061955],[19.934798,50.06194],[19.934817,50.061932],[19.93485,50.061968],[19.934623,50.062059],[19.934573,50.061999],[19.934525,50.061954]]]}},{"type":"Feature","id":"w153065574","properties":{"type":"apartments","levels":3.0,"residential":true,"residents_est":4,"h3_10":"8a1e2e6b1c1ffff","h3_11":"8b1e2e6b1c19fff"},"geometry":{"type":"Polygon","coordinates":[[[19.937979,50.064907],[19.938117,50.064886],[19.93813,50.064908],[19.938171,50.064902],[19.938219,50.064969],[19.938085,50.06499],[19.938088,50.064996],[19.938013,50.065002],[19.937979,50.064907]]]}},{"type":"Feature","id":"w153065576","properties":{"type":"yes","levels":4.0,"address":"Sławkowska 4","name":"Kamienica Zajdliczowska","residential":true,"residents_est":5,"h3_10":"8a1e2e6b1c8ffff","h3_11":"8b1e2e6b1c8dfff"},"geometry":{"type":"Polygon","coordinates":[[[19.936648,50.063375],[19.936777,50.063329],[19.936798,50.063355],[19.936752,50.063372],[19.936778,50.063401],[19.936798,50.063394],[19.936816,50.063413],[19.936831,50.063407],[19.936824,50.0634],[19.936847,50.063389],[19.936829,50.063368],[19.936871,50.063355],[19.936893,50.063363],[19.936915,50.063356],[19.936871,50.063299],[19.937114,50.063225],[19.937178,50.063304],[19.936848,50.063406],[19.936735,50.063449],[19.936648,50.063375]]]}},{"type":"Feature","id":"w153065578","properties":{"type":"yes","levels":5.0,"residential":true,"residents_est":9,"h3_10":"8a1e2e6b1c9ffff","h3_11":"8b1e2e6b1c98fff"},"geometry":{"type":"Polygon","coordinates":[[[19.934441,50.062214],[19.934579,50.062158],[19.934588,50.062166],[19.934582,50.06217],[19.934608,50.062187],[19.934603,50.06219],[19.934659,50.06224],[19.934674,50.062263],[19.934743,50.062322],[19.934731,50.062325],[19.934826,50.062426],[19.934836,50.062422],[19.934847,50.062436],[19.934838,50.06244],[19.934877,50.062481],[19.934886,50.062478],[19.934903,50.062497],[19.934772,50.062547],[19.934767,50.062544],[19.93459,50.062373],[19.934675,50.062335],[19.934607,50.062273],[19.934569,50.062272],[19.934511,50.062298],[19.934441,50.062214]]]}},{"type":"Feature","id":"w153065584","properties":{"type":"yes","levels":5.0,"residential":true,"residents_est":2,"h3_10":"8a1e2e6b1c1ffff","h3_11":"8b1e2e6b1c1dfff"},"geometry":{"type":"Polygon","coordinates":[[[19.937895,50.065155],[19.938034,50.065137],[19.938072,50.065225],[19.937923,50.065242],[19.937895,50.065155]]]}},{"type":"Feature","id":"w153065586","properties":{"type":"yes","levels":4.0,"address":"Sławkowska 28","residential":true,"residents_est":3,"h3_10":"8a1e2e6b1c0ffff","h3_11":"8b1e2e6b1c0afff"},"geometry":{"type":"Polygon","coordinates":[[[19.938111,50.06505],[19.938396,50.065015],[19.938436,50.065075],[19.938135,50.065122],[19.938111,50.06505]]]}},{"type":"Feature","id":"w153065587","properties":{"type":"apartments","levels":2.0,"address":"Sławkowska 18","name":"Kamienica Kuśnierzowska","residential":true,"residents_est":4,"h3_10":"8a1e2e6b1cf7fff","h3_11":"8b1e2e6b1cf4fff"},"geometry":{"type":"Polygon","coordinates":[[[19.937441,50.064132],[19.937733,50.064044],[19.937792,50.064126],[19.937503,50.064216],[19.937441,50.064132]]]}},{"type":"Feature","id":"w153065591","properties":{"type":"residential","levels":4.0,"address":"Sławkowska 30","residential":true,"residents_est":8,"h3_10":"8a1e2e6b1c0ffff","h3_11":"8b1e2e6b1c0afff"},"geometry":{"type":"Polygon","coordinates":[[[19.938111,50.065127],[19.938436,50.065075],[19.938487,50.065156],[19.938148,50.065216],[19.938111,50.065127]]]}},{"type":"Feature","id":"w153065593","properties":{"type":"yes","levels":3.0,"address":"Szewska 19","residential":true,"residents_est":5,"h3_10":"8a1e2e6b1c87fff","h3_11":"8b1e2e6b1c83fff"},"geometry":{"type":"Polygon","coordinates":[[[19.934408,50.062821],[19.934469,50.062795],[19.934473,50.062798],[19.934551,50.06276],[19.934721,50.062924],[19.934645,50.062961],[19.934762,50.063081],[19.934842,50.063048],[19.934872,50.063083],[19.93473,50.063142],[19.934408,50.062821]]]}},{"type":"Feature","id":"w153065599","properties":{"type":"yes","levels":3.0,"residential":true,"residents_est":5,"h3_10":"8a1e2e6b1c97fff","h3_11":"8b1e2e6b1c91fff"},"geometry":{"type":"Polygon","coordinates":[[[19.933419,50.062732],[19.933574,50.06267],[19.933807,50.06294],[19.933703,50.062985],[19.933515,50.062827],[19.933419,50.062732]]]}},{"type":"Feature","id":"w153065602","properties":{"type":"yes","levels":4.0,"residential":true,"residents_est":3,"h3_10":"8a1e2e6b1c8ffff","h3_11":"8b1e2e6b1c8dfff"},"geometry":{"type":"Polygon","coordinates":[[[19.936496,50.063529],[19.936722,50.063453],[19.936793,50.063537],[19.936563,50.063608],[19.936496,50.063529]]]}},{"type":"Feature","id":"w153065603","properties":{"type":"yes","levels":4.0,"address":"Sławkowska 26","residential":true,"residents_est":2,"h3_10":"8a1e2e6b1c1ffff","h3_11":"8b1e2e6b1c19fff"},"geometry":{"type":"Polygon","coordinates":[[[19.938085,50.06499],[19.938353,50.064949],[19.938396,50.065015],[19.938111,50.06505],[19.938085,50.06499]]]}},{"type":"Feature","id":"w153065609","properties":{"type":"yes","levels":4.0,"address":"Świętego Tomasza 1","name":"Gmach Towarzystwa Rolniczego","residential":true,"residents_est":12,"h3_10":"8a1e2e6b1caffff","h3_11":"8b1e2e6b1cabfff"},"geometry":{"type":"Polygon","coordinates":[[[19.936261,50.063904],[19.936097,50.063617],[19.936363,50.063543],[19.936368,50.063549],[19.936346,50.063556],[19.936378,50.063613],[19.936357,50.063618],[19.936418,50.063721],[19.93651,50.063695],[19.936522,50.063713],[19.936571,50.063699],[19.93665,50.063789],[19.936261,50.063904]]]}},{"type":"Feature","id":"w153065616","properties":{"type":"apartments","levels":3.0,"address":"Sławkowska 14","residential":true,"residents_est":7,"h3_10":"8a1e2e6b1cf7fff","h3_11":"8b1e2e6b1cf4fff"},"geometry":{"type":"Polygon","coordinates":[[[19.937304,50.063976],[19.937618,50.06388],[19.937685,50.06397],[19.937359,50.06406],[19.937304,50.063976]]]}},{"type":"Feature","id":"w153065618","properties":{"type":"yes","levels":3.0,"address":"Jagiellońska 4","residential":true,"residents_est":5,"h3_10":"8a1e2e6b1c8ffff","h3_11":"8b1e2e6b1c8efff"},"geometry":{"type":"Polygon","coordinates":[[[19.935403,50.062871],[19.935552,50.062811],[19.935511,50.062758],[19.935586,50.062727],[19.935772,50.062908],[19.935535,50.062996],[19.935476,50.062932],[19.935403,50.062871]]]}},{"type":"Feature","id":"w153065624","properties":{"type":"apartments","levels":3.0,"residential":true,"residents_est":6,"h3_10":"8a1e2e6b1caffff","h3_11":"8b1e2e6b1ca9fff"},"geometry":{"type":"Polygon","coordinates":[[[19.93653,50.063917],[19.936659,50.063875],[19.936805,50.06406],[19.936672,50.064101],[19.93653,50.063917]]]}},{"type":"Feature","id":"w153065632","properties":{"type":"yes","levels":3.0,"residential":true,"residents_est":4,"h3_10":"8a1e2e6b1c87fff","h3_11":"8b1e2e6b1c82fff"},"geometry":{"type":"Polygon","coordinates":[[[19.933798,50.063071],[19.933947,50.063014],[19.934114,50.063193],[19.934032,50.063226],[19.934055,50.06325],[19.934093,50.063235],[19.934141,50.063282],[19.934052,50.06332],[19.933798,50.063071]]]}},{"type":"Feature","id":"w153065635","properties":{"type":"apartments","levels":4.0,"address":"Świętego Marka 6","residential":true,"residents_est":9,"h3_10":"8a1e2e6b1c1ffff","h3_11":"8b1e2e6b1c18fff"},"geometry":{"type":"Polygon","coordinates":[[[19.936881,50.065012],[19.936968,50.064854],[19.937233,50.064969],[19.937201,50.065009],[19.937191,50.065012],[19.937137,50.064979],[19.937133,50.064966],[19.937112,50.064958],[19.937101,50.064963],[19.937094,50.064975],[19.937107,50.06498],[19.937113,50.064993],[19.937105,50.065009],[19.937081,50.065018],[19.937063,50.06505],[19.936881,50.065012]]]}},{"type":"Feature","id":"w153065641","properties":{"type":"yes","levels":3.0,"residential":true,"residents_est":2,"h3_10":"8a1e2e6b1cf7fff","h3_11":"8b1e2e6b1cf6fff"},"geometry":{"type":"Polygon","coordinates":[[[19.936912,50.063785],[19.937028,50.063752],[19.937078,50.063814],[19.937063,50.063819],[19.937143,50.063918],[19.937034,50.063946],[19.936912,50.063785]]]}},{"type":"Feature","id":"w153065643","properties":{"type":"yes","levels":3.0,"residential":true,"residents_est":5,"h3_10":"8a1e2e6b1cf7fff","h3_11":"8b1e2e6b1cf6fff"},"geometry":{"type":"Polygon","coordinates":[[[19.936659,50.063875],[19.936915,50.063789],[19.937055,50.063977],[19.936936,50.064011],[19.936884,50.063945],[19.936749,50.06399],[19.936659,50.063875]]]}},{"type":"Feature","id":"w153065647","properties":{"type":"yes","levels":3.0,"address":"Szewska 23","residential":true,"residents_est":4,"h3_10":"8a1e2e6b1c87fff","h3_11":"8b1e2e6b1c82fff"},"geometry":{"type":"Polygon","coordinates":[[[19.934103,50.062953],[19.93425,50.062888],[19.934432,50.063071],[19.934267,50.063136],[19.934103,50.062953]]]}},{"type":"Feature","id":"w153065648","properties":{"type":"apartments","levels":3.0,"residential":true,"residents_est":10,"h3_10":"8a1e2e6b1cf7fff","h3_11":"8b1e2e6b1cf2fff"},"geometry":{"type":"Polygon","coordinates":[[[19.936784,50.063637],[19.936879,50.063605],[19.9369,50.063636],[19.936906,50.063634],[19.936913,50.063651],[19.937029,50.063612],[19.936991,50.063566],[19.937304,50.063468],[19.937357,50.063536],[19.937377,50.063553],[19.936864,50.063729],[19.936784,50.063637]]]}},{"type":"Feature","id":"w153065653","properties":{"type":"retail","levels":3.0,"residential":false,"residents_est":0,"h3_10":"8a1e2e6b1cf7fff","h3_11":"8b1e2e6b1cf6fff"},"geometry":{"type":"Polygon","coordinates":[[[19.936511,50.063623],[19.936647,50.063582],[19.936682,50.063635],[19.936688,50.063633],[19.936702,50.063652],[19.936778,50.063629],[19.93686,50.063726],[19.936652,50.063791],[19.936511,50.063623]]]}},{"type":"Feature","id":"w153065656","properties":{"type":"apartments","levels":4.0,"address":"Pijarska 3","name":"Kamienica z Atlantami","residential":true,"residents_est":11,"h3_10":"8a1e2e6b1c1ffff","h3_11":"8b1e2e6b1c1dfff"},"geometry":{"type":"Polygon","coordinates":[[[19.937281,50.065341],[19.937306,50.065113],[19.937317,50.065014],[19.937404,50.065049],[19.937388,50.065189],[19.937347,50.06521],[19.937361,50.065221],[19.937401,50.065223],[19.937403,50.065208],[19.937476,50.065212],[19.937475,50.065227],[19.9375,50.06523],[19.937488,50.065351],[19.937281,50.065341]]]}},{"type":"Feature","id":"w153065657","properties":{"type":"yes","levels":3.0,"address":"Szewska 15","residential":true,"residents_est":2,"h3_10":"8a1e2e6b1c87fff","h3_11":"8b1e2e6b1c83fff"},"geometry":{"type":"Polygon","coordinates":[[[19.934652,50.062719],[19.934754,50.06268],[19.934937,50.062859],[19.934836,50.062902],[19.934652,50.062719]]]}},{"type":"Feature","id":"w153065659","properties":{"type":"hotel","levels":4.0,"name":"Kamienica Na Schodkach","residential":false,"residents_est":0,"h3_10":"8a1e2e6b1c8ffff","h3_11":"8b1e2e6b1c8dfff"},"geometry":{"type":"Polygon","coordinates":[[[19.936305,50.063086],[19.93651,50.063008],[19.936632,50.063147],[19.936642,50.063143],[19.936679,50.063182],[19.936518,50.06324],[19.936559,50.063286],[19.936547,50.063316],[19.93653,50.063331],[19.936305,50.063086]]]}},{"type":"Feature","id":"w153065662","properties":{"type":"yes","levels":4.0,"name":"Kamienica Mierzejewskich","residential":true,"residents_est":3,"h3_10":"8a1e2e6b1c8ffff","h3_11":"8b1e2e6b1c89fff"},"geometry":{"type":"Polygon","coordinates":[[[19.93651,50.063008],[19.936643,50.062959],[19.936755,50.0631],[19.936632,50.063147],[19.93651,50.063008]]]}},{"type":"Feature","id":"w153065664","properties":{"type":"yes","levels":4.0,"residential":true,"residents_est":8,"h3_10":"8a1e2e6b1c9ffff","h3_11":"8b1e2e6b1c99fff"},"geometry":{"type":"Polygon","coordinates":[[[19.935521,50.062371],[19.935614,50.062336],[19.935621,50.062343],[19.935641,50.062335],[19.935634,50.062328],[19.93564,50.062322],[19.935731,50.062286],[19.935886,50.062452],[19.935945,50.062505],[19.935756,50.062584],[19.935521,50.062371]]]}},{"type":"Feature","id":"w153065667","properties":{"type":"yes","levels":3.0,"residential":true,"residents_est":2,"h3_10":"8a1e2e6b1cf7fff","h3_11":"8b1e2e6b1cf4fff"},"geometry":{"type":"Polygon","coordinates":[[[19.937034,50.063946],[19.937043,50.063944],[19.937052,50.063958],[19.937063,50.063955],[19.937078,50.063979],[19.937067,50.063982],[19.937072,50.06399],[19.937133,50.063974],[19.937105,50.063929],[19.937257,50.063886],[19.937316,50.063973],[19.937129,50.064027],[19.937143,50.06405],[19.937099,50.064064],[19.937096,50.064061],[19.937102,50.064058],[19.937096,50.064049],[19.937113,50.064042],[19.937105,50.064033],[19.937097,50.064035],[19.937034,50.063946]]]}},{"type":"Feature","id":"w153065668","properties":{"type":"yes","levels":4.0,"address":"Szewska 16A","residential":true,"residents_est":2,"h3_10":"8a1e2e6b1c9ffff","h3_11":"8b1e2e6b1c9efff"},"geometry":{"type":"Polygon","coordinates":[[[19.934196,50.06232],[19.934322,50.062266],[19.934415,50.062363],[19.934293,50.062416],[19.934196,50.06232]]]}},{"type":"Feature","id":"w153065673","properties":{"type":"yes","levels":4.0,"residential":true,"residents_est":2,"h3_10":"8a1e2e6b1c9ffff","h3_11":"8b1e2e6b1c9efff"},"geometry":{"type":"Polygon","coordinates":[[[19.933933,50.062276],[19.934031,50.062239],[19.934096,50.062311],[19.934164,50.062287],[19.934196,50.06232],[19.934188,50.062324],[19.934195,50.062332],[19.93404,50.062392],[19.933933,50.062276]]]}},{"type":"Feature","id":"w153065676","properties":{"type":"yes","levels":4.0,"residential":true,"residents_est":6,"h3_10":"8a1e2e6b1c8ffff","h3_11":"8b1e2e6b1c8afff"},"geometry":{"type":"Polygon","coordinates":[[[19.935401,50.06242],[19.935521,50.062371],[19.935756,50.062584],[19.935729,50.062598],[19.935786,50.062647],[19.935692,50.062684],[19.935565,50.062575],[19.935401,50.06242]]]}},{"type":"Feature","id":"w153065678","properties":{"type":"yes","levels":4.0,"name":"Kamienica Szołayskich","residential":true,"residents_est":12,"h3_10":"8a1e2e6b1c8ffff","h3_11":"8b1e2e6b1c8cfff"},"geometry":{"type":"Polygon","coordinates":[[[19.935808,50.063285],[19.936068,50.063187],[19.936206,50.063352],[19.936055,50.063403],[19.936152,50.063513],[19.936164,50.063508],[19.936168,50.063512],[19.936155,50.063516],[19.936166,50.063529],[19.936309,50.063477],[19.936363,50.063543],[19.936097,50.063617],[19.935947,50.06344],[19.935937,50.063443],[19.935808,50.063285]]]}},{"type":"Feature","id":"w153065690","properties":{"type":"house","levels":4.0,"address":"Sławkowska 2","name":"Kamienica Pod Gruszką","residential":true,"residents_est":21,"h3_10":"8a1e2e6b1c8ffff","h3_11":"8b1e2e6b1c89fff"},"geometry":{"type":"Polygon","coordinates":[[[19.936639,50.062956],[19.936705,50.062936],[19.936701,50.062932],[19.936845,50.062879],[19.937119,50.063224],[19.936904,50.063289],[19.936813,50.063176],[19.93685,50.063164],[19.93687,50.063188],[19.93686,50.063191],[19.936872,50.063206],[19.936856,50.063212],[19.936869,50.063227],[19.936942,50.063206],[19.936837,50.063078],[19.936759,50.063105],[19.936639,50.062956]]]}},{"type":"Feature","id":"w153069928","properties":{"type":"yes","levels":3.0,"residential":true,"residents_est":2,"h3_10":"8a1e2e6b1caffff","h3_11":"8b1e2e6b1cadfff"},"geometry":{"type":"Polygon","coordinates":[[[19.936242,50.064285],[19.936327,50.064276],[19.936359,50.064361],[19.936348,50.064371],[19.936367,50.06438],[19.936444,50.064371],[19.936439,50.06436],[19.93645,50.06436],[19.936471,50.064432],[19.936295,50.064451],[19.936242,50.064285]]]}},{"type":"Feature","id":"w153070139","properties":{"type":"yes","levels":3.0,"address":"Plac Szczepański 7","name":"Kamienica Landauów","residential":true,"residents_est":5,"h3_10":"8a1e2e6b1caffff","h3_11":"8b1e2e6b1ca9fff"},"geometry":{"type":"Polygon","coordinates":[[[19.936109,50.064055],[19.93632,50.063987],[19.936459,50.06419],[19.936308,50.064233],[19.936304,50.064227],[19.936228,50.064246],[19.936109,50.064055]]]}},{"type":"Feature","id":"w153158159","properties":{"type":"yes","levels":4.0,"address":"Floriańska 43","residential":true,"residents_est":7,"h3_10":"8a1e2e6b1ceffff","h3_11":"8b1e2e6b1cebfff"},"geometry":{"type":"Polygon","coordinates":[[[19.940783,50.063963],[19.9413,50.063791],[19.941342,50.063836],[19.941371,50.06388],[19.941163,50.063953],[19.941159,50.063947],[19.940848,50.064044],[19.940783,50.063963]]]}},{"type":"Feature","id":"w153158160","properties":{"type":"residential","levels":3.0,"residential":true,"residents_est":12,"h3_10":"8a1e2e6b1c5ffff","h3_11":"8b1e2e6b1c5afff"},"geometry":{"type":"Polygon","coordinates":[[[19.941891,50.064555],[19.942096,50.064486],[19.9421,50.064491],[19.942153,50.064474],[19.942083,50.064378],[19.942261,50.064329],[19.942315,50.0644],[19.942309,50.064402],[19.942315,50.064411],[19.942328,50.064419],[19.942373,50.064484],[19.941947,50.064644],[19.941891,50.064555]]]}},{"type":"Feature","id":"w153158166","properties":{"type":"hotel","levels":3.0,"name":"Pollera","residential":false,"residents_est":0,"h3_10":"8a1e2e6b1ccffff","h3_11":"8b1e2e6b1ccdfff"},"geometry":{"type":"Polygon","coordinates":[[[19.941205,50.063407],[19.941526,50.063297],[19.941804,50.063667],[19.941457,50.063776],[19.941414,50.063721],[19.941608,50.063658],[19.941576,50.063618],[19.941547,50.063627],[19.941512,50.06358],[19.941497,50.063585],[19.941456,50.063531],[19.941472,50.063526],[19.94143,50.06347],[19.941296,50.063519],[19.941205,50.063407]]]}},{"type":"Feature","id":"w153158169","properties":{"type":"yes","levels":3.0,"address":"Floriańska 53","residential":true,"residents_est":4,"h3_10":"8a1e2e6b1ceffff","h3_11":"8b1e2e6b1cedfff"},"geometry":{"type":"Polygon","coordinates":[[[19.941163,50.064458],[19.941364,50.064348],[19.941411,50.064381],[19.9415,50.064461],[19.941262,50.064584],[19.941173,50.064462],[19.941163,50.064458]]]}},{"type":"Feature","id":"w153158172","properties":{"type":"museum","levels":4.0,"address":"Floriańska 41","name":"Dom Jana Matejki","residential":false,"residents_est":0,"h3_10":"8a1e2e6b1ceffff","h3_11":"8b1e2e6b1cebfff"},"geometry":{"type":"Polygon","coordinates":[[[19.940729,50.063893],[19.941261,50.063711],[19.941319,50.063785],[19.941197,50.063824],[19.941157,50.063779],[19.941078,50.063808],[19.941118,50.063853],[19.940783,50.063963],[19.940729,50.063893]]]}},{"type":"Feature","id":"w153158176","properties":{"type":"yes","levels":4.0,"address":"Floriańska 37","residential":true,"residents_est":4,"h3_10":"8a1e2e6b1ceffff","h3_11":"8b1e2e6b1ceafff"},"geometry":{"type":"Polygon","coordinates":[[[19.940608,50.063724],[19.940862,50.063644],[19.940927,50.063722],[19.940669,50.063811],[19.940608,50.063724]]]}},{"type":"Feature","id":"w153158183","properties":{"type":"yes","levels":5.0,"address":"Floriańska 39","residential":true,"residents_est":5,"h3_10":"8a1e2e6b1ceffff","h3_11":"8b1e2e6b1ceafff"},"geometry":{"type":"Polygon","coordinates":[[[19.940666,50.063812],[19.940975,50.063705],[19.941039,50.063788],[19.940729,50.063893],[19.940704,50.063862],[19.940706,50.063856],[19.940695,50.06384],[19.940685,50.063839],[19.940666,50.063812]]]}},{"type":"Feature","id":"w153158186","properties":{"type":"residential","levels":4.0,"residential":true,"residents_est":8,"h3_10":"8a1e2e6b1c5ffff","h3_11":"8b1e2e6b1c5efff"},"geometry":{"type":"Polygon","coordinates":[[[19.941347,50.064703],[19.941625,50.064621],[19.941688,50.064735],[19.941393,50.064781],[19.941347,50.064703]]]}},{"type":"Feature","id":"w153158198","properties":{"type":"yes","levels":4.0,"residential":true,"residents_est":6,"h3_10":"8a1e2e6b1ccffff","h3_11":"8b1e2e6b1ccefff"},"geometry":{"type":"Polygon","coordinates":[[[19.940008,50.062977],[19.940308,50.062879],[19.940403,50.063003],[19.940102,50.063098],[19.940072,50.063066],[19.940076,50.063061],[19.940008,50.062977]]]}},{"type":"Feature","id":"w153158201","properties":{"type":"yes","levels":4.0,"address":"Floriańska 51","residential":true,"residents_est":5,"h3_10":"8a1e2e6b1ceffff","h3_11":"8b1e2e6b1cedfff"},"geometry":{"type":"Polygon","coordinates":[[[19.941059,50.064317],[19.941245,50.064255],[19.941307,50.064228],[19.941347,50.064266],[19.941283,50.064293],[19.941299,50.064312],[19.941364,50.064348],[19.941161,50.064459],[19.941157,50.064453],[19.941164,50.064451],[19.941133,50.064407],[19.941059,50.064317]]]}},{"type":"Feature","id":"w153158204","properties":{"type":"yes","levels":4.0,"residential":true,"residents_est":3,"h3_10":"8a1e2e6b1ccffff","h3_11":"8b1e2e6b1cccfff"},"geometry":{"type":"Polygon","coordinates":[[[19.940345,50.063393],[19.940621,50.0633],[19.940687,50.063377],[19.940411,50.063467],[19.940345,50.063393]]]}},{"type":"Feature","id":"w153158210","properties":{"type":"yes","levels":5.0,"residential":true,"residents_est":12,"h3_10":"8a1e2e6b1ccffff","h3_11":"8b1e2e6b1cccfff"},"geometry":{"type":"Polygon","coordinates":[[[19.940537,50.063639],[19.94054,50.063628],[19.941146,50.063427],[19.94128,50.063592],[19.941188,50.063624],[19.941133,50.063554],[19.941042,50.063583],[19.941022,50.06356],[19.941002,50.063563],[19.940827,50.063623],[19.940847,50.063648],[19.940608,50.063724],[19.940537,50.063639]]]}},{"type":"Feature","id":"w153158211","properties":{"type":"yes","levels":4.0,"address":"Floriańska 49","residential":true,"residents_est":4,"h3_10":"8a1e2e6b1ceffff","h3_11":"8b1e2e6b1ce8fff"},"geometry":{"type":"Polygon","coordinates":[[[19.940985,50.064225],[19.941271,50.064129],[19.941352,50.064209],[19.941245,50.064255],[19.941057,50.064318],[19.940985,50.064225]]]}},{"type":"Feature","id":"w153158217","properties":{"type":"apartments","levels":4.0,"name":"Dom Pod Obrazem","residential":true,"residents_est":14,"h3_10":"8a1e2e6b1ccffff","h3_11":"8b1e2e6b1ccafff"},"geometry":{"type":"Polygon","coordinates":[[[19.940786,50.062718],[19.941031,50.062634],[19.941052,50.062668],[19.94106,50.062666],[19.941117,50.062751],[19.941111,50.062753],[19.94114,50.0628],[19.941151,50.062798],[19.941156,50.062804],[19.940896,50.062884],[19.94084,50.062816],[19.940817,50.062824],[19.940812,50.062818],[19.940853,50.062798],[19.940786,50.062718]]]}},{"type":"Feature","id":"w153158220","properties":{"type":"yes","levels":4.0,"residential":true,"residents_est":8,"h3_10":"8a1e2e6b1ccffff","h3_11":"8b1e2e6b1cc8fff"},"geometry":{"type":"Polygon","coordinates":[[[19.940928,50.063287],[19.941062,50.063234],[19.941383,50.063128],[19.941388,50.063135],[19.941383,50.063136],[19.941448,50.063215],[19.941454,50.063213],[19.941469,50.063232],[19.941437,50.063238],[19.941165,50.063329],[19.941168,50.063333],[19.941015,50.063387],[19.940928,50.063287]]]}},{"type":"Feature","id":"w153158223","properties":{"type":"yes","levels":3.0,"residential":true,"residents_est":3,"h3_10":"8a1e2e6b1ccffff","h3_11":"8b1e2e6b1ccefff"},"geometry":{"type":"Polygon","coordinates":[[[19.940144,50.063138],[19.940434,50.063041],[19.940493,50.06311],[19.940366,50.063155],[19.940366,50.063162],[19.940212,50.063222],[19.940144,50.063138]]]}},{"type":"Feature","id":"w153158224","properties":{"type":"yes","levels":4.0,"address":"Floriańska 47","residential":true,"residents_est":4,"h3_10":"8a1e2e6b1ceffff","h3_11":"8b1e2e6b1ce8fff"},"geometry":{"type":"Polygon","coordinates":[[[19.940922,50.064143],[19.941197,50.064049],[19.941276,50.064127],[19.940988,50.064225],[19.940922,50.064143]]]}},{"type":"Feature","id":"w153158226","properties":{"type":"apartments","levels":4.0,"residential":true,"residents_est":24,"h3_10":"8a1e2e6b1ccffff","h3_11":"8b1e2e6b1cc8fff"},"geometry":{"type":"Polygon","coordinates":[[[19.940683,50.062954],[19.940751,50.062927],[19.941156,50.062804],[19.941153,50.06281],[19.941184,50.062855],[19.94118,50.062856],[19.941249,50.062949],[19.940883,50.063102],[19.940788,50.063133],[19.940777,50.063119],[19.940789,50.063115],[19.94069,50.06298],[19.940701,50.062977],[19.940683,50.062954]]]}},{"type":"Feature","id":"w153158227","properties":{"type":"yes","levels":3.0,"residential":true,"residents_est":2,"h3_10":"8a1e2e6b1ccffff","h3_11":"8b1e2e6b1ccefff"},"geometry":{"type":"Polygon","coordinates":[[[19.940308,50.062879],[19.940458,50.06283],[19.94053,50.062917],[19.940395,50.062962],[19.94039,50.062955],[19.940373,50.062961],[19.940308,50.062879]]]}},{"type":"Feature","id":"w153158228","properties":{"type":"yes","levels":5.0,"address":"Szpitalna 36","residential":true,"residents_est":10,"h3_10":"8a1e2e6b1ceffff","h3_11":"8b1e2e6b1ce9fff"},"geometry":{"type":"Polygon","coordinates":[[[19.941628,50.064192],[19.941671,50.064168],[19.941687,50.064182],[19.941834,50.064114],[19.94184,50.06412],[19.941881,50.064108],[19.941835,50.064042],[19.941807,50.06405],[19.941774,50.064002],[19.941823,50.063987],[19.94181,50.063968],[19.941873,50.063939],[19.941965,50.063912],[19.942089,50.06409],[19.941901,50.064155],[19.941696,50.06425],[19.941628,50.064192]]]}},{"type":"Feature","id":"w154860067","properties":{"type":"yes","levels":5.0,"address":"Rynek Główny 41","name":"Budynek Feniksa","residential":true,"residents_est":23,"h3_10":"8a1e2e6b1cd7fff","h3_11":"8b1e2e6b1cd0fff"},"geometry":{"type":"Polygon","coordinates":[[[19.937757,50.062573],[19.938026,50.062494],[19.938034,50.062497],[19.93818,50.062705],[19.938173,50.062707],[19.938191,50.062733],[19.938202,50.062736],[19.938196,50.062738],[19.938316,50.062902],[19.937872,50.063041],[19.93782,50.062965],[19.937871,50.062952],[19.937878,50.062963],[19.938027,50.062913],[19.937967,50.06284],[19.938013,50.062828],[19.937961,50.062746],[19.937893,50.062764],[19.937757,50.062573]]]}},{"type":"Feature","id":"w163994038","properties":{"type":"apartments","levels":4.0,"residential":true,"residents_est":15,"h3_10":"8a1e2e6b1c67fff","h3_11":"8b1e2e6b1c61fff"},"geometry":{"type":"Polygon","coordinates":[[[19.942011,50.067143],[19.942225,50.067094],[19.942374,50.06734],[19.942161,50.067388],[19.942114,50.067298],[19.942097,50.067295],[19.942011,50.067143]]]}},{"type":"Feature","id":"w163994039","properties":{"type":"yes","levels":3.0,"residential":true,"residents_est":2,"h3_10":"8a1e2e6b1c67fff","h3_11":"8b1e2e6b1c65fff"},"geometry":{"type":"Polygon","coordinates":[[[19.941617,50.067513],[19.941804,50.067467],[19.941856,50.067554],[19.941876,50.06756],[19.941895,50.067579],[19.941698,50.067638],[19.941617,50.067513]]]}},{"type":"Feature","id":"w163994041","properties":{"type":"school","levels":4.0,"address":"Rynek Kleparski 18","name":"XLI Liceum im. Jana Twardowskiego","residential":false,"residents_est":0,"h3_10":"8a1e2e6b1c67fff","h3_11":"8b1e2e6b1c65fff"},"geometry":{"type":"Polygon","coordinates":[[[19.941398,50.067185],[19.94173,50.067097],[19.941757,50.067172],[19.94162,50.067204],[19.941644,50.067241],[19.941694,50.067228],[19.941715,50.067262],[19.941738,50.067255],[19.941767,50.067301],[19.941745,50.067307],[19.941767,50.067343],[19.941717,50.067355],[19.941745,50.0674],[19.94188,50.067365],[19.941934,50.067436],[19.941617,50.067513],[19.941398,50.067185]]]}},{"type":"Feature","id":"w163994044","properties":{"type":"hotel","levels":4.0,"address":"Świętego Filipa 18","name":"Indigo","residential":false,"residents_est":0,"h3_10":"8a1e2e6b1c67fff","h3_11":"8b1e2e6b1c65fff"},"geometry":{"type":"Polygon","coordinates":[[[19.941698,50.067638],[19.941849,50.067593],[19.941871,50.067628],[19.942021,50.067583],[19.942003,50.067546],[19.942071,50.067531],[19.942158,50.067659],[19.941786,50.067769],[19.941698,50.067638]]]}},{"type":"Feature","id":"w163994048","properties":{"type":"apartments","levels":3.0,"address":"Świętego Filipa 20","residential":true,"residents_est":9,"h3_10":"8a1e2e6b1c67fff","h3_11":"8b1e2e6b1c65fff"},"geometry":{"type":"Polygon","coordinates":[[[19.942071,50.067531],[19.942186,50.067504],[19.942232,50.067571],[19.942273,50.06756],[19.942261,50.067536],[19.942274,50.067531],[19.942259,50.067503],[19.942244,50.067505],[19.942238,50.067493],[19.942442,50.06745],[19.942507,50.06756],[19.942158,50.067659],[19.942071,50.067531]]]}},{"type":"Feature","id":"w167351784","properties":{"type":"government","levels":4.0,"address":"Basztowa 22","name":"Małopolski Urząd Wojewódzki w Krakowie","residential":false,"residents_est":0,"h3_10":"8a1e2e6b1c4ffff","h3_11":"8b1e2e6b1c48fff"},"geometry":{"type":"Polygon","coordinates":[[[19.942889,50.065444],[19.942992,50.065412],[19.942999,50.065422],[19.943199,50.065354],[19.943189,50.06534],[19.94345,50.06525],[19.943462,50.065264],[19.943664,50.065196],[19.943654,50.065185],[19.943761,50.065148],[19.943985,50.06542],[19.943917,50.065441],[19.943997,50.06555],[19.944075,50.065522],[19.944123,50.065587],[19.944052,50.065608],[19.944151,50.065728],[19.943987,50.065749],[19.943634,50.065336],[19.943546,50.065369],[19.943591,50.065427],[19.943547,50.065445],[19.943559,50.065459],[19.943403,50.065513],[19.943393,50.065498],[19.943343,50.065514],[19.943324,50.065493],[19.943149,50.065548],[19.943248,50.065686],[19.943333,50.065662],[19.943444,50.06582],[19.943203,50.06589],[19.942952,50.065514],[19.942938,50.065513],[19.942889,50.065444]]]}},{"type":"Feature","id":"w167351791","properties":{"type":"apartments","levels":4.0,"address":"Basztowa 23","residential":true,"residents_est":19,"h3_10":"8a1e2e6b1c4ffff","h3_11":"8b1e2e6b1c4bfff"},"geometry":{"type":"Polygon","coordinates":[[[19.943761,50.065148],[19.9441,50.06503],[19.944296,50.065266],[19.944222,50.065292],[19.944163,50.065221],[19.944193,50.065211],[19.944158,50.065168],[19.943924,50.065251],[19.943957,50.065292],[19.943983,50.065283],[19.944042,50.065355],[19.943954,50.065384],[19.943761,50.065148]]]}},{"type":"Feature","id":"w167351793","properties":{"type":"apartments","levels":3.0,"residential":true,"residents_est":14,"h3_10":"8a1e2e6b1c4ffff","h3_11":"8b1e2e6b1c4cfff"},"geometry":{"type":"Polygon","coordinates":[[[19.943203,50.06589],[19.943607,50.065775],[19.943669,50.06586],[19.943473,50.065923],[19.943541,50.066026],[19.943348,50.066083],[19.943203,50.06589]]]}},{"type":"Feature","id":"w167351799","properties":{"type":"office","levels":6.0,"residential":false,"residents_est":0,"h3_10":"8a1e2e6b1c4ffff","h3_11":"8b1e2e6b1c4dfff"},"geometry":{"type":"Polygon","coordinates":[[[19.943803,50.066058],[19.944143,50.065957],[19.943987,50.065749],[19.944151,50.065728],[19.944181,50.065725],[19.94431,50.065916],[19.944428,50.06588],[19.9445,50.065986],[19.94388,50.066164],[19.943803,50.066058]]]}},{"type":"Feature","id":"w167351801","properties":{"type":"office","levels":3.0,"residential":false,"residents_est":0,"h3_10":"8a1e2e6b1c4ffff","h3_11":"8b1e2e6b1c4cfff"},"geometry":{"type":"Polygon","coordinates":[[[19.943348,50.066083],[19.943541,50.066026],[19.943619,50.066133],[19.943814,50.066074],[19.94388,50.066164],[19.943486,50.066281],[19.943348,50.066083]]]}},{"type":"Feature","id":"w182534013","properties":{"type":"apartments","levels":5.0,"address":"Świętego Filipa 8","residential":true,"residents_est":7,"h3_10":"8a1e2e6b1d47fff","h3_11":"8b1e2e6b1d40fff"},"geometry":{"type":"Polygon","coordinates":[[[19.939457,50.068372],[19.939615,50.068325],[19.939691,50.068432],[19.939519,50.068483],[19.939457,50.068372]]]}},{"type":"Feature","id":"w182534014","properties":{"type":"retail","levels":1.0,"address":"Świętego Filipa 14","residential":false,"residents_est":0,"h3_10":"8a1e2e6b1d4ffff","h3_11":"8b1e2e6b1d4efff"},"geometry":{"type":"Polygon","coordinates":[[[19.940348,50.068076],[19.940658,50.067963],[19.940706,50.068015],[19.940384,50.068125],[19.940348,50.068076]]]}},{"type":"Feature","id":"w182534015","properties":{"type":"retail","levels":2.0,"residential":false,"residents_est":0,"h3_10":"8a1e2e6b1d4ffff","h3_11":"8b1e2e6b1d4cfff"},"geometry":{"type":"Polygon","coordinates":[[[19.940741,50.06824],[19.940897,50.068188],[19.940977,50.068286],[19.94099,50.06828],[19.941032,50.068307],[19.94111,50.068402],[19.941048,50.068423],[19.941051,50.068427],[19.940908,50.068469],[19.940741,50.06824]]]}},{"type":"Feature","id":"w189431108","properties":{"type":"yes","levels":4.0,"address":"Floriańska 55","residential":true,"residents_est":7,"h3_10":"8a1e2e6b1ceffff","h3_11":"8b1e2e6b1cedfff"},"geometry":{"type":"Polygon","coordinates":[[[19.941265,50.064583],[19.941507,50.064457],[19.941578,50.064518],[19.941566,50.064524],[19.941585,50.06454],[19.941595,50.064535],[19.941609,50.064548],[19.941583,50.064558],[19.941644,50.064615],[19.941347,50.064703],[19.941265,50.064583]]]}},{"type":"Feature","id":"w189431115","properties":{"type":"apartments","levels":3.0,"address":"Reformacka 7","residential":true,"residents_est":5,"h3_10":"8a1e2e6b1c1ffff","h3_11":"8b1e2e6b1c1afff"},"geometry":{"type":"Polygon","coordinates":[[[19.936485,50.064518],[19.936618,50.0645],[19.936678,50.064706],[19.936523,50.064675],[19.936485,50.064518]]]}},{"type":"Feature","id":"w189431150","properties":{"type":"yes","residential":true,"residents_est":0,"h3_10":"8a1e2e6b1ceffff","h3_11":"8b1e2e6b1cebfff"},"geometry":{"type":"Polygon","coordinates":[[[19.941055,50.06358],[19.941133,50.063554],[19.941186,50.063622],[19.941112,50.063649],[19.941055,50.06358]]]}},{"type":"Feature","id":"w189431156","properties":{"type":"house","levels":3.0,"residential":true,"residents_est":11,"h3_10":"8a1e2e6b1c0ffff","h3_11":"8b1e2e6b1c0bfff"},"geometry":{"type":"Polygon","coordinates":[[[19.938621,50.06509],[19.938828,50.065042],[19.938834,50.065052],[19.938823,50.065055],[19.938848,50.065084],[19.93887,50.065071],[19.938858,50.065063],[19.938923,50.065024],[19.939054,50.065123],[19.938955,50.065191],[19.938775,50.065244],[19.938721,50.06523],[19.938621,50.06509]]]}},{"type":"Feature","id":"w200499482","properties":{"type":"yes","residential":true,"residents_est":1,"h3_10":"8a1e2e6b1c57fff","h3_11":"8b1e2e6b1c53fff"},"geometry":{"type":"Polygon","coordinates":[[[19.940694,50.064976],[19.941289,50.064864],[19.941298,50.064885],[19.940697,50.064997],[19.940694,50.064976]]]}},{"type":"Feature","id":"w200499484","properties":{"type":"yes","name":"Arsenał Miejski","residential":true,"residents_est":13,"h3_10":"8a1e2e6b1c57fff","h3_11":"8b1e2e6b1c52fff"},"geometry":{"type":"Polygon","coordinates":[[[19.939932,50.065131],[19.939947,50.065129],[19.939944,50.065121],[19.939968,50.065117],[19.939966,50.065111],[19.939999,50.065105],[19.940002,50.065112],[19.940009,50.065111],[19.940006,50.065104],[19.940046,50.065097],[19.940049,50.065103],[19.940377,50.065033],[19.940379,50.065037],[19.940569,50.064999],[19.940589,50.065042],[19.940606,50.065056],[19.94063,50.065064],[19.940663,50.065064],[19.940694,50.065052],[19.940707,50.065038],[19.940708,50.065023],[19.940746,50.065107],[19.939994,50.065249],[19.939972,50.065196],[19.939965,50.065197],[19.939932,50.065131]]]}},{"type":"Feature","id":"w200499486","properties":{"type":"yes","name":"Baszta Stolarska","residential":true,"residents_est":1,"h3_10":"8a1e2e6b1c57fff","h3_11":"8b1e2e6b1c53fff"},"geometry":{"type":"Polygon","coordinates":[[[19.940567,50.064994],[19.940617,50.064984],[19.940621,50.06499],[19.94069,50.064968],[19.940708,50.065023],[19.940707,50.065038],[19.940694,50.065052],[19.940663,50.065064],[19.94063,50.065064],[19.940606,50.065056],[19.940589,50.065042],[19.940567,50.064994]]]}},{"type":"Feature","id":"w200814803","properties":{"type":"yes","name":"Baszta Pasamoników","residential":true,"residents_est":0,"h3_10":"8a1e2e6b1c5ffff","h3_11":"8b1e2e6b1c58fff"},"geometry":{"type":"Polygon","coordinates":[[[19.942171,50.064722],[19.942309,50.0647],[19.942317,50.06472],[19.94228,50.064726],[19.942291,50.064752],[19.942287,50.064762],[19.942265,50.064779],[19.942233,50.064785],[19.94219,50.064768],[19.942171,50.064722]]]}},{"type":"Feature","id":"w202294898","properties":{"type":"yes","levels":3.0,"address":"Floriańska 38","name":"Hotel Floryan","residential":true,"residents_est":3,"h3_10":"8a1e2e6b1ceffff","h3_11":"8b1e2e6b1cecfff"},"geometry":{"type":"Polygon","coordinates":[[[19.940594,50.06444],[19.940897,50.064354],[19.940958,50.06445],[19.940644,50.064521],[19.940594,50.06444]]]}},{"type":"Feature","id":"w203495624","properties":{"type":"church","address":"Karmelicka 19","name":"Bazylika Nawiedzenia Najświętszej Maryi Panny","residential":false,"residents_est":0,"h3_10":"8a1e2e6b1d9ffff","h3_11":"8b1e2e6b1d9cfff"},"geometry":{"type":"Polygon","coordinates":[[[19.931468,50.065151],[19.931502,50.065092],[19.931498,50.065083],[19.931505,50.065084],[19.931517,50.065063],[19.931511,50.065061],[19.931523,50.065057],[19.931531,50.065045],[19.931527,50.065044],[19.93157,50.064973],[19.931585,50.064975],[19.93159,50.064962],[19.931597,50.06496],[19.93167,50.06498],[19.931685,50.064973],[19.931727,50.064981],[19.931753,50.064926],[19.931853,50.064947],[19.931859,50.064937],[19.931877,50.06494],[19.931881,50.064946],[19.932017,50.064971],[19.932013,50.064981],[19.932113,50.065002],[19.932081,50.065061],[19.932185,50.065087],[19.932195,50.065082],[19.932241,50.065101],[19.93225,50.065096],[19.932266,50.0651],[19.932268,50.065108],[19.93229,50.065115],[19.932303,50.065112],[19.93232,50.065119],[19.932323,50.065127],[19.93242,50.065162],[19.932374,50.065217],[19.9324,50.065224],[19.932333,50.065335],[19.93231,50.065356],[19.932239,50.065328],[19.931468,50.065151]]]}},{"type":"Feature","id":"w203610714","properties":{"type":"church","levels":1.0,"name":"Kościół pw. Zmartwychwstania Pańskiego","residential":false,"residents_est":0,"h3_10":"8a1e2e6b1daffff","h3_11":"8b1e2e6b1da8fff"},"geometry":{"type":"Polygon","coordinates":[[[19.933385,50.06657],[19.933394,50.066537],[19.933419,50.066488],[19.933814,50.066564],[19.933825,50.066591],[19.933863,50.066593],[19.93389,50.066476],[19.934074,50.066499],[19.93402,50.066686],[19.933785,50.066652],[19.933385,50.06657]]]}},{"type":"Feature","id":"w224418381","properties":{"type":"yes","residential":true,"residents_est":0,"h3_10":"8a1e2e6b1d0ffff","h3_11":"8b1e2e6b1d08fff"},"geometry":{"type":"Polygon","coordinates":[[[19.936262,50.068051],[19.936281,50.06802],[19.936493,50.068059],[19.936483,50.068082],[19.936262,50.068051]]]}},{"type":"Feature","id":"w224418383","properties":{"type":"yes","residential":false,"residents_est":0,"h3_10":"8a1e2e6b1d2ffff","h3_11":"8b1e2e6b1d2bfff"},"geometry":{"type":"Polygon","coordinates":[[[19.936121,50.068892],[19.93613,50.068833],[19.936173,50.068839],[19.936164,50.068899],[19.936121,50.068892]]]}},{"type":"Feature","id":"w224418389","properties":{"type":"yes","residential":true,"residents_est":1,"h3_10":"8a1e2e6b1d0ffff","h3_11":"8b1e2e6b1d0afff"},"geometry":{"type":"Polygon","coordinates":[[[19.935905,50.067974],[19.935927,50.067916],[19.93609,50.06794],[19.936071,50.067999],[19.935905,50.067974]]]}},{"type":"Feature","id":"w224418390","properties":{"type":"yes","residential":true,"residents_est":0,"h3_10":"8a1e2e6b1d2ffff","h3_11":"8b1e2e6b1d2cfff"},"geometry":{"type":"Polygon","coordinates":[[[19.935288,50.069727],[19.935324,50.069677],[19.93541,50.069697],[19.935366,50.069763],[19.935288,50.069727]]]}},{"type":"Feature","id":"w224418392","properties":{"type":"yes","residential":true,"residents_est":0,"h3_10":"8a1e2e6b1d07fff","h3_11":"8b1e2e6b1d00fff"},"geometry":{"type":"Polygon","coordinates":[[[19.934434,50.06873],[19.934448,50.068695],[19.934622,50.068723],[19.934608,50.068758],[19.934434,50.06873]]]}},{"type":"Feature","id":"w224418394","properties":{"type":"yes","residential":true,"residents_est":0,"h3_10":"8a1e2e6b1d07fff","h3_11":"8b1e2e6b1d05fff"},"geometry":{"type":"Polygon","coordinates":[[[19.934608,50.068758],[19.934627,50.068711],[19.934772,50.068734],[19.934754,50.068781],[19.934608,50.068758]]]}},{"type":"Feature","id":"w224418397","properties":{"type":"yes","residential":true,"residents_est":2,"h3_10":"8a1e2e6b1d2ffff","h3_11":"8b1e2e6b1d28fff"},"geometry":{"type":"Polygon","coordinates":[[[19.93555,50.069145],[19.93559,50.06905],[19.935858,50.06912],[19.935803,50.069209],[19.93555,50.069145]]]}},{"type":"Feature","id":"w224418398","properties":{"type":"yes","residential":true,"residents_est":4,"h3_10":"8a1e2e6b1d2ffff","h3_11":"8b1e2e6b1d2afff"},"geometry":{"type":"Polygon","coordinates":[[[19.935508,50.068897],[19.935538,50.068821],[19.935967,50.06889],[19.935943,50.068965],[19.935508,50.068897]]]}},{"type":"Feature","id":"w224418400","properties":{"type":"yes","residential":true,"residents_est":2,"h3_10":"8a1e2e6b1d07fff","h3_11":"8b1e2e6b1d00fff"},"geometry":{"type":"Polygon","coordinates":[[[19.934066,50.068672],[19.934094,50.068601],[19.934461,50.06866],[19.934434,50.06873],[19.934066,50.068672]]]}},{"type":"Feature","id":"w224418402","properties":{"type":"yes","residential":true,"residents_est":1,"h3_10":"8a1e2e6b1d2ffff","h3_11":"8b1e2e6b1d28fff"},"geometry":{"type":"Polygon","coordinates":[[[19.93582,50.069287],[19.93587,50.069202],[19.935988,50.06923],[19.935934,50.069315],[19.93582,50.069287]]]}},{"type":"Feature","id":"w224418412","properties":{"type":"yes","residential":true,"residents_est":2,"h3_10":"8a1e2e6b1d2ffff","h3_11":"8b1e2e6b1d2cfff"},"geometry":{"type":"Polygon","coordinates":[[[19.935183,50.069646],[19.935267,50.069496],[19.935453,50.069529],[19.935448,50.069548],[19.935418,50.069544],[19.935344,50.06968],[19.935183,50.069646]]]}},{"type":"Feature","id":"w238282625","properties":{"type":"yes","levels":4.0,"residential":true,"residents_est":7,"h3_10":"8a1e2e6b1c9ffff","h3_11":"8b1e2e6b1c9afff"},"geometry":{"type":"Polygon","coordinates":[[[19.933986,50.062052],[19.934338,50.061903],[19.934471,50.062047],[19.934279,50.062115],[19.934264,50.062099],[19.93429,50.062089],[19.934238,50.062028],[19.934218,50.062036],[19.93422,50.062041],[19.934185,50.06205],[19.934188,50.062055],[19.93411,50.062077],[19.934126,50.062095],[19.934133,50.062093],[19.934145,50.062105],[19.93412,50.062114],[19.934113,50.062107],[19.934056,50.062126],[19.934104,50.062185],[19.934095,50.062189],[19.933986,50.062052]]]}},{"type":"Feature","id":"w239097462","properties":{"type":"apartments","levels":3.0,"residential":true,"residents_est":14,"h3_10":"8a1e2e6b1cc7fff","h3_11":"8b1e2e6b1cc5fff"},"geometry":{"type":"Polygon","coordinates":[[[19.939707,50.063663],[19.939949,50.063605],[19.940258,50.063518],[19.940262,50.063521],[19.940255,50.063524],[19.94027,50.063544],[19.940276,50.063542],[19.94033,50.063615],[19.94022,50.063653],[19.940224,50.063659],[19.94003,50.063717],[19.940026,50.063711],[19.939783,50.063776],[19.939707,50.063663]]]}},{"type":"Feature","id":"w239097463","properties":{"type":"yes","residential":false,"residents_est":0,"h3_10":"8a1e2e6b1cc7fff","h3_11":"8b1e2e6b1cc0fff"},"geometry":{"type":"Polygon","coordinates":[[[19.939383,50.063603],[19.939473,50.063582],[19.939492,50.063617],[19.939406,50.063638],[19.939383,50.063603]]]}},{"type":"Feature","id":"w239097464","properties":{"type":"yes","residential":true,"residents_est":1,"h3_10":"8a1e2e6b1cc7fff","h3_11":"8b1e2e6b1cc0fff"},"geometry":{"type":"Polygon","coordinates":[[[19.939356,50.063534],[19.939424,50.063515],[19.939417,50.063477],[19.939546,50.06344],[19.939586,50.063501],[19.939376,50.063563],[19.939356,50.063534]]]}},{"type":"Feature","id":"w239097465","properties":{"type":"yes","residential":true,"residents_est":0,"h3_10":"8a1e2e6b1cc7fff","h3_11":"8b1e2e6b1cc0fff"},"geometry":{"type":"Polygon","coordinates":[[[19.939558,50.063248],[19.939662,50.063217],[19.9397,50.063274],[19.939683,50.06328],[19.939672,50.063269],[19.939615,50.063291],[19.9396,50.063272],[19.939581,50.063279],[19.939558,50.063248]]]}},{"type":"Feature","id":"w242815649","properties":{"type":"yes","levels":3.0,"residential":true,"residents_est":1,"h3_10":"8a1e2e6b1cf7fff","h3_11":"8b1e2e6b1cf4fff"},"geometry":{"type":"Polygon","coordinates":[[[19.93716,50.064211],[19.937299,50.064176],[19.937357,50.064259],[19.937229,50.0643],[19.93716,50.064211]]]}},{"type":"Feature","id":"w243443373","properties":{"type":"yes","levels":3.0,"residential":true,"residents_est":7,"h3_10":"8a1e2e6b1c57fff","h3_11":"8b1e2e6b1c53fff"},"geometry":{"type":"Polygon","coordinates":[[[19.940753,50.064599],[19.941018,50.064553],[19.941152,50.064768],[19.940817,50.06481],[19.940753,50.064599]]]}},{"type":"Feature","id":"w256368088","properties":{"type":"walkway","levels":2.0,"residential":false,"residents_est":0,"h3_10":"8a1e2e6b1c57fff","h3_11":"8b1e2e6b1c52fff"},"geometry":{"type":"Polygon","coordinates":[[[19.940303,50.064769],[19.940366,50.064774],[19.940371,50.064839],[19.940314,50.064836],[19.940303,50.064769]]]}},{"type":"Feature","id":"w297180393","properties":{"type":"yes","residential":false,"residents_est":0,"h3_10":"8a1e2e6b1d6ffff","h3_11":"8b1e2e6b1d6afff"},"geometry":{"type":"Polygon","coordinates":[[[19.940731,50.068812],[19.940777,50.068802],[19.940806,50.068851],[19.940759,50.068861],[19.940731,50.068812]]]}},{"type":"Feature","id":"w297180395","properties":{"type":"yes","residential":true,"residents_est":0,"h3_10":"8a1e2e6b1d4ffff","h3_11":"8b1e2e6b1d4efff"},"geometry":{"type":"Polygon","coordinates":[[[19.940726,50.068317],[19.940782,50.068297],[19.940837,50.068371],[19.940773,50.068388],[19.940726,50.068317]]]}},{"type":"Feature","id":"r16315896","properties":{"type":"university","name":"Wyższa Szkoła Ekonomii i Informatyki","residential":false,"residents_est":0,"h3_10":"8a1e2e6b1d4ffff","h3_11":"8b1e2e6b1d48fff"},"geometry":{"type":"MultiPolygon","coordinates":[[[[19.940897,50.068188],[19.941192,50.06808],[19.94126,50.068162],[19.941143,50.068214],[19.941163,50.068233],[19.941091,50.068265],[19.94107,50.068245],[19.940977,50.068286],[19.940897,50.068188]]],[[[19.941048,50.068423],[19.941144,50.068391],[19.941256,50.06853],[19.941548,50.06846],[19.941507,50.068387],[19.941591,50.068364],[19.941665,50.068496],[19.941299,50.068583],[19.941304,50.068589],[19.941204,50.068613],[19.941048,50.068423]]]]}},{"type":"Feature","id":"w297180401","properties":{"type":"roof","residential":false,"residents_est":0,"h3_10":"8a1e2e6b1d6ffff","h3_11":"8b1e2e6b1d6bfff"},"geometry":{"type":"Polygon","coordinates":[[[19.941416,50.068959],[19.941418,50.068942],[19.941443,50.06893],[19.94146,50.068932],[19.941478,50.068944],[19.941477,50.06896],[19.941459,50.068971],[19.941433,50.06897],[19.941416,50.068959]]]}},{"type":"Feature","id":"r4045595","properties":{"type":"yes","levels":3.0,"residential":true,"residents_est":10,"h3_10":"8a1e2e6b1caffff","h3_11":"8b1e2e6b1ca8fff"},"geometry":{"type":"Polygon","coordinates":[[[19.935817,50.064428],[19.935832,50.064407],[19.935844,50.064411],[19.935952,50.064255],[19.935902,50.064121],[19.936109,50.064055],[19.936228,50.064246],[19.936294,50.064449],[19.936184,50.06444],[19.936154,50.064454],[19.93612,50.064518],[19.935817,50.064428]],[[19.93599,50.064332],[19.935995,50.064344],[19.936027,50.064354],[19.936045,50.064348],[19.936071,50.064356],[19.936075,50.064369],[19.93617,50.064399],[19.936187,50.064392],[19.936136,50.064253],[19.936152,50.064245],[19.936142,50.064225],[19.936122,50.064217],[19.936009,50.064247],[19.936004,50.06426],[19.936012,50.064262],[19.936024,50.06428],[19.93599,50.064332]]]}},{"type":"Feature","id":"w303662594","properties":{"type":"yes","levels":1.5,"residential":true,"residents_est":1,"h3_10":"8a1e2e6b1c1ffff","h3_11":"8b1e2e6b1c1efff"},"geometry":{"type":"Polygon","coordinates":[[[19.936457,50.064864],[19.936478,50.064839],[19.936485,50.064842],[19.936542,50.06477],[19.93677,50.06485],[19.936727,50.0649],[19.93659,50.064854],[19.936558,50.064893],[19.936545,50.064895],[19.936457,50.064864]]]}},{"type":"Feature","id":"w303662595","properties":{"type":"yes","levels":2.5,"residential":true,"residents_est":2,"h3_10":"8a1e2e6b1c1ffff","h3_11":"8b1e2e6b1c1efff"},"geometry":{"type":"Polygon","coordinates":[[[19.93663,50.065047],[19.936691,50.064953],[19.936723,50.064961],[19.936742,50.064933],[19.936764,50.064939],[19.936817,50.064867],[19.936878,50.064891],[19.936743,50.065077],[19.93663,50.065047]]]}},{"type":"Feature","id":"w303662596","properties":{"type":"yes","levels":2.0,"residential":true,"residents_est":1,"h3_10":"8a1e2e6b1c1ffff","h3_11":"8b1e2e6b1c1efff"},"geometry":{"type":"Polygon","coordinates":[[[19.93633,50.064857],[19.9364,50.064766],[19.936375,50.064758],[19.936405,50.06472],[19.936542,50.06477],[19.936485,50.064842],[19.936478,50.064839],[19.936457,50.064864],[19.936432,50.064856],[19.936407,50.064882],[19.93633,50.064857]]]}},{"type":"Feature","id":"w303662597","properties":{"type":"yes","residential":false,"residents_est":0,"h3_10":"8a1e2e6b1c1ffff","h3_11":"8b1e2e6b1c1efff"},"geometry":{"type":"Polygon","coordinates":[[[19.936727,50.0649],[19.93677,50.06485],[19.936817,50.064867],[19.936781,50.064917],[19.936727,50.0649]]]}},{"type":"Feature","id":"w303662598","properties":{"type":"yes","residential":true,"residents_est":1,"h3_10":"8a1e2e6b1c17fff","h3_11":"8b1e2e6b1c11fff"},"geometry":{"type":"Polygon","coordinates":[[[19.936338,50.065281],[19.936341,50.065244],[19.936557,50.065253],[19.936553,50.065294],[19.936338,50.065281]]]}},{"type":"Feature","id":"w303662599","properties":{"type":"yes","levels":1.0,"residential":true,"residents_est":0,"h3_10":"8a1e2e6b1c17fff","h3_11":"8b1e2e6b1c11fff"},"geometry":{"type":"Polygon","coordinates":[[[19.93628,50.065075],[19.936336,50.065008],[19.936428,50.065039],[19.936373,50.065107],[19.93628,50.065075]]]}},{"type":"Feature","id":"w303662600","properties":{"type":"yes","levels":1.5,"residential":true,"residents_est":1,"h3_10":"8a1e2e6b1c1ffff","h3_11":"8b1e2e6b1c1cfff"},"geometry":{"type":"Polygon","coordinates":[[[19.936568,50.065188],[19.936664,50.065056],[19.936733,50.065075],[19.936636,50.065208],[19.936568,50.065188]]]}},{"type":"Feature","id":"w303662601","properties":{"type":"yes","levels":1.0,"residential":true,"residents_est":0,"h3_10":"8a1e2e6b1c17fff","h3_11":"8b1e2e6b1c13fff"},"geometry":{"type":"Polygon","coordinates":[[[19.935754,50.064974],[19.93579,50.064926],[19.935903,50.064962],[19.935893,50.064973],[19.935905,50.064977],[19.935872,50.065016],[19.935754,50.064974]]]}},{"type":"Feature","id":"w303662602","properties":{"type":"yes","residential":true,"residents_est":0,"h3_10":"8a1e2e6b1c17fff","h3_11":"8b1e2e6b1c13fff"},"geometry":{"type":"Polygon","coordinates":[[[19.936072,50.064836],[19.936152,50.064735],[19.936164,50.064739],[19.936197,50.064697],[19.936223,50.064705],[19.93611,50.064849],[19.936072,50.064836]]]}},{"type":"Feature","id":"w304009204","properties":{"type":"yes","residential":false,"residents_est":0,"h3_10":"8a1e2e6b1cd7fff","h3_11":"8b1e2e6b1cd4fff"},"geometry":{"type":"Polygon","coordinates":[[[19.937528,50.063041],[19.937549,50.063034],[19.937536,50.06302],[19.937543,50.063008],[19.937558,50.063011],[19.93757,50.063026],[19.937601,50.063013],[19.93763,50.063047],[19.937552,50.063077],[19.937528,50.063041]]]}},{"type":"Feature","id":"w304009205","properties":{"type":"yes","residential":true,"residents_est":2,"h3_10":"8a1e2e6b1cd7fff","h3_11":"8b1e2e6b1cd4fff"},"geometry":{"type":"Polygon","coordinates":[[[19.937346,50.062913],[19.9374,50.062891],[19.937475,50.062973],[19.937552,50.063077],[19.93763,50.063047],[19.937621,50.063038],[19.937625,50.063036],[19.937754,50.062983],[19.937796,50.063033],[19.937674,50.063089],[19.937526,50.063138],[19.937346,50.062913]]]}},{"type":"Feature","id":"w304009206","properties":{"type":"yes","residential":true,"residents_est":2,"h3_10":"8a1e2e6b1cd7fff","h3_11":"8b1e2e6b1cd4fff"},"geometry":{"type":"Polygon","coordinates":[[[19.937538,50.063134],[19.937649,50.063097],[19.937824,50.063307],[19.937712,50.063347],[19.937538,50.063134]]]}},{"type":"Feature","id":"w304009207","properties":{"type":"yes","levels":3.0,"residential":true,"residents_est":13,"h3_10":"8a1e2e6b1cd7fff","h3_11":"8b1e2e6b1cd5fff"},"geometry":{"type":"Polygon","coordinates":[[[19.93794,50.063221],[19.93802,50.063195],[19.938045,50.063225],[19.938167,50.063188],[19.938162,50.063182],[19.938176,50.063178],[19.93818,50.063184],[19.938205,50.063177],[19.938132,50.063085],[19.938025,50.063121],[19.937944,50.063019],[19.938319,50.062901],[19.938329,50.062919],[19.938323,50.06292],[19.93835,50.062947],[19.938343,50.062949],[19.938352,50.06296],[19.938358,50.062958],[19.938374,50.062988],[19.93838,50.062986],[19.938392,50.062997],[19.938522,50.063167],[19.938018,50.063328],[19.93794,50.063221]]]}},{"type":"Feature","id":"w304009208","properties":{"type":"yes","residential":true,"residents_est":0,"h3_10":"8a1e2e6b1cd7fff","h3_11":"8b1e2e6b1cd5fff"},"geometry":{"type":"Polygon","coordinates":[[[19.937894,50.063035],[19.937944,50.063019],[19.938025,50.063121],[19.937979,50.063114],[19.937964,50.063123],[19.937894,50.063035]]]}},{"type":"Feature","id":"w304009209","properties":{"type":"yes","levels":3.0,"residential":true,"residents_est":2,"h3_10":"8a1e2e6b1cd7fff","h3_11":"8b1e2e6b1cd4fff"},"geometry":{"type":"Polygon","coordinates":[[[19.937807,50.063059],[19.937894,50.063035],[19.93802,50.063195],[19.937927,50.063225],[19.937807,50.063059]]]}},{"type":"Feature","id":"w304015838","properties":{"type":"yes","residential":true,"residents_est":1,"h3_10":"8a1e2e6b1cdffff","h3_11":"8b1e2e6b1cdefff"},"geometry":{"type":"Polygon","coordinates":[[[19.938948,50.062459],[19.939057,50.062422],[19.939118,50.062496],[19.939083,50.062509],[19.939087,50.062514],[19.939078,50.062518],[19.939004,50.062543],[19.938978,50.062508],[19.938992,50.062504],[19.938977,50.062503],[19.938948,50.062459]]]}},{"type":"Feature","id":"w304015839","properties":{"type":"yes","residential":false,"residents_est":0,"h3_10":"8a1e2e6b1cd7fff","h3_11":"8b1e2e6b1cd1fff"},"geometry":{"type":"Polygon","coordinates":[[[19.938948,50.062557],[19.938997,50.062544],[19.939036,50.062601],[19.938985,50.062616],[19.938948,50.062557]]]}},{"type":"Feature","id":"w304015840","properties":{"type":"yes","residential":false,"residents_est":0,"h3_10":"8a1e2e6b1cc7fff","h3_11":"8b1e2e6b1cc2fff"},"geometry":{"type":"Polygon","coordinates":[[[19.939297,50.062933],[19.939379,50.062907],[19.939402,50.062942],[19.939324,50.062967],[19.939297,50.062933]]]}},{"type":"Feature","id":"w304015841","properties":{"type":"yes","residential":true,"residents_est":0,"h3_10":"8a1e2e6b1cd7fff","h3_11":"8b1e2e6b1cd1fff"},"geometry":{"type":"Polygon","coordinates":[[[19.938545,50.062675],[19.938643,50.062646],[19.938675,50.0627],[19.938585,50.062727],[19.938545,50.062675]]]}},{"type":"Feature","id":"w304015842","properties":{"type":"yes","residential":true,"residents_est":0,"h3_10":"8a1e2e6b1cdffff","h3_11":"8b1e2e6b1cdcfff"},"geometry":{"type":"Polygon","coordinates":[[[19.939233,50.062736],[19.939307,50.062711],[19.939367,50.062794],[19.939295,50.062816],[19.939233,50.062736]]]}},{"type":"Feature","id":"w304655535","properties":{"type":"yes","residential":false,"residents_est":0,"h3_10":"8a1e2e6b1c97fff","h3_11":"8b1e2e6b1c91fff"},"geometry":{"type":"Polygon","coordinates":[[[19.933801,50.062559],[19.933862,50.062535],[19.933878,50.06255],[19.933847,50.062583],[19.93383,50.062589],[19.933801,50.062559]]]}},{"type":"Feature","id":"w308852086","properties":{"type":"yes","address":"Szewska 15a","residential":true,"residents_est":1,"h3_10":"8a1e2e6b1c87fff","h3_11":"8b1e2e6b1c83fff"},"geometry":{"type":"Polygon","coordinates":[[[19.934864,50.062921],[19.93496,50.062882],[19.935072,50.062992],[19.934982,50.063031],[19.934864,50.062921]]]}},{"type":"Feature","id":"w308852091","properties":{"type":"yes","levels":4.0,"residential":true,"residents_est":6,"h3_10":"8a1e2e6b1c87fff","h3_11":"8b1e2e6b1c83fff"},"geometry":{"type":"Polygon","coordinates":[[[19.93425,50.062888],[19.934408,50.062821],[19.934653,50.063065],[19.934612,50.063081],[19.934567,50.063038],[19.93458,50.063033],[19.934559,50.063012],[19.934433,50.063066],[19.934461,50.063091],[19.934483,50.063087],[19.934504,50.063123],[19.934467,50.06314],[19.934469,50.063165],[19.934442,50.063171],[19.934434,50.063072],[19.93425,50.062888]]]}},{"type":"Feature","id":"w308852100","properties":{"type":"yes","levels":3.0,"residential":true,"residents_est":6,"h3_10":"8a1e2e6b1c9ffff","h3_11":"8b1e2e6b1c9dfff"},"geometry":{"type":"Polygon","coordinates":[[[19.934754,50.06268],[19.934968,50.062592],[19.934965,50.062589],[19.934981,50.062582],[19.935167,50.062777],[19.935045,50.062829],[19.935029,50.062814],[19.934934,50.062855],[19.934754,50.06268]]]}},{"type":"Feature","id":"w308852104","properties":{"type":"yes","residential":true,"residents_est":1,"h3_10":"8a1e2e6b1c87fff","h3_11":"8b1e2e6b1c80fff"},"geometry":{"type":"Polygon","coordinates":[[[19.934488,50.063234],[19.934625,50.063182],[19.934777,50.063344],[19.934716,50.06337],[19.934708,50.063358],[19.93469,50.063365],[19.93468,50.063353],[19.934669,50.063357],[19.934664,50.063351],[19.934669,50.063349],[19.93465,50.063328],[19.934644,50.063331],[19.934633,50.06332],[19.934641,50.063317],[19.934621,50.063296],[19.934613,50.0633],[19.934603,50.063289],[19.934611,50.063285],[19.934591,50.063265],[19.934583,50.063269],[19.934578,50.063264],[19.934526,50.063285],[19.934488,50.063234]]]}},{"type":"Feature","id":"w308852109","properties":{"type":"yes","levels":2.0,"residential":true,"residents_est":1,"h3_10":"8a1e2e6b1c87fff","h3_11":"8b1e2e6b1c83fff"},"geometry":{"type":"Polygon","coordinates":[[[19.935027,50.063091],[19.9351,50.063061],[19.935199,50.063159],[19.935125,50.063189],[19.935027,50.063091]]]}},{"type":"Feature","id":"w308852112","properties":{"type":"yes","residential":false,"residents_est":0,"h3_10":"8a1e2e6b1c87fff","h3_11":"8b1e2e6b1c80fff"},"geometry":{"type":"Polygon","coordinates":[[[19.934421,50.063418],[19.934457,50.06341],[19.934448,50.063392],[19.934494,50.063374],[19.934519,50.0634],[19.934436,50.063434],[19.934421,50.063418]]]}},{"type":"Feature","id":"w308852115","properties":{"type":"yes","levels":4.0,"residential":false,"residents_est":0,"h3_10":"8a1e2e6b1c87fff","h3_11":"8b1e2e6b1c83fff"},"geometry":{"type":"Polygon","coordinates":[[[19.934629,50.063099],[19.934671,50.063082],[19.93473,50.063142],[19.934687,50.063158],[19.934629,50.063099]]]}},{"type":"Feature","id":"w308852118","properties":{"type":"yes","levels":1.0,"residential":true,"residents_est":0,"h3_10":"8a1e2e6b1c87fff","h3_11":"8b1e2e6b1c83fff"},"geometry":{"type":"Polygon","coordinates":[[[19.93437,50.063095],[19.934434,50.063072],[19.934442,50.063171],[19.934464,50.063202],[19.934424,50.063218],[19.934379,50.063166],[19.93437,50.063095]]]}},{"type":"Feature","id":"w308852120","properties":{"type":"yes","levels":4.0,"address":"Jagiellońska 5","name":"Cukiernia Jagiellońska","residential":true,"residents_est":4,"h3_10":"8a1e2e6b1c9ffff","h3_11":"8b1e2e6b1c9dfff"},"geometry":{"type":"Polygon","coordinates":[[[19.935018,50.062939],[19.93513,50.062891],[19.935059,50.062823],[19.935167,50.062777],[19.935296,50.062903],[19.935072,50.062992],[19.935018,50.062939]]]}},{"type":"Feature","id":"w308852121","properties":{"type":"yes","residential":false,"residents_est":0,"h3_10":"8a1e2e6b1c87fff","h3_11":"8b1e2e6b1c80fff"},"geometry":{"type":"Polygon","coordinates":[[[19.934451,50.06333],[19.934504,50.063309],[19.934546,50.063351],[19.934517,50.063363],[19.934533,50.063381],[19.93451,50.06339],[19.934451,50.06333]]]}},{"type":"Feature","id":"w311924269","properties":{"type":"retail","levels":1.0,"address":"Szewska 26","residential":false,"residents_est":0,"h3_10":"8a1e2e6b1c97fff","h3_11":"8b1e2e6b1c95fff"},"geometry":{"type":"Polygon","coordinates":[[[19.933345,50.063052],[19.933349,50.063036],[19.933362,50.063024],[19.933378,50.06303],[19.933401,50.063024],[19.933426,50.063029],[19.933442,50.063051],[19.933421,50.063071],[19.933383,50.06307],[19.933366,50.063082],[19.933345,50.063052]]]}},{"type":"Feature","id":"w321020948","properties":{"type":"yes","levels":2.0,"residential":false,"residents_est":0,"h3_10":"8a1e2e6b1ce7fff","h3_11":"8b1e2e6b1ce2fff"},"geometry":{"type":"Polygon","coordinates":[[[19.938737,50.064276],[19.93878,50.064263],[19.938797,50.064268],[19.938809,50.064287],[19.938796,50.064302],[19.93877,50.064307],[19.938756,50.064304],[19.938737,50.064276]]]}},{"type":"Feature","id":"w321020949","properties":{"type":"yes","levels":1.0,"residential":true,"residents_est":0,"h3_10":"8a1e2e6b1c1ffff","h3_11":"8b1e2e6b1c1bfff"},"geometry":{"type":"Polygon","coordinates":[[[19.937275,50.064615],[19.937441,50.064525],[19.937461,50.064528],[19.937499,50.064581],[19.937475,50.064587],[19.937381,50.064639],[19.937409,50.064658],[19.937367,50.064681],[19.937275,50.064615]]]}},{"type":"Feature","id":"w321020950","properties":{"type":"apartments","levels":4.0,"residential":true,"residents_est":45,"h3_10":"8a1e2e6b1ce7fff","h3_11":"8b1e2e6b1ce6fff"},"geometry":{"type":"Polygon","coordinates":[[[19.938117,50.064333],[19.938544,50.064216],[19.938542,50.064212],[19.938658,50.064179],[19.938756,50.064304],[19.93875,50.064306],[19.93877,50.064333],[19.938791,50.064382],[19.938679,50.064414],[19.938617,50.064325],[19.938594,50.064318],[19.938486,50.064348],[19.938525,50.064405],[19.938536,50.064403],[19.938567,50.064449],[19.938513,50.064464],[19.938589,50.064575],[19.938618,50.064568],[19.938674,50.064655],[19.938375,50.064705],[19.938229,50.064484],[19.938117,50.064333]]]}},{"type":"Feature","id":"w321020952","properties":{"type":"yes","levels":5.0,"residential":true,"residents_est":1,"h3_10":"8a1e2e6b1ce7fff","h3_11":"8b1e2e6b1ce0fff"},"geometry":{"type":"Polygon","coordinates":[[[19.938679,50.064414],[19.938787,50.064383],[19.938811,50.064436],[19.938715,50.064463],[19.938679,50.064414]]]}},{"type":"Feature","id":"w321020953","properties":{"type":"yes","levels":2.0,"residential":true,"residents_est":1,"h3_10":"8a1e2e6b1ce7fff","h3_11":"8b1e2e6b1ce4fff"},"geometry":{"type":"Polygon","coordinates":[[[19.938799,50.064799],[19.938826,50.064794],[19.938801,50.064742],[19.938883,50.064722],[19.93891,50.064768],[19.938921,50.064764],[19.938951,50.064804],[19.938812,50.064829],[19.938799,50.064799]]]}},{"type":"Feature","id":"w321027598","properties":{"type":"yes","levels":2.0,"residential":false,"residents_est":0,"h3_10":"8a1e2e6b1cc7fff","h3_11":"8b1e2e6b1cc2fff"},"geometry":{"type":"Polygon","coordinates":[[[19.938887,50.06318],[19.938975,50.063176],[19.938978,50.063203],[19.938903,50.063207],[19.938887,50.06318]]]}},{"type":"Feature","id":"w321126296","properties":{"type":"apartments","levels":2.0,"address":"Pijarska 7","residential":true,"residents_est":2,"h3_10":"8a1e2e6b1c1ffff","h3_11":"8b1e2e6b1c1dfff"},"geometry":{"type":"Polygon","coordinates":[[[19.937838,50.065246],[19.937933,50.065241],[19.937947,50.065306],[19.937966,50.065304],[19.937984,50.065354],[19.937844,50.06537],[19.93785,50.065327],[19.937838,50.065246]]]}},{"type":"Feature","id":"w321126297","properties":{"type":"residential","levels":4.5,"address":"Świętego Marka 10","residential":true,"residents_est":17,"h3_10":"8a1e2e6b1c1ffff","h3_11":"8b1e2e6b1c18fff"},"geometry":{"type":"Polygon","coordinates":[[[19.937123,50.064712],[19.937189,50.064657],[19.937275,50.064615],[19.93758,50.064835],[19.937421,50.064927],[19.937308,50.064847],[19.937328,50.064835],[19.937352,50.064853],[19.937388,50.064832],[19.93738,50.064826],[19.937389,50.06482],[19.937376,50.064811],[19.937345,50.064828],[19.937293,50.064804],[19.93729,50.064793],[19.937319,50.064774],[19.937281,50.064748],[19.937221,50.064784],[19.937123,50.064712]]]}},{"type":"Feature","id":"w321126298","properties":{"type":"yes","levels":1.0,"residential":true,"residents_est":0,"h3_10":"8a1e2e6b1c1ffff","h3_11":"8b1e2e6b1c1dfff"},"geometry":{"type":"Polygon","coordinates":[[[19.93783,50.065163],[19.937895,50.065155],[19.937923,50.065242],[19.937838,50.065246],[19.93783,50.065163]]]}},{"type":"Feature","id":"w321126299","properties":{"type":"yes","levels":3.0,"residential":false,"residents_est":0,"h3_10":"8a1e2e6b1c0ffff","h3_11":"8b1e2e6b1c0afff"},"geometry":{"type":"Polygon","coordinates":[[[19.938034,50.065137],[19.938111,50.065127],[19.938124,50.065158],[19.938047,50.065168],[19.938034,50.065137]]]}},{"type":"Feature","id":"w321126302","properties":{"type":"retail","levels":1.0,"residential":false,"residents_est":0,"h3_10":"8a1e2e6b1c0ffff","h3_11":"8b1e2e6b1c0afff"},"geometry":{"type":"Polygon","coordinates":[[[19.937953,50.065357],[19.937984,50.065354],[19.937968,50.065309],[19.93819,50.065276],[19.938225,50.065367],[19.93796,50.065388],[19.937953,50.065357]]]}},{"type":"Feature","id":"w321126303","properties":{"type":"yes","residential":false,"residents_est":0,"h3_10":"8a1e2e6b1c1ffff","h3_11":"8b1e2e6b1c18fff"},"geometry":{"type":"Polygon","coordinates":[[[19.937221,50.064784],[19.937281,50.064748],[19.937319,50.064774],[19.93729,50.064793],[19.937293,50.064804],[19.937305,50.064811],[19.937279,50.064826],[19.937221,50.064784]]]}},{"type":"Feature","id":"w321126304","properties":{"type":"yes","levels":4.0,"residential":true,"residents_est":1,"h3_10":"8a1e2e6b1c1ffff","h3_11":"8b1e2e6b1c18fff"},"geometry":{"type":"Polygon","coordinates":[[[19.937209,50.065107],[19.937216,50.065013],[19.937257,50.06498],[19.937318,50.065011],[19.937306,50.065113],[19.937209,50.065107]]]}},{"type":"Feature","id":"w321168362","properties":{"type":"yes","levels":2.0,"residential":false,"residents_est":0,"h3_10":"8a1e2e6b1ceffff","h3_11":"8b1e2e6b1ceefff"},"geometry":{"type":"Polygon","coordinates":[[[19.940188,50.064007],[19.940239,50.063988],[19.940277,50.064034],[19.940223,50.06405],[19.940188,50.064007]]]}},{"type":"Feature","id":"w321168363","properties":{"type":"yes","levels":1.0,"residential":false,"residents_est":0,"h3_10":"8a1e2e6b1ceffff","h3_11":"8b1e2e6b1cecfff"},"geometry":{"type":"Polygon","coordinates":[[[19.940514,50.064315],[19.940599,50.06429],[19.94062,50.064319],[19.940536,50.064344],[19.940514,50.064315]]]}},{"type":"Feature","id":"w321168364","properties":{"type":"restaurant","levels":1.0,"residential":false,"residents_est":0,"h3_10":"8a1e2e6b1ceffff","h3_11":"8b1e2e6b1ceafff"},"geometry":{"type":"Polygon","coordinates":[[[19.94024,50.063724],[19.940381,50.063683],[19.940445,50.063764],[19.9403,50.063811],[19.94024,50.063724]]]}},{"type":"Feature","id":"w321168366","properties":{"type":"yes","levels":1.0,"residential":false,"residents_est":0,"h3_10":"8a1e2e6b1ceffff","h3_11":"8b1e2e6b1cecfff"},"geometry":{"type":"Polygon","coordinates":[[[19.940329,50.064362],[19.940386,50.064344],[19.940411,50.06438],[19.940359,50.064397],[19.940329,50.064362]]]}},{"type":"Feature","id":"w321168370","properties":{"type":"yes","residential":false,"residents_est":0,"h3_10":"8a1e2e6b1ce7fff","h3_11":"8b1e2e6b1ce5fff"},"geometry":{"type":"Polygon","coordinates":[[[19.939338,50.064756],[19.939353,50.064729],[19.939416,50.064715],[19.939458,50.064742],[19.939387,50.064788],[19.939338,50.064756]]]}},{"type":"Feature","id":"w321168372","properties":{"type":"yes","levels":1.0,"residential":true,"residents_est":1,"h3_10":"8a1e2e6b1ceffff","h3_11":"8b1e2e6b1ceefff"},"geometry":{"type":"Polygon","coordinates":[[[19.940205,50.064156],[19.940432,50.064085],[19.940485,50.064157],[19.940256,50.064226],[19.940205,50.064156]]]}},{"type":"Feature","id":"w321168377","properties":{"type":"yes","levels":2.5,"residential":true,"residents_est":1,"h3_10":"8a1e2e6b1ceffff","h3_11":"8b1e2e6b1cecfff"},"geometry":{"type":"Polygon","coordinates":[[[19.940325,50.064591],[19.940419,50.06457],[19.940451,50.064636],[19.940344,50.064647],[19.940325,50.064591]]]}},{"type":"Feature","id":"w321168381","properties":{"type":"yes","levels":2.0,"residential":true,"residents_est":3,"h3_10":"8a1e2e6b1ceffff","h3_11":"8b1e2e6b1ceefff"},"geometry":{"type":"Polygon","coordinates":[[[19.939765,50.06415],[19.939997,50.064084],[19.940031,50.064115],[19.940092,50.064188],[19.940102,50.064186],[19.940131,50.064222],[19.940161,50.064263],[19.940146,50.064267],[19.940226,50.064379],[19.939988,50.064454],[19.939961,50.064415],[19.940134,50.06436],[19.940136,50.064355],[19.940102,50.06432],[19.940107,50.064318],[19.940097,50.064304],[19.940092,50.064306],[19.940088,50.064299],[19.940092,50.064298],[19.940069,50.064275],[19.940073,50.064274],[19.940058,50.064254],[19.940054,50.064256],[19.94004,50.064231],[19.940031,50.064227],[19.940035,50.064225],[19.940017,50.064202],[19.940012,50.064204],[19.940007,50.064197],[19.940011,50.064195],[19.939997,50.064183],[19.940001,50.064182],[19.939984,50.064165],[19.939988,50.064164],[19.939979,50.064151],[19.939969,50.064146],[19.939974,50.064145],[19.939966,50.064134],[19.939852,50.064167],[19.939839,50.06417],[19.939835,50.064165],[19.939785,50.064179],[19.939765,50.06415]]]}},{"type":"Feature","id":"w321168389","properties":{"type":"yes","levels":1.0,"residential":true,"residents_est":0,"h3_10":"8a1e2e6b1ceffff","h3_11":"8b1e2e6b1cecfff"},"geometry":{"type":"Polygon","coordinates":[[[19.940299,50.064328],[19.940567,50.064245],[19.940599,50.06429],[19.940486,50.064324],[19.94048,50.064315],[19.940329,50.064362],[19.940299,50.064328]]]}},{"type":"Feature","id":"w321183134","properties":{"type":"yes","levels":4.0,"residential":true,"residents_est":2,"h3_10":"8a1e2e6b1ceffff","h3_11":"8b1e2e6b1ce9fff"},"geometry":{"type":"Polygon","coordinates":[[[19.941392,50.064079],[19.941519,50.064025],[19.941596,50.064105],[19.941475,50.064157],[19.941456,50.064125],[19.941392,50.064079]]]}},{"type":"Feature","id":"w321183135","properties":{"type":"yes","levels":2.0,"residential":true,"residents_est":1,"h3_10":"8a1e2e6b1ceffff","h3_11":"8b1e2e6b1ce9fff"},"geometry":{"type":"Polygon","coordinates":[[[19.941307,50.064228],[19.941475,50.064157],[19.941518,50.064199],[19.941353,50.064272],[19.941307,50.064228]]]}},{"type":"Feature","id":"w321183136","properties":{"type":"yes","residential":true,"residents_est":2,"h3_10":"8a1e2e6b1ceffff","h3_11":"8b1e2e6b1cebfff"},"geometry":{"type":"Polygon","coordinates":[[[19.941108,50.063963],[19.941159,50.063947],[19.941163,50.063953],[19.941371,50.06388],[19.941436,50.063963],[19.94118,50.064055],[19.941108,50.063963]]]}},{"type":"Feature","id":"w321183137","properties":{"type":"yes","levels":3.0,"residential":true,"residents_est":2,"h3_10":"8a1e2e6b1c5ffff","h3_11":"8b1e2e6b1c5afff"},"geometry":{"type":"Polygon","coordinates":[[[19.941583,50.064558],[19.941741,50.064502],[19.941748,50.064516],[19.941809,50.064493],[19.941848,50.064549],[19.941644,50.064615],[19.941583,50.064558]]]}},{"type":"Feature","id":"w321183138","properties":{"type":"yes","levels":5.0,"residential":true,"residents_est":3,"h3_10":"8a1e2e6b1c5ffff","h3_11":"8b1e2e6b1c5afff"},"geometry":{"type":"Polygon","coordinates":[[[19.941716,50.064349],[19.941771,50.064323],[19.941888,50.064442],[19.941919,50.064432],[19.94199,50.064523],[19.941891,50.064555],[19.94185,50.064492],[19.941716,50.064349]]]}},{"type":"Feature","id":"w321183139","properties":{"type":"yes","residential":true,"residents_est":1,"h3_10":"8a1e2e6b1ceffff","h3_11":"8b1e2e6b1cebfff"},"geometry":{"type":"Polygon","coordinates":[[[19.941112,50.063649],[19.941186,50.063622],[19.941184,50.063627],[19.941251,50.063707],[19.941263,50.06371],[19.941185,50.063736],[19.941112,50.063649]]]}},{"type":"Feature","id":"w321183140","properties":{"type":"yes","levels":5.0,"address":"Pijarska 21","residential":true,"residents_est":4,"h3_10":"8a1e2e6b1c5ffff","h3_11":"8b1e2e6b1c5afff"},"geometry":{"type":"Polygon","coordinates":[[[19.941653,50.064671],[19.941815,50.064617],[19.941806,50.064602],[19.941766,50.064616],[19.941743,50.064583],[19.94188,50.064538],[19.941947,50.064644],[19.941688,50.064735],[19.941653,50.064671]]]}},{"type":"Feature","id":"w321183141","properties":{"type":"yes","levels":2.0,"residential":true,"residents_est":1,"h3_10":"8a1e2e6b1c5ffff","h3_11":"8b1e2e6b1c5afff"},"geometry":{"type":"Polygon","coordinates":[[[19.941705,50.064413],[19.941754,50.064388],[19.94185,50.064492],[19.94188,50.064538],[19.941848,50.064549],[19.941809,50.064493],[19.941789,50.064501],[19.94178,50.064491],[19.94177,50.064494],[19.941778,50.064489],[19.941705,50.064413]]]}},{"type":"Feature","id":"w321183142","properties":{"type":"yes","residential":false,"residents_est":0,"h3_10":"8a1e2e6b1c5ffff","h3_11":"8b1e2e6b1c5afff"},"geometry":{"type":"Polygon","coordinates":[[[19.941674,50.064369],[19.941716,50.064349],[19.941754,50.064388],[19.941716,50.064409],[19.941674,50.064369]]]}},{"type":"Feature","id":"w321183143","properties":{"type":"yes","residential":false,"residents_est":0,"h3_10":"8a1e2e6b1ceffff","h3_11":"8b1e2e6b1cebfff"},"geometry":{"type":"Polygon","coordinates":[[[19.941407,50.063925],[19.941478,50.063902],[19.941505,50.063935],[19.941436,50.063963],[19.941407,50.063925]]]}},{"type":"Feature","id":"w321183144","properties":{"type":"apartments","residential":false,"residents_est":0,"h3_10":"8a1e2e6b1ceffff","h3_11":"8b1e2e6b1cebfff"},"geometry":{"type":"Polygon","coordinates":[[[19.941356,50.063748],[19.941419,50.063728],[19.941453,50.063772],[19.941391,50.063793],[19.941356,50.063748]]]}},{"type":"Feature","id":"w321183145","properties":{"type":"yes","residential":true,"residents_est":2,"h3_10":"8a1e2e6b1ceffff","h3_11":"8b1e2e6b1ce9fff"},"geometry":{"type":"Polygon","coordinates":[[[19.941197,50.064049],[19.941455,50.063955],[19.941519,50.064025],[19.941276,50.064127],[19.941197,50.064049]]]}},{"type":"Feature","id":"w321183146","properties":{"type":"yes","residential":true,"residents_est":0,"h3_10":"8a1e2e6b1ccffff","h3_11":"8b1e2e6b1cccfff"},"geometry":{"type":"Polygon","coordinates":[[[19.940827,50.063623],[19.941002,50.063563],[19.941022,50.06356],[19.941042,50.063583],[19.940845,50.063646],[19.940827,50.063623]]]}},{"type":"Feature","id":"w321183147","properties":{"type":"yes","levels":3.0,"residential":true,"residents_est":1,"h3_10":"8a1e2e6b1ceffff","h3_11":"8b1e2e6b1ce9fff"},"geometry":{"type":"Polygon","coordinates":[[[19.941364,50.064348],[19.941564,50.064226],[19.941627,50.064272],[19.941554,50.064314],[19.941497,50.064273],[19.941486,50.06428],[19.941531,50.064313],[19.941411,50.064381],[19.941364,50.064348]]]}},{"type":"Feature","id":"w321183148","properties":{"type":"yes","levels":2.0,"residential":false,"residents_est":0,"h3_10":"8a1e2e6b1ceffff","h3_11":"8b1e2e6b1ce9fff"},"geometry":{"type":"Polygon","coordinates":[[[19.941564,50.064226],[19.941622,50.064189],[19.941674,50.064231],[19.941643,50.064238],[19.94162,50.064265],[19.941564,50.064226]]]}},{"type":"Feature","id":"w325406324","properties":{"type":"yes","levels":4.0,"residential":true,"residents_est":1,"h3_10":"8a1e2e6b1cc7fff","h3_11":"8b1e2e6b1cc5fff"},"geometry":{"type":"Polygon","coordinates":[[[19.939651,50.063569],[19.939737,50.063544],[19.939798,50.063635],[19.939833,50.063626],[19.939838,50.063633],[19.939712,50.063662],[19.939651,50.063569]]]}},{"type":"Feature","id":"w325406331","properties":{"type":"yes","levels":3.0,"residential":true,"residents_est":1,"h3_10":"8a1e2e6b1cc7fff","h3_11":"8b1e2e6b1cc0fff"},"geometry":{"type":"Polygon","coordinates":[[[19.93953,50.063411],[19.93964,50.063382],[19.93969,50.063439],[19.939682,50.063442],[19.939696,50.063461],[19.93959,50.063492],[19.93953,50.063411]]]}},{"type":"Feature","id":"w325406337","properties":{"type":"yes","levels":3.0,"residential":true,"residents_est":2,"h3_10":"8a1e2e6b1cc7fff","h3_11":"8b1e2e6b1cc0fff"},"geometry":{"type":"Polygon","coordinates":[[[19.939442,50.063288],[19.939525,50.063265],[19.93952,50.063258],[19.939558,50.063248],[19.939581,50.063279],[19.9396,50.063272],[19.939615,50.063291],[19.939592,50.063305],[19.939638,50.063366],[19.939706,50.063336],[19.939732,50.063341],[19.939737,50.063348],[19.939765,50.063344],[19.93953,50.063411],[19.939442,50.063288]]]}},{"type":"Feature","id":"w325406340","properties":{"type":"yes","levels":3.5,"residential":true,"residents_est":1,"h3_10":"8a1e2e6b1cc7fff","h3_11":"8b1e2e6b1cc1fff"},"geometry":{"type":"Polygon","coordinates":[[[19.939737,50.063544],[19.939967,50.063479],[19.93999,50.063515],[19.939761,50.06358],[19.939737,50.063544]]]}},{"type":"Feature","id":"w325406345","properties":{"type":"yes","residential":true,"residents_est":0,"h3_10":"8a1e2e6b1cc7fff","h3_11":"8b1e2e6b1cc5fff"},"geometry":{"type":"Polygon","coordinates":[[[19.939819,50.0636],[19.940005,50.063547],[19.940029,50.063583],[19.939838,50.063633],[19.939819,50.0636]]]}},{"type":"Feature","id":"w380821962","properties":{"type":"kiosk","name":"Happy","residential":false,"residents_est":0,"h3_10":"8a1e2e6b1d77fff","h3_11":"8b1e2e6b1d74fff"},"geometry":{"type":"Polygon","coordinates":[[[19.937627,50.069267],[19.937637,50.069252],[19.937674,50.069246],[19.937697,50.069257],[19.937701,50.069273],[19.937687,50.069289],[19.937658,50.069293],[19.937634,50.069284],[19.937627,50.069267]]]}},{"type":"Feature","id":"w385731935","properties":{"type":"apartments","levels":3.0,"residential":true,"residents_est":12,"h3_10":"8a1e2e6b1ccffff","h3_11":"8b1e2e6b1ccafff"},"geometry":{"type":"Polygon","coordinates":[[[19.940426,50.06273],[19.940973,50.062546],[19.941031,50.062634],[19.940638,50.062764],[19.940648,50.062779],[19.940566,50.062807],[19.940563,50.062802],[19.940484,50.062821],[19.940426,50.06273]]]}},{"type":"Feature","id":"w387287737","properties":{"type":"retail","levels":2.0,"residential":false,"residents_est":0,"h3_10":"8a1e2e6b1c6ffff","h3_11":"8b1e2e6b1c6dfff"},"geometry":{"type":"Polygon","coordinates":[[[19.943667,50.066949],[19.943758,50.066939],[19.943804,50.067113],[19.943713,50.067121],[19.943667,50.066949]]]}},{"type":"Feature","id":"w400637469","properties":{"type":"shed","residential":false,"residents_est":0,"h3_10":"8a1e2e6b1c27fff","h3_11":"8b1e2e6b1c25fff"},"geometry":{"type":"Polygon","coordinates":[[[19.937089,50.067324],[19.93711,50.067248],[19.937136,50.06725],[19.937116,50.067327],[19.937089,50.067324]]]}},{"type":"Feature","id":"w409228759","properties":{"type":"apartments","levels":3.0,"address":"Sławkowska 32","name":"Pałac Badenich","residential":true,"residents_est":13,"h3_10":"8a1e2e6b1c0ffff","h3_11":"8b1e2e6b1c0afff"},"geometry":{"type":"Polygon","coordinates":[[[19.937933,50.065241],[19.93818,50.065212],[19.938487,50.065156],[19.938573,50.065303],[19.938225,50.065371],[19.938185,50.065263],[19.938153,50.065258],[19.938155,50.065264],[19.937967,50.065289],[19.937965,50.065282],[19.937944,50.065292],[19.937933,50.065241]]]}},{"type":"Feature","id":"w440239353","properties":{"type":"school","levels":2.0,"residential":false,"residents_est":0,"h3_10":"8a1e2e6b1c2ffff","h3_11":"8b1e2e6b1c2efff"},"geometry":{"type":"Polygon","coordinates":[[[19.937344,50.066736],[19.93735,50.066661],[19.937494,50.066666],[19.937487,50.066741],[19.937344,50.066736]]]}},{"type":"Feature","id":"w504134450","properties":{"type":"apartments","levels":3.0,"address":"Łobzowska 22","residential":true,"residents_est":10,"h3_10":"8a1e2e6b1d17fff","h3_11":"8b1e2e6b1d15fff"},"geometry":{"type":"Polygon","coordinates":[[[19.933155,50.068149],[19.933262,50.067962],[19.933508,50.067997],[19.933397,50.068185],[19.933155,50.068149]]]}},{"type":"Feature","id":"w533162253","properties":{"type":"toilets","residential":false,"residents_est":0,"h3_10":"8a1e2e6b1ca7fff","h3_11":"8b1e2e6b1ca1fff"},"geometry":{"type":"Polygon","coordinates":[[[19.935093,50.064469],[19.935094,50.064441],[19.935116,50.064425],[19.935116,50.064414],[19.935219,50.064414],[19.935222,50.064491],[19.935118,50.064492],[19.935118,50.064483],[19.935093,50.064469]]]}},{"type":"Feature","id":"w602954259","properties":{"type":"house","levels":4.0,"address":"Świętego Filipa 4","residential":true,"residents_est":7,"h3_10":"8a1e2e6b1d47fff","h3_11":"8b1e2e6b1d46fff"},"geometry":{"type":"Polygon","coordinates":[[[19.938796,50.068595],[19.938879,50.06857],[19.938871,50.068552],[19.93902,50.068527],[19.939079,50.068617],[19.938858,50.068682],[19.938796,50.068595]]]}},{"type":"Feature","id":"w606796331","properties":{"type":"yes","residential":false,"residents_est":0,"h3_10":"8a1e2e6b1d5ffff","h3_11":"8b1e2e6b1d5cfff"},"geometry":{"type":"Polygon","coordinates":[[[19.939092,50.0679],[19.939098,50.067852],[19.939162,50.067855],[19.939154,50.067905],[19.939092,50.0679]]]}},{"type":"Feature","id":"w627611061","properties":{"type":"university","levels":1.0,"address":"Stefana Batorego 12","name":"Sala Witrażowa","residential":false,"residents_est":0,"h3_10":"8a1e2e6b1da7fff","h3_11":"8b1e2e6b1da3fff"},"geometry":{"type":"Polygon","coordinates":[[[19.932177,50.066724],[19.932209,50.066716],[19.932241,50.066657],[19.932465,50.066706],[19.932379,50.066807],[19.932192,50.066764],[19.932203,50.066738],[19.932182,50.066736],[19.932177,50.066724]]]}},{"type":"Feature","id":"w627611063","properties":{"type":"roof","residential":false,"residents_est":0,"h3_10":"8a1e2e6b1da7fff","h3_11":"8b1e2e6b1da1fff"},"geometry":{"type":"Polygon","coordinates":[[[19.93215,50.067039],[19.932338,50.066797],[19.932379,50.066807],[19.932186,50.067044],[19.93215,50.067039]]]}},{"type":"Feature","id":"w686360184","properties":{"type":"yes","residential":true,"residents_est":1,"h3_10":"8a1e2e6b1c8ffff","h3_11":"8b1e2e6b1c8dfff"},"geometry":{"type":"Polygon","coordinates":[[[19.936742,50.06327],[19.936827,50.06324],[19.936805,50.063211],[19.936834,50.063201],[19.936904,50.063289],[19.936795,50.063323],[19.936742,50.06327]]]}},{"type":"Feature","id":"w686494459","properties":{"type":"apartments","levels":3.0,"address":"Świętego Marka 9","residential":true,"residents_est":8,"h3_10":"8a1e2e6b1c1ffff","h3_11":"8b1e2e6b1c1afff"},"geometry":{"type":"Polygon","coordinates":[[[19.936964,50.064325],[19.93703,50.0643],[19.937105,50.064387],[19.93708,50.064396],[19.937096,50.064415],[19.937177,50.064387],[19.93717,50.064372],[19.937213,50.064356],[19.937228,50.064368],[19.937265,50.064355],[19.937363,50.064465],[19.937155,50.064538],[19.936964,50.064325]]]}},{"type":"Feature","id":"w686494460","properties":{"type":"apartments","levels":3.0,"residential":true,"residents_est":7,"h3_10":"8a1e2e6b1c1ffff","h3_11":"8b1e2e6b1c1bfff"},"geometry":{"type":"Polygon","coordinates":[[[19.93753,50.064306],[19.937848,50.064201],[19.937915,50.064296],[19.937619,50.064385],[19.937626,50.064394],[19.937604,50.064401],[19.93753,50.064306]]]}},{"type":"Feature","id":"w690960224","properties":{"type":"yes","residential":true,"residents_est":0,"h3_10":"8a1e2e6b1d97fff","h3_11":"8b1e2e6b1d95fff"},"geometry":{"type":"Polygon","coordinates":[[[19.93074,50.06577],[19.930808,50.065715],[19.930868,50.065745],[19.930799,50.065801],[19.93074,50.06577]]]}},{"type":"Feature","id":"w692077182","properties":{"type":"yes","levels":1.0,"residential":true,"residents_est":0,"h3_10":"8a1e2e6b1c6ffff","h3_11":"8b1e2e6b1c69fff"},"geometry":{"type":"Polygon","coordinates":[[[19.943902,50.066837],[19.943999,50.066831],[19.944028,50.066996],[19.943939,50.067004],[19.943902,50.066837]]]}},{"type":"Feature","id":"r222405","properties":{"type":"convent","address":"Krowoderska 16","name":"Klasztor Sióstr Wizytek","residential":false,"residents_est":0,"h3_10":"8a1e2e6b1d0ffff","h3_11":"8b1e2e6b1d0dfff"},"geometry":{"type":"Polygon","coordinates":[[[19.93597,50.06887],[19.935999,50.068723],[19.936067,50.068734],[19.93609,50.06867],[19.936028,50.068657],[19.936262,50.068051],[19.936914,50.068151],[19.9368,50.068419],[19.936996,50.068449],[19.936983,50.068501],[19.936906,50.068491],[19.936702,50.068904],[19.93605,50.068815],[19.936035,50.068878],[19.93597,50.06887]],[[19.936104,50.06863],[19.93617,50.06864],[19.936131,50.068742],[19.936291,50.068767],[19.936382,50.068535],[19.936156,50.068499],[19.936104,50.06863]],[[19.936338,50.068398],[19.936575,50.068437],[19.936656,50.068237],[19.936419,50.068197],[19.936338,50.068398]],[[19.936393,50.068767],[19.936549,50.068791],[19.936631,50.06858],[19.936474,50.068555],[19.936393,50.068767]],[[19.93665,50.068444],[19.936757,50.068461],[19.936775,50.068411],[19.936671,50.068394],[19.93665,50.068444]],[[19.936738,50.068301],[19.936813,50.068312],[19.936843,50.068232],[19.936768,50.068221],[19.936738,50.068301]]]}},{"type":"Feature","id":"w692393585","properties":{"type":"service","residential":false,"residents_est":0,"h3_10":"8a1e2e6b1cb7fff","h3_11":"8b1e2e6b1cb6fff"},"geometry":{"type":"Polygon","coordinates":[[[19.931594,50.06383],[19.931624,50.063787],[19.931667,50.063799],[19.931636,50.063843],[19.931594,50.06383]]]}},{"type":"Feature","id":"w692393586","properties":{"type":"yes","residential":false,"residents_est":0,"h3_10":"8a1e2e6b1cb7fff","h3_11":"8b1e2e6b1cb6fff"},"geometry":{"type":"Polygon","coordinates":[[[19.931895,50.06397],[19.931911,50.063937],[19.932018,50.063965],[19.931996,50.06399],[19.931895,50.06397]]]}},{"type":"Feature","id":"w692393588","properties":{"type":"yes","residential":false,"residents_est":0,"h3_10":"8a1e2e6b1cb7fff","h3_11":"8b1e2e6b1cb6fff"},"geometry":{"type":"Polygon","coordinates":[[[19.931752,50.063902],[19.931772,50.063868],[19.931794,50.06386],[19.931872,50.063877],[19.931848,50.063923],[19.931752,50.063902]]]}},{"type":"Feature","id":"w692393599","properties":{"type":"yes","residential":true,"residents_est":1,"h3_10":"8a1e2e6b1d97fff","h3_11":"8b1e2e6b1d93fff"},"geometry":{"type":"Polygon","coordinates":[[[19.930851,50.06467],[19.930857,50.064655],[19.931062,50.064699],[19.931041,50.064741],[19.930878,50.064716],[19.930892,50.064678],[19.930851,50.06467]]]}},{"type":"Feature","id":"w692394484","properties":{"type":"yes","levels":1.0,"residential":false,"residents_est":0,"h3_10":"8a1e2e6b1d97fff","h3_11":"8b1e2e6b1d91fff"},"geometry":{"type":"Polygon","coordinates":[[[19.931004,50.065108],[19.931048,50.065062],[19.931106,50.065085],[19.931062,50.065131],[19.931004,50.065108]]]}},{"type":"Feature","id":"r9624119","properties":{"type":"apartments","levels":1.0,"residential":true,"residents_est":5,"h3_10":"8a1e2e6b1d9ffff","h3_11":"8b1e2e6b1d98fff"},"geometry":{"type":"Polygon","coordinates":[[[19.931851,50.064746],[19.932008,50.064579],[19.932204,50.064654],[19.932389,50.064764],[19.932247,50.064906],[19.931851,50.064746]],[[19.932052,50.064695],[19.932268,50.064787],[19.932313,50.064747],[19.932284,50.064736],[19.932278,50.06474],[19.932084,50.064663],[19.932052,50.064695]]]}},{"type":"Feature","id":"w692400988","properties":{"type":"yes","residential":true,"residents_est":1,"h3_10":"8a1e2e6b1d9ffff","h3_11":"8b1e2e6b1d9bfff"},"geometry":{"type":"Polygon","coordinates":[[[19.932756,50.064337],[19.932793,50.064298],[19.932949,50.064364],[19.932889,50.064418],[19.932818,50.064392],[19.932835,50.064371],[19.932756,50.064337]]]}},{"type":"Feature","id":"w692400989","properties":{"type":"yes","residential":true,"residents_est":1,"h3_10":"8a1e2e6b1ca7fff","h3_11":"8b1e2e6b1ca4fff"},"geometry":{"type":"Polygon","coordinates":[[[19.933553,50.064882],[19.933599,50.064829],[19.933761,50.064888],[19.933699,50.064935],[19.933553,50.064882]]]}},{"type":"Feature","id":"r9624120","properties":{"type":"yes","address":"Juliana Dunajewskiego 5","residential":true,"residents_est":14,"h3_10":"8a1e2e6b1ca7fff","h3_11":"8b1e2e6b1ca4fff"},"geometry":{"type":"Polygon","coordinates":[[[19.933654,50.064981],[19.933699,50.064935],[19.9341,50.064625],[19.934323,50.064828],[19.934076,50.064945],[19.933917,50.065063],[19.933751,50.064971],[19.933711,50.065001],[19.933654,50.064981]],[[19.933857,50.064915],[19.933915,50.06495],[19.934053,50.064842],[19.934079,50.064856],[19.934116,50.064836],[19.934019,50.064746],[19.933957,50.064777],[19.933986,50.064809],[19.933857,50.064915]]]}},{"type":"Feature","id":"w692400991","properties":{"type":"yes","residential":true,"residents_est":1,"h3_10":"8a1e2e6b1d9ffff","h3_11":"8b1e2e6b1d99fff"},"geometry":{"type":"Polygon","coordinates":[[[19.932973,50.064716],[19.933004,50.064683],[19.93305,50.064698],[19.933084,50.064666],[19.933163,50.064694],[19.933098,50.064766],[19.932973,50.064716]]]}},{"type":"Feature","id":"w692400992","properties":{"type":"yes","residential":true,"residents_est":1,"h3_10":"8a1e2e6b1ca7fff","h3_11":"8b1e2e6b1ca6fff"},"geometry":{"type":"Polygon","coordinates":[[[19.933084,50.064666],[19.933251,50.064482],[19.933325,50.064511],[19.933163,50.064694],[19.933084,50.064666]]]}},{"type":"Feature","id":"w692400993","properties":{"type":"yes","residential":true,"residents_est":1,"h3_10":"8a1e2e6b1ca7fff","h3_11":"8b1e2e6b1ca4fff"},"geometry":{"type":"Polygon","coordinates":[[[19.933631,50.065008],[19.933654,50.064981],[19.933711,50.065001],[19.933732,50.064985],[19.933765,50.065003],[19.933741,50.065024],[19.933825,50.065058],[19.933899,50.065053],[19.933917,50.065063],[19.933873,50.065094],[19.933631,50.065008]]]}},{"type":"Feature","id":"w692400995","properties":{"type":"yes","residential":true,"residents_est":0,"h3_10":"8a1e2e6b1c17fff","h3_11":"8b1e2e6b1c16fff"},"geometry":{"type":"Polygon","coordinates":[[[19.934483,50.065137],[19.934604,50.065083],[19.934633,50.065114],[19.93452,50.065169],[19.934483,50.065137]]]}},{"type":"Feature","id":"w692400996","properties":{"type":"service","residential":false,"residents_est":0,"h3_10":"8a1e2e6b1d8ffff","h3_11":"8b1e2e6b1d89fff"},"geometry":{"type":"Polygon","coordinates":[[[19.934361,50.065491],[19.934404,50.065451],[19.934444,50.065469],[19.934401,50.065509],[19.934361,50.065491]]]}},{"type":"Feature","id":"w692400997","properties":{"type":"service","residential":false,"residents_est":0,"h3_10":"8a1e2e6b1c17fff","h3_11":"8b1e2e6b1c16fff"},"geometry":{"type":"Polygon","coordinates":[[[19.934664,50.065332],[19.934723,50.065307],[19.93476,50.065343],[19.934702,50.065368],[19.934664,50.065332]]]}},{"type":"Feature","id":"w692400999","properties":{"type":"yes","residential":true,"residents_est":1,"h3_10":"8a1e2e6b1d9ffff","h3_11":"8b1e2e6b1d99fff"},"geometry":{"type":"Polygon","coordinates":[[[19.932735,50.064981],[19.932783,50.064932],[19.932901,50.064977],[19.93287,50.065012],[19.932848,50.065002],[19.932834,50.06502],[19.932735,50.064981]]]}},{"type":"Feature","id":"w692401000","properties":{"type":"yes","residential":true,"residents_est":1,"h3_10":"8a1e2e6b1d9ffff","h3_11":"8b1e2e6b1d99fff"},"geometry":{"type":"Polygon","coordinates":[[[19.932834,50.06502],[19.932848,50.065002],[19.93287,50.065012],[19.932901,50.064977],[19.933056,50.06504],[19.933032,50.065065],[19.933009,50.065056],[19.933002,50.065063],[19.932976,50.065052],[19.932968,50.065057],[19.932934,50.065042],[19.932923,50.065055],[19.932834,50.06502]]]}},{"type":"Feature","id":"w692401003","properties":{"type":"yes","residential":true,"residents_est":1,"h3_10":"8a1e2e6b1d8ffff","h3_11":"8b1e2e6b1d8afff"},"geometry":{"type":"Polygon","coordinates":[[[19.93323,50.065108],[19.933332,50.065004],[19.933417,50.065038],[19.933314,50.065142],[19.93323,50.065108]]]}},{"type":"Feature","id":"w692401004","properties":{"type":"yes","residential":false,"residents_est":0,"h3_10":"8a1e2e6b1d8ffff","h3_11":"8b1e2e6b1d8afff"},"geometry":{"type":"Polygon","coordinates":[[[19.933591,50.065264],[19.933615,50.065236],[19.933713,50.065264],[19.933705,50.065278],[19.933686,50.065273],[19.933679,50.065284],[19.933591,50.065264]]]}},{"type":"Feature","id":"w692401005","properties":{"type":"yes","residential":false,"residents_est":0,"h3_10":"8a1e2e6b1d8ffff","h3_11":"8b1e2e6b1d8afff"},"geometry":{"type":"Polygon","coordinates":[[[19.933705,50.065278],[19.933726,50.065238],[19.933776,50.065253],[19.933748,50.065293],[19.933705,50.065278]]]}},{"type":"Feature","id":"w692401006","properties":{"type":"yes","residential":true,"residents_est":0,"h3_10":"8a1e2e6b1d8ffff","h3_11":"8b1e2e6b1d8afff"},"geometry":{"type":"Polygon","coordinates":[[[19.933624,50.065238],[19.933656,50.065188],[19.933675,50.065192],[19.933685,50.065183],[19.933749,50.065207],[19.933713,50.065264],[19.933624,50.065238]]]}},{"type":"Feature","id":"w692401008","properties":{"type":"yes","residential":true,"residents_est":1,"h3_10":"8a1e2e6b1d9ffff","h3_11":"8b1e2e6b1d99fff"},"geometry":{"type":"Polygon","coordinates":[[[19.932607,50.064842],[19.932724,50.064755],[19.93279,50.064795],[19.93269,50.06489],[19.932607,50.064842]]]}},{"type":"Feature","id":"w692401009","properties":{"type":"yes","residential":true,"residents_est":2,"h3_10":"8a1e2e6b1d9ffff","h3_11":"8b1e2e6b1d9bfff"},"geometry":{"type":"Polygon","coordinates":[[[19.932479,50.06454],[19.932528,50.064493],[19.932671,50.064564],[19.932623,50.064612],[19.932827,50.064761],[19.93279,50.064795],[19.932724,50.064755],[19.932595,50.064643],[19.932559,50.064624],[19.932583,50.064592],[19.932479,50.06454]]]}},{"type":"Feature","id":"w692401010","properties":{"type":"yes","residential":true,"residents_est":0,"h3_10":"8a1e2e6b1d9ffff","h3_11":"8b1e2e6b1d98fff"},"geometry":{"type":"Polygon","coordinates":[[[19.932537,50.064827],[19.932682,50.064719],[19.932724,50.064755],[19.932671,50.064794],[19.932651,50.06478],[19.932575,50.064843],[19.932537,50.064827]]]}},{"type":"Feature","id":"w692401011","properties":{"type":"yes","residential":true,"residents_est":1,"h3_10":"8a1e2e6b1d9ffff","h3_11":"8b1e2e6b1d9bfff"},"geometry":{"type":"Polygon","coordinates":[[[19.932537,50.064702],[19.932595,50.064643],[19.932682,50.064719],[19.932622,50.06476],[19.932537,50.064702]]]}},{"type":"Feature","id":"w692401012","properties":{"type":"yes","residential":false,"residents_est":0,"h3_10":"8a1e2e6b1d8ffff","h3_11":"8b1e2e6b1d8efff"},"geometry":{"type":"Polygon","coordinates":[[[19.932702,50.065632],[19.93273,50.065592],[19.932745,50.065596],[19.932756,50.06558],[19.932804,50.065593],[19.932764,50.06565],[19.932702,50.065632]]]}},{"type":"Feature","id":"w692401013","properties":{"type":"yes","residential":false,"residents_est":0,"h3_10":"8a1e2e6b1d8ffff","h3_11":"8b1e2e6b1d8cfff"},"geometry":{"type":"Polygon","coordinates":[[[19.933395,50.065769],[19.933426,50.065732],[19.933492,50.06576],[19.933461,50.065792],[19.933395,50.065769]]]}},{"type":"Feature","id":"w692401014","properties":{"type":"yes","residential":true,"residents_est":0,"h3_10":"8a1e2e6b1d8ffff","h3_11":"8b1e2e6b1d8dfff"},"geometry":{"type":"Polygon","coordinates":[[[19.933674,50.065836],[19.933697,50.065812],[19.933875,50.065883],[19.933851,50.065907],[19.933674,50.065836]]]}},{"type":"Feature","id":"w692401015","properties":{"type":"yes","residential":false,"residents_est":0,"h3_10":"8a1e2e6b1d8ffff","h3_11":"8b1e2e6b1d8dfff"},"geometry":{"type":"Polygon","coordinates":[[[19.933736,50.065903],[19.933765,50.065872],[19.933845,50.065905],[19.933811,50.065936],[19.933736,50.065903]]]}},{"type":"Feature","id":"r9624121","properties":{"type":"apartments","levels":4.0,"residential":true,"residents_est":8,"h3_10":"8a1e2e6b1d8ffff","h3_11":"8b1e2e6b1d8dfff"},"geometry":{"type":"Polygon","coordinates":[[[19.934099,50.06592],[19.934242,50.065766],[19.934387,50.065817],[19.934393,50.065934],[19.934255,50.065934],[19.934099,50.06592]],[[19.934197,50.065895],[19.93425,50.065911],[19.934267,50.065873],[19.934244,50.065865],[19.93424,50.065872],[19.934219,50.065868],[19.934197,50.065895]]]}},{"type":"Feature","id":"w692405071","properties":{"type":"yes","residential":true,"residents_est":0,"h3_10":"8a1e2e6b1c37fff","h3_11":"8b1e2e6b1c34fff"},"geometry":{"type":"Polygon","coordinates":[[[19.934549,50.066581],[19.934631,50.066575],[19.934645,50.066644],[19.934558,50.066652],[19.934549,50.066581]]]}},{"type":"Feature","id":"w692405073","properties":{"type":"yes","residential":false,"residents_est":0,"h3_10":"8a1e2e6b1c37fff","h3_11":"8b1e2e6b1c36fff"},"geometry":{"type":"Polygon","coordinates":[[[19.934675,50.066216],[19.93468,50.066191],[19.934731,50.066199],[19.934733,50.066211],[19.934739,50.066211],[19.934743,50.066286],[19.934692,50.066285],[19.934695,50.066218],[19.934675,50.066216]]]}},{"type":"Feature","id":"w692405077","properties":{"type":"yes","residential":false,"residents_est":0,"h3_10":"8a1e2e6b1d1ffff","h3_11":"8b1e2e6b1d1dfff"},"geometry":{"type":"Polygon","coordinates":[[[19.934868,50.067829],[19.934885,50.067779],[19.934941,50.067785],[19.934918,50.067836],[19.934868,50.067829]]]}},{"type":"Feature","id":"w692405079","properties":{"type":"yes","residential":true,"residents_est":1,"h3_10":"8a1e2e6b1d1ffff","h3_11":"8b1e2e6b1d1dfff"},"geometry":{"type":"Polygon","coordinates":[[[19.934918,50.067836],[19.93496,50.067722],[19.935023,50.067731],[19.934992,50.067845],[19.934918,50.067836]]]}},{"type":"Feature","id":"w692405082","properties":{"type":"yes","residential":true,"residents_est":1,"h3_10":"8a1e2e6b1d1ffff","h3_11":"8b1e2e6b1d1dfff"},"geometry":{"type":"Polygon","coordinates":[[[19.935065,50.067858],[19.935097,50.067752],[19.935108,50.067753],[19.935118,50.067733],[19.935188,50.067741],[19.935153,50.067871],[19.935065,50.067858]]]}},{"type":"Feature","id":"w692405084","properties":{"type":"yes","residential":true,"residents_est":1,"h3_10":"8a1e2e6b1d1ffff","h3_11":"8b1e2e6b1d1dfff"},"geometry":{"type":"Polygon","coordinates":[[[19.935252,50.067886],[19.935282,50.067802],[19.935355,50.067813],[19.935344,50.067849],[19.935446,50.067863],[19.935434,50.067912],[19.935252,50.067886]]]}},{"type":"Feature","id":"w692405086","properties":{"type":"yes","residential":false,"residents_est":0,"h3_10":"8a1e2e6b1d0ffff","h3_11":"8b1e2e6b1d08fff"},"geometry":{"type":"Polygon","coordinates":[[[19.93619,50.068078],[19.936203,50.068041],[19.936262,50.068051],[19.93625,50.068091],[19.93619,50.068078]]]}},{"type":"Feature","id":"w692405092","properties":{"type":"yes","residential":false,"residents_est":0,"h3_10":"8a1e2e6b1d07fff","h3_11":"8b1e2e6b1d01fff"},"geometry":{"type":"Polygon","coordinates":[[[19.935302,50.068383],[19.935309,50.068365],[19.935346,50.068352],[19.935385,50.068364],[19.935394,50.068383],[19.935382,50.068402],[19.935354,50.068411],[19.935323,50.068406],[19.935312,50.0684],[19.935302,50.068383]]]}},{"type":"Feature","id":"w692405120","properties":{"type":"yes","residential":true,"residents_est":1,"h3_10":"8a1e2e6b1d27fff","h3_11":"8b1e2e6b1d26fff"},"geometry":{"type":"Polygon","coordinates":[[[19.933111,50.069718],[19.933131,50.06967],[19.933363,50.069709],[19.933349,50.069756],[19.933111,50.069718]]]}},{"type":"Feature","id":"w692405122","properties":{"type":"yes","residential":false,"residents_est":0,"h3_10":"8a1e2e6b1d27fff","h3_11":"8b1e2e6b1d26fff"},"geometry":{"type":"Polygon","coordinates":[[[19.933162,50.069675],[19.933175,50.06963],[19.933225,50.069637],[19.933206,50.069682],[19.933162,50.069675]]]}},{"type":"Feature","id":"w692406403","properties":{"type":"yes","residential":true,"residents_est":1,"h3_10":"8a1e2e6b1d37fff","h3_11":"8b1e2e6b1d30fff"},"geometry":{"type":"Polygon","coordinates":[[[19.932424,50.068798],[19.932433,50.068714],[19.932684,50.068738],[19.93267,50.068783],[19.932627,50.06878],[19.932625,50.068765],[19.932527,50.068763],[19.93252,50.068801],[19.932424,50.068798]]]}},{"type":"Feature","id":"w692406404","properties":{"type":"yes","residential":true,"residents_est":0,"h3_10":"8a1e2e6b1d37fff","h3_11":"8b1e2e6b1d30fff"},"geometry":{"type":"Polygon","coordinates":[[[19.932673,50.068774],[19.932684,50.068738],[19.932872,50.068756],[19.932862,50.068774],[19.932821,50.068768],[19.932813,50.068786],[19.932673,50.068774]]]}},{"type":"Feature","id":"w692487593","properties":{"type":"industrial","residential":false,"residents_est":0,"h3_10":"8a1e2e6b1d67fff","h3_11":"8b1e2e6b1d60fff"},"geometry":{"type":"Polygon","coordinates":[[[19.939173,50.069672],[19.939353,50.069639],[19.939381,50.069696],[19.939479,50.06986],[19.939486,50.069859],[19.939532,50.069943],[19.939334,50.069983],[19.939306,50.069928],[19.93941,50.069908],[19.939412,50.069889],[19.939302,50.069716],[19.939218,50.069735],[19.939211,50.069722],[19.9392,50.069724],[19.939173,50.069672]]]}},{"type":"Feature","id":"w692487594","properties":{"type":"yes","residential":true,"residents_est":9,"h3_10":"8a1e2e6b1d67fff","h3_11":"8b1e2e6b1d61fff"},"geometry":{"type":"Polygon","coordinates":[[[19.939505,50.069892],[19.939682,50.069858],[19.93967,50.069834],[19.939719,50.069823],[19.939762,50.069834],[19.939768,50.069814],[19.939811,50.06982],[19.939821,50.069801],[19.939868,50.069809],[19.939876,50.069792],[19.939935,50.06978],[19.939953,50.069792],[19.939984,50.069767],[19.940007,50.06978],[19.940035,50.069756],[19.940061,50.069768],[19.940089,50.069744],[19.940455,50.069664],[19.940495,50.069742],[19.939532,50.069943],[19.939505,50.069892]]]}},{"type":"Feature","id":"w692487596","properties":{"type":"school","residential":false,"residents_est":0,"h3_10":"8a1e2e6b1d6ffff","h3_11":"8b1e2e6b1d68fff"},"geometry":{"type":"Polygon","coordinates":[[[19.940722,50.069077],[19.940806,50.069061],[19.940847,50.069147],[19.940763,50.069163],[19.940722,50.069077]]]}},{"type":"Feature","id":"w692487597","properties":{"type":"school","residential":false,"residents_est":0,"h3_10":"8a1e2e6b1d6ffff","h3_11":"8b1e2e6b1d6afff"},"geometry":{"type":"Polygon","coordinates":[[[19.940664,50.068924],[19.940737,50.068908],[19.940806,50.069061],[19.940734,50.069074],[19.940664,50.068924]]]}},{"type":"Feature","id":"w692487600","properties":{"type":"yes","levels":1.0,"residential":false,"residents_est":0,"h3_10":"8a1e2e6b1d67fff","h3_11":"8b1e2e6b1d60fff"},"geometry":{"type":"Polygon","coordinates":[[[19.939137,50.069488],[19.939186,50.069479],[19.939218,50.069553],[19.939169,50.069561],[19.939137,50.069488]]]}},{"type":"Feature","id":"w692487601","properties":{"type":"yes","residential":true,"residents_est":1,"h3_10":"8a1e2e6b1d47fff","h3_11":"8b1e2e6b1d44fff"},"geometry":{"type":"Polygon","coordinates":[[[19.938845,50.068988],[19.938861,50.068983],[19.938859,50.068966],[19.938866,50.068955],[19.938925,50.06894],[19.938976,50.069024],[19.938922,50.069038],[19.938892,50.069036],[19.938867,50.069019],[19.938845,50.068988]]]}},{"type":"Feature","id":"w692487604","properties":{"type":"yes","levels":1.0,"residential":true,"residents_est":0,"h3_10":"8a1e2e6b1d67fff","h3_11":"8b1e2e6b1d62fff"},"geometry":{"type":"Polygon","coordinates":[[[19.938521,50.069461],[19.938722,50.069426],[19.938734,50.069453],[19.938691,50.06946],[19.938692,50.069471],[19.938536,50.069497],[19.938521,50.069461]]]}},{"type":"Feature","id":"w692487605","properties":{"type":"yes","residential":false,"residents_est":0,"h3_10":"8a1e2e6b1d47fff","h3_11":"8b1e2e6b1d44fff"},"geometry":{"type":"Polygon","coordinates":[[[19.93944,50.068824],[19.939497,50.068812],[19.939526,50.068868],[19.939466,50.06888],[19.93944,50.068824]]]}},{"type":"Feature","id":"w692487606","properties":{"type":"yes","residential":true,"residents_est":0,"h3_10":"8a1e2e6b1d47fff","h3_11":"8b1e2e6b1d45fff"},"geometry":{"type":"Polygon","coordinates":[[[19.939466,50.06888],[19.939535,50.068866],[19.939566,50.068925],[19.939579,50.068921],[19.939589,50.068958],[19.939512,50.068976],[19.939466,50.06888]]]}},{"type":"Feature","id":"w692487607","properties":{"type":"garage","residential":false,"residents_est":0,"h3_10":"8a1e2e6b1d47fff","h3_11":"8b1e2e6b1d45fff"},"geometry":{"type":"Polygon","coordinates":[[[19.939704,50.068927],[19.939778,50.068914],[19.9398,50.068965],[19.939724,50.068979],[19.939704,50.068927]]]}},{"type":"Feature","id":"w692487608","properties":{"type":"yes","residential":true,"residents_est":1,"h3_10":"8a1e2e6b1d47fff","h3_11":"8b1e2e6b1d45fff"},"geometry":{"type":"Polygon","coordinates":[[[19.939786,50.068842],[19.93992,50.068808],[19.939988,50.068931],[19.9399,50.068953],[19.939847,50.068943],[19.939786,50.068842]]]}},{"type":"Feature","id":"w692487609","properties":{"type":"yes","residential":true,"residents_est":0,"h3_10":"8a1e2e6b1d47fff","h3_11":"8b1e2e6b1d45fff"},"geometry":{"type":"Polygon","coordinates":[[[19.940116,50.068924],[19.940224,50.068904],[19.940244,50.068953],[19.940132,50.068973],[19.940116,50.068924]]]}},{"type":"Feature","id":"w692487610","properties":{"type":"yes","residential":false,"residents_est":0,"h3_10":"8a1e2e6b1d6ffff","h3_11":"8b1e2e6b1d6afff"},"geometry":{"type":"Polygon","coordinates":[[[19.940522,50.068868],[19.940626,50.068843],[19.940643,50.06888],[19.94054,50.068902],[19.940522,50.068868]]]}},{"type":"Feature","id":"w692487611","properties":{"type":"yes","residential":true,"residents_est":1,"h3_10":"8a1e2e6b1d47fff","h3_11":"8b1e2e6b1d41fff"},"geometry":{"type":"Polygon","coordinates":[[[19.940399,50.068644],[19.940591,50.068599],[19.940636,50.068679],[19.94044,50.068715],[19.940399,50.068644]]]}},{"type":"Feature","id":"w692487612","properties":{"type":"yes","residential":true,"residents_est":1,"h3_10":"8a1e2e6b1d47fff","h3_11":"8b1e2e6b1d41fff"},"geometry":{"type":"Polygon","coordinates":[[[19.940334,50.068533],[19.940429,50.068508],[19.940487,50.068623],[19.940399,50.068644],[19.940334,50.068533]]]}},{"type":"Feature","id":"w692488198","properties":{"type":"yes","residential":false,"residents_est":0,"h3_10":"8a1e2e6b1c4ffff","h3_11":"8b1e2e6b1c4bfff"},"geometry":{"type":"Polygon","coordinates":[[[19.943954,50.065384],[19.944042,50.065355],[19.944069,50.065389],[19.943985,50.06542],[19.943954,50.065384]]]}},{"type":"Feature","id":"w692488199","properties":{"type":"garages","residential":false,"residents_est":0,"h3_10":"8a1e2e6b1c4ffff","h3_11":"8b1e2e6b1c49fff"},"geometry":{"type":"Polygon","coordinates":[[[19.944398,50.065548],[19.944404,50.065547],[19.9444,50.065513],[19.944477,50.065487],[19.944486,50.065491],[19.944505,50.065669],[19.944416,50.065671],[19.944398,50.065548]]]}},{"type":"Feature","id":"w692488201","properties":{"type":"garages","residential":false,"residents_est":0,"h3_10":"8a1e2e6b1c4ffff","h3_11":"8b1e2e6b1c49fff"},"geometry":{"type":"Polygon","coordinates":[[[19.944308,50.065391],[19.944375,50.065367],[19.944477,50.065487],[19.944408,50.06551],[19.944308,50.065391]]]}},{"type":"Feature","id":"w692488205","properties":{"type":"yes","levels":1.0,"residential":true,"residents_est":1,"h3_10":"8a1e2e6b1c6ffff","h3_11":"8b1e2e6b1c6dfff"},"geometry":{"type":"Polygon","coordinates":[[[19.943853,50.067031],[19.944033,50.067026],[19.944067,50.067189],[19.943859,50.067188],[19.943853,50.067031]]]}},{"type":"Feature","id":"w692489404","properties":{"type":"apartments","levels":5.0,"residential":true,"residents_est":18,"h3_10":"8a1e2e6b1c6ffff","h3_11":"8b1e2e6b1c6cfff"},"geometry":{"type":"Polygon","coordinates":[[[19.942795,50.066832],[19.942917,50.066798],[19.94293,50.066816],[19.942955,50.066809],[19.942942,50.066791],[19.94312,50.066739],[19.943148,50.066806],[19.943037,50.066836],[19.943043,50.066846],[19.943011,50.066855],[19.943048,50.066908],[19.943192,50.066869],[19.943227,50.066918],[19.942916,50.067005],[19.942795,50.066832]]]}},{"type":"Feature","id":"w692489405","properties":{"type":"apartments","levels":4.0,"residential":true,"residents_est":13,"h3_10":"8a1e2e6b1c6ffff","h3_11":"8b1e2e6b1c68fff"},"geometry":{"type":"Polygon","coordinates":[[[19.94312,50.066739],[19.943461,50.066699],[19.943522,50.066876],[19.943227,50.066918],[19.943192,50.066869],[19.943323,50.066851],[19.943309,50.066808],[19.943288,50.066809],[19.94328,50.066787],[19.943246,50.066792],[19.943245,50.066797],[19.943148,50.066806],[19.94312,50.066739]]]}},{"type":"Feature","id":"w692489406","properties":{"type":"apartments","levels":5.0,"residential":true,"residents_est":19,"h3_10":"8a1e2e6b1c6ffff","h3_11":"8b1e2e6b1c6efff"},"geometry":{"type":"Polygon","coordinates":[[[19.942662,50.066643],[19.942812,50.066617],[19.942824,50.066634],[19.942851,50.06663],[19.942839,50.066612],[19.943065,50.066576],[19.943075,50.066607],[19.943048,50.066612],[19.943055,50.066631],[19.9429,50.066656],[19.942949,50.066728],[19.943068,50.066694],[19.943088,50.066706],[19.943108,50.066701],[19.94312,50.066739],[19.942942,50.066791],[19.942929,50.066772],[19.942904,50.066779],[19.942917,50.066798],[19.942796,50.066832],[19.942662,50.066643]]]}},{"type":"Feature","id":"w692489407","properties":{"type":"apartments","levels":3.0,"residential":true,"residents_est":10,"h3_10":"8a1e2e6b1c6ffff","h3_11":"8b1e2e6b1c68fff"},"geometry":{"type":"Polygon","coordinates":[[[19.943065,50.066576],[19.943238,50.066548],[19.943248,50.066575],[19.943269,50.066572],[19.943258,50.066544],[19.943401,50.066521],[19.943461,50.066699],[19.94312,50.066739],[19.943105,50.066694],[19.943261,50.066673],[19.943246,50.06663],[19.943224,50.066631],[19.94322,50.066617],[19.943142,50.06663],[19.943144,50.066638],[19.943087,50.066646],[19.943065,50.066576]]]}},{"type":"Feature","id":"w692489408","properties":{"type":"garage","levels":1.0,"residential":false,"residents_est":0,"h3_10":"8a1e2e6b1c6ffff","h3_11":"8b1e2e6b1c6afff"},"geometry":{"type":"Polygon","coordinates":[[[19.942799,50.066244],[19.942865,50.066229],[19.942892,50.06629],[19.942832,50.066304],[19.942799,50.066244]]]}},{"type":"Feature","id":"w692489410","properties":{"type":"office","levels":1.0,"residential":false,"residents_est":0,"h3_10":"8a1e2e6b1c6ffff","h3_11":"8b1e2e6b1c6afff"},"geometry":{"type":"Polygon","coordinates":[[[19.942862,50.066223],[19.942922,50.066209],[19.942957,50.066274],[19.942892,50.06629],[19.942862,50.066223]]]}},{"type":"Feature","id":"w692489411","properties":{"type":"yes","levels":3.0,"residential":true,"residents_est":3,"h3_10":"8a1e2e6b1c6ffff","h3_11":"8b1e2e6b1c6afff"},"geometry":{"type":"Polygon","coordinates":[[[19.942996,50.066302],[19.943042,50.06629],[19.943024,50.066258],[19.943231,50.066209],[19.943282,50.066307],[19.943031,50.066365],[19.942996,50.066302]]]}},{"type":"Feature","id":"w692489412","properties":{"type":"apartments","levels":2.0,"residential":true,"residents_est":1,"h3_10":"8a1e2e6b1c6ffff","h3_11":"8b1e2e6b1c6afff"},"geometry":{"type":"Polygon","coordinates":[[[19.942924,50.066285],[19.942979,50.066272],[19.943031,50.066365],[19.942978,50.066378],[19.942924,50.066285]]]}},{"type":"Feature","id":"w692489413","properties":{"type":"garage","levels":1.0,"residential":false,"residents_est":0,"h3_10":"8a1e2e6b1c47fff","h3_11":"8b1e2e6b1c41fff"},"geometry":{"type":"Polygon","coordinates":[[[19.942778,50.066113],[19.942804,50.066105],[19.942788,50.066083],[19.942919,50.066044],[19.942959,50.0661],[19.942795,50.066138],[19.942778,50.066113]]]}},{"type":"Feature","id":"w692489415","properties":{"type":"apartments","levels":4.0,"residential":true,"residents_est":5,"h3_10":"8a1e2e6b1c47fff","h3_11":"8b1e2e6b1c41fff"},"geometry":{"type":"Polygon","coordinates":[[[19.942195,50.065996],[19.942374,50.065942],[19.942442,50.066035],[19.942265,50.066091],[19.942249,50.066061],[19.942195,50.065996]]]}},{"type":"Feature","id":"w692489784","properties":{"type":"yes","residential":true,"residents_est":1,"h3_10":"8a1e2e6b1c67fff","h3_11":"8b1e2e6b1c61fff"},"geometry":{"type":"Polygon","coordinates":[[[19.941921,50.06721],[19.942032,50.067181],[19.942072,50.067254],[19.941961,50.067279],[19.941921,50.06721]]]}},{"type":"Feature","id":"r2188010","properties":{"type":"office","levels":4.0,"residential":false,"residents_est":0,"h3_10":"8a1e2e6b1c67fff","h3_11":"8b1e2e6b1c60fff"},"geometry":{"type":"Polygon","coordinates":[[[19.941122,50.066762],[19.9419,50.066568],[19.942225,50.067094],[19.942118,50.067119],[19.942087,50.067078],[19.942057,50.067086],[19.942084,50.067127],[19.941775,50.067203],[19.941757,50.067172],[19.94173,50.067097],[19.941398,50.067185],[19.941122,50.066762]],[[19.941459,50.066834],[19.941483,50.066873],[19.941465,50.066877],[19.941496,50.066928],[19.941475,50.066933],[19.941561,50.067073],[19.941692,50.06704],[19.941708,50.067067],[19.941812,50.067041],[19.941817,50.06705],[19.941997,50.067007],[19.94194,50.066918],[19.941843,50.066944],[19.941784,50.066837],[19.941874,50.066814],[19.941828,50.066738],[19.941666,50.066778],[19.94167,50.066799],[19.941578,50.066823],[19.941568,50.066806],[19.941459,50.066834]]]}},{"type":"Feature","id":"w692489786","properties":{"type":"office","levels":3.0,"residential":false,"residents_est":0,"h3_10":"8a1e2e6b1c67fff","h3_11":"8b1e2e6b1c60fff"},"geometry":{"type":"Polygon","coordinates":[[[19.941578,50.066823],[19.94167,50.066799],[19.941812,50.067041],[19.941708,50.067067],[19.941578,50.066823]]]}},{"type":"Feature","id":"w692489787","properties":{"type":"office","levels":1.0,"residential":false,"residents_est":0,"h3_10":"8a1e2e6b1c67fff","h3_11":"8b1e2e6b1c63fff"},"geometry":{"type":"Polygon","coordinates":[[[19.94176,50.066799],[19.94185,50.066775],[19.941874,50.066814],[19.941784,50.066837],[19.94176,50.066799]]]}},{"type":"Feature","id":"w692489788","properties":{"type":"office","levels":1.0,"residential":false,"residents_est":0,"h3_10":"8a1e2e6b1c67fff","h3_11":"8b1e2e6b1c60fff"},"geometry":{"type":"Polygon","coordinates":[[[19.941843,50.066944],[19.941924,50.066924],[19.941954,50.066972],[19.941874,50.066993],[19.941843,50.066944]]]}},{"type":"Feature","id":"w692489789","properties":{"type":"yes","residential":false,"residents_est":0,"h3_10":"8a1e2e6b1c67fff","h3_11":"8b1e2e6b1c65fff"},"geometry":{"type":"Polygon","coordinates":[[[19.941892,50.067444],[19.941973,50.067427],[19.941992,50.067462],[19.94191,50.06748],[19.941892,50.067444]]]}},{"type":"Feature","id":"w692489790","properties":{"type":"yes","residential":true,"residents_est":1,"h3_10":"8a1e2e6b1c67fff","h3_11":"8b1e2e6b1c65fff"},"geometry":{"type":"Polygon","coordinates":[[[19.941876,50.06756],[19.941899,50.067538],[19.941891,50.067529],[19.941907,50.067511],[19.942016,50.067481],[19.942156,50.067455],[19.94218,50.067505],[19.942003,50.067546],[19.941895,50.067579],[19.941876,50.06756]]]}},{"type":"Feature","id":"w692494266","properties":{"type":"yes","residential":false,"residents_est":0,"h3_10":"8a1e2e6b1d4ffff","h3_11":"8b1e2e6b1d4afff"},"geometry":{"type":"Polygon","coordinates":[[[19.940631,50.067931],[19.940726,50.067893],[19.940761,50.06793],[19.940658,50.067963],[19.940631,50.067931]]]}},{"type":"Feature","id":"w692494267","properties":{"type":"yes","residential":false,"residents_est":0,"h3_10":"8a1e2e6b1d4ffff","h3_11":"8b1e2e6b1d4efff"},"geometry":{"type":"Polygon","coordinates":[[[19.940492,50.067989],[19.940636,50.067937],[19.940658,50.067963],[19.940513,50.068016],[19.940492,50.067989]]]}},{"type":"Feature","id":"w692494268","properties":{"type":"yes","residential":true,"residents_est":1,"h3_10":"8a1e2e6b1d5ffff","h3_11":"8b1e2e6b1d5dfff"},"geometry":{"type":"Polygon","coordinates":[[[19.940192,50.067853],[19.940259,50.067827],[19.940375,50.067947],[19.940306,50.067968],[19.940267,50.067922],[19.940256,50.067926],[19.940192,50.067853]]]}},{"type":"Feature","id":"w692494269","properties":{"type":"yes","residential":false,"residents_est":0,"h3_10":"8a1e2e6b1d4ffff","h3_11":"8b1e2e6b1d4efff"},"geometry":{"type":"Polygon","coordinates":[[[19.940384,50.068125],[19.940435,50.06811],[19.940497,50.068181],[19.940445,50.068199],[19.940384,50.068125]]]}},{"type":"Feature","id":"w692494270","properties":{"type":"apartments","levels":5.0,"residential":true,"residents_est":12,"h3_10":"8a1e2e6b1d5ffff","h3_11":"8b1e2e6b1d59fff"},"geometry":{"type":"Polygon","coordinates":[[[19.9404,50.06758],[19.940589,50.067504],[19.940719,50.067645],[19.940532,50.067717],[19.9404,50.06758]]]}},{"type":"Feature","id":"w692494271","properties":{"type":"apartments","levels":5.0,"residential":true,"residents_est":14,"h3_10":"8a1e2e6b1d5ffff","h3_11":"8b1e2e6b1d59fff"},"geometry":{"type":"Polygon","coordinates":[[[19.940214,50.067463],[19.940299,50.067434],[19.940347,50.067397],[19.94045,50.067362],[19.940589,50.067504],[19.9404,50.06758],[19.940372,50.067547],[19.940393,50.067536],[19.940385,50.067524],[19.940369,50.067524],[19.940364,50.067518],[19.94033,50.06753],[19.94035,50.067561],[19.940307,50.067574],[19.940214,50.067463]]]}},{"type":"Feature","id":"w692494272","properties":{"type":"yes","residential":true,"residents_est":1,"h3_10":"8a1e2e6b1d5ffff","h3_11":"8b1e2e6b1d5dfff"},"geometry":{"type":"Polygon","coordinates":[[[19.939905,50.067954],[19.940033,50.06791],[19.940135,50.068029],[19.939995,50.068075],[19.939905,50.067954]]]}},{"type":"Feature","id":"w692494273","properties":{"type":"yes","residential":true,"residents_est":1,"h3_10":"8a1e2e6b1d5ffff","h3_11":"8b1e2e6b1d5dfff"},"geometry":{"type":"Polygon","coordinates":[[[19.940122,50.067974],[19.940267,50.067922],[19.940306,50.067968],[19.940161,50.06802],[19.940122,50.067974]]]}},{"type":"Feature","id":"w692494274","properties":{"type":"apartments","levels":4.0,"residential":true,"residents_est":6,"h3_10":"8a1e2e6b1d5ffff","h3_11":"8b1e2e6b1d5efff"},"geometry":{"type":"Polygon","coordinates":[[[19.938788,50.06752],[19.938819,50.067408],[19.938924,50.067421],[19.938914,50.067448],[19.938941,50.06745],[19.938941,50.067459],[19.938987,50.067463],[19.93899,50.067455],[19.939035,50.067454],[19.939023,50.067536],[19.938788,50.06752]]]}},{"type":"Feature","id":"w692494275","properties":{"type":"apartments","levels":4.0,"residential":true,"residents_est":6,"h3_10":"8a1e2e6b1d5ffff","h3_11":"8b1e2e6b1d5efff"},"geometry":{"type":"Polygon","coordinates":[[[19.938819,50.067408],[19.938849,50.067313],[19.939136,50.067315],[19.939119,50.067366],[19.938994,50.067352],[19.938972,50.067414],[19.93895,50.067424],[19.938819,50.067408]]]}},{"type":"Feature","id":"w692494276","properties":{"type":"yes","residential":true,"residents_est":0,"h3_10":"8a1e2e6b1d5ffff","h3_11":"8b1e2e6b1d5efff"},"geometry":{"type":"Polygon","coordinates":[[[19.938972,50.067414],[19.938994,50.067352],[19.939119,50.067366],[19.939099,50.067394],[19.939064,50.06739],[19.939063,50.067399],[19.939049,50.067406],[19.939019,50.067402],[19.939015,50.067412],[19.938972,50.067414]]]}},{"type":"Feature","id":"w692494277","properties":{"type":"apartments","residential":true,"residents_est":13,"h3_10":"8a1e2e6b1d5ffff","h3_11":"8b1e2e6b1d5bfff"},"geometry":{"type":"Polygon","coordinates":[[[19.939842,50.066974],[19.940022,50.066907],[19.940179,50.067067],[19.939996,50.067137],[19.939842,50.066974]]]}},{"type":"Feature","id":"w692494278","properties":{"type":"yes","residential":true,"residents_est":1,"h3_10":"8a1e2e6b1d5ffff","h3_11":"8b1e2e6b1d5bfff"},"geometry":{"type":"Polygon","coordinates":[[[19.93982,50.067148],[19.939907,50.067114],[19.939891,50.067097],[19.93994,50.067078],[19.939996,50.067137],[19.939861,50.06719],[19.93982,50.067148]]]}},{"type":"Feature","id":"w692494279","properties":{"type":"yes","residential":true,"residents_est":2,"h3_10":"8a1e2e6b1d5ffff","h3_11":"8b1e2e6b1d5afff"},"geometry":{"type":"Polygon","coordinates":[[[19.939488,50.067112],[19.939576,50.067078],[19.939651,50.067214],[19.93982,50.067148],[19.939861,50.06719],[19.9397,50.067257],[19.939579,50.06729],[19.939488,50.067112]]]}},{"type":"Feature","id":"w692494280","properties":{"type":"yes","residential":true,"residents_est":1,"h3_10":"8a1e2e6b1d5ffff","h3_11":"8b1e2e6b1d5afff"},"geometry":{"type":"Polygon","coordinates":[[[19.939369,50.06726],[19.939411,50.067261],[19.93943,50.067276],[19.939484,50.067276],[19.939466,50.067233],[19.939449,50.067235],[19.939428,50.067214],[19.939411,50.067214],[19.939412,50.067189],[19.939529,50.067193],[19.939579,50.06729],[19.939512,50.06731],[19.939513,50.067326],[19.939369,50.067323],[19.939369,50.06726]]]}},{"type":"Feature","id":"w692494281","properties":{"type":"yes","residential":true,"residents_est":1,"h3_10":"8a1e2e6b1d5ffff","h3_11":"8b1e2e6b1d5efff"},"geometry":{"type":"Polygon","coordinates":[[[19.939051,50.067315],[19.939063,50.067272],[19.93912,50.067271],[19.939176,50.067252],[19.939369,50.06726],[19.939369,50.067323],[19.939051,50.067315]]]}},{"type":"Feature","id":"w692494284","properties":{"type":"yes","residential":true,"residents_est":0,"h3_10":"8a1e2e6b1d5ffff","h3_11":"8b1e2e6b1d5afff"},"geometry":{"type":"Polygon","coordinates":[[[19.939201,50.067217],[19.939208,50.067177],[19.939412,50.067189],[19.939411,50.067214],[19.939396,50.067214],[19.939396,50.067225],[19.939201,50.067217]]]}},{"type":"Feature","id":"w692494285","properties":{"type":"commercial","residential":false,"residents_est":0,"h3_10":"8a1e2e6b1d5ffff","h3_11":"8b1e2e6b1d5afff"},"geometry":{"type":"Polygon","coordinates":[[[19.939343,50.067029],[19.939418,50.067029],[19.939463,50.067104],[19.939488,50.067112],[19.939529,50.067193],[19.939391,50.067188],[19.939343,50.067029]]]}},{"type":"Feature","id":"w692494286","properties":{"type":"yes","residential":true,"residents_est":1,"h3_10":"8a1e2e6b1d5ffff","h3_11":"8b1e2e6b1d5afff"},"geometry":{"type":"Polygon","coordinates":[[[19.939393,50.066975],[19.939507,50.066946],[19.939606,50.067065],[19.939488,50.067112],[19.939463,50.067104],[19.939418,50.067029],[19.939397,50.067029],[19.939393,50.066975]]]}},{"type":"Feature","id":"w692494287","properties":{"type":"yes","residential":true,"residents_est":1,"h3_10":"8a1e2e6b1d5ffff","h3_11":"8b1e2e6b1d5afff"},"geometry":{"type":"Polygon","coordinates":[[[19.939393,50.066975],[19.939402,50.06686],[19.9394,50.066788],[19.939512,50.066776],[19.939507,50.066946],[19.939393,50.066975]]]}},{"type":"Feature","id":"w692494288","properties":{"type":"yes","residential":false,"residents_est":0,"h3_10":"8a1e2e6b1d5ffff","h3_11":"8b1e2e6b1d5afff"},"geometry":{"type":"Polygon","coordinates":[[[19.939665,50.066972],[19.939702,50.066957],[19.939747,50.067003],[19.939711,50.067019],[19.939665,50.066972]]]}},{"type":"Feature","id":"w692494289","properties":{"type":"yes","residential":true,"residents_est":0,"h3_10":"8a1e2e6b1d5ffff","h3_11":"8b1e2e6b1d5afff"},"geometry":{"type":"Polygon","coordinates":[[[19.939702,50.066957],[19.939801,50.066918],[19.939847,50.066966],[19.939747,50.067003],[19.939702,50.066957]]]}},{"type":"Feature","id":"w692494290","properties":{"type":"apartments","residential":true,"residents_est":8,"h3_10":"8a1e2e6b1c77fff","h3_11":"8b1e2e6b1c74fff"},"geometry":{"type":"Polygon","coordinates":[[[19.939771,50.066886],[19.93978,50.066875],[19.939836,50.066854],[19.939809,50.066829],[19.939909,50.066791],[19.940022,50.066907],[19.939855,50.066969],[19.939771,50.066886]]]}},{"type":"Feature","id":"w692494293","properties":{"type":"yes","levels":1.0,"residential":true,"residents_est":0,"h3_10":"8a1e2e6b1c77fff","h3_11":"8b1e2e6b1c74fff"},"geometry":{"type":"Polygon","coordinates":[[[19.939393,50.066572],[19.939462,50.066565],[19.939487,50.066605],[19.939467,50.066614],[19.939473,50.066666],[19.9394,50.066668],[19.939393,50.066572]]]}},{"type":"Feature","id":"w692494294","properties":{"type":"yes","residential":true,"residents_est":1,"h3_10":"8a1e2e6b1c77fff","h3_11":"8b1e2e6b1c74fff"},"geometry":{"type":"Polygon","coordinates":[[[19.939576,50.066766],[19.939826,50.0667],[19.939909,50.066791],[19.939765,50.066842],[19.939704,50.066781],[19.939622,50.066812],[19.939576,50.066766]]]}},{"type":"Feature","id":"w692494295","properties":{"type":"yes","residential":true,"residents_est":0,"h3_10":"8a1e2e6b1c77fff","h3_11":"8b1e2e6b1c71fff"},"geometry":{"type":"Polygon","coordinates":[[[19.940613,50.06641],[19.940691,50.066383],[19.940738,50.066454],[19.940653,50.066475],[19.940613,50.06641]]]}},{"type":"Feature","id":"w692494296","properties":{"type":"yes","residential":true,"residents_est":1,"h3_10":"8a1e2e6b1c77fff","h3_11":"8b1e2e6b1c71fff"},"geometry":{"type":"Polygon","coordinates":[[[19.940653,50.066475],[19.940738,50.066454],[19.940789,50.066538],[19.940703,50.066562],[19.940653,50.066475]]]}},{"type":"Feature","id":"w692494297","properties":{"type":"yes","levels":1.0,"residential":true,"residents_est":0,"h3_10":"8a1e2e6b1c77fff","h3_11":"8b1e2e6b1c71fff"},"geometry":{"type":"Polygon","coordinates":[[[19.94092,50.066397],[19.941003,50.066375],[19.941067,50.066476],[19.940986,50.066495],[19.94092,50.066397]]]}},{"type":"Feature","id":"w692494298","properties":{"type":"yes","levels":1.0,"residential":true,"residents_est":0,"h3_10":"8a1e2e6b1c77fff","h3_11":"8b1e2e6b1c71fff"},"geometry":{"type":"Polygon","coordinates":[[[19.940856,50.066312],[19.940901,50.066299],[19.940894,50.066288],[19.940931,50.066276],[19.941003,50.066375],[19.94092,50.066397],[19.940856,50.066312]]]}},{"type":"Feature","id":"w692494301","properties":{"type":"yes","address":"Basztowa 18","name":"Galeria ASP w Krakowie","residential":true,"residents_est":7,"h3_10":"8a1e2e6b1c47fff","h3_11":"8b1e2e6b1c46fff"},"geometry":{"type":"Polygon","coordinates":[[[19.940833,50.066152],[19.940881,50.066135],[19.940877,50.06613],[19.940918,50.066116],[19.940922,50.066121],[19.941074,50.066069],[19.94107,50.066064],[19.941111,50.066051],[19.941114,50.066056],[19.941182,50.066032],[19.941266,50.066138],[19.941293,50.066128],[19.941309,50.06615],[19.941273,50.066161],[19.941268,50.066154],[19.941227,50.066167],[19.941222,50.06618],[19.941194,50.066174],[19.94117,50.066182],[19.94117,50.066202],[19.941144,50.06621],[19.941118,50.0662],[19.941025,50.066233],[19.941012,50.066252],[19.94098,50.066247],[19.940925,50.066265],[19.940833,50.066152]]]}},{"type":"Feature","id":"w692494302","properties":{"type":"yes","residential":false,"residents_est":0,"h3_10":"8a1e2e6b1c77fff","h3_11":"8b1e2e6b1c75fff"},"geometry":{"type":"Polygon","coordinates":[[[19.940447,50.06658],[19.940513,50.066564],[19.940531,50.066599],[19.940465,50.066615],[19.940447,50.06658]]]}},{"type":"Feature","id":"w692494303","properties":{"type":"yes","residential":true,"residents_est":0,"h3_10":"8a1e2e6b1c77fff","h3_11":"8b1e2e6b1c75fff"},"geometry":{"type":"Polygon","coordinates":[[[19.940382,50.0665],[19.940464,50.06648],[19.940513,50.066564],[19.940431,50.066584],[19.940382,50.0665]]]}},{"type":"Feature","id":"w692494304","properties":{"type":"yes","residential":false,"residents_est":0,"h3_10":"8a1e2e6b1c77fff","h3_11":"8b1e2e6b1c74fff"},"geometry":{"type":"Polygon","coordinates":[[[19.939622,50.066812],[19.939688,50.066787],[19.93971,50.066815],[19.939644,50.066839],[19.939622,50.066812]]]}},{"type":"Feature","id":"w692494306","properties":{"type":"yes","residential":false,"residents_est":0,"h3_10":"8a1e2e6b1c2ffff","h3_11":"8b1e2e6b1c2cfff"},"geometry":{"type":"Polygon","coordinates":[[[19.938294,50.067041],[19.938313,50.067006],[19.938378,50.067015],[19.938364,50.067055],[19.938294,50.067041]]]}},{"type":"Feature","id":"w692494307","properties":{"type":"yes","residential":true,"residents_est":0,"h3_10":"8a1e2e6b1c2ffff","h3_11":"8b1e2e6b1c2dfff"},"geometry":{"type":"Polygon","coordinates":[[[19.938363,50.067062],[19.938378,50.067015],[19.938506,50.06703],[19.938502,50.067043],[19.938489,50.067041],[19.938481,50.067074],[19.938363,50.067062]]]}},{"type":"Feature","id":"w692494308","properties":{"type":"yes","levels":4.0,"address":"Długa 16","residential":true,"residents_est":2,"h3_10":"8a1e2e6b1d57fff","h3_11":"8b1e2e6b1d53fff"},"geometry":{"type":"Polygon","coordinates":[[[19.93828,50.067434],[19.93829,50.067406],[19.938393,50.067421],[19.938403,50.067384],[19.938588,50.067406],[19.938568,50.067468],[19.938351,50.067447],[19.93828,50.067434]]]}},{"type":"Feature","id":"w692494309","properties":{"type":"yes","levels":4.0,"address":"Długa 18","residential":true,"residents_est":4,"h3_10":"8a1e2e6b1d57fff","h3_11":"8b1e2e6b1d53fff"},"geometry":{"type":"Polygon","coordinates":[[[19.938173,50.067551],[19.938189,50.067489],[19.938317,50.067501],[19.938316,50.067524],[19.938332,50.067524],[19.938344,50.067533],[19.938363,50.067524],[19.938368,50.067511],[19.938353,50.067511],[19.938351,50.067447],[19.938568,50.067468],[19.938533,50.067587],[19.938173,50.067551]]]}},{"type":"Feature","id":"w692494316","properties":{"type":"yes","residential":true,"residents_est":1,"h3_10":"8a1e2e6b1d57fff","h3_11":"8b1e2e6b1d50fff"},"geometry":{"type":"Polygon","coordinates":[[[19.937928,50.067895],[19.937939,50.067847],[19.938223,50.06788],[19.938212,50.067925],[19.937928,50.067895]]]}},{"type":"Feature","id":"w692494318","properties":{"type":"yes","residential":true,"residents_est":1,"h3_10":"8a1e2e6b1d57fff","h3_11":"8b1e2e6b1d55fff"},"geometry":{"type":"Polygon","coordinates":[[[19.93806,50.068205],[19.938101,50.068066],[19.938188,50.068074],[19.938181,50.068098],[19.93816,50.068096],[19.938148,50.068125],[19.938126,50.068128],[19.938117,50.068139],[19.938119,50.068154],[19.93814,50.06816],[19.938134,50.068186],[19.938155,50.068189],[19.93815,50.068213],[19.93806,50.068205]]]}},{"type":"Feature","id":"w692494319","properties":{"type":"yes","residential":false,"residents_est":0,"h3_10":"8a1e2e6b1d57fff","h3_11":"8b1e2e6b1d54fff"},"geometry":{"type":"Polygon","coordinates":[[[19.937885,50.068091],[19.937898,50.068049],[19.937965,50.068056],[19.937954,50.068098],[19.937885,50.068091]]]}},{"type":"Feature","id":"w692494320","properties":{"type":"yes","residential":false,"residents_est":0,"h3_10":"8a1e2e6b1d57fff","h3_11":"8b1e2e6b1d54fff"},"geometry":{"type":"Polygon","coordinates":[[[19.937898,50.068049],[19.937913,50.06798],[19.937955,50.067984],[19.937937,50.068053],[19.937898,50.068049]]]}},{"type":"Feature","id":"w692494321","properties":{"type":"yes","residential":false,"residents_est":0,"h3_10":"8a1e2e6b1d57fff","h3_11":"8b1e2e6b1d50fff"},"geometry":{"type":"Polygon","coordinates":[[[19.937844,50.068011],[19.937852,50.067966],[19.937915,50.067972],[19.937904,50.068019],[19.937844,50.068011]]]}},{"type":"Feature","id":"w692494323","properties":{"type":"yes","residential":true,"residents_est":0,"h3_10":"8a1e2e6b1d77fff","h3_11":"8b1e2e6b1d70fff"},"geometry":{"type":"Polygon","coordinates":[[[19.937576,50.068737],[19.937601,50.06869],[19.937677,50.068703],[19.937661,50.068767],[19.937596,50.068759],[19.937602,50.068742],[19.937576,50.068737]]]}},{"type":"Feature","id":"w692494324","properties":{"type":"yes","residential":false,"residents_est":0,"h3_10":"8a1e2e6b1d77fff","h3_11":"8b1e2e6b1d72fff"},"geometry":{"type":"Polygon","coordinates":[[[19.937165,50.068659],[19.937176,50.068637],[19.937321,50.068656],[19.937301,50.068693],[19.937165,50.068659]]]}},{"type":"Feature","id":"w692494325","properties":{"type":"yes","residential":true,"residents_est":0,"h3_10":"8a1e2e6b1d77fff","h3_11":"8b1e2e6b1d72fff"},"geometry":{"type":"Polygon","coordinates":[[[19.937301,50.068693],[19.937321,50.068656],[19.937495,50.068695],[19.937475,50.068732],[19.937301,50.068693]]]}},{"type":"Feature","id":"w692494883","properties":{"type":"yes","residential":true,"residents_est":1,"h3_10":"8a1e2e6b1d47fff","h3_11":"8b1e2e6b1d42fff"},"geometry":{"type":"Polygon","coordinates":[[[19.938906,50.068409],[19.93891,50.068301],[19.939095,50.068306],[19.93909,50.068398],[19.938906,50.068409]]]}},{"type":"Feature","id":"w692494885","properties":{"type":"yes","residential":true,"residents_est":1,"h3_10":"8a1e2e6b1d47fff","h3_11":"8b1e2e6b1d46fff"},"geometry":{"type":"Polygon","coordinates":[[[19.938957,50.068407],[19.939185,50.068392],[19.939205,50.068419],[19.938998,50.068483],[19.938957,50.068407]]]}},{"type":"Feature","id":"w692494887","properties":{"type":"yes","levels":3.0,"residential":true,"residents_est":3,"h3_10":"8a1e2e6b1d47fff","h3_11":"8b1e2e6b1d42fff"},"geometry":{"type":"Polygon","coordinates":[[[19.939007,50.068199],[19.939021,50.06806],[19.939204,50.068068],[19.939193,50.068206],[19.939007,50.068199]]]}},{"type":"Feature","id":"w692494888","properties":{"type":"yes","residential":true,"residents_est":1,"h3_10":"8a1e2e6b1d47fff","h3_11":"8b1e2e6b1d42fff"},"geometry":{"type":"Polygon","coordinates":[[[19.938881,50.068225],[19.938882,50.068196],[19.939174,50.068206],[19.939179,50.068242],[19.939039,50.06824],[19.939042,50.068232],[19.938881,50.068225]]]}},{"type":"Feature","id":"w692494890","properties":{"type":"apartments","residential":true,"residents_est":12,"h3_10":"8a1e2e6b1d47fff","h3_11":"8b1e2e6b1d42fff"},"geometry":{"type":"Polygon","coordinates":[[[19.938713,50.068096],[19.93875,50.068098],[19.938757,50.068032],[19.938742,50.068029],[19.938747,50.067996],[19.938828,50.067999],[19.938828,50.068035],[19.938912,50.068035],[19.938915,50.068016],[19.93896,50.068016],[19.938959,50.068039],[19.93902,50.068043],[19.939011,50.068154],[19.938714,50.068137],[19.938713,50.068096]]]}},{"type":"Feature","id":"w692494891","properties":{"type":"office","levels":3.0,"address":"Długa 17a","residential":false,"residents_est":0,"h3_10":"8a1e2e6b1d47fff","h3_11":"8b1e2e6b1d42fff"},"geometry":{"type":"Polygon","coordinates":[[[19.938828,50.068035],[19.938833,50.067974],[19.939297,50.068002],[19.939277,50.068212],[19.939193,50.068206],[19.939204,50.068068],[19.939021,50.06806],[19.93902,50.068043],[19.938959,50.068039],[19.93896,50.068016],[19.938915,50.068016],[19.938912,50.068035],[19.938828,50.068035]]]}},{"type":"Feature","id":"w692494893","properties":{"type":"yes","residential":true,"residents_est":1,"h3_10":"8a1e2e6b1d5ffff","h3_11":"8b1e2e6b1d5cfff"},"geometry":{"type":"Polygon","coordinates":[[[19.939142,50.067993],[19.939162,50.067855],[19.939253,50.067864],[19.93925,50.067912],[19.939262,50.067912],[19.939289,50.067933],[19.939275,50.068001],[19.939142,50.067993]]]}},{"type":"Feature","id":"w692494894","properties":{"type":"yes","residential":true,"residents_est":2,"h3_10":"8a1e2e6b1d47fff","h3_11":"8b1e2e6b1d42fff"},"geometry":{"type":"Polygon","coordinates":[[[19.939277,50.068212],[19.939297,50.068002],[19.9394,50.068008],[19.939393,50.068075],[19.939407,50.068075],[19.939394,50.068216],[19.939277,50.068212]]]}},{"type":"Feature","id":"w692494896","properties":{"type":"yes","residential":true,"residents_est":1,"h3_10":"8a1e2e6b1d47fff","h3_11":"8b1e2e6b1d42fff"},"geometry":{"type":"Polygon","coordinates":[[[19.939174,50.068206],[19.939358,50.068216],[19.939372,50.068234],[19.939345,50.06824],[19.93934,50.068309],[19.939176,50.068308],[19.939179,50.068242],[19.939174,50.068206]]]}},{"type":"Feature","id":"w692535853","properties":{"type":"yes","residential":true,"residents_est":2,"h3_10":"8a1e2e6b1cb7fff","h3_11":"8b1e2e6b1cb2fff"},"geometry":{"type":"Polygon","coordinates":[[[19.931805,50.063318],[19.931812,50.063263],[19.932236,50.063268],[19.932236,50.063285],[19.932275,50.063279],[19.932318,50.063319],[19.932073,50.06331],[19.932068,50.063326],[19.931805,50.063318]]]}},{"type":"Feature","id":"w693070027","properties":{"type":"yes","residential":true,"residents_est":0,"h3_10":"8a1e2e6b1d77fff","h3_11":"8b1e2e6b1d74fff"},"geometry":{"type":"Polygon","coordinates":[[[19.93705,50.069263],[19.937092,50.0692],[19.937335,50.069277],[19.937289,50.069337],[19.93705,50.069263]]]}},{"type":"Feature","id":"w693070028","properties":{"type":"yes","residential":true,"residents_est":0,"h3_10":"8a1e2e6b1d77fff","h3_11":"8b1e2e6b1d74fff"},"geometry":{"type":"Polygon","coordinates":[[[19.936999,50.06934],[19.93705,50.069263],[19.937146,50.069292],[19.937095,50.069368],[19.936999,50.06934]]]}},{"type":"Feature","id":"w693070030","properties":{"type":"retail","levels":1.0,"residential":false,"residents_est":0,"h3_10":"8a1e2e6b1d77fff","h3_11":"8b1e2e6b1d74fff"},"geometry":{"type":"Polygon","coordinates":[[[19.937335,50.069345],[19.937379,50.069289],[19.937623,50.06937],[19.93764,50.069404],[19.937538,50.069497],[19.937382,50.069447],[19.937438,50.069379],[19.937335,50.069345]]]}},{"type":"Feature","id":"w693070031","properties":{"type":"yes","residential":true,"residents_est":1,"h3_10":"8a1e2e6b1d2ffff","h3_11":"8b1e2e6b1d29fff"},"geometry":{"type":"Polygon","coordinates":[[[19.936831,50.069354],[19.936887,50.069308],[19.936999,50.06934],[19.936935,50.069405],[19.936831,50.069354]]]}},{"type":"Feature","id":"w693289374","properties":{"type":"yes","residential":true,"residents_est":1,"h3_10":"8a1e2e6b1da7fff","h3_11":"8b1e2e6b1da1fff"},"geometry":{"type":"Polygon","coordinates":[[[19.932077,50.067226],[19.932119,50.067155],[19.932175,50.067164],[19.932186,50.06713],[19.932359,50.067154],[19.932324,50.067261],[19.932077,50.067226]]]}},{"type":"Feature","id":"w693289375","properties":{"type":"university","levels":2.0,"address":"Stefana Batorego 12","name":"Willa Pod Stańczykiem","residential":false,"residents_est":0,"h3_10":"8a1e2e6b1da7fff","h3_11":"8b1e2e6b1da0fff"},"geometry":{"type":"Polygon","coordinates":[[[19.93174,50.067183],[19.931778,50.067064],[19.931812,50.066991],[19.931887,50.067001],[19.93189,50.066994],[19.932068,50.067019],[19.932066,50.067027],[19.932186,50.067044],[19.932153,50.067096],[19.932074,50.067084],[19.932048,50.067167],[19.932106,50.067177],[19.932077,50.067226],[19.931986,50.067214],[19.932021,50.06714],[19.931852,50.067116],[19.931853,50.06711],[19.931805,50.067103],[19.931786,50.067156],[19.931794,50.067157],[19.93178,50.067188],[19.93174,50.067183]]]}},{"type":"Feature","id":"w693289376","properties":{"type":"yes","levels":2.0,"residential":true,"residents_est":4,"h3_10":"8a1e2e6b1da7fff","h3_11":"8b1e2e6b1da0fff"},"geometry":{"type":"Polygon","coordinates":[[[19.931378,50.067002],[19.931414,50.066894],[19.931544,50.066905],[19.931552,50.066877],[19.93162,50.066887],[19.931611,50.066914],[19.931753,50.066933],[19.931751,50.066939],[19.931827,50.06695],[19.931778,50.067064],[19.931711,50.067055],[19.931704,50.067077],[19.931447,50.067043],[19.931454,50.06702],[19.931385,50.067011],[19.931388,50.067003],[19.931378,50.067002]]]}},{"type":"Feature","id":"w693289377","properties":{"type":"yes","residential":false,"residents_est":0,"h3_10":"8a1e2e6b1da7fff","h3_11":"8b1e2e6b1da2fff"},"geometry":{"type":"Polygon","coordinates":[[[19.931123,50.066881],[19.931134,50.066851],[19.931235,50.066866],[19.931225,50.066896],[19.931123,50.066881]]]}},{"type":"Feature","id":"w693289379","properties":{"type":"yes","residential":true,"residents_est":5,"h3_10":"8a1e2e6b1da7fff","h3_11":"8b1e2e6b1da6fff"},"geometry":{"type":"Polygon","coordinates":[[[19.931059,50.067086],[19.931099,50.066963],[19.931169,50.066973],[19.931178,50.066948],[19.931204,50.066941],[19.931256,50.066949],[19.931272,50.06696],[19.931263,50.066986],[19.931388,50.067003],[19.931348,50.067125],[19.931059,50.067086]]]}},{"type":"Feature","id":"w693289382","properties":{"type":"yes","residential":true,"residents_est":6,"h3_10":"8a1e2e6b1da7fff","h3_11":"8b1e2e6b1da6fff"},"geometry":{"type":"Polygon","coordinates":[[[19.930739,50.067044],[19.930779,50.066918],[19.930895,50.066936],[19.930901,50.06692],[19.930953,50.066927],[19.930956,50.066917],[19.931021,50.066925],[19.931014,50.066949],[19.931099,50.066963],[19.931059,50.067086],[19.930739,50.067044]]]}},{"type":"Feature","id":"w693289383","properties":{"type":"yes","residential":true,"residents_est":11,"h3_10":"8a1e2e6b1db7fff","h3_11":"8b1e2e6b1db5fff"},"geometry":{"type":"Polygon","coordinates":[[[19.930425,50.067003],[19.930568,50.06655],[19.930881,50.066591],[19.930862,50.06665],[19.930637,50.06662],[19.930559,50.066865],[19.930537,50.066862],[19.930532,50.066881],[19.93065,50.066896],[19.930655,50.066882],[19.930693,50.066887],[19.930687,50.066906],[19.930779,50.066918],[19.930739,50.067044],[19.930425,50.067003]]]}},{"type":"Feature","id":"w693289385","properties":{"type":"yes","residential":true,"residents_est":12,"h3_10":"8a1e2e6b1db7fff","h3_11":"8b1e2e6b1db5fff"},"geometry":{"type":"Polygon","coordinates":[[[19.930008,50.066944],[19.930098,50.066651],[19.930207,50.066665],[19.930176,50.066761],[19.930157,50.066769],[19.930106,50.066762],[19.930091,50.066808],[19.930436,50.066854],[19.930447,50.066819],[19.930385,50.066811],[19.93043,50.066677],[19.930523,50.066693],[19.930425,50.067003],[19.930008,50.066944]]]}},{"type":"Feature","id":"w693289386","properties":{"type":"yes","residential":true,"residents_est":7,"h3_10":"8a1e2e6b1db7fff","h3_11":"8b1e2e6b1db4fff"},"geometry":{"type":"Polygon","coordinates":[[[19.929759,50.06691],[19.929829,50.066707],[19.930071,50.066738],[19.930008,50.066944],[19.929759,50.06691]]]}},{"type":"Feature","id":"w693289387","properties":{"type":"service","residential":false,"residents_est":0,"h3_10":"8a1e2e6b1db7fff","h3_11":"8b1e2e6b1db4fff"},"geometry":{"type":"Polygon","coordinates":[[[19.929992,50.066728],[19.93001,50.06667],[19.930088,50.06668],[19.930071,50.066738],[19.929992,50.066728]]]}},{"type":"Feature","id":"w693289388","properties":{"type":"yes","residential":true,"residents_est":1,"h3_10":"8a1e2e6b1db7fff","h3_11":"8b1e2e6b1db4fff"},"geometry":{"type":"Polygon","coordinates":[[[19.929546,50.066886],[19.92956,50.066816],[19.929715,50.066836],[19.929737,50.066781],[19.929799,50.066789],[19.929759,50.06691],[19.929546,50.066886]]]}},{"type":"Feature","id":"w693289390","properties":{"type":"apartments","levels":4.0,"residential":true,"residents_est":6,"h3_10":"8a1e2e6b1db7fff","h3_11":"8b1e2e6b1db4fff"},"geometry":{"type":"Polygon","coordinates":[[[19.929433,50.066697],[19.929541,50.066609],[19.929698,50.066687],[19.929591,50.066777],[19.929433,50.066697]]]}},{"type":"Feature","id":"w693289391","properties":{"type":"apartments","levels":4.0,"residential":true,"residents_est":10,"h3_10":"8a1e2e6b1db7fff","h3_11":"8b1e2e6b1db4fff"},"geometry":{"type":"Polygon","coordinates":[[[19.929541,50.066609],[19.929696,50.066478],[19.929854,50.066557],[19.92981,50.066595],[19.929861,50.066622],[19.9298,50.066672],[19.929756,50.066649],[19.929698,50.066687],[19.929541,50.066609]]]}},{"type":"Feature","id":"w693289392","properties":{"type":"apartments","levels":3.0,"residential":true,"residents_est":13,"h3_10":"8a1e2e6b1db7fff","h3_11":"8b1e2e6b1db4fff"},"geometry":{"type":"Polygon","coordinates":[[[19.929696,50.066478],[19.929881,50.066331],[19.930244,50.06651],[19.930225,50.066541],[19.930244,50.066548],[19.930194,50.066663],[19.930098,50.066651],[19.930083,50.066647],[19.930119,50.066566],[19.930146,50.066571],[19.930172,50.066549],[19.92999,50.06646],[19.929941,50.066463],[19.929913,50.066485],[19.92994,50.066497],[19.929942,50.066515],[19.929873,50.066568],[19.929696,50.066478]]]}},{"type":"Feature","id":"w693289393","properties":{"type":"apartments","levels":3.0,"residential":true,"residents_est":15,"h3_10":"8a1e2e6b1db7fff","h3_11":"8b1e2e6b1db0fff"},"geometry":{"type":"Polygon","coordinates":[[[19.929881,50.066331],[19.930075,50.06617],[19.930515,50.066282],[19.930425,50.066355],[19.930255,50.066271],[19.9302,50.066279],[19.930083,50.066375],[19.930093,50.066393],[19.930113,50.066389],[19.930163,50.066413],[19.930177,50.066402],[19.930254,50.066445],[19.930247,50.06645],[19.930314,50.066487],[19.930302,50.066525],[19.930265,50.066521],[19.929881,50.066331]]]}},{"type":"Feature","id":"w693289394","properties":{"type":"yes","residential":false,"residents_est":0,"h3_10":"8a1e2e6b1db7fff","h3_11":"8b1e2e6b1db0fff"},"geometry":{"type":"Polygon","coordinates":[[[19.930425,50.066259],[19.930436,50.066241],[19.930566,50.066274],[19.930555,50.066292],[19.930425,50.066259]]]}},{"type":"Feature","id":"w693289395","properties":{"type":"yes","residential":true,"residents_est":0,"h3_10":"8a1e2e6b1db7fff","h3_11":"8b1e2e6b1db1fff"},"geometry":{"type":"Polygon","coordinates":[[[19.930589,50.06628],[19.930608,50.06625],[19.930761,50.066289],[19.930741,50.06632],[19.930589,50.06628]]]}},{"type":"Feature","id":"w693289396","properties":{"type":"yes","residential":false,"residents_est":0,"h3_10":"8a1e2e6b1db7fff","h3_11":"8b1e2e6b1db1fff"},"geometry":{"type":"Polygon","coordinates":[[[19.930982,50.066261],[19.931023,50.066238],[19.931109,50.066265],[19.93109,50.066289],[19.930982,50.066261]]]}},{"type":"Feature","id":"w693289397","properties":{"type":"yes","residential":true,"residents_est":1,"h3_10":"8a1e2e6b1db7fff","h3_11":"8b1e2e6b1db1fff"},"geometry":{"type":"Polygon","coordinates":[[[19.931023,50.066238],[19.931083,50.066158],[19.931092,50.066162],[19.931139,50.066098],[19.931221,50.066128],[19.931109,50.066265],[19.931023,50.066238]]]}},{"type":"Feature","id":"w693289398","properties":{"type":"yes","residential":false,"residents_est":0,"h3_10":"8a1e2e6b1d87fff","h3_11":"8b1e2e6b1d86fff"},"geometry":{"type":"Polygon","coordinates":[[[19.931309,50.066046],[19.931357,50.065996],[19.931426,50.066019],[19.93138,50.06607],[19.931309,50.066046]]]}},{"type":"Feature","id":"w693289399","properties":{"type":"yes","residential":true,"residents_est":1,"h3_10":"8a1e2e6b1d87fff","h3_11":"8b1e2e6b1d86fff"},"geometry":{"type":"Polygon","coordinates":[[[19.931185,50.066173],[19.93129,50.06604],[19.931366,50.066065],[19.931264,50.066198],[19.931185,50.066173]]]}},{"type":"Feature","id":"w693289401","properties":{"type":"yes","residential":true,"residents_est":0,"h3_10":"8a1e2e6b1db7fff","h3_11":"8b1e2e6b1db1fff"},"geometry":{"type":"Polygon","coordinates":[[[19.931077,50.066309],[19.931124,50.066247],[19.931197,50.066271],[19.931149,50.066331],[19.931077,50.066309]]]}},{"type":"Feature","id":"w693289402","properties":{"type":"yes","residential":true,"residents_est":0,"h3_10":"8a1e2e6b1db7fff","h3_11":"8b1e2e6b1db1fff"},"geometry":{"type":"Polygon","coordinates":[[[19.931124,50.066247],[19.931185,50.066173],[19.931264,50.066198],[19.931214,50.066274],[19.931124,50.066247]]]}},{"type":"Feature","id":"w693289403","properties":{"type":"yes","residential":true,"residents_est":1,"h3_10":"8a1e2e6b1d87fff","h3_11":"8b1e2e6b1d84fff"},"geometry":{"type":"Polygon","coordinates":[[[19.931134,50.066423],[19.931162,50.066367],[19.931478,50.066431],[19.93145,50.066488],[19.931134,50.066423]]]}},{"type":"Feature","id":"w693289404","properties":{"type":"yes","residential":false,"residents_est":0,"h3_10":"8a1e2e6b1d87fff","h3_11":"8b1e2e6b1d84fff"},"geometry":{"type":"Polygon","coordinates":[[[19.931521,50.066438],[19.931536,50.066421],[19.931556,50.066417],[19.931577,50.066421],[19.93159,50.066441],[19.931571,50.066459],[19.931548,50.066461],[19.931529,50.066453],[19.931521,50.066438]]]}},{"type":"Feature","id":"w693289405","properties":{"type":"yes","residential":true,"residents_est":1,"h3_10":"8a1e2e6b1d87fff","h3_11":"8b1e2e6b1d84fff"},"geometry":{"type":"Polygon","coordinates":[[[19.931266,50.066326],[19.931296,50.066268],[19.931538,50.066321],[19.931507,50.066378],[19.931266,50.066326]]]}},{"type":"Feature","id":"w693289407","properties":{"type":"yes","residential":false,"residents_est":0,"h3_10":"8a1e2e6b1daffff","h3_11":"8b1e2e6b1daefff"},"geometry":{"type":"Polygon","coordinates":[[[19.932576,50.066573],[19.932635,50.066509],[19.932665,50.066521],[19.932606,50.066585],[19.932576,50.066573]]]}},{"type":"Feature","id":"w693289408","properties":{"type":"yes","residential":false,"residents_est":0,"h3_10":"8a1e2e6b1daffff","h3_11":"8b1e2e6b1daafff"},"geometry":{"type":"Polygon","coordinates":[[[19.932808,50.066348],[19.932855,50.066304],[19.932922,50.066333],[19.932874,50.066377],[19.932808,50.066348]]]}},{"type":"Feature","id":"w693289410","properties":{"type":"yes","residential":true,"residents_est":1,"h3_10":"8a1e2e6b1d17fff","h3_11":"8b1e2e6b1d12fff"},"geometry":{"type":"Polygon","coordinates":[[[19.932926,50.067344],[19.932967,50.067212],[19.933127,50.067234],[19.933084,50.067365],[19.932926,50.067344]]]}},{"type":"Feature","id":"w693289411","properties":{"type":"yes","residential":true,"residents_est":1,"h3_10":"8a1e2e6b1d17fff","h3_11":"8b1e2e6b1d13fff"},"geometry":{"type":"Polygon","coordinates":[[[19.933084,50.067365],[19.933127,50.067234],[19.933285,50.067256],[19.933241,50.067387],[19.933084,50.067365]]]}},{"type":"Feature","id":"w693289412","properties":{"type":"yes","residential":true,"residents_est":0,"h3_10":"8a1e2e6b1daffff","h3_11":"8b1e2e6b1dacfff"},"geometry":{"type":"Polygon","coordinates":[[[19.93275,50.06714],[19.932768,50.067107],[19.932779,50.067111],[19.932805,50.067063],[19.932949,50.067091],[19.93293,50.067122],[19.932867,50.067109],[19.932858,50.067128],[19.932844,50.067125],[19.932827,50.067154],[19.93275,50.06714]]]}},{"type":"Feature","id":"w693289413","properties":{"type":"garage","residential":false,"residents_est":0,"h3_10":"8a1e2e6b1daffff","h3_11":"8b1e2e6b1dacfff"},"geometry":{"type":"Polygon","coordinates":[[[19.932796,50.067059],[19.932843,50.067028],[19.932984,50.06706],[19.932966,50.067096],[19.932796,50.067059]]]}},{"type":"Feature","id":"w693289414","properties":{"type":"service","residential":false,"residents_est":0,"h3_10":"8a1e2e6b1da7fff","h3_11":"8b1e2e6b1da1fff"},"geometry":{"type":"Polygon","coordinates":[[[19.932631,50.067083],[19.932658,50.067015],[19.932726,50.067026],[19.9327,50.067094],[19.932631,50.067083]]]}},{"type":"Feature","id":"w693289416","properties":{"type":"yes","residential":true,"residents_est":0,"h3_10":"8a1e2e6b1daffff","h3_11":"8b1e2e6b1dadfff"},"geometry":{"type":"Polygon","coordinates":[[[19.933387,50.066983],[19.933428,50.066894],[19.933496,50.066908],[19.933475,50.066957],[19.933496,50.06696],[19.93348,50.066997],[19.933387,50.066983]]]}},{"type":"Feature","id":"w693289418","properties":{"type":"yes","residential":false,"residents_est":0,"h3_10":"8a1e2e6b1daffff","h3_11":"8b1e2e6b1dabfff"},"geometry":{"type":"Polygon","coordinates":[[[19.933415,50.066299],[19.93346,50.066254],[19.933534,50.066272],[19.933506,50.066317],[19.933415,50.066299]]]}},{"type":"Feature","id":"w693293865","properties":{"type":"yes","residential":true,"residents_est":1,"h3_10":"8a1e2e6b1c37fff","h3_11":"8b1e2e6b1c35fff"},"geometry":{"type":"Polygon","coordinates":[[[19.935186,50.066799],[19.935189,50.06678],[19.935236,50.066787],[19.935351,50.06684],[19.935301,50.066881],[19.935206,50.06684],[19.935227,50.06683],[19.93519,50.066813],[19.935198,50.066801],[19.935186,50.066799]]]}},{"type":"Feature","id":"w693293866","properties":{"type":"yes","residential":false,"residents_est":0,"h3_10":"8a1e2e6b1d1ffff","h3_11":"8b1e2e6b1d1bfff"},"geometry":{"type":"Polygon","coordinates":[[[19.935421,50.067105],[19.935441,50.067077],[19.935512,50.067098],[19.935493,50.067126],[19.935421,50.067105]]]}},{"type":"Feature","id":"w693293867","properties":{"type":"yes","residential":true,"residents_est":1,"h3_10":"8a1e2e6b1c27fff","h3_11":"8b1e2e6b1c26fff"},"geometry":{"type":"Polygon","coordinates":[[[19.935635,50.067158],[19.935652,50.06713],[19.935849,50.06717],[19.93583,50.067223],[19.935701,50.067212],[19.935717,50.067176],[19.935635,50.067158]]]}},{"type":"Feature","id":"w693293868","properties":{"type":"yes","residential":true,"residents_est":1,"h3_10":"8a1e2e6b1c27fff","h3_11":"8b1e2e6b1c22fff"},"geometry":{"type":"Polygon","coordinates":[[[19.935904,50.066709],[19.935959,50.066607],[19.936022,50.066615],[19.936127,50.066641],[19.936071,50.066746],[19.935904,50.066709]]]}},{"type":"Feature","id":"w693293869","properties":{"type":"yes","residential":true,"residents_est":1,"h3_10":"8a1e2e6b1c27fff","h3_11":"8b1e2e6b1c22fff"},"geometry":{"type":"Polygon","coordinates":[[[19.93592,50.066604],[19.935975,50.066522],[19.935989,50.066524],[19.935996,50.066513],[19.93602,50.066503],[19.936087,50.066528],[19.936022,50.066615],[19.93592,50.066604]]]}},{"type":"Feature","id":"w693293870","properties":{"type":"yes","residential":true,"residents_est":1,"h3_10":"8a1e2e6b1c27fff","h3_11":"8b1e2e6b1c22fff"},"geometry":{"type":"Polygon","coordinates":[[[19.936022,50.066615],[19.936145,50.066446],[19.936246,50.066475],[19.936251,50.066491],[19.936158,50.066617],[19.936147,50.066617],[19.936127,50.066641],[19.936022,50.066615]]]}},{"type":"Feature","id":"w693293871","properties":{"type":"yes","residential":true,"residents_est":0,"h3_10":"8a1e2e6b1d1ffff","h3_11":"8b1e2e6b1d1bfff"},"geometry":{"type":"Polygon","coordinates":[[[19.93531,50.066949],[19.935351,50.066871],[19.935429,50.066889],[19.935387,50.066966],[19.93531,50.066949]]]}},{"type":"Feature","id":"w693293872","properties":{"type":"yes","residential":true,"residents_est":1,"h3_10":"8a1e2e6b1d1ffff","h3_11":"8b1e2e6b1d1bfff"},"geometry":{"type":"Polygon","coordinates":[[[19.935387,50.066966],[19.935429,50.066889],[19.935568,50.06692],[19.935529,50.066994],[19.935387,50.066966]]]}},{"type":"Feature","id":"w693293873","properties":{"type":"yes","residential":false,"residents_est":0,"h3_10":"8a1e2e6b1c27fff","h3_11":"8b1e2e6b1c23fff"},"geometry":{"type":"Polygon","coordinates":[[[19.936946,50.066729],[19.936954,50.066635],[19.937,50.066636],[19.936993,50.066731],[19.936946,50.066729]]]}},{"type":"Feature","id":"w693293874","properties":{"type":"school","name":"Ogólnokształcąca Szkoła Muzyczna I stopnia im. I. J. Paderewskiego","residential":false,"residents_est":0,"h3_10":"8a1e2e6b1c07fff","h3_11":"8b1e2e6b1c05fff"},"geometry":{"type":"Polygon","coordinates":[[[19.937493,50.066461],[19.9375,50.066321],[19.937851,50.066334],[19.937818,50.066615],[19.937744,50.06661],[19.93776,50.066415],[19.93769,50.066412],[19.937681,50.066429],[19.937667,50.066431],[19.937652,50.06643],[19.937641,50.066422],[19.93764,50.066412],[19.937574,50.066409],[19.937555,50.066605],[19.937498,50.066603],[19.937508,50.066462],[19.937493,50.066461]]]}},{"type":"Feature","id":"w693293875","properties":{"type":"yes","residential":true,"residents_est":1,"h3_10":"8a1e2e6b1c2ffff","h3_11":"8b1e2e6b1c2efff"},"geometry":{"type":"Polygon","coordinates":[[[19.937818,50.066615],[19.937835,50.06647],[19.937884,50.066473],[19.937879,50.066497],[19.937902,50.066502],[19.93791,50.06651],[19.937912,50.066559],[19.937898,50.06662],[19.937818,50.066615]]]}},{"type":"Feature","id":"w693293877","properties":{"type":"yes","residential":false,"residents_est":0,"h3_10":"8a1e2e6b1c2ffff","h3_11":"8b1e2e6b1c2afff"},"geometry":{"type":"Polygon","coordinates":[[[19.938002,50.066506],[19.938003,50.066479],[19.93807,50.06648],[19.938069,50.06651],[19.938002,50.066506]]]}},{"type":"Feature","id":"w693293878","properties":{"type":"yes","residential":false,"residents_est":0,"h3_10":"8a1e2e6b1c2ffff","h3_11":"8b1e2e6b1c2efff"},"geometry":{"type":"Polygon","coordinates":[[[19.937857,50.066789],[19.937861,50.066744],[19.937947,50.066746],[19.937927,50.066791],[19.937857,50.066789]]]}},{"type":"Feature","id":"w693293879","properties":{"type":"yes","residential":true,"residents_est":1,"h3_10":"8a1e2e6b1c2ffff","h3_11":"8b1e2e6b1c2efff"},"geometry":{"type":"Polygon","coordinates":[[[19.937807,50.066787],[19.937818,50.066615],[19.937872,50.066619],[19.937857,50.066789],[19.937807,50.066787]]]}},{"type":"Feature","id":"w693617224","properties":{"type":"yes","residential":false,"residents_est":0,"h3_10":"8a1e2e6b1d1ffff","h3_11":"8b1e2e6b1d1cfff"},"geometry":{"type":"Polygon","coordinates":[[[19.934183,50.067754],[19.934212,50.067704],[19.934245,50.067712],[19.934243,50.067722],[19.934276,50.067729],[19.934253,50.067771],[19.934183,50.067754]]]}},{"type":"Feature","id":"w693617225","properties":{"type":"yes","residential":false,"residents_est":0,"h3_10":"8a1e2e6b1d07fff","h3_11":"8b1e2e6b1d02fff"},"geometry":{"type":"Polygon","coordinates":[[[19.934089,50.067936],[19.934119,50.067883],[19.934183,50.067896],[19.934156,50.06795],[19.934089,50.067936]]]}},{"type":"Feature","id":"w693617227","properties":{"type":"yes","residential":false,"residents_est":0,"h3_10":"8a1e2e6b1d07fff","h3_11":"8b1e2e6b1d06fff"},"geometry":{"type":"Polygon","coordinates":[[[19.933698,50.068564],[19.933719,50.068532],[19.93371,50.068529],[19.933722,50.068518],[19.933804,50.068543],[19.933774,50.068587],[19.933698,50.068564]]]}},{"type":"Feature","id":"w693895333","properties":{"type":"residential","levels":3.0,"residential":true,"residents_est":11,"h3_10":"8a1e2e6b1ccffff","h3_11":"8b1e2e6b1ccbfff"},"geometry":{"type":"Polygon","coordinates":[[[19.941104,50.062494],[19.94144,50.062398],[19.941523,50.062512],[19.941409,50.062545],[19.9414,50.062532],[19.941371,50.062542],[19.941353,50.062516],[19.941323,50.062525],[19.941338,50.062548],[19.94133,50.062562],[19.941347,50.062586],[19.941382,50.062574],[19.941403,50.062579],[19.941423,50.062588],[19.941436,50.062608],[19.941225,50.062664],[19.941104,50.062494]]]}},{"type":"Feature","id":"w695419710","properties":{"type":"yes","residential":false,"residents_est":0,"h3_10":"8a1e2e6b1cf7fff","h3_11":"8b1e2e6b1cf4fff"},"geometry":{"type":"Polygon","coordinates":[[[19.937105,50.064074],[19.937151,50.06406],[19.937188,50.064107],[19.937141,50.064122],[19.937105,50.064074]]]}},{"type":"Feature","id":"r9676676","properties":{"type":"yes","levels":4.0,"residential":true,"residents_est":5,"h3_10":"8a1e2e6b1c9ffff","h3_11":"8b1e2e6b1c9afff"},"geometry":{"type":"Polygon","coordinates":[[[19.934513,50.061736],[19.934648,50.061683],[19.934872,50.061906],[19.934744,50.061958],[19.934673,50.061898],[19.934513,50.061736]],[[19.934672,50.061838],[19.934726,50.061889],[19.934747,50.061881],[19.934754,50.061889],[19.934814,50.061867],[19.934752,50.061804],[19.934672,50.061838]]]}},{"type":"Feature","id":"w696221499","properties":{"type":"yes","residential":true,"residents_est":0,"h3_10":"8a1e2e6b1c9ffff","h3_11":"8b1e2e6b1c9bfff"},"geometry":{"type":"Polygon","coordinates":[[[19.934776,50.061997],[19.93485,50.061968],[19.934825,50.06194],[19.934884,50.061917],[19.934906,50.061939],[19.934894,50.061944],[19.934925,50.061973],[19.934797,50.062022],[19.934776,50.061997]]]}},{"type":"Feature","id":"w696225412","properties":{"type":"yes","levels":1.0,"residential":true,"residents_est":0,"h3_10":"8a1e2e6b1d17fff","h3_11":"8b1e2e6b1d12fff"},"geometry":{"type":"Polygon","coordinates":[[[19.932925,50.067547],[19.932951,50.067485],[19.933091,50.067502],[19.933073,50.067562],[19.933027,50.067558],[19.933025,50.067563],[19.932925,50.067547]]]}},{"type":"Feature","id":"w696225413","properties":{"type":"yes","residential":false,"residents_est":0,"h3_10":"8a1e2e6b1d17fff","h3_11":"8b1e2e6b1d10fff"},"geometry":{"type":"Polygon","coordinates":[[[19.932787,50.067882],[19.932811,50.067821],[19.932856,50.067828],[19.932832,50.06789],[19.932787,50.067882]]]}},{"type":"Feature","id":"w696225414","properties":{"type":"yes","residential":false,"residents_est":0,"h3_10":"8a1e2e6b1d17fff","h3_11":"8b1e2e6b1d10fff"},"geometry":{"type":"Polygon","coordinates":[[[19.932811,50.067821],[19.932834,50.067761],[19.932875,50.067767],[19.932852,50.067828],[19.932811,50.067821]]]}},{"type":"Feature","id":"w702091262","properties":{"type":"yes","residential":true,"residents_est":1,"h3_10":"8a1e2e6b1db7fff","h3_11":"8b1e2e6b1db6fff"},"geometry":{"type":"Polygon","coordinates":[[[19.929205,50.066126],[19.929243,50.066097],[19.929408,50.066188],[19.929371,50.066216],[19.929205,50.066126]]]}},{"type":"Feature","id":"w702091263","properties":{"type":"yes","residential":true,"residents_est":0,"h3_10":"8a1e2e6b1db7fff","h3_11":"8b1e2e6b1db6fff"},"geometry":{"type":"Polygon","coordinates":[[[19.929141,50.066171],[19.929205,50.066126],[19.929276,50.066164],[19.929213,50.06621],[19.929141,50.066171]]]}},{"type":"Feature","id":"r9931414","properties":{"type":"yes","levels":3.0,"name":"Kamienica Molendowska","residential":true,"residents_est":5,"h3_10":"8a1e2e6b1cdffff","h3_11":"8b1e2e6b1cddfff"},"geometry":{"type":"Polygon","coordinates":[[[19.939926,50.062886],[19.940423,50.062726],[19.940484,50.062821],[19.940003,50.062978],[19.939926,50.062886]],[[19.940225,50.062847],[19.940255,50.062887],[19.940361,50.062854],[19.940358,50.062845],[19.940395,50.062832],[19.940403,50.062841],[19.940419,50.062836],[19.940382,50.062793],[19.940225,50.062847]]]}},{"type":"Feature","id":"w714594968","properties":{"type":"yes","residential":true,"residents_est":1,"h3_10":"8a1e2e6b1ccffff","h3_11":"8b1e2e6b1ccafff"},"geometry":{"type":"Polygon","coordinates":[[[19.940639,50.062765],[19.940707,50.062743],[19.940785,50.062835],[19.940707,50.062866],[19.940639,50.062765]]]}},{"type":"Feature","id":"w714594969","properties":{"type":"yes","residential":false,"residents_est":0,"h3_10":"8a1e2e6b1ccffff","h3_11":"8b1e2e6b1ccafff"},"geometry":{"type":"Polygon","coordinates":[[[19.940623,50.062887],[19.940701,50.062859],[19.940725,50.062885],[19.940648,50.062916],[19.940623,50.062887]]]}},{"type":"Feature","id":"w714594970","properties":{"type":"yes","residential":false,"residents_est":0,"h3_10":"8a1e2e6b1ccffff","h3_11":"8b1e2e6b1ccafff"},"geometry":{"type":"Polygon","coordinates":[[[19.940595,50.062851],[19.940679,50.062825],[19.940701,50.062859],[19.940623,50.062887],[19.940595,50.062851]]]}},{"type":"Feature","id":"w714594971","properties":{"type":"yes","residential":true,"residents_est":1,"h3_10":"8a1e2e6b1ccffff","h3_11":"8b1e2e6b1ccefff"},"geometry":{"type":"Polygon","coordinates":[[[19.940458,50.06283],[19.940563,50.062802],[19.940596,50.062855],[19.940651,50.062922],[19.94056,50.062952],[19.940458,50.06283]]]}},{"type":"Feature","id":"w714594972","properties":{"type":"yes","name":"Kamienica Pinkarusowska","residential":true,"residents_est":1,"h3_10":"8a1e2e6b1ccffff","h3_11":"8b1e2e6b1ccefff"},"geometry":{"type":"Polygon","coordinates":[[[19.940102,50.063098],[19.940403,50.063003],[19.940434,50.06304],[19.940137,50.06314],[19.940102,50.063098]]]}},{"type":"Feature","id":"w714594973","properties":{"type":"yes","residential":true,"residents_est":1,"h3_10":"8a1e2e6b1ccffff","h3_11":"8b1e2e6b1ccefff"},"geometry":{"type":"Polygon","coordinates":[[[19.940622,50.063041],[19.940715,50.063014],[19.940788,50.063114],[19.940704,50.063142],[19.940622,50.063041]]]}},{"type":"Feature","id":"w714594974","properties":{"type":"yes","residential":false,"residents_est":0,"h3_10":"8a1e2e6b1ccffff","h3_11":"8b1e2e6b1ccefff"},"geometry":{"type":"Polygon","coordinates":[[[19.940604,50.063162],[19.940675,50.063143],[19.940714,50.063196],[19.940646,50.063219],[19.940604,50.063162]]]}},{"type":"Feature","id":"w714594975","properties":{"type":"yes","residential":false,"residents_est":0,"h3_10":"8a1e2e6b1ccffff","h3_11":"8b1e2e6b1ccefff"},"geometry":{"type":"Polygon","coordinates":[[[19.940514,50.063169],[19.940524,50.063171],[19.940598,50.063139],[19.940583,50.063118],[19.940636,50.063103],[19.940664,50.063146],[19.940624,50.063154],[19.940533,50.063193],[19.940514,50.063169]]]}},{"type":"Feature","id":"w714594976","properties":{"type":"yes","residential":true,"residents_est":2,"h3_10":"8a1e2e6b1ccffff","h3_11":"8b1e2e6b1ccefff"},"geometry":{"type":"Polygon","coordinates":[[[19.940209,50.063223],[19.940367,50.063163],[19.940367,50.063155],[19.940472,50.063118],[19.940532,50.063192],[19.940249,50.06328],[19.940209,50.063223]]]}},{"type":"Feature","id":"w714594977","properties":{"type":"yes","residential":true,"residents_est":1,"h3_10":"8a1e2e6b1ccffff","h3_11":"8b1e2e6b1ccefff"},"geometry":{"type":"Polygon","coordinates":[[[19.940246,50.063281],[19.940541,50.06319],[19.940578,50.063243],[19.940286,50.06333],[19.940246,50.063281]]]}},{"type":"Feature","id":"w714594978","properties":{"type":"yes","residential":false,"residents_est":0,"h3_10":"8a1e2e6b1ccffff","h3_11":"8b1e2e6b1cccfff"},"geometry":{"type":"Polygon","coordinates":[[[19.940684,50.063329],[19.940749,50.063303],[19.940778,50.06331],[19.940801,50.063335],[19.940717,50.063366],[19.940684,50.063329]]]}},{"type":"Feature","id":"w714594979","properties":{"type":"yes","residential":true,"residents_est":1,"h3_10":"8a1e2e6b1ccffff","h3_11":"8b1e2e6b1cccfff"},"geometry":{"type":"Polygon","coordinates":[[[19.94076,50.063251],[19.940849,50.063218],[19.940914,50.063292],[19.940828,50.063325],[19.94076,50.063251]]]}},{"type":"Feature","id":"w714594980","properties":{"type":"yes","residential":true,"residents_est":1,"h3_10":"8a1e2e6b1ccffff","h3_11":"8b1e2e6b1cccfff"},"geometry":{"type":"Polygon","coordinates":[[[19.940771,50.063414],[19.940877,50.063377],[19.940831,50.063325],[19.940928,50.063287],[19.941015,50.063387],[19.940815,50.063457],[19.940771,50.063414]]]}},{"type":"Feature","id":"w714594981","properties":{"type":"yes","residential":true,"residents_est":5,"h3_10":"8a1e2e6b1ccffff","h3_11":"8b1e2e6b1cccfff"},"geometry":{"type":"Polygon","coordinates":[[[19.940411,50.063468],[19.940726,50.063364],[19.940817,50.06346],[19.940643,50.063513],[19.940487,50.06357],[19.940478,50.063558],[19.940483,50.063556],[19.940411,50.063468]]]}},{"type":"Feature","id":"w714594982","properties":{"type":"yes","address":"Szpitalna 24","residential":true,"residents_est":4,"h3_10":"8a1e2e6b1ccffff","h3_11":"8b1e2e6b1cc8fff"},"geometry":{"type":"Polygon","coordinates":[[[19.940968,50.063067],[19.941255,50.062947],[19.941302,50.063013],[19.941288,50.063017],[19.941305,50.06304],[19.941319,50.063036],[19.941328,50.063049],[19.941029,50.063151],[19.940968,50.063067]]]}},{"type":"Feature","id":"w714681029","properties":{"type":"yes","residential":true,"residents_est":1,"h3_10":"8a1e2e6b1cf7fff","h3_11":"8b1e2e6b1cf1fff"},"geometry":{"type":"Polygon","coordinates":[[[19.938013,50.063697],[19.938209,50.063626],[19.938233,50.063663],[19.938206,50.063673],[19.938216,50.063684],[19.938192,50.063692],[19.938182,50.063682],[19.938043,50.063729],[19.938013,50.063697]]]}},{"type":"Feature","id":"r9932481","properties":{"type":"apartments","levels":3.0,"residential":true,"residents_est":13,"h3_10":"8a1e2e6b1cf7fff","h3_11":"8b1e2e6b1cf1fff"},"geometry":{"type":"Polygon","coordinates":[[[19.937793,50.063858],[19.93826,50.063699],[19.938365,50.06384],[19.937887,50.063989],[19.937793,50.063858]],[[19.938097,50.06385],[19.938125,50.063886],[19.938159,50.063875],[19.938145,50.063857],[19.938151,50.063849],[19.93825,50.063816],[19.938205,50.063754],[19.938112,50.063783],[19.938141,50.06382],[19.938114,50.06383],[19.938112,50.063842],[19.938097,50.06385]]]}},{"type":"Feature","id":"w714681033","properties":{"type":"yes","residential":false,"residents_est":0,"h3_10":"8a1e2e6b1cd7fff","h3_11":"8b1e2e6b1cd4fff"},"geometry":{"type":"Polygon","coordinates":[[[19.937221,50.062932],[19.937281,50.062911],[19.937321,50.062967],[19.937268,50.062984],[19.937221,50.062932]]]}},{"type":"Feature","id":"w714681034","properties":{"type":"yes","residential":true,"residents_est":2,"h3_10":"8a1e2e6b1cdffff","h3_11":"8b1e2e6b1cd9fff"},"geometry":{"type":"Polygon","coordinates":[[[19.940555,50.062457],[19.940624,50.062436],[19.94062,50.062431],[19.940624,50.062429],[19.940586,50.062382],[19.940804,50.062306],[19.940868,50.062388],[19.940574,50.062481],[19.940555,50.062457]]]}},{"type":"Feature","id":"r9932482","properties":{"type":"residential","levels":5.0,"name":"Kamienica Hipolitów","residential":true,"residents_est":14,"h3_10":"8a1e2e6b1cdffff","h3_11":"8b1e2e6b1cdbfff"},"geometry":{"type":"Polygon","coordinates":[[[19.939954,50.061891],[19.939976,50.061891],[19.940024,50.061878],[19.940024,50.061872],[19.940103,50.061853],[19.9401,50.061848],[19.940163,50.061829],[19.940254,50.06194],[19.940313,50.062024],[19.940107,50.062082],[19.940102,50.062077],[19.940089,50.06208],[19.939954,50.061891]],[[19.940048,50.062019],[19.940056,50.062032],[19.940065,50.06203],[19.940077,50.062045],[19.940158,50.062016],[19.940272,50.061987],[19.940246,50.061949],[19.940184,50.061969],[19.94018,50.061965],[19.94016,50.06197],[19.940164,50.061976],[19.940051,50.062012],[19.940054,50.062017],[19.940048,50.062019]]]}},{"type":"Feature","id":"w714681037","properties":{"type":"yes","residential":false,"residents_est":0,"h3_10":"8a1e2e6b1cdffff","h3_11":"8b1e2e6b1cdbfff"},"geometry":{"type":"Polygon","coordinates":[[[19.939959,50.062077],[19.940062,50.062044],[19.940089,50.06208],[19.939988,50.062113],[19.939959,50.062077]]]}},{"type":"Feature","id":"r9932668","properties":{"type":"yes","levels":3.0,"residential":true,"residents_est":7,"h3_10":"8a1e2e6b1c9ffff","h3_11":"8b1e2e6b1c9efff"},"geometry":{"type":"Polygon","coordinates":[[[19.933618,50.062107],[19.933926,50.061976],[19.934095,50.062189],[19.934104,50.062185],[19.934111,50.062195],[19.93402,50.062226],[19.934031,50.062239],[19.933812,50.062321],[19.933618,50.062107]],[[19.933787,50.062165],[19.933841,50.062225],[19.933836,50.062227],[19.933854,50.062248],[19.934074,50.062168],[19.934046,50.062133],[19.93403,50.062138],[19.934023,50.062128],[19.934037,50.062122],[19.934006,50.062084],[19.933832,50.062155],[19.933827,50.06215],[19.933787,50.062165]]]}},{"type":"Feature","id":"w714703615","properties":{"type":"yes","residential":true,"residents_est":1,"h3_10":"8a1e2e6b1c9ffff","h3_11":"8b1e2e6b1c9efff"},"geometry":{"type":"Polygon","coordinates":[[[19.93432,50.062263],[19.934441,50.062214],[19.934489,50.062275],[19.934375,50.062319],[19.93432,50.062263]]]}},{"type":"Feature","id":"w837482982","properties":{"type":"apartments","levels":3.0,"residential":true,"residents_est":6,"h3_10":"8a1e2e6b1ce7fff","h3_11":"8b1e2e6b1ce2fff"},"geometry":{"type":"Polygon","coordinates":[[[19.938361,50.063979],[19.938383,50.063972],[19.938363,50.063948],[19.938422,50.063928],[19.938486,50.06402],[19.938586,50.063985],[19.938609,50.063999],[19.93867,50.064079],[19.93858,50.064105],[19.938569,50.064112],[19.938571,50.064116],[19.938475,50.064141],[19.938361,50.063979]]]}},{"type":"Feature","id":"r13562708","properties":{"type":"yes","name":"Barbakan","residential":true,"residents_est":4,"h3_10":"8a1e2e6b1c47fff","h3_11":"8b1e2e6b1c42fff"},"geometry":{"type":"Polygon","coordinates":[[[19.941413,50.06546],[19.941516,50.065429],[19.941467,50.065317],[19.941618,50.065286],[19.941666,50.06539],[19.941802,50.065404],[19.941823,50.065422],[19.94185,50.065464],[19.941855,50.065481],[19.941852,50.065518],[19.94184,50.065547],[19.941803,50.065584],[19.941776,50.065602],[19.941717,50.065623],[19.941626,50.065631],[19.941536,50.065613],[19.941519,50.065624],[19.941506,50.065616],[19.941521,50.065607],[19.941474,50.065574],[19.941465,50.065569],[19.94145,50.065578],[19.941439,50.06557],[19.941457,50.065559],[19.941433,50.06551],[19.941435,50.065465],[19.941419,50.06547],[19.941413,50.06546]],[[19.941451,50.065489],[19.941474,50.065495],[19.941476,50.065505],[19.941454,50.065509],[19.941459,50.065528],[19.941482,50.065527],[19.941506,50.065555],[19.941543,50.065582],[19.941592,50.065598],[19.941593,50.065611],[19.941625,50.065615],[19.941629,50.065602],[19.941671,50.065601],[19.941678,50.065616],[19.941709,50.065611],[19.941702,50.065596],[19.94174,50.065584],[19.941755,50.065595],[19.94178,50.065581],[19.941766,50.065569],[19.941792,50.065548],[19.941813,50.065555],[19.941828,50.065536],[19.941806,50.065529],[19.941815,50.065501],[19.941838,50.065502],[19.941837,50.065481],[19.941813,50.065481],[19.941805,50.065459],[19.941828,50.065454],[19.941814,50.065435],[19.941792,50.06544],[19.941763,50.065415],[19.941669,50.065408],[19.941635,50.065416],[19.941583,50.06531],[19.941516,50.065324],[19.941569,50.06543],[19.941485,50.065457],[19.941478,50.065471],[19.941454,50.065473],[19.941451,50.065489]]]}},{"type":"Feature","id":"w1039863519","properties":{"type":"retail","levels":1.0,"residential":false,"residents_est":0,"h3_10":"8a1e2e6b1c0ffff","h3_11":"8b1e2e6b1c09fff"},"geometry":{"type":"Polygon","coordinates":[[[19.939378,50.065617],[19.939393,50.065599],[19.939385,50.065579],[19.939412,50.065549],[19.939458,50.065566],[19.939466,50.065586],[19.939423,50.065633],[19.939378,50.065617]]]}},{"type":"Feature","id":"w1039863546","properties":{"type":"apartments","levels":3.0,"residential":true,"residents_est":2,"h3_10":"8a1e2e6b1caffff","h3_11":"8b1e2e6b1ca9fff"},"geometry":{"type":"Polygon","coordinates":[[[19.936521,50.064297],[19.936608,50.064275],[19.936663,50.064361],[19.936557,50.064384],[19.936551,50.064347],[19.936521,50.064297]]]}},{"type":"Feature","id":"w1039863668","properties":{"type":"outbuilding","levels":1.0,"residential":false,"residents_est":0,"h3_10":"8a1e2e6b1d07fff","h3_11":"8b1e2e6b1d01fff"},"geometry":{"type":"Polygon","coordinates":[[[19.934809,50.068708],[19.934896,50.06849],[19.934947,50.068499],[19.93486,50.068717],[19.934809,50.068708]]]}},{"type":"Feature","id":"w1039863670","properties":{"type":"outbuilding","levels":1.0,"residential":false,"residents_est":0,"h3_10":"8a1e2e6b1d57fff","h3_11":"8b1e2e6b1d54fff"},"geometry":{"type":"Polygon","coordinates":[[[19.937611,50.068381],[19.937625,50.068338],[19.937702,50.068346],[19.937689,50.068391],[19.937611,50.068381]]]}},{"type":"Feature","id":"w1076853993","properties":{"type":"yes","address":"Długa 20","residential":true,"residents_est":6,"h3_10":"8a1e2e6b1d57fff","h3_11":"8b1e2e6b1d53fff"},"geometry":{"type":"Polygon","coordinates":[[[19.938136,50.067687],[19.938211,50.067583],[19.93822,50.067584],[19.938227,50.067557],[19.938533,50.067587],[19.938486,50.067726],[19.938136,50.067687]]]}},{"type":"Feature","id":"w1262935396","properties":{"type":"service","residential":false,"residents_est":0,"h3_10":"8a1e2e6b1d97fff","h3_11":"8b1e2e6b1d90fff"},"geometry":{"type":"Polygon","coordinates":[[[19.930439,50.065334],[19.930457,50.06528],[19.930596,50.0653],[19.930578,50.065353],[19.930439,50.065334]]]}},{"type":"Feature","id":"w1290347119","properties":{"type":"roof","residential":false,"residents_est":0,"h3_10":"8a1e2e6b1d97fff","h3_11":"8b1e2e6b1d90fff"},"geometry":{"type":"Polygon","coordinates":[[[19.930776,50.065266],[19.930809,50.065246],[19.93082,50.065231],[19.930859,50.065237],[19.93084,50.06526],[19.930807,50.065285],[19.930776,50.065266]]]}},{"type":"Feature","id":"w1296081024","properties":{"type":"roof","residential":false,"residents_est":0,"h3_10":"8a1e2e6b1c77fff","h3_11":"8b1e2e6b1c70fff"},"geometry":{"type":"Polygon","coordinates":[[[19.939896,50.066452],[19.93991,50.066408],[19.939954,50.066378],[19.940243,50.066309],[19.940253,50.066316],[19.939974,50.06638],[19.939948,50.06639],[19.939915,50.066421],[19.93991,50.066461],[19.939922,50.066482],[19.940044,50.06661],[19.940027,50.066609],[19.93991,50.066486],[19.939896,50.066452]]]}},{"type":"Feature","id":"w1377734354","properties":{"type":"yes","residential":true,"residents_est":12,"h3_10":"8a1e2e6b1ce7fff","h3_11":"8b1e2e6b1ce5fff"},"geometry":{"type":"Polygon","coordinates":[[[19.93927,50.065085],[19.939337,50.06503],[19.939389,50.064998],[19.939611,50.064907],[19.939713,50.064879],[19.939773,50.065004],[19.939627,50.065033],[19.939637,50.065054],[19.939515,50.065081],[19.939532,50.065116],[19.939819,50.06506],[19.939844,50.06511],[19.939332,50.065213],[19.93927,50.065085]]]}},{"type":"Feature","id":"w1417064674","properties":{"type":"yes","levels":9.0,"residential":true,"residents_est":23,"h3_10":"8a1e2e6b1caffff","h3_11":"8b1e2e6b1ca8fff"},"geometry":{"type":"Polygon","coordinates":[[[19.935454,50.064257],[19.935898,50.06412],[19.935944,50.064231],[19.935793,50.064271],[19.935762,50.064262],[19.935749,50.064265],[19.935752,50.064271],[19.935768,50.064273],[19.935767,50.064293],[19.935748,50.064299],[19.935761,50.064303],[19.935786,50.064294],[19.935886,50.064323],[19.935892,50.064316],[19.935907,50.064321],[19.935844,50.064411],[19.935832,50.064407],[19.935817,50.064428],[19.935455,50.064319],[19.935464,50.064306],[19.935464,50.06427],[19.935454,50.064257]]]}},{"type":"Feature","id":"w1430089603","properties":{"type":"service","residential":false,"residents_est":0,"h3_10":"8a1e2e6b1c67fff","h3_11":"8b1e2e6b1c66fff"},"geometry":{"type":"Polygon","coordinates":[[[19.94062,50.066915],[19.940726,50.066888],[19.940749,50.066926],[19.940643,50.066952],[19.94062,50.066915]]]}},{"type":"Feature","id":"w1452910683","properties":{"type":"retail","levels":1.0,"residential":false,"residents_est":0,"h3_10":"8a1e2e6b1d4ffff","h3_11":"8b1e2e6b1d4bfff"},"geometry":{"type":"Polygon","coordinates":[[[19.941238,50.067844],[19.941599,50.067729],[19.941651,50.067808],[19.941309,50.067918],[19.941238,50.067844]]]}},{"type":"Feature","id":"w1452910694","properties":{"type":"retail","name":"50-ka","residential":false,"residents_est":0,"h3_10":"8a1e2e6b1c67fff","h3_11":"8b1e2e6b1c64fff"},"geometry":{"type":"Polygon","coordinates":[[[19.941061,50.067305],[19.941114,50.067291],[19.941141,50.067333],[19.941089,50.067347],[19.941061,50.067305]]]}},{"type":"Feature","id":"w1452910695","properties":{"type":"retail","residential":false,"residents_est":0,"h3_10":"8a1e2e6b1c67fff","h3_11":"8b1e2e6b1c64fff"},"geometry":{"type":"Polygon","coordinates":[[[19.941129,50.067287],[19.941181,50.067273],[19.941208,50.067314],[19.941156,50.067328],[19.941129,50.067287]]]}},{"type":"Feature","id":"w1452910696","properties":{"type":"retail","name":"artykuły greckie","residential":false,"residents_est":0,"h3_10":"8a1e2e6b1c67fff","h3_11":"8b1e2e6b1c66fff"},"geometry":{"type":"Polygon","coordinates":[[[19.94109,50.067229],[19.941141,50.067215],[19.941169,50.067257],[19.941117,50.067271],[19.94109,50.067229]]]}},{"type":"Feature","id":"w1452910697","properties":{"type":"retail","residential":false,"residents_est":0,"h3_10":"8a1e2e6b1c67fff","h3_11":"8b1e2e6b1c66fff"},"geometry":{"type":"Polygon","coordinates":[[[19.941022,50.067248],[19.941074,50.067233],[19.941101,50.067275],[19.941049,50.067289],[19.941022,50.067248]]]}},{"type":"Feature","id":"w1452910698","properties":{"type":"retail","name":"Sekret Smaku","residential":false,"residents_est":0,"h3_10":"8a1e2e6b1c67fff","h3_11":"8b1e2e6b1c64fff"},"geometry":{"type":"Polygon","coordinates":[[[19.940904,50.067349],[19.940956,50.067334],[19.940984,50.067376],[19.940933,50.06739],[19.940904,50.067349]]]}},{"type":"Feature","id":"w1452910699","properties":{"type":"retail","residential":false,"residents_est":0,"h3_10":"8a1e2e6b1c67fff","h3_11":"8b1e2e6b1c64fff"},"geometry":{"type":"Polygon","coordinates":[[[19.940972,50.06733],[19.941024,50.067316],[19.941052,50.067357],[19.941,50.067372],[19.940972,50.06733]]]}},{"type":"Feature","id":"w1452910700","properties":{"type":"retail","residential":false,"residents_est":0,"h3_10":"8a1e2e6b1c67fff","h3_11":"8b1e2e6b1c66fff"},"geometry":{"type":"Polygon","coordinates":[[[19.940933,50.067272],[19.940985,50.067258],[19.941013,50.067299],[19.940961,50.067314],[19.940933,50.067272]]]}},{"type":"Feature","id":"w1452910701","properties":{"type":"retail","residential":false,"residents_est":0,"h3_10":"8a1e2e6b1c67fff","h3_11":"8b1e2e6b1c66fff"},"geometry":{"type":"Polygon","coordinates":[[[19.940866,50.06729],[19.940919,50.067276],[19.940945,50.067318],[19.940893,50.067332],[19.940866,50.06729]]]}},{"type":"Feature","id":"w1452910702","properties":{"type":"retail","name":"Fokarnia Focacceria","residential":false,"residents_est":0,"h3_10":"8a1e2e6b1d5ffff","h3_11":"8b1e2e6b1d59fff"},"geometry":{"type":"Polygon","coordinates":[[[19.940839,50.067421],[19.940894,50.0674],[19.940924,50.067432],[19.940869,50.067453],[19.940839,50.067421]]]}},{"type":"Feature","id":"w1452910703","properties":{"type":"retail","residential":false,"residents_est":0,"h3_10":"8a1e2e6b1c67fff","h3_11":"8b1e2e6b1c66fff"},"geometry":{"type":"Polygon","coordinates":[[[19.94076,50.067194],[19.940821,50.067176],[19.940844,50.067209],[19.940783,50.067227],[19.94076,50.067194]]]}},{"type":"Feature","id":"w1452910704","properties":{"type":"retail","name":"WINNICZEK","residential":false,"residents_est":0,"h3_10":"8a1e2e6b1c67fff","h3_11":"8b1e2e6b1c66fff"},"geometry":{"type":"Polygon","coordinates":[[[19.940852,50.067169],[19.940913,50.067151],[19.940936,50.067184],[19.940876,50.067202],[19.940852,50.067169]]]}},{"type":"Feature","id":"w1452910705","properties":{"type":"retail","residential":false,"residents_est":0,"h3_10":"8a1e2e6b1c67fff","h3_11":"8b1e2e6b1c66fff"},"geometry":{"type":"Polygon","coordinates":[[[19.940821,50.067126],[19.940889,50.067107],[19.940907,50.067142],[19.940844,50.067158],[19.940821,50.067126]]]}},{"type":"Feature","id":"w1452910706","properties":{"type":"retail","residential":false,"residents_est":0,"h3_10":"8a1e2e6b1c67fff","h3_11":"8b1e2e6b1c66fff"},"geometry":{"type":"Polygon","coordinates":[[[19.940729,50.06715],[19.940796,50.067132],[19.940816,50.067165],[19.940753,50.067183],[19.940729,50.06715]]]}},{"type":"Feature","id":"w1452910707","properties":{"type":"retail","residential":false,"residents_est":0,"h3_10":"8a1e2e6b1c67fff","h3_11":"8b1e2e6b1c66fff"},"geometry":{"type":"Polygon","coordinates":[[[19.94068,50.067095],[19.940745,50.067077],[19.940767,50.06711],[19.940702,50.067128],[19.94068,50.067095]]]}},{"type":"Feature","id":"w1452910708","properties":{"type":"retail","name":"Forma Tutto Pasta","residential":false,"residents_est":0,"h3_10":"8a1e2e6b1c67fff","h3_11":"8b1e2e6b1c66fff"},"geometry":{"type":"Polygon","coordinates":[[[19.940651,50.067052],[19.940715,50.067034],[19.940737,50.067067],[19.940673,50.067085],[19.940651,50.067052]]]}},{"type":"Feature","id":"w1452910709","properties":{"type":"retail","residential":false,"residents_est":0,"h3_10":"8a1e2e6b1c67fff","h3_11":"8b1e2e6b1c66fff"},"geometry":{"type":"Polygon","coordinates":[[[19.94077,50.06707],[19.940834,50.067052],[19.940856,50.067085],[19.940793,50.067103],[19.94077,50.06707]]]}},{"type":"Feature","id":"w1452910710","properties":{"type":"retail","name":"art.spożywcze, bakalie, zdrowa żywność","residential":false,"residents_est":0,"h3_10":"8a1e2e6b1c67fff","h3_11":"8b1e2e6b1c66fff"},"geometry":{"type":"Polygon","coordinates":[[[19.940741,50.067027],[19.940805,50.067009],[19.940827,50.067042],[19.940763,50.06706],[19.940741,50.067027]]]}},{"type":"Feature","id":"w1452914935","properties":{"type":"retail","name":"Bom Dia","residential":false,"residents_est":0,"h3_10":"8a1e2e6b1d4ffff","h3_11":"8b1e2e6b1d4afff"},"geometry":{"type":"Polygon","coordinates":[[[19.941057,50.06765],[19.94111,50.067629],[19.941141,50.067661],[19.941087,50.067683],[19.941057,50.06765]]]}},{"type":"Feature","id":"w1452914936","properties":{"type":"retail","residential":false,"residents_est":0,"h3_10":"8a1e2e6b1c67fff","h3_11":"8b1e2e6b1c64fff"},"geometry":{"type":"Polygon","coordinates":[[[19.940933,50.06752],[19.940988,50.067498],[19.941017,50.067531],[19.940964,50.067552],[19.940933,50.06752]]]}},{"type":"Feature","id":"w1452914939","properties":{"type":"retail","residential":false,"residents_est":0,"h3_10":"8a1e2e6b1c67fff","h3_11":"8b1e2e6b1c64fff"},"geometry":{"type":"Polygon","coordinates":[[[19.940886,50.06747],[19.94094,50.067449],[19.94097,50.067481],[19.940916,50.067502],[19.940886,50.06747]]]}},{"type":"Feature","id":"w1471458515","properties":{"type":"yes","residential":true,"residents_est":0,"h3_10":"8a1e2e6b1c8ffff","h3_11":"8b1e2e6b1c89fff"},"geometry":{"type":"Polygon","coordinates":[[[19.936695,50.063151],[19.936772,50.063125],[19.936834,50.063201],[19.936757,50.063227],[19.936695,50.063151]]]}},{"type":"Feature","id":"w1491175425","properties":{"type":"retail","name":"Grande Italia","residential":false,"residents_est":0,"h3_10":"8a1e2e6b1c67fff","h3_11":"8b1e2e6b1c66fff"},"geometry":{"type":"Polygon","coordinates":[[[19.940946,50.067131],[19.940997,50.067118],[19.941024,50.067159],[19.940973,50.067173],[19.940946,50.067131]]]}},{"type":"Feature","id":"w1491175426","properties":{"type":"retail","name":"Janas","residential":false,"residents_est":0,"h3_10":"8a1e2e6b1c67fff","h3_11":"8b1e2e6b1c66fff"},"geometry":{"type":"Polygon","coordinates":[[[19.941013,50.067113],[19.941064,50.067099],[19.941092,50.067141],[19.94104,50.067155],[19.941013,50.067113]]]}},{"type":"Feature","id":"w1491175428","properties":{"type":"retail","residential":false,"residents_est":0,"h3_10":"8a1e2e6b1c67fff","h3_11":"8b1e2e6b1c62fff"},"geometry":{"type":"Polygon","coordinates":[[[19.940928,50.066823],[19.940986,50.066807],[19.941031,50.066875],[19.940972,50.06689],[19.940928,50.066823]]]}},{"type":"Feature","id":"w1491175431","properties":{"type":"retail","name":"Hiszpańskie produkty","residential":false,"residents_est":0,"h3_10":"8a1e2e6b1c67fff","h3_11":"8b1e2e6b1c66fff"},"geometry":{"type":"Polygon","coordinates":[[[19.940934,50.066993],[19.940986,50.066979],[19.941013,50.06702],[19.940961,50.067035],[19.940934,50.066993]]]}},{"type":"Feature","id":"w1491175448","properties":{"type":"retail","residential":false,"residents_est":0,"h3_10":"8a1e2e6b1c67fff","h3_11":"8b1e2e6b1c64fff"},"geometry":{"type":"Polygon","coordinates":[[[19.940981,50.06757],[19.941035,50.067549],[19.941094,50.067611],[19.94104,50.067632],[19.940981,50.06757]]]}},{"type":"Feature","id":"w1491175449","properties":{"type":"retail","residential":false,"residents_est":0,"h3_10":"8a1e2e6b1d5ffff","h3_11":"8b1e2e6b1d59fff"},"geometry":{"type":"Polygon","coordinates":[[[19.940766,50.067345],[19.94082,50.067323],[19.94088,50.067385],[19.940826,50.067407],[19.940766,50.067345]]]}},{"type":"Feature","id":"w1491175450","properties":{"type":"retail","residential":false,"residents_est":0,"h3_10":"8a1e2e6b1c67fff","h3_11":"8b1e2e6b1c66fff"},"geometry":{"type":"Polygon","coordinates":[[[19.940693,50.067268],[19.940746,50.067247],[19.940805,50.06731],[19.940752,50.06733],[19.940693,50.067268]]]}},{"type":"Feature","id":"w1491175455","properties":{"type":"retail","residential":false,"residents_est":0,"h3_10":"8a1e2e6b1c77fff","h3_11":"8b1e2e6b1c75fff"},"geometry":{"type":"Polygon","coordinates":[[[19.940511,50.066914],[19.940565,50.0669],[19.940588,50.066938],[19.940534,50.066952],[19.940511,50.066914]]]}},{"type":"Feature","id":"w1491175456","properties":{"type":"retail","residential":false,"residents_est":0,"h3_10":"8a1e2e6b1d4ffff","h3_11":"8b1e2e6b1d4afff"},"geometry":{"type":"Polygon","coordinates":[[[19.941184,50.067783],[19.941237,50.067763],[19.941266,50.067794],[19.941214,50.067815],[19.941184,50.067783]]]}},{"type":"Feature","id":"w1491175457","properties":{"type":"retail","residential":false,"residents_est":0,"h3_10":"8a1e2e6b1d4ffff","h3_11":"8b1e2e6b1d4afff"},"geometry":{"type":"Polygon","coordinates":[[[19.941103,50.067699],[19.941157,50.067677],[19.941216,50.067739],[19.941162,50.067761],[19.941103,50.067699]]]}},{"type":"Feature","id":"w1491175458","properties":{"type":"retail","residential":false,"residents_est":0,"h3_10":"8a1e2e6b1d4ffff","h3_11":"8b1e2e6b1d4bfff"},"geometry":{"type":"Polygon","coordinates":[[[19.94151,50.067702],[19.941569,50.067686],[19.941591,50.06772],[19.941533,50.067736],[19.94151,50.067702]]]}},{"type":"Feature","id":"w1491175459","properties":{"type":"retail","residential":false,"residents_est":0,"h3_10":"8a1e2e6b1d4ffff","h3_11":"8b1e2e6b1d4bfff"},"geometry":{"type":"Polygon","coordinates":[[[19.941455,50.067619],[19.941514,50.067603],[19.941558,50.06767],[19.9415,50.067686],[19.941455,50.067619]]]}},{"type":"Feature","id":"w1491175462","properties":{"type":"retail","residential":false,"residents_est":0,"h3_10":"8a1e2e6b1c67fff","h3_11":"8b1e2e6b1c64fff"},"geometry":{"type":"Polygon","coordinates":[[[19.941378,50.067503],[19.94143,50.067489],[19.941479,50.067564],[19.941428,50.067578],[19.941378,50.067503]]]}},{"type":"Feature","id":"w1491175463","properties":{"type":"retail","residential":false,"residents_est":0,"h3_10":"8a1e2e6b1c67fff","h3_11":"8b1e2e6b1c64fff"},"geometry":{"type":"Polygon","coordinates":[[[19.941311,50.067413],[19.941363,50.067399],[19.941413,50.067475],[19.941361,50.067489],[19.941311,50.067413]]]}},{"type":"Feature","id":"w1491175464","properties":{"type":"retail","residential":false,"residents_est":0,"h3_10":"8a1e2e6b1c67fff","h3_11":"8b1e2e6b1c64fff"},"geometry":{"type":"Polygon","coordinates":[[[19.941263,50.067329],[19.941321,50.067313],[19.941365,50.06738],[19.941307,50.067396],[19.941263,50.067329]]]}},{"type":"Feature","id":"w1491175465","properties":{"type":"retail","residential":false,"residents_est":0,"h3_10":"8a1e2e6b1c67fff","h3_11":"8b1e2e6b1c64fff"},"geometry":{"type":"Polygon","coordinates":[[[19.941205,50.067242],[19.941263,50.067226],[19.941307,50.067293],[19.941249,50.067309],[19.941205,50.067242]]]}},{"type":"Feature","id":"w1491175466","properties":{"type":"retail","residential":false,"residents_est":0,"h3_10":"8a1e2e6b1c67fff","h3_11":"8b1e2e6b1c66fff"},"geometry":{"type":"Polygon","coordinates":[[[19.941149,50.067159],[19.941208,50.067143],[19.941253,50.06721],[19.941194,50.067226],[19.941149,50.067159]]]}},{"type":"Feature","id":"w1491175467","properties":{"type":"retail","name":"Ukraiński Smak","residential":false,"residents_est":0,"h3_10":"8a1e2e6b1c67fff","h3_11":"8b1e2e6b1c66fff"},"geometry":{"type":"Polygon","coordinates":[[[19.941051,50.067171],[19.941102,50.067157],[19.94113,50.067198],[19.941079,50.067213],[19.941051,50.067171]]]}},{"type":"Feature","id":"w1491175468","properties":{"type":"retail","residential":false,"residents_est":0,"h3_10":"8a1e2e6b1c67fff","h3_11":"8b1e2e6b1c66fff"},"geometry":{"type":"Polygon","coordinates":[[[19.940984,50.06719],[19.941036,50.067175],[19.941063,50.067217],[19.941011,50.067231],[19.940984,50.06719]]]}},{"type":"Feature","id":"w1491175469","properties":{"type":"retail","residential":false,"residents_est":0,"h3_10":"8a1e2e6b1c67fff","h3_11":"8b1e2e6b1c66fff"},"geometry":{"type":"Polygon","coordinates":[[[19.940887,50.067226],[19.940951,50.067209],[19.940974,50.067242],[19.940908,50.067259],[19.940887,50.067226]]]}},{"type":"Feature","id":"w1491175470","properties":{"type":"retail","residential":false,"residents_est":0,"h3_10":"8a1e2e6b1c67fff","h3_11":"8b1e2e6b1c66fff"},"geometry":{"type":"Polygon","coordinates":[[[19.940617,50.067187],[19.940671,50.067166],[19.94073,50.067228],[19.940676,50.067249],[19.940617,50.067187]]]}},{"type":"Feature","id":"w1491175471","properties":{"type":"retail","name":"Zalewski Wyroby Tradycyjne Garmażeria","residential":false,"residents_est":0,"h3_10":"8a1e2e6b1c67fff","h3_11":"8b1e2e6b1c66fff"},"geometry":{"type":"Polygon","coordinates":[[[19.940569,50.067137],[19.940624,50.067116],[19.940654,50.067148],[19.940599,50.067169],[19.940569,50.067137]]]}},{"type":"Feature","id":"w1491175472","properties":{"type":"retail","residential":false,"residents_est":0,"h3_10":"8a1e2e6b1c67fff","h3_11":"8b1e2e6b1c66fff"},"geometry":{"type":"Polygon","coordinates":[[[19.940496,50.067061],[19.940551,50.067039],[19.94061,50.067101],[19.940555,50.067123],[19.940496,50.067061]]]}},{"type":"Feature","id":"w1491175473","properties":{"type":"retail","residential":false,"residents_est":0,"h3_10":"8a1e2e6b1d5ffff","h3_11":"8b1e2e6b1d5bfff"},"geometry":{"type":"Polygon","coordinates":[[[19.940423,50.066984],[19.940477,50.066962],[19.940536,50.067025],[19.940481,50.067046],[19.940423,50.066984]]]}},{"type":"Feature","id":"w1491175474","properties":{"type":"retail","residential":false,"residents_est":0,"h3_10":"8a1e2e6b1c67fff","h3_11":"8b1e2e6b1c66fff"},"geometry":{"type":"Polygon","coordinates":[[[19.940583,50.066997],[19.940687,50.066968],[19.940712,50.067006],[19.940608,50.067034],[19.940583,50.066997]]]}},{"type":"Feature","id":"w1491175475","properties":{"type":"retail","name":"DZIKI TROP","residential":false,"residents_est":0,"h3_10":"8a1e2e6b1c67fff","h3_11":"8b1e2e6b1c66fff"},"geometry":{"type":"Polygon","coordinates":[[[19.940712,50.066962],[19.940765,50.066947],[19.94079,50.066985],[19.940737,50.066999],[19.940712,50.066962]]]}},{"type":"Feature","id":"w1491175476","properties":{"type":"retail","residential":false,"residents_est":0,"h3_10":"8a1e2e6b1c67fff","h3_11":"8b1e2e6b1c66fff"},"geometry":{"type":"Polygon","coordinates":[[[19.940866,50.067011],[19.940918,50.066997],[19.940945,50.067039],[19.940894,50.067053],[19.940866,50.067011]]]}},{"type":"Feature","id":"w1491175477","properties":{"type":"retail","name":"Węgierskie Specjały","residential":false,"residents_est":0,"h3_10":"8a1e2e6b1c67fff","h3_11":"8b1e2e6b1c66fff"},"geometry":{"type":"Polygon","coordinates":[[[19.940905,50.067069],[19.940956,50.067055],[19.940984,50.067097],[19.940932,50.067111],[19.940905,50.067069]]]}},{"type":"Feature","id":"w1491175478","properties":{"type":"retail","residential":false,"residents_est":0,"h3_10":"8a1e2e6b1c67fff","h3_11":"8b1e2e6b1c66fff"},"geometry":{"type":"Polygon","coordinates":[[[19.940972,50.067051],[19.941024,50.067037],[19.941051,50.067079],[19.941,50.067093],[19.940972,50.067051]]]}},{"type":"Feature","id":"w1491175479","properties":{"type":"retail","residential":false,"residents_est":0,"h3_10":"8a1e2e6b1c67fff","h3_11":"8b1e2e6b1c66fff"},"geometry":{"type":"Polygon","coordinates":[[[19.941095,50.067076],[19.941152,50.06706],[19.941198,50.067127],[19.941139,50.067143],[19.941095,50.067076]]]}},{"type":"Feature","id":"w1491175480","properties":{"type":"retail","residential":false,"residents_est":0,"h3_10":"8a1e2e6b1c67fff","h3_11":"8b1e2e6b1c66fff"},"geometry":{"type":"Polygon","coordinates":[[[19.94104,50.066993],[19.941099,50.066978],[19.941143,50.067045],[19.941084,50.06706],[19.94104,50.066993]]]}},{"type":"Feature","id":"w1491175481","properties":{"type":"retail","residential":false,"residents_est":0,"h3_10":"8a1e2e6b1c67fff","h3_11":"8b1e2e6b1c66fff"},"geometry":{"type":"Polygon","coordinates":[[[19.940982,50.066906],[19.941041,50.06689],[19.941085,50.066958],[19.941027,50.066973],[19.940982,50.066906]]]}},{"type":"Feature","id":"w1491175482","properties":{"type":"retail","name":"Kafejka kawa","residential":false,"residents_est":0,"h3_10":"8a1e2e6b1c67fff","h3_11":"8b1e2e6b1c66fff"},"geometry":{"type":"Polygon","coordinates":[[[19.94079,50.066895],[19.940841,50.066881],[19.940869,50.066922],[19.940817,50.066936],[19.94079,50.066895]]]}},{"type":"Feature","id":"w1491175483","properties":{"type":"retail","residential":false,"residents_est":0,"h3_10":"8a1e2e6b1c67fff","h3_11":"8b1e2e6b1c66fff"},"geometry":{"type":"Polygon","coordinates":[[[19.940829,50.066953],[19.94088,50.066939],[19.940907,50.066981],[19.940856,50.066995],[19.940829,50.066953]]]}},{"type":"Feature","id":"w1491175484","properties":{"type":"retail","residential":false,"residents_est":0,"h3_10":"8a1e2e6b1c67fff","h3_11":"8b1e2e6b1c66fff"},"geometry":{"type":"Polygon","coordinates":[[[19.940896,50.066935],[19.940947,50.066921],[19.940974,50.066962],[19.940923,50.066976],[19.940896,50.066935]]]}},{"type":"Feature","id":"w1491175485","properties":{"type":"retail","residential":false,"residents_est":0,"h3_10":"8a1e2e6b1c67fff","h3_11":"8b1e2e6b1c66fff"},"geometry":{"type":"Polygon","coordinates":[[[19.940858,50.066877],[19.940909,50.066863],[19.940936,50.066904],[19.940885,50.066918],[19.940858,50.066877]]]}},{"type":"Feature","id":"w1515551605","properties":{"type":"yes","residential":false,"residents_est":0,"h3_10":"8a1e2e6b1c77fff","h3_11":"8b1e2e6b1c76fff"},"geometry":{"type":"Polygon","coordinates":[[[19.939595,50.066387],[19.939597,50.066373],[19.939762,50.066379],[19.939761,50.066392],[19.939595,50.066387]]]}}]}