{"type":"FeatureCollection","features":[{"type":"Feature","id":"w39407991","properties":{"type":"yes","levels":4.0,"name":"Staromiejskie Centrum Kultury Młodzieży","residential":false,"residents_est":0,"h3_10":"8a1e2e6b3327fff","h3_11":"8b1e2e6b3322fff"},"geometry":{"type":"Polygon","coordinates":[[[19.940892,50.046248],[19.940921,50.046197],[19.940915,50.046196],[19.941007,50.046033],[19.941013,50.046034],[19.941044,50.045979],[19.941262,50.046004],[19.941232,50.046078],[19.941236,50.046079],[19.941112,50.0463],[19.940892,50.046248]]]}},{"type":"Feature","id":"w108518429","properties":{"type":"school","levels":2.0,"residential":false,"residents_est":0,"h3_10":"8a1e2e6b3327fff","h3_11":"8b1e2e6b3323fff"},"geometry":{"type":"Polygon","coordinates":[[[19.941502,50.046063],[19.941532,50.045985],[19.941538,50.045942],[19.941587,50.04595],[19.941573,50.045989],[19.941881,50.046039],[19.94189,50.046017],[19.942162,50.046076],[19.942122,50.046163],[19.941963,50.046137],[19.941948,50.046176],[19.941942,50.046175],[19.941945,50.046167],[19.941844,50.046151],[19.941841,50.046158],[19.941835,50.046157],[19.941849,50.046118],[19.941502,50.046063]]]}},{"type":"Feature","id":"w119860673","properties":{"type":"yes","name":"KS Korona","residential":true,"residents_est":10,"h3_10":"8a1e2e6b320ffff","h3_11":"8b1e2e6b320dfff"},"geometry":{"type":"Polygon","coordinates":[[[19.945576,50.042845],[19.945838,50.042638],[19.946128,50.042789],[19.946121,50.042794],[19.946265,50.042869],[19.946017,50.043066],[19.945893,50.043002],[19.945897,50.042999],[19.945875,50.042988],[19.945865,50.042995],[19.945576,50.042845]]]}},{"type":"Feature","id":"w121690760","properties":{"type":"yes","levels":2.0,"residential":true,"residents_est":2,"h3_10":"8a1e2e6b32dffff","h3_11":"8b1e2e6b32dafff"},"geometry":{"type":"Polygon","coordinates":[[[19.945836,50.038851],[19.946015,50.038695],[19.946247,50.038786],[19.946118,50.038964],[19.945836,50.038851]]]}},{"type":"Feature","id":"w135911603","properties":{"type":"kindergarten","levels":1.0,"residential":false,"residents_est":0,"h3_10":"8a1e2e6b32cffff","h3_11":"8b1e2e6b32cafff"},"geometry":{"type":"Polygon","coordinates":[[[19.947552,50.039575],[19.947613,50.039534],[19.947628,50.039542],[19.947666,50.039516],[19.94791,50.039657],[19.947872,50.039685],[19.947887,50.039694],[19.947829,50.039735],[19.947738,50.039683],[19.947705,50.03967],[19.947685,50.039683],[19.947646,50.039662],[19.947666,50.039646],[19.947552,50.039575]]]}},{"type":"Feature","id":"w136550894","properties":{"type":"apartments","levels":4.0,"name":"Kamienica Aleksandrowiczów","residential":true,"residents_est":10,"h3_10":"8a1e2e6b336ffff","h3_11":"8b1e2e6b336afff"},"geometry":{"type":"Polygon","coordinates":[[[19.947403,50.0457],[19.94748,50.045584],[19.94749,50.045586],[19.947618,50.045628],[19.947609,50.045639],[19.947646,50.045651],[19.947632,50.04567],[19.947683,50.045686],[19.947705,50.045658],[19.947846,50.045702],[19.948018,50.045699],[19.948033,50.045831],[19.947996,50.045849],[19.947403,50.0457]]]}},{"type":"Feature","id":"w136552439","properties":{"type":"detached","residential":true,"residents_est":1,"h3_10":"8a1e2e6b324ffff","h3_11":"8b1e2e6b324bfff"},"geometry":{"type":"Polygon","coordinates":[[[19.950793,50.042154],[19.950864,50.04209],[19.950963,50.042136],[19.950892,50.042199],[19.950793,50.042154]]]}},{"type":"Feature","id":"w136552440","properties":{"type":"apartments","levels":3.0,"address":"Jana Zamoyskiego 10","residential":true,"residents_est":3,"h3_10":"8a1e2e6b3247fff","h3_11":"8b1e2e6b3246fff"},"geometry":{"type":"Polygon","coordinates":[[[19.947897,50.042909],[19.948005,50.042755],[19.948104,50.042784],[19.948074,50.042823],[19.948044,50.042814],[19.948025,50.042839],[19.948178,50.04289],[19.948108,50.042976],[19.947897,50.042909]]]}},{"type":"Feature","id":"w136552442","properties":{"type":"apartments","levels":3.0,"residential":true,"residents_est":2,"h3_10":"8a1e2e6b324ffff","h3_11":"8b1e2e6b3248fff"},"geometry":{"type":"Polygon","coordinates":[[[19.950507,50.042414],[19.950525,50.042385],[19.950537,50.042387],[19.950546,50.042369],[19.950533,50.042366],[19.950541,50.042351],[19.950546,50.042352],[19.95057,50.042318],[19.950585,50.042321],[19.950611,50.042279],[19.950669,50.042294],[19.950678,50.042279],[19.950766,50.0423],[19.950662,50.042449],[19.950507,50.042414]]]}},{"type":"Feature","id":"w136552443","properties":{"type":"apartments","levels":3.0,"address":"Jana Zamoyskiego 4","residential":true,"residents_est":4,"h3_10":"8a1e2e6b3247fff","h3_11":"8b1e2e6b3245fff"},"geometry":{"type":"Polygon","coordinates":[[[19.948768,50.043191],[19.948849,50.043088],[19.949129,50.043174],[19.949046,50.043276],[19.948768,50.043191]]]}},{"type":"Feature","id":"w136553046","properties":{"type":"yes","levels":1.0,"residential":true,"residents_est":0,"h3_10":"8a1e2e6b334ffff","h3_11":"8b1e2e6b3349fff"},"geometry":{"type":"Polygon","coordinates":[[[19.948938,50.045305],[19.948996,50.045146],[19.949114,50.045164],[19.949056,50.045323],[19.948938,50.045305]]]}},{"type":"Feature","id":"w136553287","properties":{"type":"apartments","levels":5.0,"residential":true,"residents_est":8,"h3_10":"8a1e2e6b3347fff","h3_11":"8b1e2e6b3343fff"},"geometry":{"type":"Polygon","coordinates":[[[19.946259,50.044968],[19.946362,50.044876],[19.946443,50.044916],[19.946476,50.044888],[19.946702,50.045001],[19.946635,50.04503],[19.946628,50.045025],[19.946586,50.045044],[19.946592,50.045049],[19.946573,50.045058],[19.946565,50.045061],[19.946554,50.045055],[19.946507,50.045076],[19.946478,50.045062],[19.946464,50.045067],[19.946259,50.044968]]]}},{"type":"Feature","id":"w136553290","properties":{"type":"apartments","levels":3.0,"residential":true,"residents_est":6,"h3_10":"8a1e2e6b3267fff","h3_11":"8b1e2e6b3264fff"},"geometry":{"type":"Polygon","coordinates":[[[19.947974,50.044516],[19.948124,50.044453],[19.948344,50.044564],[19.948464,50.044636],[19.948341,50.044762],[19.948207,50.044706],[19.948253,50.04466],[19.948073,50.044572],[19.947974,50.044516]]]}},{"type":"Feature","id":"w136575551","properties":{"type":"apartments","levels":6.0,"address":"Ignacego Krasickiego 19","residential":true,"residents_est":27,"h3_10":"8a1e2e6b32b7fff","h3_11":"8b1e2e6b32b1fff"},"geometry":{"type":"Polygon","coordinates":[[[19.939824,50.040332],[19.939981,50.040292],[19.940427,50.041012],[19.94027,50.041052],[19.939824,50.040332]]]}},{"type":"Feature","id":"w136647345","properties":{"type":"apartments","levels":3.0,"residential":true,"residents_est":5,"h3_10":"8a1e2e6b334ffff","h3_11":"8b1e2e6b334afff"},"geometry":{"type":"Polygon","coordinates":[[[19.947682,50.044648],[19.947974,50.044516],[19.948073,50.044572],[19.948055,50.04462],[19.947945,50.04467],[19.947955,50.044678],[19.947915,50.044697],[19.947904,50.044688],[19.947784,50.044744],[19.947682,50.044648]]]}},{"type":"Feature","id":"w136647354","properties":{"type":"yes","levels":2.0,"name":"KS Korona","residential":true,"residents_est":9,"h3_10":"8a1e2e6b3277fff","h3_11":"8b1e2e6b3272fff"},"geometry":{"type":"Polygon","coordinates":[[[19.946221,50.043107],[19.946369,50.042988],[19.946472,50.043042],[19.946558,50.04297],[19.94646,50.042919],[19.946748,50.042691],[19.946804,50.042721],[19.946742,50.042767],[19.947076,50.042945],[19.947112,50.042915],[19.947169,50.042945],[19.94691,50.04315],[19.94681,50.043099],[19.946718,50.043168],[19.946819,50.043222],[19.94667,50.04334],[19.946221,50.043107]]]}},{"type":"Feature","id":"w136647355","properties":{"type":"yes","levels":3.0,"residential":true,"residents_est":2,"h3_10":"8a1e2e6b335ffff","h3_11":"8b1e2e6b335cfff"},"geometry":{"type":"Polygon","coordinates":[[[19.946472,50.044885],[19.946504,50.04486],[19.946515,50.04486],[19.946589,50.044895],[19.946803,50.044801],[19.946933,50.044899],[19.946701,50.045],[19.946472,50.044885]]]}},{"type":"Feature","id":"w136650623","properties":{"type":"yes","levels":4.0,"address":"Kalwaryjska 12","residential":true,"residents_est":3,"h3_10":"8a1e2e6b3277fff","h3_11":"8b1e2e6b3274fff"},"geometry":{"type":"Polygon","coordinates":[[[19.946235,50.043808],[19.946487,50.043607],[19.946764,50.04375],[19.94666,50.043836],[19.946389,50.043694],[19.946364,50.043713],[19.946419,50.043742],[19.946299,50.043838],[19.946235,50.043808]]]}},{"type":"Feature","id":"w136650633","properties":{"type":"yes","levels":3.0,"address":"Sokolska 13","residential":true,"residents_est":5,"h3_10":"8a1e2e6b3357fff","h3_11":"8b1e2e6b3353fff"},"geometry":{"type":"Polygon","coordinates":[[[19.945266,50.044301],[19.94538,50.044232],[19.945524,50.044331],[19.945573,50.044301],[19.945626,50.044305],[19.945674,50.044337],[19.945785,50.04427],[19.945692,50.044206],[19.945734,50.044181],[19.945932,50.044317],[19.94562,50.044508],[19.945555,50.044508],[19.945481,50.044455],[19.945486,50.044452],[19.945266,50.044301]]]}},{"type":"Feature","id":"w137276126","properties":{"type":"apartments","levels":2.0,"residential":true,"residents_est":3,"h3_10":"8a1e2e6b32e7fff","h3_11":"8b1e2e6b32e5fff"},"geometry":{"type":"Polygon","coordinates":[[[19.946313,50.0419],[19.94657,50.041807],[19.946602,50.041844],[19.946522,50.041872],[19.946496,50.041871],[19.946485,50.041859],[19.946453,50.041871],[19.946572,50.042004],[19.946601,50.041994],[19.946588,50.041978],[19.946595,50.041964],[19.946727,50.041913],[19.946734,50.041914],[19.946779,50.041965],[19.946475,50.042081],[19.946313,50.0419]]]}},{"type":"Feature","id":"w137276129","properties":{"type":"apartments","levels":2.0,"address":"Kalwaryjska 31","residential":true,"residents_est":2,"h3_10":"8a1e2e6b321ffff","h3_11":"8b1e2e6b321efff"},"geometry":{"type":"Polygon","coordinates":[[[19.943501,50.041841],[19.94365,50.041764],[19.943845,50.041864],[19.943731,50.041958],[19.943501,50.041841]]]}},{"type":"Feature","id":"w137276740","properties":{"type":"office","levels":2.0,"residential":false,"residents_est":0,"h3_10":"8a1e2e6b320ffff","h3_11":"8b1e2e6b320bfff"},"geometry":{"type":"Polygon","coordinates":[[[19.946109,50.042137],[19.946158,50.042105],[19.946236,50.042141],[19.946261,50.042124],[19.946206,50.042065],[19.94627,50.042013],[19.946449,50.042223],[19.946381,50.042265],[19.946218,50.042193],[19.946109,50.042137]]]}},{"type":"Feature","id":"w137276742","properties":{"type":"apartments","levels":4.0,"residential":true,"residents_est":4,"h3_10":"8a1e2e6b32e7fff","h3_11":"8b1e2e6b32e2fff"},"geometry":{"type":"Polygon","coordinates":[[[19.945361,50.040963],[19.945529,50.040923],[19.945623,50.041092],[19.945479,50.041124],[19.945459,50.041107],[19.945473,50.0411],[19.945378,50.041013],[19.945389,50.041011],[19.945361,50.040963]]]}},{"type":"Feature","id":"w151661860","properties":{"type":"apartments","levels":3.0,"residential":true,"residents_est":6,"h3_10":"8a1e2e6b326ffff","h3_11":"8b1e2e6b3268fff"},"geometry":{"type":"Polygon","coordinates":[[[19.950263,50.043664],[19.950387,50.043665],[19.950389,50.043689],[19.950516,50.04369],[19.95052,50.043684],[19.950707,50.043691],[19.950709,50.043672],[19.950772,50.043672],[19.950748,50.04372],[19.950678,50.043824],[19.95046,50.04382],[19.950456,50.043905],[19.950429,50.043925],[19.950376,50.043923],[19.950407,50.043739],[19.950264,50.04371],[19.950263,50.043664]]]}},{"type":"Feature","id":"w151661863","properties":{"type":"apartments","levels":2.0,"residential":true,"residents_est":5,"h3_10":"8a1e2e6b326ffff","h3_11":"8b1e2e6b326cfff"},"geometry":{"type":"Polygon","coordinates":[[[19.94987,50.043988],[19.94988,50.043736],[19.950264,50.04371],[19.950271,50.04372],[19.950281,50.043777],[19.950091,50.043791],[19.950092,50.043758],[19.950054,50.043758],[19.950047,50.043961],[19.950162,50.043965],[19.950163,50.043943],[19.950371,50.043949],[19.950363,50.043999],[19.94987,50.043988]]]}},{"type":"Feature","id":"w151661866","properties":{"type":"apartments","levels":3.0,"residential":true,"residents_est":12,"h3_10":"8a1e2e6b326ffff","h3_11":"8b1e2e6b326cfff"},"geometry":{"type":"Polygon","coordinates":[[[19.949855,50.044186],[19.949856,50.04413],[19.949866,50.04413],[19.949869,50.043988],[19.950363,50.043999],[19.950351,50.044257],[19.950304,50.044256],[19.950305,50.04424],[19.950247,50.044238],[19.95026,50.044057],[19.950045,50.044051],[19.950033,50.044298],[19.950069,50.044299],[19.950064,50.044276],[19.950072,50.044269],[19.950346,50.044277],[19.950344,50.04434],[19.949855,50.044332],[19.949865,50.044186],[19.949855,50.044186]]]}},{"type":"Feature","id":"w151661868","properties":{"type":"yes","residential":true,"residents_est":4,"h3_10":"8a1e2e6b326ffff","h3_11":"8b1e2e6b326dfff"},"geometry":{"type":"Polygon","coordinates":[[[19.950363,50.043999],[19.950376,50.043923],[19.950429,50.043925],[19.950445,50.043939],[19.950631,50.043941],[19.950629,50.043949],[19.9507,50.043952],[19.9507,50.043963],[19.950743,50.043964],[19.950744,50.043935],[19.950723,50.04393],[19.950727,50.043904],[19.950748,50.043901],[19.950752,50.043854],[19.950932,50.043862],[19.950918,50.044015],[19.95052,50.044009],[19.950363,50.043999]]]}},{"type":"Feature","id":"w151661871","properties":{"type":"apartments","levels":4.0,"residential":true,"residents_est":2,"h3_10":"8a1e2e6b326ffff","h3_11":"8b1e2e6b3269fff"},"geometry":{"type":"Polygon","coordinates":[[[19.950775,50.043855],[19.950783,50.043791],[19.950803,50.043791],[19.950806,50.043759],[19.950943,50.043765],[19.950932,50.043862],[19.950775,50.043855]]]}},{"type":"Feature","id":"w151722870","properties":{"type":"yes","levels":5.0,"residential":true,"residents_est":6,"h3_10":"8a1e2e6b332ffff","h3_11":"8b1e2e6b332cfff"},"geometry":{"type":"Polygon","coordinates":[[[19.942232,50.04649],[19.942276,50.046376],[19.942642,50.046434],[19.94263,50.046464],[19.942718,50.046478],[19.942647,50.046663],[19.942474,50.046635],[19.942504,50.046548],[19.942379,50.046529],[19.942384,50.046516],[19.942232,50.04649]]]}},{"type":"Feature","id":"w151722879","properties":{"type":"yes","levels":2.0,"residential":true,"residents_est":3,"h3_10":"8a1e2e6b3327fff","h3_11":"8b1e2e6b3325fff"},"geometry":{"type":"Polygon","coordinates":[[[19.941377,50.047025],[19.941559,50.046603],[19.941763,50.04664],[19.941718,50.046743],[19.941741,50.046747],[19.941672,50.046909],[19.941588,50.046895],[19.941658,50.046733],[19.941535,50.046711],[19.941443,50.046924],[19.941652,50.046955],[19.941607,50.047058],[19.941731,50.047077],[19.941717,50.047107],[19.941681,50.047101],[19.941659,50.047151],[19.941696,50.047158],[19.941679,50.047191],[19.941584,50.047174],[19.941597,50.047142],[19.941554,50.047134],[19.941566,50.047103],[19.941379,50.047071],[19.941397,50.047028],[19.941377,50.047025]]]}},{"type":"Feature","id":"w151722885","properties":{"type":"yes","levels":5.0,"residential":true,"residents_est":3,"h3_10":"8a1e2e6b3327fff","h3_11":"8b1e2e6b3320fff"},"geometry":{"type":"Polygon","coordinates":[[[19.941158,50.046613],[19.941234,50.046462],[19.941422,50.046502],[19.941344,50.046655],[19.941158,50.046613]]]}},{"type":"Feature","id":"w151722893","properties":{"type":"yes","levels":5.0,"residential":true,"residents_est":6,"h3_10":"8a1e2e6b3327fff","h3_11":"8b1e2e6b3320fff"},"geometry":{"type":"Polygon","coordinates":[[[19.940716,50.046562],[19.940716,50.046557],[19.94073,50.04656],[19.940745,50.046534],[19.940731,50.046531],[19.940734,50.046527],[19.940758,50.046533],[19.940774,50.046503],[19.94075,50.046498],[19.940752,50.046494],[19.940776,50.046499],[19.940791,50.046471],[19.940766,50.046465],[19.940781,50.046465],[19.940807,50.046416],[19.940794,50.046413],[19.940796,50.046409],[19.940821,50.046415],[19.940837,50.046386],[19.940813,50.046378],[19.940838,50.046384],[19.940854,50.046354],[19.940843,50.046352],[19.940873,50.046296],[19.940883,50.046298],[19.940906,50.046256],[19.940883,50.04625],[19.940886,50.046246],[19.941089,50.046294],[19.941079,50.046305],[19.941091,50.046308],[19.941084,50.046321],[19.941076,50.04632],[19.941063,50.046344],[19.941074,50.046346],[19.941037,50.046417],[19.94102,50.046414],[19.941015,50.046423],[19.941032,50.046427],[19.941024,50.046442],[19.941011,50.046439],[19.940988,50.046483],[19.941,50.046489],[19.940987,50.046485],[19.940974,50.046511],[19.940986,50.046514],[19.940975,50.046536],[19.940957,50.046532],[19.940952,50.046542],[19.940964,50.046545],[19.940957,50.046559],[19.940949,50.046557],[19.940925,50.046601],[19.940948,50.046608],[19.940716,50.046562]]]}},{"type":"Feature","id":"w151722897","properties":{"type":"yes","levels":6.0,"residential":true,"residents_est":3,"h3_10":"8a1e2e6b3327fff","h3_11":"8b1e2e6b3320fff"},"geometry":{"type":"Polygon","coordinates":[[[19.941082,50.046764],[19.941157,50.046614],[19.941344,50.046655],[19.941315,50.046712],[19.941346,50.046718],[19.941337,50.046737],[19.941306,50.04673],[19.941269,50.046805],[19.941082,50.046764]]]}},{"type":"Feature","id":"w151722899","properties":{"type":"yes","levels":5.0,"residential":true,"residents_est":2,"h3_10":"8a1e2e6b3327fff","h3_11":"8b1e2e6b3321fff"},"geometry":{"type":"Polygon","coordinates":[[[19.941627,50.046448],[19.941678,50.046319],[19.941821,50.046341],[19.94177,50.04647],[19.941627,50.046448]]]}},{"type":"Feature","id":"w151722900","properties":{"type":"yes","levels":5.0,"residential":true,"residents_est":3,"h3_10":"8a1e2e6b3327fff","h3_11":"8b1e2e6b3324fff"},"geometry":{"type":"Polygon","coordinates":[[[19.940576,50.046865],[19.940631,50.046756],[19.940848,50.0468],[19.94078,50.046925],[19.940594,50.046891],[19.940603,50.04687],[19.940576,50.046865]]]}},{"type":"Feature","id":"w151722901","properties":{"type":"yes","levels":5.0,"residential":true,"residents_est":2,"h3_10":"8a1e2e6b3327fff","h3_11":"8b1e2e6b3324fff"},"geometry":{"type":"Polygon","coordinates":[[[19.940543,50.046999],[19.940594,50.046891],[19.940783,50.046925],[19.940733,50.047031],[19.940543,50.046999]]]}},{"type":"Feature","id":"w151722909","properties":{"type":"school","levels":4.0,"name":"Specjalny Ośrodek Szkolno Wychowawczy nr 4","residential":false,"residents_est":0,"h3_10":"8a1e2e6b3327fff","h3_11":"8b1e2e6b3326fff"},"geometry":{"type":"Polygon","coordinates":[[[19.940631,50.046756],[19.940668,50.046684],[19.940649,50.04668],[19.940716,50.046562],[19.940945,50.04661],[19.940848,50.0468],[19.940631,50.046756]]]}},{"type":"Feature","id":"w151722929","properties":{"type":"yes","levels":5.0,"residential":true,"residents_est":5,"h3_10":"8a1e2e6b3327fff","h3_11":"8b1e2e6b3323fff"},"geometry":{"type":"Polygon","coordinates":[[[19.941236,50.046459],[19.94135,50.046268],[19.941678,50.046319],[19.941631,50.046436],[19.941519,50.046417],[19.941524,50.046407],[19.941492,50.046401],[19.941487,50.046412],[19.941459,50.046422],[19.941443,50.046418],[19.941432,50.046438],[19.941448,50.046442],[19.941414,50.0465],[19.941236,50.046459]]]}},{"type":"Feature","id":"w151930201","properties":{"type":"yes","levels":5.0,"residential":true,"residents_est":3,"h3_10":"8a1e2e6b3307fff","h3_11":"8b1e2e6b3304fff"},"geometry":{"type":"Polygon","coordinates":[[[19.941031,50.045902],[19.941048,50.045805],[19.94127,50.04582],[19.941263,50.045864],[19.941238,50.045862],[19.941233,50.045881],[19.94124,50.045882],[19.941237,50.04591],[19.941272,50.045913],[19.941268,50.045935],[19.941275,50.045935],[19.941262,50.046004],[19.941044,50.045979],[19.941048,50.045956],[19.941032,50.045954],[19.941039,50.045917],[19.94106,50.045919],[19.941062,50.045904],[19.941031,50.045902]]]}},{"type":"Feature","id":"w152137778","properties":{"type":"apartments","levels":4.0,"residential":true,"residents_est":5,"h3_10":"8a1e2e6b3367fff","h3_11":"8b1e2e6b3364fff"},"geometry":{"type":"Polygon","coordinates":[[[19.94544,50.046832],[19.945539,50.046724],[19.945763,50.046816],[19.945633,50.046957],[19.945592,50.046949],[19.945617,50.046919],[19.945634,50.04691],[19.94544,50.046832]]]}},{"type":"Feature","id":"w152137791","properties":{"type":"yes","levels":2.0,"name":"Budynek \"C\"","residential":true,"residents_est":2,"h3_10":"8a1e2e6b3367fff","h3_11":"8b1e2e6b3364fff"},"geometry":{"type":"Polygon","coordinates":[[[19.94528,50.04706],[19.945328,50.046957],[19.945815,50.047053],[19.945766,50.047155],[19.94528,50.04706]]]}},{"type":"Feature","id":"w154318075","properties":{"type":"apartments","levels":3.0,"residential":true,"residents_est":3,"h3_10":"8a1e2e6b32a7fff","h3_11":"8b1e2e6b32a5fff"},"geometry":{"type":"Polygon","coordinates":[[[19.941371,50.041977],[19.9414,50.041956],[19.941412,50.041963],[19.941487,50.041912],[19.941496,50.0419],[19.941479,50.041888],[19.94147,50.041895],[19.941448,50.041895],[19.941388,50.041859],[19.941448,50.041821],[19.941677,50.041958],[19.94152,50.042068],[19.941371,50.041977]]]}},{"type":"Feature","id":"w154318076","properties":{"type":"yes","residential":true,"residents_est":1,"h3_10":"8a1e2e6b3287fff","h3_11":"8b1e2e6b3283fff"},"geometry":{"type":"Polygon","coordinates":[[[19.941518,50.03997],[19.941631,50.039898],[19.941679,50.039951],[19.941634,50.039966],[19.941763,50.040142],[19.941687,50.040168],[19.941518,50.03997]]]}},{"type":"Feature","id":"w154318077","properties":{"type":"apartments","levels":2.0,"residential":true,"residents_est":2,"h3_10":"8a1e2e6b3217fff","h3_11":"8b1e2e6b3212fff"},"geometry":{"type":"Polygon","coordinates":[[[19.941687,50.041776],[19.941827,50.041676],[19.941964,50.041755],[19.941822,50.041855],[19.941687,50.041776]]]}},{"type":"Feature","id":"w154318079","properties":{"type":"apartments","levels":4.0,"residential":true,"residents_est":3,"h3_10":"8a1e2e6b3217fff","h3_11":"8b1e2e6b3212fff"},"geometry":{"type":"Polygon","coordinates":[[[19.941933,50.041579],[19.942058,50.041491],[19.942211,50.041581],[19.942086,50.041669],[19.941933,50.041579]]]}},{"type":"Feature","id":"w154318080","properties":{"type":"yes","levels":2.0,"address":"Ignacego Krasickiego 15","residential":true,"residents_est":2,"h3_10":"8a1e2e6b32a7fff","h3_11":"8b1e2e6b32a4fff"},"geometry":{"type":"Polygon","coordinates":[[[19.940925,50.041665],[19.941161,50.041596],[19.941286,50.041776],[19.94105,50.041845],[19.940925,50.041665]]]}},{"type":"Feature","id":"w154318081","properties":{"type":"yes","address":"Śliska 9","residential":true,"residents_est":2,"h3_10":"8a1e2e6b329ffff","h3_11":"8b1e2e6b329cfff"},"geometry":{"type":"Polygon","coordinates":[[[19.941349,50.03955],[19.941432,50.039509],[19.941444,50.03952],[19.941475,50.039504],[19.941462,50.039494],[19.941658,50.039397],[19.941671,50.039408],[19.941704,50.039391],[19.941724,50.039475],[19.941676,50.039498],[19.941689,50.039509],[19.941443,50.03963],[19.941349,50.03955]]]}},{"type":"Feature","id":"w154318082","properties":{"type":"apartments","levels":3.0,"residential":true,"residents_est":3,"h3_10":"8a1e2e6b32a7fff","h3_11":"8b1e2e6b32a5fff"},"geometry":{"type":"Polygon","coordinates":[[[19.941543,50.041877],[19.941687,50.041776],[19.941822,50.041855],[19.941677,50.041958],[19.941543,50.041877]]]}},{"type":"Feature","id":"w154318083","properties":{"type":"yes","levels":3.0,"address":"Śliska 16","residential":true,"residents_est":1,"h3_10":"8a1e2e6b329ffff","h3_11":"8b1e2e6b329cfff"},"geometry":{"type":"Polygon","coordinates":[[[19.941137,50.039366],[19.94134,50.039268],[19.941435,50.039347],[19.94143,50.039349],[19.941414,50.039336],[19.94122,50.03943],[19.941236,50.039443],[19.941179,50.039471],[19.941163,50.039469],[19.941137,50.039366]]]}},{"type":"Feature","id":"w154318084","properties":{"type":"apartments","levels":5.0,"address":"Generała Tadeusza Kutrzeby 5","residential":true,"residents_est":11,"h3_10":"8a1e2e6b32affff","h3_11":"8b1e2e6b32aefff"},"geometry":{"type":"Polygon","coordinates":[[[19.941734,50.040858],[19.941891,50.040813],[19.942141,50.041168],[19.941984,50.041213],[19.941734,50.040858]]]}},{"type":"Feature","id":"w154318085","properties":{"type":"apartments","levels":3.0,"residential":true,"residents_est":3,"h3_10":"8a1e2e6b32affff","h3_11":"8b1e2e6b32acfff"},"geometry":{"type":"Polygon","coordinates":[[[19.942058,50.041491],[19.942218,50.041379],[19.942369,50.04147],[19.942211,50.041581],[19.942058,50.041491]]]}},{"type":"Feature","id":"w154318087","properties":{"type":"apartments","levels":5.0,"address":"Generała Tadeusza Kutrzeby 3","residential":true,"residents_est":11,"h3_10":"8a1e2e6b32a7fff","h3_11":"8b1e2e6b32a3fff"},"geometry":{"type":"Polygon","coordinates":[[[19.941142,50.04103],[19.941298,50.040984],[19.941545,50.041339],[19.94139,50.041385],[19.941142,50.04103]]]}},{"type":"Feature","id":"w154318088","properties":{"type":"apartments","levels":3.0,"residential":true,"residents_est":3,"h3_10":"8a1e2e6b32affff","h3_11":"8b1e2e6b32acfff"},"geometry":{"type":"Polygon","coordinates":[[[19.942218,50.041379],[19.942379,50.041267],[19.942529,50.041357],[19.942369,50.04147],[19.942218,50.041379]]]}},{"type":"Feature","id":"w154318089","properties":{"type":"apartments","levels":4.0,"residential":true,"residents_est":4,"h3_10":"8a1e2e6b32affff","h3_11":"8b1e2e6b32acfff"},"geometry":{"type":"Polygon","coordinates":[[[19.942379,50.041267],[19.942531,50.041158],[19.942679,50.04125],[19.942529,50.041357],[19.942379,50.041267]]]}},{"type":"Feature","id":"w154318091","properties":{"type":"apartments","levels":4.0,"residential":true,"residents_est":3,"h3_10":"8a1e2e6b3217fff","h3_11":"8b1e2e6b3212fff"},"geometry":{"type":"Polygon","coordinates":[[[19.941811,50.041667],[19.941933,50.041579],[19.942086,50.041669],[19.941964,50.041755],[19.941811,50.041667]]]}},{"type":"Feature","id":"w154318094","properties":{"type":"yes","levels":3.0,"address":"Kalwaryjska 54","residential":true,"residents_est":2,"h3_10":"8a1e2e6b3287fff","h3_11":"8b1e2e6b3281fff"},"geometry":{"type":"Polygon","coordinates":[[[19.941997,50.040381],[19.942362,50.040294],[19.942424,50.040404],[19.942145,50.040581],[19.942116,50.040539],[19.942245,50.040458],[19.942256,50.04046],[19.94226,50.040468],[19.94229,50.040462],[19.942236,50.040367],[19.942175,50.040381],[19.942181,50.040391],[19.942032,50.040426],[19.941997,50.040381]]]}},{"type":"Feature","id":"w154318095","properties":{"type":"apartments","levels":4.0,"address":"Kalwaryjska 48","residential":true,"residents_est":9,"h3_10":"8a1e2e6b32affff","h3_11":"8b1e2e6b32aafff"},"geometry":{"type":"Polygon","coordinates":[[[19.942366,50.040669],[19.942515,50.040635],[19.942703,50.040974],[19.942733,50.040967],[19.942785,50.041058],[19.942705,50.041079],[19.942668,50.041017],[19.942569,50.041037],[19.942366,50.040669]]]}},{"type":"Feature","id":"w154318096","properties":{"type":"apartments","levels":2.0,"address":"Kalwaryjska 62","residential":true,"residents_est":2,"h3_10":"8a1e2e6b3287fff","h3_11":"8b1e2e6b3283fff"},"geometry":{"type":"Polygon","coordinates":[[[19.941942,50.03986],[19.942096,50.039823],[19.942194,50.04],[19.942041,50.040036],[19.941942,50.03986]]]}},{"type":"Feature","id":"w154318097","properties":{"type":"residential","levels":3.0,"address":"Kalwaryjska 64","residential":true,"residents_est":2,"h3_10":"8a1e2e6b3287fff","h3_11":"8b1e2e6b3283fff"},"geometry":{"type":"Polygon","coordinates":[[[19.941875,50.039737],[19.942003,50.039664],[19.942096,50.039823],[19.941942,50.03986],[19.941875,50.039737]]]}},{"type":"Feature","id":"w154318098","properties":{"type":"yes","levels":2.0,"address":"Kalwaryjska 70","residential":true,"residents_est":1,"h3_10":"8a1e2e6b329ffff","h3_11":"8b1e2e6b3298fff"},"geometry":{"type":"Polygon","coordinates":[[[19.94134,50.039268],[19.941388,50.039243],[19.941415,50.039266],[19.941494,50.039225],[19.941479,50.039213],[19.941535,50.039187],[19.941508,50.03914],[19.941682,50.039098],[19.941741,50.039202],[19.941436,50.039348],[19.94134,50.039268]]]}},{"type":"Feature","id":"w154318099","properties":{"type":"yes","levels":3.0,"residential":true,"residents_est":1,"h3_10":"8a1e2e6b338ffff","h3_11":"8b1e2e6b338bfff"},"geometry":{"type":"Polygon","coordinates":[[[19.941237,50.042083],[19.941347,50.042033],[19.941362,50.042048],[19.941373,50.04204],[19.941418,50.042068],[19.941466,50.042036],[19.94152,50.042068],[19.941368,50.042175],[19.941332,50.042172],[19.941237,50.042083]]]}},{"type":"Feature","id":"w154318101","properties":{"type":"apartments","levels":3.0,"residential":true,"residents_est":2,"h3_10":"8a1e2e6b338ffff","h3_11":"8b1e2e6b338bfff"},"geometry":{"type":"Polygon","coordinates":[[[19.941145,50.041998],[19.941256,50.041943],[19.941331,50.042002],[19.941322,50.042006],[19.941351,50.042031],[19.941237,50.042083],[19.941145,50.041998]]]}},{"type":"Feature","id":"w154318104","properties":{"type":"apartments","levels":4.0,"address":"Smolki 8","residential":true,"residents_est":3,"h3_10":"8a1e2e6b32affff","h3_11":"8b1e2e6b32a8fff"},"geometry":{"type":"Polygon","coordinates":[[[19.942562,50.041177],[19.942705,50.041079],[19.942785,50.041058],[19.942826,50.041131],[19.942819,50.041151],[19.942679,50.04125],[19.942562,50.041177]]]}},{"type":"Feature","id":"w154318105","properties":{"type":"yes","levels":3.0,"address":"Kalwaryjska 56","residential":true,"residents_est":1,"h3_10":"8a1e2e6b3287fff","h3_11":"8b1e2e6b3281fff"},"geometry":{"type":"Polygon","coordinates":[[[19.942126,50.040217],[19.942294,50.040176],[19.942362,50.040294],[19.942191,50.040334],[19.942126,50.040217]]]}},{"type":"Feature","id":"w154318106","properties":{"type":"yes","address":"Kalwaryjska 66","residential":true,"residents_est":2,"h3_10":"8a1e2e6b329ffff","h3_11":"8b1e2e6b329dfff"},"geometry":{"type":"Polygon","coordinates":[[[19.941758,50.03954],[19.941913,50.039502],[19.942003,50.039664],[19.941875,50.039737],[19.941822,50.039759],[19.941785,50.0397],[19.941792,50.039698],[19.941803,50.039718],[19.941856,50.039705],[19.941758,50.03954]]]}},{"type":"Feature","id":"w154322473","properties":{"type":"office","levels":1.0,"address":"Smolki 11","name":"Urząd Statystyczny","residential":false,"residents_est":0,"h3_10":"8a1e2e6b3217fff","h3_11":"8b1e2e6b3212fff"},"geometry":{"type":"Polygon","coordinates":[[[19.942086,50.041857],[19.942393,50.041641],[19.942554,50.041737],[19.942249,50.041955],[19.942086,50.041857]]]}},{"type":"Feature","id":"w154322484","properties":{"type":"apartments","levels":5.0,"residential":true,"residents_est":11,"h3_10":"8a1e2e6b32a7fff","h3_11":"8b1e2e6b32a6fff"},"geometry":{"type":"Polygon","coordinates":[[[19.940547,50.041201],[19.940702,50.041157],[19.940949,50.041512],[19.940791,50.041558],[19.940547,50.041201]]]}},{"type":"Feature","id":"w154322485","properties":{"type":"yes","residential":true,"residents_est":1,"h3_10":"8a1e2e6b329ffff","h3_11":"8b1e2e6b329afff"},"geometry":{"type":"Polygon","coordinates":[[[19.940933,50.038685],[19.941117,50.038638],[19.941171,50.038736],[19.940987,50.038782],[19.940933,50.038685]]]}},{"type":"Feature","id":"w154322503","properties":{"type":"yes","residential":true,"residents_est":0,"h3_10":"8a1e2e6b32b7fff","h3_11":"8b1e2e6b32b6fff"},"geometry":{"type":"Polygon","coordinates":[[[19.938651,50.040754],[19.938675,50.040721],[19.93888,50.040783],[19.939006,50.040755],[19.939026,50.040791],[19.938881,50.040822],[19.938651,50.040754]]]}},{"type":"Feature","id":"w154322505","properties":{"type":"yes","levels":3.0,"address":"Generała Tadeusza Kutrzeby 4","residential":true,"residents_est":5,"h3_10":"8a1e2e6b3287fff","h3_11":"8b1e2e6b3284fff"},"geometry":{"type":"Polygon","coordinates":[[[19.940603,50.040774],[19.941374,50.040582],[19.941435,50.040694],[19.940669,50.040884],[19.940603,50.040774]]]}},{"type":"Feature","id":"w154322511","properties":{"type":"apartments","levels":4.0,"address":"Kalwaryjska 72","residential":true,"residents_est":5,"h3_10":"8a1e2e6b329ffff","h3_11":"8b1e2e6b3298fff"},"geometry":{"type":"Polygon","coordinates":[[[19.941403,50.038964],[19.94158,50.038922],[19.941682,50.039098],[19.941476,50.039147],[19.941463,50.039129],[19.941492,50.039119],[19.941403,50.038964]]]}},{"type":"Feature","id":"w154322526","properties":{"type":"yes","levels":2.0,"residential":true,"residents_est":1,"h3_10":"8a1e2e6b329ffff","h3_11":"8b1e2e6b329efff"},"geometry":{"type":"Polygon","coordinates":[[[19.941021,50.039206],[19.941185,50.039125],[19.94125,50.039186],[19.941042,50.039283],[19.941021,50.039206]]]}},{"type":"Feature","id":"w154322546","properties":{"type":"residential","levels":5.0,"address":"Ignacego Krasickiego 21","residential":true,"residents_est":25,"h3_10":"8a1e2e6b3297fff","h3_11":"8b1e2e6b3296fff"},"geometry":{"type":"Polygon","coordinates":[[[19.939224,50.039076],[19.939389,50.039051],[19.939688,50.039886],[19.939522,50.039911],[19.939224,50.039076]]]}},{"type":"Feature","id":"w154322547","properties":{"type":"construction","residential":false,"residents_est":0,"h3_10":"8a1e2e6b329ffff","h3_11":"8b1e2e6b329afff"},"geometry":{"type":"Polygon","coordinates":[[[19.94133,50.038834],[19.941507,50.038793],[19.94158,50.038922],[19.941403,50.038964],[19.94133,50.038834]]]}},{"type":"Feature","id":"w154322559","properties":{"type":"garages","residential":false,"residents_est":0,"h3_10":"8a1e2e6b32b7fff","h3_11":"8b1e2e6b32b6fff"},"geometry":{"type":"Polygon","coordinates":[[[19.938799,50.040513],[19.93888,50.040492],[19.939027,50.04075],[19.938944,50.040769],[19.938799,50.040513]]]}},{"type":"Feature","id":"w154322564","properties":{"type":"kindergarten","levels":2.0,"address":"Generała Tadeusza Kutrzeby 6","residential":false,"residents_est":0,"h3_10":"8a1e2e6b3287fff","h3_11":"8b1e2e6b3286fff"},"geometry":{"type":"Polygon","coordinates":[[[19.940263,50.040383],[19.940645,50.040285],[19.940712,50.040392],[19.94033,50.040491],[19.940263,50.040383]]]}},{"type":"Feature","id":"w154322565","properties":{"type":"garage","residential":false,"residents_est":0,"h3_10":"8a1e2e6b3297fff","h3_11":"8b1e2e6b3294fff"},"geometry":{"type":"Polygon","coordinates":[[[19.939892,50.039957],[19.939934,50.039947],[19.939964,50.04],[19.939923,50.04001],[19.939892,50.039957]]]}},{"type":"Feature","id":"w154322569","properties":{"type":"apartments","levels":3.0,"residential":true,"residents_est":5,"h3_10":"8a1e2e6b32affff","h3_11":"8b1e2e6b32acfff"},"geometry":{"type":"Polygon","coordinates":[[[19.942393,50.041641],[19.942657,50.041455],[19.942792,50.041536],[19.942764,50.041555],[19.942779,50.041564],[19.942731,50.041596],[19.94272,50.04159],[19.94253,50.041722],[19.942393,50.041641]]]}},{"type":"Feature","id":"w154322578","properties":{"type":"yes","levels":6.0,"address":"Śliska 12","residential":true,"residents_est":14,"h3_10":"8a1e2e6b3297fff","h3_11":"8b1e2e6b3293fff"},"geometry":{"type":"Polygon","coordinates":[[[19.939866,50.038981],[19.940031,50.038959],[19.940305,50.03972],[19.940139,50.039744],[19.939866,50.038981]]]}},{"type":"Feature","id":"w154322581","properties":{"type":"apartments","levels":6.0,"residential":true,"residents_est":8,"h3_10":"8a1e2e6b32b7fff","h3_11":"8b1e2e6b32b4fff"},"geometry":{"type":"Polygon","coordinates":[[[19.939194,50.041096],[19.939221,50.041014],[19.939327,50.041028],[19.939332,50.041015],[19.939499,50.041038],[19.939494,50.041051],[19.939599,50.041066],[19.939572,50.041148],[19.939528,50.041142],[19.939518,50.04117],[19.93923,50.04113],[19.939239,50.041102],[19.939194,50.041096]]]}},{"type":"Feature","id":"w154322596","properties":{"type":"yes","address":"Kalwaryjska 76","residential":true,"residents_est":1,"h3_10":"8a1e2e6b329ffff","h3_11":"8b1e2e6b329afff"},"geometry":{"type":"Polygon","coordinates":[[[19.941007,50.038799],[19.941021,50.038795],[19.94101,50.038776],[19.941171,50.038736],[19.941249,50.038864],[19.941088,50.038903],[19.941054,50.038852],[19.941042,50.038855],[19.941007,50.038799]]]}},{"type":"Feature","id":"w154322601","properties":{"type":"yes","address":"Kalwaryjska 74","residential":true,"residents_est":1,"h3_10":"8a1e2e6b329ffff","h3_11":"8b1e2e6b329afff"},"geometry":{"type":"Polygon","coordinates":[[[19.941027,50.038918],[19.941249,50.038864],[19.941316,50.038984],[19.941163,50.039026],[19.941098,50.038924],[19.941041,50.038939],[19.941027,50.038918]]]}},{"type":"Feature","id":"w154322604","properties":{"type":"yes","levels":1.0,"address":"Generała Tadeusza Kutrzeby 15","residential":true,"residents_est":0,"h3_10":"8a1e2e6b3287fff","h3_11":"8b1e2e6b3286fff"},"geometry":{"type":"Polygon","coordinates":[[[19.940876,50.040273],[19.940913,50.040258],[19.940906,50.040251],[19.940935,50.040239],[19.940942,50.040246],[19.941104,50.040179],[19.94115,50.040225],[19.941089,50.04025],[19.94113,50.040291],[19.940963,50.04036],[19.940876,50.040273]]]}},{"type":"Feature","id":"w154322612","properties":{"type":"yes","levels":3.0,"address":"Kalwaryjska 72A","residential":true,"residents_est":1,"h3_10":"8a1e2e6b329ffff","h3_11":"8b1e2e6b329efff"},"geometry":{"type":"Polygon","coordinates":[[[19.941232,50.039005],[19.941316,50.038984],[19.941429,50.039161],[19.941346,50.039183],[19.941232,50.039005]]]}},{"type":"Feature","id":"w154325850","properties":{"type":"house","levels":1.0,"residential":true,"residents_est":1,"h3_10":"8a1e2e6b3397fff","h3_11":"8b1e2e6b3393fff"},"geometry":{"type":"Polygon","coordinates":[[[19.937459,50.041682],[19.937528,50.041604],[19.937661,50.041651],[19.937688,50.041622],[19.937752,50.041651],[19.937662,50.041758],[19.937642,50.041764],[19.937459,50.041682]]]}},{"type":"Feature","id":"w154325851","properties":{"type":"yes","levels":3.0,"residential":true,"residents_est":1,"h3_10":"8a1e2e6b338ffff","h3_11":"8b1e2e6b338afff"},"geometry":{"type":"Polygon","coordinates":[[[19.940316,50.042021],[19.94039,50.041993],[19.940406,50.042007],[19.940527,50.04195],[19.940583,50.042001],[19.940351,50.042109],[19.940316,50.042021]]]}},{"type":"Feature","id":"w154325852","properties":{"type":"yes","levels":5.0,"residential":true,"residents_est":1,"h3_10":"8a1e2e6b3237fff","h3_11":"8b1e2e6b3232fff"},"geometry":{"type":"Polygon","coordinates":[[[19.94137,50.042921],[19.941447,50.042888],[19.941461,50.0429],[19.941528,50.042869],[19.9416,50.042939],[19.941526,50.042972],[19.941512,50.042958],[19.941444,50.042989],[19.94137,50.042921]]]}},{"type":"Feature","id":"w154325856","properties":{"type":"yes","levels":1.0,"address":"Ignacego Krasickiego 28a","name":"Iglotech","residential":true,"residents_est":0,"h3_10":"8a1e2e6b339ffff","h3_11":"8b1e2e6b339bfff"},"geometry":{"type":"Polygon","coordinates":[[[19.939287,50.041404],[19.939288,50.041392],[19.93931,50.041392],[19.939312,50.041329],[19.939448,50.041331],[19.939449,50.04132],[19.93948,50.041321],[19.93948,50.041332],[19.9395,50.041332],[19.939497,50.041422],[19.939309,50.041419],[19.93931,50.041404],[19.939287,50.041404]]]}},{"type":"Feature","id":"w154325858","properties":{"type":"garage","residential":false,"residents_est":0,"h3_10":"8a1e2e6b32a7fff","h3_11":"8b1e2e6b32a3fff"},"geometry":{"type":"Polygon","coordinates":[[[19.941548,50.040868],[19.94159,50.040856],[19.941626,50.040906],[19.941584,50.040919],[19.941548,50.040868]]]}},{"type":"Feature","id":"w154325863","properties":{"type":"apartments","levels":3.0,"residential":true,"residents_est":3,"h3_10":"8a1e2e6b338ffff","h3_11":"8b1e2e6b3389fff"},"geometry":{"type":"Polygon","coordinates":[[[19.941346,50.042657],[19.941519,50.042577],[19.941648,50.042696],[19.941494,50.042766],[19.941391,50.042665],[19.941367,50.042676],[19.941346,50.042657]]]}},{"type":"Feature","id":"w154325868","properties":{"type":"apartments","levels":3.0,"address":"Ignacego Krasickiego 8","residential":true,"residents_est":3,"h3_10":"8a1e2e6b338ffff","h3_11":"8b1e2e6b3389fff"},"geometry":{"type":"Polygon","coordinates":[[[19.941076,50.042401],[19.941247,50.042326],[19.941365,50.042437],[19.941211,50.042508],[19.941167,50.042467],[19.941152,50.042473],[19.941123,50.042446],[19.941138,50.042439],[19.94111,50.042413],[19.941096,50.042419],[19.941076,50.042401]]]}},{"type":"Feature","id":"w154325869","properties":{"type":"service","residential":false,"residents_est":0,"h3_10":"8a1e2e6b33affff","h3_11":"8b1e2e6b33aafff"},"geometry":{"type":"Polygon","coordinates":[[[19.940139,50.043318],[19.940238,50.043245],[19.940271,50.043264],[19.940171,50.043336],[19.940139,50.043318]]]}},{"type":"Feature","id":"w154325870","properties":{"type":"garages","levels":1.0,"residential":false,"residents_est":0,"h3_10":"8a1e2e6b338ffff","h3_11":"8b1e2e6b338dfff"},"geometry":{"type":"Polygon","coordinates":[[[19.941012,50.043003],[19.941215,50.042901],[19.941274,50.04295],[19.941071,50.043051],[19.941012,50.043003]]]}},{"type":"Feature","id":"w154325872","properties":{"type":"service","residential":false,"residents_est":0,"h3_10":"8a1e2e6b33affff","h3_11":"8b1e2e6b33aafff"},"geometry":{"type":"Polygon","coordinates":[[[19.940028,50.043238],[19.940076,50.0432],[19.940136,50.043229],[19.940087,50.043267],[19.940028,50.043238]]]}},{"type":"Feature","id":"w154325874","properties":{"type":"garage","levels":1.0,"residential":false,"residents_est":0,"h3_10":"8a1e2e6b32a7fff","h3_11":"8b1e2e6b32a2fff"},"geometry":{"type":"Polygon","coordinates":[[[19.940757,50.041095],[19.940993,50.041027],[19.941028,50.041079],[19.940793,50.041147],[19.940757,50.041095]]]}},{"type":"Feature","id":"w154325875","properties":{"type":"yes","levels":4.0,"address":"Spiska 13","residential":true,"residents_est":1,"h3_10":"8a1e2e6b339ffff","h3_11":"8b1e2e6b339afff"},"geometry":{"type":"Polygon","coordinates":[[[19.938718,50.041509],[19.938748,50.041421],[19.938886,50.041442],[19.938858,50.041528],[19.938718,50.041509]]]}},{"type":"Feature","id":"w154325876","properties":{"type":"apartments","levels":4.0,"residential":true,"residents_est":4,"h3_10":"8a1e2e6b338ffff","h3_11":"8b1e2e6b3389fff"},"geometry":{"type":"Polygon","coordinates":[[[19.941211,50.042508],[19.941365,50.042437],[19.941519,50.042577],[19.941336,50.042661],[19.941318,50.042645],[19.941351,50.042629],[19.941211,50.042508]]]}},{"type":"Feature","id":"w154325877","properties":{"type":"service","residential":false,"residents_est":0,"h3_10":"8a1e2e6b33affff","h3_11":"8b1e2e6b33aafff"},"geometry":{"type":"Polygon","coordinates":[[[19.940171,50.043336],[19.940271,50.043264],[19.940422,50.04335],[19.94032,50.043423],[19.940171,50.043336]]]}},{"type":"Feature","id":"w154325878","properties":{"type":"apartments","levels":3.0,"residential":true,"residents_est":3,"h3_10":"8a1e2e6b338ffff","h3_11":"8b1e2e6b338bfff"},"geometry":{"type":"Polygon","coordinates":[[[19.940977,50.042288],[19.941131,50.042218],[19.941247,50.042326],[19.94109,50.042393],[19.940977,50.042288]]]}},{"type":"Feature","id":"w154325879","properties":{"type":"yes","levels":1.0,"residential":true,"residents_est":0,"h3_10":"8a1e2e6b339ffff","h3_11":"8b1e2e6b339efff"},"geometry":{"type":"Polygon","coordinates":[[[19.938622,50.041797],[19.938678,50.041705],[19.938798,50.041734],[19.938744,50.041828],[19.938622,50.041797]]]}},{"type":"Feature","id":"w154325881","properties":{"type":"apartments","levels":1.0,"residential":true,"residents_est":1,"h3_10":"8a1e2e6b3397fff","h3_11":"8b1e2e6b3391fff"},"geometry":{"type":"Polygon","coordinates":[[[19.938159,50.041994],[19.938233,50.041903],[19.938276,50.041926],[19.938302,50.041905],[19.938361,50.041943],[19.938278,50.042054],[19.938159,50.041994]]]}},{"type":"Feature","id":"w154325882","properties":{"type":"yes","levels":3.0,"residential":true,"residents_est":1,"h3_10":"8a1e2e6b339ffff","h3_11":"8b1e2e6b339afff"},"geometry":{"type":"Polygon","coordinates":[[[19.938706,50.041352],[19.938717,50.041328],[19.938778,50.041337],[19.938784,50.041322],[19.938924,50.041339],[19.938886,50.041442],[19.938756,50.041422],[19.938776,50.041363],[19.938706,50.041352]]]}},{"type":"Feature","id":"w154325883","properties":{"type":"yes","levels":3.0,"residential":true,"residents_est":1,"h3_10":"8a1e2e6b32a7fff","h3_11":"8b1e2e6b32a6fff"},"geometry":{"type":"Polygon","coordinates":[[[19.940229,50.041575],[19.940365,50.041515],[19.940458,50.041599],[19.940323,50.041659],[19.940229,50.041575]]]}},{"type":"Feature","id":"w154325884","properties":{"type":"yes","levels":2.0,"residential":true,"residents_est":1,"h3_10":"8a1e2e6b3397fff","h3_11":"8b1e2e6b3393fff"},"geometry":{"type":"Polygon","coordinates":[[[19.937735,50.041805],[19.937815,50.041711],[19.937907,50.04175],[19.937912,50.041744],[19.937955,50.041762],[19.937947,50.041772],[19.937998,50.041795],[19.937905,50.041881],[19.937735,50.041805]]]}},{"type":"Feature","id":"w154325885","properties":{"type":"yes","levels":3.0,"residential":true,"residents_est":1,"h3_10":"8a1e2e6b32a7fff","h3_11":"8b1e2e6b32a6fff"},"geometry":{"type":"Polygon","coordinates":[[[19.940078,50.041467],[19.940237,50.041396],[19.940365,50.041515],[19.940208,50.041584],[19.940178,50.041558],[19.940161,50.041565],[19.940128,50.041535],[19.940145,50.041527],[19.940078,50.041467]]]}},{"type":"Feature","id":"w154325887","properties":{"type":"apartments","levels":3.0,"residential":true,"residents_est":3,"h3_10":"8a1e2e6b32a7fff","h3_11":"8b1e2e6b32a6fff"},"geometry":{"type":"Polygon","coordinates":[[[19.939962,50.041361],[19.939968,50.04134],[19.940108,50.041279],[19.940237,50.041396],[19.940078,50.041467],[19.939962,50.041361]]]}},{"type":"Feature","id":"w154325890","properties":{"type":"yes","levels":4.0,"residential":true,"residents_est":2,"h3_10":"8a1e2e6b338ffff","h3_11":"8b1e2e6b338afff"},"geometry":{"type":"Polygon","coordinates":[[[19.940476,50.042051],[19.94079,50.041905],[19.940893,50.041997],[19.940757,50.042058],[19.940729,50.042033],[19.940714,50.04204],[19.940679,50.042009],[19.940657,50.042014],[19.940653,50.042041],[19.940579,50.042069],[19.94057,50.042059],[19.940508,50.042082],[19.940476,50.042051]]]}},{"type":"Feature","id":"w154325892","properties":{"type":"apartments","levels":2.0,"residential":true,"residents_est":3,"h3_10":"8a1e2e6b3397fff","h3_11":"8b1e2e6b3393fff"},"geometry":{"type":"Polygon","coordinates":[[[19.937905,50.041881],[19.938033,50.041762],[19.938047,50.041769],[19.937992,50.041819],[19.938064,50.04185],[19.938079,50.041835],[19.938065,50.041829],[19.938146,50.04175],[19.938173,50.04176],[19.938184,50.041748],[19.938265,50.041779],[19.938188,50.041855],[19.938169,50.041864],[19.938159,50.041879],[19.938233,50.041903],[19.938159,50.041994],[19.937905,50.041881]]]}},{"type":"Feature","id":"w154325898","properties":{"type":"apartments","levels":4.0,"residential":true,"residents_est":6,"h3_10":"8a1e2e6b32affff","h3_11":"8b1e2e6b32adfff"},"geometry":{"type":"Polygon","coordinates":[[[19.942657,50.041455],[19.942732,50.041402],[19.942763,50.041421],[19.942949,50.041377],[19.943034,50.041522],[19.943052,50.041517],[19.943055,50.041522],[19.942892,50.041571],[19.942862,50.04152],[19.942792,50.041536],[19.942657,50.041455]]]}},{"type":"Feature","id":"w154325899","properties":{"type":"apartments","levels":2.0,"residential":true,"residents_est":2,"h3_10":"8a1e2e6b3397fff","h3_11":"8b1e2e6b3391fff"},"geometry":{"type":"Polygon","coordinates":[[[19.938278,50.042054],[19.938329,50.041987],[19.938396,50.042004],[19.93837,50.042033],[19.938543,50.042109],[19.938555,50.042086],[19.938546,50.042083],[19.938548,50.042053],[19.938471,50.042037],[19.938477,50.042023],[19.938675,50.042069],[19.938644,50.042202],[19.938611,50.042213],[19.938278,50.042054]]]}},{"type":"Feature","id":"w154325901","properties":{"type":"yes","levels":2.0,"address":"Orawska 1","residential":true,"residents_est":1,"h3_10":"8a1e2e6b339ffff","h3_11":"8b1e2e6b339afff"},"geometry":{"type":"Polygon","coordinates":[[[19.938731,50.041271],[19.938785,50.041177],[19.938966,50.041219],[19.938924,50.041339],[19.938784,50.041322],[19.938805,50.041289],[19.938731,50.041271]]]}},{"type":"Feature","id":"w154325902","properties":{"type":"yes","levels":3.0,"residential":true,"residents_est":1,"h3_10":"8a1e2e6b339ffff","h3_11":"8b1e2e6b3399fff"},"geometry":{"type":"Polygon","coordinates":[[[19.940214,50.041783],[19.940246,50.041769],[19.940232,50.041756],[19.940258,50.041745],[19.940279,50.041754],[19.940334,50.041729],[19.940382,50.041738],[19.940402,50.04173],[19.940323,50.041659],[19.940458,50.041599],[19.940549,50.041685],[19.940234,50.041826],[19.940214,50.041783]]]}},{"type":"Feature","id":"w154325903","properties":{"type":"yes","levels":2.0,"address":"Spiska 9","residential":true,"residents_est":1,"h3_10":"8a1e2e6b339ffff","h3_11":"8b1e2e6b339efff"},"geometry":{"type":"Polygon","coordinates":[[[19.938675,50.041704],[19.938706,50.041602],[19.938826,50.04163],[19.938798,50.041734],[19.938675,50.041704]]]}},{"type":"Feature","id":"w154325904","properties":{"type":"yes","levels":5.0,"residential":true,"residents_est":2,"h3_10":"8a1e2e6b338ffff","h3_11":"8b1e2e6b338afff"},"geometry":{"type":"Polygon","coordinates":[[[19.940445,50.042198],[19.940564,50.042145],[19.940606,50.042182],[19.940626,50.042173],[19.940637,50.042183],[19.940635,50.042191],[19.940609,50.042203],[19.940623,50.042215],[19.940648,50.042203],[19.94069,50.042196],[19.940725,50.042228],[19.940714,50.042233],[19.940722,50.042241],[19.94057,50.04231],[19.940445,50.042198]]]}},{"type":"Feature","id":"w154325905","properties":{"type":"yes","levels":3.0,"address":"Spiska 3","residential":true,"residents_est":1,"h3_10":"8a1e2e6b339ffff","h3_11":"8b1e2e6b339efff"},"geometry":{"type":"Polygon","coordinates":[[[19.938449,50.041944],[19.938469,50.041901],[19.93872,50.041952],[19.938675,50.042069],[19.93852,50.042032],[19.938547,50.041985],[19.93858,50.04199],[19.93858,50.041959],[19.938546,50.041964],[19.938449,50.041944]]]}},{"type":"Feature","id":"w154333988","properties":{"type":"apartments","levels":3.0,"residential":true,"residents_est":3,"h3_10":"8a1e2e6b3217fff","h3_11":"8b1e2e6b3214fff"},"geometry":{"type":"Polygon","coordinates":[[[19.941831,50.042629],[19.941896,50.042592],[19.941969,50.042672],[19.942046,50.042612],[19.941957,50.042557],[19.942013,50.042525],[19.942186,50.042616],[19.942015,50.042751],[19.941963,50.04275],[19.941831,50.042629]]]}},{"type":"Feature","id":"w154333989","properties":{"type":"yes","levels":2.0,"residential":true,"residents_est":1,"h3_10":"8a1e2e6b3207fff","h3_11":"8b1e2e6b3201fff"},"geometry":{"type":"Polygon","coordinates":[[[19.944472,50.043174],[19.944532,50.043054],[19.944572,50.043061],[19.944549,50.043101],[19.944682,50.043132],[19.944771,50.043056],[19.944829,50.043083],[19.944834,50.043079],[19.944904,50.043114],[19.944768,50.043224],[19.944472,50.043174]]]}},{"type":"Feature","id":"w154333990","properties":{"type":"yes","address":"Kalwaryjska 34B","residential":true,"residents_est":0,"h3_10":"8a1e2e6b3207fff","h3_11":"8b1e2e6b3202fff"},"geometry":{"type":"Polygon","coordinates":[[[19.943303,50.042426],[19.943416,50.042336],[19.943491,50.042373],[19.943383,50.042465],[19.943303,50.042426]]]}},{"type":"Feature","id":"w154333991","properties":{"type":"yes","residential":true,"residents_est":0,"h3_10":"8a1e2e6b3217fff","h3_11":"8b1e2e6b3215fff"},"geometry":{"type":"Polygon","coordinates":[[[19.942848,50.042491],[19.942907,50.042447],[19.943051,50.042522],[19.942996,50.042567],[19.942848,50.042491]]]}},{"type":"Feature","id":"w154333992","properties":{"type":"apartments","levels":5.0,"residential":true,"residents_est":7,"h3_10":"8a1e2e6b3237fff","h3_11":"8b1e2e6b3233fff"},"geometry":{"type":"Polygon","coordinates":[[[19.942499,50.042855],[19.942526,50.042756],[19.942598,50.042765],[19.942604,50.042749],[19.942625,50.042752],[19.942628,50.042746],[19.942748,50.042769],[19.942803,50.042727],[19.942887,50.042773],[19.942743,50.042895],[19.942499,50.042855]]]}},{"type":"Feature","id":"w154333993","properties":{"type":"yes","levels":1.0,"address":"Kalwaryjska 34C","residential":true,"residents_est":1,"h3_10":"8a1e2e6b3207fff","h3_11":"8b1e2e6b3202fff"},"geometry":{"type":"Polygon","coordinates":[[[19.943183,50.042504],[19.943268,50.042431],[19.943286,50.042439],[19.943303,50.042426],[19.94342,50.042481],[19.943435,50.042471],[19.943559,50.042535],[19.943446,50.042634],[19.943183,50.042504]]]}},{"type":"Feature","id":"w154333994","properties":{"type":"apartments","levels":2.0,"residential":true,"residents_est":3,"h3_10":"8a1e2e6b3217fff","h3_11":"8b1e2e6b3213fff"},"geometry":{"type":"Polygon","coordinates":[[[19.942666,50.041979],[19.942697,50.041947],[19.942819,50.041989],[19.942944,50.041886],[19.942921,50.041864],[19.942946,50.041844],[19.94295,50.041846],[19.942946,50.041849],[19.943088,50.041925],[19.942867,50.04209],[19.942686,50.042001],[19.942695,50.041994],[19.942666,50.041979]]]}},{"type":"Feature","id":"w154333995","properties":{"type":"apartments","levels":4.0,"residential":true,"residents_est":7,"h3_10":"8a1e2e6b3237fff","h3_11":"8b1e2e6b3233fff"},"geometry":{"type":"Polygon","coordinates":[[[19.942226,50.042783],[19.942501,50.042572],[19.942656,50.042646],[19.942609,50.042686],[19.942575,50.04267],[19.942571,50.042662],[19.94256,50.042663],[19.942547,50.042673],[19.942553,50.042688],[19.942526,50.04271],[19.942503,50.04271],[19.942479,50.042729],[19.942456,50.042718],[19.942446,50.042726],[19.942485,50.042745],[19.942526,50.042756],[19.942499,50.042855],[19.942242,50.042815],[19.942226,50.042783]]]}},{"type":"Feature","id":"w154333996","properties":{"type":"apartments","levels":2.0,"residential":true,"residents_est":1,"h3_10":"8a1e2e6b3217fff","h3_11":"8b1e2e6b3215fff"},"geometry":{"type":"Polygon","coordinates":[[[19.942502,50.042573],[19.942625,50.04248],[19.942773,50.042558],[19.942656,50.042646],[19.942502,50.042573]]]}},{"type":"Feature","id":"w154333997","properties":{"type":"apartments","levels":2.0,"residential":true,"residents_est":1,"h3_10":"8a1e2e6b3217fff","h3_11":"8b1e2e6b3210fff"},"geometry":{"type":"Polygon","coordinates":[[[19.942626,50.042132],[19.942752,50.042037],[19.942739,50.04203],[19.942732,50.042035],[19.942678,50.042007],[19.942686,50.042001],[19.942867,50.04209],[19.942736,50.042191],[19.942626,50.042132]]]}},{"type":"Feature","id":"w154333999","properties":{"type":"apartments","levels":2.0,"residential":true,"residents_est":2,"h3_10":"8a1e2e6b3217fff","h3_11":"8b1e2e6b3216fff"},"geometry":{"type":"Polygon","coordinates":[[[19.94147,50.04229],[19.941577,50.042215],[19.941762,50.042381],[19.941623,50.042437],[19.94147,50.04229]]]}},{"type":"Feature","id":"w154334000","properties":{"type":"garage","residential":false,"residents_est":0,"h3_10":"8a1e2e6b3217fff","h3_11":"8b1e2e6b3215fff"},"geometry":{"type":"Polygon","coordinates":[[[19.942729,50.042687],[19.94278,50.042641],[19.942829,50.042666],[19.942776,50.042713],[19.942729,50.042687]]]}},{"type":"Feature","id":"w154334001","properties":{"type":"apartments","levels":2.0,"residential":true,"residents_est":1,"h3_10":"8a1e2e6b3217fff","h3_11":"8b1e2e6b3210fff"},"geometry":{"type":"Polygon","coordinates":[[[19.94251,50.042203],[19.942614,50.042126],[19.942736,50.042191],[19.942633,50.042271],[19.94251,50.042203]]]}},{"type":"Feature","id":"w154334002","properties":{"type":"yes","levels":3.0,"residential":true,"residents_est":1,"h3_10":"8a1e2e6b3217fff","h3_11":"8b1e2e6b3215fff"},"geometry":{"type":"Polygon","coordinates":[[[19.942763,50.042373],[19.942923,50.04225],[19.943065,50.042323],[19.943004,50.04237],[19.94301,50.042373],[19.942977,50.0424],[19.94297,50.042397],[19.942907,50.042447],[19.942763,50.042373]]]}},{"type":"Feature","id":"w154334003","properties":{"type":"apartments","levels":2.0,"residential":true,"residents_est":1,"h3_10":"8a1e2e6b3207fff","h3_11":"8b1e2e6b3206fff"},"geometry":{"type":"Polygon","coordinates":[[[19.942921,50.042927],[19.94302,50.042825],[19.94318,50.042852],[19.943144,50.042907],[19.943112,50.042899],[19.943094,50.042949],[19.942921,50.042927]]]}},{"type":"Feature","id":"w154334004","properties":{"type":"apartments","levels":2.0,"residential":true,"residents_est":1,"h3_10":"8a1e2e6b3217fff","h3_11":"8b1e2e6b3213fff"},"geometry":{"type":"Polygon","coordinates":[[[19.942898,50.04157],[19.943055,50.041522],[19.943123,50.041648],[19.94296,50.041687],[19.942898,50.04157]]]}},{"type":"Feature","id":"w154334005","properties":{"type":"apartments","levels":2.0,"residential":true,"residents_est":1,"h3_10":"8a1e2e6b338ffff","h3_11":"8b1e2e6b3389fff"},"geometry":{"type":"Polygon","coordinates":[[[19.941623,50.042437],[19.941762,50.042381],[19.941848,50.042465],[19.941719,50.042526],[19.941623,50.042437]]]}},{"type":"Feature","id":"w154334006","properties":{"type":"yes","residential":true,"residents_est":0,"h3_10":"8a1e2e6b3207fff","h3_11":"8b1e2e6b3200fff"},"geometry":{"type":"Polygon","coordinates":[[[19.943879,50.042728],[19.943936,50.042679],[19.944021,50.042721],[19.943959,50.04277],[19.943879,50.042728]]]}},{"type":"Feature","id":"w154334007","properties":{"type":"apartments","levels":3.0,"residential":true,"residents_est":2,"h3_10":"8a1e2e6b3207fff","h3_11":"8b1e2e6b3205fff"},"geometry":{"type":"Polygon","coordinates":[[[19.944118,50.043109],[19.944241,50.043003],[19.944403,50.043029],[19.944351,50.04315],[19.944118,50.043109]]]}},{"type":"Feature","id":"w154334008","properties":{"type":"yes","levels":5.0,"residential":true,"residents_est":3,"h3_10":"8a1e2e6b3207fff","h3_11":"8b1e2e6b3203fff"},"geometry":{"type":"Polygon","coordinates":[[[19.944306,50.04265],[19.94443,50.042547],[19.944657,50.042665],[19.944538,50.042762],[19.944486,50.042735],[19.944481,50.042739],[19.944306,50.04265]]]}},{"type":"Feature","id":"w154334009","properties":{"type":"yes","levels":1.0,"residential":true,"residents_est":0,"h3_10":"8a1e2e6b3207fff","h3_11":"8b1e2e6b3200fff"},"geometry":{"type":"Polygon","coordinates":[[[19.943704,50.043035],[19.943786,50.04296],[19.943877,50.043004],[19.943841,50.043058],[19.943704,50.043035]]]}},{"type":"Feature","id":"w154334010","properties":{"type":"apartments","levels":2.0,"residential":true,"residents_est":1,"h3_10":"8a1e2e6b3217fff","h3_11":"8b1e2e6b3210fff"},"geometry":{"type":"Polygon","coordinates":[[[19.942407,50.042285],[19.942499,50.042218],[19.942482,50.042204],[19.942496,50.042194],[19.942633,50.042271],[19.942526,50.042353],[19.942407,50.042285]]]}},{"type":"Feature","id":"w154334012","properties":{"type":"apartments","levels":2.0,"residential":true,"residents_est":1,"h3_10":"8a1e2e6b3217fff","h3_11":"8b1e2e6b3214fff"},"geometry":{"type":"Polygon","coordinates":[[[19.942264,50.042394],[19.942407,50.042285],[19.942526,50.042353],[19.942382,50.042463],[19.942264,50.042394]]]}},{"type":"Feature","id":"w154334014","properties":{"type":"yes","levels":3.0,"residential":true,"residents_est":1,"h3_10":"8a1e2e6b3217fff","h3_11":"8b1e2e6b3215fff"},"geometry":{"type":"Polygon","coordinates":[[[19.943051,50.042522],[19.943202,50.042396],[19.943268,50.042431],[19.943121,50.042558],[19.943051,50.042522]]]}},{"type":"Feature","id":"w154334015","properties":{"type":"yes","levels":3.0,"residential":true,"residents_est":3,"h3_10":"8a1e2e6b3207fff","h3_11":"8b1e2e6b3201fff"},"geometry":{"type":"Polygon","coordinates":[[[19.944572,50.043061],[19.944905,50.042793],[19.945148,50.042916],[19.945033,50.043008],[19.944833,50.042907],[19.944813,50.042944],[19.944663,50.043071],[19.944617,50.043072],[19.944572,50.043061]]]}},{"type":"Feature","id":"w154334016","properties":{"type":"yes","levels":3.0,"address":"Kalwaryjska 34","residential":true,"residents_est":2,"h3_10":"8a1e2e6b3207fff","h3_11":"8b1e2e6b3202fff"},"geometry":{"type":"Polygon","coordinates":[[[19.943475,50.042493],[19.94379,50.042217],[19.943878,50.042262],[19.943559,50.042535],[19.943475,50.042493]]]}},{"type":"Feature","id":"w154334017","properties":{"type":"apartments","levels":3.0,"residential":true,"residents_est":2,"h3_10":"8a1e2e6b3207fff","h3_11":"8b1e2e6b3205fff"},"geometry":{"type":"Polygon","coordinates":[[[19.944351,50.04315],[19.944401,50.043034],[19.944529,50.043059],[19.944472,50.043174],[19.944351,50.04315]]]}},{"type":"Feature","id":"w154334019","properties":{"type":"yes","residential":true,"residents_est":0,"h3_10":"8a1e2e6b3207fff","h3_11":"8b1e2e6b3200fff"},"geometry":{"type":"Polygon","coordinates":[[[19.944101,50.042819],[19.944157,50.042772],[19.944229,50.042808],[19.944171,50.042853],[19.944101,50.042819]]]}},{"type":"Feature","id":"w154334020","properties":{"type":"yes","levels":4.0,"address":"Kalwaryjska 34A","residential":true,"residents_est":2,"h3_10":"8a1e2e6b321ffff","h3_11":"8b1e2e6b321cfff"},"geometry":{"type":"Polygon","coordinates":[[[19.943416,50.042336],[19.943654,50.042146],[19.94379,50.042217],[19.943727,50.042271],[19.943679,50.042246],[19.943513,50.042383],[19.943416,50.042336]]]}},{"type":"Feature","id":"w154334023","properties":{"type":"yes","levels":3.0,"residential":true,"residents_est":3,"h3_10":"8a1e2e6b3207fff","h3_11":"8b1e2e6b3201fff"},"geometry":{"type":"Polygon","coordinates":[[[19.94438,50.042898],[19.94466,50.042661],[19.944907,50.042791],[19.944792,50.042885],[19.944647,50.042816],[19.944559,50.042887],[19.944536,50.042875],[19.944462,50.042936],[19.94438,50.042898]]]}},{"type":"Feature","id":"w154334024","properties":{"type":"apartments","levels":3.0,"residential":true,"residents_est":3,"h3_10":"8a1e2e6b3207fff","h3_11":"8b1e2e6b3206fff"},"geometry":{"type":"Polygon","coordinates":[[[19.943369,50.042926],[19.943469,50.042838],[19.943494,50.04285],[19.943538,50.042813],[19.943657,50.042873],[19.943512,50.042995],[19.943369,50.042926]]]}},{"type":"Feature","id":"w154334025","properties":{"type":"yes","levels":1.0,"residential":true,"residents_est":0,"h3_10":"8a1e2e6b3207fff","h3_11":"8b1e2e6b3200fff"},"geometry":{"type":"Polygon","coordinates":[[[19.943786,50.04296],[19.943965,50.042816],[19.94405,50.042857],[19.943877,50.043004],[19.943786,50.04296]]]}},{"type":"Feature","id":"w154334028","properties":{"type":"apartments","levels":2.0,"residential":true,"residents_est":1,"h3_10":"8a1e2e6b3217fff","h3_11":"8b1e2e6b3214fff"},"geometry":{"type":"Polygon","coordinates":[[[19.941719,50.042526],[19.941865,50.042457],[19.941954,50.042534],[19.941979,50.042522],[19.941994,50.042535],[19.941831,50.042629],[19.941719,50.042526]]]}},{"type":"Feature","id":"w154334029","properties":{"type":"yes","levels":2.0,"address":"Smolki 11a","residential":true,"residents_est":2,"h3_10":"8a1e2e6b3217fff","h3_11":"8b1e2e6b3210fff"},"geometry":{"type":"Polygon","coordinates":[[[19.942161,50.042107],[19.942489,50.041895],[19.942571,50.041833],[19.942733,50.041778],[19.942699,50.041829],[19.942593,50.041956],[19.942236,50.042159],[19.942166,50.042119],[19.942173,50.042115],[19.942161,50.042107]]]}},{"type":"Feature","id":"w154334030","properties":{"type":"apartments","levels":4.0,"residential":true,"residents_est":5,"h3_10":"8a1e2e6b3217fff","h3_11":"8b1e2e6b3211fff"},"geometry":{"type":"Polygon","coordinates":[[[19.943354,50.042157],[19.943483,50.042056],[19.943654,50.042146],[19.943462,50.042299],[19.943399,50.042266],[19.943428,50.042243],[19.943476,50.042246],[19.943485,50.042238],[19.943481,50.042229],[19.943354,50.042157]]]}},{"type":"Feature","id":"w154334031","properties":{"type":"shed","levels":1.0,"residential":false,"residents_est":0,"h3_10":"8a1e2e6b3207fff","h3_11":"8b1e2e6b3200fff"},"geometry":{"type":"Polygon","coordinates":[[[19.943999,50.043088],[19.944076,50.04302],[19.944096,50.043018],[19.944115,50.043028],[19.944253,50.042915],[19.944315,50.042946],[19.944118,50.043109],[19.943999,50.043088]]]}},{"type":"Feature","id":"w154334032","properties":{"type":"apartments","levels":3.0,"residential":true,"residents_est":4,"h3_10":"8a1e2e6b3217fff","h3_11":"8b1e2e6b3211fff"},"geometry":{"type":"Polygon","coordinates":[[[19.943105,50.042109],[19.943278,50.041975],[19.943324,50.041973],[19.943483,50.042056],[19.943379,50.042137],[19.94333,50.042111],[19.943234,50.042179],[19.943105,50.042109]]]}},{"type":"Feature","id":"w154334034","properties":{"type":"yes","residential":true,"residents_est":0,"h3_10":"8a1e2e6b3207fff","h3_11":"8b1e2e6b3201fff"},"geometry":{"type":"Polygon","coordinates":[[[19.944263,50.04292],[19.944383,50.042816],[19.944444,50.042844],[19.944315,50.042946],[19.944263,50.04292]]]}},{"type":"Feature","id":"w154334035","properties":{"type":"yes","levels":2.0,"residential":true,"residents_est":2,"h3_10":"8a1e2e6b3207fff","h3_11":"8b1e2e6b3203fff"},"geometry":{"type":"Polygon","coordinates":[[[19.943767,50.042354],[19.943878,50.042262],[19.944221,50.042438],[19.94399,50.042631],[19.943913,50.04259],[19.944031,50.042497],[19.944039,50.042501],[19.944051,50.042492],[19.944075,50.042503],[19.944092,50.042489],[19.943945,50.042414],[19.943921,50.042433],[19.943767,50.042354]]]}},{"type":"Feature","id":"w154334036","properties":{"type":"yes","levels":2.0,"residential":true,"residents_est":1,"h3_10":"8a1e2e6b3207fff","h3_11":"8b1e2e6b3203fff"},"geometry":{"type":"Polygon","coordinates":[[[19.944092,50.042546],[19.94422,50.042439],[19.94443,50.042547],[19.944268,50.042687],[19.944244,50.042674],[19.944287,50.04264],[19.944156,50.042574],[19.944135,50.04259],[19.944107,50.042575],[19.944123,50.042563],[19.944092,50.042546]]]}},{"type":"Feature","id":"w154334037","properties":{"type":"apartments","levels":3.0,"residential":true,"residents_est":5,"h3_10":"8a1e2e6b3217fff","h3_11":"8b1e2e6b3213fff"},"geometry":{"type":"Polygon","coordinates":[[[19.942946,50.041849],[19.94301,50.041799],[19.942951,50.041689],[19.943123,50.041648],[19.94321,50.041809],[19.943205,50.041838],[19.943088,50.041925],[19.942946,50.041849]]]}},{"type":"Feature","id":"w154339801","properties":{"type":"yes","levels":2.0,"residential":true,"residents_est":0,"h3_10":"8a1e2e6b32affff","h3_11":"8b1e2e6b32abfff"},"geometry":{"type":"Polygon","coordinates":[[[19.943112,50.040804],[19.943268,50.040764],[19.943358,50.040911],[19.943273,50.040933],[19.943263,50.040915],[19.943277,50.040912],[19.94326,50.040883],[19.943243,50.040888],[19.943223,50.040856],[19.943241,50.040852],[19.943205,50.040793],[19.943157,50.040806],[19.943164,50.040817],[19.943126,50.040826],[19.943112,50.040804]]]}},{"type":"Feature","id":"w154339802","properties":{"type":"church","address":"Jana Zamoyskiego 56","name":"Kościół pw. Matki Bożej Nieustającej Pomocy","residential":false,"residents_est":0,"h3_10":"8a1e2e6b328ffff","h3_11":"8b1e2e6b328bfff"},"geometry":{"type":"Polygon","coordinates":[[[19.942924,50.039367],[19.942964,50.039365],[19.942959,50.039354],[19.942971,50.039352],[19.942975,50.03936],[19.942986,50.039358],[19.942975,50.039327],[19.943013,50.03932],[19.943011,50.039316],[19.943024,50.039313],[19.943047,50.039332],[19.943124,50.039317],[19.943131,50.039301],[19.943128,50.039293],[19.943179,50.039288],[19.943192,50.03932],[19.943211,50.039316],[19.943208,50.039309],[19.943217,50.039307],[19.943221,50.039314],[19.94323,50.039313],[19.943234,50.039319],[19.943223,50.039321],[19.943237,50.03935],[19.943247,50.039348],[19.94325,50.039355],[19.943241,50.039357],[19.943255,50.039386],[19.943264,50.039384],[19.943267,50.03939],[19.943257,50.039392],[19.943277,50.039434],[19.943342,50.039421],[19.943339,50.039414],[19.943352,50.039412],[19.943369,50.039423],[19.943358,50.039425],[19.943375,50.03946],[19.943394,50.039456],[19.943397,50.039464],[19.94338,50.039468],[19.943409,50.039531],[19.943426,50.039529],[19.94343,50.039538],[19.943411,50.039541],[19.943426,50.039572],[19.943434,50.03957],[19.943439,50.039578],[19.943426,50.03958],[19.943428,50.039588],[19.943411,50.039607],[19.943387,50.039611],[19.943396,50.039634],[19.943409,50.039632],[19.943412,50.039638],[19.943399,50.03964],[19.943389,50.039662],[19.943393,50.039669],[19.943385,50.039671],[19.943381,50.039665],[19.943345,50.039673],[19.943345,50.039679],[19.943325,50.039671],[19.943312,50.039673],[19.943307,50.039692],[19.943317,50.039696],[19.943313,50.039701],[19.943301,50.039696],[19.943282,50.039708],[19.943289,50.039715],[19.943282,50.039718],[19.943273,50.039711],[19.94325,50.039715],[19.943253,50.039723],[19.943243,50.039724],[19.943239,50.039716],[19.943217,50.039713],[19.943239,50.039758],[19.94308,50.039795],[19.943078,50.039789],[19.943086,50.039787],[19.943068,50.039744],[19.943058,50.039745],[19.943054,50.039733],[19.943063,50.039731],[19.943043,50.039682],[19.943018,50.03966],[19.943008,50.039663],[19.943004,50.039656],[19.943013,50.039653],[19.942997,50.03962],[19.942974,50.039624],[19.94297,50.039614],[19.942991,50.03961],[19.942962,50.039548],[19.942941,50.039552],[19.942936,50.039541],[19.94296,50.039536],[19.942944,50.0395],[19.942932,50.039503],[19.94293,50.039497],[19.94294,50.039495],[19.942938,50.03949],[19.943015,50.039474],[19.942999,50.039437],[19.942986,50.03944],[19.942983,50.039434],[19.942997,50.039432],[19.942985,50.039404],[19.942956,50.039404],[19.942958,50.039408],[19.942944,50.03941],[19.942924,50.039367]]]}},{"type":"Feature","id":"w154339806","properties":{"type":"yes","levels":1.0,"residential":true,"residents_est":0,"h3_10":"8a1e2e6b329ffff","h3_11":"8b1e2e6b3299fff"},"geometry":{"type":"Polygon","coordinates":[[[19.942194,50.039201],[19.942275,50.039182],[19.942364,50.039346],[19.942284,50.039364],[19.942194,50.039201]]]}},{"type":"Feature","id":"w154339811","properties":{"type":"apartments","levels":2.0,"residential":true,"residents_est":2,"h3_10":"8a1e2e6b328ffff","h3_11":"8b1e2e6b328cfff"},"geometry":{"type":"Polygon","coordinates":[[[19.942539,50.040177],[19.942747,50.040125],[19.942757,50.040143],[19.942723,50.040152],[19.942805,50.040295],[19.942631,50.04034],[19.942539,50.040177]]]}},{"type":"Feature","id":"w154339813","properties":{"type":"yes","levels":1.0,"residential":true,"residents_est":3,"h3_10":"8a1e2e6b32f7fff","h3_11":"8b1e2e6b32f2fff"},"geometry":{"type":"Polygon","coordinates":[[[19.944219,50.040496],[19.94429,50.040453],[19.944402,50.040535],[19.944333,50.040579],[19.944219,50.040496]]]}},{"type":"Feature","id":"w154339814","properties":{"type":"apartments","levels":1.0,"address":"Jana Zamoyskiego 54","residential":true,"residents_est":1,"h3_10":"8a1e2e6b328ffff","h3_11":"8b1e2e6b328dfff"},"geometry":{"type":"Polygon","coordinates":[[[19.943226,50.04006],[19.943347,50.040009],[19.943463,50.040159],[19.943333,50.040199],[19.943226,50.04006]]]}},{"type":"Feature","id":"w154339818","properties":{"type":"garage","residential":false,"residents_est":0,"h3_10":"8a1e2e6b328ffff","h3_11":"8b1e2e6b328bfff"},"geometry":{"type":"Polygon","coordinates":[[[19.943495,50.039527],[19.943662,50.039468],[19.943649,50.039453],[19.943681,50.039441],[19.943697,50.039455],[19.943771,50.039428],[19.943831,50.039498],[19.943551,50.039592],[19.943495,50.039527]]]}},{"type":"Feature","id":"w154339823","properties":{"type":"apartments","levels":3.0,"residential":true,"residents_est":3,"h3_10":"8a1e2e6b328ffff","h3_11":"8b1e2e6b328cfff"},"geometry":{"type":"Polygon","coordinates":[[[19.942986,50.040249],[19.94314,50.04021],[19.94326,50.040339],[19.943138,50.040418],[19.943058,50.040328],[19.943032,50.040338],[19.943021,50.040326],[19.943047,50.040316],[19.942986,50.040249]]]}},{"type":"Feature","id":"w154339824","properties":{"type":"yes","levels":4.0,"residential":true,"residents_est":2,"h3_10":"8a1e2e6b329ffff","h3_11":"8b1e2e6b329bfff"},"geometry":{"type":"Polygon","coordinates":[[[19.941767,50.038804],[19.941949,50.038763],[19.942022,50.03889],[19.941837,50.038931],[19.941767,50.038804]]]}},{"type":"Feature","id":"w154339828","properties":{"type":"yes","levels":3.0,"residential":true,"residents_est":2,"h3_10":"8a1e2e6b329ffff","h3_11":"8b1e2e6b329bfff"},"geometry":{"type":"Polygon","coordinates":[[[19.941896,50.039032],[19.942179,50.03897],[19.942249,50.039103],[19.94197,50.039162],[19.941896,50.039032]]]}},{"type":"Feature","id":"w154339834","properties":{"type":"apartments","levels":2.0,"residential":true,"residents_est":3,"h3_10":"8a1e2e6b328ffff","h3_11":"8b1e2e6b328efff"},"geometry":{"type":"Polygon","coordinates":[[[19.942291,50.039737],[19.942469,50.039695],[19.942565,50.039871],[19.942388,50.039912],[19.942291,50.039737]]]}},{"type":"Feature","id":"w154339843","properties":{"type":"apartments","levels":1.0,"residential":true,"residents_est":1,"h3_10":"8a1e2e6b329ffff","h3_11":"8b1e2e6b329dfff"},"geometry":{"type":"Polygon","coordinates":[[[19.9422,50.039575],[19.942376,50.039523],[19.942389,50.039546],[19.942362,50.039553],[19.942449,50.0397],[19.942291,50.039737],[19.942267,50.039695],[19.942277,50.039692],[19.942261,50.039665],[19.942252,50.039667],[19.942237,50.039641],[19.942248,50.039639],[19.942234,50.039615],[19.942224,50.039616],[19.9422,50.039575]]]}},{"type":"Feature","id":"w154339844","properties":{"type":"apartments","levels":2.0,"residential":true,"residents_est":1,"h3_10":"8a1e2e6b32f7fff","h3_11":"8b1e2e6b32f6fff"},"geometry":{"type":"Polygon","coordinates":[[[19.944096,50.040727],[19.944193,50.040667],[19.944296,50.040736],[19.944196,50.040799],[19.944096,50.040727]]]}},{"type":"Feature","id":"w154339848","properties":{"type":"apartments","levels":2.0,"residential":true,"residents_est":2,"h3_10":"8a1e2e6b32affff","h3_11":"8b1e2e6b32abfff"},"geometry":{"type":"Polygon","coordinates":[[[19.943279,50.040535],[19.943427,50.040464],[19.943594,50.040588],[19.943439,50.040657],[19.943279,50.040535]]]}},{"type":"Feature","id":"w154339857","properties":{"type":"apartments","levels":2.0,"residential":true,"residents_est":2,"h3_10":"8a1e2e6b328ffff","h3_11":"8b1e2e6b328dfff"},"geometry":{"type":"Polygon","coordinates":[[[19.943131,50.040422],[19.94326,50.040339],[19.943427,50.040464],[19.943279,50.040535],[19.943131,50.040422]]]}},{"type":"Feature","id":"w154339860","properties":{"type":"office","levels":1.0,"residential":false,"residents_est":0,"h3_10":"8a1e2e6b329ffff","h3_11":"8b1e2e6b3299fff"},"geometry":{"type":"Polygon","coordinates":[[[19.94203,50.039246],[19.942197,50.039207],[19.942284,50.039364],[19.942118,50.039403],[19.94203,50.039246]]]}},{"type":"Feature","id":"w154339867","properties":{"type":"yes","levels":2.0,"residential":true,"residents_est":1,"h3_10":"8a1e2e6b32f7fff","h3_11":"8b1e2e6b32f0fff"},"geometry":{"type":"Polygon","coordinates":[[[19.94443,50.040679],[19.944526,50.040616],[19.944754,50.040788],[19.944624,50.040869],[19.944512,50.040796],[19.944545,50.040774],[19.94443,50.040679]]]}},{"type":"Feature","id":"w154339871","properties":{"type":"apartments","levels":2.0,"residential":true,"residents_est":1,"h3_10":"8a1e2e6b32f7fff","h3_11":"8b1e2e6b32f6fff"},"geometry":{"type":"Polygon","coordinates":[[[19.943976,50.04064],[19.944201,50.040508],[19.94424,50.040537],[19.944243,50.040551],[19.944198,50.040576],[19.944169,50.040556],[19.944106,50.040594],[19.944199,50.040663],[19.944096,50.040727],[19.943976,50.04064]]]}},{"type":"Feature","id":"w154339875","properties":{"type":"apartments","levels":3.0,"residential":true,"residents_est":3,"h3_10":"8a1e2e6b329ffff","h3_11":"8b1e2e6b329dfff"},"geometry":{"type":"Polygon","coordinates":[[[19.942105,50.039406],[19.942273,50.039367],[19.942352,50.039511],[19.94232,50.039518],[19.942331,50.039534],[19.9422,50.039575],[19.942105,50.039406]]]}},{"type":"Feature","id":"w154339890","properties":{"type":"apartments","levels":3.0,"address":"Jana Zamoyskiego 67","residential":true,"residents_est":3,"h3_10":"8a1e2e6b329ffff","h3_11":"8b1e2e6b329bfff"},"geometry":{"type":"Polygon","coordinates":[[[19.94218,50.038712],[19.942365,50.038671],[19.942422,50.038803],[19.942239,50.038841],[19.94218,50.038712]]]}},{"type":"Feature","id":"w154339896","properties":{"type":"yes","levels":4.0,"residential":true,"residents_est":5,"h3_10":"8a1e2e6b328ffff","h3_11":"8b1e2e6b3288fff"},"geometry":{"type":"Polygon","coordinates":[[[19.943315,50.039822],[19.943407,50.039784],[19.943404,50.03978],[19.943496,50.039749],[19.943714,50.04001],[19.943659,50.040028],[19.943672,50.040046],[19.943645,50.040055],[19.94364,50.04005],[19.943534,50.040086],[19.943315,50.039822]]]}},{"type":"Feature","id":"w154339903","properties":{"type":"yes","levels":3.0,"residential":true,"residents_est":1,"h3_10":"8a1e2e6b32affff","h3_11":"8b1e2e6b32a8fff"},"geometry":{"type":"Polygon","coordinates":[[[19.943005,50.041],[19.943157,50.040962],[19.943188,50.041021],[19.943196,50.041019],[19.943213,50.041048],[19.943201,50.041051],[19.943235,50.041109],[19.943144,50.041184],[19.943099,50.041175],[19.943005,50.041]]]}},{"type":"Feature","id":"w154339919","properties":{"type":"apartments","levels":2.0,"residential":true,"residents_est":3,"h3_10":"8a1e2e6b32f7fff","h3_11":"8b1e2e6b32f6fff"},"geometry":{"type":"Polygon","coordinates":[[[19.943439,50.040657],[19.943594,50.040588],[19.943759,50.040709],[19.943587,50.040839],[19.943529,50.040797],[19.94358,50.040762],[19.943439,50.040657]]]}},{"type":"Feature","id":"w154339922","properties":{"type":"yes","levels":3.0,"residential":true,"residents_est":1,"h3_10":"8a1e2e6b32affff","h3_11":"8b1e2e6b32a8fff"},"geometry":{"type":"Polygon","coordinates":[[[19.942917,50.040848],[19.943071,50.040814],[19.943157,50.040962],[19.943005,50.041],[19.942917,50.040848]]]}},{"type":"Feature","id":"w154339925","properties":{"type":"yes","levels":2.0,"residential":true,"residents_est":1,"h3_10":"8a1e2e6b328ffff","h3_11":"8b1e2e6b328efff"},"geometry":{"type":"Polygon","coordinates":[[[19.942388,50.039912],[19.942565,50.039871],[19.942588,50.03991],[19.942601,50.039915],[19.942596,50.039925],[19.942647,50.040017],[19.942475,50.040058],[19.942454,50.040019],[19.94246,50.040018],[19.942426,50.039975],[19.942434,50.039973],[19.942422,50.039952],[19.942414,50.039954],[19.942388,50.039912]]]}},{"type":"Feature","id":"w154339926","properties":{"type":"apartments","levels":7.0,"address":"Jana Zamoyskiego 65","residential":true,"residents_est":5,"h3_10":"8a1e2e6b329ffff","h3_11":"8b1e2e6b329bfff"},"geometry":{"type":"Polygon","coordinates":[[[19.942236,50.038842],[19.942422,50.038803],[19.942469,50.038908],[19.942266,50.03895],[19.942237,50.038883],[19.942253,50.03888],[19.942236,50.038842]]]}},{"type":"Feature","id":"w154339928","properties":{"type":"apartments","levels":3.0,"residential":true,"residents_est":3,"h3_10":"8a1e2e6b329ffff","h3_11":"8b1e2e6b3299fff"},"geometry":{"type":"Polygon","coordinates":[[[19.942341,50.039166],[19.942512,50.03913],[19.942595,50.039305],[19.942494,50.039324],[19.942478,50.039291],[19.942416,50.039305],[19.942341,50.039166]]]}},{"type":"Feature","id":"w154339929","properties":{"type":"yes","levels":5.0,"residential":true,"residents_est":2,"h3_10":"8a1e2e6b329ffff","h3_11":"8b1e2e6b329bfff"},"geometry":{"type":"Polygon","coordinates":[[[19.941837,50.038931],[19.942023,50.03889],[19.942079,50.038992],[19.941896,50.039032],[19.941837,50.038931]]]}},{"type":"Feature","id":"w154339933","properties":{"type":"monastery","levels":3.0,"name":"Klasztor Zgromadzenia Najświętszego Odkupiciela","residential":false,"residents_est":0,"h3_10":"8a1e2e6b328ffff","h3_11":"8b1e2e6b3288fff"},"geometry":{"type":"Polygon","coordinates":[[[19.943056,50.039801],[19.943239,50.039758],[19.94329,50.039832],[19.943315,50.039822],[19.943339,50.039854],[19.94333,50.039857],[19.94334,50.03988],[19.943268,50.039902],[19.943347,50.040009],[19.943226,50.04006],[19.943097,50.039898],[19.943056,50.039801]]]}},{"type":"Feature","id":"w154339946","properties":{"type":"yes","levels":3.0,"residential":true,"residents_est":3,"h3_10":"8a1e2e6b328ffff","h3_11":"8b1e2e6b328dfff"},"geometry":{"type":"Polygon","coordinates":[[[19.943429,50.040286],[19.943552,50.040216],[19.943671,50.040305],[19.943849,50.040203],[19.943917,50.040252],[19.943811,50.040312],[19.943827,50.040324],[19.943755,50.040364],[19.943821,50.040411],[19.943694,50.040481],[19.943429,50.040286]]]}},{"type":"Feature","id":"w154339951","properties":{"type":"yes","levels":1.0,"residential":true,"residents_est":0,"h3_10":"8a1e2e6b328ffff","h3_11":"8b1e2e6b328efff"},"geometry":{"type":"Polygon","coordinates":[[[19.942758,50.039985],[19.942844,50.039961],[19.94292,50.040081],[19.942829,50.040105],[19.942758,50.039985]]]}},{"type":"Feature","id":"w154339955","properties":{"type":"apartments","levels":4.0,"residential":true,"residents_est":4,"h3_10":"8a1e2e6b32affff","h3_11":"8b1e2e6b32abfff"},"geometry":{"type":"Polygon","coordinates":[[[19.942828,50.040692],[19.942986,50.040656],[19.943071,50.040814],[19.942917,50.040848],[19.942828,50.040692]]]}},{"type":"Feature","id":"w160962325","properties":{"type":"apartments","residential":true,"residents_est":7,"h3_10":"8a1e2e6b33b7fff","h3_11":"8b1e2e6b33b1fff"},"geometry":{"type":"Polygon","coordinates":[[[19.937653,50.043369],[19.937876,50.043256],[19.938014,50.043312],[19.937998,50.043334],[19.938003,50.043335],[19.937998,50.043343],[19.937993,50.043341],[19.937958,50.043388],[19.937944,50.043396],[19.937964,50.043411],[19.937894,50.043446],[19.937875,50.043431],[19.937785,50.043476],[19.937653,50.043369]]]}},{"type":"Feature","id":"w160962329","properties":{"type":"apartments","levels":6.0,"residential":true,"residents_est":88,"h3_10":"8a1e2e6b33b7fff","h3_11":"8b1e2e6b33b5fff"},"geometry":{"type":"Polygon","coordinates":[[[19.936448,50.043486],[19.936534,50.04337],[19.936609,50.043393],[19.936615,50.043384],[19.93672,50.043422],[19.936728,50.043412],[19.93726,50.043576],[19.937332,50.04354],[19.937363,50.043565],[19.937399,50.043547],[19.937498,50.04357],[19.937585,50.043601],[19.937657,50.043641],[19.937699,50.043672],[19.938119,50.0438],[19.93826,50.043609],[19.938051,50.043506],[19.938226,50.043418],[19.938524,50.043566],[19.938486,50.043618],[19.938507,50.043625],[19.938498,50.043637],[19.938477,50.043631],[19.938201,50.044004],[19.938129,50.043982],[19.938123,50.04399],[19.938097,50.043982],[19.938103,50.043974],[19.938011,50.043945],[19.938029,50.04392],[19.937836,50.04386],[19.937836,50.043904],[19.937826,50.043933],[19.93767,50.043872],[19.937654,50.043893],[19.9376,50.043878],[19.93762,50.043851],[19.937583,50.043836],[19.937563,50.043856],[19.937515,50.043837],[19.937492,50.043861],[19.937407,50.043827],[19.937431,50.043803],[19.937265,50.043737],[19.937007,50.043658],[19.936995,50.043676],[19.936915,50.043652],[19.936928,50.043634],[19.936785,50.04359],[19.936771,50.043608],[19.936692,50.043583],[19.936705,50.043565],[19.936448,50.043486]]]}},{"type":"Feature","id":"w160962332","properties":{"type":"house","levels":2.0,"residential":true,"residents_est":1,"h3_10":"8a1e2e6b33b7fff","h3_11":"8b1e2e6b33b3fff"},"geometry":{"type":"Polygon","coordinates":[[[19.937348,50.042697],[19.937414,50.042605],[19.937542,50.042638],[19.937474,50.042743],[19.937462,50.042739],[19.937468,50.04273],[19.937348,50.042697]]]}},{"type":"Feature","id":"w160962341","properties":{"type":"apartments","levels":2.0,"residential":true,"residents_est":1,"h3_10":"8a1e2e6b33a7fff","h3_11":"8b1e2e6b33a1fff"},"geometry":{"type":"Polygon","coordinates":[[[19.939114,50.0441],[19.939304,50.044087],[19.939318,50.044187],[19.939132,50.0442],[19.939114,50.0441]]]}},{"type":"Feature","id":"w160962342","properties":{"type":"apartments","levels":6.0,"residential":true,"residents_est":10,"h3_10":"8a1e2e6b33a7fff","h3_11":"8b1e2e6b33a0fff"},"geometry":{"type":"Polygon","coordinates":[[[19.938536,50.044182],[19.938623,50.04405],[19.938614,50.044067],[19.938959,50.044139],[19.938955,50.044147],[19.939009,50.044159],[19.938973,50.04423],[19.938957,50.044227],[19.93894,50.044261],[19.938546,50.044179],[19.938536,50.044182]]]}},{"type":"Feature","id":"w160962349","properties":{"type":"detached","levels":1.0,"residential":true,"residents_est":0,"h3_10":"8a1e2e6b33a7fff","h3_11":"8b1e2e6b33a4fff"},"geometry":{"type":"Polygon","coordinates":[[[19.938339,50.044168],[19.938392,50.044086],[19.938563,50.044128],[19.938509,50.04421],[19.938339,50.044168]]]}},{"type":"Feature","id":"w160962361","properties":{"type":"detached","levels":3.0,"residential":true,"residents_est":2,"h3_10":"8a1e2e6b3387fff","h3_11":"8b1e2e6b3386fff"},"geometry":{"type":"Polygon","coordinates":[[[19.937889,50.04305],[19.937921,50.043005],[19.937993,50.043023],[19.938008,50.043009],[19.937994,50.042994],[19.938069,50.042918],[19.938188,50.042953],[19.938045,50.043092],[19.937889,50.04305]]]}},{"type":"Feature","id":"w160962362","properties":{"type":"house","levels":2.0,"residential":true,"residents_est":1,"h3_10":"8a1e2e6b33b7fff","h3_11":"8b1e2e6b33b6fff"},"geometry":{"type":"Polygon","coordinates":[[[19.936215,50.043264],[19.936242,50.043229],[19.936369,50.043264],[19.936317,50.043339],[19.936248,50.043319],[19.936275,50.043281],[19.936215,50.043264]]]}},{"type":"Feature","id":"w161031753","properties":{"type":"yes","levels":3.0,"residential":true,"residents_est":1,"h3_10":"8a1e2e6b324ffff","h3_11":"8b1e2e6b324dfff"},"geometry":{"type":"Polygon","coordinates":[[[19.951039,50.04293],[19.951044,50.04293],[19.951049,50.042956],[19.951083,50.042954],[19.951082,50.042943],[19.951204,50.042933],[19.951224,50.043061],[19.951055,50.043071],[19.951039,50.04293]]]}},{"type":"Feature","id":"w161031759","properties":{"type":"yes","levels":4.0,"residential":true,"residents_est":1,"h3_10":"8a1e2e6b324ffff","h3_11":"8b1e2e6b324dfff"},"geometry":{"type":"Polygon","coordinates":[[[19.950961,50.042968],[19.95104,50.042965],[19.951055,50.043071],[19.950975,50.043074],[19.950961,50.042968]]]}},{"type":"Feature","id":"w161031761","properties":{"type":"residential","levels":2.0,"residential":true,"residents_est":2,"h3_10":"8a1e2e6b324ffff","h3_11":"8b1e2e6b3248fff"},"geometry":{"type":"Polygon","coordinates":[[[19.950834,50.042699],[19.950929,50.042551],[19.950967,50.042561],[19.950971,50.042555],[19.951075,50.042588],[19.951073,50.042608],[19.951057,50.042632],[19.951069,50.042635],[19.951069,50.042651],[19.951057,50.042673],[19.951035,50.042669],[19.95101,50.042711],[19.951058,50.042723],[19.951045,50.04275],[19.950834,50.042699]]]}},{"type":"Feature","id":"w161031762","properties":{"type":"apartments","levels":3.0,"residential":true,"residents_est":3,"h3_10":"8a1e2e6b326ffff","h3_11":"8b1e2e6b326bfff"},"geometry":{"type":"Polygon","coordinates":[[[19.950843,50.043503],[19.95089,50.043302],[19.95096,50.043307],[19.950953,50.043361],[19.950925,50.043371],[19.950923,50.043383],[19.950899,50.043381],[19.950897,50.043396],[19.951114,50.043417],[19.951088,50.043531],[19.950843,50.043503]]]}},{"type":"Feature","id":"w161031763","properties":{"type":"apartments","levels":2.0,"residential":true,"residents_est":1,"h3_10":"8a1e2e6b324ffff","h3_11":"8b1e2e6b324dfff"},"geometry":{"type":"Polygon","coordinates":[[[19.950768,50.042824],[19.950783,50.042799],[19.950803,50.042804],[19.950833,50.042753],[19.950967,50.042786],[19.950955,50.042787],[19.950894,50.042886],[19.950774,50.042857],[19.950791,50.042829],[19.950768,50.042824]]]}},{"type":"Feature","id":"w161031765","properties":{"type":"apartments","levels":4.0,"residential":true,"residents_est":4,"h3_10":"8a1e2e6b324ffff","h3_11":"8b1e2e6b324dfff"},"geometry":{"type":"Polygon","coordinates":[[[19.950654,50.043035],[19.95072,50.042904],[19.950735,50.042895],[19.950752,50.042896],[19.95077,50.04286],[19.950745,50.042855],[19.950747,50.042851],[19.950856,50.042877],[19.950822,50.042943],[19.950836,50.043081],[19.950726,50.043088],[19.950654,50.043035]]]}},{"type":"Feature","id":"w161031769","properties":{"type":"yes","levels":2.0,"name":"Willa Mira","residential":true,"residents_est":2,"h3_10":"8a1e2e6b324ffff","h3_11":"8b1e2e6b3249fff"},"geometry":{"type":"Polygon","coordinates":[[[19.951112,50.042604],[19.951172,50.042501],[19.951179,50.042503],[19.951209,50.042455],[19.951293,50.042476],[19.951298,50.042468],[19.951428,50.042503],[19.951415,50.042526],[19.951431,50.04253],[19.951418,50.042552],[19.951428,50.042554],[19.951401,50.042602],[19.951364,50.042593],[19.951323,50.042665],[19.951149,50.042619],[19.951152,50.042614],[19.951112,50.042604]]]}},{"type":"Feature","id":"w161031770","properties":{"type":"yes","levels":2.0,"name":"Willa Julia","residential":true,"residents_est":1,"h3_10":"8a1e2e6b324ffff","h3_11":"8b1e2e6b3249fff"},"geometry":{"type":"Polygon","coordinates":[[[19.951492,50.042684],[19.951493,50.042604],[19.951507,50.042604],[19.95151,50.042535],[19.951505,50.042532],[19.951512,50.042527],[19.951528,50.042536],[19.951617,50.042533],[19.951617,50.042528],[19.951735,50.04253],[19.951729,50.042686],[19.951612,50.042686],[19.951613,50.042643],[19.951566,50.042642],[19.951564,50.042684],[19.951492,50.042684]]]}},{"type":"Feature","id":"w161031771","properties":{"type":"yes","levels":4.0,"residential":true,"residents_est":2,"h3_10":"8a1e2e6b326ffff","h3_11":"8b1e2e6b326bfff"},"geometry":{"type":"Polygon","coordinates":[[[19.95089,50.043302],[19.950918,50.04319],[19.951163,50.043188],[19.951164,50.043299],[19.951042,50.0433],[19.951031,50.043314],[19.95099,50.043314],[19.950981,50.043302],[19.95089,50.043302]]]}},{"type":"Feature","id":"w161031774","properties":{"type":"apartments","levels":3.0,"residential":true,"residents_est":8,"h3_10":"8a1e2e6b326ffff","h3_11":"8b1e2e6b326bfff"},"geometry":{"type":"Polygon","coordinates":[[[19.950523,50.043457],[19.950579,50.043199],[19.950592,50.043194],[19.950918,50.04319],[19.950896,50.043277],[19.950859,50.043275],[19.950862,50.043256],[19.950761,50.043246],[19.950732,50.043372],[19.950763,50.043375],[19.950785,50.043368],[19.950874,50.043376],[19.950843,50.043503],[19.950554,50.043478],[19.950529,50.043472],[19.950523,50.043457]]]}},{"type":"Feature","id":"w180813841","properties":{"type":"apartments","levels":1.0,"residential":true,"residents_est":0,"h3_10":"8a1e2e6b33b7fff","h3_11":"8b1e2e6b33b6fff"},"geometry":{"type":"Polygon","coordinates":[[[19.936102,50.043193],[19.936145,50.043125],[19.936267,50.043156],[19.936226,50.043223],[19.936102,50.043193]]]}},{"type":"Feature","id":"w180816104","properties":{"type":"apartments","levels":3.0,"residential":true,"residents_est":4,"h3_10":"8a1e2e6b320ffff","h3_11":"8b1e2e6b320afff"},"geometry":{"type":"Polygon","coordinates":[[[19.945432,50.042243],[19.945451,50.042224],[19.945434,50.042215],[19.945572,50.042105],[19.945645,50.042142],[19.945656,50.042133],[19.945667,50.042133],[19.945694,50.042146],[19.945696,50.042153],[19.945685,50.042162],[19.945748,50.042195],[19.945681,50.042248],[19.945716,50.042266],[19.945706,50.042276],[19.945724,50.042284],[19.945734,50.042274],[19.945758,50.042285],[19.945694,50.042336],[19.945656,50.042315],[19.945602,50.042355],[19.945573,50.042343],[19.945563,50.04235],[19.945541,50.042339],[19.94555,50.042331],[19.945514,50.042312],[19.945555,50.042279],[19.945581,50.042272],[19.945521,50.042241],[19.945484,50.042271],[19.945432,50.042243]]]}},{"type":"Feature","id":"w180816107","properties":{"type":"apartments","levels":3.0,"residential":true,"residents_est":2,"h3_10":"8a1e2e6b321ffff","h3_11":"8b1e2e6b3219fff"},"geometry":{"type":"Polygon","coordinates":[[[19.94461,50.041718],[19.944717,50.041646],[19.944832,50.041725],[19.944723,50.041799],[19.94461,50.041718]]]}},{"type":"Feature","id":"w180816109","properties":{"type":"apartments","levels":4.0,"residential":true,"residents_est":11,"h3_10":"8a1e2e6b320ffff","h3_11":"8b1e2e6b320efff"},"geometry":{"type":"Polygon","coordinates":[[[19.944785,50.042495],[19.944834,50.04245],[19.944819,50.042444],[19.94483,50.042434],[19.944844,50.04244],[19.945079,50.042224],[19.945143,50.042253],[19.945016,50.042372],[19.945,50.042365],[19.94496,50.0424],[19.944912,50.042415],[19.94529,50.042612],[19.945178,50.042702],[19.944785,50.042495]]]}},{"type":"Feature","id":"w180816111","properties":{"type":"apartments","levels":2.0,"residential":true,"residents_est":2,"h3_10":"8a1e2e6b321ffff","h3_11":"8b1e2e6b321dfff"},"geometry":{"type":"Polygon","coordinates":[[[19.944502,50.042147],[19.944608,50.042056],[19.944781,50.04214],[19.944676,50.042232],[19.944502,50.042147]]]}},{"type":"Feature","id":"w180816112","properties":{"type":"apartments","levels":3.0,"residential":true,"residents_est":2,"h3_10":"8a1e2e6b321ffff","h3_11":"8b1e2e6b3218fff"},"geometry":{"type":"Polygon","coordinates":[[[19.944492,50.041797],[19.94461,50.041718],[19.944715,50.041793],[19.944691,50.041809],[19.944704,50.041818],[19.944626,50.041872],[19.944492,50.041797]]]}},{"type":"Feature","id":"w180816115","properties":{"type":"apartments","levels":1.0,"residential":true,"residents_est":2,"h3_10":"8a1e2e6b321ffff","h3_11":"8b1e2e6b321dfff"},"geometry":{"type":"Polygon","coordinates":[[[19.944284,50.04224],[19.944436,50.042115],[19.944676,50.042232],[19.944638,50.042264],[19.944733,50.04231],[19.944622,50.042412],[19.944284,50.04224]]]}},{"type":"Feature","id":"w180816116","properties":{"type":"apartments","levels":3.0,"residential":true,"residents_est":5,"h3_10":"8a1e2e6b320ffff","h3_11":"8b1e2e6b3208fff"},"geometry":{"type":"Polygon","coordinates":[[[19.945178,50.042702],[19.945313,50.042593],[19.945382,50.042628],[19.945404,50.042611],[19.945396,50.042608],[19.945395,50.042591],[19.945499,50.042507],[19.945447,50.042482],[19.945468,50.042463],[19.945635,50.042555],[19.945412,50.042733],[19.945416,50.042735],[19.945339,50.04279],[19.945178,50.042702]]]}},{"type":"Feature","id":"w180816120","properties":{"type":"apartments","levels":3.0,"residential":true,"residents_est":5,"h3_10":"8a1e2e6b321ffff","h3_11":"8b1e2e6b321cfff"},"geometry":{"type":"Polygon","coordinates":[[[19.944042,50.042118],[19.944042,50.042098],[19.944217,50.041976],[19.944347,50.042047],[19.944306,50.042077],[19.944276,50.042063],[19.944256,50.042078],[19.944397,50.042145],[19.944284,50.04224],[19.944042,50.042118]]]}},{"type":"Feature","id":"w180816122","properties":{"type":"apartments","levels":4.0,"residential":true,"residents_est":5,"h3_10":"8a1e2e6b321ffff","h3_11":"8b1e2e6b3219fff"},"geometry":{"type":"Polygon","coordinates":[[[19.944717,50.041646],[19.944866,50.041545],[19.944904,50.041544],[19.94505,50.041661],[19.944904,50.041743],[19.944838,50.041685],[19.944809,50.041708],[19.944717,50.041646]]]}},{"type":"Feature","id":"w180816124","properties":{"type":"apartments","levels":3.0,"residential":true,"residents_est":5,"h3_10":"8a1e2e6b320ffff","h3_11":"8b1e2e6b320afff"},"geometry":{"type":"Polygon","coordinates":[[[19.945122,50.042183],[19.945202,50.0421],[19.945389,50.041948],[19.945573,50.042037],[19.945476,50.042116],[19.945352,50.042061],[19.945235,50.042154],[19.945237,50.042173],[19.945392,50.042248],[19.945338,50.04229],[19.945122,50.042183]]]}},{"type":"Feature","id":"w180816130","properties":{"type":"apartments","levels":4.0,"residential":true,"residents_est":5,"h3_10":"8a1e2e6b321ffff","h3_11":"8b1e2e6b3219fff"},"geometry":{"type":"Polygon","coordinates":[[[19.944904,50.041743],[19.94505,50.041661],[19.945233,50.041806],[19.945011,50.041911],[19.944972,50.041876],[19.945013,50.041857],[19.945035,50.041876],[19.945058,50.041864],[19.944904,50.041743]]]}},{"type":"Feature","id":"w180816131","properties":{"type":"apartments","levels":3.0,"residential":true,"residents_est":3,"h3_10":"8a1e2e6b321ffff","h3_11":"8b1e2e6b3218fff"},"geometry":{"type":"Polygon","coordinates":[[[19.944357,50.041888],[19.944492,50.041797],[19.944626,50.041872],[19.94457,50.041924],[19.944571,50.041932],[19.944586,50.041939],[19.944603,50.041938],[19.944641,50.041957],[19.944587,50.042003],[19.944357,50.041888]]]}},{"type":"Feature","id":"w180816132","properties":{"type":"apartments","levels":3.0,"residential":true,"residents_est":3,"h3_10":"8a1e2e6b321ffff","h3_11":"8b1e2e6b321dfff"},"geometry":{"type":"Polygon","coordinates":[[[19.944217,50.041976],[19.944357,50.041888],[19.944587,50.042003],[19.944524,50.042051],[19.944466,50.042022],[19.944476,50.042014],[19.944469,50.042011],[19.944469,50.041989],[19.944443,50.041987],[19.944432,50.041993],[19.944445,50.042001],[19.944363,50.042055],[19.944217,50.041976]]]}},{"type":"Feature","id":"w180816135","properties":{"type":"apartments","levels":3.0,"residential":true,"residents_est":7,"h3_10":"8a1e2e6b321ffff","h3_11":"8b1e2e6b3219fff"},"geometry":{"type":"Polygon","coordinates":[[[19.944861,50.041981],[19.945233,50.041806],[19.945389,50.041948],[19.945202,50.0421],[19.945006,50.042032],[19.945092,50.041989],[19.945178,50.042061],[19.945243,50.042029],[19.945194,50.041988],[19.945184,50.041994],[19.945149,50.041965],[19.94516,50.04196],[19.945111,50.04192],[19.945091,50.04193],[19.945072,50.041958],[19.944952,50.042013],[19.944861,50.041981]]]}},{"type":"Feature","id":"w180816136","properties":{"type":"apartments","levels":3.0,"address":"Władysława Warneńczyka 3","residential":true,"residents_est":4,"h3_10":"8a1e2e6b320ffff","h3_11":"8b1e2e6b3208fff"},"geometry":{"type":"Polygon","coordinates":[[[19.945468,50.042463],[19.945508,50.042431],[19.945563,50.042461],[19.945659,50.042383],[19.94566,50.042372],[19.945633,50.042372],[19.945623,50.042366],[19.945634,50.042357],[19.945611,50.042349],[19.945656,50.042315],[19.945694,50.042336],[19.945758,50.042285],[19.945833,50.042327],[19.94585,50.042315],[19.945875,50.042328],[19.945858,50.042341],[19.945881,50.042354],[19.945635,50.042555],[19.945468,50.042463]]]}},{"type":"Feature","id":"w183522627","properties":{"type":"yes","residential":true,"residents_est":3,"h3_10":"8a1e2e6b332ffff","h3_11":"8b1e2e6b3329fff"},"geometry":{"type":"Polygon","coordinates":[[[19.943341,50.046233],[19.943398,50.046137],[19.943721,50.046217],[19.943664,50.046312],[19.943506,50.046273],[19.943476,50.046321],[19.943423,50.046309],[19.943453,50.046261],[19.943341,50.046233]]]}},{"type":"Feature","id":"w183522628","properties":{"type":"yes","levels":4.0,"residential":true,"residents_est":3,"h3_10":"8a1e2e6b332ffff","h3_11":"8b1e2e6b332dfff"},"geometry":{"type":"Polygon","coordinates":[[[19.943221,50.046432],[19.943312,50.046282],[19.94363,50.046358],[19.943614,50.046384],[19.943626,50.046386],[19.943627,50.046397],[19.943616,50.046404],[19.943606,50.046402],[19.9436,50.046411],[19.943476,50.046381],[19.943474,50.046398],[19.943458,50.046403],[19.943451,50.046413],[19.943459,50.046423],[19.943444,50.046437],[19.943645,50.046492],[19.943617,50.046534],[19.943221,50.046432]]]}},{"type":"Feature","id":"w183522630","properties":{"type":"yes","levels":3.0,"residential":true,"residents_est":2,"h3_10":"8a1e2e6b332ffff","h3_11":"8b1e2e6b332dfff"},"geometry":{"type":"Polygon","coordinates":[[[19.942999,50.046544],[19.943063,50.046397],[19.943375,50.046472],[19.943352,50.046518],[19.943208,50.04649],[19.943171,50.046576],[19.942999,50.046544]]]}},{"type":"Feature","id":"w195666561","properties":{"type":"residential","levels":1.0,"residential":true,"residents_est":0,"h3_10":"8a1e2e6b334ffff","h3_11":"8b1e2e6b334dfff"},"geometry":{"type":"Polygon","coordinates":[[[19.948355,50.045543],[19.948503,50.045532],[19.948524,50.045577],[19.948381,50.04561],[19.948355,50.045543]]]}},{"type":"Feature","id":"w195666562","properties":{"type":"yes","levels":2.0,"residential":true,"residents_est":0,"h3_10":"8a1e2e6b334ffff","h3_11":"8b1e2e6b334dfff"},"geometry":{"type":"Polygon","coordinates":[[[19.948239,50.045435],[19.948398,50.04543],[19.948403,50.045446],[19.948383,50.045447],[19.948389,50.045499],[19.948262,50.045505],[19.948255,50.045467],[19.948248,50.045468],[19.948239,50.045435]]]}},{"type":"Feature","id":"w195666563","properties":{"type":"apartments","levels":2.0,"residential":true,"residents_est":4,"h3_10":"8a1e2e6b334ffff","h3_11":"8b1e2e6b3349fff"},"geometry":{"type":"Polygon","coordinates":[[[19.948839,50.04505],[19.948875,50.044932],[19.949313,50.044999],[19.949252,50.045234],[19.949192,50.045231],[19.949222,50.045123],[19.949245,50.045112],[19.94924,50.045107],[19.94923,50.04511],[19.948839,50.04505]]]}},{"type":"Feature","id":"w195666564","properties":{"type":"apartments","residential":true,"residents_est":6,"h3_10":"8a1e2e6b334ffff","h3_11":"8b1e2e6b3349fff"},"geometry":{"type":"Polygon","coordinates":[[[19.948714,50.04538],[19.948717,50.045349],[19.948815,50.045095],[19.948932,50.045115],[19.948913,50.045149],[19.948812,50.045395],[19.948714,50.04538]]]}},{"type":"Feature","id":"w195666567","properties":{"type":"yes","levels":3.0,"residential":true,"residents_est":1,"h3_10":"8a1e2e6b334ffff","h3_11":"8b1e2e6b334dfff"},"geometry":{"type":"Polygon","coordinates":[[[19.948654,50.045437],[19.948703,50.045435],[19.948707,50.045412],[19.948744,50.045416],[19.948758,50.045536],[19.948658,50.045541],[19.948654,50.045437]]]}},{"type":"Feature","id":"w195666568","properties":{"type":"yes","levels":2.0,"residential":true,"residents_est":2,"h3_10":"8a1e2e6b334ffff","h3_11":"8b1e2e6b3348fff"},"geometry":{"type":"Polygon","coordinates":[[[19.948219,50.045297],[19.948239,50.045157],[19.948267,50.045105],[19.948376,50.044979],[19.948503,50.045],[19.948389,50.045147],[19.948363,50.045237],[19.948421,50.045245],[19.94842,50.045251],[19.948385,50.045266],[19.948371,50.045312],[19.948219,50.045297]]]}},{"type":"Feature","id":"w195821677","properties":{"type":"apartments","levels":3.0,"residential":true,"residents_est":4,"h3_10":"8a1e2e6b334ffff","h3_11":"8b1e2e6b334afff"},"geometry":{"type":"Polygon","coordinates":[[[19.947484,50.044739],[19.947682,50.044648],[19.947784,50.044744],[19.947825,50.044792],[19.947758,50.044825],[19.947724,50.044792],[19.947739,50.044784],[19.947723,50.044772],[19.947732,50.044752],[19.947719,50.044749],[19.947692,50.044762],[19.947706,50.044774],[19.947703,50.044784],[19.947682,50.044794],[19.947664,50.044794],[19.947651,50.044785],[19.947631,50.044795],[19.947624,50.044807],[19.947648,50.044826],[19.947663,50.04482],[19.947676,50.044823],[19.947704,50.044849],[19.947637,50.044878],[19.947484,50.044739]]]}},{"type":"Feature","id":"w195821680","properties":{"type":"apartments","levels":4.0,"residential":true,"residents_est":3,"h3_10":"8a1e2e6b334ffff","h3_11":"8b1e2e6b334efff"},"geometry":{"type":"Polygon","coordinates":[[[19.947408,50.04509],[19.947469,50.045061],[19.947463,50.045054],[19.947524,50.045028],[19.947529,50.045033],[19.947551,50.045023],[19.947667,50.045126],[19.947567,50.045159],[19.947572,50.045165],[19.947519,50.045187],[19.947408,50.04509]]]}},{"type":"Feature","id":"w195821681","properties":{"type":"yes","levels":3.0,"residential":true,"residents_est":0,"h3_10":"8a1e2e6b334ffff","h3_11":"8b1e2e6b334efff"},"geometry":{"type":"Polygon","coordinates":[[[19.94716,50.045218],[19.947197,50.04517],[19.947283,50.045198],[19.947292,50.045209],[19.947336,50.045228],[19.94734,50.045224],[19.947351,50.045228],[19.947326,50.045269],[19.94716,50.045218]]]}},{"type":"Feature","id":"w195821682","properties":{"type":"apartments","levels":3.0,"residential":true,"residents_est":3,"h3_10":"8a1e2e6b335ffff","h3_11":"8b1e2e6b335dfff"},"geometry":{"type":"Polygon","coordinates":[[[19.947315,50.044818],[19.947484,50.044739],[19.947637,50.044878],[19.947561,50.044913],[19.947532,50.044887],[19.947538,50.044876],[19.947552,50.044869],[19.947539,50.044856],[19.947543,50.044848],[19.947522,50.044847],[19.9475,50.044857],[19.947511,50.044867],[19.947509,50.044877],[19.947425,50.044912],[19.947315,50.044818]]]}},{"type":"Feature","id":"w195821683","properties":{"type":"apartments","levels":4.0,"residential":true,"residents_est":4,"h3_10":"8a1e2e6b334ffff","h3_11":"8b1e2e6b334efff"},"geometry":{"type":"Polygon","coordinates":[[[19.947742,50.044977],[19.947949,50.044911],[19.948039,50.045003],[19.947819,50.045076],[19.947742,50.044977]]]}},{"type":"Feature","id":"w195821684","properties":{"type":"yes","levels":2.0,"residential":true,"residents_est":0,"h3_10":"8a1e2e6b335ffff","h3_11":"8b1e2e6b335dfff"},"geometry":{"type":"Polygon","coordinates":[[[19.947174,50.044883],[19.947315,50.044818],[19.947368,50.044863],[19.947297,50.044894],[19.947312,50.044907],[19.947275,50.044923],[19.94731,50.044956],[19.947274,50.044973],[19.947174,50.044883]]]}},{"type":"Feature","id":"w195821685","properties":{"type":"apartments","levels":2.0,"residential":true,"residents_est":3,"h3_10":"8a1e2e6b334ffff","h3_11":"8b1e2e6b334afff"},"geometry":{"type":"Polygon","coordinates":[[[19.947964,50.044926],[19.947998,50.04491],[19.948207,50.044706],[19.948341,50.044762],[19.948138,50.04497],[19.948039,50.045003],[19.947964,50.044926]]]}},{"type":"Feature","id":"w195821686","properties":{"type":"apartments","levels":2.0,"residential":true,"residents_est":4,"h3_10":"8a1e2e6b3347fff","h3_11":"8b1e2e6b3343fff"},"geometry":{"type":"Polygon","coordinates":[[[19.946714,50.04509],[19.947021,50.044952],[19.94714,50.045062],[19.947042,50.045104],[19.947049,50.045121],[19.947211,50.045152],[19.94716,50.045218],[19.946731,50.045127],[19.946714,50.04509]]]}},{"type":"Feature","id":"w195821687","properties":{"type":"yes","levels":1.0,"residential":true,"residents_est":0,"h3_10":"8a1e2e6b334ffff","h3_11":"8b1e2e6b334efff"},"geometry":{"type":"Polygon","coordinates":[[[19.947134,50.045002],[19.947197,50.044973],[19.947224,50.044995],[19.947205,50.045001],[19.947236,50.045031],[19.947259,50.045024],[19.947453,50.045214],[19.947378,50.045245],[19.947258,50.04513],[19.947192,50.045088],[19.947222,50.045069],[19.947198,50.045044],[19.947185,50.045049],[19.947134,50.045002]]]}},{"type":"Feature","id":"w196194363","properties":{"type":"apartments","levels":3.0,"residential":true,"residents_est":6,"h3_10":"8a1e2e6b335ffff","h3_11":"8b1e2e6b3358fff"},"geometry":{"type":"Polygon","coordinates":[[[19.946642,50.044325],[19.946875,50.044184],[19.947,50.044278],[19.946829,50.044384],[19.946888,50.044425],[19.946911,50.044426],[19.947058,50.044322],[19.947092,50.044347],[19.946908,50.044509],[19.946642,50.044325]]]}},{"type":"Feature","id":"w196194365","properties":{"type":"apartments","levels":3.0,"residential":true,"residents_est":9,"h3_10":"8a1e2e6b335ffff","h3_11":"8b1e2e6b335bfff"},"geometry":{"type":"Polygon","coordinates":[[[19.946875,50.044184],[19.947161,50.043957],[19.94741,50.044087],[19.947297,50.044179],[19.947219,50.04414],[19.947236,50.044125],[19.94719,50.044101],[19.94717,50.044116],[19.947188,50.04413],[19.947038,50.044242],[19.947051,50.044249],[19.947063,50.044241],[19.94716,50.04429],[19.947092,50.044347],[19.946875,50.044184]]]}},{"type":"Feature","id":"w196194368","properties":{"type":"apartments","levels":3.0,"residential":true,"residents_est":2,"h3_10":"8a1e2e6b335ffff","h3_11":"8b1e2e6b3358fff"},"geometry":{"type":"Polygon","coordinates":[[[19.946348,50.044497],[19.946482,50.044421],[19.946641,50.044493],[19.946629,50.044502],[19.946617,50.044497],[19.946498,50.044584],[19.946348,50.044497]]]}},{"type":"Feature","id":"w196194371","properties":{"type":"apartments","levels":3.0,"residential":true,"residents_est":2,"h3_10":"8a1e2e6b335ffff","h3_11":"8b1e2e6b335cfff"},"geometry":{"type":"Polygon","coordinates":[[[19.946224,50.044572],[19.946348,50.044497],[19.946498,50.044584],[19.94653,50.044609],[19.946516,50.044606],[19.9465,50.044618],[19.946484,50.044605],[19.946374,50.044673],[19.946224,50.044572]]]}},{"type":"Feature","id":"w196194372","properties":{"type":"apartments","residential":true,"residents_est":9,"h3_10":"8a1e2e6b335ffff","h3_11":"8b1e2e6b335dfff"},"geometry":{"type":"Polygon","coordinates":[[[19.946922,50.044497],[19.947058,50.044375],[19.947316,50.04452],[19.947473,50.044658],[19.947337,50.044719],[19.947233,50.044625],[19.947296,50.044591],[19.947184,50.04453],[19.947062,50.044465],[19.946983,50.044527],[19.946922,50.044497]]]}},{"type":"Feature","id":"w196194376","properties":{"type":"apartments","levels":3.0,"residential":true,"residents_est":6,"h3_10":"8a1e2e6b335ffff","h3_11":"8b1e2e6b335dfff"},"geometry":{"type":"Polygon","coordinates":[[[19.946637,50.044683],[19.946728,50.04463],[19.946918,50.044768],[19.947083,50.044694],[19.94719,50.044783],[19.946933,50.044899],[19.946637,50.044683]]]}},{"type":"Feature","id":"w196194377","properties":{"type":"apartments","levels":3.0,"residential":true,"residents_est":2,"h3_10":"8a1e2e6b335ffff","h3_11":"8b1e2e6b3359fff"},"geometry":{"type":"Polygon","coordinates":[[[19.947378,50.044575],[19.947558,50.044496],[19.947646,50.044581],[19.947473,50.044658],[19.947378,50.044575]]]}},{"type":"Feature","id":"w196194378","properties":{"type":"apartments","levels":3.0,"residential":true,"residents_est":3,"h3_10":"8a1e2e6b335ffff","h3_11":"8b1e2e6b335cfff"},"geometry":{"type":"Polygon","coordinates":[[[19.946055,50.04467],[19.946222,50.04457],[19.946374,50.044673],[19.946272,50.044732],[19.946275,50.044743],[19.946299,50.044742],[19.946338,50.044766],[19.94632,50.04478],[19.94634,50.044791],[19.946317,50.044806],[19.946055,50.04467]]]}},{"type":"Feature","id":"w196194380","properties":{"type":"apartments","levels":4.0,"residential":true,"residents_est":7,"h3_10":"8a1e2e6b335ffff","h3_11":"8b1e2e6b3359fff"},"geometry":{"type":"Polygon","coordinates":[[[19.947558,50.044496],[19.947706,50.044431],[19.947732,50.044435],[19.947738,50.044431],[19.94771,50.044416],[19.94786,50.04432],[19.947996,50.044387],[19.947999,50.044418],[19.947945,50.044448],[19.947646,50.044581],[19.947558,50.044496]]]}},{"type":"Feature","id":"w196197828","properties":{"type":"yes","address":"Przy Moście 7","name":"The Bridge Suites","residential":true,"residents_est":1,"h3_10":"8a1e2e6b3357fff","h3_11":"8b1e2e6b3351fff"},"geometry":{"type":"Polygon","coordinates":[[[19.945923,50.044789],[19.945925,50.044756],[19.945946,50.044735],[19.946055,50.04467],[19.946147,50.044718],[19.946091,50.044764],[19.946133,50.044786],[19.946046,50.044865],[19.945942,50.044814],[19.945923,50.044789]]]}},{"type":"Feature","id":"w196255358","properties":{"type":"apartments","levels":2.0,"residential":true,"residents_est":1,"h3_10":"8a1e2e6b326ffff","h3_11":"8b1e2e6b3269fff"},"geometry":{"type":"Polygon","coordinates":[[[19.950748,50.04372],[19.950784,50.043633],[19.950796,50.043634],[19.950806,50.043594],[19.950956,50.043608],[19.950946,50.043711],[19.950841,50.043702],[19.950834,50.043729],[19.950748,50.04372]]]}},{"type":"Feature","id":"w199515255","properties":{"type":"shed","residential":false,"residents_est":0,"h3_10":"8a1e2e6b3367fff","h3_11":"8b1e2e6b3364fff"},"geometry":{"type":"Polygon","coordinates":[[[19.945714,50.046871],[19.945757,50.046823],[19.945796,50.046837],[19.945754,50.046884],[19.945714,50.046871]]]}},{"type":"Feature","id":"w199515263","properties":{"type":"apartments","levels":4.0,"residential":true,"residents_est":5,"h3_10":"8a1e2e6b3367fff","h3_11":"8b1e2e6b3366fff"},"geometry":{"type":"Polygon","coordinates":[[[19.945191,50.046803],[19.945331,50.046638],[19.945537,50.046723],[19.945393,50.04688],[19.945333,50.046856],[19.945367,50.046821],[19.945383,50.046827],[19.945405,50.046819],[19.945403,50.046807],[19.94531,50.046774],[19.945306,50.046761],[19.945277,50.04676],[19.945269,50.046768],[19.945284,50.046774],[19.94529,50.046784],[19.94525,50.046825],[19.945191,50.046803]]]}},{"type":"Feature","id":"w199773148","properties":{"type":"yes","levels":5.0,"residential":true,"residents_est":3,"h3_10":"8a1e2e6b3327fff","h3_11":"8b1e2e6b3324fff"},"geometry":{"type":"Polygon","coordinates":[[[19.941006,50.046915],[19.941081,50.046765],[19.941269,50.046805],[19.941195,50.046955],[19.941006,50.046915]]]}},{"type":"Feature","id":"w199773156","properties":{"type":"yes","residential":true,"residents_est":1,"h3_10":"8a1e2e6b3327fff","h3_11":"8b1e2e6b3321fff"},"geometry":{"type":"Polygon","coordinates":[[[19.941738,50.046697],[19.941766,50.046633],[19.942029,50.046681],[19.942001,50.046744],[19.941738,50.046697]]]}},{"type":"Feature","id":"w199773168","properties":{"type":"yes","levels":5.0,"residential":true,"residents_est":2,"h3_10":"8a1e2e6b3327fff","h3_11":"8b1e2e6b3324fff"},"geometry":{"type":"Polygon","coordinates":[[[19.940957,50.047014],[19.941008,50.046917],[19.941271,50.046971],[19.941246,50.047022],[19.941203,50.047014],[19.941181,50.046984],[19.941161,50.04699],[19.941129,50.047055],[19.940957,50.047014]]]}},{"type":"Feature","id":"w203242292","properties":{"type":"apartments","levels":3.0,"residential":true,"residents_est":3,"h3_10":"8a1e2e6b32e7fff","h3_11":"8b1e2e6b32e4fff"},"geometry":{"type":"Polygon","coordinates":[[[19.945695,50.041939],[19.945819,50.041853],[19.945953,50.041781],[19.945987,50.041804],[19.945963,50.041819],[19.945979,50.04183],[19.94593,50.041859],[19.945914,50.041851],[19.945886,50.041868],[19.945862,50.041871],[19.945865,50.041885],[19.945878,50.041892],[19.945895,50.04188],[19.945969,50.041916],[19.945963,50.041921],[19.945996,50.041939],[19.945887,50.042031],[19.945695,50.041939]]]}},{"type":"Feature","id":"w203242293","properties":{"type":"apartments","levels":1.0,"residential":true,"residents_est":0,"h3_10":"8a1e2e6b32e7fff","h3_11":"8b1e2e6b32e5fff"},"geometry":{"type":"Polygon","coordinates":[[[19.946159,50.041722],[19.946287,50.041674],[19.946366,50.041764],[19.946235,50.041811],[19.946159,50.041722]]]}},{"type":"Feature","id":"w203242294","properties":{"type":"garage","residential":false,"residents_est":0,"h3_10":"8a1e2e6b3277fff","h3_11":"8b1e2e6b3273fff"},"geometry":{"type":"Polygon","coordinates":[[[19.947472,50.042752],[19.947582,50.042654],[19.947638,50.042677],[19.947611,50.042702],[19.947599,50.042697],[19.947505,50.042783],[19.947472,50.042752]]]}},{"type":"Feature","id":"w203242295","properties":{"type":"apartments","levels":1.0,"residential":true,"residents_est":0,"h3_10":"8a1e2e6b32e7fff","h3_11":"8b1e2e6b32e5fff"},"geometry":{"type":"Polygon","coordinates":[[[19.946235,50.041811],[19.946366,50.041764],[19.946434,50.041854],[19.946313,50.0419],[19.946235,50.041811]]]}},{"type":"Feature","id":"w203242296","properties":{"type":"house","levels":1.0,"address":"Jana Zamoyskiego 12","residential":true,"residents_est":1,"h3_10":"8a1e2e6b3277fff","h3_11":"8b1e2e6b3273fff"},"geometry":{"type":"Polygon","coordinates":[[[19.94766,50.042798],[19.94772,50.042716],[19.947929,50.042779],[19.947869,50.042863],[19.94766,50.042798]]]}},{"type":"Feature","id":"w203242297","properties":{"type":"apartments","levels":2.0,"address":"Jana Zamoyskiego 2","residential":true,"residents_est":3,"h3_10":"8a1e2e6b3247fff","h3_11":"8b1e2e6b3245fff"},"geometry":{"type":"Polygon","coordinates":[[[19.949046,50.043276],[19.949129,50.043174],[19.949251,50.043212],[19.949253,50.043208],[19.949483,50.043285],[19.949404,50.043389],[19.949046,50.043276]]]}},{"type":"Feature","id":"w203242298","properties":{"type":"office","levels":4.0,"address":"Jana Zamoyskiego 22","residential":false,"residents_est":0,"h3_10":"8a1e2e6b3257fff","h3_11":"8b1e2e6b3256fff"},"geometry":{"type":"Polygon","coordinates":[[[19.946581,50.042341],[19.946615,50.042315],[19.946596,50.042305],[19.946631,50.042275],[19.94665,50.042283],[19.946687,50.04225],[19.946826,50.042317],[19.946702,50.04242],[19.946585,50.042365],[19.946581,50.042341]]]}},{"type":"Feature","id":"w203242299","properties":{"type":"apartments","levels":2.0,"address":"Jana Zamoyskiego 18","residential":true,"residents_est":2,"h3_10":"8a1e2e6b3257fff","h3_11":"8b1e2e6b3254fff"},"geometry":{"type":"Polygon","coordinates":[[[19.946993,50.04256],[19.947078,50.042488],[19.947118,50.042505],[19.947122,50.042501],[19.947346,50.042608],[19.947342,50.042612],[19.947385,50.042633],[19.947299,50.042707],[19.946993,50.04256]]]}},{"type":"Feature","id":"w203242300","properties":{"type":"school","levels":3.0,"address":"Jana Zamoyskiego 6","residential":false,"residents_est":0,"h3_10":"8a1e2e6b3247fff","h3_11":"8b1e2e6b3240fff"},"geometry":{"type":"Polygon","coordinates":[[[19.948319,50.043046],[19.948507,50.042802],[19.948651,50.04285],[19.948551,50.042976],[19.94871,50.043027],[19.948814,50.042895],[19.948962,50.042944],[19.948768,50.043191],[19.948319,50.043046]]]}},{"type":"Feature","id":"w203248339","properties":{"type":"apartments","levels":2.0,"address":"Krzemionki 14","residential":true,"residents_est":1,"h3_10":"8a1e2e6b32e7fff","h3_11":"8b1e2e6b32e6fff"},"geometry":{"type":"Polygon","coordinates":[[[19.945607,50.041382],[19.945634,50.041376],[19.945612,50.041333],[19.945738,50.041307],[19.945799,50.041425],[19.945662,50.041451],[19.945645,50.041416],[19.945626,50.04142],[19.945607,50.041382]]]}},{"type":"Feature","id":"w203248341","properties":{"type":"apartments","levels":2.0,"address":"Krzemionki 12","residential":true,"residents_est":1,"h3_10":"8a1e2e6b32e7fff","h3_11":"8b1e2e6b32e0fff"},"geometry":{"type":"Polygon","coordinates":[[[19.945657,50.041458],[19.945665,50.041456],[19.945662,50.041451],[19.945799,50.041425],[19.945842,50.041508],[19.945744,50.041569],[19.945727,50.041587],[19.945684,50.04157],[19.945715,50.04154],[19.945695,50.0415],[19.945679,50.041502],[19.945657,50.041458]]]}},{"type":"Feature","id":"w203248342","properties":{"type":"apartments","levels":4.0,"residential":true,"residents_est":4,"h3_10":"8a1e2e6b32f7fff","h3_11":"8b1e2e6b32f1fff"},"geometry":{"type":"Polygon","coordinates":[[[19.945267,50.040793],[19.945434,50.040756],[19.945529,50.040923],[19.945363,50.040963],[19.945267,50.040793]]]}},{"type":"Feature","id":"w203248345","properties":{"type":"apartments","levels":2.0,"address":"Krzemionki 10","residential":true,"residents_est":1,"h3_10":"8a1e2e6b32e7fff","h3_11":"8b1e2e6b32e0fff"},"geometry":{"type":"Polygon","coordinates":[[[19.945739,50.041574],[19.945842,50.041508],[19.945881,50.041561],[19.945864,50.041566],[19.945883,50.041591],[19.94578,50.041626],[19.945739,50.041574]]]}},{"type":"Feature","id":"w203248346","properties":{"type":"apartments","levels":2.0,"address":"Krzemionki 18","residential":true,"residents_est":2,"h3_10":"8a1e2e6b32e7fff","h3_11":"8b1e2e6b32e2fff"},"geometry":{"type":"Polygon","coordinates":[[[19.945469,50.041126],[19.945623,50.041092],[19.945711,50.041257],[19.945553,50.041289],[19.945469,50.041126]]]}},{"type":"Feature","id":"w203262681","properties":{"type":"apartments","levels":2.0,"address":"Jana Zamoyskiego 38","residential":true,"residents_est":2,"h3_10":"8a1e2e6b32e7fff","h3_11":"8b1e2e6b32e6fff"},"geometry":{"type":"Polygon","coordinates":[[[19.944905,50.041351],[19.945032,50.041285],[19.945193,50.041402],[19.945075,50.041477],[19.944905,50.041351]]]}},{"type":"Feature","id":"w203262683","properties":{"type":"apartments","levels":4.0,"residential":true,"residents_est":4,"h3_10":"8a1e2e6b32e7fff","h3_11":"8b1e2e6b32e6fff"},"geometry":{"type":"Polygon","coordinates":[[[19.945208,50.041598],[19.945336,50.041514],[19.945488,50.041628],[19.945368,50.041719],[19.945208,50.041598]]]}},{"type":"Feature","id":"w203262685","properties":{"type":"apartments","levels":4.0,"address":"Jana Zamoyskiego 40","residential":true,"residents_est":6,"h3_10":"8a1e2e6b32f7fff","h3_11":"8b1e2e6b32f5fff"},"geometry":{"type":"Polygon","coordinates":[[[19.944665,50.041129],[19.944785,50.041063],[19.944922,50.041165],[19.944908,50.041174],[19.945045,50.041278],[19.944921,50.041342],[19.944784,50.041239],[19.9448,50.04123],[19.944665,50.041129]]]}},{"type":"Feature","id":"w203262686","properties":{"type":"apartments","levels":2.0,"address":"Jana Zamoyskiego 36","residential":true,"residents_est":2,"h3_10":"8a1e2e6b32e7fff","h3_11":"8b1e2e6b32e6fff"},"geometry":{"type":"Polygon","coordinates":[[[19.945062,50.041485],[19.945193,50.041402],[19.945253,50.041447],[19.945264,50.041441],[19.945288,50.041459],[19.945307,50.04145],[19.945328,50.041468],[19.945299,50.041484],[19.945336,50.041514],[19.945208,50.041598],[19.945062,50.041485]]]}},{"type":"Feature","id":"w203279091","properties":{"type":"yes","levels":1.0,"residential":true,"residents_est":0,"h3_10":"8a1e2e6b321ffff","h3_11":"8b1e2e6b321bfff"},"geometry":{"type":"Polygon","coordinates":[[[19.944299,50.041588],[19.944472,50.041482],[19.944596,50.041562],[19.944423,50.041668],[19.944299,50.041588]]]}},{"type":"Feature","id":"w203279093","properties":{"type":"apartments","levels":2.0,"address":"Jana Zamoyskiego 37","residential":true,"residents_est":3,"h3_10":"8a1e2e6b32f7fff","h3_11":"8b1e2e6b32f4fff"},"geometry":{"type":"Polygon","coordinates":[[[19.94378,50.041102],[19.944061,50.040931],[19.944226,50.041047],[19.944012,50.041176],[19.944007,50.041173],[19.943901,50.041235],[19.943829,50.041181],[19.943879,50.041152],[19.943912,50.041176],[19.944058,50.041098],[19.943961,50.041023],[19.943935,50.041036],[19.943946,50.041044],[19.943933,50.041059],[19.943824,50.04113],[19.94378,50.041102]]]}},{"type":"Feature","id":"w203279095","properties":{"type":"yes","levels":3.0,"residential":true,"residents_est":2,"h3_10":"8a1e2e6b321ffff","h3_11":"8b1e2e6b3218fff"},"geometry":{"type":"Polygon","coordinates":[[[19.943831,50.041739],[19.943887,50.0417],[19.944042,50.041794],[19.944066,50.041778],[19.944044,50.041764],[19.944075,50.041743],[19.944082,50.041748],[19.944106,50.041732],[19.944088,50.041719],[19.944109,50.041705],[19.944071,50.041679],[19.944094,50.041664],[19.944237,50.041795],[19.944098,50.041893],[19.943831,50.041739]]]}},{"type":"Feature","id":"w203279097","properties":{"type":"yes","levels":3.0,"residential":true,"residents_est":2,"h3_10":"8a1e2e6b321ffff","h3_11":"8b1e2e6b3218fff"},"geometry":{"type":"Polygon","coordinates":[[[19.944121,50.041686],[19.944282,50.041578],[19.944423,50.041668],[19.944237,50.041795],[19.944121,50.041686]]]}},{"type":"Feature","id":"w203279098","properties":{"type":"apartments","levels":4.0,"address":"Jana Zamoyskiego 35","residential":true,"residents_est":5,"h3_10":"8a1e2e6b32f7fff","h3_11":"8b1e2e6b32f4fff"},"geometry":{"type":"Polygon","coordinates":[[[19.944094,50.041127],[19.944226,50.041047],[19.944414,50.041181],[19.944273,50.041262],[19.944094,50.041127]]]}},{"type":"Feature","id":"w203279100","properties":{"type":"apartments","levels":6.0,"address":"Jana Zamoyskiego 33","residential":true,"residents_est":6,"h3_10":"8a1e2e6b321ffff","h3_11":"8b1e2e6b321bfff"},"geometry":{"type":"Polygon","coordinates":[[[19.944273,50.041262],[19.944414,50.041181],[19.944575,50.041296],[19.944437,50.041376],[19.944371,50.04133],[19.944355,50.04134],[19.944319,50.041317],[19.944336,50.041308],[19.944273,50.041262]]]}},{"type":"Feature","id":"w203279102","properties":{"type":"residential","levels":1.0,"address":"Jana Zamoyskiego 39","residential":true,"residents_est":1,"h3_10":"8a1e2e6b32f7fff","h3_11":"8b1e2e6b32f6fff"},"geometry":{"type":"Polygon","coordinates":[[[19.943746,50.040909],[19.943866,50.040813],[19.943894,50.040811],[19.944061,50.040931],[19.943938,50.041005],[19.943836,50.040937],[19.943816,50.040951],[19.943746,50.040909]]]}},{"type":"Feature","id":"w203279104","properties":{"type":"apartments","levels":4.0,"residential":true,"residents_est":5,"h3_10":"8a1e2e6b321ffff","h3_11":"8b1e2e6b321efff"},"geometry":{"type":"Polygon","coordinates":[[[19.943731,50.041958],[19.943866,50.041848],[19.943883,50.041855],[19.94386,50.041873],[19.943932,50.041908],[19.943944,50.041897],[19.943922,50.041887],[19.943963,50.041854],[19.943901,50.041819],[19.943933,50.041796],[19.944098,50.041893],[19.944014,50.041949],[19.943899,50.042043],[19.943731,50.041958]]]}},{"type":"Feature","id":"w203279105","properties":{"type":"office","levels":5.0,"address":"Kalwaryjska 35a","residential":false,"residents_est":0,"h3_10":"8a1e2e6b32affff","h3_11":"8b1e2e6b32adfff"},"geometry":{"type":"Polygon","coordinates":[[[19.943224,50.041348],[19.943229,50.041332],[19.943247,50.041319],[19.943273,50.041313],[19.943309,50.041317],[19.943316,50.041295],[19.943302,50.041293],[19.943324,50.041272],[19.943309,50.041264],[19.943371,50.041215],[19.943517,50.041288],[19.943604,50.041397],[19.943622,50.041392],[19.943637,50.041405],[19.94375,50.041368],[19.943799,50.041417],[19.943344,50.041568],[19.943265,50.04143],[19.943283,50.041426],[19.943273,50.041401],[19.943287,50.041403],[19.943292,50.041381],[19.943244,50.041371],[19.943224,50.041348]]]}},{"type":"Feature","id":"w203295474","properties":{"type":"yes","levels":2.0,"residential":true,"residents_est":1,"h3_10":"8a1e2e6b321ffff","h3_11":"8b1e2e6b3219fff"},"geometry":{"type":"Polygon","coordinates":[[[19.944645,50.041884],[19.944725,50.041838],[19.944768,50.041871],[19.944777,50.041866],[19.944825,50.041899],[19.944803,50.041909],[19.944825,50.04193],[19.944981,50.041856],[19.944992,50.041866],[19.944972,50.041876],[19.945011,50.041911],[19.944861,50.041981],[19.9447,50.041918],[19.944645,50.041884]]]}},{"type":"Feature","id":"w203295475","properties":{"type":"yes","residential":false,"residents_est":0,"h3_10":"8a1e2e6b320ffff","h3_11":"8b1e2e6b320afff"},"geometry":{"type":"Polygon","coordinates":[[[19.945109,50.042203],[19.945127,50.042186],[19.945218,50.042231],[19.945199,50.042247],[19.945109,50.042203]]]}},{"type":"Feature","id":"w203295476","properties":{"type":"apartments","levels":3.0,"residential":true,"residents_est":1,"h3_10":"8a1e2e6b321ffff","h3_11":"8b1e2e6b321dfff"},"geometry":{"type":"Polygon","coordinates":[[[19.944809,50.042284],[19.94486,50.042235],[19.944901,50.042256],[19.944917,50.042239],[19.944932,50.042246],[19.944946,50.042233],[19.945026,50.042274],[19.944939,50.042351],[19.944809,50.042284]]]}},{"type":"Feature","id":"w204040870","properties":{"type":"yes","levels":1.0,"residential":true,"residents_est":0,"h3_10":"8a1e2e6b3327fff","h3_11":"8b1e2e6b3322fff"},"geometry":{"type":"Polygon","coordinates":[[[19.940706,50.04618],[19.940756,50.046051],[19.94085,50.046068],[19.940799,50.046197],[19.940706,50.04618]]]}},{"type":"Feature","id":"w239521502","properties":{"type":"yes","levels":1.0,"residential":true,"residents_est":2,"h3_10":"8a1e2e6b33a7fff","h3_11":"8b1e2e6b33a4fff"},"geometry":{"type":"Polygon","coordinates":[[[19.938043,50.044364],[19.938194,50.044309],[19.938359,50.044498],[19.938346,50.044502],[19.938363,50.044519],[19.938777,50.04437],[19.93884,50.044447],[19.938408,50.04461],[19.938286,50.044645],[19.938043,50.044364]]]}},{"type":"Feature","id":"w240474657","properties":{"type":"yes","levels":3.0,"residential":true,"residents_est":1,"h3_10":"8a1e2e6b324ffff","h3_11":"8b1e2e6b324efff"},"geometry":{"type":"Polygon","coordinates":[[[19.949937,50.042802],[19.949963,50.042766],[19.950052,50.042792],[19.950089,50.042747],[19.950061,50.042738],[19.950124,50.042663],[19.950153,50.042674],[19.950104,50.04273],[19.950181,50.042755],[19.950101,50.042853],[19.949937,50.042802]]]}},{"type":"Feature","id":"w240474658","properties":{"type":"yes","residential":true,"residents_est":0,"h3_10":"8a1e2e6b324ffff","h3_11":"8b1e2e6b324efff"},"geometry":{"type":"Polygon","coordinates":[[[19.950179,50.042641],[19.950277,50.042531],[19.950324,50.042543],[19.950226,50.042657],[19.950179,50.042641]]]}},{"type":"Feature","id":"w240480355","properties":{"type":"kiosk","residential":false,"residents_est":0,"h3_10":"8a1e2e6b3277fff","h3_11":"8b1e2e6b3275fff"},"geometry":{"type":"Polygon","coordinates":[[[19.947195,50.043673],[19.947201,50.043665],[19.947198,50.043656],[19.947229,50.043644],[19.94728,50.043667],[19.947266,50.04369],[19.947251,50.043688],[19.947242,50.043694],[19.947195,50.043673]]]}},{"type":"Feature","id":"w262186756","properties":{"type":"church","address":"Jana Zamoyskiego 2","name":"Kościół pw. Świętego Józefa","residential":false,"residents_est":0,"h3_10":"8a1e2e6b326ffff","h3_11":"8b1e2e6b326afff"},"geometry":{"type":"Polygon","coordinates":[[[19.949584,50.043442],[19.9496,50.043431],[19.949587,50.043409],[19.949606,50.04338],[19.949619,50.043373],[19.949599,50.043347],[19.949617,50.043321],[19.949635,50.04332],[19.949636,50.043315],[19.949623,50.043312],[19.949605,50.043286],[19.949622,50.043261],[19.949628,50.043262],[19.949645,50.043232],[19.949632,50.043229],[19.949622,50.043234],[19.949614,50.043229],[19.949626,50.043222],[19.949614,50.043202],[19.949599,50.043202],[19.949599,50.043194],[19.949612,50.043194],[19.949626,50.043173],[19.949617,50.043163],[19.949627,50.04316],[19.949634,50.043167],[19.949676,50.043158],[19.949692,50.043161],[19.949698,50.043153],[19.949689,50.04315],[19.949692,50.043145],[19.949703,50.043148],[19.949729,50.043111],[19.94972,50.043108],[19.949732,50.043106],[19.949762,50.043065],[19.949757,50.043054],[19.949769,50.043052],[19.949774,50.043061],[19.949796,50.043065],[19.949827,50.04306],[19.949834,50.043073],[19.949867,50.043068],[19.949865,50.043063],[19.949893,50.043034],[19.949941,50.043031],[19.949992,50.04305],[19.950042,50.043023],[19.950043,50.043016],[19.950056,50.043017],[19.950054,50.043025],[19.950092,50.043036],[19.950106,50.043034],[19.950099,50.04304],[19.950113,50.043068],[19.950103,50.043082],[19.950157,50.043091],[19.950179,50.04312],[19.950161,50.043146],[19.950217,50.043159],[19.950238,50.043193],[19.950231,50.043201],[19.950246,50.043206],[19.950241,50.043213],[19.950227,50.043209],[19.950203,50.043243],[19.950217,50.043247],[19.950212,50.043254],[19.950198,50.043251],[19.950172,50.043288],[19.950186,50.043293],[19.95018,50.0433],[19.950187,50.043314],[19.950197,50.043316],[19.950193,50.043325],[19.950167,50.043328],[19.950146,50.043353],[19.950158,50.043375],[19.950153,50.043382],[19.950086,50.043385],[19.95008,50.04339],[19.95009,50.043398],[19.950073,50.043425],[19.950033,50.043432],[19.950015,50.043429],[19.950019,50.043442],[19.950006,50.043466],[19.949958,50.043476],[19.949961,50.043485],[19.949942,50.043511],[19.949902,50.043523],[19.949904,50.043537],[19.949888,50.043536],[19.94989,50.043526],[19.949847,50.043513],[19.949866,50.043541],[19.949811,50.043548],[19.949814,50.043554],[19.949801,50.043557],[19.949796,50.043546],[19.949783,50.043541],[19.949784,50.043536],[19.949793,50.043536],[19.949787,50.043523],[19.949672,50.043489],[19.949651,50.043493],[19.949657,50.043497],[19.949651,50.043502],[19.949623,50.043503],[19.949618,50.043494],[19.949623,50.043493],[19.949599,50.043462],[19.949634,50.043458],[19.949636,50.043453],[19.949584,50.043442]]]}},{"type":"Feature","id":"w293962227","properties":{"type":"yes","residential":true,"residents_est":0,"h3_10":"8a1e2e6b3367fff","h3_11":"8b1e2e6b3364fff"},"geometry":{"type":"Polygon","coordinates":[[[19.945938,50.047071],[19.945962,50.047021],[19.946102,50.047047],[19.94608,50.047097],[19.945938,50.047071]]]}},{"type":"Feature","id":"w295985630","properties":{"type":"yes","residential":true,"residents_est":0,"h3_10":"8a1e2e6b3327fff","h3_11":"8b1e2e6b3321fff"},"geometry":{"type":"Polygon","coordinates":[[[19.941934,50.046416],[19.941956,50.046362],[19.942076,50.046381],[19.942054,50.046437],[19.941934,50.046416]]]}},{"type":"Feature","id":"w295985647","properties":{"type":"yes","residential":true,"residents_est":3,"h3_10":"8a1e2e6b332ffff","h3_11":"8b1e2e6b332afff"},"geometry":{"type":"Polygon","coordinates":[[[19.942476,50.046219],[19.942612,50.045961],[19.942608,50.045958],[19.942745,50.045987],[19.942743,50.045991],[19.942739,50.045987],[19.942608,50.04624],[19.942476,50.046219]]]}},{"type":"Feature","id":"w295985650","properties":{"type":"yes","levels":3.0,"residential":true,"residents_est":2,"h3_10":"8a1e2e6b332ffff","h3_11":"8b1e2e6b332efff"},"geometry":{"type":"Polygon","coordinates":[[[19.942122,50.046163],[19.942251,50.045902],[19.942245,50.045903],[19.942247,50.045899],[19.942385,50.045928],[19.942376,50.045933],[19.942253,50.046183],[19.942122,50.046163]]]}},{"type":"Feature","id":"w295985653","properties":{"type":"yes","levels":3.0,"residential":true,"residents_est":2,"h3_10":"8a1e2e6b332ffff","h3_11":"8b1e2e6b3328fff"},"geometry":{"type":"Polygon","coordinates":[[[19.942832,50.046276],[19.942967,50.046017],[19.942962,50.046018],[19.942964,50.046014],[19.943101,50.046044],[19.943096,50.046044],[19.943019,50.04619],[19.943036,50.046193],[19.94301,50.046244],[19.942994,50.046241],[19.942963,50.046297],[19.942832,50.046276]]]}},{"type":"Feature","id":"w295985658","properties":{"type":"yes","residential":false,"residents_est":0,"h3_10":"8a1e2e6b3327fff","h3_11":"8b1e2e6b3321fff"},"geometry":{"type":"Polygon","coordinates":[[[19.94181,50.046576],[19.941822,50.046549],[19.941906,50.046564],[19.941894,50.046591],[19.94181,50.046576]]]}},{"type":"Feature","id":"w295985677","properties":{"type":"yes","residential":false,"residents_est":0,"h3_10":"8a1e2e6b3327fff","h3_11":"8b1e2e6b3326fff"},"geometry":{"type":"Polygon","coordinates":[[[19.940524,50.046558],[19.94054,50.04653],[19.940634,50.04655],[19.940618,50.046579],[19.940524,50.046558]]]}},{"type":"Feature","id":"w295985685","properties":{"type":"yes","residential":false,"residents_est":0,"h3_10":"8a1e2e6b3327fff","h3_11":"8b1e2e6b3321fff"},"geometry":{"type":"Polygon","coordinates":[[[19.941919,50.046522],[19.941931,50.046493],[19.942016,50.046507],[19.942004,50.046536],[19.941919,50.046522]]]}},{"type":"Feature","id":"w295985688","properties":{"type":"yes","levels":3.0,"residential":true,"residents_est":1,"h3_10":"8a1e2e6b332ffff","h3_11":"8b1e2e6b332efff"},"geometry":{"type":"Polygon","coordinates":[[[19.942253,50.046183],[19.942303,50.046087],[19.942518,50.046134],[19.942476,50.046219],[19.942253,50.046183]]]}},{"type":"Feature","id":"w295985697","properties":{"type":"yes","levels":2.0,"residential":true,"residents_est":1,"h3_10":"8a1e2e6b332ffff","h3_11":"8b1e2e6b3328fff"},"geometry":{"type":"Polygon","coordinates":[[[19.942608,50.04624],[19.942659,50.046145],[19.942875,50.04619],[19.942832,50.046276],[19.942608,50.04624]]]}},{"type":"Feature","id":"w295985700","properties":{"type":"yes","levels":3.0,"residential":true,"residents_est":2,"h3_10":"8a1e2e6b3307fff","h3_11":"8b1e2e6b3305fff"},"geometry":{"type":"Polygon","coordinates":[[[19.941573,50.045989],[19.941614,50.04588],[19.941924,50.045929],[19.941881,50.046039],[19.941573,50.045989]]]}},{"type":"Feature","id":"w295985703","properties":{"type":"yes","residential":false,"residents_est":0,"h3_10":"8a1e2e6b3327fff","h3_11":"8b1e2e6b3321fff"},"geometry":{"type":"Polygon","coordinates":[[[19.941822,50.046549],[19.941833,50.046521],[19.941913,50.046536],[19.941906,50.046564],[19.941822,50.046549]]]}},{"type":"Feature","id":"w295985706","properties":{"type":"yes","residential":true,"residents_est":0,"h3_10":"8a1e2e6b3327fff","h3_11":"8b1e2e6b3321fff"},"geometry":{"type":"Polygon","coordinates":[[[19.941907,50.046495],[19.941938,50.046417],[19.942044,50.046436],[19.942016,50.046507],[19.941931,50.046493],[19.941928,50.046499],[19.941907,50.046495]]]}},{"type":"Feature","id":"w295985711","properties":{"type":"yes","residential":false,"residents_est":0,"h3_10":"8a1e2e6b3327fff","h3_11":"8b1e2e6b3321fff"},"geometry":{"type":"Polygon","coordinates":[[[19.941907,50.046552],[19.941919,50.046522],[19.942004,50.046536],[19.941993,50.046565],[19.941907,50.046552]]]}},{"type":"Feature","id":"w295985714","properties":{"type":"yes","levels":5.0,"residential":true,"residents_est":3,"h3_10":"8a1e2e6b3327fff","h3_11":"8b1e2e6b3325fff"},"geometry":{"type":"Polygon","coordinates":[[[19.941443,50.046924],[19.941535,50.046711],[19.941658,50.046733],[19.941588,50.046895],[19.941651,50.046906],[19.941631,50.046952],[19.941443,50.046924]]]}},{"type":"Feature","id":"w296084183","properties":{"type":"yes","levels":5.0,"residential":true,"residents_est":2,"h3_10":"8a1e2e6b3327fff","h3_11":"8b1e2e6b3324fff"},"geometry":{"type":"Polygon","coordinates":[[[19.940518,50.047101],[19.940557,50.047002],[19.940733,50.047031],[19.940684,50.047129],[19.940518,50.047101]]]}},{"type":"Feature","id":"w306863392","properties":{"type":"apartments","levels":3.0,"residential":true,"residents_est":5,"h3_10":"8a1e2e6b334ffff","h3_11":"8b1e2e6b334dfff"},"geometry":{"type":"Polygon","coordinates":[[[19.948219,50.045297],[19.948717,50.045349],[19.948703,50.045435],[19.948579,50.045432],[19.948587,50.045382],[19.948426,50.045366],[19.948432,50.045429],[19.948239,50.045435],[19.948219,50.045297]]]}},{"type":"Feature","id":"w306863397","properties":{"type":"yes","levels":3.0,"residential":true,"residents_est":2,"h3_10":"8a1e2e6b334ffff","h3_11":"8b1e2e6b3349fff"},"geometry":{"type":"Polygon","coordinates":[[[19.948371,50.045312],[19.948385,50.045266],[19.948414,50.045251],[19.948609,50.045272],[19.948627,50.045278],[19.948628,50.04529],[19.948653,50.045288],[19.948652,50.045275],[19.948637,50.04526],[19.948717,50.045079],[19.948731,50.045078],[19.948742,50.045047],[19.948833,50.045061],[19.948733,50.045307],[19.948692,50.045301],[19.94868,50.045343],[19.948371,50.045312]]]}},{"type":"Feature","id":"w306863402","properties":{"type":"yes","levels":1.0,"residential":false,"residents_est":0,"h3_10":"8a1e2e6b334ffff","h3_11":"8b1e2e6b3348fff"},"geometry":{"type":"Polygon","coordinates":[[[19.948377,50.045186],[19.948387,50.045157],[19.948451,50.045175],[19.94843,50.045203],[19.948377,50.045186]]]}},{"type":"Feature","id":"w306863405","properties":{"type":"yes","levels":1.0,"residential":true,"residents_est":0,"h3_10":"8a1e2e6b334ffff","h3_11":"8b1e2e6b334dfff"},"geometry":{"type":"Polygon","coordinates":[[[19.948461,50.045619],[19.948613,50.045611],[19.948626,50.045663],[19.948474,50.045681],[19.948461,50.045619]]]}},{"type":"Feature","id":"w306863409","properties":{"type":"yes","levels":1.0,"residential":true,"residents_est":0,"h3_10":"8a1e2e6b334ffff","h3_11":"8b1e2e6b3348fff"},"geometry":{"type":"Polygon","coordinates":[[[19.948387,50.045157],[19.948389,50.045147],[19.948503,50.045],[19.948584,50.045013],[19.948451,50.045175],[19.948387,50.045157]]]}},{"type":"Feature","id":"w306863412","properties":{"type":"yes","residential":true,"residents_est":0,"h3_10":"8a1e2e6b334ffff","h3_11":"8b1e2e6b3349fff"},"geometry":{"type":"Polygon","coordinates":[[[19.948815,50.045095],[19.948839,50.04505],[19.948953,50.045066],[19.948932,50.045115],[19.948815,50.045095]]]}},{"type":"Feature","id":"w306863415","properties":{"type":"garage","residential":false,"residents_est":0,"h3_10":"8a1e2e6b334ffff","h3_11":"8b1e2e6b334dfff"},"geometry":{"type":"Polygon","coordinates":[[[19.948707,50.045412],[19.948714,50.04538],[19.948812,50.045395],[19.948804,50.045424],[19.948707,50.045412]]]}},{"type":"Feature","id":"w306863417","properties":{"type":"garage","residential":false,"residents_est":0,"h3_10":"8a1e2e6b334ffff","h3_11":"8b1e2e6b334dfff"},"geometry":{"type":"Polygon","coordinates":[[[19.948398,50.04543],[19.94862,50.045435],[19.948619,50.045457],[19.948405,50.045453],[19.948398,50.04543]]]}},{"type":"Feature","id":"w306863421","properties":{"type":"apartments","levels":3.0,"residential":true,"residents_est":6,"h3_10":"8a1e2e6b334ffff","h3_11":"8b1e2e6b334bfff"},"geometry":{"type":"Polygon","coordinates":[[[19.948376,50.044979],[19.948483,50.044866],[19.948875,50.044932],[19.948833,50.045061],[19.948742,50.045047],[19.948746,50.045036],[19.948376,50.044979]]]}},{"type":"Feature","id":"w306875862","properties":{"type":"apartments","levels":4.0,"residential":true,"residents_est":2,"h3_10":"8a1e2e6b334ffff","h3_11":"8b1e2e6b334cfff"},"geometry":{"type":"Polygon","coordinates":[[[19.947832,50.045594],[19.947853,50.045593],[19.947844,50.04553],[19.947874,50.045498],[19.948005,50.045532],[19.948012,50.045618],[19.947836,50.045627],[19.947832,50.045594]]]}},{"type":"Feature","id":"w306875863","properties":{"type":"apartments","levels":6.0,"residential":true,"residents_est":7,"h3_10":"8a1e2e6b334ffff","h3_11":"8b1e2e6b334cfff"},"geometry":{"type":"Polygon","coordinates":[[[19.94749,50.045586],[19.947611,50.045419],[19.947764,50.045466],[19.94769,50.045566],[19.947709,50.045572],[19.947664,50.045633],[19.94767,50.045635],[19.947667,50.045644],[19.94749,50.045586]]]}},{"type":"Feature","id":"r4097757","properties":{"type":"yes","levels":4.0,"residential":true,"residents_est":5,"h3_10":"8a1e2e6b334ffff","h3_11":"8b1e2e6b334cfff"},"geometry":{"type":"Polygon","coordinates":[[[19.947611,50.045419],[19.947676,50.045331],[19.947671,50.045328],[19.947766,50.045212],[19.947821,50.045225],[19.947947,50.045268],[19.948007,50.045482],[19.948001,50.045484],[19.948005,50.045532],[19.94785,50.045491],[19.947853,50.045485],[19.947783,50.045463],[19.947779,50.045471],[19.947611,50.045419]],[[19.947805,50.045431],[19.947919,50.045468],[19.947907,50.045364],[19.947853,50.045361],[19.947805,50.045431]]]}},{"type":"Feature","id":"w306875865","properties":{"type":"yes","levels":1.0,"residential":true,"residents_est":0,"h3_10":"8a1e2e6b334ffff","h3_11":"8b1e2e6b334afff"},"geometry":{"type":"Polygon","coordinates":[[[19.947959,50.044835],[19.948106,50.044704],[19.948141,50.044721],[19.948005,50.044857],[19.947959,50.044835]]]}},{"type":"Feature","id":"w306875870","properties":{"type":"apartments","levels":4.0,"residential":true,"residents_est":2,"h3_10":"8a1e2e6b334ffff","h3_11":"8b1e2e6b334cfff"},"geometry":{"type":"Polygon","coordinates":[[[19.947836,50.045627],[19.948012,50.045618],[19.948018,50.045699],[19.947846,50.045702],[19.947836,50.045627]]]}},{"type":"Feature","id":"w306875875","properties":{"type":"yes","levels":1.0,"residential":false,"residents_est":0,"h3_10":"8a1e2e6b334ffff","h3_11":"8b1e2e6b334afff"},"geometry":{"type":"Polygon","coordinates":[[[19.947758,50.044825],[19.947825,50.044792],[19.947864,50.044828],[19.947791,50.04486],[19.947758,50.044825]]]}},{"type":"Feature","id":"w306875876","properties":{"type":"yes","levels":1.0,"residential":true,"residents_est":0,"h3_10":"8a1e2e6b334ffff","h3_11":"8b1e2e6b334efff"},"geometry":{"type":"Polygon","coordinates":[[[19.947473,50.044952],[19.947561,50.044913],[19.947595,50.044945],[19.947581,50.04497],[19.947625,50.045012],[19.947567,50.045037],[19.947473,50.044952]]]}},{"type":"Feature","id":"w306875877","properties":{"type":"yes","levels":1.0,"residential":true,"residents_est":0,"h3_10":"8a1e2e6b334ffff","h3_11":"8b1e2e6b334afff"},"geometry":{"type":"Polygon","coordinates":[[[19.947561,50.044913],[19.94774,50.044833],[19.947772,50.044867],[19.947595,50.044945],[19.947561,50.044913]]]}},{"type":"Feature","id":"w306875878","properties":{"type":"apartments","levels":1.0,"residential":true,"residents_est":0,"h3_10":"8a1e2e6b335ffff","h3_11":"8b1e2e6b335dfff"},"geometry":{"type":"Polygon","coordinates":[[[19.94706,50.044935],[19.947174,50.044883],[19.947274,50.044973],[19.947224,50.044995],[19.947197,50.044973],[19.947134,50.045002],[19.94706,50.044935]]]}},{"type":"Feature","id":"w306875879","properties":{"type":"yes","levels":1.0,"residential":false,"residents_est":0,"h3_10":"8a1e2e6b334ffff","h3_11":"8b1e2e6b334afff"},"geometry":{"type":"Polygon","coordinates":[[[19.948136,50.04468],[19.948166,50.044652],[19.948221,50.044677],[19.948197,50.044701],[19.948205,50.044708],[19.948136,50.04468]]]}},{"type":"Feature","id":"w306875880","properties":{"type":"yes","levels":1.0,"residential":true,"residents_est":0,"h3_10":"8a1e2e6b334ffff","h3_11":"8b1e2e6b334afff"},"geometry":{"type":"Polygon","coordinates":[[[19.947791,50.04486],[19.947864,50.044828],[19.947949,50.044911],[19.947874,50.044934],[19.947791,50.04486]]]}},{"type":"Feature","id":"w306875881","properties":{"type":"garage","residential":false,"residents_est":0,"h3_10":"8a1e2e6b334ffff","h3_11":"8b1e2e6b334efff"},"geometry":{"type":"Polygon","coordinates":[[[19.947297,50.044894],[19.947368,50.044863],[19.947473,50.044952],[19.947412,50.044978],[19.947416,50.044983],[19.947402,50.044989],[19.947297,50.044894]]]}},{"type":"Feature","id":"w306875883","properties":{"type":"yes","levels":1.0,"residential":true,"residents_est":0,"h3_10":"8a1e2e6b3347fff","h3_11":"8b1e2e6b3343fff"},"geometry":{"type":"Polygon","coordinates":[[[19.947021,50.044952],[19.94706,50.044935],[19.947185,50.045049],[19.947198,50.045044],[19.947222,50.045069],[19.947192,50.045088],[19.94714,50.045062],[19.947021,50.044952]]]}},{"type":"Feature","id":"r4098072","properties":{"type":"apartments","levels":4.0,"residential":true,"residents_est":16,"h3_10":"8a1e2e6b335ffff","h3_11":"8b1e2e6b3359fff"},"geometry":{"type":"Polygon","coordinates":[[[19.947058,50.044375],[19.94741,50.044087],[19.947692,50.044232],[19.947596,50.044311],[19.947659,50.044346],[19.947447,50.044503],[19.947385,50.044469],[19.947316,50.04452],[19.947058,50.044375]],[[19.94721,50.044327],[19.94737,50.04441],[19.947495,50.044311],[19.947465,50.044295],[19.947469,50.044291],[19.947334,50.044227],[19.94721,50.044327]]]}},{"type":"Feature","id":"w306916641","properties":{"type":"apartments","levels":3.0,"residential":true,"residents_est":3,"h3_10":"8a1e2e6b335ffff","h3_11":"8b1e2e6b3358fff"},"geometry":{"type":"Polygon","coordinates":[[[19.946482,50.044421],[19.946642,50.044325],[19.946908,50.044509],[19.946872,50.044535],[19.946827,50.044505],[19.946814,50.044513],[19.946751,50.04447],[19.946768,50.04446],[19.946748,50.044445],[19.946719,50.044447],[19.946669,50.044476],[19.94669,50.04449],[19.946669,50.044505],[19.946482,50.044421]]]}},{"type":"Feature","id":"w306916665","properties":{"type":"yes","levels":1.0,"residential":false,"residents_est":0,"h3_10":"8a1e2e6b335ffff","h3_11":"8b1e2e6b335cfff"},"geometry":{"type":"Polygon","coordinates":[[[19.946549,50.044736],[19.946577,50.044719],[19.946649,50.044773],[19.946623,50.044787],[19.946549,50.044736]]]}},{"type":"Feature","id":"w306916670","properties":{"type":"yes","levels":2.0,"residential":true,"residents_est":0,"h3_10":"8a1e2e6b335ffff","h3_11":"8b1e2e6b335bfff"},"geometry":{"type":"Polygon","coordinates":[[[19.947082,50.044251],[19.947222,50.044142],[19.947297,50.044179],[19.94716,50.04429],[19.947082,50.044251]]]}},{"type":"Feature","id":"w306916675","properties":{"type":"yes","residential":true,"residents_est":1,"h3_10":"8a1e2e6b335ffff","h3_11":"8b1e2e6b335dfff"},"geometry":{"type":"Polygon","coordinates":[[[19.947083,50.044694],[19.947233,50.044625],[19.947337,50.044719],[19.94719,50.044783],[19.947083,50.044694]]]}},{"type":"Feature","id":"w306916684","properties":{"type":"yes","levels":1.0,"residential":false,"residents_est":0,"h3_10":"8a1e2e6b335ffff","h3_11":"8b1e2e6b335cfff"},"geometry":{"type":"Polygon","coordinates":[[[19.946362,50.044876],[19.946394,50.044847],[19.946476,50.044888],[19.946443,50.044916],[19.946362,50.044876]]]}},{"type":"Feature","id":"w306916686","properties":{"type":"yes","levels":1.0,"residential":false,"residents_est":0,"h3_10":"8a1e2e6b335ffff","h3_11":"8b1e2e6b335cfff"},"geometry":{"type":"Polygon","coordinates":[[[19.946317,50.044806],[19.94634,50.044791],[19.94632,50.04478],[19.946338,50.044766],[19.946371,50.044787],[19.946389,50.044776],[19.946432,50.044808],[19.946379,50.044839],[19.946317,50.044806]]]}},{"type":"Feature","id":"w306916689","properties":{"type":"yes","levels":1.0,"residential":false,"residents_est":0,"h3_10":"8a1e2e6b335ffff","h3_11":"8b1e2e6b335cfff"},"geometry":{"type":"Polygon","coordinates":[[[19.946379,50.044839],[19.946432,50.044808],[19.946462,50.044825],[19.946473,50.044844],[19.946439,50.044869],[19.946379,50.044839]]]}},{"type":"Feature","id":"w306916694","properties":{"type":"yes","levels":1.0,"residential":false,"residents_est":0,"h3_10":"8a1e2e6b335ffff","h3_11":"8b1e2e6b3358fff"},"geometry":{"type":"Polygon","coordinates":[[[19.946794,50.044595],[19.946824,50.044575],[19.94689,50.04461],[19.946851,50.044626],[19.946794,50.044595]]]}},{"type":"Feature","id":"w306916699","properties":{"type":"apartments","residential":true,"residents_est":4,"h3_10":"8a1e2e6b335ffff","h3_11":"8b1e2e6b3359fff"},"geometry":{"type":"Polygon","coordinates":[[[19.947596,50.044311],[19.947692,50.044232],[19.94786,50.04432],[19.94771,50.044416],[19.947682,50.044401],[19.947718,50.044376],[19.947596,50.044311]]]}},{"type":"Feature","id":"w306916701","properties":{"type":"yes","levels":1.0,"residential":true,"residents_est":0,"h3_10":"8a1e2e6b335ffff","h3_11":"8b1e2e6b335cfff"},"geometry":{"type":"Polygon","coordinates":[[[19.946577,50.044719],[19.946637,50.044683],[19.946755,50.044767],[19.946698,50.044797],[19.946681,50.044796],[19.946577,50.044719]]]}},{"type":"Feature","id":"w306916702","properties":{"type":"yes","levels":1.0,"residential":false,"residents_est":0,"h3_10":"8a1e2e6b335ffff","h3_11":"8b1e2e6b3358fff"},"geometry":{"type":"Polygon","coordinates":[[[19.946848,50.044551],[19.946922,50.044497],[19.946976,50.044525],[19.946959,50.044537],[19.946945,50.044529],[19.946884,50.04457],[19.946848,50.044551]]]}},{"type":"Feature","id":"w306938317","properties":{"type":"apartments","levels":3.0,"residential":true,"residents_est":2,"h3_10":"8a1e2e6b3267fff","h3_11":"8b1e2e6b3266fff"},"geometry":{"type":"Polygon","coordinates":[[[19.947821,50.04409],[19.947949,50.043994],[19.948001,50.044021],[19.947977,50.04404],[19.947976,50.044052],[19.948073,50.044108],[19.947973,50.044175],[19.947821,50.04409]]]}},{"type":"Feature","id":"w306938318","properties":{"type":"apartments","levels":3.0,"address":"Rynek Podgórski 9","residential":true,"residents_est":5,"h3_10":"8a1e2e6b3267fff","h3_11":"8b1e2e6b3260fff"},"geometry":{"type":"Polygon","coordinates":[[[19.948244,50.044131],[19.948393,50.044033],[19.948383,50.044026],[19.948423,50.043999],[19.948432,50.044005],[19.948512,50.043951],[19.948656,50.044038],[19.948386,50.044211],[19.948244,50.044131]]]}},{"type":"Feature","id":"w306938319","properties":{"type":"apartments","levels":3.0,"residential":true,"residents_est":5,"h3_10":"8a1e2e6b3267fff","h3_11":"8b1e2e6b3264fff"},"geometry":{"type":"Polygon","coordinates":[[[19.947973,50.044175],[19.948066,50.044109],[19.948181,50.044173],[19.94824,50.044134],[19.948221,50.044125],[19.948201,50.044139],[19.948126,50.044105],[19.948146,50.044087],[19.948244,50.044131],[19.948386,50.044211],[19.948231,50.044315],[19.948223,50.044315],[19.947973,50.044175]]]}},{"type":"Feature","id":"w306938320","properties":{"type":"apartments","levels":4.0,"address":"Legionów Józefa Piłsudskiego 21","residential":true,"residents_est":4,"h3_10":"8a1e2e6b3277fff","h3_11":"8b1e2e6b3271fff"},"geometry":{"type":"Polygon","coordinates":[[[19.94782,50.04341],[19.947983,50.043275],[19.948129,50.043344],[19.948045,50.043422],[19.948039,50.043419],[19.947961,50.04348],[19.94782,50.04341]]]}},{"type":"Feature","id":"w306938321","properties":{"type":"yes","levels":2.0,"residential":true,"residents_est":1,"h3_10":"8a1e2e6b3267fff","h3_11":"8b1e2e6b3266fff"},"geometry":{"type":"Polygon","coordinates":[[[19.948001,50.044021],[19.948048,50.043976],[19.948269,50.044077],[19.948227,50.044123],[19.948001,50.044021]]]}},{"type":"Feature","id":"w306938322","properties":{"type":"yes","levels":1.0,"residential":true,"residents_est":0,"h3_10":"8a1e2e6b3267fff","h3_11":"8b1e2e6b3262fff"},"geometry":{"type":"Polygon","coordinates":[[[19.947819,50.043672],[19.947862,50.043634],[19.948054,50.043724],[19.947995,50.043775],[19.94794,50.04375],[19.947956,50.043735],[19.947873,50.043695],[19.947849,50.043714],[19.947829,50.043686],[19.947836,50.04368],[19.947819,50.043672]]]}},{"type":"Feature","id":"w306938323","properties":{"type":"kiosk","residential":false,"residents_est":0,"h3_10":"8a1e2e6b3277fff","h3_11":"8b1e2e6b3274fff"},"geometry":{"type":"Polygon","coordinates":[[[19.947063,50.043607],[19.947098,50.043579],[19.947108,50.043584],[19.947116,50.043577],[19.947138,50.043582],[19.947139,50.04359],[19.947131,50.043596],[19.947141,50.043601],[19.947106,50.043629],[19.947096,50.043624],[19.947076,50.043631],[19.947066,50.043626],[19.947065,50.043618],[19.947073,50.043612],[19.947063,50.043607]]]}},{"type":"Feature","id":"w306938324","properties":{"type":"apartments","levels":4.0,"residential":true,"residents_est":7,"h3_10":"8a1e2e6b3267fff","h3_11":"8b1e2e6b3263fff"},"geometry":{"type":"Polygon","coordinates":[[[19.948902,50.043516],[19.948973,50.043403],[19.949202,50.043476],[19.949216,50.043486],[19.949224,50.043482],[19.949359,50.043581],[19.9492,50.043683],[19.949053,50.043591],[19.949117,50.043545],[19.949068,50.043512],[19.94907,50.043508],[19.948997,50.043492],[19.948965,50.043539],[19.948902,50.043516]]]}},{"type":"Feature","id":"w306938325","properties":{"type":"apartments","levels":5.0,"address":"Legionów Józefa Piłsudskiego 23","residential":true,"residents_est":6,"h3_10":"8a1e2e6b3277fff","h3_11":"8b1e2e6b3271fff"},"geometry":{"type":"Polygon","coordinates":[[[19.947983,50.043275],[19.948061,50.04321],[19.948126,50.043242],[19.948142,50.043229],[19.948076,50.043197],[19.948148,50.043138],[19.948195,50.043161],[19.948176,50.043175],[19.948279,50.043225],[19.948312,50.043192],[19.948353,50.043206],[19.948271,50.043313],[19.948202,50.043289],[19.948129,50.043344],[19.947983,50.043275]]]}},{"type":"Feature","id":"w306938326","properties":{"type":"apartments","levels":4.0,"residential":true,"residents_est":6,"h3_10":"8a1e2e6b3267fff","h3_11":"8b1e2e6b3266fff"},"geometry":{"type":"Polygon","coordinates":[[[19.947548,50.043952],[19.947699,50.043838],[19.947736,50.043858],[19.947705,50.043882],[19.947707,50.043899],[19.947745,50.043903],[19.947825,50.043937],[19.947833,50.043949],[19.94786,50.043966],[19.947866,50.043985],[19.94789,50.043981],[19.947924,50.043956],[19.947967,50.043979],[19.947816,50.044092],[19.947548,50.043952]]]}},{"type":"Feature","id":"w306938327","properties":{"type":"apartments","levels":4.0,"residential":true,"residents_est":6,"h3_10":"8a1e2e6b3277fff","h3_11":"8b1e2e6b3275fff"},"geometry":{"type":"Polygon","coordinates":[[[19.94731,50.043832],[19.947311,50.043821],[19.947321,50.043822],[19.947347,50.043804],[19.94746,50.043706],[19.947585,50.043768],[19.947541,50.043802],[19.947559,50.04381],[19.947567,50.043824],[19.947603,50.043841],[19.947654,50.043803],[19.947708,50.043831],[19.947548,50.043952],[19.947319,50.043832],[19.94731,50.043832]]]}},{"type":"Feature","id":"w306938328","properties":{"type":"apartments","levels":4.0,"address":"Legionów Józefa Piłsudskiego 17","residential":true,"residents_est":6,"h3_10":"8a1e2e6b3277fff","h3_11":"8b1e2e6b3275fff"},"geometry":{"type":"Polygon","coordinates":[[[19.94746,50.043706],[19.947659,50.043541],[19.947817,50.043613],[19.947732,50.043683],[19.947761,50.0437],[19.947759,50.04371],[19.947746,50.043721],[19.947725,50.043725],[19.947698,50.043712],[19.947612,50.043781],[19.94746,50.043706]]]}},{"type":"Feature","id":"w306938329","properties":{"type":"yes","levels":1.0,"residential":false,"residents_est":0,"h3_10":"8a1e2e6b3267fff","h3_11":"8b1e2e6b3260fff"},"geometry":{"type":"Polygon","coordinates":[[[19.948324,50.043848],[19.948361,50.043821],[19.948419,50.043854],[19.948384,50.04388],[19.948324,50.043848]]]}},{"type":"Feature","id":"w306938332","properties":{"type":"yes","levels":1.0,"residential":true,"residents_est":0,"h3_10":"8a1e2e6b3267fff","h3_11":"8b1e2e6b3266fff"},"geometry":{"type":"Polygon","coordinates":[[[19.947804,50.043792],[19.947846,50.043754],[19.947967,50.04381],[19.947925,50.043848],[19.947804,50.043792]]]}},{"type":"Feature","id":"w306938333","properties":{"type":"yes","levels":1.0,"residential":true,"residents_est":0,"h3_10":"8a1e2e6b3267fff","h3_11":"8b1e2e6b3262fff"},"geometry":{"type":"Polygon","coordinates":[[[19.947995,50.043775],[19.948054,50.043724],[19.948125,50.043758],[19.948067,50.04381],[19.947995,50.043775]]]}},{"type":"Feature","id":"w306938337","properties":{"type":"yes","levels":1.0,"residential":true,"residents_est":0,"h3_10":"8a1e2e6b3267fff","h3_11":"8b1e2e6b3266fff"},"geometry":{"type":"Polygon","coordinates":[[[19.947894,50.043883],[19.947973,50.043813],[19.948046,50.043847],[19.947969,50.043918],[19.947894,50.043883]]]}},{"type":"Feature","id":"w306938338","properties":{"type":"yes","residential":true,"residents_est":2,"h3_10":"8a1e2e6b3277fff","h3_11":"8b1e2e6b3270fff"},"geometry":{"type":"Polygon","coordinates":[[[19.94691,50.04315],[19.947169,50.042945],[19.947272,50.042999],[19.947014,50.043205],[19.94691,50.04315]]]}},{"type":"Feature","id":"w306938340","properties":{"type":"yes","levels":1.0,"residential":false,"residents_est":0,"h3_10":"8a1e2e6b3267fff","h3_11":"8b1e2e6b3260fff"},"geometry":{"type":"Polygon","coordinates":[[[19.94841,50.043976],[19.948456,50.043946],[19.948491,50.043965],[19.948445,50.043996],[19.94841,50.043976]]]}},{"type":"Feature","id":"w306938342","properties":{"type":"apartments","levels":5.0,"address":"Jana Zamoyskiego 5","residential":true,"residents_est":4,"h3_10":"8a1e2e6b3247fff","h3_11":"8b1e2e6b3244fff"},"geometry":{"type":"Polygon","coordinates":[[[19.94842,50.043371],[19.948503,50.043254],[19.948692,50.043314],[19.948603,50.04343],[19.94842,50.043371]]]}},{"type":"Feature","id":"w306938344","properties":{"type":"retail","levels":1.0,"address":"Kalwaryjska 9","name":"Domino","residential":false,"residents_est":0,"h3_10":"8a1e2e6b3277fff","h3_11":"8b1e2e6b3276fff"},"geometry":{"type":"Polygon","coordinates":[[[19.946683,50.043409],[19.946734,50.043369],[19.946778,50.043392],[19.946728,50.043432],[19.946683,50.043409]]]}},{"type":"Feature","id":"w306938346","properties":{"type":"apartments","levels":5.0,"address":"Jana Zamoyskiego 7","residential":true,"residents_est":4,"h3_10":"8a1e2e6b3247fff","h3_11":"8b1e2e6b3244fff"},"geometry":{"type":"Polygon","coordinates":[[[19.948269,50.043317],[19.948353,50.043206],[19.948503,50.043254],[19.94842,50.043371],[19.948269,50.043317]]]}},{"type":"Feature","id":"w306938347","properties":{"type":"retail","residential":false,"residents_est":0,"h3_10":"8a1e2e6b3277fff","h3_11":"8b1e2e6b3273fff"},"geometry":{"type":"Polygon","coordinates":[[[19.947168,50.042944],[19.94724,50.042887],[19.947344,50.042942],[19.947272,50.042999],[19.947168,50.042944]]]}},{"type":"Feature","id":"w306938348","properties":{"type":"yes","levels":1.0,"residential":false,"residents_est":0,"h3_10":"8a1e2e6b3267fff","h3_11":"8b1e2e6b3260fff"},"geometry":{"type":"Polygon","coordinates":[[[19.948384,50.04388],[19.948419,50.043854],[19.948469,50.043882],[19.948433,50.043908],[19.948384,50.04388]]]}},{"type":"Feature","id":"w306938349","properties":{"type":"apartments","levels":5.0,"address":"Legionów Józefa Piłsudskiego 19","residential":true,"residents_est":4,"h3_10":"8a1e2e6b3277fff","h3_11":"8b1e2e6b3275fff"},"geometry":{"type":"Polygon","coordinates":[[[19.947659,50.043541],[19.94782,50.04341],[19.947945,50.043473],[19.947789,50.043599],[19.947659,50.043541]]]}},{"type":"Feature","id":"w306938350","properties":{"type":"yes","levels":1.0,"residential":false,"residents_est":0,"h3_10":"8a1e2e6b3247fff","h3_11":"8b1e2e6b3245fff"},"geometry":{"type":"Polygon","coordinates":[[[19.949311,50.043194],[19.949353,50.043136],[19.949394,50.043154],[19.94935,50.043205],[19.949311,50.043194]]]}},{"type":"Feature","id":"w306938351","properties":{"type":"yes","levels":5.0,"address":"Rynek Podgórski 7","residential":true,"residents_est":5,"h3_10":"8a1e2e6b3267fff","h3_11":"8b1e2e6b3263fff"},"geometry":{"type":"Polygon","coordinates":[[[19.948727,50.043849],[19.949087,50.043612],[19.9492,50.043683],[19.948838,50.04392],[19.948727,50.043849]]]}},{"type":"Feature","id":"w306938352","properties":{"type":"yes","levels":1.0,"residential":false,"residents_est":0,"h3_10":"8a1e2e6b3267fff","h3_11":"8b1e2e6b3260fff"},"geometry":{"type":"Polygon","coordinates":[[[19.948363,50.04396],[19.948413,50.043922],[19.948456,50.043946],[19.948401,50.043981],[19.948363,50.04396]]]}},{"type":"Feature","id":"w306938353","properties":{"type":"yes","levels":1.0,"residential":false,"residents_est":0,"h3_10":"8a1e2e6b3267fff","h3_11":"8b1e2e6b3262fff"},"geometry":{"type":"Polygon","coordinates":[[[19.948142,50.043839],[19.948195,50.043797],[19.948247,50.043824],[19.948194,50.043866],[19.948142,50.043839]]]}},{"type":"Feature","id":"w306938354","properties":{"type":"yes","levels":1.0,"residential":true,"residents_est":0,"h3_10":"8a1e2e6b3267fff","h3_11":"8b1e2e6b3260fff"},"geometry":{"type":"Polygon","coordinates":[[[19.948205,50.043858],[19.948255,50.043817],[19.948429,50.04391],[19.948376,50.04395],[19.948205,50.043858]]]}},{"type":"Feature","id":"w306938356","properties":{"type":"retail","name":"Pub Spoko","residential":false,"residents_est":0,"h3_10":"8a1e2e6b3277fff","h3_11":"8b1e2e6b3270fff"},"geometry":{"type":"Polygon","coordinates":[[[19.946719,50.043168],[19.94681,50.0431],[19.946909,50.043151],[19.94682,50.043222],[19.946719,50.043168]]]}},{"type":"Feature","id":"w306938357","properties":{"type":"apartments","levels":4.0,"address":"Jana Zamoyskiego 3","residential":true,"residents_est":6,"h3_10":"8a1e2e6b3247fff","h3_11":"8b1e2e6b3244fff"},"geometry":{"type":"Polygon","coordinates":[[[19.948595,50.043443],[19.948692,50.043314],[19.948973,50.043403],[19.948888,50.043533],[19.948595,50.043443]]]}},{"type":"Feature","id":"w306938359","properties":{"type":"yes","levels":1.0,"residential":true,"residents_est":0,"h3_10":"8a1e2e6b3247fff","h3_11":"8b1e2e6b3245fff"},"geometry":{"type":"Polygon","coordinates":[[[19.949092,50.043162],[19.949173,50.043056],[19.949205,50.043066],[19.949171,50.04311],[19.949192,50.043117],[19.949148,50.04317],[19.949135,50.043166],[19.949129,50.043174],[19.949092,50.043162]]]}},{"type":"Feature","id":"w306938361","properties":{"type":"apartments","levels":4.0,"address":"Rynek Podgórski 8","residential":true,"residents_est":5,"h3_10":"8a1e2e6b3267fff","h3_11":"8b1e2e6b3260fff"},"geometry":{"type":"Polygon","coordinates":[[[19.948522,50.043956],[19.948608,50.0439],[19.948595,50.043892],[19.948695,50.043828],[19.948838,50.04392],[19.948654,50.044037],[19.948522,50.043956]]]}},{"type":"Feature","id":"w306938362","properties":{"type":"yes","levels":3.0,"residential":false,"residents_est":0,"h3_10":"8a1e2e6b3267fff","h3_11":"8b1e2e6b3260fff"},"geometry":{"type":"Polygon","coordinates":[[[19.948413,50.043922],[19.948469,50.043882],[19.948507,50.043906],[19.948476,50.043932],[19.948512,50.043951],[19.948491,50.043965],[19.948413,50.043922]]]}},{"type":"Feature","id":"w308245319","properties":{"type":"apartments","levels":6.0,"residential":true,"residents_est":24,"h3_10":"8a1e2e6b33b7fff","h3_11":"8b1e2e6b33b0fff"},"geometry":{"type":"Polygon","coordinates":[[[19.936779,50.042997],[19.936783,50.042991],[19.936807,50.042998],[19.936884,50.042897],[19.936927,50.042911],[19.936935,50.042901],[19.936955,50.042907],[19.93696,50.0429],[19.937706,50.043129],[19.937618,50.043174],[19.937631,50.043185],[19.937609,50.043196],[19.937595,50.043185],[19.93752,50.043224],[19.936982,50.043059],[19.936923,50.043046],[19.936779,50.042997]]]}},{"type":"Feature","id":"w308245321","properties":{"type":"yes","residential":false,"residents_est":0,"h3_10":"8a1e2e6b33b7fff","h3_11":"8b1e2e6b33b6fff"},"geometry":{"type":"Polygon","coordinates":[[[19.936338,50.043112],[19.936357,50.043083],[19.93642,50.043101],[19.936401,50.043129],[19.936338,50.043112]]]}},{"type":"Feature","id":"w308245324","properties":{"type":"garage","residential":false,"residents_est":0,"h3_10":"8a1e2e6b33a7fff","h3_11":"8b1e2e6b33a0fff"},"geometry":{"type":"Polygon","coordinates":[[[19.938538,50.044122],[19.938589,50.044046],[19.938616,50.044052],[19.938563,50.044128],[19.938538,50.044122]]]}},{"type":"Feature","id":"w308245325","properties":{"type":"house","levels":2.0,"residential":true,"residents_est":1,"h3_10":"8a1e2e6b33b7fff","h3_11":"8b1e2e6b33b3fff"},"geometry":{"type":"Polygon","coordinates":[[[19.937612,50.042768],[19.937673,50.042676],[19.937802,50.04271],[19.937743,50.042803],[19.937612,50.042768]]]}},{"type":"Feature","id":"w308245346","properties":{"type":"garage","residential":false,"residents_est":0,"h3_10":"8a1e2e6b33a7fff","h3_11":"8b1e2e6b33a5fff"},"geometry":{"type":"Polygon","coordinates":[[[19.939065,50.044104],[19.939114,50.0441],[19.939131,50.044194],[19.939088,50.044196],[19.939065,50.044104]]]}},{"type":"Feature","id":"w308245352","properties":{"type":"garages","residential":false,"residents_est":0,"h3_10":"8a1e2e6b3397fff","h3_11":"8b1e2e6b3394fff"},"geometry":{"type":"Polygon","coordinates":[[[19.937225,50.042426],[19.937254,50.042403],[19.937306,50.042436],[19.937277,50.042455],[19.937225,50.042426]]]}},{"type":"Feature","id":"w308245354","properties":{"type":"garage","residential":false,"residents_est":0,"h3_10":"8a1e2e6b33b7fff","h3_11":"8b1e2e6b33b3fff"},"geometry":{"type":"Polygon","coordinates":[[[19.937445,50.042823],[19.937471,50.04279],[19.937556,50.042814],[19.937529,50.042848],[19.937445,50.042823]]]}},{"type":"Feature","id":"w308245359","properties":{"type":"yes","residential":false,"residents_est":0,"h3_10":"8a1e2e6b33b7fff","h3_11":"8b1e2e6b33b6fff"},"geometry":{"type":"Polygon","coordinates":[[[19.936399,50.043132],[19.93642,50.043101],[19.936473,50.043116],[19.936452,50.043147],[19.936399,50.043132]]]}},{"type":"Feature","id":"w308245363","properties":{"type":"house","levels":1.0,"residential":true,"residents_est":0,"h3_10":"8a1e2e6b3397fff","h3_11":"8b1e2e6b3396fff"},"geometry":{"type":"Polygon","coordinates":[[[19.936569,50.042307],[19.936621,50.042215],[19.936722,50.042244],[19.936671,50.042333],[19.936569,50.042307]]]}},{"type":"Feature","id":"w308245364","properties":{"type":"house","levels":2.0,"residential":true,"residents_est":1,"h3_10":"8a1e2e6b3387fff","h3_11":"8b1e2e6b3386fff"},"geometry":{"type":"Polygon","coordinates":[[[19.937874,50.042837],[19.937932,50.042744],[19.938062,50.042778],[19.938004,50.042871],[19.937874,50.042837]]]}},{"type":"Feature","id":"w308245367","properties":{"type":"garage","residential":false,"residents_est":0,"h3_10":"8a1e2e6b33a7fff","h3_11":"8b1e2e6b33a0fff"},"geometry":{"type":"Polygon","coordinates":[[[19.938537,50.04403],[19.938631,50.043921],[19.938699,50.043947],[19.938616,50.044052],[19.938537,50.04403]]]}},{"type":"Feature","id":"w308245370","properties":{"type":"apartments","levels":6.0,"residential":true,"residents_est":14,"h3_10":"8a1e2e6b33b7fff","h3_11":"8b1e2e6b33b6fff"},"geometry":{"type":"Polygon","coordinates":[[[19.936552,50.043306],[19.936738,50.043051],[19.936956,50.043118],[19.93677,50.04337],[19.936552,50.043306]]]}},{"type":"Feature","id":"w308245371","properties":{"type":"apartments","levels":1.0,"residential":true,"residents_est":0,"h3_10":"8a1e2e6b33b7fff","h3_11":"8b1e2e6b33b6fff"},"geometry":{"type":"Polygon","coordinates":[[[19.936145,50.043125],[19.936201,50.043039],[19.936323,50.043071],[19.936267,50.043156],[19.936145,50.043125]]]}},{"type":"Feature","id":"w308245374","properties":{"type":"house","levels":2.0,"residential":true,"residents_est":1,"h3_10":"8a1e2e6b33b7fff","h3_11":"8b1e2e6b33b3fff"},"geometry":{"type":"Polygon","coordinates":[[[19.937732,50.042821],[19.937802,50.04271],[19.937932,50.042744],[19.937874,50.042837],[19.93777,50.042808],[19.937757,50.042827],[19.937732,50.042821]]]}},{"type":"Feature","id":"w308245375","properties":{"type":"house","levels":2.0,"residential":true,"residents_est":1,"h3_10":"8a1e2e6b33b7fff","h3_11":"8b1e2e6b33b3fff"},"geometry":{"type":"Polygon","coordinates":[[[19.937472,50.042748],[19.937542,50.042638],[19.937673,50.042676],[19.937612,50.042768],[19.937504,50.042739],[19.937494,50.042754],[19.937472,50.042748]]]}},{"type":"Feature","id":"w308245376","properties":{"type":"garage","residential":false,"residents_est":0,"h3_10":"8a1e2e6b3387fff","h3_11":"8b1e2e6b3386fff"},"geometry":{"type":"Polygon","coordinates":[[[19.937837,50.042894],[19.937854,50.042868],[19.937965,50.042898],[19.937977,50.042881],[19.937995,50.042886],[19.937967,50.042928],[19.937837,50.042894]]]}},{"type":"Feature","id":"w308245378","properties":{"type":"garage","residential":false,"residents_est":0,"h3_10":"8a1e2e6b33b7fff","h3_11":"8b1e2e6b33b3fff"},"geometry":{"type":"Polygon","coordinates":[[[19.937239,50.042737],[19.937248,50.042723],[19.937293,50.042736],[19.937323,50.042695],[19.937346,50.042701],[19.93731,50.042757],[19.937239,50.042737]]]}},{"type":"Feature","id":"w308434275","properties":{"type":"yes","levels":5.0,"address":"Tadeusza Rejtana 2","residential":true,"residents_est":4,"h3_10":"8a1e2e6b322ffff","h3_11":"8b1e2e6b322dfff"},"geometry":{"type":"Polygon","coordinates":[[[19.94569,50.044152],[19.945894,50.044007],[19.94601,50.044076],[19.945863,50.044179],[19.945996,50.044267],[19.945932,50.044317],[19.94569,50.044152]]]}},{"type":"Feature","id":"w308434276","properties":{"type":"yes","levels":3.0,"address":"Władysława Warneńczyka 14","residential":true,"residents_est":2,"h3_10":"8a1e2e6b322ffff","h3_11":"8b1e2e6b322efff"},"geometry":{"type":"Polygon","coordinates":[[[19.944444,50.043691],[19.944479,50.043664],[19.944514,50.043683],[19.944589,50.043624],[19.944554,50.043605],[19.94458,50.043586],[19.944829,50.043719],[19.944753,50.043779],[19.944718,50.043767],[19.944664,50.043808],[19.944444,50.043691]]]}},{"type":"Feature","id":"w308434277","properties":{"type":"yes","levels":6.0,"residential":true,"residents_est":4,"h3_10":"8a1e2e6b322ffff","h3_11":"8b1e2e6b322dfff"},"geometry":{"type":"Polygon","coordinates":[[[19.945498,50.043974],[19.945649,50.043868],[19.945889,50.044011],[19.945789,50.044084],[19.945729,50.044048],[19.945679,50.044082],[19.945498,50.043974]]]}},{"type":"Feature","id":"w308434278","properties":{"type":"dormitory","levels":2.0,"address":"Sokolska 17","name":"Internat Technikum Gastronomicznego nr 11","residential":true,"residents_est":9,"h3_10":"8a1e2e6b322ffff","h3_11":"8b1e2e6b322cfff"},"geometry":{"type":"Polygon","coordinates":[[[19.944849,50.044036],[19.945084,50.04386],[19.945335,50.043702],[19.945388,50.04373],[19.945177,50.043873],[19.945183,50.043877],[19.945194,50.04387],[19.945213,50.043883],[19.945238,50.043868],[19.945298,50.043879],[19.945337,50.043901],[19.945349,50.04392],[19.945472,50.043993],[19.945146,50.044215],[19.945004,50.044134],[19.944995,50.04414],[19.944939,50.044106],[19.944947,50.0441],[19.944849,50.044036]]]}},{"type":"Feature","id":"w308434279","properties":{"type":"yes","levels":1.0,"residential":true,"residents_est":0,"h3_10":"8a1e2e6b322ffff","h3_11":"8b1e2e6b322efff"},"geometry":{"type":"Polygon","coordinates":[[[19.944365,50.043752],[19.944444,50.043691],[19.944504,50.043723],[19.944425,50.043784],[19.944365,50.043752]]]}},{"type":"Feature","id":"w308434280","properties":{"type":"yes","levels":1.0,"residential":false,"residents_est":0,"h3_10":"8a1e2e6b322ffff","h3_11":"8b1e2e6b322dfff"},"geometry":{"type":"Polygon","coordinates":[[[19.945406,50.044055],[19.945435,50.044036],[19.945494,50.044073],[19.945464,50.044092],[19.945406,50.044055]]]}},{"type":"Feature","id":"w308434282","properties":{"type":"yes","levels":1.0,"residential":false,"residents_est":0,"h3_10":"8a1e2e6b322ffff","h3_11":"8b1e2e6b322efff"},"geometry":{"type":"Polygon","coordinates":[[[19.944894,50.043754],[19.944947,50.043724],[19.945004,50.043754],[19.944953,50.043787],[19.944894,50.043754]]]}},{"type":"Feature","id":"w308434283","properties":{"type":"apartments","levels":4.0,"residential":true,"residents_est":4,"h3_10":"8a1e2e6b322ffff","h3_11":"8b1e2e6b322efff"},"geometry":{"type":"Polygon","coordinates":[[[19.944882,50.043631],[19.945018,50.043535],[19.945196,50.043627],[19.94505,50.043723],[19.944882,50.043631]]]}},{"type":"Feature","id":"w308434284","properties":{"type":"service","levels":1.0,"residential":false,"residents_est":0,"h3_10":"8a1e2e6b322ffff","h3_11":"8b1e2e6b322dfff"},"geometry":{"type":"Polygon","coordinates":[[[19.945435,50.044036],[19.945466,50.044016],[19.945545,50.044065],[19.945514,50.044086],[19.945435,50.044036]]]}},{"type":"Feature","id":"w308434285","properties":{"type":"yes","levels":1.0,"residential":false,"residents_est":0,"h3_10":"8a1e2e6b322ffff","h3_11":"8b1e2e6b322efff"},"geometry":{"type":"Polygon","coordinates":[[[19.944615,50.04383],[19.944651,50.043801],[19.944706,50.043832],[19.944672,50.043861],[19.944615,50.04383]]]}},{"type":"Feature","id":"w308434288","properties":{"type":"apartments","levels":3.0,"residential":true,"residents_est":5,"h3_10":"8a1e2e6b322ffff","h3_11":"8b1e2e6b322efff"},"geometry":{"type":"Polygon","coordinates":[[[19.94458,50.043586],[19.944775,50.043432],[19.944814,50.043429],[19.945018,50.043535],[19.944903,50.043616],[19.944825,50.04357],[19.944715,50.043658],[19.94458,50.043586]]]}},{"type":"Feature","id":"w308434289","properties":{"type":"apartments","levels":4.0,"residential":true,"residents_est":4,"h3_10":"8a1e2e6b322ffff","h3_11":"8b1e2e6b3228fff"},"geometry":{"type":"Polygon","coordinates":[[[19.944953,50.043787],[19.945196,50.043627],[19.945335,50.043702],[19.945182,50.0438],[19.945106,50.043758],[19.945079,50.043759],[19.945001,50.043813],[19.944953,50.043787]]]}},{"type":"Feature","id":"w308472396","properties":{"type":"yes","residential":true,"residents_est":1,"h3_10":"8a1e2e6b322ffff","h3_11":"8b1e2e6b322afff"},"geometry":{"type":"Polygon","coordinates":[[[19.945226,50.04338],[19.945346,50.043265],[19.94541,50.043216],[19.945492,50.043258],[19.945378,50.043363],[19.945369,50.04336],[19.945336,50.043392],[19.945267,50.0434],[19.945226,50.04338]]]}},{"type":"Feature","id":"w308472402","properties":{"type":"yes","levels":3.0,"residential":true,"residents_est":1,"h3_10":"8a1e2e6b335ffff","h3_11":"8b1e2e6b335afff"},"geometry":{"type":"Polygon","coordinates":[[[19.946083,50.043925],[19.946235,50.043808],[19.946334,50.043855],[19.946317,50.043867],[19.946281,50.04385],[19.946234,50.043891],[19.946297,50.043925],[19.946212,50.043993],[19.946083,50.043925]]]}},{"type":"Feature","id":"r4119827","properties":{"type":"yes","levels":3.0,"residential":true,"residents_est":7,"h3_10":"8a1e2e6b322ffff","h3_11":"8b1e2e6b3229fff"},"geometry":{"type":"Polygon","coordinates":[[[19.945726,50.043733],[19.94586,50.043612],[19.945867,50.043615],[19.946124,50.04342],[19.946487,50.043607],[19.946083,50.043925],[19.945726,50.043733]],[[19.94586,50.043673],[19.946126,50.043809],[19.94632,50.043659],[19.946277,50.043637],[19.946262,50.043649],[19.946234,50.043635],[19.946195,50.043614],[19.946209,50.043604],[19.946055,50.043525],[19.946019,50.043562],[19.946026,50.043565],[19.945985,50.0436],[19.946152,50.043676],[19.946118,50.043708],[19.946146,50.043721],[19.946118,50.043747],[19.945903,50.043641],[19.945871,50.04367],[19.94586,50.043673]]]}},{"type":"Feature","id":"w308472416","properties":{"type":"yes","levels":2.0,"residential":true,"residents_est":1,"h3_10":"8a1e2e6b322ffff","h3_11":"8b1e2e6b322afff"},"geometry":{"type":"Polygon","coordinates":[[[19.945128,50.043145],[19.94531,50.043],[19.945519,50.043107],[19.94541,50.043216],[19.945256,50.04314],[19.945203,50.043183],[19.945128,50.043145]]]}},{"type":"Feature","id":"w308472417","properties":{"type":"yes","levels":1.0,"residential":true,"residents_est":0,"h3_10":"8a1e2e6b335ffff","h3_11":"8b1e2e6b335afff"},"geometry":{"type":"Polygon","coordinates":[[[19.946299,50.043838],[19.946419,50.043742],[19.946364,50.043713],[19.946389,50.043694],[19.946504,50.043755],[19.946482,50.043772],[19.946518,50.04379],[19.946394,50.043892],[19.946299,50.043838]]]}},{"type":"Feature","id":"w308472418","properties":{"type":"apartments","levels":2.0,"residential":true,"residents_est":3,"h3_10":"8a1e2e6b322ffff","h3_11":"8b1e2e6b322bfff"},"geometry":{"type":"Polygon","coordinates":[[[19.94541,50.043216],[19.945519,50.043107],[19.945743,50.04322],[19.945566,50.043379],[19.945487,50.043339],[19.94555,50.04329],[19.94541,50.043216]]]}},{"type":"Feature","id":"w308472419","properties":{"type":"yes","levels":4.0,"residential":true,"residents_est":4,"h3_10":"8a1e2e6b322ffff","h3_11":"8b1e2e6b322afff"},"geometry":{"type":"Polygon","coordinates":[[[19.944921,50.043313],[19.945128,50.043145],[19.945279,50.043221],[19.945205,50.04328],[19.945213,50.043288],[19.945217,50.043311],[19.945273,50.043337],[19.945162,50.043438],[19.944921,50.043313]]]}},{"type":"Feature","id":"w308472420","properties":{"type":"yes","levels":3.0,"residential":true,"residents_est":1,"h3_10":"8a1e2e6b322ffff","h3_11":"8b1e2e6b3229fff"},"geometry":{"type":"Polygon","coordinates":[[[19.945783,50.043499],[19.945822,50.043464],[19.94581,50.043458],[19.945964,50.043334],[19.946124,50.04342],[19.946017,50.043499],[19.945913,50.043445],[19.945824,50.043519],[19.945783,50.043499]]]}},{"type":"Feature","id":"w308472421","properties":{"type":"yes","levels":3.0,"residential":true,"residents_est":2,"h3_10":"8a1e2e6b322ffff","h3_11":"8b1e2e6b3229fff"},"geometry":{"type":"Polygon","coordinates":[[[19.945549,50.043641],[19.945659,50.043537],[19.945763,50.043482],[19.945788,50.043494],[19.945783,50.043499],[19.945824,50.043519],[19.94578,50.043555],[19.945818,50.043575],[19.945832,50.043564],[19.945895,50.043593],[19.945867,50.043615],[19.94586,50.043612],[19.945726,50.043733],[19.945549,50.043641]]]}},{"type":"Feature","id":"w308472422","properties":{"type":"yes","levels":1.0,"residential":false,"residents_est":0,"h3_10":"8a1e2e6b335ffff","h3_11":"8b1e2e6b335afff"},"geometry":{"type":"Polygon","coordinates":[[[19.9465,50.043875],[19.946541,50.043842],[19.946607,50.043876],[19.946566,50.043909],[19.9465,50.043875]]]}},{"type":"Feature","id":"w308472429","properties":{"type":"yes","levels":1.0,"residential":false,"residents_est":0,"h3_10":"8a1e2e6b335ffff","h3_11":"8b1e2e6b335afff"},"geometry":{"type":"Polygon","coordinates":[[[19.946468,50.043901],[19.9465,50.043875],[19.946566,50.043909],[19.946531,50.043939],[19.946468,50.043901]]]}},{"type":"Feature","id":"w308472431","properties":{"type":"yes","levels":1.0,"residential":true,"residents_est":0,"h3_10":"8a1e2e6b322ffff","h3_11":"8b1e2e6b3229fff"},"geometry":{"type":"Polygon","coordinates":[[[19.945832,50.043564],[19.945956,50.043467],[19.946017,50.043499],[19.945895,50.043593],[19.945832,50.043564]]]}},{"type":"Feature","id":"w308472432","properties":{"type":"garage","residential":false,"residents_est":0,"h3_10":"8a1e2e6b322ffff","h3_11":"8b1e2e6b322afff"},"geometry":{"type":"Polygon","coordinates":[[[19.945164,50.043436],[19.945226,50.04338],[19.945251,50.043393],[19.945236,50.043406],[19.945244,50.04341],[19.945195,50.043451],[19.945164,50.043436]]]}},{"type":"Feature","id":"w308472433","properties":{"type":"yes","levels":2.0,"residential":true,"residents_est":0,"h3_10":"8a1e2e6b322ffff","h3_11":"8b1e2e6b322afff"},"geometry":{"type":"Polygon","coordinates":[[[19.945261,50.043212],[19.945314,50.043169],[19.94541,50.043216],[19.945347,50.043265],[19.94531,50.043248],[19.945261,50.043212]]]}},{"type":"Feature","id":"w308472435","properties":{"type":"yes","levels":1.0,"residential":true,"residents_est":0,"h3_10":"8a1e2e6b335ffff","h3_11":"8b1e2e6b335afff"},"geometry":{"type":"Polygon","coordinates":[[[19.946531,50.043939],[19.946704,50.043797],[19.946738,50.043815],[19.946565,50.043956],[19.946531,50.043939]]]}},{"type":"Feature","id":"w308472436","properties":{"type":"yes","levels":4.0,"residential":true,"residents_est":3,"h3_10":"8a1e2e6b322ffff","h3_11":"8b1e2e6b322bfff"},"geometry":{"type":"Polygon","coordinates":[[[19.945627,50.043329],[19.945743,50.04322],[19.945964,50.043334],[19.945834,50.043437],[19.945762,50.043399],[19.945741,50.043414],[19.945675,50.04338],[19.945693,50.043364],[19.945627,50.043329]]]}},{"type":"Feature","id":"w308472437","properties":{"type":"retail","levels":1.0,"residential":false,"residents_est":0,"h3_10":"8a1e2e6b335ffff","h3_11":"8b1e2e6b335afff"},"geometry":{"type":"Polygon","coordinates":[[[19.946212,50.043993],[19.946293,50.04393],[19.946336,50.043956],[19.94644,50.043887],[19.946531,50.043939],[19.94634,50.044063],[19.946212,50.043993]]]}},{"type":"Feature","id":"w308472438","properties":{"type":"yes","levels":5.0,"residential":true,"residents_est":3,"h3_10":"8a1e2e6b322ffff","h3_11":"8b1e2e6b3228fff"},"geometry":{"type":"Polygon","coordinates":[[[19.945366,50.043541],[19.945538,50.043401],[19.945673,50.04347],[19.945622,50.043511],[19.945666,50.043534],[19.945549,50.043641],[19.945366,50.043541]]]}},{"type":"Feature","id":"w308472439","properties":{"type":"yes","levels":1.0,"residential":true,"residents_est":0,"h3_10":"8a1e2e6b322ffff","h3_11":"8b1e2e6b3228fff"},"geometry":{"type":"Polygon","coordinates":[[[19.945238,50.04347],[19.945284,50.043427],[19.945345,50.043456],[19.945487,50.043339],[19.945566,50.043379],[19.94538,50.043529],[19.945238,50.04347]]]}},{"type":"Feature","id":"w308539496","properties":{"type":"garage","residential":false,"residents_est":0,"h3_10":"8a1e2e6b3207fff","h3_11":"8b1e2e6b3200fff"},"geometry":{"type":"Polygon","coordinates":[[[19.94405,50.042857],[19.944101,50.042819],[19.944171,50.042853],[19.944143,50.042877],[19.944084,50.042843],[19.944061,50.042862],[19.94405,50.042857]]]}},{"type":"Feature","id":"w308539500","properties":{"type":"yes","residential":true,"residents_est":1,"h3_10":"8a1e2e6b3207fff","h3_11":"8b1e2e6b3201fff"},"geometry":{"type":"Polygon","coordinates":[[[19.94451,50.043056],[19.944565,50.042989],[19.944575,50.042993],[19.944685,50.042898],[19.944656,50.042884],[19.944677,50.042828],[19.944792,50.042885],[19.944572,50.043061],[19.94451,50.043056]]]}},{"type":"Feature","id":"w308539503","properties":{"type":"yes","levels":1.0,"residential":true,"residents_est":0,"h3_10":"8a1e2e6b3217fff","h3_11":"8b1e2e6b3211fff"},"geometry":{"type":"Polygon","coordinates":[[[19.943053,50.042317],[19.943123,50.042263],[19.943255,50.042333],[19.943242,50.042344],[19.943341,50.042395],[19.943286,50.042439],[19.943053,50.042317]]]}},{"type":"Feature","id":"w308539507","properties":{"type":"yes","residential":true,"residents_est":1,"h3_10":"8a1e2e6b3207fff","h3_11":"8b1e2e6b3200fff"},"geometry":{"type":"Polygon","coordinates":[[[19.943959,50.04277],[19.944031,50.042714],[19.944157,50.042772],[19.94405,50.042857],[19.943965,50.042816],[19.943998,50.04279],[19.943959,50.04277]]]}},{"type":"Feature","id":"w308539510","properties":{"type":"apartments","levels":2.0,"residential":true,"residents_est":1,"h3_10":"8a1e2e6b3237fff","h3_11":"8b1e2e6b3233fff"},"geometry":{"type":"Polygon","coordinates":[[[19.942743,50.042895],[19.942856,50.042798],[19.94302,50.042825],[19.942921,50.042927],[19.942743,50.042895]]]}},{"type":"Feature","id":"w308539522","properties":{"type":"yes","residential":false,"residents_est":0,"h3_10":"8a1e2e6b3217fff","h3_11":"8b1e2e6b3215fff"},"geometry":{"type":"Polygon","coordinates":[[[19.942609,50.042686],[19.942656,50.042646],[19.942729,50.042687],[19.942681,50.042725],[19.942609,50.042686]]]}},{"type":"Feature","id":"w308539540","properties":{"type":"yes","residential":true,"residents_est":0,"h3_10":"8a1e2e6b3217fff","h3_11":"8b1e2e6b3215fff"},"geometry":{"type":"Polygon","coordinates":[[[19.942724,50.042403],[19.942763,50.042373],[19.942907,50.042447],[19.942865,50.042477],[19.942724,50.042403]]]}},{"type":"Feature","id":"w308539551","properties":{"type":"yes","residential":false,"residents_est":0,"h3_10":"8a1e2e6b3207fff","h3_11":"8b1e2e6b3202fff"},"geometry":{"type":"Polygon","coordinates":[[[19.943653,50.042679],[19.943689,50.042648],[19.943734,50.04267],[19.943698,50.042701],[19.943653,50.042679]]]}},{"type":"Feature","id":"w308539558","properties":{"type":"yes","residential":false,"residents_est":0,"h3_10":"8a1e2e6b3207fff","h3_11":"8b1e2e6b3200fff"},"geometry":{"type":"Polygon","coordinates":[[[19.943895,50.043067],[19.943922,50.043022],[19.943972,50.043032],[19.943946,50.043076],[19.943895,50.043067]]]}},{"type":"Feature","id":"w308539565","properties":{"type":"yes","levels":1.0,"residential":false,"residents_est":0,"h3_10":"8a1e2e6b3217fff","h3_11":"8b1e2e6b3211fff"},"geometry":{"type":"Polygon","coordinates":[[[19.942923,50.04225],[19.942977,50.042208],[19.943037,50.042239],[19.942982,50.04228],[19.942923,50.04225]]]}},{"type":"Feature","id":"w308539568","properties":{"type":"yes","levels":4.0,"residential":true,"residents_est":1,"h3_10":"8a1e2e6b3217fff","h3_11":"8b1e2e6b3215fff"},"geometry":{"type":"Polygon","coordinates":[[[19.942967,50.042703],[19.943099,50.042597],[19.943183,50.04264],[19.94305,50.042746],[19.942967,50.042703]]]}},{"type":"Feature","id":"w308539572","properties":{"type":"yes","levels":1.0,"residential":true,"residents_est":0,"h3_10":"8a1e2e6b3217fff","h3_11":"8b1e2e6b3211fff"},"geometry":{"type":"Polygon","coordinates":[[[19.942982,50.04228],[19.943046,50.042232],[19.943117,50.042268],[19.943053,50.042317],[19.942982,50.04228]]]}},{"type":"Feature","id":"w308539576","properties":{"type":"yes","levels":1.0,"residential":true,"residents_est":0,"h3_10":"8a1e2e6b3217fff","h3_11":"8b1e2e6b3215fff"},"geometry":{"type":"Polygon","coordinates":[[[19.942803,50.042727],[19.942906,50.042634],[19.942996,50.042678],[19.942887,50.042773],[19.942803,50.042727]]]}},{"type":"Feature","id":"w308539582","properties":{"type":"garage","residential":false,"residents_est":0,"h3_10":"8a1e2e6b3207fff","h3_11":"8b1e2e6b3203fff"},"geometry":{"type":"Polygon","coordinates":[[[19.943942,50.042672],[19.944013,50.042611],[19.944062,50.042636],[19.943991,50.042697],[19.943942,50.042672]]]}},{"type":"Feature","id":"w308539594","properties":{"type":"garage","residential":false,"residents_est":0,"h3_10":"8a1e2e6b3217fff","h3_11":"8b1e2e6b3211fff"},"geometry":{"type":"Polygon","coordinates":[[[19.943253,50.042349],[19.943373,50.042252],[19.943462,50.042299],[19.943341,50.042395],[19.943253,50.042349]]]}},{"type":"Feature","id":"w308539598","properties":{"type":"yes","residential":true,"residents_est":0,"h3_10":"8a1e2e6b3207fff","h3_11":"8b1e2e6b3200fff"},"geometry":{"type":"Polygon","coordinates":[[[19.943773,50.042739],[19.943844,50.042679],[19.943901,50.042708],[19.943831,50.042768],[19.943773,50.042739]]]}},{"type":"Feature","id":"w308539607","properties":{"type":"garage","residential":false,"residents_est":0,"h3_10":"8a1e2e6b3207fff","h3_11":"8b1e2e6b3202fff"},"geometry":{"type":"Polygon","coordinates":[[[19.943487,50.042598],[19.943747,50.04237],[19.943785,50.042388],[19.943523,50.042616],[19.943487,50.042598]]]}},{"type":"Feature","id":"w308539611","properties":{"type":"garage","residential":false,"residents_est":0,"h3_10":"8a1e2e6b3207fff","h3_11":"8b1e2e6b3200fff"},"geometry":{"type":"Polygon","coordinates":[[[19.94385,50.043062],[19.943873,50.04301],[19.943922,50.04302],[19.943893,50.043069],[19.94385,50.043062]]]}},{"type":"Feature","id":"w308539619","properties":{"type":"garage","residential":false,"residents_est":0,"h3_10":"8a1e2e6b3207fff","h3_11":"8b1e2e6b3201fff"},"geometry":{"type":"Polygon","coordinates":[[[19.944852,50.04303],[19.944938,50.04296],[19.944963,50.042973],[19.944878,50.043042],[19.944852,50.04303]]]}},{"type":"Feature","id":"w308539623","properties":{"type":"yes","residential":false,"residents_est":0,"h3_10":"8a1e2e6b3207fff","h3_11":"8b1e2e6b3202fff"},"geometry":{"type":"Polygon","coordinates":[[[19.943889,50.042613],[19.943913,50.04259],[19.94399,50.042631],[19.943929,50.042684],[19.943892,50.042666],[19.943929,50.042634],[19.943889,50.042613]]]}},{"type":"Feature","id":"w308539627","properties":{"type":"yes","levels":3.0,"residential":true,"residents_est":1,"h3_10":"8a1e2e6b3217fff","h3_11":"8b1e2e6b3215fff"},"geometry":{"type":"Polygon","coordinates":[[[19.942906,50.042634],[19.943051,50.042522],[19.943135,50.042568],[19.942996,50.042678],[19.942906,50.042634]]]}},{"type":"Feature","id":"w308539636","properties":{"type":"yes","levels":2.0,"residential":true,"residents_est":0,"h3_10":"8a1e2e6b3207fff","h3_11":"8b1e2e6b3201fff"},"geometry":{"type":"Polygon","coordinates":[[[19.944834,50.043079],[19.944963,50.042973],[19.945033,50.043008],[19.944904,50.043114],[19.944834,50.043079]]]}},{"type":"Feature","id":"w308539641","properties":{"type":"yes","levels":2.0,"residential":true,"residents_est":0,"h3_10":"8a1e2e6b3207fff","h3_11":"8b1e2e6b3201fff"},"geometry":{"type":"Polygon","coordinates":[[[19.944272,50.042979],[19.94438,50.042898],[19.944458,50.042935],[19.944381,50.042996],[19.944345,50.042989],[19.944307,50.042994],[19.944272,50.042979]]]}},{"type":"Feature","id":"w308539644","properties":{"type":"garage","residential":false,"residents_est":0,"h3_10":"8a1e2e6b3207fff","h3_11":"8b1e2e6b3200fff"},"geometry":{"type":"Polygon","coordinates":[[[19.943925,50.042963],[19.94405,50.042857],[19.944111,50.042885],[19.943984,50.042993],[19.943925,50.042963]]]}},{"type":"Feature","id":"w308551662","properties":{"type":"yes","levels":2.0,"residential":true,"residents_est":1,"h3_10":"8a1e2e6b338ffff","h3_11":"8b1e2e6b338afff"},"geometry":{"type":"Polygon","coordinates":[[[19.940564,50.042145],[19.940893,50.041997],[19.940949,50.042048],[19.940637,50.042183],[19.940626,50.042173],[19.940606,50.042182],[19.940564,50.042145]]]}},{"type":"Feature","id":"w308551663","properties":{"type":"apartments","levels":5.0,"residential":true,"residents_est":4,"h3_10":"8a1e2e6b3237fff","h3_11":"8b1e2e6b3232fff"},"geometry":{"type":"Polygon","coordinates":[[[19.941505,50.042761],[19.941641,50.042699],[19.941685,50.042739],[19.941692,50.042736],[19.941754,50.042794],[19.941685,50.042825],[19.941705,50.042844],[19.94163,50.042875],[19.941505,50.042761]]]}},{"type":"Feature","id":"w308551664","properties":{"type":"yes","levels":3.0,"residential":true,"residents_est":2,"h3_10":"8a1e2e6b32a7fff","h3_11":"8b1e2e6b32a4fff"},"geometry":{"type":"Polygon","coordinates":[[[19.940512,50.041828],[19.940643,50.04177],[19.940792,50.041904],[19.940583,50.042001],[19.940527,50.04195],[19.940675,50.041887],[19.940652,50.041866],[19.940613,50.041884],[19.940586,50.041859],[19.940556,50.041872],[19.940512,50.041828]]]}},{"type":"Feature","id":"w308551665","properties":{"type":"yes","levels":1.0,"residential":true,"residents_est":0,"h3_10":"8a1e2e6b338ffff","h3_11":"8b1e2e6b3388fff"},"geometry":{"type":"Polygon","coordinates":[[[19.94057,50.04231],[19.94065,50.042274],[19.940769,50.042384],[19.940687,50.042422],[19.94057,50.04231]]]}},{"type":"Feature","id":"w308551668","properties":{"type":"apartments","levels":3.0,"residential":true,"residents_est":3,"h3_10":"8a1e2e6b338ffff","h3_11":"8b1e2e6b338bfff"},"geometry":{"type":"Polygon","coordinates":[[[19.940862,50.042176],[19.941013,50.042107],[19.941131,50.042218],[19.940977,50.042288],[19.940862,50.042176]]]}},{"type":"Feature","id":"w308551670","properties":{"type":"garages","levels":1.0,"residential":false,"residents_est":0,"h3_10":"8a1e2e6b338ffff","h3_11":"8b1e2e6b338dfff"},"geometry":{"type":"Polygon","coordinates":[[[19.940948,50.04295],[19.941154,50.042849],[19.941213,50.042899],[19.941008,50.042999],[19.940948,50.04295]]]}},{"type":"Feature","id":"w308551672","properties":{"type":"yes","levels":1.0,"residential":true,"residents_est":0,"h3_10":"8a1e2e6b339ffff","h3_11":"8b1e2e6b3399fff"},"geometry":{"type":"Polygon","coordinates":[[[19.940234,50.041826],[19.940276,50.041807],[19.940401,50.041919],[19.940361,50.041938],[19.94033,50.041915],[19.940279,50.041933],[19.940234,50.041826]]]}},{"type":"Feature","id":"w308551673","properties":{"type":"yes","levels":1.0,"residential":true,"residents_est":0,"h3_10":"8a1e2e6b338ffff","h3_11":"8b1e2e6b338afff"},"geometry":{"type":"Polygon","coordinates":[[[19.940351,50.042109],[19.940476,50.042051],[19.940513,50.042088],[19.940462,50.042111],[19.940519,50.042165],[19.940445,50.042198],[19.940351,50.042109]]]}},{"type":"Feature","id":"w308551674","properties":{"type":"yes","levels":2.0,"residential":true,"residents_est":0,"h3_10":"8a1e2e6b338ffff","h3_11":"8b1e2e6b338afff"},"geometry":{"type":"Polygon","coordinates":[[[19.940279,50.041933],[19.94033,50.041915],[19.940408,50.041981],[19.940407,50.041986],[19.940316,50.042021],[19.940279,50.041933]]]}},{"type":"Feature","id":"w308551675","properties":{"type":"yes","levels":5.0,"residential":true,"residents_est":1,"h3_10":"8a1e2e6b3237fff","h3_11":"8b1e2e6b3232fff"},"geometry":{"type":"Polygon","coordinates":[[[19.941516,50.042856],[19.941577,50.042827],[19.941655,50.042891],[19.941585,50.042924],[19.941516,50.042856]]]}},{"type":"Feature","id":"w308551676","properties":{"type":"yes","levels":3.0,"residential":true,"residents_est":1,"h3_10":"8a1e2e6b32a7fff","h3_11":"8b1e2e6b32a4fff"},"geometry":{"type":"Polygon","coordinates":[[[19.940276,50.041807],[19.940549,50.041685],[19.940643,50.04177],[19.940512,50.041828],[19.940451,50.041778],[19.940434,50.041785],[19.940441,50.041793],[19.940322,50.041847],[19.940276,50.041807]]]}},{"type":"Feature","id":"w308551677","properties":{"type":"yes","residential":false,"residents_est":0,"h3_10":"8a1e2e6b338ffff","h3_11":"8b1e2e6b338dfff"},"geometry":{"type":"Polygon","coordinates":[[[19.941388,50.042776],[19.941411,50.042766],[19.941399,50.042755],[19.941434,50.042739],[19.941471,50.042777],[19.941416,50.042802],[19.941388,50.042776]]]}},{"type":"Feature","id":"w308600963","properties":{"type":"apartments","levels":6.0,"address":"Ignacego Krasickiego 30","residential":true,"residents_est":9,"h3_10":"8a1e2e6b32b7fff","h3_11":"8b1e2e6b32b5fff"},"geometry":{"type":"Polygon","coordinates":[[[19.939587,50.040942],[19.939735,50.040905],[19.939778,50.040978],[19.939798,50.040973],[19.939849,50.04106],[19.93983,50.041065],[19.939884,50.041156],[19.939719,50.041163],[19.939587,50.040942]]]}},{"type":"Feature","id":"w308600965","properties":{"type":"yes","levels":2.0,"address":"Spiska 5","residential":true,"residents_est":1,"h3_10":"8a1e2e6b339ffff","h3_11":"8b1e2e6b339efff"},"geometry":{"type":"Polygon","coordinates":[[[19.938564,50.041922],[19.938579,50.04187],[19.938568,50.041868],[19.938579,50.04184],[19.93859,50.041842],[19.938609,50.041794],[19.938744,50.041828],[19.938734,50.041857],[19.938748,50.04186],[19.938746,50.041872],[19.93872,50.041952],[19.938564,50.041922]]]}},{"type":"Feature","id":"w308600966","properties":{"type":"yes","levels":2.0,"address":"Spiska 11","residential":true,"residents_est":1,"h3_10":"8a1e2e6b339ffff","h3_11":"8b1e2e6b339afff"},"geometry":{"type":"Polygon","coordinates":[[[19.938622,50.041581],[19.938633,50.041554],[19.938676,50.041561],[19.938681,50.041546],[19.938714,50.041551],[19.938723,50.041523],[19.938671,50.041515],[19.938678,50.041499],[19.938858,50.041528],[19.938826,50.04163],[19.938622,50.041581]]]}},{"type":"Feature","id":"w308600967","properties":{"type":"apartments","levels":6.0,"residential":true,"residents_est":15,"h3_10":"8a1e2e6b32b7fff","h3_11":"8b1e2e6b32b0fff"},"geometry":{"type":"Polygon","coordinates":[[[19.93913,50.040742],[19.939215,50.040721],[19.939222,50.040733],[19.939579,50.040644],[19.939624,50.040718],[19.939643,50.040713],[19.939677,50.040771],[19.939658,50.040776],[19.939692,50.040834],[19.939561,50.040866],[19.939509,50.040777],[19.939492,50.040781],[19.939483,50.040766],[19.93946,50.040771],[19.939465,50.04078],[19.939371,50.040803],[19.939366,50.040794],[19.939343,50.0408],[19.939352,50.040816],[19.939335,50.04082],[19.939358,50.040857],[19.93922,50.040891],[19.93913,50.040742]]]}},{"type":"Feature","id":"w308600981","properties":{"type":"garage","residential":false,"residents_est":0,"h3_10":"8a1e2e6b3397fff","h3_11":"8b1e2e6b3393fff"},"geometry":{"type":"Polygon","coordinates":[[[19.937696,50.041788],[19.937733,50.04175],[19.937769,50.041765],[19.937731,50.041803],[19.937696,50.041788]]]}},{"type":"Feature","id":"w308600984","properties":{"type":"roof","levels":1.0,"residential":false,"residents_est":0,"h3_10":"8a1e2e6b32b7fff","h3_11":"8b1e2e6b32b0fff"},"geometry":{"type":"Polygon","coordinates":[[[19.939561,50.040866],[19.939613,50.040853],[19.939657,50.040925],[19.939602,50.040938],[19.939561,50.040866]]]}},{"type":"Feature","id":"w308601020","properties":{"type":"yes","residential":false,"residents_est":0,"h3_10":"8a1e2e6b339ffff","h3_11":"8b1e2e6b339afff"},"geometry":{"type":"Polygon","coordinates":[[[19.938559,50.041381],[19.938574,50.041332],[19.938655,50.041341],[19.938641,50.041391],[19.938559,50.041381]]]}},{"type":"Feature","id":"w308601024","properties":{"type":"yes","residential":false,"residents_est":0,"h3_10":"8a1e2e6b339ffff","h3_11":"8b1e2e6b339efff"},"geometry":{"type":"Polygon","coordinates":[[[19.938607,50.041615],[19.938622,50.041581],[19.938706,50.041602],[19.938695,50.041635],[19.938607,50.041615]]]}},{"type":"Feature","id":"w308601026","properties":{"type":"yes","residential":false,"residents_est":0,"h3_10":"8a1e2e6b339ffff","h3_11":"8b1e2e6b339efff"},"geometry":{"type":"Polygon","coordinates":[[[19.938251,50.041633],[19.938295,50.041595],[19.938346,50.041624],[19.93831,50.04166],[19.938251,50.041633]]]}},{"type":"Feature","id":"w308601027","properties":{"type":"yes","residential":false,"residents_est":0,"h3_10":"8a1e2e6b3397fff","h3_11":"8b1e2e6b3391fff"},"geometry":{"type":"Polygon","coordinates":[[[19.938329,50.041987],[19.938343,50.041969],[19.938456,50.041996],[19.938445,50.042016],[19.938329,50.041987]]]}},{"type":"Feature","id":"w308601033","properties":{"type":"yes","levels":5.0,"residential":true,"residents_est":1,"h3_10":"8a1e2e6b32b7fff","h3_11":"8b1e2e6b32b4fff"},"geometry":{"type":"Polygon","coordinates":[[[19.939572,50.041148],[19.939599,50.041066],[19.939653,50.041053],[19.939688,50.04111],[19.939651,50.041119],[19.939656,50.041128],[19.939572,50.041148]]]}},{"type":"Feature","id":"w308622956","properties":{"type":"yes","levels":2.0,"address":"Smolki 13","residential":true,"residents_est":1,"h3_10":"8a1e2e6b3217fff","h3_11":"8b1e2e6b3216fff"},"geometry":{"type":"Polygon","coordinates":[[[19.941767,50.042086],[19.941885,50.042],[19.941908,50.042012],[19.941946,50.041985],[19.942066,50.042055],[19.941913,50.042163],[19.941767,50.042086]]]}},{"type":"Feature","id":"r4121357","properties":{"type":"apartments","levels":3.0,"residential":true,"residents_est":5,"h3_10":"8a1e2e6b3217fff","h3_11":"8b1e2e6b3214fff"},"geometry":{"type":"Polygon","coordinates":[[[19.941974,50.042471],[19.942185,50.042351],[19.942383,50.042463],[19.942188,50.042617],[19.942013,50.042525],[19.941974,50.04249],[19.941974,50.042471]],[[19.942071,50.042486],[19.942149,50.042528],[19.942212,50.04248],[19.942203,50.042474],[19.942254,50.042437],[19.942203,50.042406],[19.942071,50.042486]]]}},{"type":"Feature","id":"w308622958","properties":{"type":"yes","residential":false,"residents_est":0,"h3_10":"8a1e2e6b3217fff","h3_11":"8b1e2e6b3213fff"},"geometry":{"type":"Polygon","coordinates":[[[19.942793,50.041648],[19.942836,50.041595],[19.942866,50.041605],[19.942822,50.041657],[19.942793,50.041648]]]}},{"type":"Feature","id":"w308622960","properties":{"type":"garage","residential":false,"residents_est":0,"h3_10":"8a1e2e6b3217fff","h3_11":"8b1e2e6b3213fff"},"geometry":{"type":"Polygon","coordinates":[[[19.942905,50.041736],[19.942954,50.041695],[19.942985,50.041754],[19.942918,50.041768],[19.942905,50.041736]]]}},{"type":"Feature","id":"w308622961","properties":{"type":"yes","residential":false,"residents_est":0,"h3_10":"8a1e2e6b3217fff","h3_11":"8b1e2e6b3216fff"},"geometry":{"type":"Polygon","coordinates":[[[19.941751,50.042116],[19.94178,50.042093],[19.941864,50.042137],[19.941835,50.04216],[19.941751,50.042116]]]}},{"type":"Feature","id":"w308622963","properties":{"type":"garage","residential":false,"residents_est":0,"h3_10":"8a1e2e6b3217fff","h3_11":"8b1e2e6b3214fff"},"geometry":{"type":"Polygon","coordinates":[[[19.942094,50.042473],[19.942198,50.04241],[19.942219,50.042426],[19.942116,50.042485],[19.942094,50.042473]]]}},{"type":"Feature","id":"w308622964","properties":{"type":"yes","residential":true,"residents_est":0,"h3_10":"8a1e2e6b3217fff","h3_11":"8b1e2e6b3216fff"},"geometry":{"type":"Polygon","coordinates":[[[19.941762,50.042343],[19.941917,50.042261],[19.941941,50.042279],[19.941792,50.042364],[19.941762,50.042343]]]}},{"type":"Feature","id":"w308622970","properties":{"type":"service","levels":2.0,"residential":false,"residents_est":0,"h3_10":"8a1e2e6b3217fff","h3_11":"8b1e2e6b3212fff"},"geometry":{"type":"Polygon","coordinates":[[[19.942037,50.041894],[19.942086,50.041857],[19.942249,50.041955],[19.942196,50.041988],[19.942037,50.041894]]]}},{"type":"Feature","id":"w308622973","properties":{"type":"yes","levels":1.0,"residential":true,"residents_est":0,"h3_10":"8a1e2e6b3217fff","h3_11":"8b1e2e6b3213fff"},"geometry":{"type":"Polygon","coordinates":[[[19.942489,50.041783],[19.942554,50.041737],[19.942733,50.041778],[19.942571,50.041833],[19.942489,50.041783]]]}},{"type":"Feature","id":"w308622974","properties":{"type":"yes","residential":true,"residents_est":0,"h3_10":"8a1e2e6b3217fff","h3_11":"8b1e2e6b3213fff"},"geometry":{"type":"Polygon","coordinates":[[[19.942803,50.041688],[19.94294,50.041649],[19.94296,50.041687],[19.942892,50.041734],[19.942803,50.041688]]]}},{"type":"Feature","id":"w308622975","properties":{"type":"yes","residential":false,"residents_est":0,"h3_10":"8a1e2e6b3217fff","h3_11":"8b1e2e6b3216fff"},"geometry":{"type":"Polygon","coordinates":[[[19.941818,50.042174],[19.941864,50.042137],[19.941933,50.042173],[19.941887,50.042207],[19.941818,50.042174]]]}},{"type":"Feature","id":"w308622976","properties":{"type":"yes","levels":1.0,"residential":true,"residents_est":0,"h3_10":"8a1e2e6b3217fff","h3_11":"8b1e2e6b3210fff"},"geometry":{"type":"Polygon","coordinates":[[[19.942503,50.042066],[19.942593,50.041956],[19.942658,50.041987],[19.942564,50.042099],[19.942503,50.042066]]]}},{"type":"Feature","id":"w308622977","properties":{"type":"yes","residential":true,"residents_est":0,"h3_10":"8a1e2e6b3217fff","h3_11":"8b1e2e6b3216fff"},"geometry":{"type":"Polygon","coordinates":[[[19.941887,50.042207],[19.941933,50.042173],[19.942036,50.042227],[19.942017,50.042261],[19.941979,50.04224],[19.941966,50.042248],[19.941887,50.042207]]]}},{"type":"Feature","id":"w308622978","properties":{"type":"garage","residential":false,"residents_est":0,"h3_10":"8a1e2e6b3217fff","h3_11":"8b1e2e6b3213fff"},"geometry":{"type":"Polygon","coordinates":[[[19.942593,50.041956],[19.942699,50.041829],[19.942733,50.041778],[19.942811,50.041814],[19.942658,50.041987],[19.942593,50.041956]]]}},{"type":"Feature","id":"w308622979","properties":{"type":"yes","levels":1.0,"residential":false,"residents_est":0,"h3_10":"8a1e2e6b3217fff","h3_11":"8b1e2e6b3213fff"},"geometry":{"type":"Polygon","coordinates":[[[19.942786,50.041843],[19.942811,50.041814],[19.942901,50.041855],[19.942868,50.041883],[19.942861,50.04188],[19.942845,50.041893],[19.942806,50.041873],[19.942822,50.04186],[19.942786,50.041843]]]}},{"type":"Feature","id":"w308644546","properties":{"type":"apartments","levels":2.0,"address":"Kalwaryjska 58","residential":true,"residents_est":1,"h3_10":"8a1e2e6b3287fff","h3_11":"8b1e2e6b3281fff"},"geometry":{"type":"Polygon","coordinates":[[[19.941979,50.040192],[19.942028,50.04018],[19.942035,50.040193],[19.942118,50.040174],[19.942091,50.040125],[19.942247,50.04009],[19.942294,50.040176],[19.942008,50.040244],[19.941979,50.040192]]]}},{"type":"Feature","id":"w308644549","properties":{"type":"yes","residential":true,"residents_est":1,"h3_10":"8a1e2e6b3287fff","h3_11":"8b1e2e6b3283fff"},"geometry":{"type":"Polygon","coordinates":[[[19.941634,50.039966],[19.941679,50.039951],[19.941656,50.039924],[19.941942,50.03986],[19.941972,50.039913],[19.941649,50.039985],[19.941634,50.039966]]]}},{"type":"Feature","id":"w308644551","properties":{"type":"service","residential":false,"residents_est":0,"h3_10":"8a1e2e6b32a7fff","h3_11":"8b1e2e6b32a1fff"},"geometry":{"type":"Polygon","coordinates":[[[19.941582,50.041477],[19.941691,50.041446],[19.941745,50.041523],[19.941637,50.041555],[19.941582,50.041477]]]}},{"type":"Feature","id":"w308644555","properties":{"type":"garage","residential":false,"residents_est":0,"h3_10":"8a1e2e6b3287fff","h3_11":"8b1e2e6b3285fff"},"geometry":{"type":"Polygon","coordinates":[[[19.941669,50.040589],[19.941938,50.040509],[19.941975,50.04056],[19.941706,50.040639],[19.941669,50.040589]]]}},{"type":"Feature","id":"w308644561","properties":{"type":"garage","residential":false,"residents_est":0,"h3_10":"8a1e2e6b32a7fff","h3_11":"8b1e2e6b32a3fff"},"geometry":{"type":"Polygon","coordinates":[[[19.941513,50.040879],[19.941548,50.040868],[19.941584,50.040919],[19.941548,50.040929],[19.941513,50.040879]]]}},{"type":"Feature","id":"w308644563","properties":{"type":"garage","residential":false,"residents_est":0,"h3_10":"8a1e2e6b32a7fff","h3_11":"8b1e2e6b32a3fff"},"geometry":{"type":"Polygon","coordinates":[[[19.941353,50.040925],[19.941395,50.040912],[19.941431,50.040963],[19.941389,50.040976],[19.941353,50.040925]]]}},{"type":"Feature","id":"w308644565","properties":{"type":"yes","residential":true,"residents_est":0,"h3_10":"8a1e2e6b3287fff","h3_11":"8b1e2e6b3283fff"},"geometry":{"type":"Polygon","coordinates":[[[19.941631,50.039898],[19.941829,50.039768],[19.941822,50.039759],[19.941875,50.039737],[19.941893,50.039771],[19.941845,50.039789],[19.941858,50.0398],[19.94179,50.039831],[19.94165,50.039918],[19.941631,50.039898]]]}},{"type":"Feature","id":"w308644568","properties":{"type":"garage","residential":false,"residents_est":0,"h3_10":"8a1e2e6b32a7fff","h3_11":"8b1e2e6b32a3fff"},"geometry":{"type":"Polygon","coordinates":[[[19.941395,50.040912],[19.941434,50.040901],[19.94147,50.040952],[19.941431,50.040963],[19.941395,50.040912]]]}},{"type":"Feature","id":"w308644577","properties":{"type":"garage","residential":false,"residents_est":0,"h3_10":"8a1e2e6b3297fff","h3_11":"8b1e2e6b3295fff"},"geometry":{"type":"Polygon","coordinates":[[[19.940091,50.03991],[19.940132,50.0399],[19.940163,50.039953],[19.940121,50.039963],[19.940091,50.03991]]]}},{"type":"Feature","id":"w308644584","properties":{"type":"garage","residential":false,"residents_est":0,"h3_10":"8a1e2e6b32a7fff","h3_11":"8b1e2e6b32a3fff"},"geometry":{"type":"Polygon","coordinates":[[[19.941434,50.040901],[19.941473,50.04089],[19.941509,50.040941],[19.94147,50.040952],[19.941434,50.040901]]]}},{"type":"Feature","id":"w308644592","properties":{"type":"garage","residential":false,"residents_est":0,"h3_10":"8a1e2e6b3297fff","h3_11":"8b1e2e6b3295fff"},"geometry":{"type":"Polygon","coordinates":[[[19.940051,50.039919],[19.940091,50.03991],[19.940121,50.039963],[19.940082,50.039972],[19.940051,50.039919]]]}},{"type":"Feature","id":"w308644597","properties":{"type":"garage","residential":false,"residents_est":0,"h3_10":"8a1e2e6b3297fff","h3_11":"8b1e2e6b3295fff"},"geometry":{"type":"Polygon","coordinates":[[[19.939973,50.039938],[19.940012,50.039929],[19.940043,50.039981],[19.940003,50.039991],[19.939973,50.039938]]]}},{"type":"Feature","id":"w308644606","properties":{"type":"yes","residential":false,"residents_est":0,"h3_10":"8a1e2e6b32a7fff","h3_11":"8b1e2e6b32a5fff"},"geometry":{"type":"Polygon","coordinates":[[[19.941286,50.041924],[19.941315,50.041906],[19.941386,50.04195],[19.941357,50.041968],[19.941286,50.041924]]]}},{"type":"Feature","id":"w308644608","properties":{"type":"garage","residential":false,"residents_est":0,"h3_10":"8a1e2e6b3297fff","h3_11":"8b1e2e6b3295fff"},"geometry":{"type":"Polygon","coordinates":[[[19.940012,50.039929],[19.940051,50.039919],[19.940082,50.039972],[19.940043,50.039981],[19.940012,50.039929]]]}},{"type":"Feature","id":"w308644610","properties":{"type":"garage","residential":false,"residents_est":0,"h3_10":"8a1e2e6b3297fff","h3_11":"8b1e2e6b3294fff"},"geometry":{"type":"Polygon","coordinates":[[[19.939934,50.039947],[19.939973,50.039938],[19.940003,50.039991],[19.939964,50.04],[19.939934,50.039947]]]}},{"type":"Feature","id":"w308644623","properties":{"type":"garage","residential":false,"residents_est":0,"h3_10":"8a1e2e6b32a7fff","h3_11":"8b1e2e6b32a3fff"},"geometry":{"type":"Polygon","coordinates":[[[19.941473,50.04089],[19.941513,50.040879],[19.941548,50.040929],[19.941509,50.040941],[19.941473,50.04089]]]}},{"type":"Feature","id":"w308644629","properties":{"type":"yes","levels":1.0,"residential":true,"residents_est":0,"h3_10":"8a1e2e6b3287fff","h3_11":"8b1e2e6b3283fff"},"geometry":{"type":"Polygon","coordinates":[[[19.94189,50.04007],[19.942041,50.040036],[19.942059,50.040066],[19.94191,50.0401],[19.94189,50.04007]]]}},{"type":"Feature","id":"w308644630","properties":{"type":"yes","levels":2.0,"address":"Kalwaryjska 60","residential":true,"residents_est":1,"h3_10":"8a1e2e6b3287fff","h3_11":"8b1e2e6b3283fff"},"geometry":{"type":"Polygon","coordinates":[[[19.942041,50.040036],[19.942194,50.04],[19.942247,50.04009],[19.942091,50.040125],[19.942041,50.040036]]]}},{"type":"Feature","id":"w308644631","properties":{"type":"yes","residential":false,"residents_est":0,"h3_10":"8a1e2e6b3287fff","h3_11":"8b1e2e6b3283fff"},"geometry":{"type":"Polygon","coordinates":[[[19.941736,50.039882],[19.941885,50.039848],[19.941896,50.039869],[19.941747,50.039902],[19.941736,50.039882]]]}},{"type":"Feature","id":"w308644632","properties":{"type":"garage","residential":false,"residents_est":0,"h3_10":"8a1e2e6b3287fff","h3_11":"8b1e2e6b3281fff"},"geometry":{"type":"Polygon","coordinates":[[[19.941995,50.04012],[19.942077,50.040099],[19.942091,50.040125],[19.94201,50.040144],[19.941995,50.04012]]]}},{"type":"Feature","id":"w308644633","properties":{"type":"yes","levels":2.0,"residential":true,"residents_est":0,"h3_10":"8a1e2e6b3287fff","h3_11":"8b1e2e6b3283fff"},"geometry":{"type":"Polygon","coordinates":[[[19.941782,50.040096],[19.94189,50.04007],[19.941944,50.04016],[19.941834,50.040186],[19.941782,50.040096]]]}},{"type":"Feature","id":"w308644636","properties":{"type":"yes","address":"Śliska 5","residential":true,"residents_est":1,"h3_10":"8a1e2e6b3287fff","h3_11":"8b1e2e6b3282fff"},"geometry":{"type":"Polygon","coordinates":[[[19.940911,50.039746],[19.941057,50.039662],[19.941206,50.039761],[19.940991,50.039838],[19.940911,50.039746]]]}},{"type":"Feature","id":"w308644637","properties":{"type":"yes","levels":1.0,"residential":true,"residents_est":1,"h3_10":"8a1e2e6b3287fff","h3_11":"8b1e2e6b3281fff"},"geometry":{"type":"Polygon","coordinates":[[[19.941871,50.040411],[19.941997,50.040381],[19.942145,50.040581],[19.94204,50.040646],[19.941871,50.040411]]]}},{"type":"Feature","id":"w308689639","properties":{"type":"yes","residential":false,"residents_est":0,"h3_10":"8a1e2e6b32b7fff","h3_11":"8b1e2e6b32b6fff"},"geometry":{"type":"Polygon","coordinates":[[[19.938708,50.04072],[19.938717,50.040671],[19.938756,50.040675],[19.93875,50.040723],[19.938708,50.04072]]]}},{"type":"Feature","id":"w308689648","properties":{"type":"yes","residential":false,"residents_est":0,"h3_10":"8a1e2e6b32b7fff","h3_11":"8b1e2e6b32b6fff"},"geometry":{"type":"Polygon","coordinates":[[[19.938866,50.040727],[19.938904,50.040718],[19.93893,50.040765],[19.938891,50.040773],[19.938866,50.040727]]]}},{"type":"Feature","id":"w308689653","properties":{"type":"yes","residential":false,"residents_est":0,"h3_10":"8a1e2e6b32b7fff","h3_11":"8b1e2e6b32b6fff"},"geometry":{"type":"Polygon","coordinates":[[[19.938765,50.040568],[19.938808,50.040558],[19.938833,50.0406],[19.93879,50.04061],[19.938765,50.040568]]]}},{"type":"Feature","id":"w308689654","properties":{"type":"garage","residential":false,"residents_est":0,"h3_10":"8a1e2e6b3297fff","h3_11":"8b1e2e6b3291fff"},"geometry":{"type":"Polygon","coordinates":[[[19.940414,50.039619],[19.940455,50.039608],[19.94049,50.03966],[19.940449,50.039671],[19.940414,50.039619]]]}},{"type":"Feature","id":"w308689656","properties":{"type":"yes","residential":false,"residents_est":0,"h3_10":"8a1e2e6b32b7fff","h3_11":"8b1e2e6b32b6fff"},"geometry":{"type":"Polygon","coordinates":[[[19.938654,50.040691],[19.938665,50.040647],[19.938712,50.040652],[19.938701,50.040696],[19.938654,50.040691]]]}},{"type":"Feature","id":"w308689662","properties":{"type":"garage","address":"Ignacego Krasickiego 32D","residential":false,"residents_est":0,"h3_10":"8a1e2e6b32b7fff","h3_11":"8b1e2e6b32b6fff"},"geometry":{"type":"Polygon","coordinates":[[[19.938773,50.04047],[19.938854,50.040449],[19.93888,50.040492],[19.938799,50.040513],[19.938773,50.04047]]]}},{"type":"Feature","id":"w308689666","properties":{"type":"yes","residential":false,"residents_est":0,"h3_10":"8a1e2e6b32b7fff","h3_11":"8b1e2e6b32b6fff"},"geometry":{"type":"Polygon","coordinates":[[[19.938608,50.040685],[19.938632,50.040627],[19.938668,50.040633],[19.938643,50.040692],[19.938608,50.040685]]]}},{"type":"Feature","id":"w308689671","properties":{"type":"garage","residential":false,"residents_est":0,"h3_10":"8a1e2e6b3297fff","h3_11":"8b1e2e6b3291fff"},"geometry":{"type":"Polygon","coordinates":[[[19.940455,50.039608],[19.940493,50.039598],[19.940528,50.03965],[19.94049,50.03966],[19.940455,50.039608]]]}},{"type":"Feature","id":"w308689672","properties":{"type":"garage","residential":false,"residents_est":0,"h3_10":"8a1e2e6b3297fff","h3_11":"8b1e2e6b3291fff"},"geometry":{"type":"Polygon","coordinates":[[[19.94065,50.039555],[19.94069,50.039544],[19.940725,50.039596],[19.940684,50.039607],[19.94065,50.039555]]]}},{"type":"Feature","id":"w308689677","properties":{"type":"yes","residential":false,"residents_est":0,"h3_10":"8a1e2e6b32b7fff","h3_11":"8b1e2e6b32b6fff"},"geometry":{"type":"Polygon","coordinates":[[[19.938742,50.040522],[19.938782,50.040513],[19.938806,50.040555],[19.938765,50.040564],[19.938742,50.040522]]]}},{"type":"Feature","id":"w308689689","properties":{"type":"yes","residential":false,"residents_est":0,"h3_10":"8a1e2e6b32b7fff","h3_11":"8b1e2e6b32b6fff"},"geometry":{"type":"Polygon","coordinates":[[[19.938755,50.040736],[19.938762,50.040687],[19.93881,50.04069],[19.938803,50.040738],[19.938755,50.040736]]]}},{"type":"Feature","id":"w308689696","properties":{"type":"garage","residential":false,"residents_est":0,"h3_10":"8a1e2e6b3297fff","h3_11":"8b1e2e6b3291fff"},"geometry":{"type":"Polygon","coordinates":[[[19.940531,50.039587],[19.94057,50.039577],[19.940604,50.039629],[19.940566,50.039639],[19.940531,50.039587]]]}},{"type":"Feature","id":"w308689699","properties":{"type":"garage","residential":false,"residents_est":0,"h3_10":"8a1e2e6b3297fff","h3_11":"8b1e2e6b3291fff"},"geometry":{"type":"Polygon","coordinates":[[[19.940609,50.039566],[19.94065,50.039555],[19.940684,50.039607],[19.940643,50.039618],[19.940609,50.039566]]]}},{"type":"Feature","id":"w308689707","properties":{"type":"garage","residential":false,"residents_est":0,"h3_10":"8a1e2e6b3297fff","h3_11":"8b1e2e6b3291fff"},"geometry":{"type":"Polygon","coordinates":[[[19.940493,50.039598],[19.940531,50.039587],[19.940566,50.039639],[19.940528,50.03965],[19.940493,50.039598]]]}},{"type":"Feature","id":"w308689709","properties":{"type":"service","residential":false,"residents_est":0,"h3_10":"8a1e2e6b3297fff","h3_11":"8b1e2e6b3291fff"},"geometry":{"type":"Polygon","coordinates":[[[19.940509,50.039461],[19.940566,50.039435],[19.940615,50.039481],[19.940558,50.039507],[19.940509,50.039461]]]}},{"type":"Feature","id":"w308689723","properties":{"type":"garage","residential":false,"residents_est":0,"h3_10":"8a1e2e6b3297fff","h3_11":"8b1e2e6b3291fff"},"geometry":{"type":"Polygon","coordinates":[[[19.94057,50.039577],[19.940609,50.039566],[19.940643,50.039618],[19.940604,50.039629],[19.94057,50.039577]]]}},{"type":"Feature","id":"w308689745","properties":{"type":"yes","residential":true,"residents_est":1,"h3_10":"8a1e2e6b329ffff","h3_11":"8b1e2e6b329afff"},"geometry":{"type":"Polygon","coordinates":[[[19.941171,50.038736],[19.941433,50.038666],[19.941463,50.038716],[19.9412,50.038784],[19.941171,50.038736]]]}},{"type":"Feature","id":"w308689781","properties":{"type":"yes","residential":true,"residents_est":1,"h3_10":"8a1e2e6b329ffff","h3_11":"8b1e2e6b329efff"},"geometry":{"type":"Polygon","coordinates":[[[19.941163,50.039026],[19.941232,50.039005],[19.941346,50.039183],[19.941273,50.039207],[19.941185,50.039125],[19.941221,50.039119],[19.941163,50.039026]]]}},{"type":"Feature","id":"w308689784","properties":{"type":"retail","levels":1.0,"address":"Ignacego Krasickiego 34","residential":false,"residents_est":0,"h3_10":"8a1e2e6b32b7fff","h3_11":"8b1e2e6b32b2fff"},"geometry":{"type":"Polygon","coordinates":[[[19.939216,50.040403],[19.939255,50.040394],[19.939249,50.040385],[19.93933,50.040365],[19.939336,50.040374],[19.939374,50.040365],[19.939394,50.040399],[19.939237,50.040437],[19.939216,50.040403]]]}},{"type":"Feature","id":"w308804977","properties":{"type":"yes","levels":1.0,"residential":true,"residents_est":0,"h3_10":"8a1e2e6b32dffff","h3_11":"8b1e2e6b32dafff"},"geometry":{"type":"Polygon","coordinates":[[[19.946232,50.038927],[19.946286,50.038894],[19.946291,50.038898],[19.946373,50.038854],[19.946459,50.038908],[19.946518,50.038971],[19.946527,50.038971],[19.946394,50.039043],[19.946395,50.039038],[19.946311,50.038989],[19.946248,50.038927],[19.946232,50.038927]]]}},{"type":"Feature","id":"w309761553","properties":{"type":"apartments","levels":1.0,"residential":true,"residents_est":1,"h3_10":"8a1e2e6b329ffff","h3_11":"8b1e2e6b329bfff"},"geometry":{"type":"Polygon","coordinates":[[[19.942179,50.03897],[19.942462,50.038909],[19.94252,50.039035],[19.942242,50.039089],[19.942179,50.03897]]]}},{"type":"Feature","id":"r2076928","properties":{"type":"yes","levels":3.0,"residential":true,"residents_est":2,"h3_10":"8a1e2e6b32affff","h3_11":"8b1e2e6b32abfff"},"geometry":{"type":"Polygon","coordinates":[[[19.942736,50.040528],[19.943039,50.040458],[19.943175,50.040606],[19.943007,50.040652],[19.942828,50.040692],[19.942736,50.040528]],[[19.942888,50.040529],[19.94296,50.040638],[19.942999,50.040627],[19.942987,50.040609],[19.943123,50.040573],[19.943105,50.040546],[19.943081,50.040553],[19.943059,50.040526],[19.943044,50.04053],[19.943037,50.040513],[19.942931,50.040539],[19.942919,50.04052],[19.942888,50.040529]]]}},{"type":"Feature","id":"r4138235","properties":{"type":"yes","levels":2.0,"residential":true,"residents_est":2,"h3_10":"8a1e2e6b328ffff","h3_11":"8b1e2e6b328cfff"},"geometry":{"type":"Polygon","coordinates":[[[19.942631,50.04034],[19.942915,50.040267],[19.943064,50.040452],[19.942736,50.040528],[19.942631,50.04034]],[[19.942798,50.040336],[19.942867,50.040464],[19.942909,50.040454],[19.942899,50.040438],[19.942989,50.040417],[19.94292,50.04033],[19.942848,50.040348],[19.942837,50.040329],[19.942798,50.040336]]]}},{"type":"Feature","id":"w309770688","properties":{"type":"yes","levels":1.0,"residential":true,"residents_est":0,"h3_10":"8a1e2e6b32affff","h3_11":"8b1e2e6b32abfff"},"geometry":{"type":"Polygon","coordinates":[[[19.943338,50.040872],[19.943376,50.040843],[19.943354,50.040832],[19.943381,50.040811],[19.94339,50.040816],[19.943404,50.040806],[19.943421,50.040809],[19.94348,50.040764],[19.943533,50.040794],[19.943529,50.040797],[19.943587,50.040839],[19.943401,50.040984],[19.943338,50.040872]]]}},{"type":"Feature","id":"w309770690","properties":{"type":"yes","levels":1.0,"residential":true,"residents_est":0,"h3_10":"8a1e2e6b32affff","h3_11":"8b1e2e6b32abfff"},"geometry":{"type":"Polygon","coordinates":[[[19.943061,50.040794],[19.943074,50.040791],[19.943066,50.040777],[19.943105,50.040757],[19.943102,50.040754],[19.943238,50.040717],[19.943268,50.040764],[19.943071,50.040814],[19.943061,50.040794]]]}},{"type":"Feature","id":"w309770692","properties":{"type":"yes","levels":3.0,"residential":true,"residents_est":2,"h3_10":"8a1e2e6b328ffff","h3_11":"8b1e2e6b328efff"},"geometry":{"type":"Polygon","coordinates":[[[19.942596,50.039925],[19.942607,50.039905],[19.942742,50.03987],[19.942721,50.039827],[19.942869,50.039795],[19.942937,50.039938],[19.942767,50.039982],[19.942749,50.039952],[19.942629,50.039983],[19.942596,50.039925]]]}},{"type":"Feature","id":"w309770694","properties":{"type":"yes","residential":false,"residents_est":0,"h3_10":"8a1e2e6b32affff","h3_11":"8b1e2e6b32abfff"},"geometry":{"type":"Polygon","coordinates":[[[19.943341,50.040702],[19.943409,50.040671],[19.943452,50.040703],[19.94339,50.040738],[19.943341,50.040702]]]}},{"type":"Feature","id":"w309770699","properties":{"type":"yes","levels":1.0,"residential":false,"residents_est":0,"h3_10":"8a1e2e6b32affff","h3_11":"8b1e2e6b32abfff"},"geometry":{"type":"Polygon","coordinates":[[[19.943082,50.040508],[19.943112,50.040497],[19.943189,50.040574],[19.943157,50.040587],[19.943082,50.040508]]]}},{"type":"Feature","id":"w309770711","properties":{"type":"yes","levels":1.0,"residential":true,"residents_est":0,"h3_10":"8a1e2e6b328ffff","h3_11":"8b1e2e6b328efff"},"geometry":{"type":"Polygon","coordinates":[[[19.942475,50.040058],[19.942639,50.040018],[19.94267,50.040069],[19.942506,50.04011],[19.942475,50.040058]]]}},{"type":"Feature","id":"w309770717","properties":{"type":"garage","residential":false,"residents_est":0,"h3_10":"8a1e2e6b328ffff","h3_11":"8b1e2e6b328efff"},"geometry":{"type":"Polygon","coordinates":[[[19.942581,50.039813],[19.942665,50.039787],[19.942695,50.039827],[19.942611,50.039853],[19.942581,50.039813]]]}},{"type":"Feature","id":"w309770719","properties":{"type":"yes","levels":1.0,"residential":true,"residents_est":0,"h3_10":"8a1e2e6b328ffff","h3_11":"8b1e2e6b328efff"},"geometry":{"type":"Polygon","coordinates":[[[19.942515,50.040126],[19.94262,50.040099],[19.942649,50.04015],[19.942544,50.040176],[19.942515,50.040126]]]}},{"type":"Feature","id":"w309770722","properties":{"type":"yes","levels":2.0,"residential":true,"residents_est":0,"h3_10":"8a1e2e6b328ffff","h3_11":"8b1e2e6b3288fff"},"geometry":{"type":"Polygon","coordinates":[[[19.942844,50.039961],[19.94294,50.039937],[19.943004,50.040059],[19.94292,50.040081],[19.942844,50.039961]]]}},{"type":"Feature","id":"w309770735","properties":{"type":"yes","residential":true,"residents_est":0,"h3_10":"8a1e2e6b32affff","h3_11":"8b1e2e6b32abfff"},"geometry":{"type":"Polygon","coordinates":[[[19.943254,50.040743],[19.943341,50.040702],[19.94339,50.040738],[19.94329,50.040796],[19.943254,50.040743]]]}},{"type":"Feature","id":"w309770739","properties":{"type":"yes","levels":3.0,"residential":true,"residents_est":1,"h3_10":"8a1e2e6b32affff","h3_11":"8b1e2e6b32a9fff"},"geometry":{"type":"Polygon","coordinates":[[[19.943258,50.040937],[19.943358,50.040911],[19.943401,50.040984],[19.943334,50.041033],[19.94331,50.041031],[19.943258,50.040937]]]}},{"type":"Feature","id":"w309770741","properties":{"type":"garage","residential":false,"residents_est":0,"h3_10":"8a1e2e6b328ffff","h3_11":"8b1e2e6b328cfff"},"geometry":{"type":"Polygon","coordinates":[[[19.942837,50.040103],[19.942871,50.040094],[19.942918,50.040155],[19.942887,50.040166],[19.942846,50.040121],[19.942837,50.040103]]]}},{"type":"Feature","id":"w309770744","properties":{"type":"garage","residential":false,"residents_est":0,"h3_10":"8a1e2e6b328ffff","h3_11":"8b1e2e6b328afff"},"geometry":{"type":"Polygon","coordinates":[[[19.942438,50.03968],[19.942627,50.03964],[19.942639,50.039659],[19.942449,50.0397],[19.942438,50.03968]]]}},{"type":"Feature","id":"w309770746","properties":{"type":"yes","levels":1.0,"residential":false,"residents_est":0,"h3_10":"8a1e2e6b328ffff","h3_11":"8b1e2e6b328cfff"},"geometry":{"type":"Polygon","coordinates":[[[19.942866,50.040235],[19.942924,50.040219],[19.942951,50.040258],[19.942894,50.040273],[19.942866,50.040235]]]}},{"type":"Feature","id":"w309778287","properties":{"type":"yes","levels":2.0,"residential":true,"residents_est":1,"h3_10":"8a1e2e6b32f7fff","h3_11":"8b1e2e6b32f0fff"},"geometry":{"type":"Polygon","coordinates":[[[19.944745,50.040782],[19.944928,50.040666],[19.945098,50.040819],[19.944997,50.040866],[19.944938,50.040813],[19.944954,50.040805],[19.944903,50.040759],[19.944805,50.040821],[19.944745,50.040782]]]}},{"type":"Feature","id":"w309778289","properties":{"type":"apartments","levels":3.0,"residential":true,"residents_est":4,"h3_10":"8a1e2e6b320ffff","h3_11":"8b1e2e6b320bfff"},"geometry":{"type":"Polygon","coordinates":[[[19.945887,50.042031],[19.946007,50.04193],[19.946117,50.041983],[19.946148,50.041958],[19.946163,50.041956],[19.946201,50.041974],[19.946202,50.041986],[19.946176,50.042008],[19.946237,50.042039],[19.946158,50.042105],[19.946109,50.042137],[19.945887,50.042031]]]}},{"type":"Feature","id":"w309778290","properties":{"type":"school","levels":1.0,"address":"Krzemionki 11","residential":false,"residents_est":0,"h3_10":"8a1e2e6b32e7fff","h3_11":"8b1e2e6b32e3fff"},"geometry":{"type":"Polygon","coordinates":[[[19.946188,50.041203],[19.946453,50.041144],[19.946414,50.041063],[19.946508,50.041043],[19.946549,50.041124],[19.946624,50.041108],[19.946669,50.041198],[19.946233,50.041294],[19.946198,50.041228],[19.946208,50.041226],[19.946188,50.041203]]]}},{"type":"Feature","id":"w309778291","properties":{"type":"yes","levels":1.0,"residential":false,"residents_est":0,"h3_10":"8a1e2e6b32e7fff","h3_11":"8b1e2e6b32e6fff"},"geometry":{"type":"Polygon","coordinates":[[[19.945414,50.041517],[19.945447,50.041497],[19.945454,50.041501],[19.945448,50.041505],[19.945456,50.041502],[19.945477,50.041515],[19.945472,50.041522],[19.945479,50.041517],[19.945501,50.041531],[19.945494,50.041536],[19.945504,50.041533],[19.945524,50.041546],[19.945519,50.041553],[19.945527,50.041548],[19.945548,50.041561],[19.945541,50.041567],[19.945552,50.041564],[19.94557,50.041573],[19.945535,50.041593],[19.945414,50.041517]]]}},{"type":"Feature","id":"w309778296","properties":{"type":"yes","levels":1.0,"residential":false,"residents_est":0,"h3_10":"8a1e2e6b32e7fff","h3_11":"8b1e2e6b32e5fff"},"geometry":{"type":"Polygon","coordinates":[[[19.946084,50.041894],[19.946136,50.041869],[19.946187,50.041929],[19.94614,50.041953],[19.946084,50.041894]]]}},{"type":"Feature","id":"w309778300","properties":{"type":"yes","levels":1.0,"residential":true,"residents_est":0,"h3_10":"8a1e2e6b32f7fff","h3_11":"8b1e2e6b32f5fff"},"geometry":{"type":"Polygon","coordinates":[[[19.945199,50.041027],[19.94528,50.04099],[19.945331,50.041038],[19.945251,50.041074],[19.945199,50.041027]]]}},{"type":"Feature","id":"w309778304","properties":{"type":"yes","levels":1.0,"residential":false,"residents_est":0,"h3_10":"8a1e2e6b32e7fff","h3_11":"8b1e2e6b32e4fff"},"geometry":{"type":"Polygon","coordinates":[[[19.94565,50.041614],[19.945694,50.041574],[19.945727,50.041587],[19.94569,50.041632],[19.94565,50.041614]]]}},{"type":"Feature","id":"w309778306","properties":{"type":"yes","levels":1.0,"residential":false,"residents_est":0,"h3_10":"8a1e2e6b32e7fff","h3_11":"8b1e2e6b32e2fff"},"geometry":{"type":"Polygon","coordinates":[[[19.945288,50.041107],[19.945366,50.041072],[19.9454,50.041101],[19.945323,50.041139],[19.945288,50.041107]]]}},{"type":"Feature","id":"w309778308","properties":{"type":"house","levels":1.0,"address":"Krzemionki 16","residential":true,"residents_est":0,"h3_10":"8a1e2e6b32e7fff","h3_11":"8b1e2e6b32e2fff"},"geometry":{"type":"Polygon","coordinates":[[[19.945585,50.041283],[19.945711,50.041257],[19.945738,50.041307],[19.945612,50.041333],[19.945585,50.041283]]]}},{"type":"Feature","id":"w309778311","properties":{"type":"yes","residential":false,"residents_est":0,"h3_10":"8a1e2e6b328ffff","h3_11":"8b1e2e6b328dfff"},"geometry":{"type":"Polygon","coordinates":[[[19.943729,50.040222],[19.943811,50.040175],[19.943849,50.040203],[19.943767,50.040249],[19.943729,50.040222]]]}},{"type":"Feature","id":"w309778313","properties":{"type":"garage","residential":false,"residents_est":0,"h3_10":"8a1e2e6b32c7fff","h3_11":"8b1e2e6b32c5fff"},"geometry":{"type":"Polygon","coordinates":[[[19.946427,50.040714],[19.946472,50.040706],[19.946492,50.040747],[19.946447,50.040755],[19.946427,50.040714]]]}},{"type":"Feature","id":"w309778314","properties":{"type":"yes","levels":1.0,"residential":false,"residents_est":0,"h3_10":"8a1e2e6b32f7fff","h3_11":"8b1e2e6b32f5fff"},"geometry":{"type":"Polygon","coordinates":[[[19.945154,50.040987],[19.945236,50.040949],[19.94528,50.04099],[19.945199,50.041027],[19.945154,50.040987]]]}},{"type":"Feature","id":"w309778315","properties":{"type":"yes","levels":1.0,"residential":false,"residents_est":0,"h3_10":"8a1e2e6b32e7fff","h3_11":"8b1e2e6b32e6fff"},"geometry":{"type":"Polygon","coordinates":[[[19.945452,50.041414],[19.945526,50.041362],[19.945562,50.04138],[19.945489,50.041433],[19.945452,50.041414]]]}},{"type":"Feature","id":"w309778316","properties":{"type":"yes","levels":1.0,"residential":false,"residents_est":0,"h3_10":"8a1e2e6b328ffff","h3_11":"8b1e2e6b328dfff"},"geometry":{"type":"Polygon","coordinates":[[[19.943811,50.040312],[19.943917,50.040252],[19.943933,50.040264],[19.943827,50.040324],[19.943811,50.040312]]]}},{"type":"Feature","id":"w309778318","properties":{"type":"yes","levels":1.0,"residential":false,"residents_est":0,"h3_10":"8a1e2e6b32f7fff","h3_11":"8b1e2e6b32f5fff"},"geometry":{"type":"Polygon","coordinates":[[[19.945251,50.041074],[19.945331,50.041038],[19.945366,50.041072],[19.945288,50.041107],[19.945251,50.041074]]]}},{"type":"Feature","id":"w309778320","properties":{"type":"yes","residential":false,"residents_est":0,"h3_10":"8a1e2e6b32e7fff","h3_11":"8b1e2e6b32e5fff"},"geometry":{"type":"Polygon","coordinates":[[[19.94644,50.041807],[19.946496,50.041787],[19.946526,50.041822],[19.946469,50.041842],[19.94644,50.041807]]]}},{"type":"Feature","id":"w309778339","properties":{"type":"garage","residential":false,"residents_est":0,"h3_10":"8a1e2e6b32c7fff","h3_11":"8b1e2e6b32c4fff"},"geometry":{"type":"Polygon","coordinates":[[[19.946167,50.040763],[19.946236,50.040751],[19.946258,50.040796],[19.946187,50.040808],[19.946167,50.040763]]]}},{"type":"Feature","id":"w309778340","properties":{"type":"yes","levels":1.0,"residential":true,"residents_est":0,"h3_10":"8a1e2e6b328ffff","h3_11":"8b1e2e6b3289fff"},"geometry":{"type":"Polygon","coordinates":[[[19.943753,50.039882],[19.943881,50.03985],[19.943961,50.039938],[19.943853,50.039998],[19.943753,50.039882]]]}},{"type":"Feature","id":"w309778341","properties":{"type":"yes","levels":1.0,"residential":true,"residents_est":0,"h3_10":"8a1e2e6b32f7fff","h3_11":"8b1e2e6b32f5fff"},"geometry":{"type":"Polygon","coordinates":[[[19.945069,50.04091],[19.945152,50.040872],[19.945236,50.040949],[19.945154,50.040987],[19.945069,50.04091]]]}},{"type":"Feature","id":"w309778344","properties":{"type":"yes","levels":1.0,"residential":false,"residents_est":0,"h3_10":"8a1e2e6b32e7fff","h3_11":"8b1e2e6b32e6fff"},"geometry":{"type":"Polygon","coordinates":[[[19.945553,50.041345],[19.945564,50.041287],[19.945585,50.041283],[19.945612,50.041333],[19.945553,50.041345]]]}},{"type":"Feature","id":"w309778345","properties":{"type":"service","levels":2.0,"residential":false,"residents_est":0,"h3_10":"8a1e2e6b32f7fff","h3_11":"8b1e2e6b32f5fff"},"geometry":{"type":"Polygon","coordinates":[[[19.945123,50.041195],[19.94518,50.04116],[19.945234,50.041195],[19.945179,50.041232],[19.945123,50.041195]]]}},{"type":"Feature","id":"w309778346","properties":{"type":"yes","levels":1.0,"residential":true,"residents_est":0,"h3_10":"8a1e2e6b32f7fff","h3_11":"8b1e2e6b32f5fff"},"geometry":{"type":"Polygon","coordinates":[[[19.945013,50.040858],[19.945098,50.040819],[19.945152,50.040872],[19.945069,50.04091],[19.945013,50.040858]]]}},{"type":"Feature","id":"w309778347","properties":{"type":"garage","residential":false,"residents_est":0,"h3_10":"8a1e2e6b32c7fff","h3_11":"8b1e2e6b32c4fff"},"geometry":{"type":"Polygon","coordinates":[[[19.946266,50.040746],[19.946353,50.040728],[19.946377,50.040776],[19.946289,50.040792],[19.946266,50.040746]]]}},{"type":"Feature","id":"w309778350","properties":{"type":"yes","levels":1.0,"residential":false,"residents_est":0,"h3_10":"8a1e2e6b32f7fff","h3_11":"8b1e2e6b32f0fff"},"geometry":{"type":"Polygon","coordinates":[[[19.944348,50.040704],[19.944411,50.040667],[19.944449,50.040694],[19.944383,50.040731],[19.944348,50.040704]]]}},{"type":"Feature","id":"w309778351","properties":{"type":"garage","residential":false,"residents_est":0,"h3_10":"8a1e2e6b32f7fff","h3_11":"8b1e2e6b32f0fff"},"geometry":{"type":"Polygon","coordinates":[[[19.944314,50.040592],[19.944393,50.040543],[19.944416,50.040556],[19.944333,50.040607],[19.944314,50.040592]]]}},{"type":"Feature","id":"w309778353","properties":{"type":"garage","residential":false,"residents_est":0,"h3_10":"8a1e2e6b32e7fff","h3_11":"8b1e2e6b32e5fff"},"geometry":{"type":"Polygon","coordinates":[[[19.94614,50.041698],[19.946212,50.041673],[19.946231,50.041695],[19.946161,50.041722],[19.94614,50.041698]]]}},{"type":"Feature","id":"w309778354","properties":{"type":"yes","residential":false,"residents_est":0,"h3_10":"8a1e2e6b32e7fff","h3_11":"8b1e2e6b32e6fff"},"geometry":{"type":"Polygon","coordinates":[[[19.94531,50.041397],[19.945339,50.04138],[19.945418,50.041435],[19.945392,50.041457],[19.94531,50.041397]]]}},{"type":"Feature","id":"w309778362","properties":{"type":"yes","levels":1.0,"residential":false,"residents_est":0,"h3_10":"8a1e2e6b32e7fff","h3_11":"8b1e2e6b32e4fff"},"geometry":{"type":"Polygon","coordinates":[[[19.945456,50.041653],[19.945535,50.041593],[19.945569,50.041612],[19.945485,50.041674],[19.945456,50.041653]]]}},{"type":"Feature","id":"w309778366","properties":{"type":"yes","residential":false,"residents_est":0,"h3_10":"8a1e2e6b32e7fff","h3_11":"8b1e2e6b32e5fff"},"geometry":{"type":"Polygon","coordinates":[[[19.946152,50.041659],[19.946232,50.041639],[19.946268,50.041681],[19.946231,50.041695],[19.946212,50.041673],[19.946174,50.041686],[19.946152,50.041659]]]}},{"type":"Feature","id":"w309778369","properties":{"type":"yes","levels":1.0,"residential":false,"residents_est":0,"h3_10":"8a1e2e6b32e7fff","h3_11":"8b1e2e6b32e4fff"},"geometry":{"type":"Polygon","coordinates":[[[19.945567,50.041693],[19.945595,50.041666],[19.945575,50.041657],[19.945595,50.041638],[19.945656,50.041666],[19.94561,50.041712],[19.945567,50.041693]]]}},{"type":"Feature","id":"w309778374","properties":{"type":"yes","levels":1.0,"residential":true,"residents_est":0,"h3_10":"8a1e2e6b32f7fff","h3_11":"8b1e2e6b32f0fff"},"geometry":{"type":"Polygon","coordinates":[[[19.94462,50.040872],[19.944754,50.040788],[19.944805,50.040821],[19.944676,50.040901],[19.944664,50.040901],[19.94462,50.040872]]]}},{"type":"Feature","id":"w309778377","properties":{"type":"garage","residential":false,"residents_est":0,"h3_10":"8a1e2e6b32e7fff","h3_11":"8b1e2e6b32e5fff"},"geometry":{"type":"Polygon","coordinates":[[[19.946695,50.04186],[19.946721,50.041849],[19.946789,50.041927],[19.946769,50.041935],[19.946695,50.04186]]]}},{"type":"Feature","id":"w309778380","properties":{"type":"yes","residential":true,"residents_est":1,"h3_10":"8a1e2e6b32c7fff","h3_11":"8b1e2e6b32c1fff"},"geometry":{"type":"Polygon","coordinates":[[[19.947164,50.040256],[19.947372,50.040131],[19.947472,50.040199],[19.947267,50.040328],[19.947164,50.040256]]]}},{"type":"Feature","id":"w309778381","properties":{"type":"garage","residential":false,"residents_est":0,"h3_10":"8a1e2e6b32e7fff","h3_11":"8b1e2e6b32e6fff"},"geometry":{"type":"Polygon","coordinates":[[[19.945408,50.041414],[19.945507,50.041341],[19.945513,50.041306],[19.945551,50.041309],[19.945548,50.041346],[19.945431,50.041429],[19.945408,50.041414]]]}},{"type":"Feature","id":"w309778382","properties":{"type":"apartments","levels":2.0,"residential":true,"residents_est":1,"h3_10":"8a1e2e6b32e7fff","h3_11":"8b1e2e6b32e4fff"},"geometry":{"type":"Polygon","coordinates":[[[19.945368,50.041719],[19.945456,50.041653],[19.945525,50.041704],[19.945533,50.041701],[19.945558,50.04172],[19.945551,50.041724],[19.945578,50.041744],[19.945492,50.041814],[19.945368,50.041719]]]}},{"type":"Feature","id":"w309778383","properties":{"type":"yes","levels":1.0,"residential":true,"residents_est":0,"h3_10":"8a1e2e6b32e7fff","h3_11":"8b1e2e6b32e2fff"},"geometry":{"type":"Polygon","coordinates":[[[19.9453,50.041006],[19.945376,50.040988],[19.945389,50.041011],[19.945378,50.041013],[19.945473,50.0411],[19.945459,50.041107],[19.945479,50.041124],[19.945441,50.041132],[19.9453,50.041006]]]}},{"type":"Feature","id":"w309784442","properties":{"type":"yes","levels":1.0,"residential":true,"residents_est":0,"h3_10":"8a1e2e6b321ffff","h3_11":"8b1e2e6b321afff"},"geometry":{"type":"Polygon","coordinates":[[[19.944033,50.041406],[19.944121,50.041349],[19.944171,50.041381],[19.944191,50.041378],[19.94425,50.04142],[19.944237,50.041427],[19.944292,50.041464],[19.944202,50.041519],[19.944033,50.041406]]]}},{"type":"Feature","id":"w309784443","properties":{"type":"yes","levels":1.0,"residential":true,"residents_est":0,"h3_10":"8a1e2e6b320ffff","h3_11":"8b1e2e6b3208fff"},"geometry":{"type":"Polygon","coordinates":[[[19.94534,50.042606],[19.945372,50.04258],[19.945349,50.042569],[19.945361,50.042559],[19.945349,50.042553],[19.945456,50.042486],[19.945499,50.042507],[19.945395,50.042591],[19.945396,50.042608],[19.945404,50.042611],[19.945382,50.042628],[19.94534,50.042606]]]}},{"type":"Feature","id":"w309784444","properties":{"type":"yes","levels":1.0,"residential":true,"residents_est":0,"h3_10":"8a1e2e6b321ffff","h3_11":"8b1e2e6b321dfff"},"geometry":{"type":"Polygon","coordinates":[[[19.944436,50.042115],[19.944553,50.042031],[19.944641,50.041957],[19.944653,50.041968],[19.944704,50.041987],[19.944616,50.042059],[19.944608,50.042056],[19.944502,50.042147],[19.944436,50.042115]]]}},{"type":"Feature","id":"w309784447","properties":{"type":"yes","levels":1.0,"residential":false,"residents_est":0,"h3_10":"8a1e2e6b32f7fff","h3_11":"8b1e2e6b32f4fff"},"geometry":{"type":"Polygon","coordinates":[[[19.943956,50.041203],[19.944042,50.041158],[19.944063,50.041173],[19.944056,50.041176],[19.944064,50.041183],[19.944044,50.041195],[19.944036,50.041189],[19.944008,50.041204],[19.943999,50.041198],[19.943971,50.041214],[19.943956,50.041203]]]}},{"type":"Feature","id":"w309784448","properties":{"type":"yes","residential":true,"residents_est":1,"h3_10":"8a1e2e6b320ffff","h3_11":"8b1e2e6b320afff"},"geometry":{"type":"Polygon","coordinates":[[[19.945175,50.042269],[19.945218,50.042231],[19.945327,50.042285],[19.9453,50.042309],[19.945524,50.042418],[19.945484,50.04245],[19.945268,50.042338],[19.945285,50.042324],[19.945175,50.042269]]]}},{"type":"Feature","id":"w309784449","properties":{"type":"apartments","levels":5.0,"residential":true,"residents_est":9,"h3_10":"8a1e2e6b32affff","h3_11":"8b1e2e6b32a9fff"},"geometry":{"type":"Polygon","coordinates":[[[19.943371,50.041215],[19.943501,50.041114],[19.943505,50.041117],[19.943575,50.041085],[19.943555,50.041065],[19.943561,50.041061],[19.943673,50.041174],[19.943611,50.041226],[19.94375,50.041368],[19.943637,50.041405],[19.943622,50.041392],[19.943604,50.041397],[19.943517,50.041288],[19.943371,50.041215]]]}},{"type":"Feature","id":"w309784450","properties":{"type":"yes","levels":1.0,"residential":true,"residents_est":1,"h3_10":"8a1e2e6b321ffff","h3_11":"8b1e2e6b321dfff"},"geometry":{"type":"Polygon","coordinates":[[[19.944866,50.042063],[19.944874,50.042054],[19.94488,50.042056],[19.944924,50.042003],[19.945202,50.0421],[19.945026,50.042274],[19.944915,50.042216],[19.945014,50.042123],[19.944866,50.042063]]]}},{"type":"Feature","id":"w309784452","properties":{"type":"yes","levels":1.0,"residential":false,"residents_est":0,"h3_10":"8a1e2e6b32affff","h3_11":"8b1e2e6b32a9fff"},"geometry":{"type":"Polygon","coordinates":[[[19.943816,50.040951],[19.943836,50.040937],[19.943938,50.041005],[19.943908,50.041023],[19.943816,50.040951]]]}},{"type":"Feature","id":"w309784454","properties":{"type":"garage","residential":false,"residents_est":0,"h3_10":"8a1e2e6b32f7fff","h3_11":"8b1e2e6b32f4fff"},"geometry":{"type":"Polygon","coordinates":[[[19.944015,50.04123],[19.944067,50.041201],[19.944096,50.041222],[19.944045,50.041252],[19.944015,50.04123]]]}},{"type":"Feature","id":"w309784457","properties":{"type":"yes","levels":1.0,"residential":false,"residents_est":0,"h3_10":"8a1e2e6b321ffff","h3_11":"8b1e2e6b321dfff"},"geometry":{"type":"Polygon","coordinates":[[[19.944638,50.042264],[19.944676,50.042232],[19.944757,50.042271],[19.944727,50.042307],[19.944638,50.042264]]]}},{"type":"Feature","id":"w309784469","properties":{"type":"yes","levels":1.0,"residential":true,"residents_est":0,"h3_10":"8a1e2e6b320ffff","h3_11":"8b1e2e6b320efff"},"geometry":{"type":"Polygon","coordinates":[[[19.945191,50.042447],[19.945285,50.042386],[19.945456,50.042486],[19.945349,50.042553],[19.945191,50.042447]]]}},{"type":"Feature","id":"w309784471","properties":{"type":"yes","levels":1.0,"residential":false,"residents_est":0,"h3_10":"8a1e2e6b321ffff","h3_11":"8b1e2e6b321bfff"},"geometry":{"type":"Polygon","coordinates":[[[19.944536,50.041523],[19.944588,50.041491],[19.944643,50.041533],[19.944596,50.041562],[19.944536,50.041523]]]}},{"type":"Feature","id":"w309784473","properties":{"type":"apartments","levels":6.0,"address":"Jana Zamoyskiego 31","residential":true,"residents_est":8,"h3_10":"8a1e2e6b321ffff","h3_11":"8b1e2e6b321bfff"},"geometry":{"type":"Polygon","coordinates":[[[19.944437,50.041376],[19.944575,50.041296],[19.944782,50.041448],[19.944643,50.041533],[19.944437,50.041376]]]}},{"type":"Feature","id":"w309784477","properties":{"type":"yes","levels":1.0,"residential":true,"residents_est":0,"h3_10":"8a1e2e6b321ffff","h3_11":"8b1e2e6b321afff"},"geometry":{"type":"Polygon","coordinates":[[[19.944063,50.041329],[19.944206,50.041248],[19.944245,50.041278],[19.944104,50.041359],[19.944063,50.041329]]]}},{"type":"Feature","id":"w309784478","properties":{"type":"yes","residential":true,"residents_est":0,"h3_10":"8a1e2e6b321ffff","h3_11":"8b1e2e6b321efff"},"geometry":{"type":"Polygon","coordinates":[[[19.943781,50.041741],[19.943925,50.041639],[19.943952,50.041655],[19.943831,50.041739],[19.943901,50.041779],[19.943876,50.041797],[19.943781,50.041741]]]}},{"type":"Feature","id":"w309784479","properties":{"type":"garage","residential":false,"residents_est":0,"h3_10":"8a1e2e6b321ffff","h3_11":"8b1e2e6b321afff"},"geometry":{"type":"Polygon","coordinates":[[[19.944198,50.041522],[19.944307,50.041455],[19.944346,50.041479],[19.94428,50.04152],[19.944303,50.041537],[19.94426,50.041562],[19.944198,50.041522]]]}},{"type":"Feature","id":"w309784480","properties":{"type":"yes","levels":1.0,"residential":false,"residents_est":0,"h3_10":"8a1e2e6b321ffff","h3_11":"8b1e2e6b321dfff"},"geometry":{"type":"Polygon","coordinates":[[[19.94486,50.042235],[19.944892,50.042205],[19.944946,50.042233],[19.944932,50.042246],[19.944917,50.042239],[19.944901,50.042256],[19.94486,50.042235]]]}},{"type":"Feature","id":"w309784482","properties":{"type":"yes","levels":2.0,"residential":true,"residents_est":1,"h3_10":"8a1e2e6b321ffff","h3_11":"8b1e2e6b321dfff"},"geometry":{"type":"Polygon","coordinates":[[[19.944653,50.041968],[19.9447,50.041918],[19.944924,50.042003],[19.94488,50.042056],[19.944653,50.041968]]]}},{"type":"Feature","id":"w309823508","properties":{"type":"yes","residential":true,"residents_est":0,"h3_10":"8a1e2e6b324ffff","h3_11":"8b1e2e6b324cfff"},"geometry":{"type":"Polygon","coordinates":[[[19.95003,50.042949],[19.950114,50.042932],[19.950158,50.042938],[19.950159,50.042983],[19.950187,50.042989],[19.950195,50.042969],[19.950258,50.042983],[19.950224,50.043035],[19.950097,50.042991],[19.950032,50.04298],[19.95003,50.042949]]]}},{"type":"Feature","id":"w309823511","properties":{"type":"yes","residential":false,"residents_est":0,"h3_10":"8a1e2e6b3247fff","h3_11":"8b1e2e6b3241fff"},"geometry":{"type":"Polygon","coordinates":[[[19.949789,50.042929],[19.949821,50.042882],[19.949894,50.042902],[19.949862,50.042949],[19.949789,50.042929]]]}},{"type":"Feature","id":"w309823512","properties":{"type":"garage","levels":1.0,"residential":false,"residents_est":0,"h3_10":"8a1e2e6b3257fff","h3_11":"8b1e2e6b3254fff"},"geometry":{"type":"Polygon","coordinates":[[[19.947117,50.042451],[19.947146,50.042423],[19.947299,50.042486],[19.947266,50.042516],[19.947117,50.042451]]]}},{"type":"Feature","id":"w309823514","properties":{"type":"yes","residential":false,"residents_est":0,"h3_10":"8a1e2e6b3257fff","h3_11":"8b1e2e6b3254fff"},"geometry":{"type":"Polygon","coordinates":[[[19.947308,50.042517],[19.947331,50.0425],[19.947454,50.042576],[19.947429,50.042596],[19.947381,50.042576],[19.947389,50.042568],[19.947308,50.042517]]]}},{"type":"Feature","id":"w309823515","properties":{"type":"yes","residential":true,"residents_est":0,"h3_10":"8a1e2e6b324ffff","h3_11":"8b1e2e6b324cfff"},"geometry":{"type":"Polygon","coordinates":[[[19.950276,50.043097],[19.950285,50.042986],[19.950354,50.042988],[19.950344,50.043109],[19.950289,50.043107],[19.950276,50.043097]]]}},{"type":"Feature","id":"w309823516","properties":{"type":"yes","residential":false,"residents_est":0,"h3_10":"8a1e2e6b324ffff","h3_11":"8b1e2e6b324cfff"},"geometry":{"type":"Polygon","coordinates":[[[19.950224,50.043035],[19.950258,50.042983],[19.950296,50.042984],[19.950285,50.042986],[19.950281,50.043037],[19.950224,50.043035]]]}},{"type":"Feature","id":"w309883730","properties":{"type":"yes","levels":1.0,"residential":true,"residents_est":0,"h3_10":"8a1e2e6b326ffff","h3_11":"8b1e2e6b326dfff"},"geometry":{"type":"Polygon","coordinates":[[[19.950361,50.044043],[19.950363,50.043999],[19.95052,50.044009],[19.950513,50.044159],[19.950489,50.044158],[19.950489,50.044151],[19.950466,50.04415],[19.950466,50.044138],[19.950448,50.044137],[19.950449,50.04405],[19.950361,50.044043]]]}},{"type":"Feature","id":"w309883738","properties":{"type":"yes","residential":false,"residents_est":0,"h3_10":"8a1e2e6b326ffff","h3_11":"8b1e2e6b3268fff"},"geometry":{"type":"Polygon","coordinates":[[[19.950281,50.043713],[19.950314,50.04372],[19.950321,50.043775],[19.950289,50.043777],[19.950281,50.043713]]]}},{"type":"Feature","id":"w309883751","properties":{"type":"yes","levels":1.0,"residential":false,"residents_est":0,"h3_10":"8a1e2e6b326ffff","h3_11":"8b1e2e6b326dfff"},"geometry":{"type":"Polygon","coordinates":[[[19.950666,50.043849],[19.950696,50.043795],[19.950762,50.043805],[19.950752,50.043854],[19.950666,50.043849]]]}},{"type":"Feature","id":"w309929757","properties":{"type":"yes","levels":3.0,"residential":true,"residents_est":1,"h3_10":"8a1e2e6b326ffff","h3_11":"8b1e2e6b3269fff"},"geometry":{"type":"Polygon","coordinates":[[[19.951142,50.04379],[19.951149,50.043657],[19.95138,50.043666],[19.951367,50.043755],[19.951281,50.04375],[19.951281,50.043764],[19.951302,50.043764],[19.9513,50.043798],[19.951142,50.04379]]]}},{"type":"Feature","id":"w309979406","properties":{"type":"apartments","levels":4.0,"residential":true,"residents_est":3,"h3_10":"8a1e2e6b326ffff","h3_11":"8b1e2e6b3269fff"},"geometry":{"type":"Polygon","coordinates":[[[19.951088,50.043531],[19.95111,50.043435],[19.95136,50.043457],[19.951341,50.043544],[19.951211,50.043543],[19.951211,50.043531],[19.9511,50.043521],[19.951094,50.043532],[19.951088,50.043531]]]}},{"type":"Feature","id":"w309998474","properties":{"type":"garage","residential":false,"residents_est":0,"h3_10":"8a1e2e6b324ffff","h3_11":"8b1e2e6b324dfff"},"geometry":{"type":"Polygon","coordinates":[[[19.950895,50.042885],[19.950925,50.042836],[19.950958,50.042845],[19.950931,50.042893],[19.950895,50.042885]]]}},{"type":"Feature","id":"w309998475","properties":{"type":"yes","levels":3.0,"residential":true,"residents_est":0,"h3_10":"8a1e2e6b324ffff","h3_11":"8b1e2e6b324dfff"},"geometry":{"type":"Polygon","coordinates":[[[19.950884,50.042972],[19.950961,50.042968],[19.950975,50.043074],[19.950897,50.043077],[19.950884,50.042972]]]}},{"type":"Feature","id":"w309998486","properties":{"type":"garage","residential":false,"residents_est":0,"h3_10":"8a1e2e6b324ffff","h3_11":"8b1e2e6b3249fff"},"geometry":{"type":"Polygon","coordinates":[[[19.951431,50.042694],[19.95154,50.042696],[19.951537,50.042742],[19.951432,50.04277],[19.951431,50.042694]]]}},{"type":"Feature","id":"w392267264","properties":{"type":"parking","levels":4.0,"name":"Parking Stare Podgórze","residential":false,"residents_est":0,"h3_10":"8a1e2e6b320ffff","h3_11":"8b1e2e6b3209fff"},"geometry":{"type":"Polygon","coordinates":[[[19.945916,50.042579],[19.946182,50.042367],[19.946204,50.042379],[19.946211,50.042374],[19.946274,50.042403],[19.946701,50.042626],[19.946421,50.042849],[19.945935,50.042595],[19.945939,50.042592],[19.945916,50.042579]]]}},{"type":"Feature","id":"w583472406","properties":{"type":"apartments","levels":6.0,"address":"Przedwiośnie 2A","residential":true,"residents_est":39,"h3_10":"8a1e2e6b339ffff","h3_11":"8b1e2e6b3398fff"},"geometry":{"type":"Polygon","coordinates":[[[19.938936,50.042142],[19.939108,50.041526],[19.939127,50.041529],[19.939142,50.041475],[19.939323,50.041496],[19.939294,50.041602],[19.939321,50.041605],[19.939312,50.041638],[19.939285,50.041635],[19.93927,50.041687],[19.939248,50.041685],[19.939242,50.041706],[19.939264,50.041708],[19.939257,50.041735],[19.939284,50.041738],[19.939268,50.041797],[19.939241,50.041794],[19.939233,50.04182],[19.939211,50.041818],[19.939205,50.041839],[19.939227,50.041841],[19.939213,50.041894],[19.93924,50.041897],[19.939231,50.04193],[19.939203,50.041927],[19.93918,50.042013],[19.939158,50.04201],[19.939153,50.042027],[19.939175,50.042029],[19.93916,50.042082],[19.939196,50.042087],[19.939307,50.042147],[19.939289,50.042161],[19.939326,50.042181],[19.939315,50.04219],[19.939335,50.0422],[19.939375,50.042169],[19.939477,50.042226],[19.939425,50.042265],[19.939361,50.04223],[19.939311,50.042268],[19.939408,50.042321],[19.939349,50.042366],[19.93915,50.042257],[19.939168,50.042244],[19.939047,50.042178],[19.939029,50.042192],[19.938936,50.042142]]]}},{"type":"Feature","id":"w670390166","properties":{"type":"apartments","levels":6.0,"residential":true,"residents_est":54,"h3_10":"8a1e2e6b338ffff","h3_11":"8b1e2e6b338efff"},"geometry":{"type":"Polygon","coordinates":[[[19.939677,50.042545],[19.939705,50.042452],[19.939725,50.042454],[19.939739,50.042406],[19.939718,50.042404],[19.939782,50.042181],[19.939833,50.042187],[19.939838,50.042169],[19.939788,50.042163],[19.939835,50.041996],[19.939885,50.042002],[19.939891,50.041984],[19.93984,50.041979],[19.939873,50.041864],[19.940004,50.041877],[19.939999,50.041899],[19.940067,50.041908],[19.940012,50.042102],[19.94004,50.042105],[19.94003,50.042137],[19.940003,50.042133],[19.939974,50.042235],[19.940002,50.042238],[19.939993,50.04227],[19.939965,50.042266],[19.939944,50.042341],[19.939972,50.042344],[19.939954,50.042405],[19.939926,50.042401],[19.939903,50.042481],[19.939856,50.042475],[19.939849,50.042502],[19.939936,50.04255],[19.939983,50.042515],[19.940053,50.042553],[19.940011,50.042585],[19.940075,50.04262],[19.940069,50.042624],[19.940098,50.042639],[19.940145,50.042603],[19.940184,50.042624],[19.940213,50.042603],[19.940195,50.042593],[19.940282,50.042527],[19.9403,50.042537],[19.940321,50.042521],[19.940283,50.042499],[19.940316,50.042474],[19.940337,50.042487],[19.940386,50.042449],[19.940365,50.042437],[19.940422,50.042395],[19.940574,50.042477],[19.940522,50.042517],[19.940545,50.04253],[19.940491,50.042572],[19.940512,50.042584],[19.94048,50.042608],[19.940453,50.042593],[19.940404,50.04263],[19.940409,50.042633],[19.940383,50.042654],[19.940404,50.042666],[19.940372,50.04269],[19.94035,50.042678],[19.940301,50.042715],[19.940322,50.042727],[19.94029,50.042752],[19.940269,50.04274],[19.940169,50.042815],[19.940078,50.042765],[19.940096,50.042751],[19.939983,50.042689],[19.939965,50.042703],[19.939768,50.042594],[19.939786,50.04258],[19.93973,50.04255],[19.939711,50.042564],[19.939677,50.042545]]]}},{"type":"Feature","id":"w672189191","properties":{"type":"commercial","levels":4.0,"address":"Kalwaryjska 33","residential":false,"residents_est":0,"h3_10":"8a1e2e6b321ffff","h3_11":"8b1e2e6b321efff"},"geometry":{"type":"Polygon","coordinates":[[[19.943396,50.041551],[19.94386,50.041397],[19.943975,50.041545],[19.943799,50.041624],[19.943609,50.041734],[19.94365,50.041764],[19.943563,50.041809],[19.943535,50.041785],[19.943496,50.041737],[19.943466,50.041683],[19.943524,50.041664],[19.943497,50.041628],[19.943445,50.041644],[19.943396,50.041551]]]}},{"type":"Feature","id":"w677779373","properties":{"type":"yes","address":"Śliska 7","name":"Piedmont House","residential":true,"residents_est":2,"h3_10":"8a1e2e6b329ffff","h3_11":"8b1e2e6b329cfff"},"geometry":{"type":"Polygon","coordinates":[[[19.941057,50.039662],[19.941281,50.039556],[19.941402,50.039659],[19.941206,50.039761],[19.941057,50.039662]]]}},{"type":"Feature","id":"w677779376","properties":{"type":"garage","residential":false,"residents_est":0,"h3_10":"8a1e2e6b3297fff","h3_11":"8b1e2e6b3291fff"},"geometry":{"type":"Polygon","coordinates":[[[19.94047,50.039552],[19.940548,50.03953],[19.940567,50.039558],[19.940489,50.039579],[19.94047,50.039552]]]}},{"type":"Feature","id":"w678031161","properties":{"type":"apartments","levels":6.0,"residential":true,"residents_est":30,"h3_10":"8a1e2e6b338ffff","h3_11":"8b1e2e6b338dfff"},"geometry":{"type":"Polygon","coordinates":[[[19.940395,50.04294],[19.940552,50.042822],[19.940531,50.042809],[19.940556,50.042819],[19.94061,50.042779],[19.940626,50.042787],[19.940702,50.04273],[19.940686,50.042721],[19.940748,50.042674],[19.940861,50.042736],[19.940852,50.042744],[19.940893,50.042766],[19.940842,50.042806],[19.94083,50.042802],[19.940809,50.042817],[19.940834,50.042829],[19.940774,50.042875],[19.940759,50.042868],[19.940706,50.042909],[19.940694,50.042903],[19.940673,50.042919],[19.940696,50.042932],[19.940666,50.042956],[19.940822,50.043036],[19.940842,50.043021],[19.940914,50.04306],[19.940893,50.043076],[19.941034,50.043152],[19.941054,50.043138],[19.941118,50.043173],[19.94118,50.043127],[19.941193,50.043135],[19.941242,50.043098],[19.941325,50.043144],[19.941314,50.043145],[19.941272,50.043176],[19.941276,50.04318],[19.941271,50.043184],[19.941248,50.043172],[19.941194,50.043214],[19.941216,50.043226],[19.941203,50.043228],[19.941163,50.043259],[19.941167,50.043262],[19.941163,50.043266],[19.94104,50.0432],[19.940968,50.043254],[19.940961,50.04325],[19.94098,50.043236],[19.940869,50.043177],[19.940852,50.04319],[19.940618,50.043062],[19.940636,50.043048],[19.940539,50.042995],[19.940522,50.043009],[19.940395,50.04294]]]}},{"type":"Feature","id":"w679045917","properties":{"type":"roof","residential":false,"residents_est":0,"h3_10":"8a1e2e6b3207fff","h3_11":"8b1e2e6b3200fff"},"geometry":{"type":"Polygon","coordinates":[[[19.943811,50.042784],[19.943879,50.042728],[19.943998,50.04279],[19.943931,50.042843],[19.943811,50.042784]]]}},{"type":"Feature","id":"w679347369","properties":{"type":"apartments","levels":3.0,"residential":true,"residents_est":3,"h3_10":"8a1e2e6b324ffff","h3_11":"8b1e2e6b3248fff"},"geometry":{"type":"Polygon","coordinates":[[[19.950408,50.042561],[19.950434,50.04251],[19.950416,50.042507],[19.950427,50.042486],[19.950442,50.042489],[19.950452,50.042474],[19.950468,50.042479],[19.950507,50.042414],[19.950662,50.042449],[19.950563,50.0426],[19.950408,50.042561]]]}},{"type":"Feature","id":"w679347370","properties":{"type":"apartments","levels":2.0,"residential":true,"residents_est":2,"h3_10":"8a1e2e6b324ffff","h3_11":"8b1e2e6b3248fff"},"geometry":{"type":"Polygon","coordinates":[[[19.950317,50.042783],[19.950398,50.04266],[19.950375,50.042654],[19.950389,50.042633],[19.950412,50.042639],[19.95044,50.042588],[19.950378,50.042573],[19.950384,50.042561],[19.950447,50.042576],[19.95045,50.04257],[19.950563,50.0426],[19.95044,50.042812],[19.950317,50.042783]]]}},{"type":"Feature","id":"w679347371","properties":{"type":"apartments","levels":4.0,"residential":true,"residents_est":3,"h3_10":"8a1e2e6b324ffff","h3_11":"8b1e2e6b324cfff"},"geometry":{"type":"Polygon","coordinates":[[[19.950211,50.042885],[19.950232,50.042849],[19.950212,50.042842],[19.950229,50.042814],[19.950245,50.042819],[19.950273,50.042773],[19.95044,50.042812],[19.95037,50.042933],[19.950211,50.042885]]]}},{"type":"Feature","id":"w692570274","properties":{"type":"hotel","name":"Xerion Hotel","residential":false,"residents_est":0,"h3_10":"8a1e2e6b326ffff","h3_11":"8b1e2e6b326dfff"},"geometry":{"type":"Polygon","coordinates":[[[19.950509,50.044245],[19.950514,50.044151],[19.950579,50.044157],[19.950586,50.044173],[19.950709,50.044181],[19.950729,50.044169],[19.950762,50.044171],[19.950768,50.044129],[19.950735,50.044128],[19.950736,50.044111],[19.950753,50.044094],[19.950773,50.044094],[19.950775,50.044079],[19.950744,50.044078],[19.95073,50.044088],[19.950714,50.044075],[19.950585,50.044069],[19.950584,50.04408],[19.950517,50.044083],[19.95052,50.044009],[19.950918,50.044015],[19.950896,50.044251],[19.950509,50.044245]]]}},{"type":"Feature","id":"w702876409","properties":{"type":"yes","residential":false,"residents_est":0,"h3_10":"8a1e2e6b335ffff","h3_11":"8b1e2e6b3359fff"},"geometry":{"type":"Polygon","coordinates":[[[19.94735,50.044549],[19.947404,50.044518],[19.947418,50.044529],[19.947396,50.044542],[19.947405,50.044549],[19.947432,50.044551],[19.947378,50.044575],[19.94735,50.044549]]]}},{"type":"Feature","id":"w702876410","properties":{"type":"yes","residential":false,"residents_est":0,"h3_10":"8a1e2e6b335ffff","h3_11":"8b1e2e6b335cfff"},"geometry":{"type":"Polygon","coordinates":[[[19.946728,50.04463],[19.946765,50.044609],[19.946812,50.044643],[19.946775,50.044664],[19.946728,50.04463]]]}},{"type":"Feature","id":"w702876411","properties":{"type":"yes","residential":false,"residents_est":0,"h3_10":"8a1e2e6b322ffff","h3_11":"8b1e2e6b322dfff"},"geometry":{"type":"Polygon","coordinates":[[[19.945863,50.044179],[19.945936,50.044129],[19.945975,50.044165],[19.945894,50.044199],[19.945863,50.044179]]]}},{"type":"Feature","id":"w702876412","properties":{"type":"yes","residential":false,"residents_est":0,"h3_10":"8a1e2e6b3207fff","h3_11":"8b1e2e6b3203fff"},"geometry":{"type":"Polygon","coordinates":[[[19.94414,50.042711],[19.944203,50.042662],[19.944263,50.042693],[19.944198,50.042742],[19.94414,50.042711]]]}},{"type":"Feature","id":"w702876413","properties":{"type":"yes","levels":2.0,"residential":true,"residents_est":1,"h3_10":"8a1e2e6b3207fff","h3_11":"8b1e2e6b3202fff"},"geometry":{"type":"Polygon","coordinates":[[[19.943371,50.042701],[19.943487,50.042598],[19.943653,50.042679],[19.94362,50.042696],[19.943524,50.04265],[19.943497,50.042673],[19.943545,50.042697],[19.943566,50.042681],[19.943596,50.042697],[19.94358,50.042711],[19.943602,50.042721],[19.943524,50.042793],[19.943417,50.042743],[19.943429,50.04273],[19.943371,50.042701]]]}},{"type":"Feature","id":"w702876414","properties":{"type":"yes","residential":true,"residents_est":1,"h3_10":"8a1e2e6b3217fff","h3_11":"8b1e2e6b3216fff"},"geometry":{"type":"Polygon","coordinates":[[[19.941913,50.042163],[19.941986,50.042112],[19.942071,50.042153],[19.94215,50.042098],[19.942173,50.042115],[19.942166,50.042119],[19.942236,50.042159],[19.942036,50.042227],[19.941913,50.042163]]]}},{"type":"Feature","id":"w702876421","properties":{"type":"yes","levels":4.0,"address":"Krzemionki 24","residential":true,"residents_est":4,"h3_10":"8a1e2e6b32f7fff","h3_11":"8b1e2e6b32f1fff"},"geometry":{"type":"Polygon","coordinates":[[[19.945068,50.040687],[19.945195,50.040658],[19.945142,50.040591],[19.94526,50.040528],[19.94536,50.040614],[19.945433,50.040754],[19.945265,50.040794],[19.945249,50.040761],[19.94512,50.040788],[19.945068,50.040687]]]}},{"type":"Feature","id":"w709591217","properties":{"type":"yes","residential":false,"residents_est":0,"h3_10":"8a1e2e6b335ffff","h3_11":"8b1e2e6b335afff"},"geometry":{"type":"Polygon","coordinates":[[[19.946565,50.043837],[19.946593,50.043814],[19.946649,50.043843],[19.946621,50.043866],[19.946565,50.043837]]]}},{"type":"Feature","id":"w709591219","properties":{"type":"yes","residential":true,"residents_est":5,"h3_10":"8a1e2e6b3287fff","h3_11":"8b1e2e6b3282fff"},"geometry":{"type":"Polygon","coordinates":[[[19.94115,50.039914],[19.941296,50.03986],[19.941636,50.040249],[19.941485,50.040302],[19.94115,50.039914]]]}},{"type":"Feature","id":"w709591220","properties":{"type":"yes","residential":true,"residents_est":3,"h3_10":"8a1e2e6b3287fff","h3_11":"8b1e2e6b3281fff"},"geometry":{"type":"Polygon","coordinates":[[[19.941783,50.040303],[19.942126,50.040217],[19.942191,50.040334],[19.941871,50.040411],[19.941783,50.040303]]]}},{"type":"Feature","id":"w709591222","properties":{"type":"yes","residential":true,"residents_est":4,"h3_10":"8a1e2e6b3287fff","h3_11":"8b1e2e6b3283fff"},"geometry":{"type":"Polygon","coordinates":[[[19.941365,50.039786],[19.941459,50.039723],[19.94151,50.039755],[19.941587,50.039703],[19.941643,50.039737],[19.941696,50.039702],[19.941749,50.039734],[19.941784,50.039711],[19.941778,50.039701],[19.941785,50.0397],[19.941825,50.039765],[19.941536,50.039957],[19.941453,50.039861],[19.94147,50.039849],[19.941365,50.039786]]]}},{"type":"Feature","id":"w875912037","properties":{"type":"yes","residential":false,"residents_est":0,"h3_10":"8a1e2e6b3217fff","h3_11":"8b1e2e6b3214fff"},"geometry":{"type":"Polygon","coordinates":[[[19.942026,50.042312],[19.942056,50.042287],[19.942104,50.042313],[19.942073,50.042338],[19.942026,50.042312]]]}},{"type":"Feature","id":"w878939280","properties":{"type":"apartments","levels":4.0,"address":"Kalwaryjska 52","residential":true,"residents_est":5,"h3_10":"8a1e2e6b32affff","h3_11":"8b1e2e6b32aafff"},"geometry":{"type":"Polygon","coordinates":[[[19.942292,50.040488],[19.942424,50.040404],[19.942519,50.040579],[19.942487,50.040587],[19.942515,50.040635],[19.942391,50.040663],[19.942292,50.040488]]]}},{"type":"Feature","id":"w878939281","properties":{"type":"apartments","address":"Kalwaryjska 68","residential":true,"residents_est":4,"h3_10":"8a1e2e6b329ffff","h3_11":"8b1e2e6b3298fff"},"geometry":{"type":"Polygon","coordinates":[[[19.941691,50.039381],[19.941805,50.039324],[19.941902,50.039501],[19.941758,50.03954],[19.941727,50.039485],[19.941732,50.039482],[19.941724,50.039475],[19.941704,50.039391],[19.941691,50.039381]]]}},{"type":"Feature","id":"w878950075","properties":{"type":"service","residential":false,"residents_est":0,"h3_10":"8a1e2e6b32f7fff","h3_11":"8b1e2e6b32f5fff"},"geometry":{"type":"Polygon","coordinates":[[[19.944612,50.041089],[19.944702,50.041038],[19.944757,50.041079],[19.944665,50.041129],[19.944612,50.041089]]]}},{"type":"Feature","id":"w1131926391","properties":{"type":"yes","residential":true,"residents_est":1,"h3_10":"8a1e2e6b32dffff","h3_11":"8b1e2e6b32dafff"},"geometry":{"type":"Polygon","coordinates":[[[19.946135,50.038939],[19.94623,50.038808],[19.946367,50.038857],[19.946291,50.038898],[19.946286,50.038894],[19.946232,50.038927],[19.946248,50.038927],[19.946311,50.038989],[19.946395,50.039038],[19.946394,50.039043],[19.946135,50.038939]]]}},{"type":"Feature","id":"w1131926402","properties":{"type":"guardhouse","residential":false,"residents_est":0,"h3_10":"8a1e2e6b32dffff","h3_11":"8b1e2e6b32d8fff"},"geometry":{"type":"Polygon","coordinates":[[[19.946838,50.039128],[19.946889,50.039113],[19.946916,50.039148],[19.946866,50.039164],[19.946838,50.039128]]]}},{"type":"Feature","id":"w1214631379","properties":{"type":"apartments","levels":5.0,"address":"Jana Zamoyskiego 30","residential":true,"residents_est":11,"h3_10":"8a1e2e6b32e7fff","h3_11":"8b1e2e6b32e4fff"},"geometry":{"type":"Polygon","coordinates":[[[19.945492,50.041814],[19.945578,50.041744],[19.945697,50.041827],[19.945798,50.041772],[19.94577,50.041749],[19.945827,50.041714],[19.945776,50.041649],[19.94578,50.041626],[19.945905,50.041584],[19.946023,50.041746],[19.945819,50.041853],[19.945695,50.041939],[19.945492,50.041814]]]}},{"type":"Feature","id":"r16928244","properties":{"type":"school","levels":4.0,"address":"Krzemionki 11","residential":false,"residents_est":0,"h3_10":"8a1e2e6b32e7fff","h3_11":"8b1e2e6b32e3fff"},"geometry":{"type":"Polygon","coordinates":[[[19.945884,50.040947],[19.946291,50.040857],[19.946342,50.040949],[19.946084,50.041005],[19.94612,50.04108],[19.946128,50.041078],[19.946136,50.041094],[19.946211,50.041078],[19.946224,50.041105],[19.946251,50.041099],[19.946279,50.041154],[19.946254,50.04116],[19.946266,50.041185],[19.946188,50.041203],[19.946208,50.041226],[19.946198,50.041228],[19.946233,50.041294],[19.946722,50.041186],[19.946715,50.041172],[19.946776,50.041159],[19.946783,50.041173],[19.946935,50.041143],[19.946986,50.041236],[19.946644,50.041314],[19.94664,50.041308],[19.946225,50.041402],[19.946128,50.041418],[19.946047,50.041259],[19.946032,50.041262],[19.945955,50.04111],[19.945968,50.041106],[19.945884,50.040947]]]}},{"type":"Feature","id":"w1248934247","properties":{"type":"yes","residential":false,"residents_est":0,"h3_10":"8a1e2e6b3247fff","h3_11":"8b1e2e6b3242fff"},"geometry":{"type":"Polygon","coordinates":[[[19.948625,50.042487],[19.948629,50.042467],[19.948643,50.04245],[19.948664,50.042437],[19.948719,50.042426],[19.948774,50.042439],[19.948794,50.042453],[19.948806,50.04247],[19.948809,50.042489],[19.948802,50.042507],[19.948786,50.042524],[19.948762,50.042537],[19.948701,50.042544],[19.948647,50.042524],[19.948631,50.042507],[19.948625,50.042487]]]}},{"type":"Feature","id":"w1284717363","properties":{"type":"yes","residential":true,"residents_est":0,"h3_10":"8a1e2e6b325ffff","h3_11":"8b1e2e6b3259fff"},"geometry":{"type":"Polygon","coordinates":[[[19.949881,50.041834],[19.950021,50.041785],[19.950074,50.041848],[19.949934,50.041897],[19.949881,50.041834]]]}},{"type":"Feature","id":"w1306739364","properties":{"type":"yes","residential":true,"residents_est":4,"h3_10":"8a1e2e6b336ffff","h3_11":"8b1e2e6b336bfff"},"geometry":{"type":"Polygon","coordinates":[[[19.948293,50.045641],[19.948426,50.045627],[19.948439,50.045685],[19.948626,50.045663],[19.948666,50.045842],[19.948344,50.045876],[19.948342,50.045848],[19.948335,50.045837],[19.94834,50.045837],[19.948329,50.045809],[19.948334,50.045808],[19.948293,50.045641]]]}},{"type":"Feature","id":"w1362714912","properties":{"type":"service","residential":false,"residents_est":0,"h3_10":"8a1e2e6b33a7fff","h3_11":"8b1e2e6b33a1fff"},"geometry":{"type":"Polygon","coordinates":[[[19.939513,50.044101],[19.939584,50.044096],[19.939592,50.044142],[19.939521,50.044148],[19.939513,50.044101]]]}},{"type":"Feature","id":"w1363389758","properties":{"type":"yes","levels":4.0,"address":"Jana Zamoyskiego 20","residential":true,"residents_est":2,"h3_10":"8a1e2e6b3257fff","h3_11":"8b1e2e6b3254fff"},"geometry":{"type":"Polygon","coordinates":[[[19.94685,50.04249],[19.946972,50.042382],[19.94697,50.042393],[19.946989,50.042402],[19.946993,50.042398],[19.947087,50.042443],[19.947082,50.042447],[19.9471,50.042456],[19.947116,50.042451],[19.946993,50.04256],[19.94685,50.04249]]]}},{"type":"Feature","id":"w1363389759","properties":{"type":"office","levels":4.0,"address":"Jana Zamoyskiego 22","residential":false,"residents_est":0,"h3_10":"8a1e2e6b3257fff","h3_11":"8b1e2e6b3256fff"},"geometry":{"type":"Polygon","coordinates":[[[19.946705,50.042421],[19.94683,50.042314],[19.946828,50.042325],[19.946848,50.042334],[19.946852,50.04233],[19.946946,50.042375],[19.946941,50.042379],[19.946966,50.042387],[19.94685,50.04249],[19.946705,50.042421]]]}},{"type":"Feature","id":"w1415010103","properties":{"type":"yes","name":"Mech Cafe","residential":false,"residents_est":0,"h3_10":"8a1e2e6b325ffff","h3_11":"8b1e2e6b325efff"},"geometry":{"type":"Polygon","coordinates":[[[19.948333,50.041679],[19.948342,50.041664],[19.948375,50.041654],[19.948407,50.041665],[19.948414,50.041681],[19.948405,50.041696],[19.948372,50.041706],[19.94834,50.041695],[19.948333,50.041679]]]}},{"type":"Feature","id":"r21094621","properties":{"type":"yes","address":"Jana Zamoyskiego 50","name":"Teatr KTO","residential":false,"residents_est":0,"h3_10":"8a1e2e6b32f7fff","h3_11":"8b1e2e6b32f6fff"},"geometry":{"type":"Polygon","coordinates":[[[19.943768,50.040496],[19.943999,50.040359],[19.944013,50.04036],[19.944073,50.040324],[19.944278,50.04046],[19.943976,50.04064],[19.943971,50.040636],[19.943994,50.040623],[19.94395,50.040593],[19.943926,50.040607],[19.943768,50.040496]],[[19.944091,50.040533],[19.944127,50.040525],[19.944143,50.040535],[19.944219,50.040489],[19.944195,50.040472],[19.944091,50.040533]]]}},{"type":"Feature","id":"w1537969471","properties":{"type":"yes","residential":false,"residents_est":0,"h3_10":"8a1e2e6b32f7fff","h3_11":"8b1e2e6b32f2fff"},"geometry":{"type":"Polygon","coordinates":[[[19.944192,50.040403],[19.944264,50.040358],[19.944352,50.040418],[19.944278,50.04046],[19.944192,50.040403]]]}}]}