{"type":"FeatureCollection","features":[{"type":"Feature","id":"w43321493","properties":{"type":"terrace","levels":3.0,"residential":true,"residents_est":35,"h3_10":"8a1e2e79b167fff","h3_11":"8b1e2e79b163fff"},"geometry":{"type":"Polygon","coordinates":[[[19.917183,50.102551],[19.917243,50.10249],[19.917332,50.102527],[19.917381,50.102478],[19.917291,50.102441],[19.91735,50.102381],[19.91744,50.102418],[19.91749,50.102367],[19.9174,50.10233],[19.91746,50.10227],[19.91755,50.102307],[19.917599,50.102258],[19.917508,50.102221],[19.917568,50.10216],[19.917659,50.102198],[19.917686,50.102171],[19.917821,50.102227],[19.917518,50.102527],[19.917522,50.102528],[19.917382,50.102671],[19.917246,50.102615],[19.917273,50.102588],[19.917183,50.102551]]]}},{"type":"Feature","id":"w231346735","properties":{"type":"yes","address":"Władysława Łokietka 135","residential":true,"residents_est":16,"h3_10":"8a1e2e79b0affff","h3_11":"8b1e2e79b0abfff"},"geometry":{"type":"Polygon","coordinates":[[[19.914038,50.097118],[19.914048,50.097101],[19.914095,50.097074],[19.91412,50.09707],[19.914166,50.097075],[19.914628,50.097004],[19.914659,50.096987],[19.914694,50.09698],[19.914754,50.096989],[19.914783,50.097009],[19.914795,50.097027],[19.914796,50.097048],[19.914784,50.097071],[19.914758,50.097091],[19.914722,50.0971],[19.91468,50.0971],[19.914686,50.097109],[19.914637,50.097117],[19.914629,50.097101],[19.914457,50.097128],[19.914464,50.097145],[19.914417,50.097152],[19.914411,50.097135],[19.914237,50.097163],[19.914243,50.097179],[19.914199,50.097186],[19.914195,50.097176],[19.914155,50.097189],[19.914118,50.097191],[19.914078,50.097182],[19.914058,50.097169],[19.914038,50.097144],[19.914038,50.097118]]]}},{"type":"Feature","id":"w231346736","properties":{"type":"yes","address":"Władysława Łokietka 135a","residential":true,"residents_est":20,"h3_10":"8a1e2e79b0f7fff","h3_11":"8b1e2e79b0f2fff"},"geometry":{"type":"Polygon","coordinates":[[[19.914931,50.096881],[19.914942,50.096859],[19.91497,50.096839],[19.914993,50.096832],[19.915063,50.096834],[19.915726,50.09673],[19.915747,50.096714],[19.915776,50.096705],[19.915854,50.096715],[19.915875,50.096727],[19.915894,50.096751],[19.915896,50.096773],[19.915885,50.096797],[19.915838,50.096825],[19.915778,50.096825],[19.915782,50.096835],[19.915739,50.096842],[19.915733,50.096826],[19.915557,50.096854],[19.915562,50.09687],[19.915519,50.096877],[19.915512,50.096861],[19.91535,50.096887],[19.915355,50.096903],[19.915313,50.09691],[19.915306,50.096894],[19.91513,50.096921],[19.915136,50.096938],[19.915092,50.096945],[19.915088,50.096935],[19.915037,50.09695],[19.914973,50.09694],[19.914947,50.096924],[19.914933,50.096904],[19.914931,50.096881]]]}},{"type":"Feature","id":"w231346737","properties":{"type":"yes","address":"Władysława Łokietka 141","residential":true,"residents_est":15,"h3_10":"8a1e2e79b0affff","h3_11":"8b1e2e79b0a8fff"},"geometry":{"type":"Polygon","coordinates":[[[19.914086,50.09734],[19.914673,50.097215],[19.91473,50.097326],[19.914142,50.097451],[19.914086,50.09734]]]}},{"type":"Feature","id":"w231346738","properties":{"type":"industrial","address":"Władysława Łokietka 155","name":"Euro-Trade","residential":false,"residents_est":0,"h3_10":"8a1e2e79b017fff","h3_11":"8b1e2e79b016fff"},"geometry":{"type":"Polygon","coordinates":[[[19.912617,50.098425],[19.913437,50.098291],[19.913521,50.098505],[19.91344,50.098518],[19.913481,50.098623],[19.912743,50.098743],[19.912617,50.098425]]]}},{"type":"Feature","id":"w231346744","properties":{"type":"detached","address":"Orlich Gniazd 30","residential":true,"residents_est":3,"h3_10":"8a1e2e79b19ffff","h3_11":"8b1e2e79b19afff"},"geometry":{"type":"Polygon","coordinates":[[[19.910438,50.09773],[19.910552,50.097642],[19.910579,50.097656],[19.910594,50.097645],[19.910637,50.097668],[19.910623,50.097679],[19.910635,50.097685],[19.910519,50.097774],[19.910438,50.09773]]]}},{"type":"Feature","id":"w231346754","properties":{"type":"detached","address":"Chabrowa 26","residential":true,"residents_est":2,"h3_10":"8a1e2e79b197fff","h3_11":"8b1e2e79b190fff"},"geometry":{"type":"Polygon","coordinates":[[[19.908917,50.098513],[19.908973,50.098504],[19.908964,50.098484],[19.909005,50.098482],[19.909011,50.098498],[19.90911,50.098483],[19.909129,50.098529],[19.908938,50.09856],[19.908917,50.098513]]]}},{"type":"Feature","id":"w231346755","properties":{"type":"yes","address":"Bukietowa 6","residential":true,"residents_est":2,"h3_10":"8a1e2e79b09ffff","h3_11":"8b1e2e79b09bfff"},"geometry":{"type":"Polygon","coordinates":[[[19.913083,50.095091],[19.913104,50.095066],[19.913086,50.09506],[19.913126,50.095011],[19.913347,50.095083],[19.913326,50.095109],[19.913245,50.095081],[19.913227,50.095104],[19.913235,50.095107],[19.913214,50.095134],[19.913083,50.095091]]]}},{"type":"Feature","id":"w231346765","properties":{"type":"yes","address":"Władysława Łokietka 133a","residential":true,"residents_est":1,"h3_10":"8a1e2e79b0affff","h3_11":"8b1e2e79b0abfff"},"geometry":{"type":"Polygon","coordinates":[[[19.914341,50.096904],[19.914431,50.096891],[19.914426,50.096878],[19.9145,50.096867],[19.914521,50.096927],[19.914411,50.096942],[19.914417,50.096956],[19.914366,50.096964],[19.914341,50.096904]]]}},{"type":"Feature","id":"w231346773","properties":{"type":"detached","address":"Orlich Gniazd 32","residential":true,"residents_est":4,"h3_10":"8a1e2e79b19ffff","h3_11":"8b1e2e79b19afff"},"geometry":{"type":"Polygon","coordinates":[[[19.910201,50.097895],[19.910294,50.097811],[19.910315,50.09782],[19.910329,50.097808],[19.91035,50.097817],[19.910371,50.097798],[19.910453,50.097836],[19.91037,50.097911],[19.910325,50.097891],[19.910281,50.097931],[19.910201,50.097895]]]}},{"type":"Feature","id":"w231346774","properties":{"type":"detached","address":"Orlich Gniazd 10","residential":true,"residents_est":5,"h3_10":"8a1e2e79b0b7fff","h3_11":"8b1e2e79b0b5fff"},"geometry":{"type":"Polygon","coordinates":[[[19.911177,50.097539],[19.911271,50.097529],[19.911271,50.097535],[19.911319,50.097533],[19.911336,50.097717],[19.911232,50.097721],[19.911224,50.097637],[19.911186,50.097639],[19.911177,50.097539]]]}},{"type":"Feature","id":"w231346777","properties":{"type":"yes","address":"Władysława Łokietka 167a","residential":true,"residents_est":1,"h3_10":"8a1e2e79b1affff","h3_11":"8b1e2e79b1a8fff"},"geometry":{"type":"Polygon","coordinates":[[[19.911414,50.099881],[19.911451,50.099875],[19.911443,50.099855],[19.911543,50.09984],[19.91155,50.099859],[19.911579,50.099855],[19.911604,50.099919],[19.911483,50.099938],[19.911477,50.099923],[19.91143,50.099929],[19.911414,50.099881]]]}},{"type":"Feature","id":"w231346781","properties":{"type":"yes","address":"Władysława Łokietka 133","residential":true,"residents_est":0,"h3_10":"8a1e2e79b0affff","h3_11":"8b1e2e79b0aafff"},"geometry":{"type":"Polygon","coordinates":[[[19.913774,50.096979],[19.913912,50.096957],[19.91394,50.097021],[19.913899,50.097028],[19.913911,50.097054],[19.913816,50.097071],[19.913774,50.096979]]]}},{"type":"Feature","id":"w231346811","properties":{"type":"yes","address":"Chabrowa 22","residential":true,"residents_est":1,"h3_10":"8a1e2e79b197fff","h3_11":"8b1e2e79b191fff"},"geometry":{"type":"Polygon","coordinates":[[[19.90946,50.098354],[19.909584,50.09834],[19.909605,50.098417],[19.909566,50.098422],[19.909571,50.098438],[19.909537,50.098442],[19.909532,50.098426],[19.909483,50.098431],[19.90946,50.098354]]]}},{"type":"Feature","id":"w231346815","properties":{"type":"detached","address":"Orlich Gniazd 21","residential":true,"residents_est":3,"h3_10":"8a1e2e79b0b7fff","h3_11":"8b1e2e79b0b0fff"},"geometry":{"type":"Polygon","coordinates":[[[19.910746,50.097015],[19.910778,50.096993],[19.910769,50.096988],[19.910851,50.09693],[19.910885,50.096949],[19.910895,50.096942],[19.910962,50.096981],[19.910873,50.097044],[19.910904,50.097062],[19.910869,50.097087],[19.910746,50.097015]]]}},{"type":"Feature","id":"w231346816","properties":{"type":"yes","address":"Władysława Łokietka 173","residential":true,"residents_est":1,"h3_10":"8a1e2e79b1a7fff","h3_11":"8b1e2e79b1a5fff"},"geometry":{"type":"Polygon","coordinates":[[[19.910412,50.100825],[19.910594,50.100795],[19.910629,50.100864],[19.910443,50.100896],[19.910412,50.100825]]]}},{"type":"Feature","id":"w231346837","properties":{"type":"detached","residential":true,"residents_est":4,"h3_10":"8a1e2e79b18ffff","h3_11":"8b1e2e79b18afff"},"geometry":{"type":"Polygon","coordinates":[[[19.911765,50.098463],[19.911818,50.098363],[19.911962,50.098394],[19.911971,50.09841],[19.911925,50.098497],[19.911836,50.098478],[19.91183,50.098494],[19.911807,50.098489],[19.911813,50.098474],[19.911765,50.098463]]]}},{"type":"Feature","id":"w231346838","properties":{"type":"yes","address":"Władysława Łokietka 139","residential":true,"residents_est":2,"h3_10":"8a1e2e79b0a7fff","h3_11":"8b1e2e79b0a1fff"},"geometry":{"type":"Polygon","coordinates":[[[19.913078,50.097561],[19.913109,50.097557],[19.913097,50.097523],[19.913236,50.097503],[19.913267,50.097601],[19.913131,50.09762],[19.913119,50.097587],[19.913088,50.097592],[19.913078,50.097561]]]}},{"type":"Feature","id":"w231346852","properties":{"type":"detached","address":"Chabrowa 21","residential":true,"residents_est":3,"h3_10":"8a1e2e79b197fff","h3_11":"8b1e2e79b193fff"},"geometry":{"type":"Polygon","coordinates":[[[19.909343,50.098068],[19.909431,50.098058],[19.909434,50.098068],[19.909477,50.098063],[19.909504,50.098161],[19.909417,50.098166],[19.90943,50.098215],[19.909386,50.09822],[19.909343,50.098068]]]}},{"type":"Feature","id":"w231346858","properties":{"type":"detached","address":"Orlich Gniazd 23","residential":true,"residents_est":3,"h3_10":"8a1e2e79b0b7fff","h3_11":"8b1e2e79b0b4fff"},"geometry":{"type":"Polygon","coordinates":[[[19.91043,50.097226],[19.910517,50.097164],[19.910549,50.097182],[19.910567,50.097177],[19.910602,50.097196],[19.910598,50.097208],[19.910631,50.097226],[19.910508,50.097319],[19.910435,50.097279],[19.910472,50.097251],[19.91043,50.097226]]]}},{"type":"Feature","id":"w231346866","properties":{"type":"yes","address":"Chabrowa 20","residential":true,"residents_est":1,"h3_10":"8a1e2e79b197fff","h3_11":"8b1e2e79b191fff"},"geometry":{"type":"Polygon","coordinates":[[[19.909597,50.098383],[19.909621,50.09838],[19.909629,50.098407],[19.90976,50.098393],[19.909772,50.098439],[19.909617,50.098457],[19.909597,50.098383]]]}},{"type":"Feature","id":"w231346869","properties":{"type":"detached","address":"Chabrowa 1","residential":true,"residents_est":4,"h3_10":"8a1e2e79b19ffff","h3_11":"8b1e2e79b199fff"},"geometry":{"type":"Polygon","coordinates":[[[19.911418,50.098159],[19.91142,50.098095],[19.911467,50.098095],[19.911469,50.098056],[19.911579,50.098058],[19.911597,50.098047],[19.911621,50.098047],[19.911634,50.09806],[19.911633,50.098078],[19.911621,50.098083],[19.911618,50.098148],[19.911472,50.098146],[19.911471,50.09816],[19.911418,50.098159]]]}},{"type":"Feature","id":"w231346878","properties":{"type":"yes","address":"Chabrowa 7","residential":true,"residents_est":2,"h3_10":"8a1e2e79b19ffff","h3_11":"8b1e2e79b19bfff"},"geometry":{"type":"Polygon","coordinates":[[[19.91068,50.097912],[19.910686,50.097809],[19.910852,50.097812],[19.910849,50.097865],[19.910865,50.097866],[19.910865,50.097852],[19.910907,50.097853],[19.910904,50.097916],[19.910791,50.097914],[19.91079,50.097929],[19.910748,50.097928],[19.910749,50.097913],[19.91068,50.097912]]]}},{"type":"Feature","id":"w231346893","properties":{"type":"yes","address":"Jordanowska 9","residential":true,"residents_est":2,"h3_10":"8a1e2e79b09ffff","h3_11":"8b1e2e79b09afff"},"geometry":{"type":"Polygon","coordinates":[[[19.912534,50.095035],[19.912566,50.094987],[19.912583,50.094992],[19.912605,50.094958],[19.912765,50.095002],[19.912742,50.095036],[19.912758,50.095041],[19.912727,50.095088],[19.912707,50.095088],[19.912547,50.095045],[19.91255,50.09504],[19.912534,50.095035]]]}},{"type":"Feature","id":"w231346896","properties":{"type":"yes","address":"Chabrowa 11","residential":true,"residents_est":2,"h3_10":"8a1e2e79b19ffff","h3_11":"8b1e2e79b198fff"},"geometry":{"type":"Polygon","coordinates":[[[19.910538,50.098124],[19.910542,50.098027],[19.910547,50.098027],[19.910546,50.098042],[19.910579,50.098042],[19.91058,50.098029],[19.910668,50.09803],[19.910663,50.098181],[19.910624,50.09818],[19.910627,50.098123],[19.910538,50.098124]]]}},{"type":"Feature","id":"w231346904","properties":{"type":"house","address":"Chabrowa 19","residential":true,"residents_est":3,"h3_10":"8a1e2e79b19ffff","h3_11":"8b1e2e79b19efff"},"geometry":{"type":"Polygon","coordinates":[[[19.909586,50.098065],[19.909591,50.098064],[19.909595,50.098078],[19.909634,50.098073],[19.90963,50.098061],[19.909714,50.098052],[19.909757,50.098205],[19.90971,50.09821],[19.909695,50.098152],[19.909613,50.098165],[19.909586,50.098065]]]}},{"type":"Feature","id":"w231346907","properties":{"type":"house","address":"Chabrowa 17","residential":true,"residents_est":3,"h3_10":"8a1e2e79b19ffff","h3_11":"8b1e2e79b19efff"},"geometry":{"type":"Polygon","coordinates":[[[19.909714,50.098052],[19.909799,50.098042],[19.909802,50.098055],[19.90984,50.098051],[19.909836,50.098037],[19.909841,50.098037],[19.909868,50.098138],[19.909785,50.098142],[19.9098,50.0982],[19.909757,50.098205],[19.909714,50.098052]]]}},{"type":"Feature","id":"w231346911","properties":{"type":"detached","address":"Orlich Gniazd 25","residential":true,"residents_est":4,"h3_10":"8a1e2e79b0b7fff","h3_11":"8b1e2e79b0b6fff"},"geometry":{"type":"Polygon","coordinates":[[[19.910137,50.097125],[19.910288,50.097021],[19.910275,50.097034],[19.910383,50.097095],[19.910402,50.097085],[19.910249,50.0972],[19.910163,50.097155],[19.910174,50.097147],[19.910137,50.097125]]]}},{"type":"Feature","id":"w231346937","properties":{"type":"yes","address":"Władysława Łokietka 169","residential":true,"residents_est":3,"h3_10":"8a1e2e79b1affff","h3_11":"8b1e2e79b1a8fff"},"geometry":{"type":"Polygon","coordinates":[[[19.911599,50.100133],[19.911643,50.100126],[19.911629,50.100091],[19.911809,50.100062],[19.911825,50.100102],[19.911764,50.100112],[19.911809,50.10023],[19.911647,50.100256],[19.911632,50.100218],[19.911624,50.100215],[19.911599,50.100133]]]}},{"type":"Feature","id":"w231346938","properties":{"type":"yes","address":"Bukietowa 2","residential":true,"residents_est":1,"h3_10":"8a1e2e79b09ffff","h3_11":"8b1e2e79b09bfff"},"geometry":{"type":"Polygon","coordinates":[[[19.912976,50.095244],[19.91298,50.095239],[19.912998,50.095244],[19.913014,50.095223],[19.912998,50.095217],[19.913035,50.09517],[19.913249,50.09524],[19.913228,50.095266],[19.913145,50.095237],[19.91311,50.095287],[19.912976,50.095244]]]}},{"type":"Feature","id":"w231346943","properties":{"type":"yes","address":"Chabrowa 13","residential":true,"residents_est":2,"h3_10":"8a1e2e79b19ffff","h3_11":"8b1e2e79b198fff"},"geometry":{"type":"Polygon","coordinates":[[[19.910278,50.098025],[19.910366,50.098023],[19.910367,50.098036],[19.910404,50.098036],[19.910403,50.098022],[19.910409,50.098022],[19.910413,50.098124],[19.910363,50.098125],[19.910363,50.098132],[19.910329,50.098133],[19.910331,50.098179],[19.910288,50.098179],[19.910278,50.098025]]]}},{"type":"Feature","id":"w231346949","properties":{"type":"yes","address":"Chabrowa 9","residential":true,"residents_est":2,"h3_10":"8a1e2e79b19ffff","h3_11":"8b1e2e79b198fff"},"geometry":{"type":"Polygon","coordinates":[[[19.910663,50.098181],[19.910668,50.09803],[19.910802,50.098033],[19.910806,50.098103],[19.910798,50.098107],[19.910796,50.098132],[19.910713,50.098127],[19.91071,50.098182],[19.910663,50.098181]]]}},{"type":"Feature","id":"w231346967","properties":{"type":"house","address":"Orlich Gniazd 16","residential":true,"residents_est":3,"h3_10":"8a1e2e79b0a7fff","h3_11":"8b1e2e79b0a6fff"},"geometry":{"type":"Polygon","coordinates":[[[19.9116,50.097489],[19.911691,50.097486],[19.911691,50.0975],[19.911733,50.097498],[19.911732,50.097485],[19.911739,50.097484],[19.911748,50.097585],[19.911684,50.097588],[19.911683,50.097581],[19.911656,50.097583],[19.91166,50.097637],[19.911613,50.097638],[19.9116,50.097489]]]}},{"type":"Feature","id":"w231346968","properties":{"type":"yes","address":"Władysława Łokietka 165a","residential":true,"residents_est":2,"h3_10":"8a1e2e79b1affff","h3_11":"8b1e2e79b1abfff"},"geometry":{"type":"Polygon","coordinates":[[[19.911766,50.099546],[19.911851,50.099534],[19.911839,50.099499],[19.911929,50.099486],[19.911951,50.099548],[19.912002,50.099541],[19.912019,50.099591],[19.911963,50.0996],[19.911957,50.099582],[19.911885,50.099593],[19.911869,50.099611],[19.911841,50.0996],[19.911788,50.099608],[19.911766,50.099546]]]}},{"type":"Feature","id":"w231346969","properties":{"type":"house","address":"Orlich Gniazd 14","residential":true,"residents_est":3,"h3_10":"8a1e2e79b0a7fff","h3_11":"8b1e2e79b0a6fff"},"geometry":{"type":"Polygon","coordinates":[[[19.911469,50.0975],[19.911475,50.0975],[19.911476,50.097515],[19.911516,50.097514],[19.911514,50.097496],[19.9116,50.097493],[19.911614,50.097643],[19.911568,50.097645],[19.911563,50.097589],[19.911478,50.097597],[19.911469,50.0975]]]}},{"type":"Feature","id":"w231346979","properties":{"type":"yes","address":"Bukietowa 5","residential":true,"residents_est":2,"h3_10":"8a1e2e79b09ffff","h3_11":"8b1e2e79b09bfff"},"geometry":{"type":"Polygon","coordinates":[[[19.913539,50.09518],[19.913561,50.095151],[19.91357,50.095153],[19.913584,50.095134],[19.913576,50.095131],[19.913598,50.095102],[19.913607,50.095105],[19.913624,50.095081],[19.913705,50.095105],[19.913687,50.09513],[19.91374,50.095146],[19.9137,50.0952],[19.913679,50.095194],[19.913661,50.095218],[19.913539,50.09518]]]}},{"type":"Feature","id":"w231346985","properties":{"type":"house","address":"Władysława Łokietka 165","residential":true,"residents_est":3,"h3_10":"8a1e2e79b1affff","h3_11":"8b1e2e79b1aafff"},"geometry":{"type":"Polygon","coordinates":[[[19.911423,50.09955],[19.911505,50.099539],[19.911513,50.099564],[19.911557,50.099557],[19.911561,50.099568],[19.911622,50.099559],[19.911644,50.099623],[19.911601,50.099629],[19.911609,50.099656],[19.911527,50.099667],[19.911512,50.099625],[19.911485,50.099628],[19.911469,50.099584],[19.911434,50.099588],[19.911423,50.09955]]]}},{"type":"Feature","id":"w231346991","properties":{"type":"yes","address":"Bukietowa 4","residential":true,"residents_est":2,"h3_10":"8a1e2e79b09ffff","h3_11":"8b1e2e79b09bfff"},"geometry":{"type":"Polygon","coordinates":[[[19.913035,50.09517],[19.913078,50.095116],[19.913086,50.095119],[19.913102,50.095099],[19.913064,50.095085],[19.913227,50.095139],[19.913187,50.095187],[19.91327,50.095213],[19.913249,50.09524],[19.913035,50.09517]]]}},{"type":"Feature","id":"w231346996","properties":{"type":"detached","address":"Orlich Gniazd 26","residential":true,"residents_est":4,"h3_10":"8a1e2e79b0b7fff","h3_11":"8b1e2e79b0b4fff"},"geometry":{"type":"Polygon","coordinates":[[[19.910756,50.097434],[19.910842,50.097369],[19.910877,50.097388],[19.91095,50.097333],[19.911033,50.097378],[19.91096,50.097434],[19.910973,50.097441],[19.910937,50.097468],[19.910924,50.097461],[19.910916,50.097467],[19.910891,50.097453],[19.910852,50.097482],[19.910756,50.097434]]]}},{"type":"Feature","id":"w231347011","properties":{"type":"detached","address":"Orlich Gniazd 31","residential":true,"residents_est":4,"h3_10":"8a1e2e79b19ffff","h3_11":"8b1e2e79b19afff"},"geometry":{"type":"Polygon","coordinates":[[[19.909881,50.097685],[19.909975,50.097578],[19.909965,50.097575],[19.909969,50.09757],[19.910084,50.097609],[19.910047,50.097655],[19.910053,50.097665],[19.910027,50.097701],[19.910013,50.097704],[19.909999,50.097721],[19.909949,50.097704],[19.90994,50.097716],[19.909893,50.0977],[19.9099,50.097692],[19.909881,50.097685]]]}},{"type":"Feature","id":"w231347025","properties":{"type":"detached","address":"Orlich Gniazd 29","residential":true,"residents_est":3,"h3_10":"8a1e2e79b0b7fff","h3_11":"8b1e2e79b0b4fff"},"geometry":{"type":"Polygon","coordinates":[[[19.910153,50.097442],[19.910207,50.097398],[19.910225,50.097407],[19.910249,50.097387],[19.910234,50.097376],[19.910355,50.097437],[19.910296,50.097475],[19.910305,50.097479],[19.910273,50.097506],[19.910265,50.097502],[19.910238,50.097524],[19.910171,50.09749],[19.9102,50.097466],[19.910153,50.097442]]]}},{"type":"Feature","id":"w231347027","properties":{"type":"yes","address":"Chabrowa 15","residential":true,"residents_est":2,"h3_10":"8a1e2e79b19ffff","h3_11":"8b1e2e79b19efff"},"geometry":{"type":"Polygon","coordinates":[[[19.910141,50.098077],[19.910148,50.098068],[19.910146,50.09803],[19.910153,50.098029],[19.910154,50.098039],[19.91019,50.098039],[19.91019,50.098026],[19.910278,50.098025],[19.910288,50.098179],[19.910241,50.09818],[19.910239,50.098124],[19.910152,50.098131],[19.910151,50.098104],[19.910142,50.098095],[19.910141,50.098077]]]}},{"type":"Feature","id":"w231347033","properties":{"type":"detached","address":"Orlich Gniazd 19","residential":true,"residents_est":3,"h3_10":"8a1e2e79b0b7fff","h3_11":"8b1e2e79b0b6fff"},"geometry":{"type":"Polygon","coordinates":[[[19.910463,50.096911],[19.910466,50.096894],[19.910482,50.096881],[19.910503,50.09688],[19.910515,50.09687],[19.910563,50.096896],[19.910591,50.096889],[19.910647,50.096919],[19.910635,50.09693],[19.91065,50.096938],[19.91054,50.09702],[19.91047,50.096982],[19.91051,50.09695],[19.910505,50.096933],[19.910463,50.096911]]]}},{"type":"Feature","id":"w231347046","properties":{"type":"yes","address":"Chabrowa 5","residential":true,"residents_est":2,"h3_10":"8a1e2e79b19ffff","h3_11":"8b1e2e79b199fff"},"geometry":{"type":"Polygon","coordinates":[[[19.911021,50.098099],[19.911022,50.098083],[19.91103,50.098078],[19.911032,50.098034],[19.911038,50.098034],[19.911037,50.098047],[19.911071,50.098047],[19.911072,50.098034],[19.911167,50.098037],[19.91116,50.098187],[19.911117,50.098186],[19.91112,50.09813],[19.911027,50.098131],[19.911029,50.098105],[19.911021,50.098099]]]}},{"type":"Feature","id":"w231347048","properties":{"type":"yes","address":"Chabrowa 3","residential":true,"residents_est":2,"h3_10":"8a1e2e79b19ffff","h3_11":"8b1e2e79b199fff"},"geometry":{"type":"Polygon","coordinates":[[[19.91116,50.098187],[19.911167,50.098037],[19.911257,50.09804],[19.911255,50.098053],[19.911292,50.098055],[19.911293,50.09804],[19.911302,50.098042],[19.9113,50.098079],[19.911307,50.098084],[19.911306,50.098105],[19.911298,50.098109],[19.911297,50.098137],[19.911214,50.098131],[19.91121,50.098189],[19.91116,50.098187]]]}},{"type":"Feature","id":"w231347079","properties":{"type":"detached","residential":true,"residents_est":6,"h3_10":"8a1e2e79b0a7fff","h3_11":"8b1e2e79b0a6fff"},"geometry":{"type":"Polygon","coordinates":[[[19.911595,50.097904],[19.911596,50.097791],[19.911617,50.097791],[19.911617,50.097764],[19.911596,50.097763],[19.91175,50.097764],[19.911742,50.09782],[19.911832,50.097821],[19.911831,50.097878],[19.911741,50.097877],[19.911747,50.097934],[19.911596,50.097933],[19.911617,50.097931],[19.911616,50.097904],[19.911595,50.097904]]]}},{"type":"Feature","id":"w231347087","properties":{"type":"house","address":"Władysława Łokietka 115","residential":true,"residents_est":8,"h3_10":"8a1e2e79b08ffff","h3_11":"8b1e2e79b08bfff"},"geometry":{"type":"Polygon","coordinates":[[[19.914574,50.095721],[19.914578,50.095702],[19.9146,50.095692],[19.914607,50.095671],[19.914734,50.095687],[19.914758,50.095609],[19.914889,50.095626],[19.914859,50.095723],[19.914874,50.095725],[19.914858,50.095776],[19.914841,50.095774],[19.914822,50.095836],[19.91473,50.095824],[19.914734,50.095811],[19.914692,50.095806],[19.914697,50.095791],[19.914671,50.095788],[19.914677,50.09577],[19.914581,50.095757],[19.914587,50.095736],[19.914574,50.095721]]]}},{"type":"Feature","id":"w231347091","properties":{"type":"apartments","residential":true,"residents_est":16,"h3_10":"8a1e2e79b197fff","h3_11":"8b1e2e79b193fff"},"geometry":{"type":"Polygon","coordinates":[[[19.908724,50.098184],[19.908732,50.098196],[19.908766,50.098192],[19.908762,50.098179],[19.90894,50.098157],[19.908943,50.098168],[19.908978,50.098164],[19.908979,50.098151],[19.909008,50.098248],[19.908967,50.098253],[19.90897,50.098262],[19.908933,50.098267],[19.908947,50.098313],[19.908856,50.098324],[19.908842,50.098279],[19.908804,50.098284],[19.908801,50.098274],[19.908753,50.09828],[19.908724,50.098184]]]}},{"type":"Feature","id":"w231347092","properties":{"type":"yes","address":"Chabrowa 5a","residential":true,"residents_est":2,"h3_10":"8a1e2e79b19ffff","h3_11":"8b1e2e79b19bfff"},"geometry":{"type":"Polygon","coordinates":[[[19.910904,50.09792],[19.910907,50.09785],[19.910953,50.097851],[19.910954,50.097774],[19.911089,50.097775],[19.911087,50.097847],[19.911113,50.097858],[19.911113,50.097879],[19.911099,50.09789],[19.911098,50.097922],[19.911038,50.097922],[19.911038,50.097913],[19.911004,50.097912],[19.911003,50.097921],[19.910904,50.09792]]]}},{"type":"Feature","id":"w231347111","properties":{"type":"yes","residential":true,"residents_est":14,"h3_10":"8a1e2e79b117fff","h3_11":"8b1e2e79b112fff"},"geometry":{"type":"Polygon","coordinates":[[[19.910539,50.100721],[19.910562,50.100717],[19.910559,50.100711],[19.910684,50.100686],[19.91069,50.100693],[19.910827,50.100664],[19.910832,50.100673],[19.910898,50.10066],[19.910889,50.100642],[19.91093,50.100633],[19.910927,50.100626],[19.910935,50.100615],[19.910952,50.100611],[19.910973,50.100625],[19.911015,50.100615],[19.911027,50.100638],[19.911079,50.100627],[19.911114,50.100698],[19.911061,50.100709],[19.911071,50.100728],[19.910878,50.100767],[19.910881,50.100775],[19.910737,50.100804],[19.910758,50.100839],[19.910629,50.100864],[19.910582,50.100768],[19.910562,50.100772],[19.910539,50.100721]]]}},{"type":"Feature","id":"w231347136","properties":{"type":"yes","residential":false,"residents_est":0,"h3_10":"8a1e2e79b1affff","h3_11":"8b1e2e79b1aefff"},"geometry":{"type":"Polygon","coordinates":[[[19.910854,50.100166],[19.910922,50.100085],[19.910948,50.10015],[19.910854,50.100166]]]}},{"type":"Feature","id":"w231347152","properties":{"type":"apartments","address":"Władysława Łokietka 144","residential":true,"residents_est":7,"h3_10":"8a1e2e79b0a7fff","h3_11":"8b1e2e79b0a4fff"},"geometry":{"type":"Polygon","coordinates":[[[19.91193,50.098169],[19.911993,50.09807],[19.912125,50.098104],[19.912062,50.098204],[19.91193,50.098169]]]}},{"type":"Feature","id":"w231347155","properties":{"type":"yes","residential":true,"residents_est":0,"h3_10":"8a1e2e79b187fff","h3_11":"8b1e2e79b185fff"},"geometry":{"type":"Polygon","coordinates":[[[19.910453,50.099409],[19.910549,50.099394],[19.910574,50.099458],[19.910478,50.099474],[19.910453,50.099409]]]}},{"type":"Feature","id":"w231347205","properties":{"type":"yes","residential":true,"residents_est":7,"h3_10":"8a1e2e79b037fff","h3_11":"8b1e2e79b031fff"},"geometry":{"type":"Polygon","coordinates":[[[19.913908,50.099635],[19.913954,50.09953],[19.914245,50.099582],[19.9142,50.099687],[19.913908,50.099635]]]}},{"type":"Feature","id":"w231347214","properties":{"type":"yes","residential":true,"residents_est":7,"h3_10":"8a1e2e79b11ffff","h3_11":"8b1e2e79b11afff"},"geometry":{"type":"Polygon","coordinates":[[[19.912607,50.100442],[19.912635,50.100209],[19.912788,50.100216],[19.91276,50.10045],[19.912607,50.100442]]]}},{"type":"Feature","id":"w231347219","properties":{"type":"yes","address":"Władysława Łokietka 150b","residential":true,"residents_est":1,"h3_10":"8a1e2e79b187fff","h3_11":"8b1e2e79b183fff"},"geometry":{"type":"Polygon","coordinates":[[[19.91072,50.098794],[19.910721,50.098735],[19.910862,50.098737],[19.910861,50.098796],[19.91072,50.098794]]]}},{"type":"Feature","id":"w231347222","properties":{"type":"kiosk","address":"Władysława Łokietka 128","residential":false,"residents_est":0,"h3_10":"8a1e2e79b08ffff","h3_11":"8b1e2e79b08efff"},"geometry":{"type":"Polygon","coordinates":[[[19.913327,50.096358],[19.913382,50.096285],[19.91352,50.096329],[19.913463,50.096401],[19.913327,50.096358]]]}},{"type":"Feature","id":"w231347225","properties":{"type":"yes","address":"Orlich Gniazd 15","residential":true,"residents_est":0,"h3_10":"8a1e2e79b0b7fff","h3_11":"8b1e2e79b0b2fff"},"geometry":{"type":"Polygon","coordinates":[[[19.910784,50.096649],[19.910845,50.096604],[19.910858,50.096611],[19.910906,50.096583],[19.910926,50.096588],[19.910935,50.096602],[19.910929,50.096606],[19.910986,50.096636],[19.910887,50.096707],[19.910784,50.096649]]]}},{"type":"Feature","id":"w231347243","properties":{"type":"yes","residential":true,"residents_est":3,"h3_10":"8a1e2e79b037fff","h3_11":"8b1e2e79b036fff"},"geometry":{"type":"Polygon","coordinates":[[[19.912695,50.099417],[19.912699,50.099335],[19.913055,50.099343],[19.913051,50.099425],[19.912695,50.099417]]]}},{"type":"Feature","id":"w231347252","properties":{"type":"yes","address":"Władysława Łokietka 167b","residential":true,"residents_est":2,"h3_10":"8a1e2e79b1affff","h3_11":"8b1e2e79b1aefff"},"geometry":{"type":"Polygon","coordinates":[[[19.910922,50.100085],[19.911179,50.100042],[19.911205,50.100108],[19.910948,50.10015],[19.910922,50.100085]]]}},{"type":"Feature","id":"w231347274","properties":{"type":"yes","address":"Władysława Łokietka 150c","residential":true,"residents_est":1,"h3_10":"8a1e2e79b187fff","h3_11":"8b1e2e79b183fff"},"geometry":{"type":"Polygon","coordinates":[[[19.910321,50.098748],[19.910509,50.098741],[19.910515,50.098799],[19.910327,50.098807],[19.910321,50.098748]]]}},{"type":"Feature","id":"w231347282","properties":{"type":"apartments","address":"Władysława Łokietka 142","residential":true,"residents_est":8,"h3_10":"8a1e2e79b0a7fff","h3_11":"8b1e2e79b0a4fff"},"geometry":{"type":"Polygon","coordinates":[[[19.911993,50.09807],[19.912055,50.09797],[19.912187,50.098004],[19.912125,50.098104],[19.911993,50.09807]]]}},{"type":"Feature","id":"w231347315","properties":{"type":"yes","residential":true,"residents_est":1,"h3_10":"8a1e2e79b027fff","h3_11":"8b1e2e79b025fff"},"geometry":{"type":"Polygon","coordinates":[[[19.915304,50.100869],[19.915314,50.100701],[19.91539,50.100704],[19.915379,50.100858],[19.915304,50.100869]]]}},{"type":"Feature","id":"w231347342","properties":{"type":"yes","residential":true,"residents_est":43,"h3_10":"8a1e2e79b0c7fff","h3_11":"8b1e2e79b0c3fff"},"geometry":{"type":"Polygon","coordinates":[[[19.917719,50.096332],[19.917867,50.096067],[19.918574,50.096236],[19.918423,50.0965],[19.917719,50.096332]]]}},{"type":"Feature","id":"w231347359","properties":{"type":"yes","residential":true,"residents_est":3,"h3_10":"8a1e2e79b11ffff","h3_11":"8b1e2e79b11afff"},"geometry":{"type":"Polygon","coordinates":[[[19.912918,50.100409],[19.912937,50.100225],[19.913088,50.100231],[19.91307,50.100415],[19.912918,50.100409]]]}},{"type":"Feature","id":"w231347380","properties":{"type":"detached","address":"Orlich Gniazd 24","residential":true,"residents_est":3,"h3_10":"8a1e2e79b0b7fff","h3_11":"8b1e2e79b0b5fff"},"geometry":{"type":"Polygon","coordinates":[[[19.911156,50.097138],[19.911236,50.097077],[19.911271,50.097096],[19.911288,50.097083],[19.911355,50.097119],[19.911315,50.09715],[19.911321,50.097173],[19.911372,50.097166],[19.91138,50.0972],[19.911283,50.097211],[19.911275,50.097181],[19.911256,50.09717],[19.911237,50.097182],[19.911156,50.097138]]]}},{"type":"Feature","id":"w231347384","properties":{"type":"yes","residential":true,"residents_est":2,"h3_10":"8a1e2e79b157fff","h3_11":"8b1e2e79b152fff"},"geometry":{"type":"Polygon","coordinates":[[[19.915908,50.100711],[19.916154,50.100675],[19.916181,50.100752],[19.915933,50.100785],[19.915908,50.100711]]]}},{"type":"Feature","id":"w231347400","properties":{"type":"yes","address":"Władysława Łokietka 150a","residential":true,"residents_est":1,"h3_10":"8a1e2e79b18ffff","h3_11":"8b1e2e79b18efff"},"geometry":{"type":"Polygon","coordinates":[[[19.910992,50.0988],[19.911004,50.098744],[19.91114,50.098756],[19.911129,50.098812],[19.910992,50.0988]]]}},{"type":"Feature","id":"w231347402","properties":{"type":"garage","residential":false,"residents_est":0,"h3_10":"8a1e2e79b0b7fff","h3_11":"8b1e2e79b0b5fff"},"geometry":{"type":"Polygon","coordinates":[[[19.911286,50.097211],[19.91138,50.0972],[19.911397,50.097257],[19.911302,50.097269],[19.911286,50.097211]]]}},{"type":"Feature","id":"w231347447","properties":{"type":"yes","residential":true,"residents_est":7,"h3_10":"8a1e2e79b1affff","h3_11":"8b1e2e79b1adfff"},"geometry":{"type":"Polygon","coordinates":[[[19.912312,50.100426],[19.912341,50.100194],[19.912494,50.100202],[19.912465,50.100434],[19.912312,50.100426]]]}},{"type":"Feature","id":"w231347449","properties":{"type":"detached","address":"Chabrowa 28","residential":true,"residents_est":2,"h3_10":"8a1e2e79b197fff","h3_11":"8b1e2e79b196fff"},"geometry":{"type":"Polygon","coordinates":[[[19.908307,50.098569],[19.908451,50.098543],[19.908478,50.098607],[19.908335,50.098633],[19.908307,50.098569]]]}},{"type":"Feature","id":"w231347450","properties":{"type":"yes","address":"Władysława Łokietka 177","residential":true,"residents_est":3,"h3_10":"8a1e2e79b037fff","h3_11":"8b1e2e79b034fff"},"geometry":{"type":"Polygon","coordinates":[[[19.912829,50.100065],[19.912835,50.099981],[19.913187,50.099992],[19.913181,50.100076],[19.912829,50.100065]]]}},{"type":"Feature","id":"w231347453","properties":{"type":"yes","address":"Władysława Łokietka 137","residential":true,"residents_est":1,"h3_10":"8a1e2e79b0affff","h3_11":"8b1e2e79b0aefff"},"geometry":{"type":"Polygon","coordinates":[[[19.913463,50.097328],[19.9136,50.097304],[19.913634,50.097383],[19.913497,50.097408],[19.913463,50.097328]]]}},{"type":"Feature","id":"w231347466","properties":{"type":"yes","residential":true,"residents_est":8,"h3_10":"8a1e2e79b037fff","h3_11":"8b1e2e79b030fff"},"geometry":{"type":"Polygon","coordinates":[[[19.913575,50.099575],[19.91362,50.099471],[19.913954,50.09953],[19.913908,50.099635],[19.913575,50.099575]]]}},{"type":"Feature","id":"w231347473","properties":{"type":"yes","address":"Władysława Łokietka 154","residential":true,"residents_est":1,"h3_10":"8a1e2e79b187fff","h3_11":"8b1e2e79b183fff"},"geometry":{"type":"Polygon","coordinates":[[[19.910668,50.098931],[19.91068,50.09884],[19.91078,50.098845],[19.910769,50.098936],[19.910668,50.098931]]]}},{"type":"Feature","id":"w231347518","properties":{"type":"yes","address":"Władysława Łokietka 152","residential":true,"residents_est":1,"h3_10":"8a1e2e79b18ffff","h3_11":"8b1e2e79b18efff"},"geometry":{"type":"Polygon","coordinates":[[[19.911013,50.098944],[19.911037,50.098877],[19.911183,50.098898],[19.91116,50.098966],[19.911013,50.098944]]]}},{"type":"Feature","id":"w231347523","properties":{"type":"yes","address":"Pękowicka 35","residential":true,"residents_est":8,"h3_10":"8a1e2e79b0d7fff","h3_11":"8b1e2e79b0d1fff"},"geometry":{"type":"Polygon","coordinates":[[[19.916802,50.096075],[19.916907,50.095889],[19.917089,50.095932],[19.916984,50.096118],[19.916802,50.096075]]]}},{"type":"Feature","id":"w231347532","properties":{"type":"yes","address":"Władysława Łokietka 150","residential":true,"residents_est":1,"h3_10":"8a1e2e79b18ffff","h3_11":"8b1e2e79b18efff"},"geometry":{"type":"Polygon","coordinates":[[[19.911265,50.098835],[19.911292,50.098768],[19.911428,50.098792],[19.9114,50.098858],[19.911265,50.098835]]]}},{"type":"Feature","id":"w231347575","properties":{"type":"detached","address":"Orlich Gniazd 22","residential":true,"residents_est":4,"h3_10":"8a1e2e79b0b7fff","h3_11":"8b1e2e79b0b1fff"},"geometry":{"type":"Polygon","coordinates":[[[19.911405,50.097074],[19.911477,50.097065],[19.911465,50.097023],[19.911611,50.097006],[19.911636,50.097095],[19.911493,50.097112],[19.911495,50.097119],[19.91142,50.097127],[19.911405,50.097074]]]}},{"type":"Feature","id":"w231347592","properties":{"type":"yes","residential":true,"residents_est":2,"h3_10":"8a1e2e79b027fff","h3_11":"8b1e2e79b025fff"},"geometry":{"type":"Polygon","coordinates":[[[19.915212,50.100866],[19.915227,50.100698],[19.915314,50.100701],[19.915304,50.100869],[19.915212,50.100866]]]}},{"type":"Feature","id":"w231347600","properties":{"type":"yes","address":"Pękowicka 77","residential":true,"residents_est":1,"h3_10":"8a1e2e79b027fff","h3_11":"8b1e2e79b025fff"},"geometry":{"type":"Polygon","coordinates":[[[19.915279,50.100678],[19.915285,50.100605],[19.915414,50.100609],[19.915407,50.100683],[19.915279,50.100678]]]}},{"type":"Feature","id":"w231347603","properties":{"type":"yes","residential":false,"residents_est":0,"h3_10":"8a1e2e79b08ffff","h3_11":"8b1e2e79b08afff"},"geometry":{"type":"Polygon","coordinates":[[[19.913694,50.095884],[19.913777,50.095776],[19.913815,50.095788],[19.913731,50.095896],[19.913694,50.095884]]]}},{"type":"Feature","id":"w231347608","properties":{"type":"garage","levels":1.0,"residential":false,"residents_est":0,"h3_10":"8a1e2e79b09ffff","h3_11":"8b1e2e79b09dfff"},"geometry":{"type":"Polygon","coordinates":[[[19.913299,50.095845],[19.913348,50.095779],[19.9134,50.095793],[19.913351,50.09586],[19.913299,50.095845]]]}},{"type":"Feature","id":"w231347623","properties":{"type":"yes","address":"Chabrowa 6","residential":false,"residents_est":0,"h3_10":"8a1e2e79b18ffff","h3_11":"8b1e2e79b18afff"},"geometry":{"type":"Polygon","coordinates":[[[19.911285,50.098418],[19.911293,50.098376],[19.911402,50.098383],[19.911394,50.098425],[19.911285,50.098418]]]}},{"type":"Feature","id":"w231347629","properties":{"type":"yes","residential":false,"residents_est":0,"h3_10":"8a1e2e79b197fff","h3_11":"8b1e2e79b191fff"},"geometry":{"type":"Polygon","coordinates":[[[19.909366,50.098492],[19.909451,50.098482],[19.909466,50.098534],[19.909381,50.098544],[19.909366,50.098492]]]}},{"type":"Feature","id":"w231347650","properties":{"type":"yes","residential":false,"residents_est":0,"h3_10":"8a1e2e79b09ffff","h3_11":"8b1e2e79b09dfff"},"geometry":{"type":"Polygon","coordinates":[[[19.913666,50.095921],[19.913694,50.095884],[19.913749,50.095902],[19.913721,50.095939],[19.913666,50.095921]]]}},{"type":"Feature","id":"w231347700","properties":{"type":"yes","residential":false,"residents_est":0,"h3_10":"8a1e2e79b0b7fff","h3_11":"8b1e2e79b0b4fff"},"geometry":{"type":"Polygon","coordinates":[[[19.910746,50.097472],[19.910778,50.097445],[19.910871,50.097491],[19.910838,50.097518],[19.910746,50.097472]]]}},{"type":"Feature","id":"w231347713","properties":{"type":"yes","residential":true,"residents_est":10,"h3_10":"8a1e2e79b037fff","h3_11":"8b1e2e79b036fff"},"geometry":{"type":"Polygon","coordinates":[[[19.912756,50.099641],[19.912765,50.099531],[19.913192,50.099545],[19.913183,50.099655],[19.912756,50.099641]]]}},{"type":"Feature","id":"w231347733","properties":{"type":"yes","residential":true,"residents_est":7,"h3_10":"8a1e2e79b157fff","h3_11":"8b1e2e79b152fff"},"geometry":{"type":"Polygon","coordinates":[[[19.915454,50.100797],[19.915484,50.100766],[19.915908,50.100711],[19.915933,50.100785],[19.915468,50.100846],[19.915454,50.100797]]]}},{"type":"Feature","id":"w231347742","properties":{"type":"detached","address":"Orlich Gniazd 8","residential":true,"residents_est":3,"h3_10":"8a1e2e79b19ffff","h3_11":"8b1e2e79b19bfff"},"geometry":{"type":"Polygon","coordinates":[[[19.911216,50.097784],[19.911234,50.097783],[19.91123,50.097741],[19.911355,50.097735],[19.911365,50.097836],[19.911319,50.097837],[19.911307,50.097849],[19.911282,50.09785],[19.911268,50.097838],[19.911222,50.09784],[19.911216,50.097784]]]}},{"type":"Feature","id":"w231347745","properties":{"type":"yes","residential":true,"residents_est":13,"h3_10":"8a1e2e79b037fff","h3_11":"8b1e2e79b034fff"},"geometry":{"type":"Polygon","coordinates":[[[19.912531,50.099853],[19.912538,50.099762],[19.913246,50.099785],[19.913239,50.099876],[19.912531,50.099853]]]}},{"type":"Feature","id":"w231347757","properties":{"type":"yes","residential":true,"residents_est":2,"h3_10":"8a1e2e79b017fff","h3_11":"8b1e2e79b010fff"},"geometry":{"type":"Polygon","coordinates":[[[19.91344,50.098518],[19.913608,50.09849],[19.913648,50.098596],[19.913481,50.098623],[19.91344,50.098518]]]}},{"type":"Feature","id":"w231347767","properties":{"type":"yes","residential":true,"residents_est":8,"h3_10":"8a1e2e79b037fff","h3_11":"8b1e2e79b036fff"},"geometry":{"type":"Polygon","coordinates":[[[19.912931,50.099775],[19.912941,50.099647],[19.913256,50.099657],[19.913246,50.099785],[19.912931,50.099775]]]}},{"type":"Feature","id":"w231347768","properties":{"type":"yes","address":"Władysława Łokietka 163","residential":true,"residents_est":0,"h3_10":"8a1e2e79b18ffff","h3_11":"8b1e2e79b18cfff"},"geometry":{"type":"Polygon","coordinates":[[[19.911648,50.099338],[19.91177,50.099318],[19.911798,50.099387],[19.911676,50.099407],[19.911648,50.099338]]]}},{"type":"Feature","id":"w231347772","properties":{"type":"yes","address":"Chabrowa 10","residential":true,"residents_est":1,"h3_10":"8a1e2e79b19ffff","h3_11":"8b1e2e79b19dfff"},"geometry":{"type":"Polygon","coordinates":[[[19.911006,50.098403],[19.91101,50.098335],[19.911168,50.098338],[19.911164,50.098406],[19.911006,50.098403]]]}},{"type":"Feature","id":"w231347788","properties":{"type":"yes","address":"Nawigacyjna 2","residential":true,"residents_est":2,"h3_10":"8a1e2e79b09ffff","h3_11":"8b1e2e79b099fff"},"geometry":{"type":"Polygon","coordinates":[[[19.913623,50.095457],[19.913679,50.095389],[19.913776,50.095423],[19.91381,50.095382],[19.913892,50.095411],[19.913801,50.095519],[19.913623,50.095457]]]}},{"type":"Feature","id":"w231347793","properties":{"type":"apartments","address":"Chabrowa 12","residential":true,"residents_est":12,"h3_10":"8a1e2e79b19ffff","h3_11":"8b1e2e79b19dfff"},"geometry":{"type":"Polygon","coordinates":[[[19.910508,50.098376],[19.910509,50.098296],[19.910594,50.098296],[19.910595,50.098315],[19.910672,50.098319],[19.910746,50.098319],[19.910745,50.0983],[19.910832,50.0983],[19.91083,50.098381],[19.910669,50.098384],[19.910508,50.098376]]]}},{"type":"Feature","id":"w231347801","properties":{"type":"garage","residential":false,"residents_est":0,"h3_10":"8a1e2e79b0b7fff","h3_11":"8b1e2e79b0b6fff"},"geometry":{"type":"Polygon","coordinates":[[[19.910091,50.097224],[19.910177,50.097162],[19.910246,50.097199],[19.910158,50.097263],[19.910091,50.097224]]]}},{"type":"Feature","id":"w231347827","properties":{"type":"yes","address":"Pękowicka 30","residential":true,"residents_est":1,"h3_10":"8a1e2e79b0d7fff","h3_11":"8b1e2e79b0d2fff"},"geometry":{"type":"Polygon","coordinates":[[[19.915749,50.095808],[19.915793,50.095684],[19.915879,50.095697],[19.91584,50.095807],[19.9158,50.095801],[19.915795,50.095815],[19.915749,50.095808]]]}},{"type":"Feature","id":"w231347834","properties":{"type":"yes","address":"Władysława Łokietka 175","residential":true,"residents_est":2,"h3_10":"8a1e2e79b117fff","h3_11":"8b1e2e79b116fff"},"geometry":{"type":"Polygon","coordinates":[[[19.910312,50.100956],[19.91036,50.100948],[19.910345,50.100912],[19.910466,50.100893],[19.910503,50.100987],[19.910335,50.101014],[19.910312,50.100956]]]}},{"type":"Feature","id":"w231347841","properties":{"type":"yes","address":"Chabrowa 22a","residential":true,"residents_est":1,"h3_10":"8a1e2e79b197fff","h3_11":"8b1e2e79b191fff"},"geometry":{"type":"Polygon","coordinates":[[[19.909148,50.09842],[19.909224,50.098409],[19.909226,50.098417],[19.909291,50.098407],[19.909321,50.098487],[19.909182,50.098509],[19.909148,50.09842]]]}},{"type":"Feature","id":"w231347844","properties":{"type":"yes","address":"Pękowicka 28","residential":true,"residents_est":2,"h3_10":"8a1e2e79b0d7fff","h3_11":"8b1e2e79b0d0fff"},"geometry":{"type":"Polygon","coordinates":[[[19.916032,50.095785],[19.916059,50.095709],[19.916158,50.095724],[19.91617,50.09569],[19.916255,50.095703],[19.916215,50.095813],[19.916032,50.095785]]]}},{"type":"Feature","id":"w231347846","properties":{"type":"yes","residential":true,"residents_est":46,"h3_10":"8a1e2e79b0c7fff","h3_11":"8b1e2e79b0c2fff"},"geometry":{"type":"Polygon","coordinates":[[[19.916963,50.096157],[19.917112,50.095893],[19.917867,50.096067],[19.917719,50.096332],[19.916963,50.096157]]]}},{"type":"Feature","id":"w231347894","properties":{"type":"detached","address":"Orlich Gniazd 28","residential":true,"residents_est":3,"h3_10":"8a1e2e79b0b7fff","h3_11":"8b1e2e79b0b4fff"},"geometry":{"type":"Polygon","coordinates":[[[19.910611,50.097549],[19.910648,50.09752],[19.910662,50.097527],[19.910715,50.097486],[19.91082,50.097543],[19.910729,50.097612],[19.910611,50.097549]]]}},{"type":"Feature","id":"w231347902","properties":{"type":"detached","address":"Chabrowa 23","residential":true,"residents_est":3,"h3_10":"8a1e2e79b197fff","h3_11":"8b1e2e79b193fff"},"geometry":{"type":"Polygon","coordinates":[[[19.909088,50.0981],[19.909216,50.098085],[19.909257,50.098239],[19.909212,50.098244],[19.909197,50.098192],[19.909119,50.098201],[19.909088,50.0981]]]}},{"type":"Feature","id":"w231347946","properties":{"type":"yes","address":"Pękowicka 30a","residential":true,"residents_est":1,"h3_10":"8a1e2e79b0d7fff","h3_11":"8b1e2e79b0d2fff"},"geometry":{"type":"Polygon","coordinates":[[[19.915672,50.095781],[19.915711,50.095672],[19.915793,50.095684],[19.915749,50.095808],[19.915705,50.095801],[19.91571,50.095787],[19.915672,50.095781]]]}},{"type":"Feature","id":"w231347960","properties":{"type":"yes","address":"Władysława Łokietka 165b","residential":true,"residents_est":2,"h3_10":"8a1e2e79b1affff","h3_11":"8b1e2e79b1abfff"},"geometry":{"type":"Polygon","coordinates":[[[19.912091,50.099474],[19.912266,50.099446],[19.912276,50.099472],[19.912316,50.099466],[19.912339,50.099523],[19.912124,50.099558],[19.912091,50.099474]]]}},{"type":"Feature","id":"w231347988","properties":{"type":"yes","address":"Władysława Łokietka 175","residential":true,"residents_est":1,"h3_10":"8a1e2e79b1a7fff","h3_11":"8b1e2e79b1a5fff"},"geometry":{"type":"Polygon","coordinates":[[[19.910291,50.100845],[19.910412,50.100824],[19.910443,50.100896],[19.91032,50.100916],[19.910291,50.100845]]]}},{"type":"Feature","id":"w231348017","properties":{"type":"detached","address":"Orlich Gniazd 18","residential":true,"residents_est":2,"h3_10":"8a1e2e79b0b7fff","h3_11":"8b1e2e79b0b5fff"},"geometry":{"type":"Polygon","coordinates":[[[19.91154,50.097258],[19.911648,50.097247],[19.911669,50.097331],[19.911561,50.097342],[19.91154,50.097258]]]}},{"type":"Feature","id":"w231348019","properties":{"type":"house","address":"Chabrowa 28a","residential":true,"residents_est":3,"h3_10":"8a1e2e79b197fff","h3_11":"8b1e2e79b196fff"},"geometry":{"type":"Polygon","coordinates":[[[19.908044,50.098606],[19.908153,50.098588],[19.908182,50.098656],[19.908276,50.098639],[19.908288,50.098667],[19.908088,50.098703],[19.908044,50.098606]]]}},{"type":"Feature","id":"w231348037","properties":{"type":"yes","residential":false,"residents_est":0,"h3_10":"8a1e2e79b19ffff","h3_11":"8b1e2e79b19dfff"},"geometry":{"type":"Polygon","coordinates":[[[19.911122,50.098325],[19.911125,50.098281],[19.911178,50.098282],[19.911175,50.098338],[19.911129,50.098337],[19.91113,50.098325],[19.911122,50.098325]]]}},{"type":"Feature","id":"w231348044","properties":{"type":"yes","address":"Chabrowa 8","residential":true,"residents_est":1,"h3_10":"8a1e2e79b19ffff","h3_11":"8b1e2e79b19dfff"},"geometry":{"type":"Polygon","coordinates":[[[19.911174,50.098412],[19.911188,50.098343],[19.911215,50.098346],[19.91121,50.09837],[19.911293,50.098376],[19.911285,50.098418],[19.911174,50.098412]]]}},{"type":"Feature","id":"w231348059","properties":{"type":"detached","levels":2.0,"address":"Jordanowska 4","residential":true,"residents_est":2,"h3_10":"8a1e2e79b09ffff","h3_11":"8b1e2e79b09dfff"},"geometry":{"type":"Polygon","coordinates":[[[19.913351,50.09586],[19.9134,50.095793],[19.913447,50.095807],[19.913461,50.095787],[19.913517,50.095803],[19.913502,50.095823],[19.913529,50.095831],[19.913482,50.095897],[19.913351,50.09586]]]}},{"type":"Feature","id":"w231348070","properties":{"type":"commercial","address":"Władysława Łokietka 123","residential":false,"residents_est":0,"h3_10":"8a1e2e79b08ffff","h3_11":"8b1e2e79b088fff"},"geometry":{"type":"Polygon","coordinates":[[[19.914478,50.096257],[19.914612,50.096256],[19.914613,50.096298],[19.914802,50.096296],[19.914804,50.096422],[19.914615,50.096423],[19.914616,50.096464],[19.914482,50.096465],[19.914478,50.096257]]]}},{"type":"Feature","id":"w231348104","properties":{"type":"detached","address":"Orlich Gniazd 39","residential":true,"residents_est":4,"h3_10":"8a1e2e79b19ffff","h3_11":"8b1e2e79b19efff"},"geometry":{"type":"Polygon","coordinates":[[[19.909689,50.097922],[19.909718,50.097841],[19.909917,50.09787],[19.909887,50.097953],[19.909828,50.097944],[19.909825,50.097954],[19.909743,50.097942],[19.909746,50.09793],[19.909689,50.097922]]]}},{"type":"Feature","id":"w231348107","properties":{"type":"detached","address":"Orlich Gniazd 20","residential":true,"residents_est":4,"h3_10":"8a1e2e79b0b7fff","h3_11":"8b1e2e79b0b5fff"},"geometry":{"type":"Polygon","coordinates":[[[19.911152,50.0974],[19.911214,50.097343],[19.911282,50.097373],[19.91134,50.097321],[19.911428,50.09736],[19.911309,50.09747],[19.911152,50.0974]]]}},{"type":"Feature","id":"w231348109","properties":{"type":"yes","address":"Władysława Łokietka 167c","residential":true,"residents_est":1,"h3_10":"8a1e2e79b1affff","h3_11":"8b1e2e79b1a8fff"},"geometry":{"type":"Polygon","coordinates":[[[19.91132,50.100034],[19.91135,50.100014],[19.9114,50.100005],[19.911416,50.100014],[19.911542,50.099993],[19.911562,50.100045],[19.911363,50.100079],[19.911335,50.100068],[19.91132,50.100034]]]}},{"type":"Feature","id":"w231348152","properties":{"type":"house","address":"Chabrowa 18","residential":true,"residents_est":2,"h3_10":"8a1e2e79b19ffff","h3_11":"8b1e2e79b19cfff"},"geometry":{"type":"Polygon","coordinates":[[[19.909858,50.09836],[19.909933,50.098351],[19.909939,50.098373],[19.909988,50.098367],[19.910002,50.098422],[19.909879,50.098435],[19.909858,50.09836]]]}},{"type":"Feature","id":"w231348174","properties":{"type":"yes","address":"Chabrowa 4","residential":true,"residents_est":1,"h3_10":"8a1e2e79b18ffff","h3_11":"8b1e2e79b18afff"},"geometry":{"type":"Polygon","coordinates":[[[19.911394,50.098425],[19.911416,50.098303],[19.911476,50.09831],[19.91146,50.098389],[19.911589,50.098402],[19.911577,50.098445],[19.911394,50.098425]]]}},{"type":"Feature","id":"w231348180","properties":{"type":"house","address":"Chabrowa 16","residential":true,"residents_est":1,"h3_10":"8a1e2e79b19ffff","h3_11":"8b1e2e79b19cfff"},"geometry":{"type":"Polygon","coordinates":[[[19.90999,50.098372],[19.910027,50.09837],[19.910024,50.098357],[19.910059,50.098355],[19.910061,50.098368],[19.910125,50.098363],[19.910134,50.098412],[19.910002,50.098422],[19.90999,50.098372]]]}},{"type":"Feature","id":"w231348226","properties":{"type":"yes","address":"Władysława Łokietka 158","residential":true,"residents_est":1,"h3_10":"8a1e2e79b187fff","h3_11":"8b1e2e79b181fff"},"geometry":{"type":"Polygon","coordinates":[[[19.91074,50.099365],[19.910786,50.099358],[19.910785,50.099354],[19.910893,50.099342],[19.910919,50.099414],[19.910767,50.099437],[19.91074,50.099365]]]}},{"type":"Feature","id":"w323161893","properties":{"type":"apartments","residential":true,"residents_est":22,"h3_10":"8a1e2e79b12ffff","h3_11":"8b1e2e79b129fff"},"geometry":{"type":"Polygon","coordinates":[[[19.914872,50.102695],[19.915115,50.102451],[19.915236,50.1025],[19.915205,50.102532],[19.915216,50.102537],[19.915157,50.102596],[19.915145,50.102591],[19.915084,50.102653],[19.915097,50.102658],[19.915038,50.102717],[19.915025,50.102712],[19.914993,50.102745],[19.914872,50.102695]]]}},{"type":"Feature","id":"w323161895","properties":{"type":"residential","address":"Wiarusa 44","residential":true,"residents_est":153,"h3_10":"8a1e2e79b15ffff","h3_11":"8b1e2e79b15cfff"},"geometry":{"type":"Polygon","coordinates":[[[19.91659,50.100738],[19.916612,50.100713],[19.916656,50.100707],[19.916653,50.100697],[19.916734,50.100685],[19.916737,50.100696],[19.916781,50.10069],[19.916812,50.100703],[19.916828,50.100687],[19.91691,50.10072],[19.916895,50.100736],[19.917011,50.100783],[19.917084,50.10071],[19.917114,50.100722],[19.917165,50.100669],[19.917137,50.100658],[19.917204,50.100591],[19.917221,50.100598],[19.917246,50.100572],[19.917277,50.100585],[19.917299,50.100563],[19.917368,50.100591],[19.917381,50.100578],[19.91744,50.100602],[19.917428,50.100614],[19.917645,50.100704],[19.917702,50.100647],[19.917757,50.10067],[19.917771,50.100655],[19.917852,50.100689],[19.917838,50.100702],[19.917884,50.100721],[19.917832,50.100773],[19.917786,50.100754],[19.917665,50.100875],[19.917637,50.100864],[19.917585,50.100916],[19.917614,50.100928],[19.917541,50.101001],[19.917659,50.101049],[19.917675,50.101033],[19.917759,50.101068],[19.917744,50.101083],[19.917861,50.101131],[19.917934,50.101059],[19.917962,50.10107],[19.918014,50.101018],[19.917985,50.101006],[19.918107,50.100884],[19.91806,50.100865],[19.918111,50.100813],[19.918157,50.100832],[19.91817,50.100819],[19.91825,50.100851],[19.918236,50.100865],[19.918292,50.100888],[19.918255,50.100925],[19.91826,50.100927],[19.918253,50.100934],[19.918267,50.100939],[19.918246,50.10096],[19.918274,50.100973],[19.918289,50.100965],[19.918328,50.10098],[19.918337,50.100972],[19.918404,50.100999],[19.918395,50.101008],[19.918438,50.101025],[19.918456,50.101008],[19.918526,50.101037],[19.918579,50.100983],[19.918611,50.100996],[19.918627,50.10098],[19.918684,50.101004],[19.918669,50.101019],[19.918701,50.101032],[19.918621,50.101112],[19.918604,50.101105],[19.91851,50.101199],[19.918371,50.101143],[19.918416,50.101097],[19.918181,50.101001],[19.918119,50.101062],[19.918097,50.101053],[19.918046,50.101104],[19.91807,50.101114],[19.918033,50.101151],[19.918023,50.101147],[19.918003,50.101167],[19.91801,50.101171],[19.917958,50.101223],[19.91799,50.101236],[19.917991,50.101264],[19.917947,50.101279],[19.917918,50.101268],[19.917881,50.101303],[19.917803,50.101271],[19.917832,50.101242],[19.917778,50.101219],[19.917784,50.101213],[19.917718,50.101186],[19.917712,50.101191],[19.917699,50.101188],[19.91764,50.101163],[19.917625,50.101178],[19.917599,50.101168],[19.91758,50.10116],[19.917596,50.101144],[19.91752,50.101113],[19.917526,50.101107],[19.91746,50.10108],[19.917454,50.101086],[19.91744,50.101083],[19.917399,50.101065],[19.917369,50.101095],[19.917281,50.101059],[19.917316,50.101021],[19.917284,50.101007],[19.917289,50.100977],[19.917328,50.100966],[19.917373,50.100981],[19.917424,50.100932],[19.917432,50.100935],[19.917453,50.100913],[19.917442,50.100909],[19.91748,50.100871],[19.9175,50.10088],[19.917551,50.100829],[19.91753,50.100821],[19.91759,50.10076],[19.917371,50.10067],[19.917355,50.100685],[19.917339,50.100679],[19.917317,50.100701],[19.917293,50.100691],[19.91727,50.100714],[19.917249,50.100706],[19.917199,50.100757],[19.91722,50.100765],[19.917182,50.100803],[19.917172,50.100799],[19.917151,50.10082],[19.917159,50.100823],[19.917108,50.100875],[19.917125,50.100882],[19.917075,50.100933],[19.917059,50.100926],[19.917031,50.100955],[19.916955,50.100924],[19.916984,50.100893],[19.916929,50.100871],[19.916935,50.100865],[19.91687,50.100839],[19.916864,50.100845],[19.916722,50.100787],[19.916717,50.100772],[19.916637,50.100783],[19.91659,50.100738]]]}},{"type":"Feature","id":"w323161904","properties":{"type":"yes","residential":true,"residents_est":12,"h3_10":"8a1e2e79b177fff","h3_11":"8b1e2e79b174fff"},"geometry":{"type":"Polygon","coordinates":[[[19.915713,50.102457],[19.915771,50.102399],[19.915729,50.102382],[19.915816,50.102294],[19.916164,50.102437],[19.916077,50.102525],[19.916034,50.102507],[19.915978,50.102565],[19.915883,50.102527],[19.91594,50.102469],[19.915865,50.102438],[19.915808,50.102496],[19.915713,50.102457]]]}},{"type":"Feature","id":"w323161912","properties":{"type":"yes","residential":true,"residents_est":14,"h3_10":"8a1e2e79b157fff","h3_11":"8b1e2e79b156fff"},"geometry":{"type":"Polygon","coordinates":[[[19.915305,50.101168],[19.91536,50.101114],[19.915412,50.101136],[19.915467,50.101081],[19.915518,50.101102],[19.915573,50.101048],[19.915624,50.101069],[19.915678,50.101014],[19.91573,50.101036],[19.915785,50.100981],[19.915854,50.10101],[19.91591,50.100953],[19.91595,50.10097],[19.915981,50.100939],[19.916018,50.100933],[19.916069,50.100954],[19.916023,50.101],[19.916008,50.100994],[19.915897,50.101104],[19.915826,50.101075],[19.915772,50.101129],[19.915719,50.101108],[19.915665,50.101162],[19.915613,50.101141],[19.915558,50.101195],[19.915506,50.101174],[19.915451,50.101228],[19.915305,50.101168]]]}},{"type":"Feature","id":"w323161913","properties":{"type":"yes","residential":true,"residents_est":17,"h3_10":"8a1e2e79b177fff","h3_11":"8b1e2e79b171fff"},"geometry":{"type":"Polygon","coordinates":[[[19.916783,50.102273],[19.917115,50.101937],[19.91725,50.101993],[19.917223,50.10202],[19.917313,50.102057],[19.917253,50.102117],[19.917164,50.10208],[19.917115,50.102129],[19.917205,50.102166],[19.917146,50.102226],[19.917056,50.102189],[19.917005,50.102241],[19.917094,50.102277],[19.917035,50.102336],[19.916946,50.102299],[19.916918,50.102328],[19.916783,50.102273]]]}},{"type":"Feature","id":"w323161915","properties":{"type":"yes","residential":true,"residents_est":25,"h3_10":"8a1e2e79b10ffff","h3_11":"8b1e2e79b109fff"},"geometry":{"type":"Polygon","coordinates":[[[19.915022,50.101667],[19.915075,50.101535],[19.915105,50.101547],[19.915156,50.101496],[19.915097,50.101474],[19.915125,50.101402],[19.915096,50.10139],[19.915189,50.101198],[19.915244,50.10122],[19.915266,50.101199],[19.915406,50.101256],[19.915385,50.101278],[19.915625,50.10138],[19.915573,50.101433],[19.915365,50.101346],[19.91531,50.101401],[19.915362,50.101422],[19.915308,50.101477],[19.91533,50.101486],[19.915279,50.101542],[19.915308,50.101554],[19.915254,50.101608],[19.915282,50.101619],[19.915228,50.101674],[19.915255,50.101685],[19.915203,50.101738],[19.915022,50.101667]]]}},{"type":"Feature","id":"w323161918","properties":{"type":"yes","residential":true,"residents_est":20,"h3_10":"8a1e2e79b177fff","h3_11":"8b1e2e79b175fff"},"geometry":{"type":"Polygon","coordinates":[[[19.916346,50.102708],[19.916392,50.102663],[19.916409,50.10267],[19.916454,50.102624],[19.916437,50.102617],[19.916512,50.102542],[19.916529,50.102549],[19.916574,50.102504],[19.916557,50.102497],[19.91664,50.102414],[19.916657,50.102421],[19.916701,50.102377],[19.916684,50.10237],[19.916721,50.102333],[19.916814,50.102371],[19.916808,50.102377],[19.916904,50.102416],[19.916853,50.102467],[19.916868,50.102473],[19.916848,50.102494],[19.916833,50.102487],[19.916734,50.102587],[19.916748,50.102593],[19.916728,50.102613],[19.916713,50.102607],[19.916614,50.102707],[19.91663,50.102714],[19.91661,50.102735],[19.916595,50.102728],[19.916544,50.10278],[19.916449,50.102741],[19.916442,50.102748],[19.916346,50.102708]]]}},{"type":"Feature","id":"w323161919","properties":{"type":"terrace","levels":1.0,"residential":true,"residents_est":14,"h3_10":"8a1e2e79b14ffff","h3_11":"8b1e2e79b14efff"},"geometry":{"type":"Polygon","coordinates":[[[19.918281,50.101385],[19.918368,50.101298],[19.919238,50.101656],[19.919154,50.101742],[19.919089,50.101716],[19.919036,50.10177],[19.918944,50.101732],[19.918997,50.101678],[19.918877,50.101629],[19.918823,50.101684],[19.918731,50.101646],[19.918785,50.101591],[19.918662,50.101542],[19.918608,50.101596],[19.918561,50.101577],[19.918515,50.101558],[19.918569,50.101503],[19.91845,50.101455],[19.918397,50.101509],[19.9183,50.101469],[19.918355,50.101415],[19.918281,50.101385]]]}},{"type":"Feature","id":"w323161941","properties":{"type":"yes","residential":true,"residents_est":21,"h3_10":"8a1e2e79b16ffff","h3_11":"8b1e2e79b168fff"},"geometry":{"type":"Polygon","coordinates":[[[19.918852,50.102511],[19.918912,50.102452],[19.919001,50.102489],[19.919042,50.102448],[19.918951,50.102411],[19.91901,50.10235],[19.9191,50.102386],[19.91914,50.102345],[19.919052,50.102309],[19.919111,50.10225],[19.9192,50.102286],[19.919239,50.102245],[19.919151,50.102209],[19.91921,50.102148],[19.919299,50.102185],[19.919321,50.102162],[19.91945,50.102215],[19.91912,50.102543],[19.919047,50.102623],[19.918918,50.10257],[19.91894,50.102547],[19.918852,50.102511]]]}},{"type":"Feature","id":"w323161943","properties":{"type":"yes","residential":true,"residents_est":23,"h3_10":"8a1e2e79b16ffff","h3_11":"8b1e2e79b16cfff"},"geometry":{"type":"Polygon","coordinates":[[[19.918341,50.103025],[19.918399,50.102966],[19.918489,50.103003],[19.918539,50.102953],[19.918449,50.102916],[19.918509,50.102856],[19.918599,50.102893],[19.918649,50.102842],[19.918558,50.102805],[19.918618,50.102746],[19.918708,50.102783],[19.918758,50.102733],[19.918668,50.102696],[19.918727,50.102636],[19.918817,50.102673],[19.918844,50.102645],[19.91898,50.1027],[19.918539,50.103145],[19.918404,50.103089],[19.91843,50.103062],[19.918341,50.103025]]]}},{"type":"Feature","id":"w323161947","properties":{"type":"yes","residential":true,"residents_est":22,"h3_10":"8a1e2e79b16ffff","h3_11":"8b1e2e79b169fff"},"geometry":{"type":"Polygon","coordinates":[[[19.919509,50.102813],[19.919737,50.102583],[19.919741,50.102585],[19.919943,50.102374],[19.920073,50.102427],[19.920019,50.102481],[19.920119,50.102522],[19.92009,50.102552],[19.920079,50.102547],[19.920049,50.102578],[19.91996,50.102541],[19.91992,50.102581],[19.920009,50.102617],[19.91995,50.102676],[19.919861,50.10264],[19.919819,50.102682],[19.919908,50.102719],[19.919849,50.102779],[19.91976,50.102742],[19.919721,50.102782],[19.91981,50.102819],[19.91975,50.102879],[19.919661,50.102842],[19.919638,50.102865],[19.919509,50.102813]]]}},{"type":"Feature","id":"w323161948","properties":{"type":"yes","residential":true,"residents_est":23,"h3_10":"8a1e2e79b177fff","h3_11":"8b1e2e79b173fff"},"geometry":{"type":"Polygon","coordinates":[[[19.916032,50.102078],[19.916091,50.102019],[19.916181,50.102055],[19.91623,50.102006],[19.91614,50.101969],[19.9162,50.101909],[19.916289,50.101946],[19.916339,50.101895],[19.91625,50.101858],[19.916309,50.101798],[19.916399,50.101834],[19.916448,50.101786],[19.916358,50.101749],[19.916417,50.101689],[19.916507,50.101726],[19.916534,50.101699],[19.91667,50.101754],[19.916585,50.101834],[19.916589,50.101836],[19.916477,50.101943],[19.916481,50.101945],[19.91623,50.102198],[19.916094,50.102143],[19.916122,50.102115],[19.916032,50.102078]]]}},{"type":"Feature","id":"w323161949","properties":{"type":"terrace","levels":3.0,"residential":true,"residents_est":31,"h3_10":"8a1e2e79b147fff","h3_11":"8b1e2e79b140fff"},"geometry":{"type":"Polygon","coordinates":[[[19.917694,50.102036],[19.917754,50.101976],[19.917843,50.102013],[19.917883,50.101973],[19.917794,50.101936],[19.917853,50.101876],[19.917942,50.101912],[19.917983,50.101871],[19.917894,50.101834],[19.917953,50.101775],[19.918042,50.101811],[19.918083,50.101771],[19.917993,50.101734],[19.918052,50.101675],[19.918142,50.101711],[19.918164,50.101688],[19.918292,50.101741],[19.918212,50.101816],[19.918216,50.101818],[19.917966,50.10207],[19.917962,50.102068],[19.917889,50.102148],[19.91776,50.102095],[19.917783,50.102073],[19.917694,50.102036]]]}},{"type":"Feature","id":"w323161950","properties":{"type":"terrace","levels":3.0,"residential":true,"residents_est":35,"h3_10":"8a1e2e79b167fff","h3_11":"8b1e2e79b163fff"},"geometry":{"type":"Polygon","coordinates":[[[19.917827,50.102861],[19.917895,50.102799],[19.917918,50.102775],[19.917914,50.102773],[19.918026,50.102666],[19.918022,50.102664],[19.918136,50.102555],[19.918132,50.102554],[19.918273,50.102411],[19.918408,50.102467],[19.918381,50.102495],[19.91847,50.102531],[19.918411,50.102592],[19.918321,50.102555],[19.918272,50.102604],[19.918362,50.102641],[19.918303,50.1027],[19.918214,50.102664],[19.918163,50.102714],[19.918252,50.102751],[19.918193,50.102811],[19.918104,50.102775],[19.918054,50.102823],[19.918143,50.102861],[19.918082,50.102922],[19.917994,50.102885],[19.917961,50.102917],[19.917827,50.102861]]]}},{"type":"Feature","id":"w323161951","properties":{"type":"yes","residential":true,"residents_est":22,"h3_10":"8a1e2e79b157fff","h3_11":"8b1e2e79b155fff"},"geometry":{"type":"Polygon","coordinates":[[[19.916538,50.101563],[19.916598,50.101502],[19.91669,50.10154],[19.916729,50.1015],[19.916638,50.101462],[19.916697,50.101403],[19.916789,50.10144],[19.916831,50.101399],[19.916738,50.10136],[19.916797,50.101301],[19.916889,50.101339],[19.916929,50.101298],[19.916837,50.10126],[19.916897,50.1012],[19.916988,50.101238],[19.917011,50.101215],[19.917141,50.101268],[19.916909,50.101496],[19.916814,50.101599],[19.91681,50.101597],[19.916761,50.101646],[19.916765,50.101647],[19.91674,50.101672],[19.916759,50.101679],[19.916728,50.101711],[19.916581,50.10165],[19.91663,50.101601],[19.916538,50.101563]]]}},{"type":"Feature","id":"w323161952","properties":{"type":"yes","residential":true,"residents_est":21,"h3_10":"8a1e2e79b157fff","h3_11":"8b1e2e79b150fff"},"geometry":{"type":"Polygon","coordinates":[[[19.916012,50.101421],[19.916416,50.101012],[19.916544,50.101065],[19.916521,50.101089],[19.91661,50.101124],[19.91655,50.101183],[19.916463,50.101148],[19.916422,50.101188],[19.91651,50.101225],[19.916451,50.101284],[19.916363,50.101248],[19.916321,50.101291],[19.916409,50.101327],[19.916351,50.101386],[19.916263,50.10135],[19.916223,50.101391],[19.91631,50.101427],[19.916251,50.101486],[19.916164,50.10145],[19.916141,50.101473],[19.916012,50.101421]]]}},{"type":"Feature","id":"w323161953","properties":{"type":"terrace","levels":3.0,"residential":true,"residents_est":31,"h3_10":"8a1e2e79b16ffff","h3_11":"8b1e2e79b16afff"},"geometry":{"type":"Polygon","coordinates":[[[19.918354,50.102339],[19.918611,50.102086],[19.918758,50.101931],[19.918888,50.101984],[19.918865,50.102007],[19.918954,50.102044],[19.918894,50.102104],[19.918805,50.102067],[19.918785,50.102087],[19.918763,50.10211],[19.918852,50.102147],[19.918795,50.102204],[19.918706,50.102167],[19.918683,50.102189],[19.918664,50.102209],[19.918754,50.102246],[19.918694,50.102306],[19.918605,50.102269],[19.918565,50.102309],[19.918654,50.102346],[19.918595,50.102406],[19.918505,50.102369],[19.918484,50.102392],[19.918354,50.102339]]]}},{"type":"Feature","id":"w323161954","properties":{"type":"yes","residential":true,"residents_est":21,"h3_10":"8a1e2e79b147fff","h3_11":"8b1e2e79b140fff"},"geometry":{"type":"Polygon","coordinates":[[[19.917196,50.101864],[19.917278,50.101788],[19.917274,50.101787],[19.917478,50.101587],[19.917474,50.101585],[19.917601,50.101457],[19.917729,50.101509],[19.917705,50.101533],[19.917797,50.10157],[19.917738,50.101629],[19.917647,50.101592],[19.917607,50.101632],[19.917698,50.10167],[19.917638,50.10173],[19.917548,50.101692],[19.917507,50.101734],[19.917599,50.101771],[19.917538,50.101831],[19.917447,50.101794],[19.917407,50.101834],[19.917498,50.101872],[19.917439,50.101931],[19.917348,50.101894],[19.917325,50.101917],[19.917196,50.101864]]]}},{"type":"Feature","id":"w323161966","properties":{"type":"terrace","levels":1.0,"residential":true,"residents_est":17,"h3_10":"8a1e2e79b14ffff","h3_11":"8b1e2e79b14dfff"},"geometry":{"type":"Polygon","coordinates":[[[19.91938,50.101835],[19.919465,50.101748],[19.920541,50.10219],[19.920499,50.102232],[19.920515,50.102238],[19.920493,50.102259],[19.920478,50.102253],[19.920454,50.102276],[19.920391,50.10225],[19.920337,50.102304],[19.920245,50.102266],[19.920299,50.102212],[19.920238,50.102187],[19.920178,50.102163],[19.920125,50.102217],[19.920033,50.10218],[19.920086,50.102125],[19.920025,50.1021],[19.919963,50.102075],[19.919909,50.102129],[19.919817,50.102092],[19.919871,50.102037],[19.919751,50.101989],[19.919698,50.102043],[19.919606,50.102005],[19.919659,50.10195],[19.919536,50.1019],[19.919483,50.101954],[19.91939,50.101916],[19.919444,50.101861],[19.91938,50.101835]]]}},{"type":"Feature","id":"w323161968","properties":{"type":"yes","residential":true,"residents_est":34,"h3_10":"8a1e2e79b177fff","h3_11":"8b1e2e79b172fff"},"geometry":{"type":"Polygon","coordinates":[[[19.91527,50.10216],[19.915631,50.101795],[19.915685,50.101747],[19.915681,50.101745],[19.915903,50.101527],[19.915899,50.101525],[19.915931,50.101493],[19.916065,50.101548],[19.916038,50.101576],[19.916127,50.101612],[19.916068,50.101672],[19.915979,50.101636],[19.915931,50.101685],[19.91602,50.101721],[19.915961,50.101782],[19.915872,50.101745],[19.915821,50.101795],[19.91591,50.101833],[19.915851,50.101892],[19.915761,50.101855],[19.915711,50.101906],[19.915801,50.101942],[19.915743,50.102001],[19.915654,50.101965],[19.915628,50.10199],[19.915603,50.102016],[19.915692,50.102053],[19.915634,50.102113],[19.915544,50.102076],[19.915495,50.102125],[19.915583,50.102161],[19.915525,50.102221],[19.915436,50.102185],[19.915406,50.102215],[19.91527,50.10216]]]}},{"type":"Feature","id":"w323161969","properties":{"type":"apartments","levels":2.0,"address":"Wiarusa 40","residential":true,"residents_est":28,"h3_10":"8a1e2e79b15ffff","h3_11":"8b1e2e79b15bfff"},"geometry":{"type":"Polygon","coordinates":[[[19.917948,50.100435],[19.917967,50.100411],[19.918011,50.100402],[19.918006,50.100392],[19.918081,50.100377],[19.918086,50.100386],[19.918129,50.100377],[19.918163,50.100388],[19.918176,50.100372],[19.918261,50.100401],[19.918249,50.100416],[19.918404,50.100468],[19.918483,50.10037],[19.918455,50.10036],[19.918501,50.100308],[19.918526,50.100317],[19.918545,50.100294],[19.918588,50.100285],[19.918583,50.100276],[19.918658,50.10026],[19.918663,50.10027],[19.918706,50.100262],[19.918744,50.100274],[19.918758,50.100303],[19.918738,50.100327],[19.91866,50.100343],[19.918667,50.100358],[19.918592,50.100452],[19.91858,50.100448],[19.918557,50.100477],[19.918546,50.100473],[19.918518,50.100508],[19.918684,50.100563],[19.918696,50.100547],[19.918778,50.100574],[19.918765,50.10059],[19.918799,50.100601],[19.91885,50.100704],[19.91875,50.100726],[19.918724,50.100676],[19.9187,50.10068],[19.91855,50.100631],[19.918556,50.100623],[19.918484,50.100599],[19.918478,50.100606],[19.918421,50.100587],[19.918408,50.100603],[19.918352,50.100584],[19.918365,50.100568],[19.918307,50.100549],[19.918312,50.100542],[19.918241,50.100518],[19.918235,50.100525],[19.918085,50.100475],[19.918077,50.10046],[19.917999,50.100476],[19.917963,50.100463],[19.917948,50.100435]]]}},{"type":"Feature","id":"w323161990","properties":{"type":"yes","address":"Wiarusa 33","residential":true,"residents_est":2,"h3_10":"8a1e2e79b10ffff","h3_11":"8b1e2e79b10dfff"},"geometry":{"type":"Polygon","coordinates":[[[19.914962,50.101878],[19.915018,50.10182],[19.915144,50.101871],[19.91509,50.101926],[19.915103,50.101931],[19.915047,50.101989],[19.914968,50.101956],[19.914979,50.101895],[19.914987,50.101887],[19.914962,50.101878]]]}},{"type":"Feature","id":"w361557865","properties":{"type":"apartments","levels":4.0,"address":"Pękowicka 37","residential":true,"residents_est":20,"h3_10":"8a1e2e79b0d7fff","h3_11":"8b1e2e79b0d5fff"},"geometry":{"type":"Polygon","coordinates":[[[19.916336,50.096457],[19.916411,50.09632],[19.916735,50.096393],[19.916705,50.096449],[19.916685,50.096444],[19.916671,50.09647],[19.916691,50.096474],[19.916661,50.09653],[19.916336,50.096457]]]}},{"type":"Feature","id":"w361557866","properties":{"type":"apartments","levels":4.0,"address":"Pękowicka 37A","residential":true,"residents_est":20,"h3_10":"8a1e2e79b0c7fff","h3_11":"8b1e2e79b0c6fff"},"geometry":{"type":"Polygon","coordinates":[[[19.916876,50.096578],[19.916906,50.096523],[19.916926,50.096527],[19.91694,50.096501],[19.91692,50.096497],[19.91695,50.096442],[19.917274,50.096515],[19.917201,50.096651],[19.916876,50.096578]]]}},{"type":"Feature","id":"w361557867","properties":{"type":"apartments","levels":4.0,"address":"Pękowicka 37B","residential":true,"residents_est":20,"h3_10":"8a1e2e79b0c7fff","h3_11":"8b1e2e79b0c0fff"},"geometry":{"type":"Polygon","coordinates":[[[19.917368,50.09677],[19.917483,50.096562],[19.917696,50.096611],[19.91758,50.096819],[19.917494,50.096799],[19.917501,50.096787],[19.917462,50.096778],[19.917454,50.09679],[19.917368,50.09677]]]}},{"type":"Feature","id":"w361557868","properties":{"type":"apartments","levels":4.0,"address":"Pękowicka 37C","residential":true,"residents_est":20,"h3_10":"8a1e2e79b0c7fff","h3_11":"8b1e2e79b0c0fff"},"geometry":{"type":"Polygon","coordinates":[[[19.917795,50.096869],[19.917911,50.096661],[19.918124,50.09671],[19.918008,50.096918],[19.917921,50.096898],[19.917928,50.096885],[19.917908,50.09688],[19.917889,50.096876],[19.917882,50.096889],[19.917795,50.096869]]]}},{"type":"Feature","id":"w435312365","properties":{"type":"retail","levels":1.0,"address":"Władysława Łokietka 136","name":"Biedronka","residential":false,"residents_est":0,"h3_10":"8a1e2e79b087fff","h3_11":"8b1e2e79b085fff"},"geometry":{"type":"Polygon","coordinates":[[[19.912366,50.096986],[19.912521,50.096784],[19.912794,50.096871],[19.912831,50.096823],[19.913069,50.096898],[19.912998,50.096991],[19.913029,50.097001],[19.912909,50.097158],[19.912366,50.096986]]]}},{"type":"Feature","id":"w442234798","properties":{"type":"apartments","levels":4.0,"address":"Pękowicka 37D","residential":true,"residents_est":28,"h3_10":"8a1e2e79b0c7fff","h3_11":"8b1e2e79b0c5fff"},"geometry":{"type":"Polygon","coordinates":[[[19.918163,50.097064],[19.918333,50.096767],[19.918541,50.096817],[19.918449,50.096976],[19.918434,50.096973],[19.918422,50.096994],[19.918437,50.096997],[19.91837,50.097113],[19.918249,50.09708],[19.918247,50.097084],[19.918163,50.097064]]]}},{"type":"Feature","id":"w442234799","properties":{"type":"apartments","levels":4.0,"address":"Pękowicka 37E","residential":true,"residents_est":28,"h3_10":"8a1e2e79b0effff","h3_11":"8b1e2e79b0eafff"},"geometry":{"type":"Polygon","coordinates":[[[19.918626,50.097174],[19.91868,50.097079],[19.918684,50.097074],[19.918697,50.097077],[19.918709,50.097056],[19.918695,50.097053],[19.918796,50.096878],[19.919004,50.096928],[19.918833,50.097224],[19.918751,50.0972],[19.918626,50.097174]]]}},{"type":"Feature","id":"w456751344","properties":{"type":"yes","address":"Władysława Łokietka 137","name":"Żabka","residential":true,"residents_est":2,"h3_10":"8a1e2e79b0affff","h3_11":"8b1e2e79b0aefff"},"geometry":{"type":"Polygon","coordinates":[[[19.913278,50.097366],[19.913463,50.097328],[19.913495,50.097403],[19.913329,50.097433],[19.913312,50.097395],[19.913292,50.097398],[19.913278,50.097366]]]}},{"type":"Feature","id":"w480285735","properties":{"type":"service","residential":false,"residents_est":0,"h3_10":"8a1e2e79b18ffff","h3_11":"8b1e2e79b18cfff"},"geometry":{"type":"Polygon","coordinates":[[[19.911736,50.099153],[19.91177,50.099111],[19.911831,50.099132],[19.911796,50.099174],[19.911736,50.099153]]]}},{"type":"Feature","id":"w686959295","properties":{"type":"residential","address":"Pękowicka 70","residential":true,"residents_est":20,"h3_10":"8a1e2e79b007fff","h3_11":"8b1e2e79b000fff"},"geometry":{"type":"Polygon","coordinates":[[[19.915003,50.09943],[19.915016,50.099403],[19.915029,50.099406],[19.915039,50.099385],[19.915026,50.099382],[19.915055,50.099321],[19.91539,50.099384],[19.915335,50.099498],[19.915315,50.099494],[19.915299,50.099526],[19.915168,50.0995],[19.915174,50.099487],[19.915105,50.099473],[19.915099,50.099486],[19.915014,50.099469],[19.91503,50.099435],[19.915003,50.09943]]]}},{"type":"Feature","id":"w686959296","properties":{"type":"residential","address":"Władysława Łokietka 144","residential":true,"residents_est":20,"h3_10":"8a1e2e79b007fff","h3_11":"8b1e2e79b000fff"},"geometry":{"type":"Polygon","coordinates":[[[19.915145,50.099167],[19.915184,50.099086],[19.915162,50.099081],[19.915184,50.099037],[19.915215,50.099033],[19.915248,50.099039],[19.915253,50.099029],[19.915535,50.099086],[19.91548,50.099199],[19.91546,50.099195],[19.915444,50.099227],[19.915313,50.099201],[19.915319,50.099188],[19.91525,50.099174],[19.915243,50.099187],[19.915145,50.099167]]]}},{"type":"Feature","id":"w686959297","properties":{"type":"residential","address":"Pękowicka 72","residential":true,"residents_est":28,"h3_10":"8a1e2e79b007fff","h3_11":"8b1e2e79b006fff"},"geometry":{"type":"Polygon","coordinates":[[[19.91455,50.099179],[19.914552,50.099135],[19.914627,50.099129],[19.914627,50.099123],[19.91466,50.099123],[19.91466,50.099117],[19.91468,50.099114],[19.914846,50.099116],[19.914845,50.099182],[19.914824,50.099182],[19.914823,50.099207],[19.914833,50.099218],[19.914829,50.099393],[19.914751,50.099392],[19.914742,50.099381],[19.914688,50.09938],[19.914687,50.099394],[19.914644,50.099393],[19.914614,50.09939],[19.914614,50.099372],[19.914573,50.099372],[19.914574,50.099345],[19.914555,50.099345],[19.914556,50.099309],[19.914579,50.099309],[19.914582,50.09918],[19.91455,50.099179]]]}},{"type":"Feature","id":"w686959298","properties":{"type":"apartments","address":"Pękowicka 74","residential":true,"residents_est":9,"h3_10":"8a1e2e79b007fff","h3_11":"8b1e2e79b006fff"},"geometry":{"type":"Polygon","coordinates":[[[19.914395,50.099212],[19.914382,50.099214],[19.914364,50.099166],[19.914113,50.099205],[19.914124,50.099232],[19.914148,50.09924],[19.914196,50.099233],[19.914201,50.099246],[19.914235,50.099253],[19.914242,50.099269],[19.914313,50.099258],[19.91431,50.099249],[19.91435,50.099243],[19.914354,50.099252],[19.914406,50.099243],[19.914395,50.099212]],[[19.914403,50.099238],[19.914402,50.099239],[19.914402,50.099237],[19.914403,50.099238]]]}},{"type":"Feature","id":"w693632132","properties":{"type":"industrial","address":"Starego Wiarusa 22","residential":false,"residents_est":0,"h3_10":"8a1e2e79b027fff","h3_11":"8b1e2e79b026fff"},"geometry":{"type":"Polygon","coordinates":[[[19.913938,50.100402],[19.914383,50.100369],[19.914404,50.100464],[19.913957,50.100499],[19.913938,50.100402]]]}},{"type":"Feature","id":"w706379896","properties":{"type":"yes","residential":false,"residents_est":0,"h3_10":"8a1e2e79b157fff","h3_11":"8b1e2e79b152fff"},"geometry":{"type":"Polygon","coordinates":[[[19.915979,50.100665],[19.91606,50.100654],[19.916069,50.10068],[19.915987,50.100691],[19.915979,50.100665]]]}},{"type":"Feature","id":"w706379897","properties":{"type":"yes","residential":false,"residents_est":0,"h3_10":"8a1e2e79b157fff","h3_11":"8b1e2e79b152fff"},"geometry":{"type":"Polygon","coordinates":[[[19.916162,50.100684],[19.916242,50.100673],[19.916259,50.100721],[19.916179,50.100732],[19.916162,50.100684]]]}},{"type":"Feature","id":"w706379898","properties":{"type":"yes","residential":false,"residents_est":0,"h3_10":"8a1e2e79b157fff","h3_11":"8b1e2e79b152fff"},"geometry":{"type":"Polygon","coordinates":[[[19.916233,50.100656],[19.916288,50.100642],[19.916322,50.1007],[19.91627,50.100714],[19.916233,50.100656]]]}},{"type":"Feature","id":"w706379899","properties":{"type":"yes","residential":true,"residents_est":2,"h3_10":"8a1e2e79b157fff","h3_11":"8b1e2e79b153fff"},"geometry":{"type":"Polygon","coordinates":[[[19.916296,50.100654],[19.916568,50.10059],[19.916594,50.100636],[19.916322,50.1007],[19.916296,50.100654]]]}},{"type":"Feature","id":"w706379900","properties":{"type":"yes","residential":true,"residents_est":0,"h3_10":"8a1e2e79b02ffff","h3_11":"8b1e2e79b02dfff"},"geometry":{"type":"Polygon","coordinates":[[[19.916656,50.100406],[19.916679,50.100364],[19.916877,50.100409],[19.916854,50.100451],[19.916656,50.100406]]]}},{"type":"Feature","id":"w706379901","properties":{"type":"yes","residential":true,"residents_est":1,"h3_10":"8a1e2e79b157fff","h3_11":"8b1e2e79b153fff"},"geometry":{"type":"Polygon","coordinates":[[[19.9167,50.100552],[19.916938,50.100501],[19.916962,50.100548],[19.916725,50.100599],[19.9167,50.100552]]]}},{"type":"Feature","id":"w706399935","properties":{"type":"yes","residential":true,"residents_est":1,"h3_10":"8a1e2e79b1a7fff","h3_11":"8b1e2e79b1a5fff"},"geometry":{"type":"Polygon","coordinates":[[[19.910426,50.100785],[19.910557,50.100764],[19.910562,50.100772],[19.910582,50.100768],[19.910594,50.100795],[19.910439,50.10082],[19.910426,50.100785]]]}},{"type":"Feature","id":"w706399936","properties":{"type":"yes","residential":true,"residents_est":1,"h3_10":"8a1e2e79b1affff","h3_11":"8b1e2e79b1abfff"},"geometry":{"type":"Polygon","coordinates":[[[19.91202,50.099705],[19.912122,50.099688],[19.912158,50.099779],[19.912056,50.099795],[19.91202,50.099705]]]}},{"type":"Feature","id":"w706399937","properties":{"type":"yes","address":"Władysława Łokietka 165D","residential":true,"residents_est":1,"h3_10":"8a1e2e79b1affff","h3_11":"8b1e2e79b1abfff"},"geometry":{"type":"Polygon","coordinates":[[[19.911919,50.099721],[19.91202,50.099705],[19.912056,50.099795],[19.911946,50.099813],[19.911928,50.099765],[19.911936,50.099764],[19.911919,50.099721]]]}},{"type":"Feature","id":"w706399938","properties":{"type":"yes","residential":true,"residents_est":1,"h3_10":"8a1e2e79b1affff","h3_11":"8b1e2e79b1a8fff"},"geometry":{"type":"Polygon","coordinates":[[[19.911764,50.099746],[19.911866,50.09973],[19.911901,50.09982],[19.9118,50.099837],[19.911764,50.099746]]]}},{"type":"Feature","id":"w706399940","properties":{"type":"yes","address":"Władysława Łokietka 165C","residential":true,"residents_est":1,"h3_10":"8a1e2e79b1affff","h3_11":"8b1e2e79b1a8fff"},"geometry":{"type":"Polygon","coordinates":[[[19.911662,50.099763],[19.911764,50.099746],[19.9118,50.099837],[19.91169,50.099854],[19.911671,50.099807],[19.911679,50.099805],[19.911662,50.099763]]]}},{"type":"Feature","id":"w706399942","properties":{"type":"residential","address":"Władysława Łokietka 166","residential":true,"residents_est":12,"h3_10":"8a1e2e79b1a7fff","h3_11":"8b1e2e79b1a0fff"},"geometry":{"type":"Polygon","coordinates":[[[19.909781,50.100231],[19.90979,50.100135],[19.909863,50.100137],[19.909865,50.100119],[19.910018,50.100124],[19.910017,50.100143],[19.91009,50.100146],[19.91008,50.100242],[19.909931,50.100236],[19.909933,50.100222],[19.909906,50.100221],[19.909904,50.100235],[19.909781,50.100231]]]}},{"type":"Feature","id":"w706399943","properties":{"type":"residential","address":"Władysława Łokietka 166A","residential":true,"residents_est":13,"h3_10":"8a1e2e79b1a7fff","h3_11":"8b1e2e79b1a6fff"},"geometry":{"type":"Polygon","coordinates":[[[19.90936,50.100146],[19.909434,50.100143],[19.909432,50.100125],[19.909586,50.100119],[19.909587,50.100137],[19.90966,50.100135],[19.909669,50.100231],[19.909523,50.100236],[19.909521,50.100222],[19.909494,50.100223],[19.909495,50.100237],[19.90937,50.100242],[19.90936,50.100146]]]}},{"type":"Feature","id":"w706399944","properties":{"type":"residential","address":"Władysława Łokietka 166B","residential":true,"residents_est":13,"h3_10":"8a1e2e79b1a7fff","h3_11":"8b1e2e79b1a6fff"},"geometry":{"type":"Polygon","coordinates":[[[19.908937,50.100189],[19.909009,50.100181],[19.909004,50.100163],[19.909156,50.100146],[19.909161,50.100165],[19.909233,50.100156],[19.90926,50.100251],[19.909113,50.100268],[19.909109,50.100254],[19.909084,50.100256],[19.909088,50.10027],[19.908963,50.100285],[19.908937,50.100189]]]}},{"type":"Feature","id":"w706399945","properties":{"type":"residential","address":"Władysława Łokietka 168A","residential":true,"residents_est":13,"h3_10":"8a1e2e79b1a7fff","h3_11":"8b1e2e79b1a6fff"},"geometry":{"type":"Polygon","coordinates":[[[19.909111,50.100356],[19.909183,50.100352],[19.909181,50.100334],[19.909334,50.100326],[19.909337,50.100346],[19.909409,50.100342],[19.909422,50.100436],[19.909275,50.100444],[19.909273,50.10043],[19.909246,50.100431],[19.909248,50.100446],[19.909123,50.100453],[19.909111,50.100356]]]}},{"type":"Feature","id":"w706399946","properties":{"type":"residential","address":"Władysława Łokietka 168","residential":true,"residents_est":13,"h3_10":"8a1e2e79b1a7fff","h3_11":"8b1e2e79b1a0fff"},"geometry":{"type":"Polygon","coordinates":[[[19.909533,50.100436],[19.909539,50.100339],[19.909613,50.100341],[19.909613,50.100322],[19.909766,50.100326],[19.909765,50.100344],[19.909838,50.100346],[19.909833,50.100442],[19.909685,50.100439],[19.909686,50.100425],[19.909659,50.100424],[19.909658,50.100439],[19.909533,50.100436]]]}},{"type":"Feature","id":"w706399947","properties":{"type":"yes","residential":true,"residents_est":2,"h3_10":"8a1e2e79b1b7fff","h3_11":"8b1e2e79b1b2fff"},"geometry":{"type":"Polygon","coordinates":[[[19.907826,50.099122],[19.907847,50.099118],[19.907832,50.099083],[19.907989,50.099055],[19.90801,50.099108],[19.908038,50.099103],[19.908051,50.099133],[19.908023,50.099138],[19.908045,50.09919],[19.90789,50.099217],[19.907888,50.099213],[19.9079,50.099211],[19.907887,50.09918],[19.907853,50.099186],[19.907826,50.099122]]]}},{"type":"Feature","id":"w706399948","properties":{"type":"yes","residential":true,"residents_est":2,"h3_10":"8a1e2e79b1b7fff","h3_11":"8b1e2e79b1b2fff"},"geometry":{"type":"Polygon","coordinates":[[[19.907889,50.09927],[19.907923,50.099264],[19.907909,50.099233],[19.907895,50.099232],[19.908051,50.099204],[19.908074,50.099257],[19.908101,50.099252],[19.908114,50.099281],[19.908086,50.099286],[19.908109,50.099338],[19.907953,50.099366],[19.907938,50.099331],[19.907917,50.099334],[19.907889,50.09927]]]}},{"type":"Feature","id":"w706399949","properties":{"type":"yes","residential":true,"residents_est":3,"h3_10":"8a1e2e79b1b7fff","h3_11":"8b1e2e79b1b2fff"},"geometry":{"type":"Polygon","coordinates":[[[19.90824,50.099067],[19.908267,50.099063],[19.908245,50.099011],[19.9084,50.098983],[19.908415,50.099018],[19.908438,50.099014],[19.908465,50.099078],[19.908432,50.099084],[19.908445,50.099115],[19.908459,50.099117],[19.908302,50.099145],[19.908279,50.099092],[19.908252,50.099097],[19.90824,50.099067]]]}},{"type":"Feature","id":"w706399950","properties":{"type":"yes","residential":true,"residents_est":3,"h3_10":"8a1e2e79b1b7fff","h3_11":"8b1e2e79b1b2fff"},"geometry":{"type":"Polygon","coordinates":[[[19.908302,50.099216],[19.90833,50.099211],[19.908308,50.099159],[19.908464,50.099131],[19.908466,50.099135],[19.908454,50.099137],[19.908467,50.099169],[19.908501,50.099163],[19.908528,50.099227],[19.908507,50.099231],[19.908522,50.099266],[19.908365,50.099293],[19.908343,50.099241],[19.908315,50.099246],[19.908302,50.099216]]]}},{"type":"Feature","id":"w706399951","properties":{"type":"yes","residential":true,"residents_est":2,"h3_10":"8a1e2e79b197fff","h3_11":"8b1e2e79b194fff"},"geometry":{"type":"Polygon","coordinates":[[[19.908558,50.098995],[19.908579,50.098991],[19.908564,50.098956],[19.908717,50.098929],[19.908739,50.098981],[19.908767,50.098976],[19.908778,50.099003],[19.90875,50.099008],[19.908773,50.09906],[19.90862,50.099087],[19.908632,50.099084],[19.908617,50.09905],[19.908584,50.099056],[19.908558,50.098995]]]}},{"type":"Feature","id":"w706399952","properties":{"type":"yes","residential":true,"residents_est":2,"h3_10":"8a1e2e79b1b7fff","h3_11":"8b1e2e79b1b3fff"},"geometry":{"type":"Polygon","coordinates":[[[19.908621,50.099143],[19.908654,50.099137],[19.90864,50.099103],[19.90878,50.099078],[19.908802,50.09913],[19.90883,50.099125],[19.908841,50.099152],[19.908813,50.099157],[19.908836,50.099209],[19.908683,50.099236],[19.908668,50.099201],[19.908647,50.099205],[19.908621,50.099143]]]}},{"type":"Feature","id":"w706399953","properties":{"type":"yes","residential":true,"residents_est":2,"h3_10":"8a1e2e79b197fff","h3_11":"8b1e2e79b195fff"},"geometry":{"type":"Polygon","coordinates":[[[19.908971,50.098941],[19.908999,50.098936],[19.908977,50.098883],[19.909129,50.098857],[19.909144,50.098892],[19.909166,50.098888],[19.909192,50.098949],[19.909158,50.098955],[19.909172,50.098989],[19.909033,50.099015],[19.90901,50.098962],[19.908983,50.098967],[19.908971,50.098941]]]}},{"type":"Feature","id":"w706399954","properties":{"type":"yes","residential":true,"residents_est":3,"h3_10":"8a1e2e79b1b7fff","h3_11":"8b1e2e79b1b3fff"},"geometry":{"type":"Polygon","coordinates":[[[19.909035,50.099089],[19.909062,50.099084],[19.90904,50.099032],[19.909192,50.099005],[19.909181,50.099009],[19.909195,50.099042],[19.909229,50.099036],[19.909255,50.099098],[19.909233,50.099102],[19.909248,50.099137],[19.909096,50.099163],[19.909074,50.099111],[19.909046,50.099116],[19.909035,50.099089]]]}},{"type":"Feature","id":"w706399955","properties":{"type":"yes","residential":true,"residents_est":3,"h3_10":"8a1e2e79b197fff","h3_11":"8b1e2e79b195fff"},"geometry":{"type":"Polygon","coordinates":[[[19.909287,50.098866],[19.909309,50.098863],[19.909294,50.098827],[19.909447,50.098801],[19.909469,50.098853],[19.909496,50.098848],[19.909508,50.098875],[19.90948,50.09888],[19.909502,50.098932],[19.909361,50.098956],[19.909347,50.098922],[19.909313,50.098928],[19.909287,50.098866]]]}},{"type":"Feature","id":"w706399956","properties":{"type":"yes","residential":true,"residents_est":2,"h3_10":"8a1e2e79b187fff","h3_11":"8b1e2e79b186fff"},"geometry":{"type":"Polygon","coordinates":[[[19.909351,50.099015],[19.909384,50.099009],[19.90937,50.098975],[19.909357,50.098976],[19.90951,50.09895],[19.909532,50.099002],[19.90956,50.098997],[19.909571,50.099024],[19.909543,50.099029],[19.909565,50.099081],[19.909413,50.099108],[19.909398,50.099073],[19.909376,50.099077],[19.909351,50.099015]]]}},{"type":"Feature","id":"w706399957","properties":{"type":"yes","residential":true,"residents_est":1,"h3_10":"8a1e2e79b187fff","h3_11":"8b1e2e79b182fff"},"geometry":{"type":"Polygon","coordinates":[[[19.90972,50.098945],[19.909809,50.098934],[19.909836,50.099009],[19.909794,50.099016],[19.909799,50.099029],[19.909752,50.099035],[19.90972,50.098945]]]}},{"type":"Feature","id":"w706399958","properties":{"type":"yes","residential":true,"residents_est":1,"h3_10":"8a1e2e79b187fff","h3_11":"8b1e2e79b182fff"},"geometry":{"type":"Polygon","coordinates":[[[19.909809,50.098934],[19.909898,50.098918],[19.909931,50.099009],[19.909882,50.099016],[19.909877,50.099003],[19.909836,50.099009],[19.909809,50.098934]]]}},{"type":"Feature","id":"w706399959","properties":{"type":"yes","residential":true,"residents_est":1,"h3_10":"8a1e2e79b187fff","h3_11":"8b1e2e79b182fff"},"geometry":{"type":"Polygon","coordinates":[[[19.9099,50.098921],[19.909985,50.098906],[19.910017,50.098997],[19.90997,50.099004],[19.909965,50.09899],[19.909927,50.098996],[19.9099,50.098921]]]}},{"type":"Feature","id":"w706399960","properties":{"type":"yes","residential":true,"residents_est":1,"h3_10":"8a1e2e79b187fff","h3_11":"8b1e2e79b183fff"},"geometry":{"type":"Polygon","coordinates":[[[19.910324,50.09888],[19.910414,50.098879],[19.910422,50.098956],[19.91038,50.098958],[19.910382,50.098972],[19.910334,50.098974],[19.910324,50.09888]]]}},{"type":"Feature","id":"w706399961","properties":{"type":"yes","residential":true,"residents_est":1,"h3_10":"8a1e2e79b187fff","h3_11":"8b1e2e79b183fff"},"geometry":{"type":"Polygon","coordinates":[[[19.910414,50.098879],[19.910506,50.098872],[19.910516,50.098965],[19.910466,50.098967],[19.910465,50.098954],[19.910422,50.098956],[19.910414,50.098879]]]}},{"type":"Feature","id":"w706399962","properties":{"type":"yes","residential":true,"residents_est":1,"h3_10":"8a1e2e79b187fff","h3_11":"8b1e2e79b183fff"},"geometry":{"type":"Polygon","coordinates":[[[19.910507,50.098875],[19.910594,50.098868],[19.910605,50.098961],[19.910557,50.098963],[19.910555,50.09895],[19.910515,50.098952],[19.910507,50.098875]]]}},{"type":"Feature","id":"w706399964","properties":{"type":"yes","residential":false,"residents_est":0,"h3_10":"8a1e2e79b18ffff","h3_11":"8b1e2e79b18efff"},"geometry":{"type":"Polygon","coordinates":[[[19.911199,50.098972],[19.911214,50.098925],[19.911296,50.098935],[19.911281,50.098983],[19.911199,50.098972]]]}},{"type":"Feature","id":"w706399967","properties":{"type":"yes","residential":true,"residents_est":3,"h3_10":"8a1e2e79b187fff","h3_11":"8b1e2e79b182fff"},"geometry":{"type":"Polygon","coordinates":[[[19.910023,50.098901],[19.910294,50.098882],[19.910311,50.098976],[19.910262,50.098979],[19.910259,50.098966],[19.910221,50.098969],[19.910223,50.098982],[19.910172,50.098986],[19.910169,50.098972],[19.910086,50.098978],[19.910089,50.098992],[19.91004,50.098995],[19.910023,50.098901]]]}},{"type":"Feature","id":"w706399972","properties":{"type":"yes","residential":true,"residents_est":1,"h3_10":"8a1e2e79b09ffff","h3_11":"8b1e2e79b09dfff"},"geometry":{"type":"Polygon","coordinates":[[[19.913574,50.096036],[19.913601,50.096001],[19.913738,50.096044],[19.913711,50.09608],[19.913574,50.096036]]]}},{"type":"Feature","id":"r18210587","properties":{"type":"commercial","levels":2.0,"address":"Władysława Łokietka 136A","residential":false,"residents_est":0,"h3_10":"8a1e2e79b0a7fff","h3_11":"8b1e2e79b0a2fff"},"geometry":{"type":"MultiPolygon","coordinates":[[[[19.911961,50.097291],[19.912018,50.097285],[19.911974,50.097123],[19.912128,50.097106],[19.912184,50.097313],[19.911974,50.097337],[19.911961,50.097291]]],[[[19.911988,50.097363],[19.912191,50.097341],[19.912218,50.097441],[19.912135,50.09745],[19.912153,50.097517],[19.912096,50.097524],[19.912089,50.097501],[19.912027,50.097508],[19.911988,50.097363]]]]}},{"type":"Feature","id":"w706399975","properties":{"type":"apartments","residential":true,"residents_est":21,"h3_10":"8a1e2e79b197fff","h3_11":"8b1e2e79b192fff"},"geometry":{"type":"Polygon","coordinates":[[[19.908187,50.098285],[19.908299,50.098248],[19.908379,50.098236],[19.908375,50.098224],[19.908473,50.09821],[19.908468,50.098193],[19.908568,50.098178],[19.908609,50.098293],[19.908574,50.098299],[19.908577,50.098306],[19.908214,50.098359],[19.908187,50.098285]]]}},{"type":"Feature","id":"w713725086","properties":{"type":"service","residential":false,"residents_est":0,"h3_10":"8a1e2e79b09ffff","h3_11":"8b1e2e79b099fff"},"geometry":{"type":"Polygon","coordinates":[[[19.913422,50.095434],[19.913439,50.09541],[19.913508,50.095431],[19.913491,50.095454],[19.913422,50.095434]]]}},{"type":"Feature","id":"w713731143","properties":{"type":"yes","address":"Władysława Łokietka 113","residential":true,"residents_est":7,"h3_10":"8a1e2e79b0d7fff","h3_11":"8b1e2e79b0d2fff"},"geometry":{"type":"Polygon","coordinates":[[[19.91568,50.095355],[19.915703,50.095295],[19.915763,50.095303],[19.915775,50.095272],[19.915893,50.09529],[19.915887,50.09531],[19.915998,50.095322],[19.91597,50.095399],[19.915922,50.095391],[19.915892,50.095475],[19.915785,50.095459],[19.915815,50.095375],[19.915802,50.095373],[19.915806,50.095365],[19.915778,50.095361],[19.915777,50.095367],[19.91568,50.095355]]]}},{"type":"Feature","id":"w881024936","properties":{"type":"apartments","levels":4.0,"address":"Pękowicka 37F","residential":true,"residents_est":28,"h3_10":"8a1e2e79b0effff","h3_11":"8b1e2e79b0ebfff"},"geometry":{"type":"Polygon","coordinates":[[[19.919066,50.097279],[19.919237,50.096983],[19.919445,50.097032],[19.919352,50.097192],[19.919339,50.097189],[19.919327,50.09721],[19.91934,50.097214],[19.919273,50.097329],[19.919189,50.097309],[19.919191,50.097305],[19.919066,50.097279]]]}},{"type":"Feature","id":"w881024937","properties":{"type":"apartments","levels":4.0,"address":"Pękowicka 37G","residential":true,"residents_est":17,"h3_10":"8a1e2e79b0effff","h3_11":"8b1e2e79b0e9fff"},"geometry":{"type":"Polygon","coordinates":[[[19.919509,50.097384],[19.91954,50.097344],[19.919545,50.097339],[19.919554,50.097342],[19.919573,50.097318],[19.919563,50.097315],[19.919668,50.097181],[19.919673,50.097176],[19.919683,50.097179],[19.919701,50.097156],[19.919691,50.097152],[19.919727,50.097107],[19.919849,50.097141],[19.919624,50.097428],[19.919509,50.097384]]]}},{"type":"Feature","id":"w893453448","properties":{"type":"yes","residential":false,"residents_est":0,"h3_10":"8a1e2e79b18ffff","h3_11":"8b1e2e79b18afff"},"geometry":{"type":"Polygon","coordinates":[[[19.911601,50.098456],[19.911612,50.098417],[19.911703,50.098437],[19.911686,50.098474],[19.911601,50.098456]]]}},{"type":"Feature","id":"w893453449","properties":{"type":"garage","residential":false,"residents_est":0,"h3_10":"8a1e2e79b0a7fff","h3_11":"8b1e2e79b0a2fff"},"geometry":{"type":"Polygon","coordinates":[[[19.911648,50.097247],[19.911718,50.09724],[19.911733,50.097297],[19.911662,50.097305],[19.911648,50.097247]]]}},{"type":"Feature","id":"w893453450","properties":{"type":"detached","address":"Orlich Gniazd 11b","residential":true,"residents_est":5,"h3_10":"8a1e2e79b0b7fff","h3_11":"8b1e2e79b0b3fff"},"geometry":{"type":"Polygon","coordinates":[[[19.911121,50.096547],[19.911162,50.096525],[19.911148,50.096515],[19.911236,50.09647],[19.911248,50.09648],[19.91129,50.096458],[19.911411,50.096555],[19.911331,50.096596],[19.911293,50.096565],[19.911202,50.096612],[19.911121,50.096547]]]}},{"type":"Feature","id":"w893453451","properties":{"type":"garage","residential":false,"residents_est":0,"h3_10":"8a1e2e79b0b7fff","h3_11":"8b1e2e79b0b2fff"},"geometry":{"type":"Polygon","coordinates":[[[19.910777,50.096694],[19.910814,50.096666],[19.910887,50.096707],[19.910849,50.096734],[19.910777,50.096694]]]}},{"type":"Feature","id":"w893453454","properties":{"type":"yes","residential":false,"residents_est":0,"h3_10":"8a1e2e79b0affff","h3_11":"8b1e2e79b0abfff"},"geometry":{"type":"Polygon","coordinates":[[[19.914537,50.096827],[19.914618,50.096815],[19.914629,50.096841],[19.914546,50.096854],[19.914537,50.096827]]]}},{"type":"Feature","id":"w893453455","properties":{"type":"yes","residential":true,"residents_est":3,"h3_10":"8a1e2e79b0f7fff","h3_11":"8b1e2e79b0f6fff"},"geometry":{"type":"Polygon","coordinates":[[[19.915037,50.097242],[19.915078,50.097235],[19.915062,50.097194],[19.91522,50.097169],[19.915225,50.097183],[19.9153,50.097171],[19.915325,50.097267],[19.915175,50.09729],[19.915177,50.097294],[19.915061,50.097306],[19.915037,50.097242]]]}},{"type":"Feature","id":"w893453456","properties":{"type":"residential","levels":3.0,"address":"Pękowicka 73A","residential":true,"residents_est":11,"h3_10":"8a1e2e79b02ffff","h3_11":"8b1e2e79b028fff"},"geometry":{"type":"Polygon","coordinates":[[[19.916771,50.100026],[19.917114,50.099985],[19.917143,50.100087],[19.917091,50.100094],[19.917092,50.100098],[19.916798,50.100128],[19.916771,50.100026]]]}},{"type":"Feature","id":"w893654099","properties":{"type":"yes","residential":true,"residents_est":2,"h3_10":"8a1e2e79b12ffff","h3_11":"8b1e2e79b12afff"},"geometry":{"type":"Polygon","coordinates":[[[19.913556,50.101963],[19.913693,50.101947],[19.913699,50.10197],[19.913731,50.101966],[19.913725,50.101945],[19.913785,50.101938],[19.913791,50.101958],[19.913851,50.101951],[19.913865,50.101997],[19.913744,50.102011],[19.913734,50.101978],[19.913702,50.101982],[19.913712,50.102015],[19.913575,50.102031],[19.913556,50.101963]]]}},{"type":"Feature","id":"w893654100","properties":{"type":"yes","residential":true,"residents_est":1,"h3_10":"8a1e2e79b12ffff","h3_11":"8b1e2e79b12afff"},"geometry":{"type":"Polygon","coordinates":[[[19.913715,50.10191],[19.914004,50.101876],[19.914024,50.101944],[19.913887,50.10196],[19.913878,50.101927],[19.913845,50.10193],[19.913851,50.101951],[19.913791,50.101958],[19.913785,50.101938],[19.913725,50.101945],[19.913715,50.10191]]]}},{"type":"Feature","id":"w893654101","properties":{"type":"yes","residential":true,"residents_est":1,"h3_10":"8a1e2e79b10ffff","h3_11":"8b1e2e79b10cfff"},"geometry":{"type":"Polygon","coordinates":[[[19.914289,50.101838],[19.914578,50.101804],[19.914597,50.101872],[19.914461,50.101888],[19.914451,50.101855],[19.914419,50.101859],[19.914425,50.101879],[19.914365,50.101886],[19.914359,50.101866],[19.914299,50.101873],[19.914289,50.101838]]]}},{"type":"Feature","id":"w893654102","properties":{"type":"yes","residential":true,"residents_est":2,"h3_10":"8a1e2e79b10ffff","h3_11":"8b1e2e79b10cfff"},"geometry":{"type":"Polygon","coordinates":[[[19.91413,50.101891],[19.914266,50.101875],[19.914273,50.101897],[19.914305,50.101894],[19.914299,50.101873],[19.914359,50.101866],[19.914365,50.101886],[19.914425,50.101879],[19.914438,50.101925],[19.914317,50.101939],[19.914308,50.101906],[19.914276,50.101909],[19.914286,50.101943],[19.914149,50.101959],[19.91413,50.101891]]]}},{"type":"Feature","id":"w966751631","properties":{"type":"residential","address":"Pękowicka 73","residential":true,"residents_est":37,"h3_10":"8a1e2e79b02ffff","h3_11":"8b1e2e79b02efff"},"geometry":{"type":"Polygon","coordinates":[[[19.915606,50.100138],[19.916337,50.100073],[19.916373,50.100191],[19.916255,50.100201],[19.916247,50.100191],[19.916217,50.100194],[19.91622,50.100208],[19.915971,50.10023],[19.915969,50.100219],[19.915938,50.100221],[19.915941,50.100232],[19.915773,50.100247],[19.91577,50.100235],[19.915753,50.100237],[19.915756,50.100252],[19.915619,50.100265],[19.915606,50.100138]]]}},{"type":"Feature","id":"w1049554602","properties":{"type":"detached","levels":2.0,"residential":true,"residents_est":5,"h3_10":"8a1e2e79b087fff","h3_11":"8b1e2e79b086fff"},"geometry":{"type":"Polygon","coordinates":[[[19.911687,50.096665],[19.911733,50.096659],[19.911701,50.096552],[19.91183,50.096536],[19.911879,50.0967],[19.911704,50.096722],[19.911687,50.096665]]]}},{"type":"Feature","id":"w1049554605","properties":{"type":"detached","levels":2.0,"residential":true,"residents_est":1,"h3_10":"8a1e2e79b177fff","h3_11":"8b1e2e79b175fff"},"geometry":{"type":"Polygon","coordinates":[[[19.916198,50.102616],[19.916271,50.102542],[19.916337,50.102569],[19.916264,50.102643],[19.916198,50.102616]]]}},{"type":"Feature","id":"w1049554680","properties":{"type":"detached","levels":2.0,"address":"Orlich Gniazd 11A","residential":true,"residents_est":4,"h3_10":"8a1e2e79b097fff","h3_11":"8b1e2e79b095fff"},"geometry":{"type":"Polygon","coordinates":[[[19.911442,50.096383],[19.911513,50.096312],[19.911593,50.096345],[19.911598,50.09634],[19.911635,50.096355],[19.911631,50.09636],[19.911706,50.09639],[19.91161,50.096487],[19.911533,50.096455],[19.911563,50.096426],[19.911533,50.096414],[19.911528,50.096419],[19.911442,50.096383]]]}},{"type":"Feature","id":"w1116067882","properties":{"type":"residential","address":"Jordanowska 4A","residential":true,"residents_est":9,"h3_10":"8a1e2e79b09ffff","h3_11":"8b1e2e79b09dfff"},"geometry":{"type":"Polygon","coordinates":[[[19.91313,50.096109],[19.913224,50.09598],[19.913352,50.096017],[19.913307,50.096079],[19.913274,50.09607],[19.913252,50.096101],[19.913284,50.096111],[19.913238,50.096176],[19.913148,50.096151],[19.913169,50.096121],[19.91313,50.096109]]]}},{"type":"Feature","id":"w1185586340","properties":{"type":"yes","residential":true,"residents_est":2,"h3_10":"8a1e2e79b1affff","h3_11":"8b1e2e79b1aefff"},"geometry":{"type":"Polygon","coordinates":[[[19.91114,50.099872],[19.911178,50.099831],[19.911287,50.099809],[19.911345,50.099931],[19.911183,50.099963],[19.91114,50.099872]]]}},{"type":"Feature","id":"w1268192501","properties":{"type":"yes","residential":false,"residents_est":0,"h3_10":"8a1e2e79b06ffff","h3_11":"8b1e2e79b068fff"},"geometry":{"type":"Polygon","coordinates":[[[19.921322,50.099885],[19.921329,50.099868],[19.921367,50.099856],[19.921393,50.099863],[19.921402,50.09987],[19.921407,50.099887],[19.921395,50.099903],[19.921357,50.099911],[19.921332,50.099902],[19.921322,50.099885]]]}},{"type":"Feature","id":"w1303344713","properties":{"type":"residential","address":"Władysława Łokietka 158BB","residential":true,"residents_est":11,"h3_10":"8a1e2e79b1b7fff","h3_11":"8b1e2e79b1b0fff"},"geometry":{"type":"Polygon","coordinates":[[[19.90858,50.099421],[19.908755,50.099391],[19.908821,50.099557],[19.908691,50.099577],[19.908649,50.099474],[19.908604,50.099481],[19.90858,50.099421]]]}},{"type":"Feature","id":"w1303344714","properties":{"type":"residential","address":"Władysława Łokietka 158BA","residential":true,"residents_est":11,"h3_10":"8a1e2e79b1b7fff","h3_11":"8b1e2e79b1b1fff"},"geometry":{"type":"Polygon","coordinates":[[[19.908755,50.099391],[19.908936,50.099362],[19.90896,50.099423],[19.908912,50.09943],[19.908954,50.099535],[19.908821,50.099557],[19.908755,50.099391]]]}},{"type":"Feature","id":"w1303344715","properties":{"type":"residential","address":"Władysława Łokietka 158BF","residential":true,"residents_est":10,"h3_10":"8a1e2e79b1b7fff","h3_11":"8b1e2e79b1b6fff"},"geometry":{"type":"Polygon","coordinates":[[[19.907831,50.099543],[19.908006,50.099513],[19.908072,50.099679],[19.907942,50.099699],[19.9079,50.099595],[19.907855,50.099603],[19.907831,50.099543]]]}},{"type":"Feature","id":"w1303344716","properties":{"type":"residential","address":"Władysława Łokietka 158BE","residential":true,"residents_est":11,"h3_10":"8a1e2e79b1b7fff","h3_11":"8b1e2e79b1b6fff"},"geometry":{"type":"Polygon","coordinates":[[[19.908006,50.099513],[19.908187,50.099483],[19.908211,50.099545],[19.908163,50.099553],[19.908205,50.099657],[19.908072,50.099679],[19.908006,50.099513]]]}},{"type":"Feature","id":"w1303344721","properties":{"type":"residential","address":"Władysława Łokietka 158BD","residential":true,"residents_est":8,"h3_10":"8a1e2e79b1b7fff","h3_11":"8b1e2e79b1b0fff"},"geometry":{"type":"Polygon","coordinates":[[[19.908228,50.099546],[19.90835,50.099526],[19.908337,50.099494],[19.9084,50.099483],[19.908434,50.099569],[19.908375,50.099579],[19.908395,50.099628],[19.908269,50.099649],[19.908228,50.099546]]]}},{"type":"Feature","id":"w1303344722","properties":{"type":"residential","address":"Władysława Łokietka 158BC","residential":true,"residents_est":7,"h3_10":"8a1e2e79b1b7fff","h3_11":"8b1e2e79b1b0fff"},"geometry":{"type":"Polygon","coordinates":[[[19.9084,50.099483],[19.908464,50.099473],[19.908477,50.099505],[19.908589,50.099487],[19.908629,50.099588],[19.908512,50.099607],[19.908493,50.099559],[19.908434,50.099569],[19.9084,50.099483]]]}},{"type":"Feature","id":"w1303344723","properties":{"type":"residential","address":"Władysława Łokietka 158BH","residential":true,"residents_est":8,"h3_10":"8a1e2e79b1b7fff","h3_11":"8b1e2e79b1b6fff"},"geometry":{"type":"Polygon","coordinates":[[[19.907483,50.099667],[19.907604,50.099647],[19.907591,50.099615],[19.907655,50.099604],[19.907689,50.09969],[19.90763,50.0997],[19.90765,50.099749],[19.907524,50.09977],[19.907483,50.099667]]]}},{"type":"Feature","id":"w1303344724","properties":{"type":"residential","address":"Władysława Łokietka 158BG","residential":true,"residents_est":7,"h3_10":"8a1e2e79b1b7fff","h3_11":"8b1e2e79b1b6fff"},"geometry":{"type":"Polygon","coordinates":[[[19.907655,50.099604],[19.907718,50.099594],[19.907731,50.099626],[19.907843,50.099608],[19.907884,50.099709],[19.907767,50.099728],[19.907748,50.09968],[19.907689,50.09969],[19.907655,50.099604]]]}},{"type":"Feature","id":"w1303344733","properties":{"type":"residential","address":"Władysława Łokietka 158AA","residential":true,"residents_est":8,"h3_10":"8a1e2e79b187fff","h3_11":"8b1e2e79b181fff"},"geometry":{"type":"Polygon","coordinates":[[[19.910535,50.099134],[19.910598,50.099123],[19.910611,50.099156],[19.910723,50.099137],[19.910764,50.099239],[19.910647,50.099258],[19.910628,50.09921],[19.910569,50.099219],[19.910535,50.099134]]]}},{"type":"Feature","id":"w1303344734","properties":{"type":"residential","address":"Władysława Łokietka 158AB","residential":true,"residents_est":8,"h3_10":"8a1e2e79b187fff","h3_11":"8b1e2e79b180fff"},"geometry":{"type":"Polygon","coordinates":[[[19.910362,50.099196],[19.910484,50.099176],[19.910471,50.099144],[19.910535,50.099134],[19.910569,50.099219],[19.91051,50.099229],[19.910529,50.099278],[19.910404,50.099299],[19.910362,50.099196]]]}},{"type":"Feature","id":"w1303344735","properties":{"type":"residential","address":"Władysława Łokietka 158AC","residential":true,"residents_est":11,"h3_10":"8a1e2e79b187fff","h3_11":"8b1e2e79b180fff"},"geometry":{"type":"Polygon","coordinates":[[[19.910141,50.099164],[19.910321,50.099134],[19.910345,50.099195],[19.910298,50.099203],[19.910339,50.099308],[19.910207,50.099329],[19.910141,50.099164]]]}},{"type":"Feature","id":"w1303344736","properties":{"type":"residential","address":"Władysława Łokietka 158AD","residential":true,"residents_est":10,"h3_10":"8a1e2e79b187fff","h3_11":"8b1e2e79b180fff"},"geometry":{"type":"Polygon","coordinates":[[[19.909965,50.099193],[19.910141,50.099164],[19.910207,50.099329],[19.910076,50.09935],[19.910035,50.099246],[19.909989,50.099254],[19.909965,50.099193]]]}},{"type":"Feature","id":"w1303344737","properties":{"type":"residential","address":"Władysława Łokietka 158AE","residential":true,"residents_est":7,"h3_10":"8a1e2e79b187fff","h3_11":"8b1e2e79b186fff"},"geometry":{"type":"Polygon","coordinates":[[[19.909789,50.099255],[19.909853,50.099244],[19.909866,50.099277],[19.909978,50.099258],[19.910018,50.09936],[19.909901,50.099379],[19.909882,50.099331],[19.909824,50.09934],[19.909789,50.099255]]]}},{"type":"Feature","id":"w1303344738","properties":{"type":"residential","address":"Władysława Łokietka 158AF","residential":true,"residents_est":8,"h3_10":"8a1e2e79b187fff","h3_11":"8b1e2e79b186fff"},"geometry":{"type":"Polygon","coordinates":[[[19.909617,50.099317],[19.909739,50.099297],[19.909726,50.099265],[19.909789,50.099255],[19.909824,50.09934],[19.909764,50.09935],[19.909784,50.099399],[19.909658,50.09942],[19.909617,50.099317]]]}},{"type":"Feature","id":"w1303344739","properties":{"type":"residential","address":"Władysława Łokietka 158AG","residential":true,"residents_est":11,"h3_10":"8a1e2e79b187fff","h3_11":"8b1e2e79b186fff"},"geometry":{"type":"Polygon","coordinates":[[[19.909396,50.099287],[19.909576,50.099258],[19.909601,50.099319],[19.909553,50.099327],[19.909594,50.099431],[19.909462,50.099453],[19.909396,50.099287]]]}},{"type":"Feature","id":"w1303344740","properties":{"type":"residential","address":"Władysława Łokietka 158AH","residential":true,"residents_est":11,"h3_10":"8a1e2e79b187fff","h3_11":"8b1e2e79b186fff"},"geometry":{"type":"Polygon","coordinates":[[[19.90922,50.099317],[19.909396,50.099287],[19.909462,50.099453],[19.909331,50.099474],[19.90929,50.09937],[19.909244,50.099377],[19.90922,50.099317]]]}},{"type":"Feature","id":"w1321670038","properties":{"type":"construction","address":"Pękowicka 39","residential":false,"residents_est":0,"h3_10":"8a1e2e79b0f7fff","h3_11":"8b1e2e79b0f1fff"},"geometry":{"type":"Polygon","coordinates":[[[19.916227,50.097159],[19.916328,50.096692],[19.91655,50.096712],[19.916452,50.097177],[19.916227,50.097159]]]}},{"type":"Feature","id":"w1321670039","properties":{"type":"construction","address":"Pękowicka 39A","residential":false,"residents_est":0,"h3_10":"8a1e2e79b0f7fff","h3_11":"8b1e2e79b0f1fff"},"geometry":{"type":"Polygon","coordinates":[[[19.91616,50.0974],[19.916226,50.097291],[19.916702,50.097406],[19.916898,50.097019],[19.916751,50.096983],[19.916829,50.096849],[19.917203,50.096936],[19.916839,50.097564],[19.91616,50.0974]]]}},{"type":"Feature","id":"w1330286642","properties":{"type":"apartments","address":"Piaszczysta 35","residential":true,"residents_est":22,"h3_10":"8a1e2e79b05ffff","h3_11":"8b1e2e79b05cfff"},"geometry":{"type":"Polygon","coordinates":[[[19.920122,50.098392],[19.920158,50.098347],[19.920197,50.09836],[19.92025,50.098293],[19.920378,50.098334],[19.920363,50.098353],[19.920375,50.098357],[19.920389,50.098361],[19.920403,50.098342],[19.920532,50.098384],[19.920479,50.098451],[19.920519,50.098464],[19.920483,50.098509],[19.920331,50.09846],[19.920339,50.098451],[19.920246,50.098422],[19.920239,50.09843],[19.920122,50.098392]]]}},{"type":"Feature","id":"w1330286657","properties":{"type":"construction","address":"Pękowicka 94","residential":false,"residents_est":0,"h3_10":"8a1e2e79b10ffff","h3_11":"8b1e2e79b10afff"},"geometry":{"type":"Polygon","coordinates":[[[19.913489,50.101051],[19.914618,50.100963],[19.914638,50.101071],[19.914172,50.101107],[19.914176,50.10113],[19.913932,50.101149],[19.913928,50.101126],[19.91351,50.101158],[19.913489,50.101051]]]}},{"type":"Feature","id":"w1330286658","properties":{"type":"construction","address":"Pękowicka 96","residential":false,"residents_est":0,"h3_10":"8a1e2e79b10ffff","h3_11":"8b1e2e79b10efff"},"geometry":{"type":"Polygon","coordinates":[[[19.913397,50.101276],[19.914516,50.101194],[19.914542,50.101338],[19.914303,50.101356],[19.914296,50.10132],[19.914066,50.101337],[19.914072,50.101371],[19.913895,50.101384],[19.913888,50.101347],[19.91362,50.101367],[19.913627,50.101405],[19.913423,50.10142],[19.913397,50.101276]]]}},{"type":"Feature","id":"w1382953002","properties":{"type":"service","levels":1.0,"residential":false,"residents_est":0,"h3_10":"8a1e2e79b0effff","h3_11":"8b1e2e79b0edfff"},"geometry":{"type":"Polygon","coordinates":[[[19.919613,50.097991],[19.919655,50.097936],[19.919685,50.097946],[19.919643,50.098001],[19.919613,50.097991]]]}},{"type":"Feature","id":"w1382957280","properties":{"type":"yes","residential":false,"residents_est":0,"h3_10":"8a1e2e79b0c7fff","h3_11":"8b1e2e79b0c6fff"},"geometry":{"type":"Polygon","coordinates":[[[19.917147,50.096765],[19.917163,50.096735],[19.917224,50.096749],[19.917208,50.096779],[19.917147,50.096765]]]}},{"type":"Feature","id":"w1433617468","properties":{"type":"apartments","address":"Piaszczysta 31","residential":true,"residents_est":30,"h3_10":"8a1e2e79b04ffff","h3_11":"8b1e2e79b048fff"},"geometry":{"type":"Polygon","coordinates":[[[19.92202,50.099006],[19.922054,50.098962],[19.922076,50.098968],[19.922129,50.0989],[19.922301,50.098956],[19.922285,50.098976],[19.9223,50.098981],[19.922314,50.098985],[19.922329,50.098965],[19.92253,50.09903],[19.922477,50.099098],[19.922517,50.099111],[19.922482,50.099156],[19.922278,50.09909],[19.922285,50.099081],[19.92223,50.099063],[19.922223,50.099072],[19.92202,50.099006]]]}},{"type":"Feature","id":"w1433617469","properties":{"type":"apartments","address":"Piaszczysta 31","residential":true,"residents_est":62,"h3_10":"8a1e2e79b04ffff","h3_11":"8b1e2e79b048fff"},"geometry":{"type":"Polygon","coordinates":[[[19.92164,50.098883],[19.921826,50.098645],[19.921917,50.098674],[19.922092,50.09845],[19.922298,50.098517],[19.922271,50.098551],[19.922254,50.098546],[19.922239,50.098564],[19.922262,50.098571],[19.922218,50.098627],[19.922201,50.098621],[19.922186,50.09864],[19.922209,50.098647],[19.922166,50.098703],[19.922148,50.098697],[19.922134,50.098715],[19.922162,50.098725],[19.922135,50.098759],[19.922027,50.098724],[19.92196,50.09881],[19.921943,50.098805],[19.921927,50.098825],[19.92195,50.098833],[19.921903,50.098894],[19.921879,50.098886],[19.921863,50.098907],[19.921893,50.098916],[19.921862,50.098955],[19.921727,50.098911],[19.921744,50.098913],[19.921751,50.098905],[19.921711,50.098892],[19.921702,50.098903],[19.92164,50.098883]]]}},{"type":"Feature","id":"w1433617470","properties":{"type":"apartments","address":"Piaszczysta 31","residential":true,"residents_est":29,"h3_10":"8a1e2e79b04ffff","h3_11":"8b1e2e79b049fff"},"geometry":{"type":"Polygon","coordinates":[[[19.922414,50.098839],[19.922465,50.098774],[19.922496,50.098784],[19.92251,50.098766],[19.922479,50.098756],[19.922592,50.098611],[19.922803,50.098681],[19.922704,50.098807],[19.922664,50.098794],[19.922636,50.09883],[19.922676,50.098843],[19.922626,50.098908],[19.922414,50.098839]]]}},{"type":"Feature","id":"w1433617471","properties":{"type":"apartments","address":"Piaszczysta 33","residential":true,"residents_est":62,"h3_10":"8a1e2e79b05ffff","h3_11":"8b1e2e79b05dfff"},"geometry":{"type":"Polygon","coordinates":[[[19.920641,50.09856],[19.920827,50.098322],[19.920918,50.098351],[19.921093,50.098127],[19.921299,50.098194],[19.921272,50.098228],[19.921255,50.098223],[19.92124,50.098241],[19.921263,50.098248],[19.921219,50.098304],[19.921202,50.098298],[19.921187,50.098317],[19.92121,50.098324],[19.921167,50.09838],[19.921149,50.098374],[19.921135,50.098392],[19.921163,50.098402],[19.921136,50.098436],[19.921028,50.098401],[19.920961,50.098487],[19.920944,50.098482],[19.920928,50.098502],[19.920951,50.09851],[19.920904,50.098571],[19.92088,50.098563],[19.920864,50.098584],[19.920894,50.098593],[19.920863,50.098632],[19.920728,50.098588],[19.920745,50.09859],[19.920752,50.098582],[19.920712,50.098569],[19.920703,50.09858],[19.920641,50.09856]]]}},{"type":"Feature","id":"w1433617472","properties":{"type":"apartments","address":"Piaszczysta 33","residential":true,"residents_est":29,"h3_10":"8a1e2e79b04ffff","h3_11":"8b1e2e79b04afff"},"geometry":{"type":"Polygon","coordinates":[[[19.921415,50.098516],[19.921466,50.098451],[19.921497,50.098461],[19.921511,50.098443],[19.92148,50.098433],[19.921593,50.098288],[19.921804,50.098358],[19.921705,50.098484],[19.921665,50.098471],[19.921637,50.098507],[19.921677,50.09852],[19.921627,50.098585],[19.921415,50.098516]]]}},{"type":"Feature","id":"w1433617473","properties":{"type":"apartments","address":"Piaszczysta 33","residential":true,"residents_est":30,"h3_10":"8a1e2e79b04ffff","h3_11":"8b1e2e79b04efff"},"geometry":{"type":"Polygon","coordinates":[[[19.921021,50.098683],[19.921054,50.098639],[19.921077,50.098645],[19.92113,50.098577],[19.921302,50.098633],[19.921286,50.098653],[19.9213,50.098658],[19.921315,50.098662],[19.92133,50.098642],[19.921531,50.098707],[19.921478,50.098775],[19.921517,50.098789],[19.921483,50.098833],[19.921279,50.098767],[19.921286,50.098758],[19.921231,50.09874],[19.921224,50.098749],[19.921021,50.098683]]]}},{"type":"Feature","id":"w1433617474","properties":{"type":"apartments","address":"Piaszczysta 37","residential":true,"residents_est":20,"h3_10":"8a1e2e79b05ffff","h3_11":"8b1e2e79b05efff"},"geometry":{"type":"Polygon","coordinates":[[[19.919481,50.098153],[19.919564,50.098046],[19.919818,50.098127],[19.919768,50.098192],[19.919798,50.098202],[19.919766,50.098243],[19.919702,50.098222],[19.919682,50.098248],[19.919527,50.098199],[19.919547,50.098174],[19.919481,50.098153]]]}},{"type":"Feature","id":"w1433617475","properties":{"type":"apartments","address":"Piaszczysta 39","residential":true,"residents_est":74,"h3_10":"8a1e2e79b057fff","h3_11":"8b1e2e79b055fff"},"geometry":{"type":"Polygon","coordinates":[[[19.918922,50.098869],[19.919184,50.098537],[19.919236,50.098554],[19.919268,50.098514],[19.919215,50.098497],[19.919301,50.098388],[19.919618,50.09849],[19.919576,50.098543],[19.919613,50.098555],[19.919569,50.098611],[19.9195,50.098589],[19.91951,50.098576],[19.919435,50.098551],[19.919425,50.098565],[19.919397,50.098556],[19.919191,50.098819],[19.919219,50.098828],[19.91921,50.09884],[19.919288,50.098866],[19.919296,50.098856],[19.919325,50.098865],[19.919285,50.098916],[19.919319,50.098928],[19.919275,50.098983],[19.919205,50.098961],[19.919215,50.098949],[19.919152,50.098929],[19.919143,50.098941],[19.918922,50.098869]]]}},{"type":"Feature","id":"w1433617476","properties":{"type":"apartments","address":"Piaszczysta 41","residential":true,"residents_est":52,"h3_10":"8a1e2e79b047fff","h3_11":"8b1e2e79b042fff"},"geometry":{"type":"Polygon","coordinates":[[[19.919515,50.099058],[19.919721,50.098799],[19.919703,50.098793],[19.919878,50.098573],[19.920048,50.098629],[19.919901,50.098814],[19.919918,50.098819],[19.919684,50.099113],[19.919515,50.099058]]]}},{"type":"Feature","id":"w1465707249","properties":{"type":"construction","residential":false,"residents_est":0,"h3_10":"8a1e2e79b0dffff","h3_11":"8b1e2e79b0d8fff"},"geometry":{"type":"Polygon","coordinates":[[[19.917505,50.095533],[19.91761,50.095191],[19.917841,50.09522],[19.917759,50.095484],[19.917752,50.095484],[19.917729,50.095559],[19.917687,50.095554],[19.91769,50.095542],[19.917662,50.095538],[19.917657,50.095552],[19.917505,50.095533]]]}},{"type":"Feature","id":"w1465707255","properties":{"type":"construction","residential":false,"residents_est":0,"h3_10":"8a1e2e79b0cffff","h3_11":"8b1e2e79b0cdfff"},"geometry":{"type":"Polygon","coordinates":[[[19.918946,50.096654],[19.91902,50.09652],[19.919874,50.096715],[19.919955,50.096571],[19.919855,50.096548],[19.919925,50.096422],[19.920229,50.096491],[19.920004,50.096896],[19.918946,50.096654]]]}},{"type":"Feature","id":"w1473989159","properties":{"type":"yes","residential":true,"residents_est":0,"h3_10":"8a1e2e79b027fff","h3_11":"8b1e2e79b020fff"},"geometry":{"type":"Polygon","coordinates":[[[19.914704,50.100351],[19.914782,50.100345],[19.914795,50.100418],[19.914717,50.100423],[19.914704,50.100351]]]}},{"type":"Feature","id":"w1484016456","properties":{"type":"yes","residential":true,"residents_est":7,"h3_10":"8a1e2e79b0f7fff","h3_11":"8b1e2e79b0f0fff"},"geometry":{"type":"Polygon","coordinates":[[[19.915578,50.097103],[19.915837,50.097099],[19.915841,50.097225],[19.915582,50.097229],[19.915578,50.097103]]]}},{"type":"Feature","id":"w1556628878","properties":{"type":"construction","address":"Piaszczysta 43","residential":false,"residents_est":0,"h3_10":"8a1e2e79b047fff","h3_11":"8b1e2e79b043fff"},"geometry":{"type":"Polygon","coordinates":[[[19.920107,50.099088],[19.920379,50.098734],[19.920611,50.098807],[19.920459,50.099005],[19.920705,50.099083],[19.920852,50.098892],[19.921073,50.098962],[19.920806,50.099309],[19.920107,50.099088]]]}},{"type":"Feature","id":"w1556628879","properties":{"type":"school","levels":1.0,"address":"Pękowicka 74","name":"Niepubliczna Integracyjna Szkoła Podstawowa Montesossori","residential":false,"residents_est":0,"h3_10":"8a1e2e79b00ffff","h3_11":"8b1e2e79b009fff"},"geometry":{"type":"Polygon","coordinates":[[[19.917939,50.098968],[19.918023,50.098708],[19.917941,50.098697],[19.917971,50.098605],[19.91826,50.098643],[19.918145,50.098995],[19.917939,50.098968]]]}},{"type":"Feature","id":"w1556990994","properties":{"type":"construction","residential":false,"residents_est":0,"h3_10":"8a1e2e79b0dffff","h3_11":"8b1e2e79b0d8fff"},"geometry":{"type":"Polygon","coordinates":[[[19.918003,50.095602],[19.918118,50.095255],[19.918345,50.095285],[19.918227,50.09563],[19.918176,50.095622],[19.91818,50.095611],[19.918154,50.095608],[19.91815,50.095621],[19.918003,50.095602]]]}},{"type":"Feature","id":"w1560604194","properties":{"type":"garage","residential":false,"residents_est":0,"h3_10":"8a1e2e79b14ffff","h3_11":"8b1e2e79b14cfff"},"geometry":{"type":"Polygon","coordinates":[[[19.919189,50.10186],[19.919243,50.101807],[19.91931,50.101835],[19.919256,50.101888],[19.919189,50.10186]]]}}]}