{"type":"FeatureCollection","features":[{"type":"Feature","id":"w79858316","properties":{"type":"apartments","address":"Aleja Pokoju 24","residential":true,"residents_est":77,"h3_10":"8a1e2e68454ffff","h3_11":"8b1e2e68454efff"},"geometry":{"type":"Polygon","coordinates":[[[19.977081,50.061047],[19.9774,50.060375],[19.977495,50.060393],[19.977501,50.060381],[19.97762,50.060404],[19.977302,50.061076],[19.977205,50.061057],[19.977199,50.06107],[19.977081,50.061047]]]}},{"type":"Feature","id":"w79858323","properties":{"type":"apartments","address":"Aleja Pokoju 26","residential":true,"residents_est":76,"h3_10":"8a1e2e68454ffff","h3_11":"8b1e2e68454cfff"},"geometry":{"type":"Polygon","coordinates":[[[19.977586,50.061288],[19.977906,50.060614],[19.97812,50.060649],[19.977803,50.061319],[19.977706,50.0613],[19.977701,50.061311],[19.977586,50.061288]]]}},{"type":"Feature","id":"w79858324","properties":{"type":"apartments","address":"Aleja Pokoju 22","residential":true,"residents_est":76,"h3_10":"8a1e2e684547fff","h3_11":"8b1e2e684543fff"},"geometry":{"type":"Polygon","coordinates":[[[19.976542,50.06089],[19.97686,50.06022],[19.976956,50.060239],[19.976962,50.060227],[19.977079,50.06025],[19.97676,50.060923],[19.976656,50.060902],[19.976651,50.060911],[19.976542,50.06089]]]}},{"type":"Feature","id":"w79858326","properties":{"type":"apartments","address":"Aleja Pokoju 28","residential":true,"residents_est":78,"h3_10":"8a1e2e68456ffff","h3_11":"8b1e2e68456bfff"},"geometry":{"type":"Polygon","coordinates":[[[19.978105,50.061535],[19.978403,50.060863],[19.978505,50.060881],[19.97851,50.060871],[19.978627,50.060893],[19.978328,50.061567],[19.978226,50.061548],[19.978222,50.061556],[19.978105,50.061535]]]}},{"type":"Feature","id":"w79864843","properties":{"type":"apartments","levels":11.0,"address":"Aleja Pokoju 37","residential":true,"residents_est":78,"h3_10":"8a1e2e68455ffff","h3_11":"8b1e2e68455bfff"},"geometry":{"type":"Polygon","coordinates":[[[19.977458,50.059558],[19.977473,50.05925],[19.977711,50.059255],[19.977696,50.059563],[19.977458,50.059558]]]}},{"type":"Feature","id":"w79864844","properties":{"type":"apartments","levels":5.0,"address":"Aleja Pokoju 41","residential":true,"residents_est":31,"h3_10":"8a1e2e684467fff","h3_11":"8b1e2e684464fff"},"geometry":{"type":"Polygon","coordinates":[[[19.978301,50.05998],[19.978336,50.059865],[19.978876,50.059933],[19.978841,50.060048],[19.978301,50.05998]]]}},{"type":"Feature","id":"w79864847","properties":{"type":"apartments","levels":5.0,"address":"Na Szaniec 21","residential":true,"residents_est":65,"h3_10":"8a1e2e684467fff","h3_11":"8b1e2e684463fff"},"geometry":{"type":"Polygon","coordinates":[[[19.97871,50.059721],[19.978861,50.058874],[19.979016,50.058886],[19.978865,50.059733],[19.97871,50.059721]]]}},{"type":"Feature","id":"w79864850","properties":{"type":"apartments","levels":5.0,"address":"Na Szaniec 17","residential":true,"residents_est":64,"h3_10":"8a1e2e684467fff","h3_11":"8b1e2e684466fff"},"geometry":{"type":"Polygon","coordinates":[[[19.978135,50.059785],[19.978143,50.058936],[19.978297,50.058937],[19.978292,50.059785],[19.978135,50.059785]]]}},{"type":"Feature","id":"w79864853","properties":{"type":"garages","address":"Widok 8A","residential":false,"residents_est":0,"h3_10":"8a1e2e68446ffff","h3_11":"8b1e2e68446dfff"},"geometry":{"type":"Polygon","coordinates":[[[19.980478,50.059445],[19.980517,50.059334],[19.980683,50.059358],[19.980645,50.059469],[19.980478,50.059445]]]}},{"type":"Feature","id":"w79864855","properties":{"type":"apartments","levels":5.0,"address":"Na Szaniec 23","residential":true,"residents_est":63,"h3_10":"8a1e2e68446ffff","h3_11":"8b1e2e68446efff"},"geometry":{"type":"Polygon","coordinates":[[[19.979284,50.059649],[19.979582,50.05882],[19.979731,50.058842],[19.979433,50.059671],[19.979284,50.059649]]]}},{"type":"Feature","id":"w79864856","properties":{"type":"kindergarten","address":"Zwycięstwa 22","residential":false,"residents_est":0,"h3_10":"8a1e2e684567fff","h3_11":"8b1e2e684563fff"},"geometry":{"type":"Polygon","coordinates":[[[19.976569,50.061586],[19.976572,50.061474],[19.976804,50.061482],[19.976801,50.061536],[19.977043,50.061543],[19.977039,50.061654],[19.97679,50.061646],[19.976793,50.061593],[19.976569,50.061586]]]}},{"type":"Feature","id":"w79864857","properties":{"type":"apartments","levels":4.0,"address":"Widok 4","residential":true,"residents_est":25,"h3_10":"8a1e2e684467fff","h3_11":"8b1e2e684465fff"},"geometry":{"type":"Polygon","coordinates":[[[19.979097,50.059901],[19.979132,50.059786],[19.979672,50.059853],[19.979637,50.059969],[19.979097,50.059901]]]}},{"type":"Feature","id":"w79864858","properties":{"type":"apartments","levels":4.0,"address":"Widok 8","residential":true,"residents_est":25,"h3_10":"8a1e2e68446ffff","h3_11":"8b1e2e68446cfff"},"geometry":{"type":"Polygon","coordinates":[[[19.979859,50.059603],[19.979899,50.059489],[19.980436,50.059566],[19.980396,50.059681],[19.979859,50.059603]]]}},{"type":"Feature","id":"w79864860","properties":{"type":"yes","address":"Widok 10A","residential":true,"residents_est":3,"h3_10":"8a1e2e68446ffff","h3_11":"8b1e2e684468fff"},"geometry":{"type":"Polygon","coordinates":[[[19.980473,50.058946],[19.980668,50.058941],[19.980666,50.05908],[19.980475,50.059081],[19.980473,50.05902],[19.980484,50.05902],[19.980485,50.059001],[19.980473,50.059],[19.980473,50.058946]]]}},{"type":"Feature","id":"w79864862","properties":{"type":"apartments","levels":5.0,"address":"Aleja Pokoju 43","residential":true,"residents_est":31,"h3_10":"8a1e2e68454ffff","h3_11":"8b1e2e68454bfff"},"geometry":{"type":"Polygon","coordinates":[[[19.978831,50.060233],[19.978866,50.060118],[19.979406,50.060186],[19.979371,50.0603],[19.978831,50.060233]]]}},{"type":"Feature","id":"w79864865","properties":{"type":"apartments","levels":4.0,"address":"Widok 10","residential":true,"residents_est":25,"h3_10":"8a1e2e68446ffff","h3_11":"8b1e2e684468fff"},"geometry":{"type":"Polygon","coordinates":[[[19.979892,50.059222],[19.979933,50.059108],[19.98047,50.059186],[19.98043,50.059301],[19.979892,50.059222]]]}},{"type":"Feature","id":"w79864866","properties":{"type":"apartments","levels":4.0,"address":"Widok 12","residential":true,"residents_est":25,"h3_10":"8a1e2e68446ffff","h3_11":"8b1e2e68446afff"},"geometry":{"type":"Polygon","coordinates":[[[19.979909,50.058829],[19.979957,50.058716],[19.980488,50.058809],[19.980441,50.058922],[19.979909,50.058829]]]}},{"type":"Feature","id":"w83406035","properties":{"type":"apartments","levels":3.0,"residential":true,"residents_est":15,"h3_10":"8a1e2e6845b7fff","h3_11":"8b1e2e6845b4fff"},"geometry":{"type":"Polygon","coordinates":[[[19.966907,50.05899],[19.966921,50.058934],[19.96743,50.05899],[19.967401,50.059097],[19.966944,50.059047],[19.966957,50.058996],[19.966907,50.05899]]]}},{"type":"Feature","id":"w83406050","properties":{"type":"apartments","levels":5.0,"residential":true,"residents_est":37,"h3_10":"8a1e2e684587fff","h3_11":"8b1e2e684586fff"},"geometry":{"type":"Polygon","coordinates":[[[19.968388,50.05829],[19.968442,50.058183],[19.969082,50.05833],[19.969021,50.058435],[19.968889,50.05841],[19.968891,50.058405],[19.968729,50.058368],[19.968726,50.058372],[19.968518,50.05832],[19.968516,50.058324],[19.968494,50.058319],[19.96847,50.058313],[19.968473,50.058309],[19.968388,50.05829]]]}},{"type":"Feature","id":"w83406069","properties":{"type":"apartments","levels":3.0,"address":"Grzegórzecka 81","residential":true,"residents_est":37,"h3_10":"8a1e2e684587fff","h3_11":"8b1e2e684583fff"},"geometry":{"type":"Polygon","coordinates":[[[19.969458,50.058045],[19.969474,50.058013],[19.969881,50.058106],[19.969874,50.058119],[19.969896,50.058124],[19.969978,50.058091],[19.96998,50.058075],[19.969959,50.058074],[19.969983,50.057828],[19.970159,50.057835],[19.970122,50.058222],[19.97003,50.058261],[19.969539,50.058149],[19.969534,50.058147],[19.969548,50.058122],[19.969508,50.058113],[19.969522,50.058088],[19.969483,50.058079],[19.969497,50.058053],[19.969458,50.058045]]]}},{"type":"Feature","id":"w83406081","properties":{"type":"apartments","levels":7.0,"address":"Grzegórzecka 79","residential":true,"residents_est":132,"h3_10":"8a1e2e684587fff","h3_11":"8b1e2e684582fff"},"geometry":{"type":"Polygon","coordinates":[[[19.968227,50.057841],[19.968301,50.057696],[19.968341,50.057705],[19.968415,50.05757],[19.968517,50.057594],[19.968544,50.057545],[19.968441,50.057522],[19.968444,50.057517],[19.96863,50.057559],[19.968511,50.057775],[19.968947,50.057875],[19.969012,50.057756],[19.969125,50.057782],[19.96909,50.057846],[19.969163,50.057863],[19.969132,50.057917],[19.969224,50.057938],[19.96929,50.058027],[19.969285,50.058028],[19.9693,50.058054],[19.969285,50.058072],[19.969253,50.058075],[19.968848,50.057987],[19.968851,50.057982],[19.968832,50.057978],[19.968829,50.057982],[19.9687,50.057953],[19.968619,50.057934],[19.968622,50.05793],[19.968603,50.057925],[19.9686,50.05793],[19.968227,50.057841]]]}},{"type":"Feature","id":"w83406086","properties":{"type":"apartments","levels":5.0,"residential":true,"residents_est":37,"h3_10":"8a1e2e684597fff","h3_11":"8b1e2e684594fff"},"geometry":{"type":"Polygon","coordinates":[[[19.967155,50.058008],[19.967208,50.057902],[19.96785,50.058049],[19.967788,50.058152],[19.967657,50.058127],[19.967659,50.058123],[19.967493,50.058085],[19.967491,50.058089],[19.967449,50.058079],[19.967451,50.058075],[19.967237,50.058031],[19.967239,50.058027],[19.967155,50.058008]]]}},{"type":"Feature","id":"w83490082","properties":{"type":"apartments","levels":9.0,"residential":true,"residents_est":114,"h3_10":"8a1e2e684517fff","h3_11":"8b1e2e684512fff"},"geometry":{"type":"Polygon","coordinates":[[[19.968878,50.059964],[19.969544,50.059959],[19.969544,50.059939],[19.969628,50.059938],[19.969629,50.059951],[19.969682,50.05995],[19.969681,50.059936],[19.969848,50.059928],[19.969849,50.059941],[19.969894,50.059938],[19.96989,50.059924],[19.969902,50.059923],[19.969907,50.059942],[19.969926,50.05994],[19.969922,50.059921],[19.970038,50.05991],[19.970043,50.059928],[19.97006,50.059926],[19.970056,50.059912],[19.970077,50.059905],[19.970229,50.059982],[19.970218,50.059985],[19.970194,50.059973],[19.970175,50.059986],[19.970151,50.059991],[19.970102,50.059986],[19.970093,50.059993],[19.970102,50.060031],[19.969921,50.060047],[19.969917,50.060035],[19.969908,50.060035],[19.96968,50.06005],[19.969174,50.060053],[19.969175,50.060066],[19.969023,50.060067],[19.969023,50.060054],[19.968879,50.060056],[19.968878,50.059964]]]}},{"type":"Feature","id":"w83490084","properties":{"type":"yes","address":"Pułkownika Francesco Nullo 8","residential":true,"residents_est":8,"h3_10":"8a1e2e6845a7fff","h3_11":"8b1e2e6845a4fff"},"geometry":{"type":"Polygon","coordinates":[[[19.96843,50.059783],[19.96846,50.059667],[19.968799,50.059703],[19.968768,50.05982],[19.96843,50.059783]]]}},{"type":"Feature","id":"w83490087","properties":{"type":"yes","address":"Pułkownika Francesco Nullo 8A","residential":true,"residents_est":11,"h3_10":"8a1e2e6845a7fff","h3_11":"8b1e2e6845a0fff"},"geometry":{"type":"Polygon","coordinates":[[[19.968435,50.05938],[19.968473,50.059246],[19.968899,50.059296],[19.968861,50.05943],[19.968714,50.059413],[19.968719,50.059397],[19.968576,50.05938],[19.968572,50.059396],[19.968435,50.05938]]]}},{"type":"Feature","id":"w83490088","properties":{"type":"apartments","levels":5.0,"residential":true,"residents_est":45,"h3_10":"8a1e2e6845b7fff","h3_11":"8b1e2e6845b1fff"},"geometry":{"type":"Polygon","coordinates":[[[19.967728,50.059171],[19.967731,50.059166],[19.96775,50.059167],[19.967766,50.059101],[19.967745,50.059099],[19.967758,50.059052],[19.967775,50.059054],[19.96778,50.059037],[19.967762,50.059035],[19.967781,50.058959],[19.967819,50.05894],[19.967892,50.058948],[19.967899,50.05892],[19.967939,50.058921],[19.96794,50.058909],[19.968006,50.058911],[19.968005,50.058924],[19.968033,50.058924],[19.968034,50.058912],[19.968157,50.058916],[19.968158,50.058902],[19.96824,50.058904],[19.968241,50.058889],[19.968332,50.058891],[19.968331,50.058905],[19.96835,50.058905],[19.968348,50.058945],[19.968337,50.058944],[19.968335,50.058974],[19.968372,50.058975],[19.968368,50.059033],[19.968347,50.059033],[19.968347,50.059046],[19.968231,50.059043],[19.968231,50.059032],[19.967944,50.059023],[19.967906,50.059175],[19.967728,50.059171]]]}},{"type":"Feature","id":"w83490092","properties":{"type":"apartments","levels":11.0,"residential":true,"residents_est":62,"h3_10":"8a1e2e6845a7fff","h3_11":"8b1e2e6845a3fff"},"geometry":{"type":"Polygon","coordinates":[[[19.968715,50.058999],[19.968727,50.05886],[19.968799,50.058863],[19.968799,50.058874],[19.968862,50.058876],[19.968861,50.058887],[19.969147,50.058895],[19.969148,50.058885],[19.969221,50.058888],[19.969217,50.058946],[19.969196,50.058945],[19.969191,50.059015],[19.969073,50.059012],[19.969074,50.059002],[19.968833,50.058993],[19.968832,50.059004],[19.968715,50.058999]]]}},{"type":"Feature","id":"w83490098","properties":{"type":"apartments","levels":3.0,"address":"Grzegórzecka 93","residential":true,"residents_est":21,"h3_10":"8a1e2e684437fff","h3_11":"8b1e2e684432fff"},"geometry":{"type":"Polygon","coordinates":[[[19.971549,50.05854],[19.971604,50.058446],[19.971562,50.058437],[19.971581,50.058412],[19.971577,50.058407],[19.971621,50.058415],[19.971657,50.058348],[19.971796,50.058378],[19.971723,50.058513],[19.972001,50.058603],[19.97192,50.058707],[19.971848,50.058682],[19.971835,50.058698],[19.97179,50.058683],[19.971802,50.058668],[19.971661,50.058621],[19.971656,50.058628],[19.971611,50.058613],[19.971621,50.0586],[19.971577,50.058584],[19.971561,50.058572],[19.971549,50.05854]]]}},{"type":"Feature","id":"w83490100","properties":{"type":"apartments","levels":7.0,"address":"Grzegórzecka 102","residential":true,"residents_est":62,"h3_10":"8a1e2e6845affff","h3_11":"8b1e2e6845abfff"},"geometry":{"type":"Polygon","coordinates":[[[19.970618,50.058787],[19.970643,50.058739],[19.971163,50.058851],[19.971138,50.058897],[19.97115,50.058899],[19.971082,50.059027],[19.970693,50.058941],[19.970618,50.058787]]]}},{"type":"Feature","id":"w83490103","properties":{"type":"apartments","levels":6.0,"address":"Grzegórzecka 104","residential":true,"residents_est":82,"h3_10":"8a1e2e684437fff","h3_11":"8b1e2e684434fff"},"geometry":{"type":"Polygon","coordinates":[[[19.971291,50.058958],[19.97137,50.058856],[19.971486,50.058886],[19.971656,50.058946],[19.971659,50.058942],[19.971697,50.058952],[19.971798,50.058991],[19.971795,50.058996],[19.971866,50.059019],[19.971868,50.059015],[19.971907,50.059024],[19.971935,50.05904],[19.972002,50.059062],[19.972006,50.059057],[19.97208,50.05908],[19.972083,50.059076],[19.972121,50.059085],[19.972152,50.059098],[19.972149,50.059101],[19.972291,50.059147],[19.972294,50.059142],[19.972331,50.059153],[19.972415,50.059186],[19.972427,50.059199],[19.972354,50.059298],[19.971933,50.059163],[19.971929,50.059168],[19.97171,50.059098],[19.971713,50.059094],[19.971291,50.058958]]]}},{"type":"Feature","id":"w83490108","properties":{"type":"apartments","levels":6.0,"address":"Aleja Pokoju 29B","residential":true,"residents_est":19,"h3_10":"8a1e2e684427fff","h3_11":"8b1e2e684426fff"},"geometry":{"type":"Polygon","coordinates":[[[19.972548,50.059432],[19.972672,50.059268],[19.97283,50.059318],[19.972781,50.059382],[19.972809,50.05939],[19.972777,50.059432],[19.97275,50.059423],[19.972706,50.059476],[19.972548,50.059432]]]}},{"type":"Feature","id":"w83490125","properties":{"type":"office","levels":1.0,"residential":false,"residents_est":0,"h3_10":"8a1e2e68449ffff","h3_11":"8b1e2e68449afff"},"geometry":{"type":"Polygon","coordinates":[[[19.971311,50.054324],[19.971503,50.053938],[19.971782,50.053995],[19.97159,50.05438],[19.971311,50.054324]]]}},{"type":"Feature","id":"w83490127","properties":{"type":"apartments","levels":3.0,"address":"Grzegórzecka 85","residential":true,"residents_est":27,"h3_10":"8a1e2e68458ffff","h3_11":"8b1e2e68458cfff"},"geometry":{"type":"Polygon","coordinates":[[[19.970447,50.058232],[19.970454,50.058228],[19.970456,50.05821],[19.97045,50.058205],[19.970455,50.058151],[19.970463,50.058151],[19.970466,50.058127],[19.970458,50.058127],[19.970462,50.058071],[19.970469,50.058067],[19.970471,50.058049],[19.970465,50.058045],[19.970472,50.05797],[19.970582,50.057975],[19.97058,50.057988],[19.970647,50.057991],[19.970629,50.05818],[19.970597,50.058178],[19.970582,50.058209],[19.97098,50.058301],[19.970922,50.058407],[19.970811,50.058377],[19.970648,50.058344],[19.970617,50.058332],[19.970607,50.058335],[19.970528,50.058317],[19.970531,50.058278],[19.970493,50.058263],[19.97048,50.058235],[19.970447,50.058232]]]}},{"type":"Feature","id":"w83497885","properties":{"type":"office","levels":2.0,"address":"Skrzatów 1","name":"Państwowy Instytut Geologiczny - Państwowy Instytut Badawczy","residential":false,"residents_est":0,"h3_10":"8a1e2e684417fff","h3_11":"8b1e2e684410fff"},"geometry":{"type":"Polygon","coordinates":[[[19.972178,50.057681],[19.972298,50.057559],[19.973155,50.05791],[19.973035,50.058033],[19.972178,50.057681]]]}},{"type":"Feature","id":"w137271331","properties":{"type":"apartments","address":"Bajeczna 1","residential":true,"residents_est":69,"h3_10":"8a1e2e68440ffff","h3_11":"8b1e2e684408fff"},"geometry":{"type":"Polygon","coordinates":[[[19.975651,50.058459],[19.975701,50.057766],[19.975792,50.057768],[19.975793,50.057757],[19.975907,50.05776],[19.975856,50.058454],[19.975756,50.058451],[19.975755,50.058462],[19.975651,50.058459]]]}},{"type":"Feature","id":"w137271336","properties":{"type":"apartments","address":"Na Szaniec 10","residential":true,"residents_est":42,"h3_10":"8a1e2e684457fff","h3_11":"8b1e2e684451fff"},"geometry":{"type":"Polygon","coordinates":[[[19.97807,50.057906],[19.978078,50.057788],[19.978812,50.057807],[19.978804,50.057924],[19.97807,50.057906]]]}},{"type":"Feature","id":"w137271338","properties":{"type":"apartments","address":"Widok 14","residential":true,"residents_est":36,"h3_10":"8a1e2e68444ffff","h3_11":"8b1e2e68444cfff"},"geometry":{"type":"Polygon","coordinates":[[[19.980414,50.058523],[19.980433,50.058215],[19.980671,50.05822],[19.980653,50.058529],[19.980414,50.058523]]]}},{"type":"Feature","id":"w137271339","properties":{"type":"apartments","address":"Widok 16","residential":true,"residents_est":36,"h3_10":"8a1e2e68444ffff","h3_11":"8b1e2e68444efff"},"geometry":{"type":"Polygon","coordinates":[[[19.979874,50.058144],[19.979893,50.057836],[19.980131,50.057843],[19.980111,50.05815],[19.979874,50.058144]]]}},{"type":"Feature","id":"w137271340","properties":{"type":"apartments","address":"Widok 18","residential":true,"residents_est":32,"h3_10":"8a1e2e684447fff","h3_11":"8b1e2e684443fff"},"geometry":{"type":"Polygon","coordinates":[[[19.978972,50.058121],[19.978979,50.058003],[19.979529,50.058017],[19.979522,50.058135],[19.978972,50.058121]]]}},{"type":"Feature","id":"w137271341","properties":{"type":"yes","address":"Bajeczna 2","residential":true,"residents_est":11,"h3_10":"8a1e2e6844e7fff","h3_11":"8b1e2e6844e5fff"},"geometry":{"type":"Polygon","coordinates":[[[19.975935,50.057366],[19.975954,50.057245],[19.976425,50.057275],[19.976406,50.057396],[19.975935,50.057366]]]}},{"type":"Feature","id":"w137271342","properties":{"type":"apartments","address":"Widok 20","residential":true,"residents_est":31,"h3_10":"8a1e2e68445ffff","h3_11":"8b1e2e68445cfff"},"geometry":{"type":"Polygon","coordinates":[[[19.978994,50.05778],[19.979,50.057663],[19.97955,50.057677],[19.979543,50.057794],[19.978994,50.05778]]]}},{"type":"Feature","id":"w137271343","properties":{"type":"apartments","address":"Widok 22","residential":true,"residents_est":42,"h3_10":"8a1e2e684457fff","h3_11":"8b1e2e684451fff"},"geometry":{"type":"Polygon","coordinates":[[[19.978092,50.057566],[19.978099,50.057448],[19.978832,50.057467],[19.978825,50.057584],[19.978092,50.057566]]]}},{"type":"Feature","id":"w137271344","properties":{"type":"apartments","levels":5.0,"address":"Bajeczna 3","residential":true,"residents_est":69,"h3_10":"8a1e2e68440ffff","h3_11":"8b1e2e684409fff"},"geometry":{"type":"Polygon","coordinates":[[[19.976233,50.058475],[19.976283,50.057783],[19.976379,50.057786],[19.97638,50.05777],[19.976489,50.057774],[19.976438,50.05847],[19.976336,50.058467],[19.976335,50.058478],[19.976233,50.058475]]]}},{"type":"Feature","id":"w137271346","properties":{"type":"apartments","levels":5.0,"address":"Bajeczna 5","residential":true,"residents_est":69,"h3_10":"8a1e2e684457fff","h3_11":"8b1e2e684454fff"},"geometry":{"type":"Polygon","coordinates":[[[19.976812,50.058494],[19.976863,50.057799],[19.976953,50.057801],[19.976954,50.057788],[19.977069,50.057791],[19.977018,50.058485],[19.976922,50.058482],[19.976921,50.058497],[19.976812,50.058494]]]}},{"type":"Feature","id":"w137271347","properties":{"type":"school","address":"Stanisława Jachowicza 5","residential":false,"residents_est":0,"h3_10":"8a1e2e68456ffff","h3_11":"8b1e2e68456cfff"},"geometry":{"type":"Polygon","coordinates":[[[19.97694,50.061973],[19.97695,50.061858],[19.977702,50.061887],[19.977712,50.061888],[19.97771,50.061897],[19.977838,50.061905],[19.97784,50.061898],[19.977847,50.061898],[19.977852,50.061869],[19.977984,50.061884],[19.97828,50.061899],[19.978251,50.062076],[19.977822,50.062046],[19.977833,50.061983],[19.977576,50.061969],[19.977573,50.061997],[19.977565,50.061997],[19.97694,50.061973]]]}},{"type":"Feature","id":"w137271349","properties":{"type":"apartments","levels":5.0,"address":"Na Szaniec 6","residential":true,"residents_est":42,"h3_10":"8a1e2e684447fff","h3_11":"8b1e2e684446fff"},"geometry":{"type":"Polygon","coordinates":[[[19.978143,50.058532],[19.978865,50.058446],[19.978897,50.058561],[19.978175,50.058647],[19.978143,50.058532]]]}},{"type":"Feature","id":"w137271350","properties":{"type":"apartments","levels":5.0,"address":"Bajeczna 7","residential":true,"residents_est":68,"h3_10":"8a1e2e684457fff","h3_11":"8b1e2e684454fff"},"geometry":{"type":"Polygon","coordinates":[[[19.977406,50.058513],[19.977457,50.057813],[19.977549,50.057816],[19.977549,50.057805],[19.977657,50.057809],[19.977606,50.058505],[19.977492,50.058501],[19.97749,50.058516],[19.977406,50.058513]]]}},{"type":"Feature","id":"w137271351","properties":{"type":"apartments","address":"Na Szaniec 8","residential":true,"residents_est":42,"h3_10":"8a1e2e684447fff","h3_11":"8b1e2e684442fff"},"geometry":{"type":"Polygon","coordinates":[[[19.978093,50.058148],[19.978827,50.05813],[19.978834,50.058247],[19.9781,50.058265],[19.978093,50.058148]]]}},{"type":"Feature","id":"w137271437","properties":{"type":"apartments","address":"Bajeczna 2B","residential":true,"residents_est":75,"h3_10":"8a1e2e6844e7fff","h3_11":"8b1e2e6844e0fff"},"geometry":{"type":"Polygon","coordinates":[[[19.97585,50.056688],[19.975864,50.056588],[19.976032,50.056598],[19.976034,50.056586],[19.976395,50.056608],[19.976322,50.057096],[19.975878,50.057069],[19.975895,50.056957],[19.976187,50.056975],[19.976191,50.056952],[19.976148,50.05695],[19.976177,50.056758],[19.976258,50.056763],[19.976265,50.056713],[19.97585,50.056688]]]}},{"type":"Feature","id":"w137271438","properties":{"type":"garages","residential":false,"residents_est":0,"h3_10":"8a1e2e684547fff","h3_11":"8b1e2e684542fff"},"geometry":{"type":"Polygon","coordinates":[[[19.975944,50.06049],[19.975996,50.060414],[19.976208,50.060474],[19.976226,50.060449],[19.97634,50.060481],[19.976358,50.060454],[19.976485,50.06049],[19.976406,50.060606],[19.976293,50.060573],[19.976276,50.060598],[19.976152,50.060563],[19.976136,50.060588],[19.975973,50.060542],[19.975998,50.060505],[19.975944,50.06049]]]}},{"type":"Feature","id":"w137271447","properties":{"type":"apartments","address":"Bajeczna 4A","residential":true,"residents_est":54,"h3_10":"8a1e2e6844c7fff","h3_11":"8b1e2e6844c4fff"},"geometry":{"type":"Polygon","coordinates":[[[19.975584,50.056363],[19.975605,50.056228],[19.976492,50.056285],[19.976471,50.05642],[19.976285,50.056408],[19.976249,50.056385],[19.975814,50.056357],[19.97577,50.056375],[19.975584,50.056363]]]}},{"type":"Feature","id":"r1849725","properties":{"type":"yes","address":"Aleja Pokoju 20","residential":true,"residents_est":37,"h3_10":"8a1e2e684557fff","h3_11":"8b1e2e684551fff"},"geometry":{"type":"Polygon","coordinates":[[[19.975838,50.060309],[19.975891,50.059989],[19.9766,50.060037],[19.976547,50.060357],[19.975838,50.060309]],[[19.975921,50.060239],[19.97644,50.060274],[19.976452,50.060202],[19.975933,50.060167],[19.975921,50.060239]]]}},{"type":"Feature","id":"w137271450","properties":{"type":"apartments","address":"Na Szaniec 12","residential":true,"residents_est":31,"h3_10":"8a1e2e684447fff","h3_11":"8b1e2e684440fff"},"geometry":{"type":"Polygon","coordinates":[[[19.978987,50.058396],[19.979529,50.058332],[19.979562,50.058448],[19.97902,50.058511],[19.978987,50.058396]]]}},{"type":"Feature","id":"w137271451","properties":{"type":"apartments","address":"Bajeczna 2B","residential":true,"residents_est":46,"h3_10":"8a1e2e6844e7fff","h3_11":"8b1e2e6844e2fff"},"geometry":{"type":"Polygon","coordinates":[[[19.97546,50.057053],[19.975534,50.056548],[19.975527,50.056544],[19.975624,50.05655],[19.975622,50.05656],[19.97572,50.056566],[19.975716,50.056593],[19.975724,50.056593],[19.9757,50.056759],[19.975683,50.056758],[19.975668,50.056861],[19.975683,50.056862],[19.975659,50.057028],[19.97563,50.057026],[19.975624,50.057063],[19.97546,50.057053]]]}},{"type":"Feature","id":"w137271453","properties":{"type":"apartments","levels":7.0,"address":"Bajeczna 4","residential":true,"residents_est":58,"h3_10":"8a1e2e6844e7fff","h3_11":"8b1e2e6844e1fff"},"geometry":{"type":"Polygon","coordinates":[[[19.976691,50.057152],[19.976709,50.057032],[19.976722,50.057043],[19.976807,50.057014],[19.976811,50.056992],[19.97683,50.056993],[19.976838,50.056945],[19.976818,50.056944],[19.976843,50.056777],[19.977053,50.05679],[19.977018,50.057032],[19.977018,50.057086],[19.976717,50.057185],[19.976691,50.057152]]]}},{"type":"Feature","id":"w137271455","properties":{"type":"apartments","address":"Bajeczna 2B","residential":true,"residents_est":34,"h3_10":"8a1e2e6844e7fff","h3_11":"8b1e2e6844e4fff"},"geometry":{"type":"Polygon","coordinates":[[[19.975348,50.05746],[19.975382,50.057234],[19.975444,50.057145],[19.975631,50.057157],[19.975626,50.057194],[19.975635,50.057195],[19.975619,50.057307],[19.975537,50.057302],[19.97553,50.057352],[19.97561,50.057356],[19.975598,50.05744],[19.975589,50.05744],[19.975585,50.057467],[19.975525,50.057463],[19.975528,50.05744],[19.975493,50.057438],[19.975488,50.057472],[19.975348,50.05746]]]}},{"type":"Feature","id":"r1849726","properties":{"type":"yes","address":"Aleja Pokoju 33","residential":true,"residents_est":22,"h3_10":"8a1e2e68442ffff","h3_11":"8b1e2e68442bfff"},"geometry":{"type":"Polygon","coordinates":[[[19.97578,50.058957],[19.975796,50.058709],[19.976318,50.058724],[19.976301,50.058971],[19.97578,50.058957]],[[19.975961,50.058876],[19.976132,50.05888],[19.976139,50.058777],[19.975968,50.058773],[19.975961,50.058876]]]}},{"type":"Feature","id":"w137271458","properties":{"type":"yes","residential":true,"residents_est":8,"h3_10":"8a1e2e684567fff","h3_11":"8b1e2e684561fff"},"geometry":{"type":"Polygon","coordinates":[[[19.976923,50.062191],[19.976933,50.062086],[19.97706,50.062092],[19.977069,50.061977],[19.977193,50.061982],[19.977184,50.062097],[19.977193,50.062097],[19.977183,50.062201],[19.976923,50.062191]]]}},{"type":"Feature","id":"w154360213","properties":{"type":"yes","residential":true,"residents_est":13,"h3_10":"8a1e2e68441ffff","h3_11":"8b1e2e684418fff"},"geometry":{"type":"Polygon","coordinates":[[[19.974215,50.057603],[19.974242,50.057434],[19.974748,50.057464],[19.974731,50.057579],[19.974396,50.057558],[19.97439,50.057611],[19.974215,50.057603]]]}},{"type":"Feature","id":"w154360214","properties":{"type":"yes","residential":true,"residents_est":1,"h3_10":"8a1e2e68441ffff","h3_11":"8b1e2e68441bfff"},"geometry":{"type":"Polygon","coordinates":[[[19.974822,50.057101],[19.974835,50.057069],[19.974823,50.057063],[19.974848,50.057],[19.974932,50.057014],[19.974893,50.057113],[19.974822,50.057101]]]}},{"type":"Feature","id":"w154360215","properties":{"type":"warehouse","levels":1.0,"residential":false,"residents_est":0,"h3_10":"8a1e2e6844affff","h3_11":"8b1e2e6844aafff"},"geometry":{"type":"Polygon","coordinates":[[[19.972575,50.056256],[19.972605,50.056195],[19.972803,50.056236],[19.972773,50.056296],[19.972575,50.056256]]]}},{"type":"Feature","id":"w154360217","properties":{"type":"yes","residential":true,"residents_est":2,"h3_10":"8a1e2e68441ffff","h3_11":"8b1e2e68441bfff"},"geometry":{"type":"Polygon","coordinates":[[[19.974753,50.056991],[19.974776,50.056933],[19.974817,50.056939],[19.974826,50.056917],[19.97498,50.056941],[19.974939,50.057048],[19.974953,50.057051],[19.974927,50.057118],[19.974893,50.057113],[19.974932,50.057014],[19.974753,50.056991]]]}},{"type":"Feature","id":"w154360218","properties":{"type":"retail","levels":1.0,"address":"Ofiar Dąbia 12","name":"Biedronka","residential":false,"residents_est":0,"h3_10":"8a1e2e6844f7fff","h3_11":"8b1e2e6844f0fff"},"geometry":{"type":"Polygon","coordinates":[[[19.974665,50.056364],[19.974745,50.056173],[19.974982,50.056217],[19.974989,50.056216],[19.974999,50.056194],[19.975123,50.056216],[19.975041,50.056742],[19.975014,50.05674],[19.974982,50.056825],[19.974792,50.056793],[19.974892,50.056554],[19.974851,50.056546],[19.97491,50.056407],[19.974665,50.056364]]]}},{"type":"Feature","id":"w154360219","properties":{"type":"yes","name":"Kosmowski","residential":true,"residents_est":9,"h3_10":"8a1e2e684407fff","h3_11":"8b1e2e684403fff"},"geometry":{"type":"Polygon","coordinates":[[[19.974271,50.05805],[19.974428,50.058002],[19.974476,50.058068],[19.974615,50.058029],[19.974695,50.058139],[19.974383,50.058211],[19.974271,50.05805]]]}},{"type":"Feature","id":"w154360222","properties":{"type":"yes","residential":true,"residents_est":3,"h3_10":"8a1e2e6845a7fff","h3_11":"8b1e2e6845a6fff"},"geometry":{"type":"Polygon","coordinates":[[[19.968131,50.059538],[19.968225,50.059195],[19.96831,50.059205],[19.968216,50.059549],[19.968131,50.059538]]]}},{"type":"Feature","id":"w154360225","properties":{"type":"garages","residential":false,"residents_est":0,"h3_10":"8a1e2e6845affff","h3_11":"8b1e2e6845aefff"},"geometry":{"type":"Polygon","coordinates":[[[19.969306,50.059175],[19.96931,50.05911],[19.969974,50.059126],[19.969971,50.05919],[19.969306,50.059175]]]}},{"type":"Feature","id":"w154360231","properties":{"type":"yes","residential":true,"residents_est":11,"h3_10":"8a1e2e68441ffff","h3_11":"8b1e2e68441dfff"},"geometry":{"type":"Polygon","coordinates":[[[19.974193,50.057761],[19.97421,50.057649],[19.974716,50.057678],[19.974699,50.057792],[19.974193,50.057761]]]}},{"type":"Feature","id":"w154360236","properties":{"type":"garage","levels":1.0,"residential":false,"residents_est":0,"h3_10":"8a1e2e68441ffff","h3_11":"8b1e2e68441efff"},"geometry":{"type":"Polygon","coordinates":[[[19.973303,50.05729],[19.973334,50.057236],[19.973374,50.057246],[19.973344,50.057299],[19.973303,50.05729]]]}},{"type":"Feature","id":"w154360238","properties":{"type":"garage","levels":1.0,"residential":false,"residents_est":0,"h3_10":"8a1e2e6844affff","h3_11":"8b1e2e6844adfff"},"geometry":{"type":"Polygon","coordinates":[[[19.973264,50.057176],[19.973292,50.057122],[19.973334,50.05713],[19.973307,50.057185],[19.973264,50.057176]]]}},{"type":"Feature","id":"w154360239","properties":{"type":"apartments","levels":2.0,"residential":true,"residents_est":5,"h3_10":"8a1e2e6845b7fff","h3_11":"8b1e2e6845b5fff"},"geometry":{"type":"Polygon","coordinates":[[[19.967693,50.059309],[19.967728,50.059171],[19.967899,50.059175],[19.967859,50.059329],[19.967693,50.059309]]]}},{"type":"Feature","id":"w154360242","properties":{"type":"garage","residential":false,"residents_est":0,"h3_10":"8a1e2e6844affff","h3_11":"8b1e2e6844adfff"},"geometry":{"type":"Polygon","coordinates":[[[19.973106,50.056878],[19.973134,50.056826],[19.973761,50.056965],[19.973733,50.057017],[19.973106,50.056878]]]}},{"type":"Feature","id":"w154360243","properties":{"type":"garage","residential":false,"residents_est":0,"h3_10":"8a1e2e684587fff","h3_11":"8b1e2e684585fff"},"geometry":{"type":"Polygon","coordinates":[[[19.969314,50.059008],[19.96932,50.058899],[19.969946,50.058913],[19.96994,50.059022],[19.969314,50.059008]]]}},{"type":"Feature","id":"w154360244","properties":{"type":"apartments","levels":3.0,"residential":true,"residents_est":7,"h3_10":"8a1e2e6845a7fff","h3_11":"8b1e2e6845a6fff"},"geometry":{"type":"Polygon","coordinates":[[[19.967653,50.059455],[19.967693,50.059309],[19.967859,50.059329],[19.967816,50.059473],[19.967653,50.059455]]]}},{"type":"Feature","id":"w154360245","properties":{"type":"yes","residential":false,"residents_est":0,"h3_10":"8a1e2e6845a7fff","h3_11":"8b1e2e6845a6fff"},"geometry":{"type":"Polygon","coordinates":[[[19.967963,50.059328],[19.967974,50.059279],[19.968049,50.059286],[19.968038,50.059335],[19.967963,50.059328]]]}},{"type":"Feature","id":"w154360247","properties":{"type":"yes","residential":false,"residents_est":0,"h3_10":"8a1e2e6844affff","h3_11":"8b1e2e6844abfff"},"geometry":{"type":"Polygon","coordinates":[[[19.973078,50.056053],[19.973099,50.056007],[19.973177,50.056022],[19.973154,50.056068],[19.973078,50.056053]]]}},{"type":"Feature","id":"w154360248","properties":{"type":"office","levels":1.0,"residential":false,"residents_est":0,"h3_10":"8a1e2e6844f7fff","h3_11":"8b1e2e6844f2fff"},"geometry":{"type":"Polygon","coordinates":[[[19.973913,50.055876],[19.973965,50.055769],[19.974449,50.055869],[19.974397,50.055975],[19.973913,50.055876]]]}},{"type":"Feature","id":"w154360260","properties":{"type":"yes","residential":true,"residents_est":3,"h3_10":"8a1e2e68451ffff","h3_11":"8b1e2e68451afff"},"geometry":{"type":"Polygon","coordinates":[[[19.971393,50.059273],[19.971427,50.059223],[19.971852,50.059342],[19.971816,50.059393],[19.971393,50.059273]]]}},{"type":"Feature","id":"w154360263","properties":{"type":"outbuilding","levels":1.0,"residential":false,"residents_est":0,"h3_10":"8a1e2e6844f7fff","h3_11":"8b1e2e6844f6fff"},"geometry":{"type":"Polygon","coordinates":[[[19.973808,50.05606],[19.973853,50.055969],[19.974404,50.056082],[19.974359,50.056173],[19.973808,50.05606]]]}},{"type":"Feature","id":"w154360267","properties":{"type":"yes","levels":1.0,"residential":true,"residents_est":6,"h3_10":"8a1e2e68448ffff","h3_11":"8b1e2e684488fff"},"geometry":{"type":"Polygon","coordinates":[[[19.972865,50.055662],[19.972953,50.055483],[19.973631,50.055622],[19.973543,50.055801],[19.972865,50.055662]]]}},{"type":"Feature","id":"w154360275","properties":{"type":"yes","residential":true,"residents_est":9,"h3_10":"8a1e2e6844a7fff","h3_11":"8b1e2e6844a4fff"},"geometry":{"type":"Polygon","coordinates":[[[19.970627,50.057188],[19.970705,50.057102],[19.971108,50.057257],[19.971031,50.057341],[19.970627,50.057188]]]}},{"type":"Feature","id":"w154360276","properties":{"type":"yes","residential":true,"residents_est":1,"h3_10":"8a1e2e6845affff","h3_11":"8b1e2e6845acfff"},"geometry":{"type":"Polygon","coordinates":[[[19.970127,50.059361],[19.97021,50.059339],[19.970276,50.059442],[19.970193,50.059464],[19.970127,50.059361]]]}},{"type":"Feature","id":"w154360282","properties":{"type":"yes","levels":1.0,"residential":true,"residents_est":3,"h3_10":"8a1e2e6844f7fff","h3_11":"8b1e2e6844f6fff"},"geometry":{"type":"Polygon","coordinates":[[[19.973693,50.05625],[19.973746,50.056141],[19.974318,50.056259],[19.974264,50.056367],[19.973693,50.05625]]]}},{"type":"Feature","id":"w154360285","properties":{"type":"garage","levels":1.0,"residential":false,"residents_est":0,"h3_10":"8a1e2e6844affff","h3_11":"8b1e2e6844adfff"},"geometry":{"type":"Polygon","coordinates":[[[19.973188,50.056986],[19.973214,50.056931],[19.973253,50.056939],[19.973228,50.056994],[19.973188,50.056986]]]}},{"type":"Feature","id":"w154360290","properties":{"type":"office","levels":1.0,"residential":false,"residents_est":0,"h3_10":"8a1e2e6844affff","h3_11":"8b1e2e6844a9fff"},"geometry":{"type":"Polygon","coordinates":[[[19.973627,50.05643],[19.973671,50.056339],[19.974222,50.056453],[19.974178,50.056544],[19.973627,50.05643]]]}},{"type":"Feature","id":"w154360293","properties":{"type":"commercial","levels":3.0,"address":"Cystersów 21","residential":false,"residents_est":0,"h3_10":"8a1e2e684537fff","h3_11":"8b1e2e684535fff"},"geometry":{"type":"Polygon","coordinates":[[[19.969946,50.061779],[19.970013,50.06147],[19.970202,50.061487],[19.970134,50.061796],[19.969946,50.061779]]]}},{"type":"Feature","id":"w154360297","properties":{"type":"garage","levels":1.0,"residential":false,"residents_est":0,"h3_10":"8a1e2e6844affff","h3_11":"8b1e2e6844a9fff"},"geometry":{"type":"Polygon","coordinates":[[[19.973051,50.056733],[19.97314,50.056555],[19.973232,50.056573],[19.973235,50.056568],[19.974005,50.056726],[19.974001,50.056734],[19.974093,50.056752],[19.974006,50.056929],[19.973914,50.05691],[19.973911,50.056917],[19.973141,50.056758],[19.973143,50.056753],[19.973051,50.056733]]]}},{"type":"Feature","id":"w154360301","properties":{"type":"yes","residential":true,"residents_est":8,"h3_10":"8a1e2e6845affff","h3_11":"8b1e2e6845aefff"},"geometry":{"type":"Polygon","coordinates":[[[19.970027,50.059177],[19.970053,50.058898],[19.970156,50.0589],[19.970151,50.058887],[19.970157,50.058886],[19.970205,50.059004],[19.97024,50.059068],[19.970241,50.059086],[19.970222,50.059111],[19.970186,50.059126],[19.970182,50.059121],[19.970084,50.059117],[19.970081,50.059155],[19.970091,50.059157],[19.970027,50.059177]]]}},{"type":"Feature","id":"w154360307","properties":{"type":"warehouse","levels":1.0,"residential":false,"residents_est":0,"h3_10":"8a1e2e68448ffff","h3_11":"8b1e2e68448cfff"},"geometry":{"type":"Polygon","coordinates":[[[19.972695,50.056011],[19.972843,50.055709],[19.973053,50.055753],[19.972901,50.056052],[19.972695,50.056011]]]}},{"type":"Feature","id":"w154360308","properties":{"type":"apartments","levels":2.0,"address":"Miedziana 3","residential":true,"residents_est":6,"h3_10":"8a1e2e68441ffff","h3_11":"8b1e2e68441cfff"},"geometry":{"type":"Polygon","coordinates":[[[19.973617,50.057545],[19.973908,50.057459],[19.973976,50.057548],[19.973683,50.057635],[19.973617,50.057545]]]}},{"type":"Feature","id":"w154360312","properties":{"type":"garages","residential":false,"residents_est":0,"h3_10":"8a1e2e6845affff","h3_11":"8b1e2e6845acfff"},"geometry":{"type":"Polygon","coordinates":[[[19.970211,50.059496],[19.970296,50.059478],[19.970351,50.059587],[19.970416,50.059765],[19.970441,50.059873],[19.970353,50.059881],[19.970327,50.059774],[19.970264,50.0596],[19.970211,50.059496]]]}},{"type":"Feature","id":"w154360318","properties":{"type":"yes","residential":true,"residents_est":11,"h3_10":"8a1e2e68441ffff","h3_11":"8b1e2e68441dfff"},"geometry":{"type":"Polygon","coordinates":[[[19.974699,50.057792],[19.974748,50.057464],[19.974923,50.057477],[19.974874,50.057803],[19.974699,50.057792]]]}},{"type":"Feature","id":"w154360319","properties":{"type":"yes","residential":true,"residents_est":11,"h3_10":"8a1e2e6845affff","h3_11":"8b1e2e6845acfff"},"geometry":{"type":"Polygon","coordinates":[[[19.970339,50.059298],[19.970421,50.059273],[19.970485,50.059373],[19.970553,50.059497],[19.970621,50.059658],[19.970645,50.059738],[19.970679,50.059901],[19.970589,50.059906],[19.970555,50.059747],[19.970502,50.059591],[19.9704,50.059392],[19.970339,50.059298]]]}},{"type":"Feature","id":"w161279094","properties":{"type":"yes","residential":true,"residents_est":1,"h3_10":"8a1e2e68444ffff","h3_11":"8b1e2e68444dfff"},"geometry":{"type":"Polygon","coordinates":[[[19.981271,50.058388],[19.981291,50.05835],[19.981363,50.058382],[19.981381,50.058401],[19.981363,50.058464],[19.981276,50.058444],[19.981306,50.058396],[19.981271,50.058388]]]}},{"type":"Feature","id":"w161279095","properties":{"type":"yes","residential":true,"residents_est":2,"h3_10":"8a1e2e684437fff","h3_11":"8b1e2e684431fff"},"geometry":{"type":"Polygon","coordinates":[[[19.972878,50.059083],[19.97295,50.058981],[19.972985,50.058991],[19.972993,50.05898],[19.973034,50.058991],[19.973026,50.059003],[19.9731,50.059022],[19.973036,50.059124],[19.972878,50.059083]]]}},{"type":"Feature","id":"w161279096","properties":{"type":"apartments","levels":4.0,"residential":true,"residents_est":10,"h3_10":"8a1e2e68446ffff","h3_11":"8b1e2e684469fff"},"geometry":{"type":"Polygon","coordinates":[[[19.980991,50.059369],[19.981017,50.059242],[19.981236,50.059263],[19.981217,50.059353],[19.981133,50.059345],[19.981125,50.05938],[19.980991,50.059369]]]}},{"type":"Feature","id":"w161279097","properties":{"type":"apartments","levels":4.0,"address":"Żółtej Ciżemki 5","residential":true,"residents_est":16,"h3_10":"8a1e2e684437fff","h3_11":"8b1e2e684431fff"},"geometry":{"type":"Polygon","coordinates":[[[19.972732,50.058706],[19.972776,50.058652],[19.972804,50.058661],[19.972862,50.058591],[19.972845,50.058585],[19.972875,50.058548],[19.972973,50.058582],[19.972963,50.058594],[19.973031,50.058617],[19.973041,50.058605],[19.973138,50.058638],[19.973108,50.058675],[19.973091,50.058669],[19.97303,50.058743],[19.972918,50.058705],[19.972878,50.058755],[19.972732,50.058706]]]}},{"type":"Feature","id":"w161279098","properties":{"type":"apartments","residential":true,"residents_est":67,"h3_10":"8a1e2e684457fff","h3_11":"8b1e2e684452fff"},"geometry":{"type":"Polygon","coordinates":[[[19.976432,50.057634],[19.976499,50.057587],[19.976618,50.057544],[19.97662,50.057524],[19.97672,50.057529],[19.976721,50.057518],[19.976928,50.057523],[19.976927,50.057539],[19.976964,50.05754],[19.976965,50.057524],[19.977029,50.057526],[19.977028,50.057541],[19.977045,50.057542],[19.977049,50.057483],[19.976989,50.057484],[19.976991,50.057443],[19.97689,50.057442],[19.976993,50.05739],[19.977111,50.057361],[19.977173,50.057362],[19.977175,50.057344],[19.97723,50.057334],[19.977229,50.057352],[19.977261,50.057352],[19.977258,50.057389],[19.977311,50.057391],[19.977307,50.057453],[19.977204,50.05745],[19.977201,50.057487],[19.977121,50.057485],[19.977116,50.057552],[19.977204,50.057555],[19.977205,50.057531],[19.977312,50.057533],[19.977311,50.057549],[19.977411,50.057552],[19.977405,50.057648],[19.976432,50.057634]]]}},{"type":"Feature","id":"w161279106","properties":{"type":"yes","address":"Widok 35","residential":true,"residents_est":2,"h3_10":"8a1e2e68445ffff","h3_11":"8b1e2e68445efff"},"geometry":{"type":"Polygon","coordinates":[[[19.978731,50.057186],[19.978822,50.057096],[19.979006,50.057171],[19.978917,50.057262],[19.978731,50.057186]]]}},{"type":"Feature","id":"w161279111","properties":{"type":"yes","address":"Skrzatów 4","residential":true,"residents_est":7,"h3_10":"8a1e2e6844a7fff","h3_11":"8b1e2e6844a3fff"},"geometry":{"type":"Polygon","coordinates":[[[19.971289,50.056429],[19.971338,50.056332],[19.971683,50.056403],[19.971635,50.0565],[19.971289,50.056429]]]}},{"type":"Feature","id":"w161279114","properties":{"type":"yes","address":"Widok 31","residential":true,"residents_est":7,"h3_10":"8a1e2e68445ffff","h3_11":"8b1e2e684459fff"},"geometry":{"type":"Polygon","coordinates":[[[19.979805,50.057404],[19.979896,50.05731],[19.979903,50.057313],[19.979899,50.057317],[19.980011,50.057367],[19.980197,50.057439],[19.980201,50.057434],[19.980208,50.057437],[19.980116,50.05753],[19.98011,50.057528],[19.980113,50.057523],[19.979815,50.057401],[19.979805,50.057404]]]}},{"type":"Feature","id":"w161279128","properties":{"type":"yes","residential":true,"residents_est":2,"h3_10":"8a1e2e684427fff","h3_11":"8b1e2e684422fff"},"geometry":{"type":"Polygon","coordinates":[[[19.973372,50.059192],[19.97348,50.059007],[19.973588,50.059033],[19.973478,50.059215],[19.973372,50.059192]]]}},{"type":"Feature","id":"w161279133","properties":{"type":"yes","address":"Widok 19","residential":true,"residents_est":1,"h3_10":"8a1e2e68446ffff","h3_11":"8b1e2e68446dfff"},"geometry":{"type":"Polygon","coordinates":[[[19.981041,50.059647],[19.981054,50.059582],[19.981187,50.059592],[19.981169,50.059691],[19.981056,50.059683],[19.981063,50.059649],[19.981041,50.059647]]]}},{"type":"Feature","id":"w161279135","properties":{"type":"yes","residential":false,"residents_est":0,"h3_10":"8a1e2e68444ffff","h3_11":"8b1e2e68444dfff"},"geometry":{"type":"Polygon","coordinates":[[[19.981444,50.058469],[19.981446,50.058436],[19.981536,50.058438],[19.981534,50.058471],[19.981444,50.058469]]]}},{"type":"Feature","id":"w161279139","properties":{"type":"apartments","address":"Widok 35a","residential":true,"residents_est":17,"h3_10":"8a1e2e68445ffff","h3_11":"8b1e2e68445afff"},"geometry":{"type":"Polygon","coordinates":[[[19.978772,50.056927],[19.978786,50.056827],[19.978779,50.056827],[19.978782,50.056774],[19.978869,50.056777],[19.978869,50.056784],[19.978933,50.056785],[19.978934,50.056778],[19.97902,50.05678],[19.979017,50.056837],[19.979005,50.056836],[19.979003,50.056878],[19.979015,50.056879],[19.979011,50.056934],[19.97886,50.056922],[19.97886,50.056929],[19.978772,50.056927]]]}},{"type":"Feature","id":"w161279141","properties":{"type":"apartments","address":"Widok 41","residential":true,"residents_est":12,"h3_10":"8a1e2e6844effff","h3_11":"8b1e2e6844e8fff"},"geometry":{"type":"Polygon","coordinates":[[[19.977602,50.056575],[19.977687,50.056489],[19.977887,50.05657],[19.977803,50.056656],[19.977602,50.056575]]]}},{"type":"Feature","id":"w161279142","properties":{"type":"yes","residential":true,"residents_est":2,"h3_10":"8a1e2e684427fff","h3_11":"8b1e2e684422fff"},"geometry":{"type":"Polygon","coordinates":[[[19.973036,50.059124],[19.97309,50.059039],[19.973247,50.059075],[19.973196,50.059162],[19.973036,50.059124]]]}},{"type":"Feature","id":"w161279143","properties":{"type":"garages","residential":false,"residents_est":0,"h3_10":"8a1e2e684447fff","h3_11":"8b1e2e684445fff"},"geometry":{"type":"Polygon","coordinates":[[[19.979155,50.058726],[19.979281,50.058723],[19.97928,50.058704],[19.979411,50.058702],[19.979419,50.058811],[19.979291,50.058814],[19.979293,50.058831],[19.979162,50.058836],[19.979155,50.058726]]]}},{"type":"Feature","id":"w161279152","properties":{"type":"yes","residential":true,"residents_est":1,"h3_10":"8a1e2e68446ffff","h3_11":"8b1e2e684469fff"},"geometry":{"type":"Polygon","coordinates":[[[19.981374,50.059279],[19.981384,50.059221],[19.981494,50.059229],[19.981483,50.059287],[19.981374,50.059279]]]}},{"type":"Feature","id":"w161279155","properties":{"type":"yes","residential":true,"residents_est":2,"h3_10":"8a1e2e68446ffff","h3_11":"8b1e2e684469fff"},"geometry":{"type":"Polygon","coordinates":[[[19.981034,50.059138],[19.981047,50.059041],[19.981135,50.059046],[19.981154,50.059036],[19.98118,50.059038],[19.981196,50.059049],[19.981235,50.059051],[19.981224,50.059133],[19.981161,50.059129],[19.981159,50.059145],[19.981034,50.059138]]]}},{"type":"Feature","id":"w161279157","properties":{"type":"apartments","address":"Widok 39a","residential":true,"residents_est":17,"h3_10":"8a1e2e6844effff","h3_11":"8b1e2e6844e9fff"},"geometry":{"type":"Polygon","coordinates":[[[19.978246,50.0567],[19.978249,50.056644],[19.978256,50.056644],[19.97826,50.056602],[19.978251,50.056602],[19.978254,50.056547],[19.978343,50.056549],[19.978343,50.056556],[19.978407,50.056558],[19.978407,50.05655],[19.978494,50.056553],[19.978489,50.056609],[19.978478,50.056608],[19.978475,50.05665],[19.978487,50.056651],[19.978484,50.056706],[19.978334,50.056695],[19.978333,50.056702],[19.978246,50.0567]]]}},{"type":"Feature","id":"w161279159","properties":{"type":"yes","residential":true,"residents_est":2,"h3_10":"8a1e2e684437fff","h3_11":"8b1e2e684435fff"},"geometry":{"type":"Polygon","coordinates":[[[19.972725,50.059038],[19.972791,50.058945],[19.972839,50.058959],[19.972845,50.058951],[19.972863,50.058957],[19.972857,50.058965],[19.972877,50.058971],[19.972883,50.058963],[19.972902,50.058968],[19.972896,50.058976],[19.972942,50.05899],[19.972878,50.059083],[19.972725,50.059038]]]}},{"type":"Feature","id":"w161279160","properties":{"type":"yes","residential":true,"residents_est":1,"h3_10":"8a1e2e68444ffff","h3_11":"8b1e2e684449fff"},"geometry":{"type":"Polygon","coordinates":[[[19.981259,50.058191],[19.981338,50.058178],[19.981323,50.058143],[19.98141,50.058129],[19.981448,50.058226],[19.981284,50.058252],[19.981259,50.058191]]]}},{"type":"Feature","id":"w161279161","properties":{"type":"yes","residential":true,"residents_est":10,"h3_10":"8a1e2e6844a7fff","h3_11":"8b1e2e6844a1fff"},"geometry":{"type":"Polygon","coordinates":[[[19.971865,50.056978],[19.971997,50.056714],[19.972168,50.05675],[19.972037,50.057014],[19.971865,50.056978]]]}},{"type":"Feature","id":"w161279162","properties":{"type":"apartments","address":"Widok 39","residential":true,"residents_est":11,"h3_10":"8a1e2e6844effff","h3_11":"8b1e2e6844edfff"},"geometry":{"type":"Polygon","coordinates":[[[19.977919,50.056922],[19.978008,50.056832],[19.978193,50.056906],[19.978104,50.056997],[19.977919,50.056922]]]}},{"type":"Feature","id":"w161279165","properties":{"type":"yes","address":"Na Szaniec 14","residential":true,"residents_est":9,"h3_10":"8a1e2e684447fff","h3_11":"8b1e2e684441fff"},"geometry":{"type":"Polygon","coordinates":[[[19.979716,50.058427],[19.979722,50.058315],[19.980148,50.058326],[19.980142,50.058438],[19.979884,50.058431],[19.979885,50.058424],[19.979807,50.058422],[19.979806,50.05843],[19.979716,50.058427]]]}},{"type":"Feature","id":"w161279169","properties":{"type":"apartments","address":"Widok 37","residential":true,"residents_est":12,"h3_10":"8a1e2e6844effff","h3_11":"8b1e2e6844edfff"},"geometry":{"type":"Polygon","coordinates":[[[19.978301,50.057077],[19.978391,50.056986],[19.978577,50.057062],[19.978488,50.057153],[19.978301,50.057077]]]}},{"type":"Feature","id":"w161279171","properties":{"type":"yes","residential":true,"residents_est":2,"h3_10":"8a1e2e68444ffff","h3_11":"8b1e2e684448fff"},"geometry":{"type":"Polygon","coordinates":[[[19.98096,50.058138],[19.981115,50.058113],[19.981153,50.058208],[19.980997,50.058234],[19.98096,50.058138]]]}},{"type":"Feature","id":"w161279172","properties":{"type":"yes","residential":true,"residents_est":2,"h3_10":"8a1e2e684487fff","h3_11":"8b1e2e684485fff"},"geometry":{"type":"Polygon","coordinates":[[[19.971497,50.056254],[19.971534,50.056181],[19.971726,50.056221],[19.971689,50.056294],[19.971497,50.056254]]]}},{"type":"Feature","id":"w161279177","properties":{"type":"yes","address":"Widok 33","residential":true,"residents_est":2,"h3_10":"8a1e2e68445ffff","h3_11":"8b1e2e684458fff"},"geometry":{"type":"Polygon","coordinates":[[[19.9792,50.057252],[19.979288,50.057161],[19.979474,50.057237],[19.979386,50.057328],[19.9792,50.057252]]]}},{"type":"Feature","id":"w161279181","properties":{"type":"yes","residential":true,"residents_est":7,"h3_10":"8a1e2e6844a7fff","h3_11":"8b1e2e6844a1fff"},"geometry":{"type":"Polygon","coordinates":[[[19.97213,50.057004],[19.972141,50.056981],[19.972163,50.056985],[19.972271,50.056771],[19.972389,50.056795],[19.972314,50.056949],[19.972337,50.056955],[19.972322,50.056982],[19.972299,50.056977],[19.972257,50.057059],[19.97214,50.057035],[19.972152,50.057008],[19.97213,50.057004]]]}},{"type":"Feature","id":"w161279187","properties":{"type":"yes","residential":true,"residents_est":2,"h3_10":"8a1e2e684427fff","h3_11":"8b1e2e684422fff"},"geometry":{"type":"Polygon","coordinates":[[[19.973196,50.059162],[19.973257,50.05906],[19.973329,50.059074],[19.973331,50.05907],[19.973429,50.059094],[19.973367,50.059197],[19.973196,50.059162]]]}},{"type":"Feature","id":"w161279188","properties":{"type":"yes","residential":true,"residents_est":1,"h3_10":"8a1e2e684567fff","h3_11":"8b1e2e684565fff"},"geometry":{"type":"Polygon","coordinates":[[[19.976793,50.062593],[19.976824,50.062559],[19.97681,50.062553],[19.976847,50.062511],[19.976945,50.062547],[19.976874,50.062624],[19.976793,50.062593]]]}},{"type":"Feature","id":"w161279192","properties":{"type":"yes","residential":true,"residents_est":1,"h3_10":"8a1e2e68444ffff","h3_11":"8b1e2e68444dfff"},"geometry":{"type":"Polygon","coordinates":[[[19.981017,50.058397],[19.981147,50.058395],[19.981149,50.058492],[19.981021,50.058492],[19.981017,50.058397]]]}},{"type":"Feature","id":"w161279197","properties":{"type":"apartments","levels":6.0,"address":"Bajeczna 6","residential":true,"residents_est":63,"h3_10":"8a1e2e6844effff","h3_11":"8b1e2e6844ecfff"},"geometry":{"type":"Polygon","coordinates":[[[19.977274,50.057083],[19.977318,50.057008],[19.977293,50.057002],[19.977367,50.056682],[19.977712,50.056811],[19.977569,50.057057],[19.977274,50.057083]]]}},{"type":"Feature","id":"w161279198","properties":{"type":"yes","residential":true,"residents_est":18,"h3_10":"8a1e2e6844a7fff","h3_11":"8b1e2e6844a2fff"},"geometry":{"type":"Polygon","coordinates":[[[19.970812,50.056888],[19.9709,50.056708],[19.970891,50.056697],[19.970912,50.056655],[19.970927,50.056647],[19.970933,50.056633],[19.970929,50.056621],[19.97095,50.056579],[19.970967,50.056574],[19.971057,50.056394],[19.971213,50.056426],[19.971126,50.056604],[19.97115,50.056611],[19.971072,50.056772],[19.971045,50.056766],[19.970968,50.05692],[19.970812,50.056888]]]}},{"type":"Feature","id":"w161279203","properties":{"type":"apartments","residential":true,"residents_est":13,"h3_10":"8a1e2e684457fff","h3_11":"8b1e2e684452fff"},"geometry":{"type":"Polygon","coordinates":[[[19.977481,50.05737],[19.97749,50.057262],[19.977741,50.057271],[19.977732,50.057378],[19.977481,50.05737]]]}},{"type":"Feature","id":"w161279205","properties":{"type":"yes","residential":true,"residents_est":8,"h3_10":"8a1e2e684407fff","h3_11":"8b1e2e684404fff"},"geometry":{"type":"Polygon","coordinates":[[[19.97348,50.059007],[19.973609,50.058795],[19.973769,50.058835],[19.973677,50.058988],[19.9737,50.058993],[19.973657,50.059067],[19.973604,50.059054],[19.973614,50.059038],[19.97348,50.059007]]]}},{"type":"Feature","id":"w161279206","properties":{"type":"warehouse","residential":false,"residents_est":0,"h3_10":"8a1e2e684417fff","h3_11":"8b1e2e684416fff"},"geometry":{"type":"Polygon","coordinates":[[[19.971517,50.057497],[19.971615,50.057401],[19.971707,50.057436],[19.971664,50.057478],[19.971958,50.057606],[19.971999,50.057567],[19.972086,50.057604],[19.971986,50.0577],[19.971517,50.057497]]]}},{"type":"Feature","id":"w184239009","properties":{"type":"garage","residential":false,"residents_est":0,"h3_10":"8a1e2e6845a7fff","h3_11":"8b1e2e6845a6fff"},"geometry":{"type":"Polygon","coordinates":[[[19.967619,50.059653],[19.967632,50.05959],[19.967765,50.059604],[19.967764,50.059609],[19.968278,50.059653],[19.968263,50.059715],[19.967619,50.059653]]]}},{"type":"Feature","id":"w184239019","properties":{"type":"yes","residential":true,"residents_est":7,"h3_10":"8a1e2e6845b7fff","h3_11":"8b1e2e6845b2fff"},"geometry":{"type":"Polygon","coordinates":[[[19.966769,50.058373],[19.96687,50.058185],[19.967049,50.058227],[19.966946,50.058414],[19.966769,50.058373]]]}},{"type":"Feature","id":"w184336048","properties":{"type":"house","address":"Na Szaniec 1","residential":true,"residents_est":2,"h3_10":"8a1e2e684477fff","h3_11":"8b1e2e684474fff"},"geometry":{"type":"Polygon","coordinates":[[[19.976635,50.059094],[19.976814,50.059063],[19.976839,50.059125],[19.97666,50.059155],[19.976635,50.059094]]]}},{"type":"Feature","id":"w184336059","properties":{"type":"yes","address":"Na Szaniec 13","residential":true,"residents_est":3,"h3_10":"8a1e2e684477fff","h3_11":"8b1e2e684475fff"},"geometry":{"type":"Polygon","coordinates":[[[19.977578,50.058922],[19.977757,50.058891],[19.977789,50.058903],[19.977843,50.059045],[19.977735,50.059063],[19.977722,50.059032],[19.977728,50.059022],[19.977747,50.059019],[19.97774,50.059002],[19.977673,50.059014],[19.977676,50.059024],[19.977622,50.059033],[19.977578,50.058922]]]}},{"type":"Feature","id":"w184336076","properties":{"type":"yes","address":"Na Szaniec 1a","residential":true,"residents_est":1,"h3_10":"8a1e2e684477fff","h3_11":"8b1e2e684474fff"},"geometry":{"type":"Polygon","coordinates":[[[19.976713,50.059207],[19.976882,50.059179],[19.97691,50.059255],[19.976741,50.059283],[19.976713,50.059207]]]}},{"type":"Feature","id":"w184336079","properties":{"type":"yes","address":"Na Szaniec 2","residential":true,"residents_est":2,"h3_10":"8a1e2e684477fff","h3_11":"8b1e2e684472fff"},"geometry":{"type":"Polygon","coordinates":[[[19.976776,50.058645],[19.976892,50.058623],[19.9769,50.05864],[19.977005,50.05862],[19.977042,50.0587],[19.976822,50.058743],[19.976776,50.058645]]]}},{"type":"Feature","id":"w184336083","properties":{"type":"yes","address":"Na Szaniec 3","residential":true,"residents_est":1,"h3_10":"8a1e2e684477fff","h3_11":"8b1e2e684474fff"},"geometry":{"type":"Polygon","coordinates":[[[19.976814,50.059063],[19.976943,50.05903],[19.976993,50.059115],[19.976915,50.059135],[19.976928,50.059154],[19.976876,50.059167],[19.976839,50.059125],[19.976814,50.059063]]]}},{"type":"Feature","id":"w184336087","properties":{"type":"yes","address":"Na Szaniec 4","residential":true,"residents_est":1,"h3_10":"8a1e2e684477fff","h3_11":"8b1e2e684470fff"},"geometry":{"type":"Polygon","coordinates":[[[19.977134,50.05859],[19.977286,50.058558],[19.977329,50.058642],[19.977177,50.058674],[19.977134,50.05859]]]}},{"type":"Feature","id":"w184336089","properties":{"type":"yes","address":"Na Szaniec 5","residential":true,"residents_est":1,"h3_10":"8a1e2e684477fff","h3_11":"8b1e2e684474fff"},"geometry":{"type":"Polygon","coordinates":[[[19.97707,50.05925],[19.977189,50.059221],[19.977241,50.059306],[19.977123,50.059336],[19.97707,50.05925]]]}},{"type":"Feature","id":"w184336091","properties":{"type":"yes","address":"Na Szaniec 7","residential":true,"residents_est":1,"h3_10":"8a1e2e684477fff","h3_11":"8b1e2e684474fff"},"geometry":{"type":"Polygon","coordinates":[[[19.977128,50.0591],[19.977244,50.059075],[19.977282,50.059151],[19.977166,50.059176],[19.977128,50.0591]]]}},{"type":"Feature","id":"w184336095","properties":{"type":"yes","address":"Na Szaniec 9","residential":true,"residents_est":2,"h3_10":"8a1e2e684477fff","h3_11":"8b1e2e684475fff"},"geometry":{"type":"Polygon","coordinates":[[[19.977197,50.058986],[19.977391,50.058953],[19.977436,50.059067],[19.977332,50.059084],[19.977329,50.059077],[19.977301,50.059082],[19.977304,50.059089],[19.977256,50.059097],[19.977197,50.058986]]]}},{"type":"Feature","id":"w203569118","properties":{"type":"apartments","levels":6.0,"residential":true,"residents_est":25,"h3_10":"8a1e2e6845b7fff","h3_11":"8b1e2e6845b2fff"},"geometry":{"type":"Polygon","coordinates":[[[19.967088,50.058448],[19.967164,50.058307],[19.967214,50.058318],[19.967195,50.058352],[19.967481,50.058417],[19.967423,50.058523],[19.967088,50.058448]]]}},{"type":"Feature","id":"w216657970","properties":{"type":"garages","residential":false,"residents_est":0,"h3_10":"8a1e2e6844d7fff","h3_11":"8b1e2e6844d5fff"},"geometry":{"type":"Polygon","coordinates":[[[19.974993,50.055672],[19.975308,50.054921],[19.975569,50.054968],[19.975228,50.05556],[19.975175,50.055703],[19.974993,50.055672]]]}},{"type":"Feature","id":"w229419610","properties":{"type":"yes","residential":true,"residents_est":3,"h3_10":"8a1e2e6844dffff","h3_11":"8b1e2e6844dafff"},"geometry":{"type":"Polygon","coordinates":[[[19.976753,50.054492],[19.976817,50.054421],[19.976886,50.054447],[19.976822,50.054518],[19.976753,50.054492]]]}},{"type":"Feature","id":"w254098903","properties":{"type":"garage","residential":false,"residents_est":0,"h3_10":"8a1e2e684567fff","h3_11":"8b1e2e684560fff"},"geometry":{"type":"Polygon","coordinates":[[[19.97607,50.06202],[19.976082,50.061937],[19.976259,50.061946],[19.97625,50.062026],[19.976291,50.062029],[19.976282,50.062109],[19.976322,50.062112],[19.976312,50.062192],[19.976353,50.062195],[19.976342,50.062278],[19.97637,50.062278],[19.976356,50.06239],[19.976181,50.06238],[19.976193,50.06227],[19.976163,50.062268],[19.976172,50.062188],[19.976133,50.062185],[19.976143,50.062105],[19.976102,50.062103],[19.97611,50.062022],[19.97607,50.06202]]]}},{"type":"Feature","id":"w256744762","properties":{"type":"yes","residential":true,"residents_est":3,"h3_10":"8a1e2e68440ffff","h3_11":"8b1e2e68440efff"},"geometry":{"type":"Polygon","coordinates":[[[19.975274,50.058055],[19.975337,50.058042],[19.975327,50.058024],[19.975403,50.058008],[19.975412,50.058025],[19.975468,50.058013],[19.975515,50.058103],[19.97542,50.058124],[19.975452,50.058185],[19.975353,50.058206],[19.975274,50.058055]]]}},{"type":"Feature","id":"w288479474","properties":{"type":"garage","residential":false,"residents_est":0,"h3_10":"8a1e2e684557fff","h3_11":"8b1e2e684551fff"},"geometry":{"type":"Polygon","coordinates":[[[19.975564,50.060335],[19.975569,50.060202],[19.975663,50.060204],[19.975659,50.060335],[19.975564,50.060335]]]}},{"type":"Feature","id":"w288479479","properties":{"type":"garage","residential":false,"residents_est":0,"h3_10":"8a1e2e684557fff","h3_11":"8b1e2e684555fff"},"geometry":{"type":"Polygon","coordinates":[[[19.975596,50.060509],[19.975606,50.060443],[19.975701,50.060449],[19.975691,50.060515],[19.975596,50.060509]]]}},{"type":"Feature","id":"w288479483","properties":{"type":"garage","residential":false,"residents_est":0,"h3_10":"8a1e2e684567fff","h3_11":"8b1e2e684562fff"},"geometry":{"type":"Polygon","coordinates":[[[19.975787,50.061256],[19.975797,50.061172],[19.975975,50.061182],[19.975964,50.061263],[19.976006,50.061265],[19.975995,50.061345],[19.976037,50.061347],[19.976027,50.061427],[19.976069,50.06143],[19.976054,50.061549],[19.976113,50.061553],[19.976104,50.061633],[19.976145,50.061635],[19.976136,50.061716],[19.976177,50.061719],[19.976166,50.061799],[19.976207,50.061802],[19.976195,50.061885],[19.976018,50.061874],[19.976029,50.061794],[19.975987,50.061792],[19.975999,50.061712],[19.97596,50.061709],[19.975966,50.061628],[19.975926,50.061626],[19.975935,50.061546],[19.975876,50.061542],[19.975889,50.061423],[19.975849,50.06142],[19.975859,50.06134],[19.975817,50.061338],[19.975827,50.061258],[19.975787,50.061256]]]}},{"type":"Feature","id":"w288479490","properties":{"type":"garage","residential":false,"residents_est":0,"h3_10":"8a1e2e684557fff","h3_11":"8b1e2e684555fff"},"geometry":{"type":"Polygon","coordinates":[[[19.975557,50.060603],[19.975571,50.060522],[19.975751,50.060533],[19.975736,50.060613],[19.975779,50.060616],[19.97577,50.060695],[19.975806,50.060698],[19.975797,50.060777],[19.975834,50.06078],[19.975828,50.060839],[19.975648,50.060828],[19.975655,50.060772],[19.975616,50.06077],[19.975626,50.06069],[19.975588,50.060687],[19.975601,50.060606],[19.975557,50.060603]]]}},{"type":"Feature","id":"w288479502","properties":{"type":"garage","residential":false,"residents_est":0,"h3_10":"8a1e2e684547fff","h3_11":"8b1e2e684546fff"},"geometry":{"type":"Polygon","coordinates":[[[19.975585,50.060922],[19.975604,50.060918],[19.97561,50.060878],[19.975644,50.06088],[19.975651,50.060829],[19.975826,50.060839],[19.975818,50.06089],[19.97582,50.060925],[19.975591,50.06095],[19.975585,50.060922]]]}},{"type":"Feature","id":"w291530477","properties":{"type":"commercial","address":"Ofiar Dąbia 14","name":"Polinar","residential":false,"residents_est":0,"h3_10":"8a1e2e6844f7fff","h3_11":"8b1e2e6844f3fff"},"geometry":{"type":"Polygon","coordinates":[[[19.974845,50.056014],[19.97494,50.055794],[19.975145,50.055831],[19.975076,50.055993],[19.975019,50.055983],[19.974993,50.056038],[19.974845,50.056014]]]}},{"type":"Feature","id":"w299362559","properties":{"type":"yes","residential":false,"residents_est":0,"h3_10":"8a1e2e684487fff","h3_11":"8b1e2e684481fff"},"geometry":{"type":"Polygon","coordinates":[[[19.972516,50.055915],[19.972527,50.055887],[19.972653,50.055907],[19.972642,50.055935],[19.972516,50.055915]]]}},{"type":"Feature","id":"w299362562","properties":{"type":"yes","residential":false,"residents_est":0,"h3_10":"8a1e2e6844affff","h3_11":"8b1e2e6844adfff"},"geometry":{"type":"Polygon","coordinates":[[[19.97307,50.056948],[19.973095,50.056906],[19.973133,50.056914],[19.973113,50.056957],[19.97307,50.056948]]]}},{"type":"Feature","id":"w299362564","properties":{"type":"garage","levels":1.0,"residential":false,"residents_est":0,"h3_10":"8a1e2e6844affff","h3_11":"8b1e2e6844adfff"},"geometry":{"type":"Polygon","coordinates":[[[19.973121,50.057085],[19.973228,50.057108],[19.973195,50.057172],[19.973121,50.057163],[19.973121,50.057085]]]}},{"type":"Feature","id":"w299362567","properties":{"type":"yes","levels":1.0,"residential":true,"residents_est":3,"h3_10":"8a1e2e6844affff","h3_11":"8b1e2e6844abfff"},"geometry":{"type":"Polygon","coordinates":[[[19.973274,50.056179],[19.973341,50.056042],[19.973753,50.056127],[19.973686,50.056264],[19.973274,50.056179]]]}},{"type":"Feature","id":"w299362569","properties":{"type":"yes","residential":false,"residents_est":0,"h3_10":"8a1e2e6844affff","h3_11":"8b1e2e6844abfff"},"geometry":{"type":"Polygon","coordinates":[[[19.973038,50.05616],[19.97306,50.0561],[19.973131,50.056115],[19.973095,50.056172],[19.973038,50.05616]]]}},{"type":"Feature","id":"w299362571","properties":{"type":"warehouse","levels":1.0,"residential":false,"residents_est":0,"h3_10":"8a1e2e6844affff","h3_11":"8b1e2e6844aafff"},"geometry":{"type":"Polygon","coordinates":[[[19.972605,50.056195],[19.972695,50.056011],[19.972901,50.056052],[19.97281,50.056237],[19.972605,50.056195]]]}},{"type":"Feature","id":"w299362574","properties":{"type":"yes","residential":true,"residents_est":3,"h3_10":"8a1e2e68448ffff","h3_11":"8b1e2e68448afff"},"geometry":{"type":"Polygon","coordinates":[[[19.972706,50.055262],[19.972772,50.055141],[19.972944,50.05518],[19.972939,50.05519],[19.972963,50.055195],[19.972912,50.055299],[19.97289,50.055295],[19.972869,50.055335],[19.972763,50.055312],[19.97278,50.055279],[19.972706,50.055262]]]}},{"type":"Feature","id":"w299362576","properties":{"type":"warehouse","levels":1.0,"residential":false,"residents_est":0,"h3_10":"8a1e2e6844affff","h3_11":"8b1e2e6844aafff"},"geometry":{"type":"Polygon","coordinates":[[[19.972395,50.05599],[19.97247,50.055969],[19.972571,50.056111],[19.972588,50.056114],[19.972647,50.056002],[19.972695,50.056011],[19.972613,50.056179],[19.97251,50.056156],[19.972395,50.05599]]]}},{"type":"Feature","id":"w331466994","properties":{"type":"apartments","residential":true,"residents_est":8,"h3_10":"8a1e2e684457fff","h3_11":"8b1e2e684450fff"},"geometry":{"type":"Polygon","coordinates":[[[19.977612,50.057605],[19.977778,50.057571],[19.977808,50.057631],[19.977773,50.057638],[19.977793,50.057679],[19.977662,50.057705],[19.977612,50.057605]]]}},{"type":"Feature","id":"w341306788","properties":{"type":"yes","residential":false,"residents_est":0,"h3_10":"8a1e2e68456ffff","h3_11":"8b1e2e68456dfff"},"geometry":{"type":"Polygon","coordinates":[[[19.978385,50.062252],[19.978394,50.062203],[19.978452,50.062208],[19.978444,50.062256],[19.978385,50.062252]]]}},{"type":"Feature","id":"w341306790","properties":{"type":"service","residential":false,"residents_est":0,"h3_10":"8a1e2e68456ffff","h3_11":"8b1e2e684569fff"},"geometry":{"type":"Polygon","coordinates":[[[19.978831,50.061937],[19.97884,50.061893],[19.978909,50.061898],[19.978901,50.061942],[19.978831,50.061937]]]}},{"type":"Feature","id":"w341306803","properties":{"type":"service","residential":false,"residents_est":0,"h3_10":"8a1e2e684557fff","h3_11":"8b1e2e684550fff"},"geometry":{"type":"Polygon","coordinates":[[[19.975417,50.060355],[19.975495,50.060339],[19.975519,50.060389],[19.975441,50.060405],[19.975417,50.060355]]]}},{"type":"Feature","id":"w341306864","properties":{"type":"yes","residential":true,"residents_est":1,"h3_10":"8a1e2e684567fff","h3_11":"8b1e2e684564fff"},"geometry":{"type":"Polygon","coordinates":[[[19.976059,50.062625],[19.976143,50.062544],[19.976264,50.062596],[19.97618,50.062678],[19.976059,50.062625]]]}},{"type":"Feature","id":"w341306873","properties":{"type":"yes","residential":true,"residents_est":3,"h3_10":"8a1e2e68456ffff","h3_11":"8b1e2e68456cfff"},"geometry":{"type":"Polygon","coordinates":[[[19.977709,50.062154],[19.97774,50.061976],[19.977833,50.061983],[19.977822,50.062046],[19.977907,50.062052],[19.977886,50.062166],[19.977709,50.062154]]]}},{"type":"Feature","id":"w341306876","properties":{"type":"retail","residential":false,"residents_est":0,"h3_10":"8a1e2e684557fff","h3_11":"8b1e2e684551fff"},"geometry":{"type":"Polygon","coordinates":[[[19.975577,50.060202],[19.975579,50.060156],[19.975602,50.060147],[19.975658,50.060157],[19.975656,50.060203],[19.975577,50.060202]]]}},{"type":"Feature","id":"w341306886","properties":{"type":"yes","residential":true,"residents_est":2,"h3_10":"8a1e2e68456ffff","h3_11":"8b1e2e68456dfff"},"geometry":{"type":"Polygon","coordinates":[[[19.978149,50.062172],[19.978166,50.06207],[19.978251,50.062076],[19.978262,50.062013],[19.978354,50.062019],[19.978326,50.062185],[19.978149,50.062172]]]}},{"type":"Feature","id":"w341327461","properties":{"type":"yes","residential":true,"residents_est":2,"h3_10":"8a1e2e6844f7fff","h3_11":"8b1e2e6844f5fff"},"geometry":{"type":"Polygon","coordinates":[[[19.97459,50.056589],[19.974629,50.056489],[19.974776,50.056512],[19.974785,50.056487],[19.97487,50.056501],[19.974851,50.056546],[19.974858,50.056548],[19.974849,50.056568],[19.974813,50.056562],[19.97479,50.056621],[19.97459,50.056589]]]}},{"type":"Feature","id":"w341327465","properties":{"type":"yes","residential":true,"residents_est":10,"h3_10":"8a1e2e684407fff","h3_11":"8b1e2e684401fff"},"geometry":{"type":"Polygon","coordinates":[[[19.974383,50.058211],[19.974435,50.058199],[19.974458,50.058241],[19.974718,50.058179],[19.974748,50.058198],[19.97482,50.058302],[19.974508,50.058393],[19.974383,50.058211]]]}},{"type":"Feature","id":"w341327474","properties":{"type":"yes","address":"Żółtej Ciżemki 3","residential":true,"residents_est":2,"h3_10":"8a1e2e684437fff","h3_11":"8b1e2e684431fff"},"geometry":{"type":"Polygon","coordinates":[[[19.972709,50.058735],[19.972732,50.058706],[19.972893,50.05876],[19.972873,50.058785],[19.972943,50.05881],[19.972934,50.058821],[19.972973,50.058834],[19.972941,50.058873],[19.972727,50.0588],[19.972757,50.058765],[19.972737,50.058758],[19.972745,50.058748],[19.972709,50.058735]]]}},{"type":"Feature","id":"w341327479","properties":{"type":"yes","residential":true,"residents_est":2,"h3_10":"8a1e2e68441ffff","h3_11":"8b1e2e68441bfff"},"geometry":{"type":"Polygon","coordinates":[[[19.974699,50.057204],[19.97475,50.057087],[19.974907,50.057115],[19.974899,50.057138],[19.974884,50.057135],[19.974847,50.057228],[19.974699,50.057204]]]}},{"type":"Feature","id":"w341327500","properties":{"type":"yes","residential":true,"residents_est":1,"h3_10":"8a1e2e684407fff","h3_11":"8b1e2e684403fff"},"geometry":{"type":"Polygon","coordinates":[[[19.974388,50.057947],[19.974427,50.057957],[19.974444,50.057973],[19.974504,50.057967],[19.974559,50.057975],[19.974596,50.057987],[19.974639,50.058022],[19.974476,50.058068],[19.974388,50.057947]]]}},{"type":"Feature","id":"w341327508","properties":{"type":"yes","residential":true,"residents_est":7,"h3_10":"8a1e2e684407fff","h3_11":"8b1e2e684403fff"},"geometry":{"type":"Polygon","coordinates":[[[19.974141,50.058031],[19.97417,50.058004],[19.974297,50.057967],[19.974288,50.057958],[19.974296,50.057957],[19.974301,50.057967],[19.974332,50.05796],[19.974324,50.057948],[19.974329,50.057946],[19.974336,50.057956],[19.974384,50.057944],[19.974428,50.058002],[19.97427,50.05805],[19.974369,50.058191],[19.974262,50.058222],[19.974144,50.058056],[19.974141,50.058031]]]}},{"type":"Feature","id":"w341327514","properties":{"type":"yes","residential":true,"residents_est":20,"h3_10":"8a1e2e684407fff","h3_11":"8b1e2e684401fff"},"geometry":{"type":"Polygon","coordinates":[[[19.974545,50.058658],[19.974561,50.058556],[19.974611,50.058541],[19.97455,50.058453],[19.974862,50.058362],[19.974971,50.058519],[19.974989,50.058549],[19.974998,50.05858],[19.974995,50.058612],[19.974981,50.058643],[19.974964,50.05866],[19.975003,50.058662],[19.975002,50.058666],[19.974848,50.058656],[19.974812,50.058667],[19.974791,50.058688],[19.974784,50.058685],[19.974792,50.058678],[19.974545,50.058658]]]}},{"type":"Feature","id":"w341327520","properties":{"type":"yes","residential":true,"residents_est":17,"h3_10":"8a1e2e6845a7fff","h3_11":"8b1e2e6845a1fff"},"geometry":{"type":"Polygon","coordinates":[[[19.969229,50.059732],[19.969236,50.059654],[19.96926,50.059654],[19.96927,50.059542],[19.969293,50.059542],[19.969316,50.05926],[19.969464,50.059264],[19.969458,50.059332],[19.969475,50.059332],[19.969461,50.05948],[19.969445,50.05948],[19.969438,50.059552],[19.969408,50.059551],[19.969405,50.059588],[19.969513,50.059592],[19.969499,50.05974],[19.969429,50.059738],[19.96943,50.059732],[19.96939,50.059731],[19.969389,50.059736],[19.9693,50.059729],[19.969299,50.059734],[19.969229,50.059732]]]}},{"type":"Feature","id":"w341327521","properties":{"type":"yes","residential":true,"residents_est":22,"h3_10":"8a1e2e6845affff","h3_11":"8b1e2e6845acfff"},"geometry":{"type":"Polygon","coordinates":[[[19.969794,50.059359],[19.969964,50.059304],[19.970108,50.059499],[19.970189,50.059659],[19.970261,50.059884],[19.970239,50.059886],[19.970245,50.05991],[19.970183,50.059916],[19.970176,50.05989],[19.970095,50.059899],[19.97009,50.05988],[19.970064,50.059882],[19.970045,50.05981],[19.970056,50.059808],[19.970037,50.059756],[19.970026,50.059757],[19.970001,50.059686],[19.970009,50.059685],[19.969986,50.059632],[19.969978,50.059634],[19.969939,50.059566],[19.969951,50.059563],[19.969918,50.059512],[19.969909,50.059515],[19.969859,50.059446],[19.96987,50.059442],[19.969844,50.059409],[19.969835,50.059412],[19.969794,50.059359]]]}},{"type":"Feature","id":"w341327522","properties":{"type":"yes","residential":true,"residents_est":15,"h3_10":"8a1e2e6845affff","h3_11":"8b1e2e6845adfff"},"geometry":{"type":"Polygon","coordinates":[[[19.970863,50.059272],[19.970893,50.059266],[19.970877,50.059231],[19.970967,50.059213],[19.971001,50.059286],[19.971082,50.059271],[19.971254,50.059636],[19.971093,50.059669],[19.971086,50.059656],[19.971064,50.059652],[19.971055,50.059637],[19.971067,50.059635],[19.971057,50.059613],[19.971024,50.059619],[19.971006,50.059576],[19.971038,50.059571],[19.970986,50.05946],[19.970952,50.059467],[19.970941,50.059445],[19.970945,50.059444],[19.970935,50.059425],[19.970965,50.059417],[19.970914,50.059308],[19.97088,50.059315],[19.970863,50.059272]]]}},{"type":"Feature","id":"w341327523","properties":{"type":"apartments","levels":3.0,"address":"Grzegórzecka 87","residential":true,"residents_est":18,"h3_10":"8a1e2e68458ffff","h3_11":"8b1e2e68458dfff"},"geometry":{"type":"Polygon","coordinates":[[[19.970922,50.058407],[19.97098,50.058301],[19.971357,50.058383],[19.971369,50.058361],[19.971488,50.05839],[19.971428,50.058491],[19.971394,50.058503],[19.971357,50.058506],[19.971323,50.058498],[19.971317,50.058491],[19.971278,50.058488],[19.9712,50.05847],[19.971203,50.058465],[19.971086,50.058444],[19.971081,50.058437],[19.971042,50.058434],[19.970931,50.058403],[19.970922,50.058407]]]}},{"type":"Feature","id":"w341327524","properties":{"type":"apartments","residential":true,"residents_est":25,"h3_10":"8a1e2e68451ffff","h3_11":"8b1e2e68451bfff"},"geometry":{"type":"Polygon","coordinates":[[[19.972313,50.059526],[19.972547,50.059481],[19.972578,50.059441],[19.972729,50.059485],[19.972758,50.059513],[19.972759,50.059531],[19.972749,50.059547],[19.972716,50.059566],[19.972604,50.059588],[19.972612,50.059607],[19.972566,50.059616],[19.972534,50.059611],[19.972535,50.059602],[19.97245,50.059618],[19.972435,50.059621],[19.972444,50.05964],[19.972399,50.059649],[19.972366,50.059644],[19.972369,50.059635],[19.972313,50.059526]]]}},{"type":"Feature","id":"w341327525","properties":{"type":"apartments","levels":3.0,"address":"Grzegórzecka 95","residential":true,"residents_est":17,"h3_10":"8a1e2e684437fff","h3_11":"8b1e2e684430fff"},"geometry":{"type":"Polygon","coordinates":[[[19.97192,50.058707],[19.972001,50.058603],[19.972234,50.058681],[19.972301,50.058598],[19.972438,50.058642],[19.972435,50.058646],[19.972426,50.058642],[19.972351,50.058737],[19.972358,50.058743],[19.972345,50.058739],[19.972331,50.058763],[19.972309,50.058758],[19.972283,50.058785],[19.972256,50.058794],[19.972227,50.058793],[19.972195,50.058783],[19.972187,50.058793],[19.972038,50.058745],[19.972023,50.05876],[19.97198,50.058746],[19.971992,50.05873],[19.97192,50.058707]]]}},{"type":"Feature","id":"w341327528","properties":{"type":"yes","residential":false,"residents_est":0,"h3_10":"8a1e2e68444ffff","h3_11":"8b1e2e68444dfff"},"geometry":{"type":"Polygon","coordinates":[[[19.981208,50.058544],[19.981209,50.058513],[19.981316,50.058536],[19.981303,50.05856],[19.981208,50.058544]]]}},{"type":"Feature","id":"w341327530","properties":{"type":"yes","residential":false,"residents_est":0,"h3_10":"8a1e2e6844a7fff","h3_11":"8b1e2e6844a5fff"},"geometry":{"type":"Polygon","coordinates":[[[19.971194,50.057402],[19.97124,50.057352],[19.971279,50.057366],[19.971233,50.057417],[19.971194,50.057402]]]}},{"type":"Feature","id":"w341327531","properties":{"type":"garage","levels":1.0,"residential":false,"residents_est":0,"h3_10":"8a1e2e68458ffff","h3_11":"8b1e2e68458afff"},"geometry":{"type":"Polygon","coordinates":[[[19.970622,50.05785],[19.970646,50.057797],[19.970704,50.057814],[19.970664,50.057864],[19.970622,50.05785]]]}},{"type":"Feature","id":"w341327532","properties":{"type":"yes","residential":false,"residents_est":0,"h3_10":"8a1e2e6844a7fff","h3_11":"8b1e2e6844a5fff"},"geometry":{"type":"Polygon","coordinates":[[[19.971276,50.057283],[19.971297,50.057254],[19.971366,50.057278],[19.971343,50.057306],[19.971276,50.057283]]]}},{"type":"Feature","id":"w341327533","properties":{"type":"yes","residential":true,"residents_est":1,"h3_10":"8a1e2e684477fff","h3_11":"8b1e2e684474fff"},"geometry":{"type":"Polygon","coordinates":[[[19.97713,50.059017],[19.977204,50.059],[19.977244,50.059075],[19.977168,50.059091],[19.97713,50.059017]]]}},{"type":"Feature","id":"w341327534","properties":{"type":"yes","residential":false,"residents_est":0,"h3_10":"8a1e2e684447fff","h3_11":"8b1e2e684445fff"},"geometry":{"type":"Polygon","coordinates":[[[19.979702,50.058729],[19.979721,50.058675],[19.979789,50.058686],[19.979771,50.05874],[19.979702,50.058729]]]}},{"type":"Feature","id":"w341327535","properties":{"type":"yes","residential":true,"residents_est":7,"h3_10":"8a1e2e68451ffff","h3_11":"8b1e2e68451afff"},"geometry":{"type":"Polygon","coordinates":[[[19.971406,50.059654],[19.972094,50.05952],[19.972115,50.059566],[19.971428,50.0597],[19.971406,50.059654]]]}},{"type":"Feature","id":"w341327536","properties":{"type":"yes","residential":false,"residents_est":0,"h3_10":"8a1e2e6844a7fff","h3_11":"8b1e2e6844a5fff"},"geometry":{"type":"Polygon","coordinates":[[[19.971233,50.057417],[19.971279,50.057366],[19.971319,50.057381],[19.971273,50.057432],[19.971233,50.057417]]]}},{"type":"Feature","id":"w341327537","properties":{"type":"yes","residential":false,"residents_est":0,"h3_10":"8a1e2e6844a7fff","h3_11":"8b1e2e6844a5fff"},"geometry":{"type":"Polygon","coordinates":[[[19.971392,50.057476],[19.971439,50.057425],[19.971479,50.057439],[19.971435,50.057492],[19.971392,50.057476]]]}},{"type":"Feature","id":"w341327540","properties":{"type":"yes","residential":false,"residents_est":0,"h3_10":"8a1e2e6844a7fff","h3_11":"8b1e2e6844a4fff"},"geometry":{"type":"Polygon","coordinates":[[[19.971152,50.057386],[19.971196,50.057336],[19.97124,50.057352],[19.971194,50.057402],[19.971152,50.057386]]]}},{"type":"Feature","id":"w341327542","properties":{"type":"service","residential":false,"residents_est":0,"h3_10":"8a1e2e68458ffff","h3_11":"8b1e2e684588fff"},"geometry":{"type":"Polygon","coordinates":[[[19.971046,50.058156],[19.97107,50.058126],[19.971146,50.05815],[19.971124,50.058178],[19.971046,50.058156]]]}},{"type":"Feature","id":"w341327543","properties":{"type":"yes","residential":false,"residents_est":0,"h3_10":"8a1e2e6844a7fff","h3_11":"8b1e2e6844a5fff"},"geometry":{"type":"Polygon","coordinates":[[[19.971273,50.057432],[19.971319,50.057381],[19.971359,50.057395],[19.971312,50.057446],[19.971273,50.057432]]]}},{"type":"Feature","id":"w341327551","properties":{"type":"yes","residential":false,"residents_est":0,"h3_10":"8a1e2e6844a7fff","h3_11":"8b1e2e6844a5fff"},"geometry":{"type":"Polygon","coordinates":[[[19.971312,50.057446],[19.971359,50.057395],[19.971398,50.05741],[19.971352,50.057461],[19.971312,50.057446]]]}},{"type":"Feature","id":"w341327553","properties":{"type":"yes","residential":false,"residents_est":0,"h3_10":"8a1e2e68441ffff","h3_11":"8b1e2e68441bfff"},"geometry":{"type":"Polygon","coordinates":[[[19.974831,50.056904],[19.974847,50.056861],[19.974892,50.056868],[19.974875,50.056911],[19.974831,50.056904]]]}},{"type":"Feature","id":"w341327554","properties":{"type":"yes","residential":false,"residents_est":0,"h3_10":"8a1e2e68446ffff","h3_11":"8b1e2e684469fff"},"geometry":{"type":"Polygon","coordinates":[[[19.981483,50.059287],[19.981494,50.059229],[19.981552,50.059233],[19.981541,50.059291],[19.981483,50.059287]]]}},{"type":"Feature","id":"w341327557","properties":{"type":"garages","residential":false,"residents_est":0,"h3_10":"8a1e2e68458ffff","h3_11":"8b1e2e684589fff"},"geometry":{"type":"Polygon","coordinates":[[[19.971215,50.058051],[19.971249,50.057999],[19.972065,50.058244],[19.972026,50.058294],[19.971215,50.058051]]]}},{"type":"Feature","id":"w341327558","properties":{"type":"yes","residential":false,"residents_est":0,"h3_10":"8a1e2e6844a7fff","h3_11":"8b1e2e6844a5fff"},"geometry":{"type":"Polygon","coordinates":[[[19.971352,50.057461],[19.971398,50.05741],[19.971439,50.057425],[19.971392,50.057476],[19.971352,50.057461]]]}},{"type":"Feature","id":"w341327562","properties":{"type":"garages","residential":false,"residents_est":0,"h3_10":"8a1e2e684437fff","h3_11":"8b1e2e684433fff"},"geometry":{"type":"Polygon","coordinates":[[[19.972132,50.058328],[19.972172,50.058277],[19.972636,50.058427],[19.972596,50.058477],[19.972132,50.058328]]]}},{"type":"Feature","id":"w341327564","properties":{"type":"yes","residential":true,"residents_est":2,"h3_10":"8a1e2e684407fff","h3_11":"8b1e2e684401fff"},"geometry":{"type":"Polygon","coordinates":[[[19.974508,50.058393],[19.974791,50.058311],[19.974832,50.058371],[19.97455,50.058453],[19.974508,50.058393]]]}},{"type":"Feature","id":"w341327565","properties":{"type":"yes","residential":false,"residents_est":0,"h3_10":"8a1e2e6844d7fff","h3_11":"8b1e2e6844d4fff"},"geometry":{"type":"Polygon","coordinates":[[[19.97467,50.055356],[19.974693,50.055306],[19.974739,50.055315],[19.974716,50.055364],[19.97467,50.055356]]]}},{"type":"Feature","id":"w341327567","properties":{"type":"yes","residential":false,"residents_est":0,"h3_10":"8a1e2e684437fff","h3_11":"8b1e2e684434fff"},"geometry":{"type":"Polygon","coordinates":[[[19.971842,50.059331],[19.971877,50.05928],[19.971955,50.059302],[19.97192,50.059353],[19.971842,50.059331]]]}},{"type":"Feature","id":"w341327568","properties":{"type":"yes","residential":false,"residents_est":0,"h3_10":"8a1e2e684477fff","h3_11":"8b1e2e684475fff"},"geometry":{"type":"Polygon","coordinates":[[[19.977838,50.059218],[19.977842,50.059174],[19.977911,50.059176],[19.977908,50.059221],[19.977838,50.059218]]]}},{"type":"Feature","id":"w341327569","properties":{"type":"yes","residential":false,"residents_est":0,"h3_10":"8a1e2e684407fff","h3_11":"8b1e2e684403fff"},"geometry":{"type":"Polygon","coordinates":[[[19.974699,50.058082],[19.974763,50.058069],[19.974783,50.058111],[19.974716,50.058125],[19.974699,50.058082]]]}},{"type":"Feature","id":"w341327572","properties":{"type":"yes","residential":true,"residents_est":8,"h3_10":"8a1e2e6845affff","h3_11":"8b1e2e6845a9fff"},"geometry":{"type":"Polygon","coordinates":[[[19.971191,50.059148],[19.971204,50.05909],[19.971877,50.05928],[19.971842,50.059331],[19.971191,50.059148]]]}},{"type":"Feature","id":"w341327573","properties":{"type":"yes","residential":false,"residents_est":0,"h3_10":"8a1e2e68442ffff","h3_11":"8b1e2e68442afff"},"geometry":{"type":"Polygon","coordinates":[[[19.975202,50.058988],[19.975259,50.058984],[19.975268,50.05903],[19.975211,50.059034],[19.975202,50.058988]]]}},{"type":"Feature","id":"w341327576","properties":{"type":"yes","address":"Ofiar Dąbia 2A","residential":true,"residents_est":1,"h3_10":"8a1e2e68442ffff","h3_11":"8b1e2e68442afff"},"geometry":{"type":"Polygon","coordinates":[[[19.974875,50.058851],[19.974971,50.058842],[19.975,50.058972],[19.974905,50.058981],[19.974875,50.058851]]]}},{"type":"Feature","id":"w341327577","properties":{"type":"yes","residential":true,"residents_est":1,"h3_10":"8a1e2e684477fff","h3_11":"8b1e2e684471fff"},"geometry":{"type":"Polygon","coordinates":[[[19.978181,50.058801],[19.978263,50.058789],[19.978289,50.058859],[19.978206,50.058872],[19.978181,50.058801]]]}},{"type":"Feature","id":"w341327579","properties":{"type":"yes","residential":true,"residents_est":1,"h3_10":"8a1e2e68444ffff","h3_11":"8b1e2e68444dfff"},"geometry":{"type":"Polygon","coordinates":[[[19.981038,50.058596],[19.98106,50.058528],[19.981146,50.058538],[19.981128,50.058607],[19.981038,50.058596]]]}},{"type":"Feature","id":"w341327582","properties":{"type":"yes","residential":false,"residents_est":0,"h3_10":"8a1e2e68446ffff","h3_11":"8b1e2e684469fff"},"geometry":{"type":"Polygon","coordinates":[[[19.981275,50.059301],[19.981285,50.059236],[19.981334,50.059238],[19.981324,50.059304],[19.981275,50.059301]]]}},{"type":"Feature","id":"w341327585","properties":{"type":"outbuilding","levels":1.0,"residential":false,"residents_est":0,"h3_10":"8a1e2e6844d7fff","h3_11":"8b1e2e6844d4fff"},"geometry":{"type":"Polygon","coordinates":[[[19.974759,50.055565],[19.974788,50.055495],[19.974857,50.055507],[19.974827,50.055577],[19.974759,50.055565]]]}},{"type":"Feature","id":"w341327587","properties":{"type":"yes","residential":true,"residents_est":2,"h3_10":"8a1e2e6844f7fff","h3_11":"8b1e2e6844f4fff"},"geometry":{"type":"Polygon","coordinates":[[[19.974547,50.056703],[19.97459,50.056589],[19.97479,50.056621],[19.974746,50.056734],[19.974547,50.056703]]]}},{"type":"Feature","id":"w341327589","properties":{"type":"yes","residential":false,"residents_est":0,"h3_10":"8a1e2e68442ffff","h3_11":"8b1e2e684429fff"},"geometry":{"type":"Polygon","coordinates":[[[19.976479,50.059175],[19.976479,50.059129],[19.976551,50.05913],[19.976551,50.059174],[19.976479,50.059175]]]}},{"type":"Feature","id":"w341327592","properties":{"type":"service","residential":false,"residents_est":0,"h3_10":"8a1e2e684447fff","h3_11":"8b1e2e684445fff"},"geometry":{"type":"Polygon","coordinates":[[[19.979444,50.058679],[19.979513,50.058678],[19.979516,50.058722],[19.979447,50.058724],[19.979444,50.058679]]]}},{"type":"Feature","id":"w341327596","properties":{"type":"warehouse","residential":false,"residents_est":0,"h3_10":"8a1e2e6844a7fff","h3_11":"8b1e2e6844a5fff"},"geometry":{"type":"Polygon","coordinates":[[[19.971632,50.057407],[19.971724,50.057314],[19.971801,50.057344],[19.971709,50.057437],[19.971632,50.057407]]]}},{"type":"Feature","id":"w341327598","properties":{"type":"yes","residential":true,"residents_est":3,"h3_10":"8a1e2e6844f7fff","h3_11":"8b1e2e6844f3fff"},"geometry":{"type":"Polygon","coordinates":[[[19.97494,50.055794],[19.974993,50.055672],[19.975175,50.055703],[19.975151,50.055763],[19.975145,50.055831],[19.97494,50.055794]]]}},{"type":"Feature","id":"w341327599","properties":{"type":"garages","levels":1.0,"residential":false,"residents_est":0,"h3_10":"8a1e2e68458ffff","h3_11":"8b1e2e68458dfff"},"geometry":{"type":"Polygon","coordinates":[[[19.971124,50.058178],[19.971162,50.058129],[19.97147,50.05823],[19.971432,50.058279],[19.971124,50.058178]]]}},{"type":"Feature","id":"w341327601","properties":{"type":"yes","residential":true,"residents_est":0,"h3_10":"8a1e2e684477fff","h3_11":"8b1e2e684471fff"},"geometry":{"type":"Polygon","coordinates":[[[19.978111,50.058882],[19.978119,50.05881],[19.978181,50.058801],[19.978208,50.058879],[19.978111,50.058882]]]}},{"type":"Feature","id":"w341327602","properties":{"type":"service","residential":false,"residents_est":0,"h3_10":"8a1e2e6845affff","h3_11":"8b1e2e6845acfff"},"geometry":{"type":"Polygon","coordinates":[[[19.970092,50.05931],[19.970194,50.059282],[19.970229,50.059334],[19.970127,50.059361],[19.970092,50.05931]]]}},{"type":"Feature","id":"w341327603","properties":{"type":"yes","residential":false,"residents_est":0,"h3_10":"8a1e2e684437fff","h3_11":"8b1e2e684431fff"},"geometry":{"type":"Polygon","coordinates":[[[19.972878,50.058755],[19.972918,50.058705],[19.972955,50.058718],[19.972914,50.058767],[19.972878,50.058755]]]}},{"type":"Feature","id":"w341327607","properties":{"type":"yes","residential":false,"residents_est":0,"h3_10":"8a1e2e68442ffff","h3_11":"8b1e2e684429fff"},"geometry":{"type":"Polygon","coordinates":[[[19.976502,50.059238],[19.97652,50.059237],[19.976521,50.059245],[19.976595,50.059241],[19.9766,50.05928],[19.976508,50.059285],[19.976502,50.059238]]]}},{"type":"Feature","id":"w341327608","properties":{"type":"yes","residential":true,"residents_est":1,"h3_10":"8a1e2e6844f7fff","h3_11":"8b1e2e6844f0fff"},"geometry":{"type":"Polygon","coordinates":[[[19.974817,50.056088],[19.974845,50.056014],[19.974993,50.056038],[19.974967,50.0561],[19.974976,50.056101],[19.97497,50.056114],[19.974817,50.056088]]]}},{"type":"Feature","id":"w341327609","properties":{"type":"yes","residential":false,"residents_est":0,"h3_10":"8a1e2e68442ffff","h3_11":"8b1e2e684429fff"},"geometry":{"type":"Polygon","coordinates":[[[19.976488,50.059184],[19.976547,50.059181],[19.976555,50.059234],[19.976496,50.059238],[19.976488,50.059184]]]}},{"type":"Feature","id":"w341327610","properties":{"type":"yes","residential":true,"residents_est":7,"h3_10":"8a1e2e684407fff","h3_11":"8b1e2e684400fff"},"geometry":{"type":"Polygon","coordinates":[[[19.97413,50.058261],[19.974369,50.058191],[19.974463,50.058325],[19.974223,50.058394],[19.97413,50.058261]]]}},{"type":"Feature","id":"w341327611","properties":{"type":"yes","residential":true,"residents_est":1,"h3_10":"8a1e2e68444ffff","h3_11":"8b1e2e68444dfff"},"geometry":{"type":"Polygon","coordinates":[[[19.981058,50.058525],[19.981059,50.058492],[19.981209,50.058489],[19.981208,50.058544],[19.981058,50.058525]]]}},{"type":"Feature","id":"w341327612","properties":{"type":"yes","residential":false,"residents_est":0,"h3_10":"8a1e2e684477fff","h3_11":"8b1e2e684474fff"},"geometry":{"type":"Polygon","coordinates":[[[19.977085,50.059099],[19.977127,50.059089],[19.977131,50.059099],[19.977127,50.0591],[19.97715,50.059145],[19.977113,50.059153],[19.977085,50.059099]]]}},{"type":"Feature","id":"w341327613","properties":{"type":"yes","residential":true,"residents_est":2,"h3_10":"8a1e2e68451ffff","h3_11":"8b1e2e68451bfff"},"geometry":{"type":"Polygon","coordinates":[[[19.972115,50.059566],[19.972313,50.059526],[19.972351,50.059604],[19.972203,50.059635],[19.972196,50.059623],[19.972145,50.059631],[19.972115,50.059566]]]}},{"type":"Feature","id":"w341327616","properties":{"type":"yes","residential":true,"residents_est":1,"h3_10":"8a1e2e68444ffff","h3_11":"8b1e2e68444dfff"},"geometry":{"type":"Polygon","coordinates":[[[19.981209,50.058489],[19.981233,50.058434],[19.981355,50.058462],[19.981316,50.058536],[19.981209,50.058513],[19.981209,50.058489]]]}},{"type":"Feature","id":"w341327618","properties":{"type":"yes","residential":true,"residents_est":1,"h3_10":"8a1e2e68451ffff","h3_11":"8b1e2e68451bfff"},"geometry":{"type":"Polygon","coordinates":[[[19.972161,50.059629],[19.972196,50.059623],[19.972203,50.059635],[19.972351,50.059604],[19.972366,50.059635],[19.97218,50.05967],[19.972161,50.059629]]]}},{"type":"Feature","id":"w341327619","properties":{"type":"yes","address":"Ofiar Dąbia 2","residential":true,"residents_est":1,"h3_10":"8a1e2e68442ffff","h3_11":"8b1e2e68442efff"},"geometry":{"type":"Polygon","coordinates":[[[19.974905,50.058981],[19.975,50.058972],[19.975004,50.058991],[19.975046,50.058987],[19.975053,50.059014],[19.975013,50.059018],[19.97502,50.059047],[19.974922,50.059056],[19.974905,50.058981]]]}},{"type":"Feature","id":"w341327620","properties":{"type":"yes","residential":false,"residents_est":0,"h3_10":"8a1e2e684447fff","h3_11":"8b1e2e684441fff"},"geometry":{"type":"Polygon","coordinates":[[[19.979647,50.058619],[19.979694,50.058618],[19.979695,50.058626],[19.979709,50.058625],[19.979712,50.058661],[19.979667,50.058662],[19.979665,50.058653],[19.97965,50.058654],[19.979647,50.058619]]]}},{"type":"Feature","id":"w341327621","properties":{"type":"yes","residential":false,"residents_est":0,"h3_10":"8a1e2e68446ffff","h3_11":"8b1e2e68446afff"},"geometry":{"type":"Polygon","coordinates":[[[19.980113,50.059035],[19.980124,50.05901],[19.980158,50.059016],[19.980162,50.059005],[19.9802,50.059011],[19.98019,50.059036],[19.980157,50.05903],[19.980152,50.059041],[19.980113,50.059035]]]}},{"type":"Feature","id":"w341327622","properties":{"type":"garages","residential":false,"residents_est":0,"h3_10":"8a1e2e684447fff","h3_11":"8b1e2e684444fff"},"geometry":{"type":"Polygon","coordinates":[[[19.978792,50.058751],[19.978916,50.058749],[19.978915,50.05873],[19.979046,50.058728],[19.979049,50.058784],[19.978923,50.058786],[19.978924,50.058804],[19.978795,50.058806],[19.978792,50.058751]]]}},{"type":"Feature","id":"w341327623","properties":{"type":"yes","residential":true,"residents_est":1,"h3_10":"8a1e2e68441ffff","h3_11":"8b1e2e68441bfff"},"geometry":{"type":"Polygon","coordinates":[[[19.974712,50.056985],[19.974767,50.056845],[19.974848,50.056858],[19.974817,50.056939],[19.974776,50.056933],[19.974753,50.056991],[19.974712,50.056985]]]}},{"type":"Feature","id":"w341327624","properties":{"type":"yes","residential":true,"residents_est":1,"h3_10":"8a1e2e6844f7fff","h3_11":"8b1e2e6844f3fff"},"geometry":{"type":"Polygon","coordinates":[[[19.974967,50.0561],[19.975019,50.055983],[19.975097,50.055997],[19.975102,50.055985],[19.97511,50.055987],[19.975056,50.056115],[19.974967,50.0561]]]}},{"type":"Feature","id":"w341327626","properties":{"type":"apartments","address":"Aleja Pokoju 29A","residential":true,"residents_est":58,"h3_10":"8a1e2e68451ffff","h3_11":"8b1e2e68451afff"},"geometry":{"type":"Polygon","coordinates":[[[19.971074,50.059674],[19.971254,50.059636],[19.97128,50.059691],[19.971268,50.059694],[19.971271,50.059699],[19.971289,50.059705],[19.971314,50.059672],[19.971326,50.059669],[19.971353,50.059679],[19.971357,50.059687],[19.971329,50.059719],[19.971347,50.059726],[19.971353,50.059724],[19.97135,50.059716],[19.972115,50.059566],[19.972145,50.059632],[19.972161,50.059629],[19.972171,50.059651],[19.972161,50.059666],[19.97215,50.05967],[19.972131,50.059674],[19.972127,50.059666],[19.972082,50.059675],[19.972091,50.059702],[19.972049,50.05971],[19.972035,50.059685],[19.971884,50.059714],[19.971894,50.05974],[19.971852,50.059748],[19.971836,50.059723],[19.971681,50.059753],[19.97169,50.059779],[19.971649,50.059787],[19.971634,50.059762],[19.971554,50.059779],[19.971552,50.059773],[19.971525,50.059779],[19.971523,50.059792],[19.971495,50.059798],[19.971491,50.05979],[19.97148,50.059793],[19.971487,50.059816],[19.971446,50.059825],[19.971432,50.059802],[19.97136,50.059817],[19.971361,50.059826],[19.971356,50.059817],[19.971329,50.059808],[19.971314,50.059826],[19.971234,50.059811],[19.97124,50.059803],[19.971228,50.059798],[19.971221,50.059807],[19.971157,50.059772],[19.971172,50.059754],[19.971145,50.059745],[19.971132,50.059747],[19.971145,50.059743],[19.971122,50.059695],[19.971086,50.0597],[19.971074,50.059674]]]}},{"type":"Feature","id":"w341340587","properties":{"type":"yes","name":"Plebania","residential":true,"residents_est":2,"h3_10":"8a1e2e6845b7fff","h3_11":"8b1e2e6845b2fff"},"geometry":{"type":"Polygon","coordinates":[[[19.966946,50.058414],[19.967009,50.058301],[19.96715,50.058332],[19.967088,50.058448],[19.966946,50.058414]]]}},{"type":"Feature","id":"w341340588","properties":{"type":"yes","residential":false,"residents_est":0,"h3_10":"8a1e2e6845a7fff","h3_11":"8b1e2e6845a3fff"},"geometry":{"type":"Polygon","coordinates":[[[19.968907,50.059024],[19.968909,50.058996],[19.969074,50.059002],[19.969076,50.059012],[19.969074,50.059041],[19.969012,50.059039],[19.969013,50.059018],[19.968975,50.059017],[19.968975,50.059027],[19.968907,50.059024]]]}},{"type":"Feature","id":"w341340589","properties":{"type":"apartments","levels":6.0,"residential":true,"residents_est":29,"h3_10":"8a1e2e6845b7fff","h3_11":"8b1e2e6845b1fff"},"geometry":{"type":"Polygon","coordinates":[[[19.967748,50.058597],[19.967827,50.058457],[19.967908,50.058475],[19.967856,50.058578],[19.967879,50.058577],[19.967886,50.058624],[19.968036,50.058609],[19.968051,50.058725],[19.96777,50.058746],[19.967748,50.058597]]]}},{"type":"Feature","id":"w341340591","properties":{"type":"yes","residential":false,"residents_est":0,"h3_10":"8a1e2e684587fff","h3_11":"8b1e2e684583fff"},"geometry":{"type":"Polygon","coordinates":[[[19.969435,50.058051],[19.96946,50.05804],[19.969458,50.058045],[19.969496,50.058053],[19.969483,50.058079],[19.969522,50.058088],[19.969508,50.058113],[19.969547,50.058122],[19.969533,50.058147],[19.969539,50.058149],[19.969514,50.058156],[19.969435,50.058051]]]}},{"type":"Feature","id":"w341340592","properties":{"type":"apartments","levels":4.0,"residential":true,"residents_est":8,"h3_10":"8a1e2e684587fff","h3_11":"8b1e2e684586fff"},"geometry":{"type":"Polygon","coordinates":[[[19.968213,50.058253],[19.968238,50.058202],[19.968262,50.058207],[19.968267,50.058199],[19.968272,50.058189],[19.968248,50.058184],[19.968279,50.058135],[19.968406,50.058164],[19.968398,50.058178],[19.96844,50.058188],[19.968391,50.058284],[19.968344,50.058273],[19.968339,50.058282],[19.968213,50.058253]]]}},{"type":"Feature","id":"w341340593","properties":{"type":"apartments","levels":4.0,"residential":true,"residents_est":8,"h3_10":"8a1e2e684587fff","h3_11":"8b1e2e684580fff"},"geometry":{"type":"Polygon","coordinates":[[[19.969024,50.058429],[19.96908,50.058335],[19.969123,50.058345],[19.969131,50.05833],[19.969258,50.05836],[19.969232,50.058409],[19.96921,50.058404],[19.969199,50.058425],[19.969221,50.05843],[19.969191,50.058478],[19.969065,50.058449],[19.96907,50.058441],[19.969024,50.058429]]]}},{"type":"Feature","id":"w341340594","properties":{"type":"apartments","residential":true,"residents_est":10,"h3_10":"8a1e2e684597fff","h3_11":"8b1e2e684595fff"},"geometry":{"type":"Polygon","coordinates":[[[19.967791,50.058147],[19.967848,50.058053],[19.967892,50.058062],[19.967899,50.058048],[19.968024,50.058076],[19.967998,50.058127],[19.967975,50.058122],[19.967965,50.058138],[19.967989,50.058144],[19.967959,50.058196],[19.967833,50.058167],[19.967838,50.058158],[19.967791,50.058147]]]}},{"type":"Feature","id":"w341340595","properties":{"type":"apartments","levels":4.0,"residential":true,"residents_est":8,"h3_10":"8a1e2e684597fff","h3_11":"8b1e2e684594fff"},"geometry":{"type":"Polygon","coordinates":[[[19.96698,50.057972],[19.967005,50.057921],[19.967027,50.057925],[19.967037,50.057907],[19.967015,50.057902],[19.967045,50.057853],[19.96717,50.057882],[19.967163,50.057897],[19.967206,50.057905],[19.967157,50.058003],[19.967111,50.057992],[19.967107,50.058],[19.96698,50.057972]]]}},{"type":"Feature","id":"w341340598","properties":{"type":"apartments","levels":5.0,"residential":true,"residents_est":15,"h3_10":"8a1e2e6845a7fff","h3_11":"8b1e2e6845a4fff"},"geometry":{"type":"Polygon","coordinates":[[[19.968114,50.060024],[19.968178,50.059914],[19.968429,50.059975],[19.968364,50.060086],[19.968114,50.060024]]]}},{"type":"Feature","id":"w341340605","properties":{"type":"yes","residential":true,"residents_est":3,"h3_10":"8a1e2e684587fff","h3_11":"8b1e2e684584fff"},"geometry":{"type":"Polygon","coordinates":[[[19.968509,50.058577],[19.968742,50.058561],[19.968761,50.058668],[19.968525,50.058687],[19.968509,50.058577]]]}},{"type":"Feature","id":"w341340607","properties":{"type":"service","residential":false,"residents_est":0,"h3_10":"8a1e2e6845a7fff","h3_11":"8b1e2e6845a6fff"},"geometry":{"type":"Polygon","coordinates":[[[19.967995,50.059493],[19.968017,50.059412],[19.968122,50.059424],[19.9681,50.059505],[19.967995,50.059493]]]}},{"type":"Feature","id":"w341340624","properties":{"type":"yes","residential":true,"residents_est":3,"h3_10":"8a1e2e6845b7fff","h3_11":"8b1e2e6845b6fff"},"geometry":{"type":"Polygon","coordinates":[[[19.966468,50.058995],[19.966497,50.058887],[19.966728,50.058912],[19.966704,50.059021],[19.966468,50.058995]]]}},{"type":"Feature","id":"w341340626","properties":{"type":"yes","residential":false,"residents_est":0,"h3_10":"8a1e2e6845b7fff","h3_11":"8b1e2e6845b1fff"},"geometry":{"type":"Polygon","coordinates":[[[19.968097,50.058914],[19.968099,50.058885],[19.968241,50.058889],[19.96824,50.058904],[19.968158,50.058902],[19.968157,50.058916],[19.968097,50.058914]]]}},{"type":"Feature","id":"w341340627","properties":{"type":"apartments","levels":6.0,"residential":true,"residents_est":24,"h3_10":"8a1e2e6845b7fff","h3_11":"8b1e2e6845b3fff"},"geometry":{"type":"Polygon","coordinates":[[[19.967423,50.058523],[19.967481,50.058417],[19.96776,50.058477],[19.967776,50.058446],[19.967827,50.058457],[19.967748,50.058597],[19.967423,50.058523]]]}},{"type":"Feature","id":"w341340629","properties":{"type":"yes","residential":true,"residents_est":2,"h3_10":"8a1e2e6845b7fff","h3_11":"8b1e2e6845b4fff"},"geometry":{"type":"Polygon","coordinates":[[[19.966705,50.059013],[19.966728,50.058912],[19.966921,50.058934],[19.966905,50.058995],[19.966808,50.058985],[19.966797,50.059022],[19.966705,50.059013]]]}},{"type":"Feature","id":"w341340630","properties":{"type":"yes","residential":true,"residents_est":2,"h3_10":"8a1e2e6845b7fff","h3_11":"8b1e2e6845b4fff"},"geometry":{"type":"Polygon","coordinates":[[[19.967242,50.059261],[19.967249,50.059233],[19.967263,50.059235],[19.967283,50.059162],[19.967429,50.059179],[19.967392,50.059315],[19.967246,50.059299],[19.967255,50.059263],[19.967242,50.059261]]]}},{"type":"Feature","id":"w341340632","properties":{"type":"yes","residential":true,"residents_est":10,"h3_10":"8a1e2e6845b7fff","h3_11":"8b1e2e6845b1fff"},"geometry":{"type":"Polygon","coordinates":[[[19.968036,50.058609],[19.968509,50.058577],[19.968525,50.058687],[19.96805,50.058722],[19.968036,50.058609]]]}},{"type":"Feature","id":"w343739700","properties":{"type":"yes","residential":true,"residents_est":2,"h3_10":"8a1e2e684487fff","h3_11":"8b1e2e684480fff"},"geometry":{"type":"Polygon","coordinates":[[[19.971334,50.055962],[19.971381,50.055867],[19.971529,50.055898],[19.971521,50.055916],[19.971639,50.055935],[19.971622,50.055968],[19.971509,50.05594],[19.971483,50.055992],[19.971334,50.055962]]]}},{"type":"Feature","id":"w343739704","properties":{"type":"yes","residential":false,"residents_est":0,"h3_10":"8a1e2e6844a7fff","h3_11":"8b1e2e6844a0fff"},"geometry":{"type":"Polygon","coordinates":[[[19.971351,50.056865],[19.97138,50.056822],[19.971445,50.056841],[19.971417,50.056883],[19.971351,50.056865]]]}},{"type":"Feature","id":"w343739708","properties":{"type":"yes","residential":false,"residents_est":0,"h3_10":"8a1e2e6844affff","h3_11":"8b1e2e6844acfff"},"geometry":{"type":"Polygon","coordinates":[[[19.972499,50.056972],[19.972555,50.056954],[19.972593,50.057004],[19.972531,50.057028],[19.972509,50.057003],[19.972521,50.056999],[19.972499,50.056972]]]}},{"type":"Feature","id":"w478791471","properties":{"type":"yes","address":"Bajeczna 20","residential":true,"residents_est":19,"h3_10":"8a1e2e6844c7fff","h3_11":"8b1e2e6844c2fff"},"geometry":{"type":"Polygon","coordinates":[[[19.975717,50.055693],[19.975935,50.055245],[19.976043,50.055302],[19.976053,50.055292],[19.976147,50.055335],[19.975949,50.055707],[19.975873,50.055704],[19.975876,50.055698],[19.975798,50.055683],[19.975796,50.055698],[19.975717,50.055693]]]}},{"type":"Feature","id":"w478791475","properties":{"type":"apartments","residential":true,"residents_est":98,"h3_10":"8a1e2e6844c7fff","h3_11":"8b1e2e6844c1fff"},"geometry":{"type":"Polygon","coordinates":[[[19.976554,50.055391],[19.976699,50.055276],[19.977651,50.05578],[19.97743,50.05595],[19.977207,50.055831],[19.977262,50.05579],[19.977284,50.055801],[19.977304,50.055786],[19.976554,50.055391]]]}},{"type":"Feature","id":"w478791476","properties":{"type":"apartments","residential":true,"residents_est":68,"h3_10":"8a1e2e6844effff","h3_11":"8b1e2e6844ebfff"},"geometry":{"type":"Polygon","coordinates":[[[19.977658,50.056025],[19.977708,50.055986],[19.977718,50.055992],[19.977792,50.055935],[19.977804,50.055941],[19.977873,50.055888],[19.978021,50.055967],[19.977975,50.056002],[19.978001,50.056016],[19.977998,50.056019],[19.978201,50.056128],[19.978205,50.056125],[19.978235,50.056141],[19.978278,50.056107],[19.978414,50.05618],[19.978369,50.056215],[19.978379,50.056221],[19.978326,50.056262],[19.978341,50.05627],[19.978256,50.056335],[19.978268,50.056341],[19.978192,50.0564],[19.978211,50.05641],[19.978139,50.056465],[19.977992,50.056386],[19.977959,50.056412],[19.977953,50.056408],[19.97815,50.056257],[19.977979,50.056165],[19.977992,50.056155],[19.977855,50.056082],[19.977825,50.056105],[19.977788,50.056085],[19.97778,50.056091],[19.977658,50.056025]]]}},{"type":"Feature","id":"w484317910","properties":{"type":"residential","levels":6.0,"address":"Grzegórzecka 105","residential":true,"residents_est":47,"h3_10":"8a1e2e684427fff","h3_11":"8b1e2e684423fff"},"geometry":{"type":"Polygon","coordinates":[[[19.973596,50.059236],[19.973743,50.059023],[19.973832,50.059045],[19.974059,50.059287],[19.974061,50.059303],[19.974054,50.059317],[19.974024,50.059332],[19.973766,50.059326],[19.973746,50.05932],[19.973733,50.059307],[19.973755,50.059263],[19.973596,50.059236]]]}},{"type":"Feature","id":"w509222822","properties":{"type":"apartments","levels":10.0,"address":"Fabryczna 5A","residential":true,"residents_est":107,"h3_10":"8a1e2e684527fff","h3_11":"8b1e2e684523fff"},"geometry":{"type":"Polygon","coordinates":[[[19.971598,50.061747],[19.971621,50.061657],[19.971636,50.061659],[19.971651,50.061601],[19.971637,50.0616],[19.971656,50.061523],[19.97167,50.061524],[19.971709,50.061367],[19.971955,50.061392],[19.971916,50.06155],[19.97193,50.061552],[19.971911,50.061628],[19.971896,50.061626],[19.971881,50.061685],[19.971895,50.061687],[19.971873,50.061775],[19.971859,50.061774],[19.971851,50.061809],[19.971605,50.061783],[19.971614,50.061749],[19.971598,50.061747]]]}},{"type":"Feature","id":"w509222823","properties":{"type":"apartments","levels":10.0,"address":"Fabryczna 7","residential":true,"residents_est":149,"h3_10":"8a1e2e684527fff","h3_11":"8b1e2e684520fff"},"geometry":{"type":"Polygon","coordinates":[[[19.971227,50.062311],[19.971253,50.062206],[19.971268,50.062207],[19.971282,50.062149],[19.971267,50.062148],[19.971287,50.062071],[19.971302,50.062073],[19.97134,50.061933],[19.971568,50.061957],[19.97154,50.062097],[19.971555,50.062099],[19.971536,50.062176],[19.971522,50.062174],[19.971516,50.062198],[19.971622,50.062209],[19.97162,50.062219],[19.971687,50.062226],[19.97169,50.062216],[19.971808,50.062228],[19.971806,50.062238],[19.971924,50.06225],[19.971904,50.06233],[19.971916,50.062331],[19.971904,50.06238],[19.971227,50.062311]]]}},{"type":"Feature","id":"w509222824","properties":{"type":"apartments","levels":10.0,"address":"Fabryczna 9","residential":true,"residents_est":98,"h3_10":"8a1e2e684527fff","h3_11":"8b1e2e684521fff"},"geometry":{"type":"Polygon","coordinates":[[[19.972198,50.062093],[19.97222,50.062004],[19.972235,50.062005],[19.972248,50.061947],[19.972236,50.061946],[19.972255,50.061869],[19.972266,50.06187],[19.972299,50.061724],[19.972536,50.061748],[19.972499,50.061901],[19.972513,50.061903],[19.972495,50.061977],[19.97248,50.061975],[19.972466,50.062033],[19.972482,50.062034],[19.97246,50.062121],[19.972444,50.062119],[19.972436,50.06215],[19.972205,50.062126],[19.972213,50.062095],[19.972198,50.062093]]]}},{"type":"Feature","id":"w509222825","properties":{"type":"apartments","levels":10.0,"address":"Fabryczna 5B","residential":true,"residents_est":86,"h3_10":"8a1e2e68452ffff","h3_11":"8b1e2e68452afff"},"geometry":{"type":"Polygon","coordinates":[[[19.972318,50.0616],[19.97234,50.061511],[19.972355,50.061512],[19.972374,50.061455],[19.97236,50.061454],[19.972379,50.061377],[19.972394,50.061379],[19.972423,50.061259],[19.972432,50.06126],[19.972422,50.0613],[19.972466,50.061309],[19.972532,50.061278],[19.972533,50.061271],[19.972654,50.061283],[19.972625,50.061398],[19.97264,50.0614],[19.972622,50.061474],[19.972607,50.061472],[19.972592,50.06153],[19.972607,50.061531],[19.972586,50.061618],[19.972571,50.061616],[19.972563,50.061647],[19.972328,50.061623],[19.972333,50.061602],[19.972318,50.0616]]]}},{"type":"Feature","id":"w512255533","properties":{"type":"office","levels":10.0,"address":"Aleja Pokoju 18","name":"B1","residential":false,"residents_est":0,"h3_10":"8a1e2e68450ffff","h3_11":"8b1e2e684509fff"},"geometry":{"type":"Polygon","coordinates":[[[19.973864,50.06057],[19.97387,50.060558],[19.973879,50.060555],[19.974046,50.060515],[19.974203,50.060585],[19.974318,50.060772],[19.974345,50.060779],[19.974343,50.060793],[19.974333,50.060798],[19.974456,50.060999],[19.974456,50.061011],[19.974442,50.061019],[19.974188,50.061082],[19.974172,50.061077],[19.973864,50.06057]]]}},{"type":"Feature","id":"w512255534","properties":{"type":"office","levels":10.0,"address":"Aleja Pokoju 18B","name":"B3","residential":false,"residents_est":0,"h3_10":"8a1e2e684577fff","h3_11":"8b1e2e684576fff"},"geometry":{"type":"Polygon","coordinates":[[[19.973863,50.061371],[19.973877,50.061358],[19.974577,50.061183],[19.974596,50.061191],[19.974694,50.061358],[19.974681,50.06137],[19.97445,50.061428],[19.974451,50.061437],[19.974441,50.061445],[19.974422,50.061445],[19.974412,50.061438],[19.97399,50.061544],[19.973963,50.061536],[19.973863,50.061371]]]}},{"type":"Feature","id":"w512255535","properties":{"type":"office","levels":10.0,"address":"Aleja Pokoju 18A","name":"B2","residential":false,"residents_est":0,"h3_10":"8a1e2e68452ffff","h3_11":"8b1e2e68452bfff"},"geometry":{"type":"Polygon","coordinates":[[[19.973249,50.061381],[19.973401,50.060768],[19.973711,50.060787],[19.973554,50.061412],[19.973546,50.061421],[19.97353,50.061423],[19.973398,50.06141],[19.973266,50.061396],[19.973252,50.061391],[19.973249,50.061381]]]}},{"type":"Feature","id":"w549689236","properties":{"type":"apartments","levels":6.0,"residential":true,"residents_est":51,"h3_10":"8a1e2e6844dffff","h3_11":"8b1e2e6844dcfff"},"geometry":{"type":"Polygon","coordinates":[[[19.976076,50.055142],[19.976195,50.055048],[19.976328,50.055117],[19.976355,50.055094],[19.976699,50.055276],[19.976554,50.055391],[19.976076,50.055142]]]}},{"type":"Feature","id":"w558463953","properties":{"type":"yes","residential":true,"residents_est":1,"h3_10":"8a1e2e684447fff","h3_11":"8b1e2e684444fff"},"geometry":{"type":"Polygon","coordinates":[[[19.978359,50.058808],[19.978488,50.058792],[19.978522,50.058904],[19.978393,50.05892],[19.978359,50.058808]]]}},{"type":"Feature","id":"w558463954","properties":{"type":"yes","residential":true,"residents_est":3,"h3_10":"8a1e2e684447fff","h3_11":"8b1e2e684444fff"},"geometry":{"type":"Polygon","coordinates":[[[19.978485,50.058783],[19.978664,50.058761],[19.978709,50.058908],[19.97853,50.058931],[19.978485,50.058783]]]}},{"type":"Feature","id":"w558610380","properties":{"type":"yes","residential":false,"residents_est":0,"h3_10":"8a1e2e684457fff","h3_11":"8b1e2e684450fff"},"geometry":{"type":"Polygon","coordinates":[[[19.97791,50.057834],[19.977913,50.05778],[19.977972,50.057782],[19.977968,50.057836],[19.97791,50.057834]]]}},{"type":"Feature","id":"w559168197","properties":{"type":"commercial","levels":2.0,"residential":false,"residents_est":0,"h3_10":"8a1e2e68450ffff","h3_11":"8b1e2e684508fff"},"geometry":{"type":"Polygon","coordinates":[[[19.973401,50.060768],[19.973446,50.060586],[19.973455,50.060577],[19.973471,50.060574],[19.973655,50.060595],[19.973728,50.060715],[19.973711,50.060787],[19.973401,50.060768]]]}},{"type":"Feature","id":"w563396666","properties":{"type":"apartments","levels":10.0,"address":"Fabryczna 5","residential":true,"residents_est":94,"h3_10":"8a1e2e684527fff","h3_11":"8b1e2e684522fff"},"geometry":{"type":"Polygon","coordinates":[[[19.970869,50.061882],[19.970892,50.061792],[19.970914,50.061794],[19.970928,50.061738],[19.97091,50.061736],[19.970932,50.061653],[19.970948,50.061655],[19.970979,50.061533],[19.97121,50.061556],[19.97118,50.061672],[19.971195,50.061674],[19.971172,50.061763],[19.971158,50.061762],[19.971144,50.061818],[19.971158,50.06182],[19.971136,50.061909],[19.971121,50.061908],[19.971114,50.061939],[19.970883,50.061915],[19.970891,50.061884],[19.970869,50.061882]]]}},{"type":"Feature","id":"w596643792","properties":{"type":"yes","residential":true,"residents_est":1,"h3_10":"8a1e2e684477fff","h3_11":"8b1e2e684474fff"},"geometry":{"type":"Polygon","coordinates":[[[19.976943,50.05903],[19.977036,50.059015],[19.97708,50.059096],[19.976993,50.059115],[19.976943,50.05903]]]}},{"type":"Feature","id":"w657270891","properties":{"type":"yes","residential":false,"residents_est":0,"h3_10":"8a1e2e684437fff","h3_11":"8b1e2e684432fff"},"geometry":{"type":"Polygon","coordinates":[[[19.972066,50.05829],[19.972094,50.058253],[19.972156,50.058273],[19.972127,50.05831],[19.972066,50.05829]]]}},{"type":"Feature","id":"w1038786179","properties":{"type":"office","levels":1.0,"residential":false,"residents_est":0,"h3_10":"8a1e2e6844dffff","h3_11":"8b1e2e6844d9fff"},"geometry":{"type":"Polygon","coordinates":[[[19.977527,50.054716],[19.97756,50.05468],[19.97764,50.054712],[19.977606,50.054747],[19.977527,50.054716]]]}},{"type":"Feature","id":"w1038786210","properties":{"type":"outbuilding","levels":1.0,"residential":false,"residents_est":0,"h3_10":"8a1e2e6844d7fff","h3_11":"8b1e2e6844d2fff"},"geometry":{"type":"Polygon","coordinates":[[[19.974654,50.054941],[19.974671,50.054886],[19.974714,50.054891],[19.974697,50.054946],[19.974654,50.054941]]]}},{"type":"Feature","id":"w1038786211","properties":{"type":"outbuilding","levels":1.0,"residential":false,"residents_est":0,"h3_10":"8a1e2e68448ffff","h3_11":"8b1e2e68448bfff"},"geometry":{"type":"Polygon","coordinates":[[[19.97359,50.055049],[19.973632,50.05497],[19.973755,50.054997],[19.973714,50.055076],[19.97359,50.055049]]]}},{"type":"Feature","id":"w1038786238","properties":{"type":"garage","levels":1.0,"residential":false,"residents_est":0,"h3_10":"8a1e2e68441ffff","h3_11":"8b1e2e684418fff"},"geometry":{"type":"Polygon","coordinates":[[[19.974062,50.057216],[19.974076,50.057181],[19.974161,50.057197],[19.974148,50.057231],[19.974062,50.057216]]]}},{"type":"Feature","id":"w1039863456","properties":{"type":"garage","levels":1.0,"residential":false,"residents_est":0,"h3_10":"8a1e2e6845b7fff","h3_11":"8b1e2e6845b4fff"},"geometry":{"type":"Polygon","coordinates":[[[19.967101,50.059259],[19.967109,50.059152],[19.967179,50.059154],[19.967172,50.059261],[19.967101,50.059259]]]}},{"type":"Feature","id":"w1039863568","properties":{"type":"outbuilding","levels":1.0,"residential":false,"residents_est":0,"h3_10":"8a1e2e68449ffff","h3_11":"8b1e2e684498fff"},"geometry":{"type":"Polygon","coordinates":[[[19.971899,50.054598],[19.971997,50.054498],[19.972074,50.05453],[19.971975,50.05463],[19.971899,50.054598]]]}},{"type":"Feature","id":"w1164246363","properties":{"type":"yes","residential":false,"residents_est":0,"h3_10":"8a1e2e6844c7fff","h3_11":"8b1e2e6844c0fff"},"geometry":{"type":"Polygon","coordinates":[[[19.976659,50.055723],[19.976705,50.055688],[19.976759,50.055717],[19.976713,50.055752],[19.976659,50.055723]]]}},{"type":"Feature","id":"w1164246364","properties":{"type":"yes","residential":false,"residents_est":0,"h3_10":"8a1e2e6844c7fff","h3_11":"8b1e2e6844c2fff"},"geometry":{"type":"Polygon","coordinates":[[[19.976242,50.055659],[19.976265,50.055613],[19.976334,50.055628],[19.976311,50.055673],[19.976242,50.055659]]]}},{"type":"Feature","id":"w1164246365","properties":{"type":"substation","residential":false,"residents_est":0,"h3_10":"8a1e2e6844c7fff","h3_11":"8b1e2e6844c2fff"},"geometry":{"type":"Polygon","coordinates":[[[19.976146,50.055608],[19.976174,50.055553],[19.976217,50.055562],[19.976189,50.055617],[19.976146,50.055608]]]}},{"type":"Feature","id":"w1164246370","properties":{"type":"yes","residential":true,"residents_est":35,"h3_10":"8a1e2e6844c7fff","h3_11":"8b1e2e6844c0fff"},"geometry":{"type":"Polygon","coordinates":[[[19.975748,50.05601],[19.975769,50.055868],[19.977019,50.055945],[19.976998,50.056087],[19.975748,50.05601]]]}},{"type":"Feature","id":"w1210852314","properties":{"type":"service","residential":false,"residents_est":0,"h3_10":"8a1e2e684457fff","h3_11":"8b1e2e684455fff"},"geometry":{"type":"Polygon","coordinates":[[[19.977793,50.058098],[19.977798,50.058048],[19.977871,50.058051],[19.977866,50.058101],[19.977793,50.058098]]]}},{"type":"Feature","id":"w1218121959","properties":{"type":"office","levels":11.0,"address":"Fabryczna 1a","residential":false,"residents_est":0,"h3_10":"8a1e2e684507fff","h3_11":"8b1e2e684503fff"},"geometry":{"type":"Polygon","coordinates":[[[19.970749,50.061235],[19.970814,50.060944],[19.970845,50.060946],[19.970849,50.060928],[19.970818,50.060925],[19.970851,50.060782],[19.970882,50.060785],[19.970867,50.060717],[19.971058,50.060669],[19.971065,50.06068],[19.971095,50.060673],[19.971088,50.060662],[19.971557,50.060545],[19.971568,50.060566],[19.971644,50.060524],[19.972027,50.060429],[19.972034,50.06044],[19.972069,50.060431],[19.972062,50.06042],[19.972419,50.06033],[19.972424,50.06034],[19.972449,50.060334],[19.972443,50.060324],[19.972492,50.060312],[19.972497,50.060321],[19.97251,50.060318],[19.972522,50.060315],[19.972516,50.060306],[19.972568,50.060293],[19.972577,50.060294],[19.972599,50.060327],[19.972698,50.060302],[19.972973,50.06076],[19.972779,50.060808],[19.972768,50.060788],[19.972733,50.060797],[19.972747,50.060816],[19.972742,50.060817],[19.972614,50.060604],[19.972524,50.060626],[19.972605,50.060766],[19.972585,50.060771],[19.972466,50.060572],[19.972299,50.060613],[19.972295,50.060602],[19.972263,50.06061],[19.972273,50.06062],[19.97219,50.06064],[19.972186,50.060629],[19.972154,50.060637],[19.972162,50.060647],[19.971935,50.060704],[19.971931,50.060689],[19.9719,50.060696],[19.971908,50.060711],[19.971716,50.060758],[19.971708,50.060745],[19.971681,50.060752],[19.971689,50.060765],[19.971195,50.060888],[19.971143,50.061108],[19.971123,50.061104],[19.971155,50.060956],[19.971062,50.060947],[19.97101,50.061166],[19.971127,50.061178],[19.971116,50.061221],[19.970981,50.061255],[19.970988,50.061234],[19.970907,50.061226],[19.970901,50.06125],[19.970749,50.061235]]]}},{"type":"Feature","id":"w1287198289","properties":{"type":"residential","address":"Grzegórzecka 79C","residential":true,"residents_est":90,"h3_10":"8a1e2e684597fff","h3_11":"8b1e2e684590fff"},"geometry":{"type":"Polygon","coordinates":[[[19.967068,50.057577],[19.967128,50.05746],[19.967173,50.057468],[19.967201,50.057407],[19.967275,50.057424],[19.967301,50.057376],[19.967226,50.05736],[19.967316,50.057197],[19.967502,50.05724],[19.967352,50.057511],[19.967788,50.05761],[19.967938,50.057339],[19.968125,50.057381],[19.968006,50.057595],[19.968001,50.057594],[19.967985,50.057622],[19.96799,50.057623],[19.967986,50.057632],[19.967981,50.057631],[19.967969,50.057652],[19.968046,50.057669],[19.967978,50.057784],[19.967068,50.057577]]]}},{"type":"Feature","id":"w1295054289","properties":{"type":"service","residential":false,"residents_est":0,"h3_10":"8a1e2e6845affff","h3_11":"8b1e2e6845a9fff"},"geometry":{"type":"Polygon","coordinates":[[[19.971059,50.059067],[19.97109,50.059067],[19.971155,50.059053],[19.971208,50.059026],[19.971215,50.059017],[19.971221,50.05902],[19.971202,50.0591],[19.971059,50.059067]]]}},{"type":"Feature","id":"w1329741097","properties":{"type":"yes","residential":false,"residents_est":0,"h3_10":"8a1e2e68452ffff","h3_11":"8b1e2e68452bfff"},"geometry":{"type":"Polygon","coordinates":[[[19.973673,50.061496],[19.973688,50.061441],[19.973732,50.061446],[19.973717,50.061501],[19.973673,50.061496]]]}},{"type":"Feature","id":"w1329741181","properties":{"type":"garages","levels":1.0,"residential":false,"residents_est":0,"h3_10":"8a1e2e684527fff","h3_11":"8b1e2e684522fff"},"geometry":{"type":"Polygon","coordinates":[[[19.970883,50.061915],[19.970939,50.061694],[19.97095,50.061695],[19.97096,50.061656],[19.970948,50.061655],[19.970979,50.061533],[19.971542,50.06159],[19.971452,50.061945],[19.97134,50.061933],[19.971333,50.061962],[19.970883,50.061915]]]}},{"type":"Feature","id":"w1329741182","properties":{"type":"garages","levels":1.0,"residential":false,"residents_est":0,"h3_10":"8a1e2e684527fff","h3_11":"8b1e2e684520fff"},"geometry":{"type":"Polygon","coordinates":[[[19.971244,50.062304],[19.97134,50.061933],[19.971957,50.061997],[19.971866,50.062369],[19.971634,50.062345],[19.971638,50.062332],[19.97159,50.062327],[19.971587,50.06234],[19.971441,50.062325],[19.971445,50.062312],[19.971376,50.062304],[19.971373,50.062318],[19.971318,50.062312],[19.971321,50.062298],[19.971304,50.062297],[19.971301,50.06231],[19.971244,50.062304]]]}},{"type":"Feature","id":"w1329741183","properties":{"type":"garages","levels":1.0,"residential":false,"residents_est":0,"h3_10":"8a1e2e684527fff","h3_11":"8b1e2e684521fff"},"geometry":{"type":"Polygon","coordinates":[[[19.97195,50.062026],[19.972032,50.061697],[19.972299,50.061724],[19.972297,50.061735],[19.972534,50.061759],[19.97249,50.061935],[19.972482,50.061934],[19.972472,50.061973],[19.97248,50.061975],[19.972436,50.06215],[19.972205,50.062126],[19.972223,50.062055],[19.97195,50.062026]]]}},{"type":"Feature","id":"w1329741184","properties":{"type":"garages","levels":1.0,"residential":false,"residents_est":0,"h3_10":"8a1e2e684507fff","h3_11":"8b1e2e684505fff"},"geometry":{"type":"Polygon","coordinates":[[[19.971452,50.061945],[19.971543,50.061585],[19.971651,50.061597],[19.971663,50.061548],[19.971671,50.061549],[19.971681,50.06151],[19.971673,50.061509],[19.971704,50.061385],[19.972375,50.061449],[19.972387,50.061402],[19.972396,50.061403],[19.972405,50.061364],[19.972397,50.061363],[19.972423,50.061259],[19.972432,50.06126],[19.972422,50.0613],[19.972466,50.061309],[19.972532,50.061278],[19.972533,50.061271],[19.972654,50.061283],[19.972536,50.061748],[19.972032,50.061697],[19.971957,50.061997],[19.971452,50.061945]]]}},{"type":"Feature","id":"w1372210723","properties":{"type":"yes","residential":false,"residents_est":0,"h3_10":"8a1e2e68449ffff","h3_11":"8b1e2e684498fff"},"geometry":{"type":"Polygon","coordinates":[[[19.971538,50.054632],[19.971557,50.054589],[19.971611,50.054598],[19.971592,50.054642],[19.971538,50.054632]]]}},{"type":"Feature","id":"w1372210724","properties":{"type":"yes","residential":false,"residents_est":0,"h3_10":"8a1e2e6844d7fff","h3_11":"8b1e2e6844d0fff"},"geometry":{"type":"Polygon","coordinates":[[[19.975031,50.054989],[19.975049,50.054933],[19.975092,50.054938],[19.975073,50.054994],[19.975031,50.054989]]]}},{"type":"Feature","id":"w1372210725","properties":{"type":"outbuilding","levels":1.0,"residential":false,"residents_est":0,"h3_10":"8a1e2e6844d7fff","h3_11":"8b1e2e6844d0fff"},"geometry":{"type":"Polygon","coordinates":[[[19.974989,50.054983],[19.975007,50.054928],[19.975049,50.054933],[19.975031,50.054989],[19.974989,50.054983]]]}},{"type":"Feature","id":"w1372210726","properties":{"type":"outbuilding","levels":1.0,"residential":false,"residents_est":0,"h3_10":"8a1e2e6844d7fff","h3_11":"8b1e2e6844d0fff"},"geometry":{"type":"Polygon","coordinates":[[[19.974948,50.054978],[19.974965,50.054923],[19.975007,50.054928],[19.974989,50.054983],[19.974948,50.054978]]]}},{"type":"Feature","id":"w1372210727","properties":{"type":"outbuilding","levels":1.0,"residential":false,"residents_est":0,"h3_10":"8a1e2e6844d7fff","h3_11":"8b1e2e6844d0fff"},"geometry":{"type":"Polygon","coordinates":[[[19.974906,50.054973],[19.974923,50.054917],[19.974965,50.054923],[19.974948,50.054978],[19.974906,50.054973]]]}},{"type":"Feature","id":"w1372210728","properties":{"type":"outbuilding","levels":1.0,"residential":false,"residents_est":0,"h3_10":"8a1e2e6844d7fff","h3_11":"8b1e2e6844d0fff"},"geometry":{"type":"Polygon","coordinates":[[[19.974864,50.054967],[19.974881,50.054912],[19.974923,50.054917],[19.974906,50.054973],[19.974864,50.054967]]]}},{"type":"Feature","id":"w1372210729","properties":{"type":"outbuilding","levels":1.0,"residential":false,"residents_est":0,"h3_10":"8a1e2e6844d7fff","h3_11":"8b1e2e6844d2fff"},"geometry":{"type":"Polygon","coordinates":[[[19.974822,50.054962],[19.974839,50.054907],[19.974881,50.054912],[19.974864,50.054967],[19.974822,50.054962]]]}},{"type":"Feature","id":"w1372210730","properties":{"type":"outbuilding","levels":1.0,"residential":false,"residents_est":0,"h3_10":"8a1e2e6844d7fff","h3_11":"8b1e2e6844d2fff"},"geometry":{"type":"Polygon","coordinates":[[[19.97478,50.054957],[19.974798,50.054902],[19.974839,50.054907],[19.974822,50.054962],[19.97478,50.054957]]]}},{"type":"Feature","id":"w1372210731","properties":{"type":"outbuilding","levels":1.0,"residential":false,"residents_est":0,"h3_10":"8a1e2e6844d7fff","h3_11":"8b1e2e6844d2fff"},"geometry":{"type":"Polygon","coordinates":[[[19.974738,50.054951],[19.974756,50.054896],[19.974798,50.054902],[19.97478,50.054957],[19.974738,50.054951]]]}},{"type":"Feature","id":"w1372210732","properties":{"type":"outbuilding","levels":1.0,"residential":false,"residents_est":0,"h3_10":"8a1e2e6844d7fff","h3_11":"8b1e2e6844d2fff"},"geometry":{"type":"Polygon","coordinates":[[[19.974697,50.054946],[19.974714,50.054891],[19.974756,50.054896],[19.974738,50.054951],[19.974697,50.054946]]]}},{"type":"Feature","id":"w1372210737","properties":{"type":"outbuilding","levels":1.0,"residential":false,"residents_est":0,"h3_10":"8a1e2e68448ffff","h3_11":"8b1e2e68448bfff"},"geometry":{"type":"Polygon","coordinates":[[[19.973727,50.055079],[19.973769,50.055],[19.973893,50.055027],[19.97385,50.055106],[19.973727,50.055079]]]}},{"type":"Feature","id":"w1372210753","properties":{"type":"garage","levels":1.0,"residential":false,"residents_est":0,"h3_10":"8a1e2e68441ffff","h3_11":"8b1e2e68441efff"},"geometry":{"type":"Polygon","coordinates":[[[19.974002,50.057366],[19.974014,50.057336],[19.974102,50.05735],[19.974091,50.057379],[19.974002,50.057366]]]}},{"type":"Feature","id":"w1372210754","properties":{"type":"garage","levels":1.0,"residential":false,"residents_est":0,"h3_10":"8a1e2e68441ffff","h3_11":"8b1e2e684418fff"},"geometry":{"type":"Polygon","coordinates":[[[19.974014,50.057336],[19.974026,50.057307],[19.974113,50.05732],[19.974102,50.05735],[19.974014,50.057336]]]}},{"type":"Feature","id":"w1372210755","properties":{"type":"garage","levels":1.0,"residential":false,"residents_est":0,"h3_10":"8a1e2e68441ffff","h3_11":"8b1e2e684418fff"},"geometry":{"type":"Polygon","coordinates":[[[19.974026,50.057307],[19.974038,50.057277],[19.974125,50.05729],[19.974113,50.05732],[19.974026,50.057307]]]}},{"type":"Feature","id":"w1372210756","properties":{"type":"garage","levels":1.0,"residential":false,"residents_est":0,"h3_10":"8a1e2e68441ffff","h3_11":"8b1e2e684418fff"},"geometry":{"type":"Polygon","coordinates":[[[19.974038,50.057277],[19.974049,50.057248],[19.974136,50.057261],[19.974125,50.05729],[19.974038,50.057277]]]}},{"type":"Feature","id":"w1372210757","properties":{"type":"garage","levels":1.0,"residential":false,"residents_est":0,"h3_10":"8a1e2e68441ffff","h3_11":"8b1e2e684418fff"},"geometry":{"type":"Polygon","coordinates":[[[19.974049,50.057248],[19.974062,50.057216],[19.974148,50.057231],[19.974136,50.057261],[19.974049,50.057248]]]}},{"type":"Feature","id":"w1372210758","properties":{"type":"garage","levels":1.0,"residential":false,"residents_est":0,"h3_10":"8a1e2e68441ffff","h3_11":"8b1e2e68441afff"},"geometry":{"type":"Polygon","coordinates":[[[19.973787,50.057111],[19.973813,50.057057],[19.973855,50.057065],[19.973829,50.05712],[19.973787,50.057111]]]}},{"type":"Feature","id":"w1372210759","properties":{"type":"garage","levels":1.0,"residential":false,"residents_est":0,"h3_10":"8a1e2e68441ffff","h3_11":"8b1e2e68441afff"},"geometry":{"type":"Polygon","coordinates":[[[19.973829,50.05712],[19.973855,50.057065],[19.973896,50.057074],[19.97387,50.057128],[19.973829,50.05712]]]}},{"type":"Feature","id":"w1372210760","properties":{"type":"garage","levels":1.0,"residential":false,"residents_est":0,"h3_10":"8a1e2e68441ffff","h3_11":"8b1e2e68441afff"},"geometry":{"type":"Polygon","coordinates":[[[19.97387,50.057128],[19.973896,50.057074],[19.973938,50.057083],[19.973912,50.057137],[19.97387,50.057128]]]}},{"type":"Feature","id":"w1372210761","properties":{"type":"garage","levels":1.0,"residential":false,"residents_est":0,"h3_10":"8a1e2e68441ffff","h3_11":"8b1e2e68441afff"},"geometry":{"type":"Polygon","coordinates":[[[19.973912,50.057137],[19.973938,50.057083],[19.97398,50.057092],[19.973954,50.057146],[19.973912,50.057137]]]}},{"type":"Feature","id":"w1372210762","properties":{"type":"garage","levels":1.0,"residential":false,"residents_est":0,"h3_10":"8a1e2e68441ffff","h3_11":"8b1e2e68441afff"},"geometry":{"type":"Polygon","coordinates":[[[19.973954,50.057146],[19.97398,50.057092],[19.974022,50.0571],[19.973996,50.057155],[19.973954,50.057146]]]}},{"type":"Feature","id":"w1372210763","properties":{"type":"garage","levels":1.0,"residential":false,"residents_est":0,"h3_10":"8a1e2e68441ffff","h3_11":"8b1e2e68441afff"},"geometry":{"type":"Polygon","coordinates":[[[19.973996,50.057155],[19.974022,50.0571],[19.974063,50.057109],[19.974038,50.057163],[19.973996,50.057155]]]}},{"type":"Feature","id":"w1372210764","properties":{"type":"garage","levels":1.0,"residential":false,"residents_est":0,"h3_10":"8a1e2e68441ffff","h3_11":"8b1e2e68441afff"},"geometry":{"type":"Polygon","coordinates":[[[19.974038,50.057163],[19.974063,50.057109],[19.974105,50.057118],[19.974079,50.057172],[19.974038,50.057163]]]}},{"type":"Feature","id":"w1372210765","properties":{"type":"garage","levels":1.0,"residential":false,"residents_est":0,"h3_10":"8a1e2e68441ffff","h3_11":"8b1e2e68441afff"},"geometry":{"type":"Polygon","coordinates":[[[19.973745,50.057102],[19.973771,50.057048],[19.973813,50.057057],[19.973787,50.057111],[19.973745,50.057102]]]}},{"type":"Feature","id":"w1372210766","properties":{"type":"garage","levels":1.0,"residential":false,"residents_est":0,"h3_10":"8a1e2e68441ffff","h3_11":"8b1e2e68441afff"},"geometry":{"type":"Polygon","coordinates":[[[19.973703,50.057094],[19.973729,50.057039],[19.973771,50.057048],[19.973745,50.057102],[19.973703,50.057094]]]}},{"type":"Feature","id":"w1372210767","properties":{"type":"garage","levels":1.0,"residential":false,"residents_est":0,"h3_10":"8a1e2e68441ffff","h3_11":"8b1e2e68441afff"},"geometry":{"type":"Polygon","coordinates":[[[19.973664,50.057085],[19.973689,50.057031],[19.973729,50.057039],[19.973703,50.057094],[19.973664,50.057085]]]}},{"type":"Feature","id":"w1372210768","properties":{"type":"garage","levels":1.0,"residential":false,"residents_est":0,"h3_10":"8a1e2e6844affff","h3_11":"8b1e2e6844adfff"},"geometry":{"type":"Polygon","coordinates":[[[19.973545,50.057061],[19.97357,50.057006],[19.97361,50.057014],[19.973585,50.057069],[19.973545,50.057061]]]}},{"type":"Feature","id":"w1372210769","properties":{"type":"garage","levels":1.0,"residential":false,"residents_est":0,"h3_10":"8a1e2e6844affff","h3_11":"8b1e2e6844adfff"},"geometry":{"type":"Polygon","coordinates":[[[19.973624,50.057077],[19.97365,50.057022],[19.973689,50.057031],[19.973664,50.057085],[19.973624,50.057077]]]}},{"type":"Feature","id":"w1372210770","properties":{"type":"garage","levels":1.0,"residential":false,"residents_est":0,"h3_10":"8a1e2e6844affff","h3_11":"8b1e2e6844adfff"},"geometry":{"type":"Polygon","coordinates":[[[19.973585,50.057069],[19.97361,50.057014],[19.97365,50.057022],[19.973624,50.057077],[19.973585,50.057069]]]}},{"type":"Feature","id":"w1372210771","properties":{"type":"garage","levels":1.0,"residential":false,"residents_est":0,"h3_10":"8a1e2e6844affff","h3_11":"8b1e2e6844adfff"},"geometry":{"type":"Polygon","coordinates":[[[19.973505,50.057052],[19.973531,50.056997],[19.97357,50.057006],[19.973545,50.057061],[19.973505,50.057052]]]}},{"type":"Feature","id":"w1372210772","properties":{"type":"garage","levels":1.0,"residential":false,"residents_est":0,"h3_10":"8a1e2e6844affff","h3_11":"8b1e2e6844adfff"},"geometry":{"type":"Polygon","coordinates":[[[19.973466,50.057044],[19.973491,50.056989],[19.973531,50.056997],[19.973505,50.057052],[19.973466,50.057044]]]}},{"type":"Feature","id":"w1372210773","properties":{"type":"garage","levels":1.0,"residential":false,"residents_est":0,"h3_10":"8a1e2e6844affff","h3_11":"8b1e2e6844adfff"},"geometry":{"type":"Polygon","coordinates":[[[19.973426,50.057036],[19.973451,50.056981],[19.973491,50.056989],[19.973466,50.057044],[19.973426,50.057036]]]}},{"type":"Feature","id":"w1372210774","properties":{"type":"garage","levels":1.0,"residential":false,"residents_est":0,"h3_10":"8a1e2e6844affff","h3_11":"8b1e2e6844adfff"},"geometry":{"type":"Polygon","coordinates":[[[19.973387,50.057027],[19.973412,50.056972],[19.973451,50.056981],[19.973426,50.057036],[19.973387,50.057027]]]}},{"type":"Feature","id":"w1372210775","properties":{"type":"garage","levels":1.0,"residential":false,"residents_est":0,"h3_10":"8a1e2e6844affff","h3_11":"8b1e2e6844adfff"},"geometry":{"type":"Polygon","coordinates":[[[19.973347,50.057019],[19.973372,50.056964],[19.973412,50.056972],[19.973387,50.057027],[19.973347,50.057019]]]}},{"type":"Feature","id":"w1372210776","properties":{"type":"garage","levels":1.0,"residential":false,"residents_est":0,"h3_10":"8a1e2e6844affff","h3_11":"8b1e2e6844adfff"},"geometry":{"type":"Polygon","coordinates":[[[19.973307,50.057011],[19.973332,50.056956],[19.973372,50.056964],[19.973347,50.057019],[19.973307,50.057011]]]}},{"type":"Feature","id":"w1372210777","properties":{"type":"garage","levels":1.0,"residential":false,"residents_est":0,"h3_10":"8a1e2e6844affff","h3_11":"8b1e2e6844adfff"},"geometry":{"type":"Polygon","coordinates":[[[19.973267,50.057003],[19.973293,50.056947],[19.973332,50.056956],[19.973307,50.057011],[19.973267,50.057003]]]}},{"type":"Feature","id":"w1372210778","properties":{"type":"garage","levels":1.0,"residential":false,"residents_est":0,"h3_10":"8a1e2e6844affff","h3_11":"8b1e2e6844adfff"},"geometry":{"type":"Polygon","coordinates":[[[19.973228,50.056994],[19.973253,50.056939],[19.973293,50.056947],[19.973267,50.057003],[19.973228,50.056994]]]}},{"type":"Feature","id":"w1372210779","properties":{"type":"garage","levels":1.0,"residential":false,"residents_est":0,"h3_10":"8a1e2e6844affff","h3_11":"8b1e2e6844adfff"},"geometry":{"type":"Polygon","coordinates":[[[19.973107,50.056969],[19.973133,50.056914],[19.973174,50.056923],[19.973149,50.056978],[19.973107,50.056969]]]}},{"type":"Feature","id":"w1372210780","properties":{"type":"garage","levels":1.0,"residential":false,"residents_est":0,"h3_10":"8a1e2e6844affff","h3_11":"8b1e2e6844adfff"},"geometry":{"type":"Polygon","coordinates":[[[19.973149,50.056978],[19.973174,50.056923],[19.973214,50.056931],[19.973188,50.056986],[19.973149,50.056978]]]}},{"type":"Feature","id":"w1372210781","properties":{"type":"garage","levels":1.0,"residential":false,"residents_est":0,"h3_10":"8a1e2e68441ffff","h3_11":"8b1e2e68441efff"},"geometry":{"type":"Polygon","coordinates":[[[19.973627,50.057362],[19.973655,50.05731],[19.973695,50.057319],[19.973668,50.057371],[19.973627,50.057362]]]}},{"type":"Feature","id":"w1372210782","properties":{"type":"garage","levels":1.0,"residential":false,"residents_est":0,"h3_10":"8a1e2e68441ffff","h3_11":"8b1e2e68441efff"},"geometry":{"type":"Polygon","coordinates":[[[19.973587,50.057353],[19.973615,50.057301],[19.973655,50.05731],[19.973627,50.057362],[19.973587,50.057353]]]}},{"type":"Feature","id":"w1372210783","properties":{"type":"garage","levels":1.0,"residential":false,"residents_est":0,"h3_10":"8a1e2e68441ffff","h3_11":"8b1e2e68441efff"},"geometry":{"type":"Polygon","coordinates":[[[19.973539,50.057359],[19.973575,50.057292],[19.973615,50.057301],[19.973579,50.057367],[19.973539,50.057359]]]}},{"type":"Feature","id":"w1372210784","properties":{"type":"garage","levels":1.0,"residential":false,"residents_est":0,"h3_10":"8a1e2e68441ffff","h3_11":"8b1e2e68441efff"},"geometry":{"type":"Polygon","coordinates":[[[19.973506,50.057335],[19.973535,50.057282],[19.973575,50.057292],[19.973546,50.057344],[19.973506,50.057335]]]}},{"type":"Feature","id":"w1372210785","properties":{"type":"garage","levels":1.0,"residential":false,"residents_est":0,"h3_10":"8a1e2e68441ffff","h3_11":"8b1e2e68441efff"},"geometry":{"type":"Polygon","coordinates":[[[19.973465,50.057326],[19.973494,50.057273],[19.973535,50.057282],[19.973506,50.057335],[19.973465,50.057326]]]}},{"type":"Feature","id":"w1372210786","properties":{"type":"garage","levels":1.0,"residential":false,"residents_est":0,"h3_10":"8a1e2e68441ffff","h3_11":"8b1e2e68441efff"},"geometry":{"type":"Polygon","coordinates":[[[19.973425,50.057317],[19.973454,50.057264],[19.973494,50.057273],[19.973465,50.057326],[19.973425,50.057317]]]}},{"type":"Feature","id":"w1372210787","properties":{"type":"garage","levels":1.0,"residential":false,"residents_est":0,"h3_10":"8a1e2e68441ffff","h3_11":"8b1e2e68441efff"},"geometry":{"type":"Polygon","coordinates":[[[19.973384,50.057308],[19.973414,50.057255],[19.973454,50.057264],[19.973425,50.057317],[19.973384,50.057308]]]}},{"type":"Feature","id":"w1372210788","properties":{"type":"garage","levels":1.0,"residential":false,"residents_est":0,"h3_10":"8a1e2e68441ffff","h3_11":"8b1e2e68441efff"},"geometry":{"type":"Polygon","coordinates":[[[19.973344,50.057299],[19.973374,50.057246],[19.973414,50.057255],[19.973384,50.057308],[19.973344,50.057299]]]}},{"type":"Feature","id":"w1372210789","properties":{"type":"garage","levels":1.0,"residential":false,"residents_est":0,"h3_10":"8a1e2e68441ffff","h3_11":"8b1e2e68441efff"},"geometry":{"type":"Polygon","coordinates":[[[19.973753,50.05728],[19.97378,50.057226],[19.973821,50.057235],[19.973794,50.057289],[19.973753,50.05728]]]}},{"type":"Feature","id":"w1372210790","properties":{"type":"garage","levels":1.0,"residential":false,"residents_est":0,"h3_10":"8a1e2e68441ffff","h3_11":"8b1e2e68441efff"},"geometry":{"type":"Polygon","coordinates":[[[19.973714,50.057271],[19.97374,50.057217],[19.97378,50.057226],[19.973753,50.05728],[19.973714,50.057271]]]}},{"type":"Feature","id":"w1372210791","properties":{"type":"garage","levels":1.0,"residential":false,"residents_est":0,"h3_10":"8a1e2e68441ffff","h3_11":"8b1e2e68441efff"},"geometry":{"type":"Polygon","coordinates":[[[19.973674,50.057263],[19.973701,50.057209],[19.97374,50.057217],[19.973714,50.057271],[19.973674,50.057263]]]}},{"type":"Feature","id":"w1372210792","properties":{"type":"garage","levels":1.0,"residential":false,"residents_est":0,"h3_10":"8a1e2e68441ffff","h3_11":"8b1e2e68441efff"},"geometry":{"type":"Polygon","coordinates":[[[19.973634,50.057254],[19.973661,50.0572],[19.973701,50.057209],[19.973674,50.057263],[19.973634,50.057254]]]}},{"type":"Feature","id":"w1372210793","properties":{"type":"garage","levels":1.0,"residential":false,"residents_est":0,"h3_10":"8a1e2e68441ffff","h3_11":"8b1e2e68441efff"},"geometry":{"type":"Polygon","coordinates":[[[19.973594,50.057246],[19.973621,50.057192],[19.973661,50.0572],[19.973634,50.057254],[19.973594,50.057246]]]}},{"type":"Feature","id":"w1372210794","properties":{"type":"garage","levels":1.0,"residential":false,"residents_est":0,"h3_10":"8a1e2e68441ffff","h3_11":"8b1e2e68441efff"},"geometry":{"type":"Polygon","coordinates":[[[19.973554,50.057237],[19.973581,50.057183],[19.973621,50.057192],[19.973594,50.057246],[19.973554,50.057237]]]}},{"type":"Feature","id":"w1372210795","properties":{"type":"garage","levels":1.0,"residential":false,"residents_est":0,"h3_10":"8a1e2e68441ffff","h3_11":"8b1e2e68441efff"},"geometry":{"type":"Polygon","coordinates":[[[19.973515,50.057229],[19.973541,50.057175],[19.973581,50.057183],[19.973554,50.057237],[19.973515,50.057229]]]}},{"type":"Feature","id":"w1372210796","properties":{"type":"garage","levels":1.0,"residential":false,"residents_est":0,"h3_10":"8a1e2e68441ffff","h3_11":"8b1e2e68441efff"},"geometry":{"type":"Polygon","coordinates":[[[19.973475,50.05722],[19.973502,50.057166],[19.973541,50.057175],[19.973515,50.057229],[19.973475,50.05722]]]}},{"type":"Feature","id":"w1372210797","properties":{"type":"garage","levels":1.0,"residential":false,"residents_est":0,"h3_10":"8a1e2e68441ffff","h3_11":"8b1e2e68441efff"},"geometry":{"type":"Polygon","coordinates":[[[19.973434,50.057212],[19.973461,50.057158],[19.973502,50.057166],[19.973475,50.05722],[19.973434,50.057212]]]}},{"type":"Feature","id":"w1372210798","properties":{"type":"garage","levels":1.0,"residential":false,"residents_est":0,"h3_10":"8a1e2e68441ffff","h3_11":"8b1e2e68441efff"},"geometry":{"type":"Polygon","coordinates":[[[19.973392,50.057203],[19.973419,50.057149],[19.973461,50.057158],[19.973434,50.057212],[19.973392,50.057203]]]}},{"type":"Feature","id":"w1372210799","properties":{"type":"garage","levels":1.0,"residential":false,"residents_est":0,"h3_10":"8a1e2e6844affff","h3_11":"8b1e2e6844adfff"},"geometry":{"type":"Polygon","coordinates":[[[19.97335,50.057194],[19.973377,50.05714],[19.973419,50.057149],[19.973392,50.057203],[19.97335,50.057194]]]}},{"type":"Feature","id":"w1372210800","properties":{"type":"garage","levels":1.0,"residential":false,"residents_est":0,"h3_10":"8a1e2e6844affff","h3_11":"8b1e2e6844adfff"},"geometry":{"type":"Polygon","coordinates":[[[19.973307,50.057185],[19.973334,50.05713],[19.973377,50.05714],[19.97335,50.057194],[19.973307,50.057185]]]}},{"type":"Feature","id":"w1372210801","properties":{"type":"garage","levels":1.0,"residential":false,"residents_est":0,"h3_10":"8a1e2e6844affff","h3_11":"8b1e2e6844adfff"},"geometry":{"type":"Polygon","coordinates":[[[19.973195,50.057172],[19.973228,50.057108],[19.973292,50.057122],[19.973259,50.057188],[19.973195,50.057172]]]}},{"type":"Feature","id":"w1427130452","properties":{"type":"yes","residential":false,"residents_est":0,"h3_10":"8a1e2e68452ffff","h3_11":"8b1e2e684528fff"},"geometry":{"type":"Polygon","coordinates":[[[19.973383,50.061661],[19.97339,50.06163],[19.973453,50.061637],[19.973445,50.061667],[19.973383,50.061661]]]}},{"type":"Feature","id":"w1428064489","properties":{"type":"house","levels":2.0,"address":"Grzegórzecka 100","residential":true,"residents_est":5,"h3_10":"8a1e2e6845affff","h3_11":"8b1e2e6845aafff"},"geometry":{"type":"Polygon","coordinates":[[[19.970394,50.058793],[19.97041,50.05879],[19.970424,50.058764],[19.970492,50.05878],[19.970551,50.058674],[19.970442,50.058649],[19.970472,50.058594],[19.97059,50.05862],[19.970584,50.058631],[19.970639,50.058641],[19.970623,50.058671],[19.970604,50.058667],[19.970489,50.058867],[19.970502,50.058905],[19.970433,50.058914],[19.970394,50.058793]]]}},{"type":"Feature","id":"w1428064555","properties":{"type":"yes","residential":false,"residents_est":0,"h3_10":"8a1e2e68459ffff","h3_11":"8b1e2e68459cfff"},"geometry":{"type":"Polygon","coordinates":[[[19.969255,50.057821],[19.969308,50.057805],[19.969333,50.057838],[19.96928,50.057854],[19.969255,50.057821]]]}},{"type":"Feature","id":"w1428064562","properties":{"type":"service","levels":1.0,"residential":false,"residents_est":0,"h3_10":"8a1e2e684597fff","h3_11":"8b1e2e684591fff"},"geometry":{"type":"Polygon","coordinates":[[[19.968187,50.057549],[19.968215,50.057501],[19.968255,50.057511],[19.968228,50.057559],[19.968187,50.057549]]]}},{"type":"Feature","id":"w1428064575","properties":{"type":"apartments","address":"Grzegórzecka 79B","residential":true,"residents_est":27,"h3_10":"8a1e2e68459ffff","h3_11":"8b1e2e68459efff"},"geometry":{"type":"Polygon","coordinates":[[[19.96852,50.057382],[19.968547,50.057333],[19.968528,50.057328],[19.968572,50.057287],[19.968644,50.057156],[19.968674,50.057163],[19.968682,50.05715],[19.968754,50.057182],[19.968742,50.057204],[19.968825,50.057223],[19.968766,50.057331],[19.968846,50.057349],[19.968794,50.057443],[19.968705,50.057423],[19.968712,50.05741],[19.968677,50.057402],[19.96867,50.057415],[19.968662,50.057413],[19.968669,50.0574],[19.968637,50.057393],[19.968628,50.057405],[19.96852,50.057382]]]}},{"type":"Feature","id":"w1428064576","properties":{"type":"apartments","address":"Grzegórzecka 79A","residential":true,"residents_est":42,"h3_10":"8a1e2e68459ffff","h3_11":"8b1e2e68459cfff"},"geometry":{"type":"Polygon","coordinates":[[[19.96895,50.057495],[19.969009,50.057387],[19.969086,50.057404],[19.969088,50.0574],[19.969677,50.057539],[19.969617,50.057648],[19.969541,50.05763],[19.969534,50.057643],[19.969525,50.057641],[19.969548,50.057599],[19.969476,50.057582],[19.969452,50.057624],[19.969371,50.057606],[19.969378,50.057593],[19.969349,50.057587],[19.969342,50.057599],[19.96925,50.057578],[19.969255,50.05757],[19.969221,50.057562],[19.969216,50.05757],[19.969208,50.057569],[19.969215,50.057556],[19.969185,50.057549],[19.969178,50.057562],[19.96902,50.057526],[19.969027,50.057513],[19.96895,50.057495]]]}},{"type":"Feature","id":"w1428064577","properties":{"type":"garage","levels":1.0,"residential":false,"residents_est":0,"h3_10":"8a1e2e68458ffff","h3_11":"8b1e2e684588fff"},"geometry":{"type":"Polygon","coordinates":[[[19.970788,50.057905],[19.970828,50.057855],[19.97087,50.057869],[19.97083,50.057919],[19.970788,50.057905]]]}},{"type":"Feature","id":"w1428064578","properties":{"type":"garage","levels":1.0,"residential":false,"residents_est":0,"h3_10":"8a1e2e68458ffff","h3_11":"8b1e2e684588fff"},"geometry":{"type":"Polygon","coordinates":[[[19.970746,50.057891],[19.970786,50.057841],[19.970828,50.057855],[19.970788,50.057905],[19.970746,50.057891]]]}},{"type":"Feature","id":"w1428064579","properties":{"type":"garage","levels":1.0,"residential":false,"residents_est":0,"h3_10":"8a1e2e68458ffff","h3_11":"8b1e2e684588fff"},"geometry":{"type":"Polygon","coordinates":[[[19.970705,50.057878],[19.970745,50.057828],[19.970786,50.057841],[19.970746,50.057891],[19.970705,50.057878]]]}},{"type":"Feature","id":"w1428064580","properties":{"type":"garage","levels":1.0,"residential":false,"residents_est":0,"h3_10":"8a1e2e68458ffff","h3_11":"8b1e2e68458afff"},"geometry":{"type":"Polygon","coordinates":[[[19.970664,50.057864],[19.970704,50.057814],[19.970745,50.057828],[19.970705,50.057878],[19.970664,50.057864]]]}},{"type":"Feature","id":"w1428064581","properties":{"type":"garage","levels":1.0,"residential":false,"residents_est":0,"h3_10":"8a1e2e68458ffff","h3_11":"8b1e2e68458afff"},"geometry":{"type":"Polygon","coordinates":[[[19.970429,50.057818],[19.970451,50.057763],[19.970501,50.057772],[19.970478,50.057827],[19.970429,50.057818]]]}},{"type":"Feature","id":"w1428064582","properties":{"type":"garage","levels":1.0,"residential":false,"residents_est":0,"h3_10":"8a1e2e68458ffff","h3_11":"8b1e2e68458afff"},"geometry":{"type":"Polygon","coordinates":[[[19.970478,50.057827],[19.970501,50.057772],[19.970548,50.057779],[19.970526,50.057835],[19.970478,50.057827]]]}},{"type":"Feature","id":"w1428064583","properties":{"type":"garage","levels":1.0,"residential":false,"residents_est":0,"h3_10":"8a1e2e68458ffff","h3_11":"8b1e2e68458afff"},"geometry":{"type":"Polygon","coordinates":[[[19.970526,50.057835],[19.970548,50.057779],[19.970598,50.057788],[19.970576,50.057843],[19.970526,50.057835]]]}},{"type":"Feature","id":"w1428064584","properties":{"type":"garage","levels":1.0,"residential":false,"residents_est":0,"h3_10":"8a1e2e68458ffff","h3_11":"8b1e2e68458afff"},"geometry":{"type":"Polygon","coordinates":[[[19.970576,50.057843],[19.970598,50.057788],[19.970646,50.057797],[19.970622,50.05785],[19.970576,50.057843]]]}},{"type":"Feature","id":"w1428064585","properties":{"type":"garage","levels":1.0,"residential":false,"residents_est":0,"h3_10":"8a1e2e68458ffff","h3_11":"8b1e2e68458afff"},"geometry":{"type":"Polygon","coordinates":[[[19.970379,50.05781],[19.970401,50.057755],[19.970451,50.057763],[19.970429,50.057818],[19.970379,50.05781]]]}},{"type":"Feature","id":"w1476949561","properties":{"type":"yes","residential":false,"residents_est":0,"h3_10":"8a1e2e6844e7fff","h3_11":"8b1e2e6844e5fff"},"geometry":{"type":"Polygon","coordinates":[[[19.976408,50.05738],[19.976424,50.057278],[19.976471,50.057279],[19.976455,50.057378],[19.976408,50.05738]]]}},{"type":"Feature","id":"w1476949562","properties":{"type":"apartments","levels":7.0,"address":"Bajeczna 4","residential":true,"residents_est":56,"h3_10":"8a1e2e6844effff","h3_11":"8b1e2e6844eefff"},"geometry":{"type":"Polygon","coordinates":[[[19.976848,50.056747],[19.976861,50.056661],[19.976881,50.056663],[19.976888,50.056614],[19.976867,50.056612],[19.976895,50.056419],[19.976983,50.056425],[19.976999,50.056317],[19.977121,50.056324],[19.977058,50.056759],[19.976848,50.056747]]]}},{"type":"Feature","id":"w1476949563","properties":{"type":"yes","residential":false,"residents_est":0,"h3_10":"8a1e2e6844e7fff","h3_11":"8b1e2e6844e4fff"},"geometry":{"type":"Polygon","coordinates":[[[19.975824,50.057535],[19.975831,50.057491],[19.975934,50.057498],[19.975927,50.057541],[19.975824,50.057535]]]}},{"type":"Feature","id":"w1528631333","properties":{"type":"roof","residential":false,"residents_est":0,"h3_10":"8a1e2e68442ffff","h3_11":"8b1e2e68442bfff"},"geometry":{"type":"Polygon","coordinates":[[[19.97578,50.058957],[19.976301,50.058971],[19.976301,50.058984],[19.97579,50.058976],[19.97578,50.058975],[19.97578,50.058957]]]}},{"type":"Feature","id":"w1528631348","properties":{"type":"roof","residential":false,"residents_est":0,"h3_10":"8a1e2e68442ffff","h3_11":"8b1e2e68442bfff"},"geometry":{"type":"Polygon","coordinates":[[[19.975796,50.058709],[19.975798,50.058694],[19.976311,50.058708],[19.976318,50.058709],[19.976318,50.058724],[19.975796,50.058709]]]}}]}