{"type":"FeatureCollection","features":[{"type":"Feature","id":"w37646599","properties":{"type":"retail","levels":1.0,"address":"Wielicka 224","residential":false,"residents_est":0,"h3_10":"8a1e2e69c307fff","h3_11":"8b1e2e69c305fff"},"geometry":{"type":"Polygon","coordinates":[[[20.010454,50.010104],[20.010611,50.010036],[20.0106,50.010025],[20.010659,50.009999],[20.010767,50.010102],[20.010551,50.010197],[20.010454,50.010104]]]}},{"type":"Feature","id":"w37647043","properties":{"type":"apartments","levels":8.0,"residential":true,"residents_est":140,"h3_10":"8a1e2e69c327fff","h3_11":"8b1e2e69c325fff"},"geometry":{"type":"Polygon","coordinates":[[[20.009859,50.011122],[20.010012,50.011053],[20.010089,50.011125],[20.010072,50.011132],[20.010128,50.011185],[20.010207,50.01115],[20.010195,50.011139],[20.010267,50.011107],[20.010255,50.011096],[20.010304,50.011074],[20.010316,50.011085],[20.010452,50.011024],[20.01046,50.011032],[20.01051,50.011009],[20.010496,50.010996],[20.010498,50.010946],[20.010477,50.010945],[20.010478,50.01092],[20.010457,50.01092],[20.010459,50.010882],[20.010502,50.010883],[20.010502,50.010865],[20.01048,50.010864],[20.010486,50.010705],[20.010672,50.010708],[20.01067,50.010762],[20.010705,50.010763],[20.010699,50.010921],[20.010678,50.010921],[20.010676,50.010976],[20.010697,50.010976],[20.010693,50.011082],[20.010589,50.011128],[20.010577,50.011117],[20.010514,50.011145],[20.010501,50.011133],[20.010491,50.011137],[20.010467,50.011149],[20.01048,50.011161],[20.010342,50.011222],[20.01033,50.01121],[20.010307,50.01122],[20.010319,50.011232],[20.010082,50.011337],[20.009985,50.011246],[20.010003,50.011238],[20.009987,50.011223],[20.009948,50.01124],[20.009919,50.011214],[20.009931,50.011208],[20.009891,50.011171],[20.009904,50.011165],[20.009859,50.011122]]]}},{"type":"Feature","id":"w37672659","properties":{"type":"yes","residential":true,"residents_est":7,"h3_10":"8a1e2e69c32ffff","h3_11":"8b1e2e69c32efff"},"geometry":{"type":"Polygon","coordinates":[[[20.01088,50.010487],[20.011149,50.010371],[20.011178,50.010399],[20.01134,50.01033],[20.011394,50.010382],[20.011231,50.010452],[20.011204,50.010426],[20.010936,50.010541],[20.01088,50.010487]]]}},{"type":"Feature","id":"w37700846","properties":{"type":"residential","levels":4.0,"address":"Podłęska 17A","residential":true,"residents_est":50,"h3_10":"8a1e2e69c357fff","h3_11":"8b1e2e69c352fff"},"geometry":{"type":"Polygon","coordinates":[[[20.013332,50.008722],[20.013655,50.008598],[20.013742,50.008692],[20.013594,50.008749],[20.01373,50.008896],[20.013949,50.008811],[20.014036,50.008905],[20.013642,50.009057],[20.013332,50.008722]]]}},{"type":"Feature","id":"w37700847","properties":{"type":"residential","levels":7.0,"address":"Podłęska 11B","residential":true,"residents_est":76,"h3_10":"8a1e2e69c35ffff","h3_11":"8b1e2e69c35cfff"},"geometry":{"type":"Polygon","coordinates":[[[20.014716,50.008845],[20.014842,50.008776],[20.01551,50.00927],[20.015383,50.009341],[20.014716,50.008845]]]}},{"type":"Feature","id":"w37728917","properties":{"type":"school","residential":false,"residents_est":0,"h3_10":"8a1e2e69c397fff","h3_11":"8b1e2e69c396fff"},"geometry":{"type":"Polygon","coordinates":[[[20.004972,50.006122],[20.00502,50.006034],[20.005061,50.006043],[20.005068,50.006021],[20.005025,50.006019],[20.005041,50.005926],[20.005184,50.005936],[20.005181,50.005955],[20.005221,50.005957],[20.005224,50.005939],[20.005367,50.005949],[20.005364,50.005968],[20.005404,50.00597],[20.005407,50.005952],[20.005551,50.005962],[20.005535,50.006055],[20.005521,50.006053],[20.005505,50.006143],[20.00569,50.006183],[20.005729,50.006114],[20.005884,50.006151],[20.005868,50.006181],[20.005914,50.006193],[20.005897,50.006223],[20.005945,50.006234],[20.005927,50.006264],[20.005979,50.006277],[20.005961,50.006307],[20.006044,50.006327],[20.006062,50.006296],[20.006167,50.006321],[20.006132,50.006384],[20.006326,50.00643],[20.006232,50.006596],[20.00628,50.006605],[20.006235,50.006683],[20.006161,50.006665],[20.00607,50.006824],[20.006141,50.006841],[20.006125,50.006872],[20.006204,50.006891],[20.006058,50.007148],[20.005694,50.007063],[20.005842,50.006803],[20.006006,50.006842],[20.006084,50.006705],[20.005954,50.006675],[20.006065,50.00648],[20.006018,50.006469],[20.006034,50.006443],[20.005854,50.006397],[20.005835,50.006428],[20.005789,50.006416],[20.005736,50.006508],[20.005643,50.006486],[20.005631,50.006506],[20.005521,50.00648],[20.005562,50.006409],[20.005515,50.006398],[20.005555,50.006326],[20.005512,50.006315],[20.00555,50.006244],[20.005502,50.006233],[20.005534,50.006177],[20.005492,50.006166],[20.005458,50.006231],[20.005321,50.0062],[20.00533,50.006183],[20.005293,50.006174],[20.005283,50.006192],[20.005147,50.006161],[20.005155,50.006145],[20.005119,50.006136],[20.005109,50.006153],[20.004972,50.006122]]]}},{"type":"Feature","id":"w37737535","properties":{"type":"yes","address":"Alberta Schweitzera 3","name":"Teresita","residential":false,"residents_est":0,"h3_10":"8a1e2e69c237fff","h3_11":"8b1e2e69c231fff"},"geometry":{"type":"Polygon","coordinates":[[[20.011489,50.007599],[20.011625,50.007461],[20.011565,50.007451],[20.0116,50.007348],[20.011659,50.007357],[20.011621,50.007196],[20.011646,50.007194],[20.011641,50.007173],[20.011775,50.007161],[20.011784,50.007202],[20.011758,50.007205],[20.011778,50.007294],[20.011801,50.007291],[20.011807,50.007314],[20.011832,50.007312],[20.011847,50.00737],[20.011798,50.007375],[20.01181,50.007432],[20.011601,50.007648],[20.011597,50.007646],[20.011602,50.007641],[20.011489,50.007599]]]}},{"type":"Feature","id":"w37737536","properties":{"type":"apartments","levels":4.0,"address":"Ludwika Rydygiera 9","residential":true,"residents_est":42,"h3_10":"8a1e2e69c237fff","h3_11":"8b1e2e69c232fff"},"geometry":{"type":"Polygon","coordinates":[[[20.010587,50.006975],[20.010653,50.006966],[20.010649,50.006952],[20.010755,50.006938],[20.010768,50.006978],[20.010783,50.006976],[20.010798,50.00702],[20.010783,50.007022],[20.01082,50.00712],[20.010843,50.007117],[20.01086,50.007173],[20.010842,50.007176],[20.010868,50.007261],[20.010941,50.007253],[20.010943,50.007262],[20.011026,50.007253],[20.011029,50.007265],[20.011111,50.007256],[20.011109,50.007248],[20.011182,50.00724],[20.011185,50.007253],[20.011233,50.007247],[20.011251,50.007318],[20.011226,50.007321],[20.011238,50.007365],[20.011167,50.007372],[20.011164,50.00736],[20.011048,50.007373],[20.011046,50.007363],[20.01093,50.007376],[20.010933,50.007388],[20.01086,50.007396],[20.010849,50.007351],[20.010821,50.007354],[20.010803,50.007285],[20.010709,50.007297],[20.010686,50.007222],[20.010671,50.007224],[20.010656,50.007177],[20.010674,50.007175],[20.010648,50.00709],[20.010636,50.007092],[20.010613,50.007017],[20.010598,50.007019],[20.010587,50.006975]]]}},{"type":"Feature","id":"w37737537","properties":{"type":"yes","address":"Ludwika Rydygiera 11","residential":true,"residents_est":21,"h3_10":"8a1e2e69c38ffff","h3_11":"8b1e2e69c389fff"},"geometry":{"type":"Polygon","coordinates":[[[20.010035,50.006745],[20.010141,50.006732],[20.010129,50.006689],[20.010103,50.006692],[20.010084,50.006624],[20.010143,50.006617],[20.01014,50.006606],[20.01021,50.006598],[20.010214,50.00661],[20.010293,50.006601],[20.01029,50.006589],[20.010374,50.006579],[20.010371,50.006569],[20.01044,50.006561],[20.010443,50.006571],[20.010504,50.006564],[20.010523,50.00663],[20.010497,50.006633],[20.01051,50.006676],[20.01044,50.006684],[20.010437,50.006675],[20.010321,50.006688],[20.010324,50.006698],[20.01021,50.006712],[20.010213,50.006723],[20.010169,50.006728],[20.010185,50.006778],[20.010207,50.006776],[20.010225,50.006832],[20.010208,50.006834],[20.010238,50.006933],[20.010217,50.006935],[20.010232,50.006986],[20.010255,50.006984],[20.010271,50.00704],[20.010255,50.007042],[20.010282,50.007138],[20.010181,50.00715],[20.010178,50.00714],[20.010125,50.007146],[20.010107,50.007083],[20.010095,50.007084],[20.010083,50.00704],[20.010102,50.007038],[20.010078,50.006952],[20.010094,50.006951],[20.010073,50.006878],[20.010054,50.006881],[20.010041,50.006836],[20.010061,50.006834],[20.010035,50.006745]]]}},{"type":"Feature","id":"w37737538","properties":{"type":"apartments","levels":5.0,"address":"Ludwika Rydygiera 17","residential":true,"residents_est":81,"h3_10":"8a1e2e69c2a7fff","h3_11":"8b1e2e69c2a5fff"},"geometry":{"type":"Polygon","coordinates":[[[20.009678,50.00569],[20.009711,50.005646],[20.009693,50.00564],[20.009725,50.005596],[20.00994,50.005665],[20.009906,50.005712],[20.010028,50.00575],[20.010037,50.005737],[20.010117,50.005763],[20.010109,50.005776],[20.010184,50.0058],[20.010142,50.005858],[20.010324,50.005913],[20.010331,50.005901],[20.0104,50.005921],[20.01039,50.005935],[20.010463,50.005958],[20.010485,50.00593],[20.010738,50.006004],[20.010794,50.005926],[20.010856,50.005944],[20.010959,50.005803],[20.01102,50.00582],[20.011007,50.005838],[20.011078,50.005859],[20.010987,50.005986],[20.010924,50.005967],[20.010841,50.006083],[20.010796,50.00607],[20.010788,50.006081],[20.010653,50.006041],[20.010624,50.006081],[20.010411,50.006018],[20.010383,50.006056],[20.010307,50.006032],[20.010293,50.006051],[20.01026,50.006041],[20.010271,50.006027],[20.010194,50.006004],[20.010207,50.005983],[20.010049,50.005935],[20.010085,50.005886],[20.009923,50.005838],[20.009932,50.005826],[20.009819,50.005792],[20.009855,50.005745],[20.009678,50.00569]]]}},{"type":"Feature","id":"w37737539","properties":{"type":"apartments","levels":4.0,"address":"Ludwika Rydygiera 13","residential":true,"residents_est":36,"h3_10":"8a1e2e69c217fff","h3_11":"8b1e2e69c214fff"},"geometry":{"type":"Polygon","coordinates":[[[20.011017,50.006481],[20.011061,50.006475],[20.011057,50.006461],[20.011186,50.006445],[20.011198,50.006484],[20.011215,50.006482],[20.011229,50.006529],[20.011207,50.006532],[20.011224,50.006585],[20.011237,50.006583],[20.011252,50.006633],[20.011271,50.00663],[20.011289,50.00669],[20.011271,50.006692],[20.0113,50.006788],[20.011257,50.006793],[20.011272,50.006845],[20.011296,50.006842],[20.011313,50.0069],[20.011296,50.006902],[20.011324,50.006997],[20.011219,50.007009],[20.011216,50.006998],[20.011169,50.007004],[20.011151,50.006938],[20.011133,50.00694],[20.01112,50.006892],[20.011138,50.00689],[20.011115,50.006807],[20.011147,50.006804],[20.011125,50.006727],[20.011109,50.006729],[20.011095,50.006683],[20.011112,50.00668],[20.011088,50.006597],[20.01107,50.006599],[20.011048,50.006528],[20.011032,50.00653],[20.011017,50.006481]]]}},{"type":"Feature","id":"w37737541","properties":{"type":"apartments","levels":5.0,"address":"Ludwika Rydygiera 7","residential":true,"residents_est":62,"h3_10":"8a1e2e69c237fff","h3_11":"8b1e2e69c236fff"},"geometry":{"type":"Polygon","coordinates":[[[20.009754,50.007652],[20.00977,50.007635],[20.0098,50.007646],[20.009827,50.007608],[20.009805,50.007597],[20.009821,50.00758],[20.009864,50.007597],[20.009884,50.007575],[20.009862,50.007567],[20.009879,50.007549],[20.009901,50.007557],[20.009917,50.007539],[20.010011,50.007575],[20.010016,50.00757],[20.009994,50.007562],[20.010011,50.007544],[20.010032,50.007552],[20.010045,50.007537],[20.010024,50.007529],[20.010077,50.00747],[20.010128,50.007489],[20.010137,50.00748],[20.010198,50.007504],[20.01019,50.007513],[20.010217,50.007523],[20.01023,50.007509],[20.010258,50.00752],[20.010245,50.007534],[20.010262,50.00754],[20.010283,50.007543],[20.010294,50.007531],[20.010323,50.007542],[20.010311,50.007554],[20.010338,50.007564],[20.010347,50.007555],[20.010363,50.007561],[20.010376,50.007547],[20.010404,50.007558],[20.010391,50.007572],[20.010457,50.00759],[20.010444,50.007604],[20.010499,50.007625],[20.010512,50.007611],[20.01054,50.007622],[20.010528,50.007636],[20.010545,50.007643],[20.010554,50.007633],[20.010571,50.00764],[20.010583,50.007626],[20.010611,50.007636],[20.010599,50.00765],[20.010626,50.007661],[20.010634,50.007651],[20.010696,50.007675],[20.010687,50.007684],[20.010738,50.007703],[20.010668,50.007781],[20.010645,50.007773],[20.010629,50.00779],[20.010568,50.007767],[20.010549,50.007787],[20.010525,50.007778],[20.010552,50.007749],[20.010475,50.00772],[20.010467,50.007729],[20.010391,50.0077],[20.010366,50.007728],[20.010341,50.007719],[20.010358,50.0077],[20.010303,50.007677],[20.010278,50.007695],[20.010253,50.007686],[20.010279,50.007658],[20.010189,50.007624],[20.010181,50.007633],[20.010106,50.007605],[20.010081,50.007633],[20.010055,50.007623],[20.010072,50.007604],[20.010048,50.007594],[20.01001,50.007634],[20.010032,50.007643],[20.010022,50.007653],[20.010044,50.007661],[20.010026,50.00768],[20.010005,50.007672],[20.009969,50.007712],[20.009947,50.007703],[20.009916,50.007738],[20.009937,50.007746],[20.00992,50.007765],[20.009898,50.007756],[20.009889,50.007767],[20.009798,50.007733],[20.009807,50.007723],[20.009764,50.007707],[20.009798,50.007669],[20.009754,50.007652]]]}},{"type":"Feature","id":"w37737542","properties":{"type":"apartments","levels":4.0,"address":"Ludwika Rydygiera 5","residential":true,"residents_est":20,"h3_10":"8a1e2e69c3affff","h3_11":"8b1e2e69c3a9fff"},"geometry":{"type":"Polygon","coordinates":[[[20.009943,50.007992],[20.00996,50.007974],[20.009982,50.007983],[20.009997,50.007967],[20.009975,50.007958],[20.01003,50.007901],[20.01008,50.007921],[20.010089,50.007911],[20.01015,50.007936],[20.010141,50.007945],[20.010168,50.007955],[20.010181,50.007942],[20.010209,50.007953],[20.010196,50.007966],[20.010213,50.007973],[20.010204,50.007982],[20.010221,50.007989],[20.010234,50.007975],[20.010262,50.007986],[20.010249,50.008],[20.010276,50.008011],[20.010285,50.008002],[20.010345,50.008026],[20.010337,50.008035],[20.010387,50.008055],[20.010316,50.008128],[20.010295,50.00812],[20.010275,50.008141],[20.010211,50.008115],[20.010193,50.008134],[20.01017,50.008124],[20.010188,50.008106],[20.010114,50.008077],[20.010123,50.008068],[20.010046,50.008037],[20.010029,50.008056],[20.010006,50.008046],[20.010023,50.008028],[20.009943,50.007992]]]}},{"type":"Feature","id":"w37737543","properties":{"type":"yes","address":"Ludwika Rydygiera 12","residential":true,"residents_est":17,"h3_10":"8a1e2e69c39ffff","h3_11":"8b1e2e69c39dfff"},"geometry":{"type":"Polygon","coordinates":[[[20.008405,50.006571],[20.008427,50.006531],[20.008411,50.006527],[20.008436,50.006483],[20.008451,50.006486],[20.008507,50.006384],[20.008527,50.006389],[20.008548,50.00635],[20.008626,50.006368],[20.008615,50.006388],[20.008647,50.006395],[20.008632,50.006421],[20.008704,50.006437],[20.008717,50.006414],[20.008701,50.00641],[20.008725,50.006366],[20.00874,50.00637],[20.008761,50.006331],[20.008745,50.006327],[20.008775,50.006274],[20.008891,50.0063],[20.008885,50.006311],[20.00894,50.006324],[20.008918,50.006363],[20.008952,50.006371],[20.0089,50.006465],[20.008886,50.006462],[20.008864,50.006503],[20.008848,50.006499],[20.008819,50.006551],[20.008765,50.006539],[20.008773,50.006523],[20.008648,50.006495],[20.008589,50.006602],[20.008534,50.00659],[20.008529,50.0066],[20.008405,50.006571]]]}},{"type":"Feature","id":"w37737690","properties":{"type":"house","levels":1.0,"address":"Aleksandry 24G","residential":true,"residents_est":1,"h3_10":"8a1e2e69c35ffff","h3_11":"8b1e2e69c359fff"},"geometry":{"type":"Polygon","coordinates":[[[20.01651,50.008773],[20.016512,50.008715],[20.016665,50.008717],[20.016662,50.008804],[20.016565,50.008803],[20.016566,50.008774],[20.01651,50.008773]]]}},{"type":"Feature","id":"w37737691","properties":{"type":"house","levels":1.0,"address":"Aleksandry 24H","residential":true,"residents_est":1,"h3_10":"8a1e2e69c35ffff","h3_11":"8b1e2e69c359fff"},"geometry":{"type":"Polygon","coordinates":[[[20.016257,50.008939],[20.016324,50.008897],[20.016363,50.008923],[20.016396,50.008902],[20.016436,50.008929],[20.016335,50.008992],[20.016257,50.008939]]]}},{"type":"Feature","id":"w37737692","properties":{"type":"house","levels":1.0,"address":"Aleksandry 22E","residential":true,"residents_est":1,"h3_10":"8a1e2e69c34ffff","h3_11":"8b1e2e69c34afff"},"geometry":{"type":"Polygon","coordinates":[[[20.016858,50.008939],[20.016927,50.008897],[20.017015,50.008956],[20.01691,50.009021],[20.016862,50.008989],[20.016898,50.008967],[20.016858,50.008939]]]}},{"type":"Feature","id":"w37737693","properties":{"type":"semidetached_house","levels":2.0,"address":"Aleksandry 20","residential":true,"residents_est":3,"h3_10":"8a1e2e69c34ffff","h3_11":"8b1e2e69c348fff"},"geometry":{"type":"Polygon","coordinates":[[[20.016875,50.00937],[20.016878,50.009281],[20.01697,50.009282],[20.016969,50.009317],[20.017045,50.009318],[20.017044,50.009334],[20.0171,50.009334],[20.017099,50.009382],[20.016965,50.00938],[20.016965,50.009371],[20.016875,50.00937]]]}},{"type":"Feature","id":"w37737694","properties":{"type":"apartments","levels":4.0,"address":"Aleksandry 29","residential":true,"residents_est":9,"h3_10":"8a1e2e69c26ffff","h3_11":"8b1e2e69c269fff"},"geometry":{"type":"Polygon","coordinates":[[[20.019449,50.00803],[20.019456,50.00803],[20.019455,50.007958],[20.019679,50.007957],[20.01968,50.008028],[20.019688,50.008028],[20.019688,50.00806],[20.01945,50.008061],[20.019449,50.00803]]]}},{"type":"Feature","id":"w37737695","properties":{"type":"apartments","levels":4.0,"address":"Aleksandry 31","residential":true,"residents_est":10,"h3_10":"8a1e2e69c26ffff","h3_11":"8b1e2e69c269fff"},"geometry":{"type":"Polygon","coordinates":[[[20.019821,50.008028],[20.01983,50.008028],[20.019829,50.007953],[20.02005,50.007952],[20.020051,50.008025],[20.02006,50.008025],[20.02006,50.00806],[20.019822,50.00806],[20.019821,50.008028]]]}},{"type":"Feature","id":"w37741181","properties":{"type":"office","levels":3.0,"address":"Wielicka 228","residential":false,"residents_est":0,"h3_10":"8a1e2e69c307fff","h3_11":"8b1e2e69c301fff"},"geometry":{"type":"Polygon","coordinates":[[[20.010843,50.009918],[20.011001,50.009851],[20.010991,50.00984],[20.01105,50.009815],[20.011182,50.009943],[20.010963,50.010036],[20.010843,50.009918]]]}},{"type":"Feature","id":"w83643825","properties":{"type":"yes","address":"Alberta Schweitzera 4","residential":true,"residents_est":1,"h3_10":"8a1e2e69c207fff","h3_11":"8b1e2e69c206fff"},"geometry":{"type":"Polygon","coordinates":[[[20.01212,50.00731],[20.012207,50.007219],[20.0123,50.007253],[20.012215,50.007349],[20.01212,50.00731]]]}},{"type":"Feature","id":"w83643826","properties":{"type":"hotel","levels":4.0,"address":"Aleksandry 30","name":"Artur","residential":false,"residents_est":0,"h3_10":"8a1e2e69c26ffff","h3_11":"8b1e2e69c26efff"},"geometry":{"type":"Polygon","coordinates":[[[20.01772,50.008112],[20.01773,50.007979],[20.018187,50.00799],[20.018191,50.007951],[20.018223,50.007953],[20.018277,50.00797],[20.018299,50.007982],[20.018318,50.008015],[20.018312,50.008057],[20.018257,50.008053],[20.018253,50.008126],[20.01772,50.008112]]]}},{"type":"Feature","id":"w83643831","properties":{"type":"yes","residential":true,"residents_est":1,"h3_10":"8a1e2e69c207fff","h3_11":"8b1e2e69c206fff"},"geometry":{"type":"Polygon","coordinates":[[[20.012037,50.007277],[20.012124,50.007185],[20.012207,50.007219],[20.012119,50.00731],[20.012037,50.007277]]]}},{"type":"Feature","id":"w154937496","properties":{"type":"apartments","levels":4.0,"address":"Jana XXIII 10","residential":true,"residents_est":20,"h3_10":"8a1e2e69c397fff","h3_11":"8b1e2e69c391fff"},"geometry":{"type":"Polygon","coordinates":[[[20.006899,50.006757],[20.006932,50.006699],[20.006916,50.006695],[20.006949,50.006641],[20.006966,50.006645],[20.007011,50.00657],[20.006995,50.006566],[20.007026,50.006513],[20.007043,50.006517],[20.007076,50.006459],[20.007215,50.006494],[20.007182,50.006551],[20.007192,50.006553],[20.007187,50.006562],[20.007199,50.006565],[20.007188,50.006583],[20.007176,50.00658],[20.007171,50.006589],[20.007162,50.006586],[20.007095,50.006698],[20.007105,50.006701],[20.0071,50.00671],[20.007111,50.006713],[20.0071,50.006731],[20.007089,50.006728],[20.007083,50.006737],[20.007074,50.006735],[20.007039,50.00679],[20.006899,50.006757]]]}},{"type":"Feature","id":"w154937501","properties":{"type":"apartments","levels":4.0,"address":"Jana XXIII 8","residential":true,"residents_est":20,"h3_10":"8a1e2e69c387fff","h3_11":"8b1e2e69c382fff"},"geometry":{"type":"Polygon","coordinates":[[[20.007226,50.006837],[20.007259,50.00678],[20.007243,50.006776],[20.007276,50.006722],[20.007291,50.006726],[20.007336,50.006651],[20.00732,50.006647],[20.007351,50.006594],[20.007367,50.006598],[20.007402,50.00654],[20.007541,50.006574],[20.007507,50.006631],[20.007517,50.006634],[20.007512,50.006643],[20.007523,50.006646],[20.007513,50.006664],[20.007501,50.006661],[20.007496,50.00667],[20.007486,50.006667],[20.007419,50.006779],[20.007429,50.006781],[20.007424,50.00679],[20.007435,50.006793],[20.007425,50.006811],[20.007413,50.006808],[20.007408,50.006817],[20.007398,50.006815],[20.007364,50.006872],[20.007226,50.006837]]]}},{"type":"Feature","id":"w154937504","properties":{"type":"yes","address":"Ludwika Rydygiera 14","residential":true,"residents_est":10,"h3_10":"8a1e2e69c39ffff","h3_11":"8b1e2e69c398fff"},"geometry":{"type":"Polygon","coordinates":[[[20.007741,50.006315],[20.007774,50.006258],[20.007756,50.006253],[20.007788,50.006199],[20.007806,50.006203],[20.007849,50.006129],[20.007831,50.006125],[20.007863,50.00607],[20.007881,50.006074],[20.007914,50.006017],[20.008055,50.006051],[20.008024,50.006104],[20.00804,50.006109],[20.008014,50.006152],[20.007998,50.006147],[20.007936,50.006252],[20.007953,50.006257],[20.007929,50.006302],[20.007912,50.006298],[20.007881,50.006349],[20.007741,50.006315]]]}},{"type":"Feature","id":"w154937506","properties":{"type":"apartments","levels":4.0,"address":"Alberta Schweitzera 5","residential":true,"residents_est":58,"h3_10":"8a1e2e69c217fff","h3_11":"8b1e2e69c215fff"},"geometry":{"type":"Polygon","coordinates":[[[20.011735,50.006338],[20.011938,50.006317],[20.01195,50.006366],[20.011916,50.00637],[20.011922,50.006392],[20.011909,50.006393],[20.011915,50.006416],[20.011955,50.006412],[20.011969,50.006466],[20.012035,50.006459],[20.012048,50.006509],[20.012014,50.006512],[20.01202,50.006534],[20.012009,50.006535],[20.012016,50.006562],[20.012054,50.006558],[20.012067,50.00661],[20.012025,50.006615],[20.012038,50.006666],[20.011996,50.00667],[20.012002,50.006694],[20.01199,50.006696],[20.011997,50.00672],[20.01204,50.006715],[20.012053,50.006768],[20.012036,50.00677],[20.012048,50.006819],[20.012008,50.006823],[20.012013,50.006844],[20.012005,50.006846],[20.012011,50.00687],[20.012051,50.006866],[20.012065,50.00692],[20.012118,50.006914],[20.012132,50.006964],[20.012101,50.006968],[20.012107,50.00699],[20.012098,50.006991],[20.012105,50.007015],[20.012138,50.007011],[20.012153,50.007062],[20.011964,50.007085],[20.01195,50.007036],[20.011932,50.007038],[20.011925,50.007013],[20.011938,50.007011],[20.011917,50.006937],[20.011868,50.006943],[20.011854,50.006891],[20.011835,50.006893],[20.011829,50.00687],[20.01184,50.006869],[20.011819,50.006794],[20.011852,50.00679],[20.011838,50.006737],[20.011823,50.006738],[20.011816,50.006714],[20.011829,50.006713],[20.01181,50.006638],[20.011878,50.006631],[20.011865,50.006579],[20.011846,50.006581],[20.011839,50.006556],[20.01185,50.006556],[20.011827,50.00648],[20.011779,50.006485],[20.011767,50.006436],[20.01175,50.006438],[20.011743,50.006413],[20.011754,50.006412],[20.011735,50.006338]]]}},{"type":"Feature","id":"w154937507","properties":{"type":"yes","address":"Ludwika Rydygiera 21","residential":true,"residents_est":16,"h3_10":"8a1e2e69c2b7fff","h3_11":"8b1e2e69c2b4fff"},"geometry":{"type":"Polygon","coordinates":[[[20.00796,50.005273],[20.00805,50.00527],[20.008052,50.005283],[20.008187,50.005278],[20.008184,50.005246],[20.008318,50.005241],[20.008316,50.005225],[20.008418,50.005221],[20.00842,50.005237],[20.008554,50.005232],[20.008558,50.005279],[20.008799,50.005269],[20.008803,50.005317],[20.008778,50.005318],[20.008782,50.005364],[20.008565,50.005373],[20.00856,50.005323],[20.008192,50.005338],[20.008195,50.005371],[20.007994,50.005379],[20.007992,50.005353],[20.007967,50.005353],[20.00796,50.005273]]]}},{"type":"Feature","id":"w154937508","properties":{"type":"apartments","levels":4.0,"address":"Alberta Schweitzera 1","residential":true,"residents_est":46,"h3_10":"8a1e2e69c31ffff","h3_11":"8b1e2e69c31bfff"},"geometry":{"type":"Polygon","coordinates":[[[20.010547,50.008292],[20.010589,50.008249],[20.010574,50.008243],[20.010594,50.008222],[20.010605,50.008227],[20.010666,50.008166],[20.010712,50.008186],[20.010759,50.008138],[20.010742,50.008131],[20.010763,50.008109],[20.010775,50.008114],[20.010834,50.008054],[20.010891,50.008077],[20.010937,50.00803],[20.010924,50.008025],[20.010943,50.008005],[20.010956,50.00801],[20.011014,50.007949],[20.011076,50.007975],[20.011124,50.007929],[20.011107,50.007922],[20.011129,50.0079],[20.01114,50.007904],[20.011201,50.007844],[20.011367,50.007914],[20.011325,50.007955],[20.011299,50.007945],[20.01128,50.007964],[20.011271,50.00796],[20.011249,50.007981],[20.011276,50.007992],[20.011233,50.008034],[20.011196,50.008018],[20.011149,50.008065],[20.011116,50.008052],[20.011098,50.00807],[20.011088,50.008066],[20.011068,50.008088],[20.011098,50.0081],[20.011058,50.008141],[20.011024,50.008128],[20.010979,50.008175],[20.010942,50.00816],[20.010924,50.008178],[20.010914,50.008175],[20.010894,50.008196],[20.010928,50.00821],[20.010888,50.008252],[20.010845,50.008235],[20.010801,50.00828],[20.01077,50.008268],[20.010751,50.008288],[20.010741,50.008284],[20.010721,50.008305],[20.010751,50.008317],[20.01071,50.008359],[20.010547,50.008292]]]}},{"type":"Feature","id":"w154937509","properties":{"type":"retail","levels":1.0,"address":"Ludwika Rydygiera 10A","residential":false,"residents_est":0,"h3_10":"8a1e2e69c38ffff","h3_11":"8b1e2e69c38afff"},"geometry":{"type":"Polygon","coordinates":[[[20.009121,50.006398],[20.009154,50.006337],[20.009261,50.006361],[20.009228,50.006422],[20.009121,50.006398]]]}},{"type":"Feature","id":"w154937510","properties":{"type":"yes","address":"Ludwika Rydygiera 10B","residential":false,"residents_est":0,"h3_10":"8a1e2e69c38ffff","h3_11":"8b1e2e69c38afff"},"geometry":{"type":"Polygon","coordinates":[[[20.009481,50.0065],[20.009503,50.006464],[20.009584,50.006485],[20.009562,50.006521],[20.009481,50.0065]]]}},{"type":"Feature","id":"w154937512","properties":{"type":"yes","levels":4.0,"address":"Ludwika Rydygiera 15","residential":true,"residents_est":30,"h3_10":"8a1e2e69c2a7fff","h3_11":"8b1e2e69c2a4fff"},"geometry":{"type":"Polygon","coordinates":[[[20.008993,50.005774],[20.00906,50.005688],[20.009044,50.005683],[20.009078,50.00564],[20.009167,50.005669],[20.009159,50.005679],[20.009218,50.005698],[20.009124,50.005817],[20.009276,50.005867],[20.009238,50.005917],[20.009359,50.005954],[20.00937,50.005939],[20.009451,50.005964],[20.00944,50.005979],[20.009517,50.006002],[20.009474,50.006061],[20.009596,50.006098],[20.009606,50.006084],[20.009684,50.006107],[20.009672,50.006123],[20.009746,50.006146],[20.009773,50.00611],[20.009845,50.006132],[20.009855,50.006119],[20.00992,50.006139],[20.00991,50.006152],[20.010093,50.006209],[20.010062,50.00625],[20.010085,50.006257],[20.01005,50.006305],[20.009901,50.006259],[20.009891,50.006272],[20.009813,50.006249],[20.009826,50.006231],[20.009793,50.006222],[20.009785,50.006232],[20.009705,50.006208],[20.009678,50.006244],[20.009596,50.006219],[20.009604,50.006208],[20.009575,50.006199],[20.009567,50.00621],[20.0095,50.006189],[20.009507,50.00618],[20.009389,50.006144],[20.009426,50.006095],[20.009359,50.006074],[20.009368,50.006063],[20.009328,50.006051],[20.00932,50.006061],[20.00926,50.006043],[20.009271,50.006028],[20.009159,50.005993],[20.009193,50.005948],[20.00908,50.005913],[20.009067,50.00593],[20.008996,50.005908],[20.009025,50.005868],[20.009001,50.005861],[20.009052,50.005792],[20.008993,50.005774]]]}},{"type":"Feature","id":"w154937513","properties":{"type":"apartments","levels":5.0,"address":"Alberta Schweitzera 9","residential":true,"residents_est":72,"h3_10":"8a1e2e69c2a7fff","h3_11":"8b1e2e69c2a3fff"},"geometry":{"type":"Polygon","coordinates":[[[20.009691,50.005086],[20.009734,50.005032],[20.009757,50.00504],[20.009785,50.005004],[20.009811,50.005013],[20.009837,50.004979],[20.009813,50.004971],[20.009816,50.004966],[20.009915,50.004998],[20.009891,50.005028],[20.00995,50.005047],[20.009978,50.005011],[20.009987,50.005014],[20.009973,50.005033],[20.010024,50.00505],[20.01004,50.00503],[20.010048,50.005033],[20.010051,50.005028],[20.010059,50.00503],[20.010046,50.005046],[20.010098,50.005064],[20.010112,50.005047],[20.010119,50.005049],[20.010073,50.005107],[20.010133,50.005127],[20.010156,50.005098],[20.010165,50.005101],[20.010151,50.005119],[20.0102,50.005135],[20.010214,50.005117],[20.010224,50.005121],[20.010189,50.005166],[20.010239,50.005182],[20.010253,50.005163],[20.010263,50.005166],[20.01024,50.005195],[20.010297,50.005215],[20.01032,50.005185],[20.010328,50.005188],[20.010314,50.005205],[20.010373,50.005224],[20.010387,50.005207],[20.010392,50.005209],[20.010379,50.005226],[20.01043,50.005243],[20.010443,50.005226],[20.01045,50.005228],[20.010429,50.005255],[20.010488,50.005274],[20.010509,50.005247],[20.010518,50.00525],[20.010504,50.005267],[20.010569,50.005288],[20.010582,50.005272],[20.010587,50.005274],[20.010574,50.00529],[20.010626,50.005307],[20.010638,50.005291],[20.010646,50.005294],[20.010627,50.005319],[20.010682,50.005337],[20.010727,50.00528],[20.010736,50.005283],[20.010722,50.005301],[20.010774,50.005318],[20.010788,50.0053],[20.010794,50.005302],[20.01078,50.00532],[20.010835,50.005338],[20.010849,50.00532],[20.010857,50.005322],[20.010812,50.00538],[20.010868,50.005398],[20.010896,50.005363],[20.010903,50.005365],[20.010891,50.005382],[20.010946,50.0054],[20.010959,50.005384],[20.010966,50.005386],[20.010869,50.005509],[20.010752,50.005471],[20.010759,50.005463],[20.010717,50.00545],[20.010734,50.005428],[20.010668,50.005406],[20.010649,50.00543],[20.010111,50.005254],[20.01013,50.00523],[20.00998,50.005181],[20.01,50.005156],[20.009955,50.005142],[20.009944,50.005156],[20.009832,50.005119],[20.009837,50.005112],[20.009808,50.005103],[20.009795,50.00512],[20.009691,50.005086]]]}},{"type":"Feature","id":"w154937514","properties":{"type":"yes","address":"Ludwika Rydygiera 10","residential":true,"residents_est":17,"h3_10":"8a1e2e69c38ffff","h3_11":"8b1e2e69c38afff"},"geometry":{"type":"Polygon","coordinates":[[[20.009133,50.006689],[20.0092,50.006562],[20.009213,50.006565],[20.009254,50.006487],[20.009654,50.006575],[20.00956,50.006752],[20.009399,50.006717],[20.009384,50.006745],[20.009133,50.006689]]]}},{"type":"Feature","id":"w154937519","properties":{"type":"residential","levels":4.0,"address":"Ludwika Rydygiera 19","residential":true,"residents_est":69,"h3_10":"8a1e2e69c39ffff","h3_11":"8b1e2e69c39afff"},"geometry":{"type":"Polygon","coordinates":[[[20.007252,50.005139],[20.007328,50.005137],[20.007327,50.005123],[20.0074,50.00512],[20.007413,50.005285],[20.007478,50.005283],[20.00749,50.005422],[20.007558,50.00542],[20.007571,50.005555],[20.007739,50.00555],[20.007743,50.005601],[20.007874,50.005598],[20.007873,50.005581],[20.007963,50.005578],[20.007965,50.005594],[20.008051,50.005592],[20.008055,50.005647],[20.008194,50.005643],[20.008193,50.005628],[20.008283,50.005625],[20.008284,50.00564],[20.008367,50.005637],[20.008364,50.005605],[20.008493,50.005601],[20.008492,50.005591],[20.008583,50.005589],[20.008588,50.00567],[20.008565,50.00567],[20.008567,50.005697],[20.008369,50.005702],[20.008373,50.005745],[20.008282,50.005748],[20.008281,50.005737],[20.00825,50.005738],[20.008251,50.005748],[20.008177,50.005751],[20.008175,50.005741],[20.008049,50.005746],[20.008045,50.005694],[20.007972,50.005697],[20.00797,50.005686],[20.007937,50.005688],[20.007938,50.005698],[20.007861,50.005701],[20.00786,50.005691],[20.007733,50.005695],[20.007728,50.005644],[20.007606,50.005648],[20.007607,50.005664],[20.007524,50.005667],[20.00752,50.005625],[20.007495,50.005626],[20.007488,50.00555],[20.007423,50.005552],[20.007414,50.005461],[20.0074,50.005462],[20.007396,50.005414],[20.007344,50.005415],[20.007336,50.005324],[20.00732,50.005324],[20.007316,50.005275],[20.007265,50.005277],[20.007252,50.005139]]]}},{"type":"Feature","id":"w154944123","properties":{"type":"yes","residential":true,"residents_est":8,"h3_10":"8a1e2e69c2e7fff","h3_11":"8b1e2e69c2e3fff"},"geometry":{"type":"Polygon","coordinates":[[[20.015096,50.005299],[20.015338,50.005189],[20.015439,50.00528],[20.015372,50.005311],[20.015401,50.005338],[20.015236,50.005416],[20.015251,50.00543],[20.015244,50.005434],[20.015096,50.005299]]]}},{"type":"Feature","id":"w154944124","properties":{"type":"warehouse","residential":false,"residents_est":0,"h3_10":"8a1e2e69c2f7fff","h3_11":"8b1e2e69c2f1fff"},"geometry":{"type":"Polygon","coordinates":[[[20.013841,50.004925],[20.014468,50.004648],[20.01468,50.004848],[20.014055,50.005126],[20.013841,50.004925]]]}},{"type":"Feature","id":"w154944125","properties":{"type":"apartments","levels":3.0,"address":"Aleksandry 27a","residential":true,"residents_est":9,"h3_10":"8a1e2e69c26ffff","h3_11":"8b1e2e69c26cfff"},"geometry":{"type":"Polygon","coordinates":[[[20.018823,50.008292],[20.018854,50.008249],[20.019046,50.008249],[20.019071,50.008274],[20.01908,50.00831],[20.019068,50.00834],[20.019034,50.008368],[20.018988,50.008385],[20.018935,50.008388],[20.018882,50.008376],[20.018849,50.008356],[20.018825,50.008324],[20.018823,50.008292]]]}},{"type":"Feature","id":"w154944127","properties":{"type":"residential","levels":4.0,"address":"Podłęska 9","residential":true,"residents_est":78,"h3_10":"8a1e2e69c357fff","h3_11":"8b1e2e69c355fff"},"geometry":{"type":"Polygon","coordinates":[[[20.013768,50.009185],[20.014112,50.009045],[20.014203,50.009138],[20.013988,50.009225],[20.01414,50.00938],[20.014355,50.009293],[20.014447,50.009387],[20.014231,50.009475],[20.014381,50.009627],[20.014596,50.00954],[20.014687,50.009633],[20.014345,50.009772],[20.014256,50.009681],[20.014232,50.009691],[20.014078,50.009534],[20.014103,50.009524],[20.014076,50.009497],[20.014093,50.00949],[20.014059,50.009455],[20.014042,50.009462],[20.014013,50.009432],[20.013987,50.009443],[20.013834,50.009286],[20.013858,50.009276],[20.013768,50.009185]]]}},{"type":"Feature","id":"w154944129","properties":{"type":"retail","levels":2.0,"address":"Kosocicka 7","name":"Salon Hoff Kraków","residential":false,"residents_est":0,"h3_10":"8a1e2e69c2effff","h3_11":"8b1e2e69c2ecfff"},"geometry":{"type":"Polygon","coordinates":[[[20.015771,50.005488],[20.016509,50.005134],[20.0167,50.005294],[20.01626,50.0055],[20.016381,50.00561],[20.016245,50.005672],[20.016181,50.005694],[20.016082,50.005699],[20.015998,50.005677],[20.015956,50.005653],[20.015771,50.005488]]]}},{"type":"Feature","id":"w154944133","properties":{"type":"yes","residential":true,"residents_est":17,"h3_10":"8a1e2e69c2f7fff","h3_11":"8b1e2e69c2f2fff"},"geometry":{"type":"Polygon","coordinates":[[[20.013007,50.004746],[20.013845,50.004357],[20.013915,50.004422],[20.013086,50.004816],[20.013007,50.004746]]]}},{"type":"Feature","id":"w154944136","properties":{"type":"residential","levels":4.0,"address":"Podłęska 12","residential":true,"residents_est":35,"h3_10":"8a1e2e69c357fff","h3_11":"8b1e2e69c354fff"},"geometry":{"type":"Polygon","coordinates":[[[20.013223,50.009507],[20.013332,50.009461],[20.013398,50.009442],[20.013468,50.009511],[20.013446,50.009519],[20.013486,50.009561],[20.013516,50.00955],[20.013541,50.009575],[20.013511,50.009586],[20.0136,50.009679],[20.013629,50.009667],[20.013652,50.009691],[20.013624,50.009702],[20.013709,50.009796],[20.013732,50.009787],[20.013753,50.009811],[20.013717,50.009825],[20.013739,50.009849],[20.0136,50.009907],[20.013223,50.009507]]]}},{"type":"Feature","id":"w154944139","properties":{"type":"residential","levels":4.0,"address":"Podłęska 14","residential":true,"residents_est":36,"h3_10":"8a1e2e69c357fff","h3_11":"8b1e2e69c356fff"},"geometry":{"type":"Polygon","coordinates":[[[20.012741,50.009004],[20.01292,50.008933],[20.012996,50.009013],[20.012973,50.009022],[20.013013,50.009064],[20.013037,50.009055],[20.013061,50.009081],[20.013039,50.00909],[20.01312,50.009174],[20.013142,50.009165],[20.013165,50.00919],[20.013146,50.009198],[20.013233,50.009291],[20.013254,50.009282],[20.013277,50.009306],[20.013243,50.00932],[20.013271,50.009348],[20.013123,50.009406],[20.012741,50.009004]]]}},{"type":"Feature","id":"w154944140","properties":{"type":"warehouse","residential":false,"residents_est":0,"h3_10":"8a1e2e69c2c7fff","h3_11":"8b1e2e69c2c4fff"},"geometry":{"type":"Polygon","coordinates":[[[20.014397,50.005081],[20.014706,50.004947],[20.015046,50.005271],[20.014736,50.005405],[20.014397,50.005081]]]}},{"type":"Feature","id":"w154944141","properties":{"type":"yes","residential":true,"residents_est":7,"h3_10":"8a1e2e69c2c7fff","h3_11":"8b1e2e69c2c4fff"},"geometry":{"type":"Polygon","coordinates":[[[20.014906,50.005136],[20.015156,50.005029],[20.015255,50.005124],[20.015005,50.005232],[20.014906,50.005136]]]}},{"type":"Feature","id":"w154944142","properties":{"type":"yes","residential":true,"residents_est":26,"h3_10":"8a1e2e69c2c7fff","h3_11":"8b1e2e69c2c5fff"},"geometry":{"type":"Polygon","coordinates":[[[20.015356,50.005205],[20.015935,50.004933],[20.016099,50.005077],[20.015519,50.00535],[20.015356,50.005205]]]}},{"type":"Feature","id":"w154944143","properties":{"type":"residential","levels":4.0,"address":"Aleksandry 20G","residential":true,"residents_est":25,"h3_10":"8a1e2e69c35ffff","h3_11":"8b1e2e69c358fff"},"geometry":{"type":"Polygon","coordinates":[[[20.015561,50.008569],[20.015684,50.008499],[20.015905,50.008663],[20.015903,50.00868],[20.016098,50.008696],[20.016078,50.0088],[20.015835,50.00878],[20.015839,50.008764],[20.015811,50.008741],[20.015802,50.008747],[20.015561,50.008569]]]}},{"type":"Feature","id":"w154944146","properties":{"type":"residential","levels":4.0,"address":"Aleksandry 20H","residential":true,"residents_est":11,"h3_10":"8a1e2e69c35ffff","h3_11":"8b1e2e69c35bfff"},"geometry":{"type":"Polygon","coordinates":[[[20.015794,50.008352],[20.015921,50.008285],[20.016008,50.008353],[20.016078,50.008357],[20.016051,50.008464],[20.015948,50.008453],[20.015951,50.008442],[20.015927,50.00844],[20.015893,50.008414],[20.015883,50.00842],[20.015794,50.008352]]]}},{"type":"Feature","id":"w154944149","properties":{"type":"residential","levels":4.0,"address":"Aleksandry 20F","residential":true,"residents_est":19,"h3_10":"8a1e2e69c35ffff","h3_11":"8b1e2e69c35dfff"},"geometry":{"type":"Polygon","coordinates":[[[20.015576,50.008967],[20.0157,50.008899],[20.01583,50.008995],[20.01583,50.009012],[20.016027,50.009029],[20.016005,50.009134],[20.015763,50.009112],[20.015766,50.009097],[20.015736,50.009076],[20.015728,50.009081],[20.015576,50.008967]]]}},{"type":"Feature","id":"w154944150","properties":{"type":"yes","residential":true,"residents_est":11,"h3_10":"8a1e2e69c2c7fff","h3_11":"8b1e2e69c2c0fff"},"geometry":{"type":"Polygon","coordinates":[[[20.0146,50.004596],[20.01465,50.00453],[20.01533,50.004745],[20.015285,50.004812],[20.0146,50.004596]]]}},{"type":"Feature","id":"w154944151","properties":{"type":"residential","levels":8.0,"address":"Podłęska 7","residential":true,"residents_est":34,"h3_10":"8a1e2e69c347fff","h3_11":"8b1e2e69c340fff"},"geometry":{"type":"Polygon","coordinates":[[[20.014947,50.009624],[20.015205,50.009622],[20.015204,50.00979],[20.01495,50.009792],[20.014947,50.009624]]]}},{"type":"Feature","id":"w160324051","properties":{"type":"industrial","residential":false,"residents_est":0,"h3_10":"8a1e2e69c28ffff","h3_11":"8b1e2e69c28efff"},"geometry":{"type":"Polygon","coordinates":[[[20.01104,50.004239],[20.011099,50.004129],[20.011216,50.004156],[20.011157,50.004265],[20.01104,50.004239]]]}},{"type":"Feature","id":"w160324055","properties":{"type":"yes","residential":true,"residents_est":25,"h3_10":"8a1e2e69c21ffff","h3_11":"8b1e2e69c219fff"},"geometry":{"type":"Polygon","coordinates":[[[20.013482,50.006025],[20.013873,50.005823],[20.013942,50.005774],[20.014146,50.005929],[20.013921,50.006079],[20.013808,50.006137],[20.013649,50.00617],[20.013545,50.006091],[20.01356,50.006083],[20.013482,50.006025]]]}},{"type":"Feature","id":"w160324068","properties":{"type":"yes","residential":true,"residents_est":1,"h3_10":"8a1e2e69c297fff","h3_11":"8b1e2e69c296fff"},"geometry":{"type":"Polygon","coordinates":[[[20.008091,50.003955],[20.00814,50.003889],[20.008243,50.003921],[20.008191,50.003985],[20.008091,50.003955]]]}},{"type":"Feature","id":"w160324070","properties":{"type":"detached","levels":1.0,"residential":true,"residents_est":1,"h3_10":"8a1e2e69c28ffff","h3_11":"8b1e2e69c28efff"},"geometry":{"type":"Polygon","coordinates":[[[20.011373,50.004398],[20.011422,50.004328],[20.011569,50.004372],[20.011519,50.004441],[20.011373,50.004398]]]}},{"type":"Feature","id":"w160324078","properties":{"type":"yes","residential":true,"residents_est":1,"h3_10":"8a1e2e69c297fff","h3_11":"8b1e2e69c295fff"},"geometry":{"type":"Polygon","coordinates":[[[20.008808,50.004295],[20.008881,50.004222],[20.008981,50.004262],[20.008908,50.004336],[20.008808,50.004295]]]}},{"type":"Feature","id":"w160324079","properties":{"type":"commercial","residential":false,"residents_est":0,"h3_10":"8a1e2e69c2affff","h3_11":"8b1e2e69c2abfff"},"geometry":{"type":"Polygon","coordinates":[[[20.01192,50.004919],[20.011936,50.004904],[20.01193,50.004901],[20.012017,50.004819],[20.012169,50.004884],[20.012181,50.004873],[20.012187,50.004876],[20.012019,50.00504],[20.011923,50.004999],[20.011978,50.004944],[20.01192,50.004919]]]}},{"type":"Feature","id":"w160324081","properties":{"type":"yes","residential":true,"residents_est":1,"h3_10":"8a1e2e69c287fff","h3_11":"8b1e2e69c281fff"},"geometry":{"type":"Polygon","coordinates":[[[20.010956,50.004635],[20.01103,50.004564],[20.011166,50.004623],[20.011092,50.004694],[20.010956,50.004635]]]}},{"type":"Feature","id":"w160324082","properties":{"type":"yes","residential":false,"residents_est":0,"h3_10":"8a1e2e69c20ffff","h3_11":"8b1e2e69c20afff"},"geometry":{"type":"Polygon","coordinates":[[[20.014221,50.006414],[20.014295,50.00638],[20.014342,50.006422],[20.014268,50.006456],[20.014221,50.006414]]]}},{"type":"Feature","id":"w160324086","properties":{"type":"yes","residential":true,"residents_est":2,"h3_10":"8a1e2e69c297fff","h3_11":"8b1e2e69c295fff"},"geometry":{"type":"Polygon","coordinates":[[[20.009105,50.004405],[20.00917,50.004336],[20.009278,50.004378],[20.009292,50.004363],[20.009371,50.004393],[20.009291,50.004479],[20.009105,50.004405]]]}},{"type":"Feature","id":"w160324097","properties":{"type":"yes","address":"Kaimska 11b","residential":true,"residents_est":1,"h3_10":"8a1e2e69c277fff","h3_11":"8b1e2e69c275fff"},"geometry":{"type":"Polygon","coordinates":[[[20.016175,50.008065],[20.016253,50.008028],[20.016389,50.008145],[20.01631,50.008184],[20.016175,50.008065]]]}},{"type":"Feature","id":"w160324101","properties":{"type":"yes","residential":true,"residents_est":1,"h3_10":"8a1e2e69c2b7fff","h3_11":"8b1e2e69c2b3fff"},"geometry":{"type":"Polygon","coordinates":[[[20.00879,50.004553],[20.008865,50.004479],[20.008991,50.004532],[20.008916,50.004607],[20.00879,50.004553]]]}},{"type":"Feature","id":"w160324103","properties":{"type":"yes","residential":true,"residents_est":1,"h3_10":"8a1e2e69c21ffff","h3_11":"8b1e2e69c21afff"},"geometry":{"type":"Polygon","coordinates":[[[20.012726,50.005661],[20.01276,50.005642],[20.012756,50.005639],[20.012843,50.005596],[20.012914,50.00565],[20.012797,50.005714],[20.012726,50.005661]]]}},{"type":"Feature","id":"w160324106","properties":{"type":"house","levels":2.0,"address":"Alberta Schweitzera 9a","residential":true,"residents_est":3,"h3_10":"8a1e2e69c2affff","h3_11":"8b1e2e69c2a8fff"},"geometry":{"type":"Polygon","coordinates":[[[20.011499,50.005432],[20.011693,50.005352],[20.011759,50.005419],[20.011565,50.005499],[20.011499,50.005432]]]}},{"type":"Feature","id":"w160324116","properties":{"type":"yes","residential":true,"residents_est":1,"h3_10":"8a1e2e69c2f7fff","h3_11":"8b1e2e69c2f4fff"},"geometry":{"type":"Polygon","coordinates":[[[20.013077,50.005444],[20.013171,50.005379],[20.01325,50.005427],[20.013156,50.005492],[20.013077,50.005444]]]}},{"type":"Feature","id":"w160324130","properties":{"type":"garage","address":"Podłęska 15","residential":false,"residents_est":0,"h3_10":"8a1e2e69c22ffff","h3_11":"8b1e2e69c22dfff"},"geometry":{"type":"Polygon","coordinates":[[[20.014494,50.008344],[20.014558,50.008309],[20.014919,50.008578],[20.014855,50.008613],[20.014494,50.008344]]]}},{"type":"Feature","id":"w160324137","properties":{"type":"yes","address":"Kaimska 11f","residential":true,"residents_est":1,"h3_10":"8a1e2e69c267fff","h3_11":"8b1e2e69c262fff"},"geometry":{"type":"Polygon","coordinates":[[[20.016862,50.007796],[20.016936,50.007754],[20.017032,50.007823],[20.016994,50.007845],[20.017007,50.007855],[20.01697,50.007876],[20.016862,50.007796]]]}},{"type":"Feature","id":"w160324142","properties":{"type":"yes","residential":true,"residents_est":3,"h3_10":"8a1e2e69c2b7fff","h3_11":"8b1e2e69c2b3fff"},"geometry":{"type":"Polygon","coordinates":[[[20.008595,50.004648],[20.008782,50.004548],[20.008913,50.004606],[20.008827,50.004652],[20.008839,50.004662],[20.008807,50.004679],[20.008795,50.00467],[20.008693,50.004725],[20.008595,50.004648]]]}},{"type":"Feature","id":"w160324153","properties":{"type":"detached","levels":2.0,"address":"Kaimska 25","residential":true,"residents_est":4,"h3_10":"8a1e2e69c24ffff","h3_11":"8b1e2e69c24efff"},"geometry":{"type":"Polygon","coordinates":[[[20.018382,50.006786],[20.018444,50.006717],[20.018434,50.006698],[20.018494,50.006685],[20.018508,50.00671],[20.018598,50.006743],[20.018568,50.006779],[20.018588,50.006787],[20.018533,50.006847],[20.018494,50.006851],[20.018486,50.006824],[20.018382,50.006786]]]}},{"type":"Feature","id":"w160324159","properties":{"type":"yes","address":"Mała Góra 91B","residential":true,"residents_est":1,"h3_10":"8a1e2e69c24ffff","h3_11":"8b1e2e69c24bfff"},"geometry":{"type":"Polygon","coordinates":[[[20.019752,50.006681],[20.019816,50.006609],[20.019946,50.006657],[20.019882,50.006729],[20.019752,50.006681]]]}},{"type":"Feature","id":"w160324165","properties":{"type":"yes","residential":false,"residents_est":0,"h3_10":"8a1e2e69c277fff","h3_11":"8b1e2e69c271fff"},"geometry":{"type":"Polygon","coordinates":[[[20.016947,50.00758],[20.017007,50.007555],[20.017057,50.007604],[20.016997,50.00763],[20.016947,50.00758]]]}},{"type":"Feature","id":"w160324170","properties":{"type":"yes","residential":true,"residents_est":1,"h3_10":"8a1e2e69c297fff","h3_11":"8b1e2e69c296fff"},"geometry":{"type":"Polygon","coordinates":[[[20.008258,50.004036],[20.008287,50.003976],[20.008416,50.004002],[20.008384,50.004068],[20.008283,50.004048],[20.008286,50.004042],[20.008258,50.004036]]]}},{"type":"Feature","id":"w160324172","properties":{"type":"detached","levels":1.0,"residential":true,"residents_est":2,"h3_10":"8a1e2e69c28ffff","h3_11":"8b1e2e69c288fff"},"geometry":{"type":"Polygon","coordinates":[[[20.011723,50.00444],[20.011787,50.004356],[20.011837,50.004373],[20.011844,50.004363],[20.011871,50.004358],[20.011899,50.004367],[20.011906,50.004383],[20.011899,50.004394],[20.011951,50.00441],[20.011887,50.004492],[20.011723,50.00444]]]}},{"type":"Feature","id":"w160324182","properties":{"type":"yes","residential":true,"residents_est":1,"h3_10":"8a1e2e69c287fff","h3_11":"8b1e2e69c281fff"},"geometry":{"type":"Polygon","coordinates":[[[20.011142,50.004717],[20.011205,50.004664],[20.011325,50.004725],[20.01126,50.004776],[20.011142,50.004717]]]}},{"type":"Feature","id":"w160324200","properties":{"type":"yes","residential":true,"residents_est":1,"h3_10":"8a1e2e69c2affff","h3_11":"8b1e2e69c2aafff"},"geometry":{"type":"Polygon","coordinates":[[[20.010984,50.004848],[20.011044,50.00481],[20.011132,50.004867],[20.01107,50.004905],[20.010984,50.004848]]]}},{"type":"Feature","id":"w160324207","properties":{"type":"detached","levels":1.0,"address":"Kaimska 9a","residential":true,"residents_est":2,"h3_10":"8a1e2e69c277fff","h3_11":"8b1e2e69c274fff"},"geometry":{"type":"Polygon","coordinates":[[[20.015572,50.008075],[20.0157,50.008008],[20.01583,50.008112],[20.015854,50.0081],[20.015871,50.008113],[20.015829,50.008141],[20.015808,50.00813],[20.01576,50.008154],[20.015708,50.008114],[20.015654,50.008143],[20.015572,50.008075]]]}},{"type":"Feature","id":"w160324213","properties":{"type":"detached","levels":1.0,"address":"Kaimska 23","residential":true,"residents_est":1,"h3_10":"8a1e2e69c247fff","h3_11":"8b1e2e69c243fff"},"geometry":{"type":"Polygon","coordinates":[[[20.017988,50.006944],[20.018066,50.006877],[20.018211,50.006948],[20.018133,50.007015],[20.017988,50.006944]]]}},{"type":"Feature","id":"w160324216","properties":{"type":"detached","levels":1.0,"residential":true,"residents_est":1,"h3_10":"8a1e2e69c2f7fff","h3_11":"8b1e2e69c2f6fff"},"geometry":{"type":"Polygon","coordinates":[[[20.012593,50.005107],[20.012646,50.005046],[20.012795,50.005097],[20.012742,50.005157],[20.012593,50.005107]]]}},{"type":"Feature","id":"w160324218","properties":{"type":"detached","levels":2.0,"address":"Kosocicka 22b","residential":true,"residents_est":3,"h3_10":"8a1e2e69c2affff","h3_11":"8b1e2e69c2a8fff"},"geometry":{"type":"Polygon","coordinates":[[[20.011552,50.005583],[20.011691,50.005533],[20.011756,50.005608],[20.011618,50.005658],[20.011552,50.005583]]]}},{"type":"Feature","id":"w160324228","properties":{"type":"detached","residential":true,"residents_est":3,"h3_10":"8a1e2e69c2f7fff","h3_11":"8b1e2e69c2f5fff"},"geometry":{"type":"Polygon","coordinates":[[[20.013451,50.005508],[20.013533,50.005433],[20.013689,50.005503],[20.01364,50.005548],[20.013604,50.005532],[20.01357,50.005563],[20.013451,50.005508]]]}},{"type":"Feature","id":"w160324247","properties":{"type":"house","levels":1.0,"address":"Kaimska 13","residential":true,"residents_est":1,"h3_10":"8a1e2e69c277fff","h3_11":"8b1e2e69c275fff"},"geometry":{"type":"Polygon","coordinates":[[[20.016481,50.007837],[20.016578,50.007779],[20.016641,50.007823],[20.016544,50.007881],[20.016481,50.007837]]]}},{"type":"Feature","id":"w160324256","properties":{"type":"yes","address":"Kaimska 21B","residential":true,"residents_est":7,"h3_10":"8a1e2e69c247fff","h3_11":"8b1e2e69c241fff"},"geometry":{"type":"Polygon","coordinates":[[[20.018223,50.007347],[20.018288,50.007246],[20.018572,50.007322],[20.018507,50.007423],[20.018223,50.007347]]]}},{"type":"Feature","id":"w160324266","properties":{"type":"detached","address":"Mała Góra 32","residential":true,"residents_est":3,"h3_10":"8a1e2e69c24ffff","h3_11":"8b1e2e69c24efff"},"geometry":{"type":"Polygon","coordinates":[[[20.018972,50.006943],[20.019054,50.006847],[20.019192,50.006895],[20.019108,50.006991],[20.018972,50.006943]]]}},{"type":"Feature","id":"w160324269","properties":{"type":"yes","residential":false,"residents_est":0,"h3_10":"8a1e2e69c247fff","h3_11":"8b1e2e69c244fff"},"geometry":{"type":"Polygon","coordinates":[[[20.017122,50.007505],[20.017186,50.007476],[20.01724,50.007526],[20.017176,50.007555],[20.017122,50.007505]]]}},{"type":"Feature","id":"w160324277","properties":{"type":"yes","residential":true,"residents_est":1,"h3_10":"8a1e2e69c297fff","h3_11":"8b1e2e69c296fff"},"geometry":{"type":"Polygon","coordinates":[[[20.007766,50.003858],[20.007814,50.003782],[20.007937,50.003813],[20.007888,50.003885],[20.007766,50.003858]]]}},{"type":"Feature","id":"w160324288","properties":{"type":"yes","residential":true,"residents_est":0,"h3_10":"8a1e2e69c28ffff","h3_11":"8b1e2e69c288fff"},"geometry":{"type":"Polygon","coordinates":[[[20.011592,50.004288],[20.011623,50.004237],[20.011714,50.00426],[20.011684,50.004311],[20.011592,50.004288]]]}},{"type":"Feature","id":"w160324303","properties":{"type":"apartments","levels":2.0,"address":"Mała Góra 30","residential":true,"residents_est":2,"h3_10":"8a1e2e69c24ffff","h3_11":"8b1e2e69c248fff"},"geometry":{"type":"Polygon","coordinates":[[[20.019277,50.00701],[20.019313,50.006942],[20.019469,50.006977],[20.019432,50.007045],[20.019277,50.00701]]]}},{"type":"Feature","id":"w160324333","properties":{"type":"yes","residential":true,"residents_est":1,"h3_10":"8a1e2e69c287fff","h3_11":"8b1e2e69c282fff"},"geometry":{"type":"Polygon","coordinates":[[[20.009788,50.004505],[20.009817,50.004425],[20.009955,50.004446],[20.009926,50.004526],[20.009788,50.004505]]]}},{"type":"Feature","id":"w160324336","properties":{"type":"yes","residential":true,"residents_est":1,"h3_10":"8a1e2e69c287fff","h3_11":"8b1e2e69c281fff"},"geometry":{"type":"Polygon","coordinates":[[[20.010818,50.004656],[20.010845,50.004639],[20.010828,50.004631],[20.01092,50.004544],[20.011019,50.004574],[20.010956,50.004635],[20.010877,50.00469],[20.010818,50.004656]]]}},{"type":"Feature","id":"w160324346","properties":{"type":"garage","residential":false,"residents_est":0,"h3_10":"8a1e2e69c35ffff","h3_11":"8b1e2e69c35afff"},"geometry":{"type":"Polygon","coordinates":[[[20.015508,50.008322],[20.01564,50.008252],[20.015703,50.008302],[20.01557,50.008371],[20.015508,50.008322]]]}},{"type":"Feature","id":"w160324356","properties":{"type":"yes","address":"Kosocicka 42a","residential":true,"residents_est":1,"h3_10":"8a1e2e69c297fff","h3_11":"8b1e2e69c294fff"},"geometry":{"type":"Polygon","coordinates":[[[20.008416,50.004303],[20.008523,50.004238],[20.008616,50.004301],[20.008508,50.004367],[20.008416,50.004303]]]}},{"type":"Feature","id":"w160324366","properties":{"type":"house","levels":3.0,"address":"Kosocicka 24a","residential":true,"residents_est":4,"h3_10":"8a1e2e69c2affff","h3_11":"8b1e2e69c2a8fff"},"geometry":{"type":"Polygon","coordinates":[[[20.011284,50.005318],[20.011347,50.005238],[20.011486,50.005284],[20.011423,50.005363],[20.011284,50.005318]]]}},{"type":"Feature","id":"w160324370","properties":{"type":"yes","residential":true,"residents_est":1,"h3_10":"8a1e2e69c2e7fff","h3_11":"8b1e2e69c2e6fff"},"geometry":{"type":"Polygon","coordinates":[[[20.013769,50.005689],[20.013825,50.005637],[20.013949,50.005691],[20.013894,50.005744],[20.013769,50.005689]]]}},{"type":"Feature","id":"w160324373","properties":{"type":"yes","address":"Kaimska 5","residential":true,"residents_est":1,"h3_10":"8a1e2e69c35ffff","h3_11":"8b1e2e69c35afff"},"geometry":{"type":"Polygon","coordinates":[[[20.01526,50.008253],[20.015334,50.008216],[20.015419,50.008287],[20.015403,50.008294],[20.015437,50.008323],[20.015407,50.008338],[20.015357,50.008296],[20.015329,50.00831],[20.01526,50.008253]]]}},{"type":"Feature","id":"w160324377","properties":{"type":"house","levels":2.0,"address":"Kaimska 13a","residential":true,"residents_est":4,"h3_10":"8a1e2e69c277fff","h3_11":"8b1e2e69c275fff"},"geometry":{"type":"Polygon","coordinates":[[[20.016106,50.007732],[20.016184,50.007692],[20.016368,50.007833],[20.016279,50.007878],[20.016106,50.007732]]]}},{"type":"Feature","id":"w160324379","properties":{"type":"yes","residential":true,"residents_est":1,"h3_10":"8a1e2e69c2f7fff","h3_11":"8b1e2e69c2f4fff"},"geometry":{"type":"Polygon","coordinates":[[[20.013255,50.005296],[20.013314,50.005237],[20.013454,50.005295],[20.013395,50.005354],[20.013255,50.005296]]]}},{"type":"Feature","id":"w160324393","properties":{"type":"yes","address":"Aleksandry 34","residential":true,"residents_est":1,"h3_10":"8a1e2e69c26ffff","h3_11":"8b1e2e69c26afff"},"geometry":{"type":"Polygon","coordinates":[[[20.018663,50.007564],[20.018679,50.007515],[20.018887,50.007543],[20.018898,50.007558],[20.01888,50.007567],[20.018869,50.0076],[20.018777,50.007588],[20.018779,50.00758],[20.018663,50.007564]]]}},{"type":"Feature","id":"w160324402","properties":{"type":"yes","residential":false,"residents_est":0,"h3_10":"8a1e2e69c247fff","h3_11":"8b1e2e69c244fff"},"geometry":{"type":"Polygon","coordinates":[[[20.017334,50.007386],[20.017398,50.007349],[20.017455,50.007391],[20.017393,50.007426],[20.017334,50.007386]]]}},{"type":"Feature","id":"w160324413","properties":{"type":"yes","address":"Kosocicka 21a","residential":true,"residents_est":1,"h3_10":"8a1e2e69c28ffff","h3_11":"8b1e2e69c28efff"},"geometry":{"type":"Polygon","coordinates":[[[20.011291,50.004247],[20.011345,50.00417],[20.011456,50.004203],[20.011418,50.004256],[20.011459,50.004268],[20.011442,50.004291],[20.011291,50.004247]]]}},{"type":"Feature","id":"w160324419","properties":{"type":"yes","address":"Aleksandry 36","residential":true,"residents_est":1,"h3_10":"8a1e2e69c24ffff","h3_11":"8b1e2e69c24cfff"},"geometry":{"type":"Polygon","coordinates":[[[20.01917,50.007303],[20.019218,50.007156],[20.019302,50.007167],[20.01926,50.007295],[20.019223,50.00729],[20.019217,50.007309],[20.01917,50.007303]]]}},{"type":"Feature","id":"w160324423","properties":{"type":"detached","residential":true,"residents_est":3,"h3_10":"8a1e2e69c24ffff","h3_11":"8b1e2e69c24afff"},"geometry":{"type":"Polygon","coordinates":[[[20.019256,50.006501],[20.019324,50.006424],[20.01946,50.006475],[20.01939,50.00655],[20.019256,50.006501]]]}},{"type":"Feature","id":"w160324431","properties":{"type":"yes","residential":true,"residents_est":1,"h3_10":"8a1e2e69c297fff","h3_11":"8b1e2e69c290fff"},"geometry":{"type":"Polygon","coordinates":[[[20.008736,50.004143],[20.008837,50.004035],[20.008866,50.004046],[20.008855,50.004058],[20.008906,50.004078],[20.008869,50.004116],[20.008855,50.004112],[20.008802,50.004169],[20.008736,50.004143]]]}},{"type":"Feature","id":"w160324433","properties":{"type":"detached","levels":1.0,"residential":true,"residents_est":2,"h3_10":"8a1e2e69c287fff","h3_11":"8b1e2e69c281fff"},"geometry":{"type":"Polygon","coordinates":[[[20.010832,50.004517],[20.010888,50.004443],[20.010955,50.004462],[20.01096,50.004455],[20.011005,50.004469],[20.011001,50.004476],[20.011068,50.004495],[20.011011,50.004571],[20.010832,50.004517]]]}},{"type":"Feature","id":"w160324437","properties":{"type":"yes","residential":true,"residents_est":2,"h3_10":"8a1e2e69c2e7fff","h3_11":"8b1e2e69c2e6fff"},"geometry":{"type":"Polygon","coordinates":[[[20.014392,50.005765],[20.014448,50.005683],[20.014608,50.005728],[20.014557,50.005801],[20.014509,50.005788],[20.014504,50.005796],[20.014471,50.005787],[20.014464,50.005797],[20.014422,50.005785],[20.014429,50.005775],[20.014392,50.005765]]]}},{"type":"Feature","id":"w160324441","properties":{"type":"yes","residential":true,"residents_est":2,"h3_10":"8a1e2e69c2affff","h3_11":"8b1e2e69c2abfff"},"geometry":{"type":"Polygon","coordinates":[[[20.012047,50.005143],[20.012201,50.005044],[20.0123,50.005108],[20.012201,50.005173],[20.012186,50.005163],[20.012132,50.005198],[20.012047,50.005143]]]}},{"type":"Feature","id":"w160324444","properties":{"type":"yes","residential":false,"residents_est":0,"h3_10":"8a1e2e69c297fff","h3_11":"8b1e2e69c294fff"},"geometry":{"type":"Polygon","coordinates":[[[20.008642,50.004348],[20.008713,50.004303],[20.008752,50.004328],[20.008681,50.004373],[20.008642,50.004348]]]}},{"type":"Feature","id":"w160324447","properties":{"type":"yes","residential":true,"residents_est":1,"h3_10":"8a1e2e69c28ffff","h3_11":"8b1e2e69c28cfff"},"geometry":{"type":"Polygon","coordinates":[[[20.011546,50.00478],[20.011604,50.00471],[20.011763,50.004765],[20.011705,50.004835],[20.011546,50.00478]]]}},{"type":"Feature","id":"w160324488","properties":{"type":"detached","levels":2.0,"address":"Kaimska 11a","residential":true,"residents_est":1,"h3_10":"8a1e2e69c277fff","h3_11":"8b1e2e69c275fff"},"geometry":{"type":"Polygon","coordinates":[[[20.015954,50.007899],[20.016029,50.007866],[20.016082,50.00791],[20.016012,50.007948],[20.015954,50.007899]]]}},{"type":"Feature","id":"w160324497","properties":{"type":"yes","residential":true,"residents_est":1,"h3_10":"8a1e2e69c2f7fff","h3_11":"8b1e2e69c2f4fff"},"geometry":{"type":"Polygon","coordinates":[[[20.012797,50.005415],[20.01292,50.005339],[20.013,50.005392],[20.012877,50.005468],[20.012797,50.005415]]]}},{"type":"Feature","id":"w160324514","properties":{"type":"house","levels":2.0,"address":"Kaimska 19c","residential":true,"residents_est":2,"h3_10":"8a1e2e69c247fff","h3_11":"8b1e2e69c245fff"},"geometry":{"type":"Polygon","coordinates":[[[20.018293,50.007695],[20.018315,50.007612],[20.018366,50.007617],[20.018369,50.007604],[20.018446,50.007612],[20.018431,50.007671],[20.018412,50.007669],[20.018402,50.007706],[20.018293,50.007695]]]}},{"type":"Feature","id":"w160324526","properties":{"type":"yes","address":"Kaimska 3","residential":true,"residents_est":1,"h3_10":"8a1e2e69c35ffff","h3_11":"8b1e2e69c35afff"},"geometry":{"type":"Polygon","coordinates":[[[20.015263,50.008446],[20.015293,50.008429],[20.015274,50.008416],[20.015296,50.008403],[20.01527,50.008385],[20.015343,50.008342],[20.015459,50.008424],[20.015335,50.008497],[20.015263,50.008446]]]}},{"type":"Feature","id":"w160324546","properties":{"type":"detached","levels":1.0,"address":"Kaimska 19","residential":true,"residents_est":2,"h3_10":"8a1e2e69c247fff","h3_11":"8b1e2e69c240fff"},"geometry":{"type":"Polygon","coordinates":[[[20.017303,50.007179],[20.017402,50.007123],[20.01757,50.00725],[20.017472,50.007302],[20.017303,50.007179]]]}},{"type":"Feature","id":"w160324587","properties":{"type":"yes","address":"Aleksandry 38","residential":true,"residents_est":2,"h3_10":"8a1e2e69c24ffff","h3_11":"8b1e2e69c24dfff"},"geometry":{"type":"Polygon","coordinates":[[[20.019506,50.007249],[20.019568,50.007165],[20.019656,50.007192],[20.019642,50.007211],[20.019726,50.007236],[20.019674,50.007308],[20.019581,50.00728],[20.019586,50.007273],[20.019506,50.007249]]]}},{"type":"Feature","id":"w160324603","properties":{"type":"yes","address":"Alberta Schweitzera 15a","residential":true,"residents_est":2,"h3_10":"8a1e2e69c287fff","h3_11":"8b1e2e69c286fff"},"geometry":{"type":"Polygon","coordinates":[[[20.009406,50.004723],[20.009529,50.004664],[20.009613,50.004734],[20.009552,50.004763],[20.009572,50.00478],[20.009508,50.004811],[20.009406,50.004723]]]}},{"type":"Feature","id":"w160324608","properties":{"type":"yes","residential":true,"residents_est":2,"h3_10":"8a1e2e69c2e7fff","h3_11":"8b1e2e69c2e6fff"},"geometry":{"type":"Polygon","coordinates":[[[20.01423,50.00571],[20.014281,50.005636],[20.014448,50.005683],[20.014392,50.005765],[20.01435,50.005753],[20.01434,50.005767],[20.014309,50.005758],[20.014318,50.005744],[20.014277,50.005733],[20.014282,50.005725],[20.01423,50.00571]]]}},{"type":"Feature","id":"w160324612","properties":{"type":"yes","address":"Kaimska 21A","residential":true,"residents_est":2,"h3_10":"8a1e2e69c247fff","h3_11":"8b1e2e69c240fff"},"geometry":{"type":"Polygon","coordinates":[[[20.017933,50.007204],[20.017982,50.007129],[20.018048,50.007148],[20.01804,50.007161],[20.018086,50.007173],[20.018078,50.007184],[20.018151,50.007204],[20.018159,50.007192],[20.018165,50.007193],[20.018115,50.007268],[20.018053,50.007312],[20.018056,50.007298],[20.017958,50.007276],[20.018003,50.00721],[20.017945,50.007194],[20.017933,50.007204]]]}},{"type":"Feature","id":"w160324627","properties":{"type":"yes","address":"Kaimska 23a","residential":true,"residents_est":2,"h3_10":"8a1e2e69c247fff","h3_11":"8b1e2e69c241fff"},"geometry":{"type":"Polygon","coordinates":[[[20.018171,50.007102],[20.018219,50.00703],[20.018262,50.007042],[20.018294,50.006992],[20.018406,50.007022],[20.018376,50.00707],[20.018362,50.00707],[20.018353,50.007084],[20.018443,50.007108],[20.018406,50.007165],[20.018171,50.007102]]]}},{"type":"Feature","id":"w160324636","properties":{"type":"yes","residential":true,"residents_est":1,"h3_10":"8a1e2e69c287fff","h3_11":"8b1e2e69c280fff"},"geometry":{"type":"Polygon","coordinates":[[[20.010306,50.004511],[20.010363,50.004409],[20.010493,50.004439],[20.010449,50.004518],[20.010404,50.004508],[20.010392,50.004531],[20.010306,50.004511]]]}},{"type":"Feature","id":"w160324640","properties":{"type":"detached","residential":true,"residents_est":5,"h3_10":"8a1e2e69c247fff","h3_11":"8b1e2e69c246fff"},"geometry":{"type":"Polygon","coordinates":[[[20.016853,50.007433],[20.017103,50.007299],[20.017179,50.007361],[20.016955,50.007478],[20.016919,50.007451],[20.016894,50.007464],[20.016853,50.007433]]]}},{"type":"Feature","id":"w160324649","properties":{"type":"yes","residential":true,"residents_est":2,"h3_10":"8a1e2e69c2e7fff","h3_11":"8b1e2e69c2e5fff"},"geometry":{"type":"Polygon","coordinates":[[[20.014925,50.006114],[20.014941,50.006023],[20.015186,50.006041],[20.015167,50.006132],[20.014925,50.006114]]]}},{"type":"Feature","id":"w163268920","properties":{"type":"residential","levels":4.0,"address":"Podłęska 17B","residential":true,"residents_est":26,"h3_10":"8a1e2e69c357fff","h3_11":"8b1e2e69c353fff"},"geometry":{"type":"Polygon","coordinates":[[[20.013655,50.008598],[20.014158,50.008405],[20.014269,50.00849],[20.013742,50.008692],[20.013655,50.008598]]]}},{"type":"Feature","id":"w163268921","properties":{"type":"residential","levels":7.0,"address":"Podłęska 17C","residential":true,"residents_est":41,"h3_10":"8a1e2e69c357fff","h3_11":"8b1e2e69c353fff"},"geometry":{"type":"Polygon","coordinates":[[[20.014182,50.008424],[20.014311,50.008352],[20.014662,50.008615],[20.014533,50.008687],[20.014182,50.008424]]]}},{"type":"Feature","id":"w163268922","properties":{"type":"residential","levels":4.0,"address":"Podłęska 17D","residential":true,"residents_est":15,"h3_10":"8a1e2e69c357fff","h3_11":"8b1e2e69c353fff"},"geometry":{"type":"Polygon","coordinates":[[[20.01417,50.008727],[20.014444,50.00862],[20.014557,50.008706],[20.014254,50.008822],[20.01417,50.008727]]]}},{"type":"Feature","id":"w163268923","properties":{"type":"residential","levels":4.0,"address":"Podłęska 11A","residential":true,"residents_est":19,"h3_10":"8a1e2e69c347fff","h3_11":"8b1e2e69c342fff"},"geometry":{"type":"Polygon","coordinates":[[[20.014934,50.009411],[20.015291,50.009273],[20.015401,50.009359],[20.015021,50.009506],[20.014934,50.009411]]]}},{"type":"Feature","id":"w163268924","properties":{"type":"residential","levels":4.0,"address":"Podłęska 11C","residential":true,"residents_est":19,"h3_10":"8a1e2e69c357fff","h3_11":"8b1e2e69c351fff"},"geometry":{"type":"Polygon","coordinates":[[[20.014628,50.009188],[20.014989,50.00905],[20.015104,50.009136],[20.014717,50.009283],[20.014628,50.009188]]]}},{"type":"Feature","id":"w163268925","properties":{"type":"residential","levels":4.0,"address":"Podłęska 11D","residential":true,"residents_est":19,"h3_10":"8a1e2e69c357fff","h3_11":"8b1e2e69c351fff"},"geometry":{"type":"Polygon","coordinates":[[[20.014328,50.008966],[20.014687,50.008828],[20.014805,50.008913],[20.014414,50.009061],[20.014328,50.008966]]]}},{"type":"Feature","id":"w180801529","properties":{"type":"garages","residential":false,"residents_est":0,"h3_10":"8a1e2e69c32ffff","h3_11":"8b1e2e69c32dfff"},"geometry":{"type":"Polygon","coordinates":[[[20.01187,50.010454],[20.011942,50.010422],[20.012213,50.010662],[20.012182,50.010677],[20.012477,50.010945],[20.012409,50.010977],[20.012113,50.010709],[20.012143,50.010695],[20.01187,50.010454]]]}},{"type":"Feature","id":"w180818993","properties":{"type":"apartments","address":"Kosocicka 38a","residential":true,"residents_est":8,"h3_10":"8a1e2e69c2b7fff","h3_11":"8b1e2e69c2b3fff"},"geometry":{"type":"Polygon","coordinates":[[[20.008428,50.004728],[20.008508,50.004686],[20.008517,50.004693],[20.008596,50.00465],[20.008658,50.004698],[20.008578,50.004741],[20.0086,50.004759],[20.00852,50.004801],[20.008428,50.004728]]]}},{"type":"Feature","id":"w187287044","properties":{"type":"yes","address":"Kosocicka 36a","residential":true,"residents_est":1,"h3_10":"8a1e2e69c287fff","h3_11":"8b1e2e69c282fff"},"geometry":{"type":"Polygon","coordinates":[[[20.009552,50.004432],[20.009593,50.004354],[20.009715,50.00438],[20.009674,50.004458],[20.009552,50.004432]]]}},{"type":"Feature","id":"w203425673","properties":{"type":"church","address":"Księdza Prymasa Stefana Wyszyńskiego 6","name":"Kościół pw. Nawiedzenia Najświętszej Maryi Panny","residential":false,"residents_est":0,"h3_10":"8a1e2e69c387fff","h3_11":"8b1e2e69c386fff"},"geometry":{"type":"Polygon","coordinates":[[[20.0069,50.007092],[20.00697,50.007092],[20.007355,50.007112],[20.007389,50.007157],[20.007119,50.007411],[20.007141,50.007386],[20.007052,50.007264],[20.00703,50.007259],[20.007008,50.007228],[20.007034,50.007179],[20.007018,50.007157],[20.007009,50.00716],[20.007005,50.007155],[20.007014,50.007152],[20.006972,50.007095],[20.0069,50.007092]]]}},{"type":"Feature","id":"w203425674","properties":{"type":"presbytery","address":"Księdza Prymasa Stefana Wyszyńskiego 6","name":"Plebania","residential":false,"residents_est":0,"h3_10":"8a1e2e69c3b7fff","h3_11":"8b1e2e69c3b1fff"},"geometry":{"type":"Polygon","coordinates":[[[20.006593,50.007403],[20.006606,50.007373],[20.006597,50.007357],[20.006628,50.007347],[20.006603,50.00731],[20.006693,50.00715],[20.006777,50.007169],[20.006715,50.007294],[20.006771,50.007368],[20.006953,50.007411],[20.006926,50.007464],[20.00667,50.007406],[20.006667,50.007401],[20.006645,50.007405],[20.006642,50.007412],[20.006593,50.007403]]]}},{"type":"Feature","id":"w215008610","properties":{"type":"garage","address":"Wielicka 232","residential":false,"residents_est":0,"h3_10":"8a1e2e69c22ffff","h3_11":"8b1e2e69c22dfff"},"geometry":{"type":"Polygon","coordinates":[[[20.014327,50.008209],[20.0144,50.008181],[20.014437,50.008222],[20.014364,50.008249],[20.014327,50.008209]]]}},{"type":"Feature","id":"w215008615","properties":{"type":"residential","levels":1.0,"address":"Wielicka 271","residential":true,"residents_est":1,"h3_10":"8a1e2e69c227fff","h3_11":"8b1e2e69c226fff"},"geometry":{"type":"Polygon","coordinates":[[[20.011666,50.00837],[20.011707,50.008354],[20.011718,50.008366],[20.011795,50.008337],[20.011856,50.008403],[20.011733,50.008451],[20.011672,50.008385],[20.011678,50.008382],[20.011666,50.00837]]]}},{"type":"Feature","id":"w215008624","properties":{"type":"garages","residential":false,"residents_est":0,"h3_10":"8a1e2e69c22ffff","h3_11":"8b1e2e69c22cfff"},"geometry":{"type":"Polygon","coordinates":[[[20.013349,50.008595],[20.014274,50.008233],[20.014318,50.00828],[20.013394,50.008642],[20.013349,50.008595]]]}},{"type":"Feature","id":"w218798531","properties":{"type":"office","levels":3.0,"address":"Alberta Schweitzera 7","residential":false,"residents_est":0,"h3_10":"8a1e2e69c2affff","h3_11":"8b1e2e69c2adfff"},"geometry":{"type":"Polygon","coordinates":[[[20.011658,50.005804],[20.01206,50.005639],[20.012121,50.005701],[20.011913,50.005792],[20.011738,50.005851],[20.011677,50.00582],[20.011658,50.005804]]]}},{"type":"Feature","id":"w218799062","properties":{"type":"retail","levels":2.0,"address":"Alberta Schweitzera 15","residential":false,"residents_est":0,"h3_10":"8a1e2e69c2b7fff","h3_11":"8b1e2e69c2b1fff"},"geometry":{"type":"Polygon","coordinates":[[[20.00906,50.004988],[20.009081,50.004897],[20.009228,50.004911],[20.009207,50.005002],[20.00906,50.004988]]]}},{"type":"Feature","id":"w218799063","properties":{"type":"retail","levels":1.0,"address":"Alberta Schweitzera 11","residential":false,"residents_est":0,"h3_10":"8a1e2e69c2b7fff","h3_11":"8b1e2e69c2b1fff"},"geometry":{"type":"Polygon","coordinates":[[[20.009344,50.005015],[20.009366,50.004924],[20.009494,50.004936],[20.009472,50.005027],[20.009344,50.005015]]]}},{"type":"Feature","id":"w218799064","properties":{"type":"retail","levels":1.0,"address":"Alberta Schweitzera 13","residential":false,"residents_est":0,"h3_10":"8a1e2e69c2b7fff","h3_11":"8b1e2e69c2b1fff"},"geometry":{"type":"Polygon","coordinates":[[[20.009207,50.005002],[20.009228,50.004911],[20.009366,50.004924],[20.009344,50.005015],[20.009207,50.005002]]]}},{"type":"Feature","id":"w340533544","properties":{"type":"yes","residential":false,"residents_est":0,"h3_10":"8a1e2e69c24ffff","h3_11":"8b1e2e69c24bfff"},"geometry":{"type":"Polygon","coordinates":[[[20.019598,50.006617],[20.019617,50.006592],[20.019679,50.006611],[20.01966,50.006637],[20.019598,50.006617]]]}},{"type":"Feature","id":"w340533638","properties":{"type":"yes","residential":false,"residents_est":0,"h3_10":"8a1e2e69c24ffff","h3_11":"8b1e2e69c249fff"},"geometry":{"type":"Polygon","coordinates":[[[20.020027,50.006706],[20.020057,50.006664],[20.020104,50.006678],[20.020074,50.00672],[20.020027,50.006706]]]}},{"type":"Feature","id":"w370682714","properties":{"type":"yes","name":"Orlen","residential":false,"residents_est":0,"h3_10":"8a1e2e69c327fff","h3_11":"8b1e2e69c322fff"},"geometry":{"type":"Polygon","coordinates":[[[20.009871,50.010405],[20.00994,50.010375],[20.010118,50.010544],[20.010049,50.010574],[20.009871,50.010405]]]}},{"type":"Feature","id":"w370682715","properties":{"type":"retail","levels":1.0,"address":"Erazma Jerzmanowskiego 39","residential":false,"residents_est":0,"h3_10":"8a1e2e69c327fff","h3_11":"8b1e2e69c320fff"},"geometry":{"type":"Polygon","coordinates":[[[20.009757,50.010726],[20.009843,50.010689],[20.009839,50.010684],[20.00988,50.010666],[20.009885,50.01067],[20.009989,50.010625],[20.010078,50.010709],[20.00999,50.010748],[20.010019,50.010775],[20.009875,50.010838],[20.009757,50.010726]]]}},{"type":"Feature","id":"w370682716","properties":{"type":"roof","name":"Orlen","residential":false,"residents_est":0,"h3_10":"8a1e2e69c327fff","h3_11":"8b1e2e69c322fff"},"geometry":{"type":"Polygon","coordinates":[[[20.009436,50.010632],[20.009782,50.010481],[20.009867,50.010561],[20.009521,50.010713],[20.009436,50.010632]]]}},{"type":"Feature","id":"w370683511","properties":{"type":"yes","address":"Erazma Jerzmanowskiego 33a","residential":true,"residents_est":6,"h3_10":"8a1e2e69c32ffff","h3_11":"8b1e2e69c32cfff"},"geometry":{"type":"Polygon","coordinates":[[[20.011005,50.011038],[20.011077,50.011003],[20.011029,50.010965],[20.011263,50.010859],[20.011353,50.010945],[20.011182,50.011026],[20.011158,50.011004],[20.0111,50.01103],[20.011123,50.011052],[20.011053,50.011081],[20.011005,50.011038]]]}},{"type":"Feature","id":"w370683512","properties":{"type":"yes","address":"Erazma Jerzmanowskiego 33b","residential":true,"residents_est":2,"h3_10":"8a1e2e69c32ffff","h3_11":"8b1e2e69c32cfff"},"geometry":{"type":"Polygon","coordinates":[[[20.011263,50.010859],[20.011364,50.010813],[20.011526,50.01096],[20.011423,50.011008],[20.011263,50.010859]]]}},{"type":"Feature","id":"w370683513","properties":{"type":"yes","address":"Erazma Jerzmanowskiego 33c","residential":true,"residents_est":10,"h3_10":"8a1e2e69c32ffff","h3_11":"8b1e2e69c32cfff"},"geometry":{"type":"Polygon","coordinates":[[[20.01127,50.010728],[20.011411,50.010663],[20.011665,50.010896],[20.011526,50.01096],[20.01127,50.010728]]]}},{"type":"Feature","id":"w370683514","properties":{"type":"yes","address":"Erazma Jerzmanowskiego 33d","name":"Jawor","residential":true,"residents_est":2,"h3_10":"8a1e2e69c32ffff","h3_11":"8b1e2e69c32cfff"},"geometry":{"type":"Polygon","coordinates":[[[20.011505,50.010749],[20.011633,50.010693],[20.011728,50.01078],[20.0116,50.010838],[20.011505,50.010749]]]}},{"type":"Feature","id":"w377444351","properties":{"type":"garage","levels":1.0,"residential":false,"residents_est":0,"h3_10":"8a1e2e69c21ffff","h3_11":"8b1e2e69c21afff"},"geometry":{"type":"Polygon","coordinates":[[[20.012779,50.005921],[20.012813,50.005906],[20.012861,50.005951],[20.012827,50.005966],[20.012779,50.005921]]]}},{"type":"Feature","id":"w377444352","properties":{"type":"garage","levels":1.0,"residential":false,"residents_est":0,"h3_10":"8a1e2e69c21ffff","h3_11":"8b1e2e69c21afff"},"geometry":{"type":"Polygon","coordinates":[[[20.012676,50.005886],[20.012692,50.005845],[20.012718,50.005834],[20.012742,50.005838],[20.012721,50.005894],[20.012676,50.005886]]]}},{"type":"Feature","id":"w377444353","properties":{"type":"yes","residential":true,"residents_est":2,"h3_10":"8a1e2e69c21ffff","h3_11":"8b1e2e69c21afff"},"geometry":{"type":"Polygon","coordinates":[[[20.012299,50.005865],[20.012546,50.005758],[20.012605,50.005815],[20.012359,50.005922],[20.012299,50.005865]]]}},{"type":"Feature","id":"w377444354","properties":{"type":"kindergarten","levels":2.0,"address":"Alberta Schweitzera 7B","residential":false,"residents_est":0,"h3_10":"8a1e2e69c21ffff","h3_11":"8b1e2e69c21efff"},"geometry":{"type":"Polygon","coordinates":[[[20.012091,50.005946],[20.012237,50.005886],[20.01231,50.005958],[20.012107,50.006042],[20.012091,50.005946]]]}},{"type":"Feature","id":"w377549989","properties":{"type":"house","levels":1.0,"residential":true,"residents_est":2,"h3_10":"8a1e2e69c207fff","h3_11":"8b1e2e69c203fff"},"geometry":{"type":"Polygon","coordinates":[[[20.012969,50.007055],[20.013025,50.006922],[20.013132,50.006935],[20.013144,50.006943],[20.013184,50.00695],[20.01317,50.006984],[20.013181,50.006986],[20.013174,50.007],[20.013146,50.006996],[20.013149,50.00699],[20.013133,50.006988],[20.013105,50.007055],[20.013068,50.007049],[20.013058,50.007071],[20.012969,50.007055]]]}},{"type":"Feature","id":"w377549990","properties":{"type":"yes","residential":false,"residents_est":0,"h3_10":"8a1e2e69c207fff","h3_11":"8b1e2e69c203fff"},"geometry":{"type":"Polygon","coordinates":[[[20.013224,50.006922],[20.013243,50.006871],[20.013294,50.006879],[20.013275,50.00693],[20.013224,50.006922]]]}},{"type":"Feature","id":"w377549991","properties":{"type":"house","residential":true,"residents_est":3,"h3_10":"8a1e2e69c21ffff","h3_11":"8b1e2e69c21dfff"},"geometry":{"type":"Polygon","coordinates":[[[20.013119,50.006398],[20.013226,50.006359],[20.013316,50.006468],[20.013245,50.006493],[20.013225,50.00647],[20.013179,50.006487],[20.013137,50.00644],[20.013148,50.006436],[20.013119,50.006398]]]}},{"type":"Feature","id":"w377551312","properties":{"type":"house","levels":1.0,"residential":true,"residents_est":2,"h3_10":"8a1e2e69c28ffff","h3_11":"8b1e2e69c28dfff"},"geometry":{"type":"Polygon","coordinates":[[[20.012393,50.004503],[20.012497,50.004405],[20.012617,50.004457],[20.012582,50.00449],[20.012642,50.004516],[20.012573,50.004581],[20.012393,50.004503]]]}},{"type":"Feature","id":"w462832268","properties":{"type":"garages","residential":false,"residents_est":0,"h3_10":"8a1e2e69c32ffff","h3_11":"8b1e2e69c32dfff"},"geometry":{"type":"Polygon","coordinates":[[[20.011636,50.010554],[20.011703,50.010521],[20.011906,50.010702],[20.011884,50.010713],[20.012209,50.011002],[20.012142,50.011036],[20.011817,50.010746],[20.011838,50.010735],[20.011636,50.010554]]]}},{"type":"Feature","id":"w531717934","properties":{"type":"apartments","levels":6.0,"address":"Ludwika Rydygiera 18","residential":true,"residents_est":41,"h3_10":"8a1e2e69c397fff","h3_11":"8b1e2e69c393fff"},"geometry":{"type":"Polygon","coordinates":[[[20.006273,50.00611],[20.006351,50.00598],[20.006746,50.006078],[20.006728,50.006107],[20.006818,50.006129],[20.006756,50.00623],[20.006273,50.00611]]]}},{"type":"Feature","id":"w551726075","properties":{"type":"house","levels":1.0,"address":"Aleksandry 22","residential":true,"residents_est":1,"h3_10":"8a1e2e69c34ffff","h3_11":"8b1e2e69c34bfff"},"geometry":{"type":"Polygon","coordinates":[[[20.017095,50.009146],[20.0172,50.009081],[20.017288,50.00914],[20.017218,50.009183],[20.017179,50.009157],[20.017144,50.009178],[20.017095,50.009146]]]}},{"type":"Feature","id":"w551726076","properties":{"type":"house","levels":1.0,"address":"Aleksandry 22A","residential":true,"residents_est":1,"h3_10":"8a1e2e69c34ffff","h3_11":"8b1e2e69c34bfff"},"geometry":{"type":"Polygon","coordinates":[[[20.017048,50.009114],[20.017153,50.009049],[20.0172,50.009081],[20.017095,50.009146],[20.017048,50.009114]]]}},{"type":"Feature","id":"w551726077","properties":{"type":"house","levels":1.0,"address":"Aleksandry 22B","residential":true,"residents_est":1,"h3_10":"8a1e2e69c34ffff","h3_11":"8b1e2e69c34bfff"},"geometry":{"type":"Polygon","coordinates":[[[20.017002,50.009083],[20.017107,50.009018],[20.017153,50.009049],[20.017048,50.009114],[20.017002,50.009083]]]}},{"type":"Feature","id":"w551726078","properties":{"type":"house","levels":1.0,"address":"Aleksandry 22C","residential":true,"residents_est":1,"h3_10":"8a1e2e69c34ffff","h3_11":"8b1e2e69c34afff"},"geometry":{"type":"Polygon","coordinates":[[[20.016956,50.009052],[20.017061,50.008987],[20.017107,50.009018],[20.017002,50.009083],[20.016956,50.009052]]]}},{"type":"Feature","id":"w551726079","properties":{"type":"house","levels":1.0,"address":"Aleksandry 22D","residential":true,"residents_est":1,"h3_10":"8a1e2e69c34ffff","h3_11":"8b1e2e69c34afff"},"geometry":{"type":"Polygon","coordinates":[[[20.01691,50.009021],[20.017015,50.008956],[20.017061,50.008987],[20.016956,50.009052],[20.01691,50.009021]]]}},{"type":"Feature","id":"w551726080","properties":{"type":"house","levels":1.0,"address":"Aleksandry 24K","residential":true,"residents_est":1,"h3_10":"8a1e2e69c34ffff","h3_11":"8b1e2e69c34afff"},"geometry":{"type":"Polygon","coordinates":[[[20.016481,50.00909],[20.016582,50.009028],[20.016616,50.009051],[20.016581,50.009072],[20.016619,50.009098],[20.016553,50.009139],[20.016481,50.00909]]]}},{"type":"Feature","id":"w551726081","properties":{"type":"house","levels":1.0,"address":"Aleksandry 24J","residential":true,"residents_est":1,"h3_10":"8a1e2e69c34ffff","h3_11":"8b1e2e69c34afff"},"geometry":{"type":"Polygon","coordinates":[[[20.016404,50.009039],[20.016506,50.008977],[20.016582,50.009028],[20.016481,50.00909],[20.016404,50.009039]]]}},{"type":"Feature","id":"w551726082","properties":{"type":"house","levels":1.0,"address":"Aleksandry 24I","residential":true,"residents_est":1,"h3_10":"8a1e2e69c34ffff","h3_11":"8b1e2e69c34afff"},"geometry":{"type":"Polygon","coordinates":[[[20.016335,50.008992],[20.016436,50.008929],[20.016506,50.008977],[20.016404,50.009039],[20.016335,50.008992]]]}},{"type":"Feature","id":"w551726083","properties":{"type":"house","levels":1.0,"address":"Aleksandry 24","residential":true,"residents_est":1,"h3_10":"8a1e2e69c267fff","h3_11":"8b1e2e69c265fff"},"geometry":{"type":"Polygon","coordinates":[[[20.017424,50.008816],[20.017426,50.008727],[20.017553,50.008729],[20.01755,50.008789],[20.017495,50.008789],[20.017494,50.008817],[20.017424,50.008816]]]}},{"type":"Feature","id":"w551726084","properties":{"type":"house","levels":1.0,"address":"Aleksandry 24A","residential":true,"residents_est":1,"h3_10":"8a1e2e69c267fff","h3_11":"8b1e2e69c264fff"},"geometry":{"type":"Polygon","coordinates":[[[20.017302,50.008785],[20.017304,50.008726],[20.017426,50.008727],[20.017424,50.008816],[20.017355,50.008815],[20.017356,50.008786],[20.017302,50.008785]]]}},{"type":"Feature","id":"w551726085","properties":{"type":"house","levels":1.0,"address":"Aleksandry 24B","residential":true,"residents_est":1,"h3_10":"8a1e2e69c267fff","h3_11":"8b1e2e69c264fff"},"geometry":{"type":"Polygon","coordinates":[[[20.017177,50.008812],[20.01718,50.008724],[20.017304,50.008726],[20.017302,50.008785],[20.017245,50.008784],[20.017244,50.008813],[20.017177,50.008812]]]}},{"type":"Feature","id":"w551726086","properties":{"type":"house","levels":1.0,"address":"Aleksandry 24C","residential":true,"residents_est":1,"h3_10":"8a1e2e69c267fff","h3_11":"8b1e2e69c264fff"},"geometry":{"type":"Polygon","coordinates":[[[20.017053,50.008779],[20.017055,50.008722],[20.01718,50.008724],[20.017177,50.008812],[20.017108,50.008811],[20.017109,50.00878],[20.017053,50.008779]]]}},{"type":"Feature","id":"w551726087","properties":{"type":"house","levels":1.0,"address":"Aleksandry 24D","residential":true,"residents_est":1,"h3_10":"8a1e2e69c267fff","h3_11":"8b1e2e69c264fff"},"geometry":{"type":"Polygon","coordinates":[[[20.016929,50.008808],[20.016932,50.008721],[20.017055,50.008722],[20.017053,50.008779],[20.016999,50.008779],[20.016998,50.008809],[20.016929,50.008808]]]}},{"type":"Feature","id":"w551726088","properties":{"type":"house","levels":1.0,"address":"Aleksandry 24E","residential":true,"residents_est":1,"h3_10":"8a1e2e69c267fff","h3_11":"8b1e2e69c264fff"},"geometry":{"type":"Polygon","coordinates":[[[20.016806,50.008777],[20.016808,50.008719],[20.016932,50.008721],[20.016929,50.008808],[20.016859,50.008807],[20.01686,50.008778],[20.016806,50.008777]]]}},{"type":"Feature","id":"w551726089","properties":{"type":"house","levels":1.0,"address":"Aleksandry 24F","residential":true,"residents_est":1,"h3_10":"8a1e2e69c267fff","h3_11":"8b1e2e69c264fff"},"geometry":{"type":"Polygon","coordinates":[[[20.016662,50.008804],[20.016665,50.008717],[20.016808,50.008719],[20.016806,50.008777],[20.016749,50.008777],[20.016748,50.008805],[20.016662,50.008804]]]}},{"type":"Feature","id":"w554673151","properties":{"type":"commercial","levels":1.0,"address":"Ludwika Rydygiera 19A","residential":false,"residents_est":0,"h3_10":"8a1e2e69c39ffff","h3_11":"8b1e2e69c39bfff"},"geometry":{"type":"Polygon","coordinates":[[[20.008415,50.00587],[20.008493,50.005867],[20.008497,50.005907],[20.00844,50.00591],[20.008417,50.0059],[20.008415,50.00587]]]}},{"type":"Feature","id":"w604416433","properties":{"type":"yes","address":"Aleksandry 36a","residential":true,"residents_est":1,"h3_10":"8a1e2e69c24ffff","h3_11":"8b1e2e69c24cfff"},"geometry":{"type":"Polygon","coordinates":[[[20.01926,50.007295],[20.019302,50.007167],[20.019385,50.007178],[20.019337,50.007325],[20.019289,50.007319],[20.019295,50.007299],[20.01926,50.007295]]]}},{"type":"Feature","id":"w604416434","properties":{"type":"house","levels":2.0,"address":"Aleksandry 28","residential":true,"residents_est":4,"h3_10":"8a1e2e69c267fff","h3_11":"8b1e2e69c260fff"},"geometry":{"type":"Polygon","coordinates":[[[20.017488,50.008335],[20.017492,50.00821],[20.017654,50.008213],[20.017648,50.008338],[20.017488,50.008335]]]}},{"type":"Feature","id":"w604416435","properties":{"type":"yes","address":"Aleksandry 26","residential":true,"residents_est":1,"h3_10":"8a1e2e69c267fff","h3_11":"8b1e2e69c265fff"},"geometry":{"type":"Polygon","coordinates":[[[20.017457,50.008636],[20.017459,50.008594],[20.017476,50.008594],[20.017478,50.008554],[20.017583,50.008556],[20.017579,50.008639],[20.017457,50.008636]]]}},{"type":"Feature","id":"w604416436","properties":{"type":"yes","address":"Aleksandry 26B","residential":true,"residents_est":1,"h3_10":"8a1e2e69c267fff","h3_11":"8b1e2e69c264fff"},"geometry":{"type":"Polygon","coordinates":[[[20.017141,50.008635],[20.017141,50.008551],[20.017273,50.008553],[20.017271,50.008591],[20.017278,50.00859],[20.017278,50.008635],[20.017141,50.008635]]]}},{"type":"Feature","id":"w604416437","properties":{"type":"yes","address":"Aleksandry 26C","residential":true,"residents_est":1,"h3_10":"8a1e2e69c267fff","h3_11":"8b1e2e69c264fff"},"geometry":{"type":"Polygon","coordinates":[[[20.016826,50.008574],[20.016855,50.008559],[20.016857,50.008544],[20.016878,50.008545],[20.016898,50.008533],[20.016915,50.008545],[20.016965,50.008547],[20.016963,50.008564],[20.017043,50.008567],[20.017039,50.008631],[20.016852,50.008627],[20.016855,50.008593],[20.016826,50.008574]]]}},{"type":"Feature","id":"w651317251","properties":{"type":"semidetached_house","levels":2.0,"address":"Aleksandry 20D","residential":true,"residents_est":2,"h3_10":"8a1e2e69c34ffff","h3_11":"8b1e2e69c34efff"},"geometry":{"type":"Polygon","coordinates":[[[20.016354,50.00932],[20.016357,50.009229],[20.016426,50.00923],[20.016425,50.009259],[20.016482,50.00926],[20.01648,50.009322],[20.016354,50.00932]]]}},{"type":"Feature","id":"w651317254","properties":{"type":"semidetached_house","levels":2.0,"address":"Aleksandry 20C","residential":true,"residents_est":2,"h3_10":"8a1e2e69c34ffff","h3_11":"8b1e2e69c34efff"},"geometry":{"type":"Polygon","coordinates":[[[20.016478,50.00938],[20.01648,50.009322],[20.016537,50.009323],[20.016538,50.009277],[20.016608,50.009278],[20.016605,50.009367],[20.016535,50.009366],[20.016535,50.009381],[20.016478,50.00938]]]}},{"type":"Feature","id":"w651317256","properties":{"type":"semidetached_house","levels":2.0,"address":"Aleksandry 20B","residential":true,"residents_est":2,"h3_10":"8a1e2e69c34ffff","h3_11":"8b1e2e69c34efff"},"geometry":{"type":"Polygon","coordinates":[[[20.016605,50.009367],[20.016608,50.009278],[20.016676,50.009279],[20.016675,50.009322],[20.016732,50.009322],[20.01673,50.009383],[20.016674,50.009382],[20.016675,50.009368],[20.016605,50.009367]]]}},{"type":"Feature","id":"w651317258","properties":{"type":"semidetached_house","levels":2.0,"address":"Aleksandry 20A","residential":true,"residents_est":2,"h3_10":"8a1e2e69c34ffff","h3_11":"8b1e2e69c348fff"},"geometry":{"type":"Polygon","coordinates":[[[20.01673,50.009383],[20.016732,50.009322],[20.016786,50.009323],[20.016787,50.00928],[20.016878,50.009281],[20.016875,50.00937],[20.016786,50.009369],[20.016785,50.009383],[20.01673,50.009383]]]}},{"type":"Feature","id":"w651317261","properties":{"type":"semidetached_house","levels":2.0,"address":"Aleksandry 20E","residential":true,"residents_est":2,"h3_10":"8a1e2e69c34ffff","h3_11":"8b1e2e69c34efff"},"geometry":{"type":"Polygon","coordinates":[[[20.016229,50.009318],[20.01623,50.009256],[20.016286,50.009257],[20.016287,50.009228],[20.016357,50.009229],[20.016354,50.00932],[20.016229,50.009318]]]}},{"type":"Feature","id":"w651336344","properties":{"type":"yes","address":"Aleksandry 34A","residential":true,"residents_est":2,"h3_10":"8a1e2e69c26ffff","h3_11":"8b1e2e69c26afff"},"geometry":{"type":"Polygon","coordinates":[[[20.018723,50.007474],[20.018744,50.007404],[20.018802,50.007411],[20.018805,50.007399],[20.018928,50.007415],[20.018903,50.007496],[20.018723,50.007474]]]}},{"type":"Feature","id":"w653514026","properties":{"type":"apartments","levels":6.0,"address":"Ludwika Rydygiera 6","residential":true,"residents_est":75,"h3_10":"8a1e2e69c3affff","h3_11":"8b1e2e69c3a8fff"},"geometry":{"type":"Polygon","coordinates":[[[20.008482,50.007949],[20.008694,50.007875],[20.008749,50.00794],[20.008742,50.007943],[20.008767,50.007973],[20.00882,50.007984],[20.008939,50.007943],[20.008943,50.007948],[20.0091,50.007891],[20.009082,50.00781],[20.009055,50.007812],[20.009041,50.007761],[20.00911,50.007753],[20.009107,50.007738],[20.00923,50.007726],[20.009232,50.007732],[20.009275,50.007728],[20.009317,50.007916],[20.009298,50.007918],[20.009304,50.007944],[20.008868,50.008097],[20.008852,50.008078],[20.008839,50.008083],[20.008775,50.008068],[20.00877,50.008078],[20.008549,50.008028],[20.008482,50.007949]]]}},{"type":"Feature","id":"w679091752","properties":{"type":"yes","address":"Alberta Schweitzera 17","residential":true,"residents_est":1,"h3_10":"8a1e2e69c2b7fff","h3_11":"8b1e2e69c2b1fff"},"geometry":{"type":"Polygon","coordinates":[[[20.008778,50.004937],[20.00879,50.004882],[20.008914,50.004878],[20.008893,50.004977],[20.008798,50.004969],[20.008802,50.004949],[20.008781,50.004948],[20.008778,50.004937]]]}},{"type":"Feature","id":"w679093117","properties":{"type":"yes","address":"Ludwika Rydygiera 12A","residential":true,"residents_est":2,"h3_10":"8a1e2e69c38ffff","h3_11":"8b1e2e69c38efff"},"geometry":{"type":"Polygon","coordinates":[[[20.008705,50.006647],[20.008765,50.006539],[20.008925,50.006576],[20.008865,50.006683],[20.008705,50.006647]]]}},{"type":"Feature","id":"w679095715","properties":{"type":"apartments","levels":7.0,"address":"Ludwika Rydygiera 8","residential":true,"residents_est":72,"h3_10":"8a1e2e69c38ffff","h3_11":"8b1e2e69c38cfff"},"geometry":{"type":"Polygon","coordinates":[[[20.008819,50.007453],[20.008867,50.007378],[20.00891,50.007391],[20.008929,50.007362],[20.009006,50.007383],[20.009014,50.007371],[20.009071,50.007386],[20.009063,50.007399],[20.009074,50.007405],[20.00918,50.007431],[20.009228,50.007359],[20.009205,50.007353],[20.009234,50.007308],[20.009257,50.007314],[20.009305,50.007242],[20.009337,50.00725],[20.009353,50.007227],[20.009393,50.007238],[20.009412,50.007208],[20.009442,50.007217],[20.009457,50.007194],[20.009533,50.007216],[20.009477,50.007301],[20.009499,50.007308],[20.009477,50.007343],[20.009453,50.007336],[20.009392,50.007429],[20.009383,50.007427],[20.009343,50.007488],[20.009305,50.007537],[20.009298,50.007535],[20.009274,50.007571],[20.008819,50.007453]]]}},{"type":"Feature","id":"w679212001","properties":{"type":"apartments","address":"Księdza Prymasa Stefana Wyszyńskiego 2","residential":true,"residents_est":46,"h3_10":"8a1e2e69c3affff","h3_11":"8b1e2e69c3aefff"},"geometry":{"type":"Polygon","coordinates":[[[20.008136,50.00784],[20.008171,50.007787],[20.008194,50.007793],[20.00822,50.007755],[20.008239,50.00776],[20.00837,50.007563],[20.00842,50.007576],[20.00844,50.007546],[20.008491,50.00756],[20.008499,50.007548],[20.008854,50.007646],[20.008828,50.007686],[20.0088,50.007678],[20.008781,50.007707],[20.008506,50.007633],[20.008462,50.007699],[20.008491,50.007707],[20.00843,50.007801],[20.008449,50.007806],[20.008402,50.007877],[20.008383,50.007872],[20.008364,50.007902],[20.008136,50.00784]]]}},{"type":"Feature","id":"w703147547","properties":{"type":"yes","residential":false,"residents_est":0,"h3_10":"8a1e2e69c297fff","h3_11":"8b1e2e69c296fff"},"geometry":{"type":"Polygon","coordinates":[[[20.007805,50.003943],[20.007829,50.003906],[20.007888,50.003921],[20.007873,50.003946],[20.007853,50.003956],[20.007805,50.003943]]]}},{"type":"Feature","id":"w703147549","properties":{"type":"garage","residential":false,"residents_est":0,"h3_10":"8a1e2e69c287fff","h3_11":"8b1e2e69c282fff"},"geometry":{"type":"Polygon","coordinates":[[[20.009629,50.004272],[20.009661,50.004231],[20.0097,50.004243],[20.009668,50.004285],[20.009629,50.004272]]]}},{"type":"Feature","id":"w703147550","properties":{"type":"garage","residential":false,"residents_est":0,"h3_10":"8a1e2e69c297fff","h3_11":"8b1e2e69c294fff"},"geometry":{"type":"Polygon","coordinates":[[[20.008709,50.004211],[20.00876,50.004154],[20.008826,50.004177],[20.008774,50.004235],[20.008709,50.004211]]]}},{"type":"Feature","id":"w703147551","properties":{"type":"garage","residential":false,"residents_est":0,"h3_10":"8a1e2e69c297fff","h3_11":"8b1e2e69c294fff"},"geometry":{"type":"Polygon","coordinates":[[[20.008713,50.004303],[20.008744,50.004273],[20.008801,50.004299],[20.008764,50.004336],[20.008713,50.004303]]]}},{"type":"Feature","id":"w703147553","properties":{"type":"retail","levels":1.0,"name":"Piekarnia u Chlebusia","residential":false,"residents_est":0,"h3_10":"8a1e2e69c2b7fff","h3_11":"8b1e2e69c2b1fff"},"geometry":{"type":"Polygon","coordinates":[[[20.009472,50.005027],[20.009494,50.004936],[20.009552,50.004941],[20.009529,50.005032],[20.009472,50.005027]]]}},{"type":"Feature","id":"w703147554","properties":{"type":"yes","residential":false,"residents_est":0,"h3_10":"8a1e2e69c287fff","h3_11":"8b1e2e69c286fff"},"geometry":{"type":"Polygon","coordinates":[[[20.009327,50.004489],[20.009404,50.004457],[20.009436,50.004491],[20.009361,50.004524],[20.009327,50.004489]]]}},{"type":"Feature","id":"w703147555","properties":{"type":"garages","residential":false,"residents_est":0,"h3_10":"8a1e2e69c287fff","h3_11":"8b1e2e69c286fff"},"geometry":{"type":"Polygon","coordinates":[[[20.009145,50.004509],[20.009215,50.004449],[20.009291,50.004479],[20.009321,50.004447],[20.00937,50.004466],[20.009202,50.004541],[20.009145,50.004509]]]}},{"type":"Feature","id":"w703147556","properties":{"type":"retail","levels":1.0,"address":"Ludwika Rydygiera 1","residential":false,"residents_est":0,"h3_10":"8a1e2e69c31ffff","h3_11":"8b1e2e69c31afff"},"geometry":{"type":"Polygon","coordinates":[[[20.010464,50.008391],[20.010485,50.008368],[20.010494,50.008371],[20.010503,50.008353],[20.010517,50.008356],[20.010529,50.008329],[20.010542,50.008333],[20.010548,50.008323],[20.010607,50.008336],[20.010596,50.008354],[20.010581,50.008349],[20.010576,50.008358],[20.010562,50.008356],[20.01055,50.008382],[20.010556,50.008384],[20.010523,50.008419],[20.010464,50.008391]]]}},{"type":"Feature","id":"w703147557","properties":{"type":"yes","residential":true,"residents_est":1,"h3_10":"8a1e2e69c207fff","h3_11":"8b1e2e69c206fff"},"geometry":{"type":"Polygon","coordinates":[[[20.011926,50.007209],[20.011961,50.007173],[20.012001,50.00719],[20.012017,50.007173],[20.01207,50.007194],[20.012091,50.007172],[20.012124,50.007185],[20.012037,50.007277],[20.01195,50.007242],[20.011967,50.007226],[20.011926,50.007209]]]}},{"type":"Feature","id":"w703147558","properties":{"type":"yes","residential":true,"residents_est":1,"h3_10":"8a1e2e69c207fff","h3_11":"8b1e2e69c201fff"},"geometry":{"type":"Polygon","coordinates":[[[20.013346,50.007038],[20.013357,50.007013],[20.013347,50.007011],[20.013368,50.006962],[20.013497,50.006985],[20.013456,50.007084],[20.013367,50.007068],[20.013377,50.007044],[20.013346,50.007038]]]}},{"type":"Feature","id":"w703147559","properties":{"type":"yes","residential":true,"residents_est":7,"h3_10":"8a1e2e69c21ffff","h3_11":"8b1e2e69c219fff"},"geometry":{"type":"Polygon","coordinates":[[[20.013808,50.006137],[20.013921,50.006079],[20.013942,50.006095],[20.013995,50.006068],[20.014079,50.006145],[20.014033,50.006167],[20.014109,50.00623],[20.013989,50.00629],[20.013808,50.006137]]]}},{"type":"Feature","id":"w703147560","properties":{"type":"yes","residential":true,"residents_est":13,"h3_10":"8a1e2e69c2effff","h3_11":"8b1e2e69c2e8fff"},"geometry":{"type":"Polygon","coordinates":[[[20.01629,50.005523],[20.016773,50.005298],[20.016872,50.005386],[20.016389,50.005611],[20.01629,50.005523]]]}},{"type":"Feature","id":"w703147561","properties":{"type":"service","residential":false,"residents_est":0,"h3_10":"8a1e2e69c2effff","h3_11":"8b1e2e69c2ecfff"},"geometry":{"type":"Polygon","coordinates":[[[20.016421,50.005779],[20.016443,50.005735],[20.016511,50.005749],[20.016489,50.005794],[20.016421,50.005779]]]}},{"type":"Feature","id":"w703147562","properties":{"type":"yes","residential":true,"residents_est":3,"h3_10":"8a1e2e69c2effff","h3_11":"8b1e2e69c2e8fff"},"geometry":{"type":"Polygon","coordinates":[[[20.016606,50.005214],[20.016772,50.005136],[20.01691,50.005256],[20.016808,50.005305],[20.016787,50.005287],[20.016692,50.005332],[20.016667,50.00531],[20.016702,50.005294],[20.016606,50.005214]]]}},{"type":"Feature","id":"w703147563","properties":{"type":"yes","residential":true,"residents_est":2,"h3_10":"8a1e2e69c2e7fff","h3_11":"8b1e2e69c2e3fff"},"geometry":{"type":"Polygon","coordinates":[[[20.015372,50.005311],[20.015439,50.00528],[20.015636,50.005454],[20.015568,50.005485],[20.015372,50.005311]]]}},{"type":"Feature","id":"w703147564","properties":{"type":"yes","residential":true,"residents_est":16,"h3_10":"8a1e2e69c2effff","h3_11":"8b1e2e69c2eefff"},"geometry":{"type":"Polygon","coordinates":[[[20.015535,50.005364],[20.016114,50.005092],[20.016214,50.00518],[20.015636,50.005454],[20.015535,50.005364]]]}},{"type":"Feature","id":"w703147565","properties":{"type":"yes","residential":true,"residents_est":7,"h3_10":"8a1e2e69c2c7fff","h3_11":"8b1e2e69c2c5fff"},"geometry":{"type":"Polygon","coordinates":[[[20.015285,50.005143],[20.015767,50.00492],[20.015824,50.004972],[20.015344,50.005194],[20.015285,50.005143]]]}},{"type":"Feature","id":"w703147566","properties":{"type":"yes","residential":true,"residents_est":3,"h3_10":"8a1e2e69c2c7fff","h3_11":"8b1e2e69c2c0fff"},"geometry":{"type":"Polygon","coordinates":[[[20.015328,50.004749],[20.015373,50.004681],[20.015761,50.00479],[20.015726,50.004842],[20.015644,50.004837],[20.015328,50.004749]]]}},{"type":"Feature","id":"w703147567","properties":{"type":"yes","residential":true,"residents_est":10,"h3_10":"8a1e2e69c2c7fff","h3_11":"8b1e2e69c2c0fff"},"geometry":{"type":"Polygon","coordinates":[[[20.01465,50.00453],[20.014698,50.004468],[20.015373,50.004681],[20.01533,50.004745],[20.01465,50.00453]]]}},{"type":"Feature","id":"w703147568","properties":{"type":"industrial","residential":false,"residents_est":0,"h3_10":"8a1e2e69c287fff","h3_11":"8b1e2e69c283fff"},"geometry":{"type":"Polygon","coordinates":[[[20.010433,50.004128],[20.010458,50.004082],[20.010745,50.004097],[20.010705,50.004171],[20.01071,50.004173],[20.010701,50.004189],[20.010433,50.004128]]]}},{"type":"Feature","id":"w703147569","properties":{"type":"industrial","residential":false,"residents_est":0,"h3_10":"8a1e2e69c287fff","h3_11":"8b1e2e69c283fff"},"geometry":{"type":"Polygon","coordinates":[[[20.010705,50.004171],[20.010745,50.004097],[20.010907,50.004104],[20.011093,50.004141],[20.011036,50.004245],[20.010705,50.004171]]]}},{"type":"Feature","id":"w703147572","properties":{"type":"barn","residential":false,"residents_est":0,"h3_10":"8a1e2e69c287fff","h3_11":"8b1e2e69c280fff"},"geometry":{"type":"Polygon","coordinates":[[[20.010276,50.004589],[20.010345,50.004536],[20.010461,50.004599],[20.010392,50.004652],[20.010276,50.004589]]]}},{"type":"Feature","id":"w703147574","properties":{"type":"shed","residential":false,"residents_est":0,"h3_10":"8a1e2e69c28ffff","h3_11":"8b1e2e69c28dfff"},"geometry":{"type":"Polygon","coordinates":[[[20.012067,50.004607],[20.012118,50.004544],[20.0122,50.004572],[20.012148,50.004635],[20.012067,50.004607]]]}},{"type":"Feature","id":"w703147576","properties":{"type":"semidetached_house","levels":1.0,"residential":true,"residents_est":1,"h3_10":"8a1e2e69c2f7fff","h3_11":"8b1e2e69c2f6fff"},"geometry":{"type":"Polygon","coordinates":[[[20.012351,50.004993],[20.01243,50.004915],[20.012473,50.004932],[20.012449,50.004958],[20.012487,50.004975],[20.012437,50.005025],[20.012351,50.004993]]]}},{"type":"Feature","id":"w703147577","properties":{"type":"semidetached_house","levels":1.0,"address":"Kosocicka 22","residential":true,"residents_est":1,"h3_10":"8a1e2e69c2f7fff","h3_11":"8b1e2e69c2f6fff"},"geometry":{"type":"Polygon","coordinates":[[[20.012437,50.005025],[20.012487,50.004975],[20.012577,50.005014],[20.012497,50.00509],[20.012456,50.005074],[20.012485,50.005044],[20.012437,50.005025]]]}},{"type":"Feature","id":"w703147578","properties":{"type":"industrial","residential":false,"residents_est":0,"h3_10":"8a1e2e69c2f7fff","h3_11":"8b1e2e69c2f4fff"},"geometry":{"type":"Polygon","coordinates":[[[20.012684,50.005281],[20.012785,50.005192],[20.012796,50.005197],[20.012867,50.005142],[20.012958,50.005185],[20.012966,50.005184],[20.012791,50.005331],[20.012684,50.005281]]]}},{"type":"Feature","id":"w703147579","properties":{"type":"yes","residential":true,"residents_est":1,"h3_10":"8a1e2e69c2f7fff","h3_11":"8b1e2e69c2f4fff"},"geometry":{"type":"Polygon","coordinates":[[[20.012982,50.005277],[20.013039,50.005215],[20.013137,50.005253],[20.013061,50.005334],[20.01301,50.005314],[20.013028,50.005295],[20.012982,50.005277]]]}},{"type":"Feature","id":"w703147580","properties":{"type":"yes","residential":false,"residents_est":0,"h3_10":"8a1e2e69c2affff","h3_11":"8b1e2e69c2a9fff"},"geometry":{"type":"Polygon","coordinates":[[[20.012594,50.005501],[20.012663,50.005461],[20.012695,50.005483],[20.012625,50.005524],[20.012594,50.005501]]]}},{"type":"Feature","id":"w703147581","properties":{"type":"yes","residential":true,"residents_est":1,"h3_10":"8a1e2e69c2f7fff","h3_11":"8b1e2e69c2f4fff"},"geometry":{"type":"Polygon","coordinates":[[[20.012721,50.005463],[20.012797,50.005415],[20.012877,50.005468],[20.012801,50.005516],[20.012721,50.005463]]]}},{"type":"Feature","id":"w703147582","properties":{"type":"yes","residential":false,"residents_est":0,"h3_10":"8a1e2e69c2affff","h3_11":"8b1e2e69c2a8fff"},"geometry":{"type":"Polygon","coordinates":[[[20.011827,50.005368],[20.011922,50.005311],[20.011945,50.005327],[20.01185,50.005384],[20.011827,50.005368]]]}},{"type":"Feature","id":"w703147583","properties":{"type":"yes","residential":false,"residents_est":0,"h3_10":"8a1e2e69c2affff","h3_11":"8b1e2e69c2acfff"},"geometry":{"type":"Polygon","coordinates":[[[20.011308,50.00555],[20.011374,50.005522],[20.011417,50.005566],[20.011351,50.005593],[20.011308,50.00555]]]}},{"type":"Feature","id":"w703147584","properties":{"type":"service","residential":false,"residents_est":0,"h3_10":"8a1e2e69c2affff","h3_11":"8b1e2e69c2acfff"},"geometry":{"type":"Polygon","coordinates":[[[20.011088,50.005616],[20.011126,50.005568],[20.011192,50.005591],[20.011154,50.005638],[20.011088,50.005616]]]}},{"type":"Feature","id":"w703147586","properties":{"type":"shed","residential":false,"residents_est":0,"h3_10":"8a1e2e69c237fff","h3_11":"8b1e2e69c232fff"},"geometry":{"type":"Polygon","coordinates":[[[20.010396,50.007267],[20.010452,50.007261],[20.010463,50.007301],[20.010406,50.007307],[20.010396,50.007267]]]}},{"type":"Feature","id":"r13432058","properties":{"type":"retail","residential":false,"residents_est":0,"h3_10":"8a1e2e69c38ffff","h3_11":"8b1e2e69c38dfff"},"geometry":{"type":"Polygon","coordinates":[[[20.00994,50.007173],[20.010011,50.007166],[20.010019,50.007178],[20.01004,50.007172],[20.010069,50.007214],[20.010048,50.00722],[20.01005,50.007224],[20.009977,50.007242],[20.009953,50.007224],[20.00994,50.007173]]]}},{"type":"Feature","id":"w703147589","properties":{"type":"service","residential":false,"residents_est":0,"h3_10":"8a1e2e69c387fff","h3_11":"8b1e2e69c381fff"},"geometry":{"type":"Polygon","coordinates":[[[20.008495,50.00739],[20.00852,50.007345],[20.008597,50.007362],[20.008571,50.007408],[20.008495,50.00739]]]}},{"type":"Feature","id":"w703445600","properties":{"type":"garage","residential":false,"residents_est":0,"h3_10":"8a1e2e69c267fff","h3_11":"8b1e2e69c265fff"},"geometry":{"type":"Polygon","coordinates":[[[20.017705,50.008732],[20.017708,50.008705],[20.017784,50.008708],[20.017782,50.008734],[20.017705,50.008732]]]}},{"type":"Feature","id":"w703445602","properties":{"type":"garage","levels":1.0,"residential":false,"residents_est":0,"h3_10":"8a1e2e69c267fff","h3_11":"8b1e2e69c260fff"},"geometry":{"type":"Polygon","coordinates":[[[20.017126,50.008344],[20.017216,50.008343],[20.017218,50.00841],[20.017128,50.008411],[20.017126,50.008344]]]}},{"type":"Feature","id":"w703445603","properties":{"type":"yes","residential":false,"residents_est":0,"h3_10":"8a1e2e69c24ffff","h3_11":"8b1e2e69c24cfff"},"geometry":{"type":"Polygon","coordinates":[[[20.01905,50.007134],[20.019076,50.00708],[20.019126,50.00709],[20.019101,50.007144],[20.01905,50.007134]]]}},{"type":"Feature","id":"w703445605","properties":{"type":"yes","residential":false,"residents_est":0,"h3_10":"8a1e2e69c24ffff","h3_11":"8b1e2e69c24dfff"},"geometry":{"type":"Polygon","coordinates":[[[20.019782,50.007339],[20.01985,50.007307],[20.019878,50.007332],[20.019811,50.007364],[20.019782,50.007339]]]}},{"type":"Feature","id":"w703445606","properties":{"type":"yes","residential":false,"residents_est":0,"h3_10":"8a1e2e69c26ffff","h3_11":"8b1e2e69c26bfff"},"geometry":{"type":"Polygon","coordinates":[[[20.019707,50.007734],[20.01977,50.007735],[20.019769,50.007766],[20.019707,50.007766],[20.019707,50.007734]]]}},{"type":"Feature","id":"w705042844","properties":{"type":"yes","levels":1.0,"residential":false,"residents_est":0,"h3_10":"8a1e2e69c227fff","h3_11":"8b1e2e69c225fff"},"geometry":{"type":"Polygon","coordinates":[[[20.01281,50.008565],[20.012878,50.008539],[20.012905,50.008567],[20.012836,50.008594],[20.01281,50.008565]]]}},{"type":"Feature","id":"w705042853","properties":{"type":"shed","residential":false,"residents_est":0,"h3_10":"8a1e2e69c347fff","h3_11":"8b1e2e69c340fff"},"geometry":{"type":"Polygon","coordinates":[[[20.015193,50.01],[20.0152,50.009942],[20.015262,50.009946],[20.015254,50.010005],[20.015193,50.01]]]}},{"type":"Feature","id":"w705042856","properties":{"type":"yes","residential":false,"residents_est":0,"h3_10":"8a1e2e69c35ffff","h3_11":"8b1e2e69c35afff"},"geometry":{"type":"Polygon","coordinates":[[[20.015423,50.008389],[20.015462,50.00837],[20.015498,50.008406],[20.015463,50.008422],[20.015423,50.008389]]]}},{"type":"Feature","id":"w705042857","properties":{"type":"yes","residential":false,"residents_est":0,"h3_10":"8a1e2e69c35ffff","h3_11":"8b1e2e69c35afff"},"geometry":{"type":"Polygon","coordinates":[[[20.015199,50.00853],[20.015286,50.00848],[20.015313,50.008499],[20.015225,50.00855],[20.015199,50.00853]]]}},{"type":"Feature","id":"w705042859","properties":{"type":"shed","residential":false,"residents_est":0,"h3_10":"8a1e2e69c35ffff","h3_11":"8b1e2e69c35efff"},"geometry":{"type":"Polygon","coordinates":[[[20.014993,50.008556],[20.015052,50.008516],[20.01516,50.008583],[20.015101,50.008623],[20.014993,50.008556]]]}},{"type":"Feature","id":"w705042860","properties":{"type":"yes","residential":true,"residents_est":1,"h3_10":"8a1e2e69c247fff","h3_11":"8b1e2e69c243fff"},"geometry":{"type":"Polygon","coordinates":[[[20.017842,50.006957],[20.017896,50.006928],[20.017972,50.006985],[20.017918,50.007015],[20.017842,50.006957]]]}},{"type":"Feature","id":"w705060993","properties":{"type":"yes","residential":false,"residents_est":0,"h3_10":"8a1e2e69c32ffff","h3_11":"8b1e2e69c32cfff"},"geometry":{"type":"Polygon","coordinates":[[[20.011676,50.010732],[20.011735,50.010705],[20.011787,50.010753],[20.011727,50.010779],[20.011676,50.010732]]]}},{"type":"Feature","id":"w705061008","properties":{"type":"warehouse","residential":false,"residents_est":0,"h3_10":"8a1e2e69c307fff","h3_11":"8b1e2e69c305fff"},"geometry":{"type":"Polygon","coordinates":[[[20.010631,50.010265],[20.010832,50.010173],[20.011027,50.010352],[20.010826,50.010443],[20.010631,50.010265]]]}},{"type":"Feature","id":"w705061009","properties":{"type":"retail","residential":false,"residents_est":0,"h3_10":"8a1e2e69c307fff","h3_11":"8b1e2e69c305fff"},"geometry":{"type":"Polygon","coordinates":[[[20.010556,50.010194],[20.01076,50.010106],[20.010832,50.010173],[20.010631,50.010265],[20.010556,50.010194]]]}},{"type":"Feature","id":"w717180119","properties":{"type":"yes","residential":false,"residents_est":0,"h3_10":"8a1e2e69c35ffff","h3_11":"8b1e2e69c359fff"},"geometry":{"type":"Polygon","coordinates":[[[20.016479,50.008552],[20.016543,50.008527],[20.016567,50.008554],[20.016503,50.008578],[20.016479,50.008552]]]}},{"type":"Feature","id":"w717180121","properties":{"type":"house","levels":2.0,"residential":false,"residents_est":0,"h3_10":"8a1e2e69c277fff","h3_11":"8b1e2e69c274fff"},"geometry":{"type":"Polygon","coordinates":[[[20.015926,50.007912],[20.015954,50.007899],[20.016012,50.007948],[20.015984,50.007962],[20.015926,50.007912]]]}},{"type":"Feature","id":"w717180128","properties":{"type":"yes","residential":true,"residents_est":1,"h3_10":"8a1e2e69c277fff","h3_11":"8b1e2e69c275fff"},"geometry":{"type":"Polygon","coordinates":[[[20.016253,50.008028],[20.016285,50.008012],[20.016419,50.008128],[20.016389,50.008145],[20.016253,50.008028]]]}},{"type":"Feature","id":"w886696172","properties":{"type":"apartments","levels":3.0,"address":"Podłęska 3a","residential":true,"residents_est":17,"h3_10":"8a1e2e69c347fff","h3_11":"8b1e2e69c341fff"},"geometry":{"type":"Polygon","coordinates":[[[20.015842,50.009591],[20.015873,50.009479],[20.016376,50.009537],[20.016345,50.009648],[20.015842,50.009591]]]}},{"type":"Feature","id":"w886696173","properties":{"type":"apartments","levels":3.0,"address":"Podłęska 3","residential":true,"residents_est":16,"h3_10":"8a1e2e69c347fff","h3_11":"8b1e2e69c341fff"},"geometry":{"type":"Polygon","coordinates":[[[20.015863,50.009871],[20.015892,50.00976],[20.016359,50.009812],[20.016329,50.009923],[20.015863,50.009871]]]}},{"type":"Feature","id":"w915820326","properties":{"type":"apartments","levels":3.0,"address":"Podłęska 1a","residential":true,"residents_est":8,"h3_10":"8a1e2e69c34ffff","h3_11":"8b1e2e69c34cfff"},"geometry":{"type":"Polygon","coordinates":[[[20.016332,50.00991],[20.016362,50.009799],[20.016609,50.009827],[20.016579,50.009938],[20.016332,50.00991]]]}},{"type":"Feature","id":"w915820327","properties":{"type":"apartments","levels":3.0,"address":"Podłęska 1","residential":true,"residents_est":8,"h3_10":"8a1e2e69c34ffff","h3_11":"8b1e2e69c34cfff"},"geometry":{"type":"Polygon","coordinates":[[[20.016579,50.009938],[20.016605,50.009841],[20.016863,50.00987],[20.016837,50.009967],[20.016579,50.009938]]]}},{"type":"Feature","id":"w1030700804","properties":{"type":"apartments","levels":4.0,"residential":true,"residents_est":18,"h3_10":"8a1e2e69c2e7fff","h3_11":"8b1e2e69c2e5fff"},"geometry":{"type":"Polygon","coordinates":[[[20.015247,50.006206],[20.01532,50.006178],[20.015295,50.006151],[20.015406,50.006108],[20.015427,50.00613],[20.015467,50.006115],[20.015506,50.006158],[20.01556,50.006137],[20.015602,50.006181],[20.015578,50.006191],[20.015618,50.006233],[20.015461,50.006292],[20.015431,50.00626],[20.0153,50.00631],[20.015254,50.006261],[20.015288,50.006249],[20.015247,50.006206]]]}},{"type":"Feature","id":"w1030700805","properties":{"type":"apartments","levels":4.0,"address":"Kosocicka 6A","residential":true,"residents_est":19,"h3_10":"8a1e2e69c20ffff","h3_11":"8b1e2e69c20bfff"},"geometry":{"type":"Polygon","coordinates":[[[20.014784,50.006398],[20.014829,50.00638],[20.01479,50.006341],[20.015032,50.006242],[20.01507,50.006281],[20.015114,50.006263],[20.015178,50.006327],[20.015136,50.006343],[20.015154,50.006362],[20.014907,50.006463],[20.01489,50.006445],[20.014847,50.006462],[20.014784,50.006398]]]}},{"type":"Feature","id":"w1030700806","properties":{"type":"apartments","levels":4.0,"address":"Kosocicka 6B","residential":true,"residents_est":20,"h3_10":"8a1e2e69c20ffff","h3_11":"8b1e2e69c20bfff"},"geometry":{"type":"Polygon","coordinates":[[[20.014357,50.006574],[20.014397,50.006558],[20.01436,50.00652],[20.014609,50.006419],[20.014646,50.006457],[20.014692,50.006438],[20.014755,50.006503],[20.014711,50.006521],[20.014729,50.006539],[20.014479,50.00664],[20.014463,50.006624],[20.014422,50.00664],[20.014357,50.006574]]]}},{"type":"Feature","id":"w1030700807","properties":{"type":"apartments","levels":4.0,"address":"Kosocicka 8","residential":true,"residents_est":20,"h3_10":"8a1e2e69c20ffff","h3_11":"8b1e2e69c20efff"},"geometry":{"type":"Polygon","coordinates":[[[20.01392,50.006732],[20.013959,50.006716],[20.01394,50.006697],[20.014184,50.006598],[20.014221,50.006635],[20.014261,50.006618],[20.014321,50.00668],[20.014281,50.006696],[20.014303,50.00672],[20.014058,50.006819],[20.014043,50.006803],[20.014005,50.006819],[20.01392,50.006732]]]}},{"type":"Feature","id":"w1030700808","properties":{"type":"apartments","levels":4.0,"address":"Kosocicka 8A","residential":true,"residents_est":17,"h3_10":"8a1e2e69c20ffff","h3_11":"8b1e2e69c20efff"},"geometry":{"type":"Polygon","coordinates":[[[20.013448,50.006735],[20.013489,50.00672],[20.013458,50.006683],[20.013713,50.006592],[20.013819,50.006715],[20.013563,50.006806],[20.013542,50.006783],[20.013502,50.006797],[20.013448,50.006735]]]}},{"type":"Feature","id":"w1125800791","properties":{"type":"commercial","residential":false,"residents_est":0,"h3_10":"8a1e2e69c2affff","h3_11":"8b1e2e69c2a8fff"},"geometry":{"type":"Polygon","coordinates":[[[20.011548,50.005133],[20.01165,50.005065],[20.011835,50.005179],[20.011733,50.005247],[20.011548,50.005133]]]}},{"type":"Feature","id":"w1125801354","properties":{"type":"yes","residential":true,"residents_est":1,"h3_10":"8a1e2e69c2f7fff","h3_11":"8b1e2e69c2f1fff"},"geometry":{"type":"Polygon","coordinates":[[[20.014345,50.005103],[20.014397,50.005081],[20.014468,50.00515],[20.014416,50.005172],[20.014345,50.005103]]]}},{"type":"Feature","id":"w1125801355","properties":{"type":"yes","residential":true,"residents_est":2,"h3_10":"8a1e2e69c2e7fff","h3_11":"8b1e2e69c2e2fff"},"geometry":{"type":"Polygon","coordinates":[[[20.014144,50.0053],[20.014196,50.005233],[20.014184,50.005229],[20.01424,50.005157],[20.014281,50.00517],[20.014263,50.005193],[20.01436,50.005224],[20.01427,50.00534],[20.014144,50.0053]]]}},{"type":"Feature","id":"w1125801356","properties":{"type":"warehouse","residential":false,"residents_est":0,"h3_10":"8a1e2e69c2f7fff","h3_11":"8b1e2e69c2f0fff"},"geometry":{"type":"Polygon","coordinates":[[[20.013461,50.005077],[20.013531,50.005014],[20.013805,50.004892],[20.013948,50.005025],[20.013661,50.005154],[20.013461,50.005077]]]}},{"type":"Feature","id":"w1134044889","properties":{"type":"yes","residential":true,"residents_est":2,"h3_10":"8a1e2e69c207fff","h3_11":"8b1e2e69c204fff"},"geometry":{"type":"Polygon","coordinates":[[[20.012465,50.007675],[20.012672,50.007577],[20.012734,50.00763],[20.012527,50.007729],[20.012465,50.007675]]]}},{"type":"Feature","id":"w1134044890","properties":{"type":"yes","residential":true,"residents_est":6,"h3_10":"8a1e2e69c207fff","h3_11":"8b1e2e69c204fff"},"geometry":{"type":"Polygon","coordinates":[[[20.012574,50.007469],[20.012616,50.007386],[20.012977,50.007461],[20.012936,50.007544],[20.012574,50.007469]]]}},{"type":"Feature","id":"w1134044891","properties":{"type":"yes","residential":false,"residents_est":0,"h3_10":"8a1e2e69c207fff","h3_11":"8b1e2e69c204fff"},"geometry":{"type":"Polygon","coordinates":[[[20.012262,50.007663],[20.012301,50.007619],[20.012339,50.007633],[20.012299,50.007677],[20.012262,50.007663]]]}},{"type":"Feature","id":"w1172673987","properties":{"type":"yes","residential":false,"residents_est":0,"h3_10":"8a1e2e69c28ffff","h3_11":"8b1e2e69c288fff"},"geometry":{"type":"Polygon","coordinates":[[[20.012148,50.004412],[20.012191,50.004386],[20.012229,50.00441],[20.012186,50.004437],[20.012148,50.004412]]]}},{"type":"Feature","id":"w1172673988","properties":{"type":"yes","residential":false,"residents_est":0,"h3_10":"8a1e2e69c28ffff","h3_11":"8b1e2e69c28dfff"},"geometry":{"type":"Polygon","coordinates":[[[20.012144,50.004527],[20.012163,50.0045],[20.012238,50.004523],[20.012218,50.004549],[20.012144,50.004527]]]}},{"type":"Feature","id":"w1174604654","properties":{"type":"garage","residential":false,"residents_est":0,"h3_10":"8a1e2e69c2f7fff","h3_11":"8b1e2e69c2f4fff"},"geometry":{"type":"Polygon","coordinates":[[[20.013011,50.005576],[20.01312,50.00551],[20.013184,50.005547],[20.013077,50.005615],[20.013011,50.005576]]]}},{"type":"Feature","id":"w1174604661","properties":{"type":"yes","residential":false,"residents_est":0,"h3_10":"8a1e2e69c2affff","h3_11":"8b1e2e69c2adfff"},"geometry":{"type":"Polygon","coordinates":[[[20.01201,50.00585],[20.012065,50.005824],[20.012094,50.005851],[20.012039,50.005876],[20.01201,50.00585]]]}},{"type":"Feature","id":"w1174604678","properties":{"type":"yes","residential":false,"residents_est":0,"h3_10":"8a1e2e69c2affff","h3_11":"8b1e2e69c2a9fff"},"geometry":{"type":"Polygon","coordinates":[[[20.012306,50.005318],[20.012334,50.005297],[20.012435,50.005354],[20.012407,50.005374],[20.012306,50.005318]]]}},{"type":"Feature","id":"w1174604679","properties":{"type":"yes","residential":false,"residents_est":0,"h3_10":"8a1e2e69c2affff","h3_11":"8b1e2e69c2a9fff"},"geometry":{"type":"Polygon","coordinates":[[[20.012278,50.005234],[20.012311,50.005203],[20.012335,50.005214],[20.01236,50.00519],[20.012393,50.005205],[20.012334,50.005259],[20.012278,50.005234]]]}},{"type":"Feature","id":"w1174604691","properties":{"type":"yes","residential":false,"residents_est":0,"h3_10":"8a1e2e69c2affff","h3_11":"8b1e2e69c2aefff"},"geometry":{"type":"Polygon","coordinates":[[[20.011098,50.005383],[20.01116,50.00535],[20.011213,50.005392],[20.01115,50.005424],[20.011098,50.005383]]]}},{"type":"Feature","id":"w1174612017","properties":{"type":"yes","residential":false,"residents_est":0,"h3_10":"8a1e2e69c2e7fff","h3_11":"8b1e2e69c2e6fff"},"geometry":{"type":"Polygon","coordinates":[[[20.014155,50.005531],[20.014183,50.005491],[20.014262,50.005515],[20.014234,50.005554],[20.014155,50.005531]]]}},{"type":"Feature","id":"w1174612030","properties":{"type":"greenhouse","residential":false,"residents_est":0,"h3_10":"8a1e2e69c2e7fff","h3_11":"8b1e2e69c2e4fff"},"geometry":{"type":"Polygon","coordinates":[[[20.014339,50.006256],[20.014416,50.006221],[20.014488,50.006288],[20.014411,50.006322],[20.014339,50.006256]]]}},{"type":"Feature","id":"w1174612034","properties":{"type":"yes","residential":true,"residents_est":1,"h3_10":"8a1e2e69c2e7fff","h3_11":"8b1e2e69c2e4fff"},"geometry":{"type":"Polygon","coordinates":[[[20.014581,50.006101],[20.014642,50.006025],[20.014707,50.006047],[20.014647,50.006122],[20.014581,50.006101]]]}},{"type":"Feature","id":"w1175186732","properties":{"type":"garages","residential":false,"residents_est":0,"h3_10":"8a1e2e69c287fff","h3_11":"8b1e2e69c285fff"},"geometry":{"type":"Polygon","coordinates":[[[20.010744,50.005015],[20.011002,50.004859],[20.01107,50.004905],[20.010811,50.005061],[20.010744,50.005015]]]}},{"type":"Feature","id":"w1175186733","properties":{"type":"garages","residential":false,"residents_est":0,"h3_10":"8a1e2e69c287fff","h3_11":"8b1e2e69c285fff"},"geometry":{"type":"Polygon","coordinates":[[[20.010615,50.00487],[20.010798,50.004748],[20.010842,50.004775],[20.01071,50.004863],[20.010688,50.004849],[20.010637,50.004883],[20.010615,50.00487]]]}},{"type":"Feature","id":"w1175186734","properties":{"type":"garage","residential":false,"residents_est":0,"h3_10":"8a1e2e69c287fff","h3_11":"8b1e2e69c281fff"},"geometry":{"type":"Polygon","coordinates":[[[20.010816,50.004819],[20.010885,50.004769],[20.010941,50.004801],[20.010872,50.004851],[20.010816,50.004819]]]}},{"type":"Feature","id":"w1175186735","properties":{"type":"garage","residential":false,"residents_est":0,"h3_10":"8a1e2e69c287fff","h3_11":"8b1e2e69c281fff"},"geometry":{"type":"Polygon","coordinates":[[[20.01076,50.004697],[20.010818,50.004656],[20.010877,50.00469],[20.010818,50.004731],[20.01076,50.004697]]]}},{"type":"Feature","id":"w1175189204","properties":{"type":"garages","residential":false,"residents_est":0,"h3_10":"8a1e2e69c2b7fff","h3_11":"8b1e2e69c2b3fff"},"geometry":{"type":"Polygon","coordinates":[[[20.009036,50.004737],[20.009103,50.004706],[20.009117,50.004717],[20.009186,50.004685],[20.009224,50.004719],[20.009156,50.00475],[20.009168,50.00476],[20.009098,50.004793],[20.009036,50.004737]]]}},{"type":"Feature","id":"w1175189207","properties":{"type":"yes","residential":true,"residents_est":1,"h3_10":"8a1e2e69c2b7fff","h3_11":"8b1e2e69c2b3fff"},"geometry":{"type":"Polygon","coordinates":[[[20.008376,50.004503],[20.00852,50.004441],[20.008589,50.004506],[20.008444,50.004568],[20.008376,50.004503]]]}},{"type":"Feature","id":"w1175189220","properties":{"type":"garages","residential":false,"residents_est":0,"h3_10":"8a1e2e69c297fff","h3_11":"8b1e2e69c295fff"},"geometry":{"type":"Polygon","coordinates":[[[20.008997,50.004075],[20.009055,50.004008],[20.009129,50.004034],[20.009071,50.004101],[20.008997,50.004075]]]}},{"type":"Feature","id":"w1175194074","properties":{"type":"garage","residential":false,"residents_est":0,"h3_10":"8a1e2e69c297fff","h3_11":"8b1e2e69c294fff"},"geometry":{"type":"Polygon","coordinates":[[[20.008208,50.004123],[20.008221,50.004088],[20.008304,50.004102],[20.008291,50.004136],[20.008208,50.004123]]]}},{"type":"Feature","id":"w1175194549","properties":{"type":"garage","residential":false,"residents_est":0,"h3_10":"8a1e2e69c287fff","h3_11":"8b1e2e69c286fff"},"geometry":{"type":"Polygon","coordinates":[[[20.009286,50.004776],[20.009365,50.004757],[20.009384,50.004791],[20.009305,50.004809],[20.009286,50.004776]]]}},{"type":"Feature","id":"w1175194550","properties":{"type":"garage","residential":false,"residents_est":0,"h3_10":"8a1e2e69c287fff","h3_11":"8b1e2e69c286fff"},"geometry":{"type":"Polygon","coordinates":[[[20.009441,50.004661],[20.009511,50.004631],[20.009539,50.004657],[20.009469,50.004687],[20.009441,50.004661]]]}},{"type":"Feature","id":"w1176051937","properties":{"type":"hospital","name":"Pawilon nr 5B","residential":false,"residents_est":0,"h3_10":"8a1e2e69c3a7fff","h3_11":"8b1e2e69c3a4fff"},"geometry":{"type":"Polygon","coordinates":[[[20.006809,50.008475],[20.007229,50.008379],[20.00735,50.008603],[20.006934,50.008699],[20.006809,50.008475]]]}},{"type":"Feature","id":"w1177018592","properties":{"type":"yes","residential":false,"residents_est":0,"h3_10":"8a1e2e69c397fff","h3_11":"8b1e2e69c392fff"},"geometry":{"type":"Polygon","coordinates":[[[20.005693,50.005981],[20.005699,50.005948],[20.005785,50.005955],[20.005779,50.005988],[20.005693,50.005981]]]}},{"type":"Feature","id":"w1178254546","properties":{"type":"garage","residential":false,"residents_est":0,"h3_10":"8a1e2e69c22ffff","h3_11":"8b1e2e69c22cfff"},"geometry":{"type":"Polygon","coordinates":[[[20.013663,50.008203],[20.013734,50.008172],[20.013782,50.008216],[20.01371,50.008248],[20.013663,50.008203]]]}},{"type":"Feature","id":"w1179836275","properties":{"type":"yes","residential":false,"residents_est":0,"h3_10":"8a1e2e69c287fff","h3_11":"8b1e2e69c280fff"},"geometry":{"type":"Polygon","coordinates":[[[20.009988,50.004533],[20.010027,50.004489],[20.010092,50.004512],[20.010053,50.004557],[20.009988,50.004533]]]}},{"type":"Feature","id":"w1180484208","properties":{"type":"chapel","residential":false,"residents_est":0,"h3_10":"8a1e2e69c257fff","h3_11":"8b1e2e69c252fff"},"geometry":{"type":"Polygon","coordinates":[[[20.015643,50.00605],[20.015655,50.006031],[20.015677,50.006026],[20.015705,50.006037],[20.015709,50.00605],[20.0157,50.006062],[20.015682,50.006069],[20.015661,50.006067],[20.015643,50.00605]]]}},{"type":"Feature","id":"w1302504944","properties":{"type":"garage","residential":false,"residents_est":0,"h3_10":"8a1e2e69c22ffff","h3_11":"8b1e2e69c228fff"},"geometry":{"type":"Polygon","coordinates":[[[20.014037,50.008116],[20.014107,50.008104],[20.014126,50.008149],[20.014056,50.008161],[20.014037,50.008116]]]}},{"type":"Feature","id":"w1349970924","properties":{"type":"garage","residential":false,"residents_est":0,"h3_10":"8a1e2e69c32ffff","h3_11":"8b1e2e69c32dfff"},"geometry":{"type":"Polygon","coordinates":[[[20.012172,50.011032],[20.012243,50.011],[20.012292,50.011044],[20.012221,50.011077],[20.012172,50.011032]]]}},{"type":"Feature","id":"w1355935500","properties":{"type":"yes","residential":false,"residents_est":0,"h3_10":"8a1e2e69c277fff","h3_11":"8b1e2e69c275fff"},"geometry":{"type":"Polygon","coordinates":[[[20.016029,50.007866],[20.016079,50.007842],[20.016118,50.007875],[20.016069,50.007899],[20.016029,50.007866]]]}},{"type":"Feature","id":"w1355935501","properties":{"type":"garage","levels":1.0,"residential":false,"residents_est":0,"h3_10":"8a1e2e69c277fff","h3_11":"8b1e2e69c270fff"},"geometry":{"type":"Polygon","coordinates":[[[20.015949,50.007701],[20.015992,50.00768],[20.016038,50.007721],[20.015994,50.007742],[20.015949,50.007701]]]}},{"type":"Feature","id":"w1360227121","properties":{"type":"garbage_shed","residential":false,"residents_est":0,"h3_10":"8a1e2e69c347fff","h3_11":"8b1e2e69c346fff"},"geometry":{"type":"Polygon","coordinates":[[[20.014676,50.009764],[20.014762,50.009764],[20.014762,50.009798],[20.014676,50.009798],[20.014676,50.009764]]]}},{"type":"Feature","id":"w1360227135","properties":{"type":"apartments","levels":8.0,"address":"Podłęska 5","residential":true,"residents_est":71,"h3_10":"8a1e2e69c347fff","h3_11":"8b1e2e69c340fff"},"geometry":{"type":"Polygon","coordinates":[[[20.01544,50.009824],[20.015534,50.009473],[20.015707,50.009492],[20.015642,50.00973],[20.015892,50.00976],[20.015863,50.009871],[20.015605,50.009842],[20.015609,50.009827],[20.015533,50.009819],[20.015529,50.009833],[20.01544,50.009824]]]}},{"type":"Feature","id":"w1360227169","properties":{"type":"garbage_shed","residential":false,"residents_est":0,"h3_10":"8a1e2e69c30ffff","h3_11":"8b1e2e69c309fff"},"geometry":{"type":"Polygon","coordinates":[[[20.012919,50.009497],[20.012967,50.009479],[20.012999,50.009512],[20.012951,50.009531],[20.012919,50.009497]]]}},{"type":"Feature","id":"w1379290431","properties":{"type":"warehouse","residential":false,"residents_est":0,"h3_10":"8a1e2e69c2c7fff","h3_11":"8b1e2e69c2c6fff"},"geometry":{"type":"Polygon","coordinates":[[[20.013921,50.004815],[20.014383,50.004613],[20.014468,50.004648],[20.013975,50.004866],[20.013921,50.004815]]]}},{"type":"Feature","id":"w1379290432","properties":{"type":"warehouse","residential":false,"residents_est":0,"h3_10":"8a1e2e69c2f7fff","h3_11":"8b1e2e69c2f3fff"},"geometry":{"type":"Polygon","coordinates":[[[20.013348,50.004788],[20.014043,50.004481],[20.014236,50.004662],[20.013541,50.004969],[20.013348,50.004788]]]}},{"type":"Feature","id":"w1389010229","properties":{"type":"service","residential":false,"residents_est":0,"h3_10":"8a1e2e69c217fff","h3_11":"8b1e2e69c213fff"},"geometry":{"type":"Polygon","coordinates":[[[20.011661,50.006137],[20.011679,50.006113],[20.011779,50.006144],[20.011761,50.006168],[20.011661,50.006137]]]}},{"type":"Feature","id":"w1419037698","properties":{"type":"yes","residential":true,"residents_est":1,"h3_10":"8a1e2e69c32ffff","h3_11":"8b1e2e69c32dfff"},"geometry":{"type":"Polygon","coordinates":[[[20.011986,50.010998],[20.01205,50.010969],[20.012127,50.011039],[20.012063,50.011068],[20.011986,50.010998]]]}},{"type":"Feature","id":"w1425996516","properties":{"type":"garage","levels":1.0,"residential":false,"residents_est":0,"h3_10":"8a1e2e69c21ffff","h3_11":"8b1e2e69c21efff"},"geometry":{"type":"Polygon","coordinates":[[[20.012479,50.006053],[20.012512,50.006038],[20.01256,50.006083],[20.012527,50.006098],[20.012479,50.006053]]]}},{"type":"Feature","id":"w1425996517","properties":{"type":"garage","levels":1.0,"residential":false,"residents_est":0,"h3_10":"8a1e2e69c21ffff","h3_11":"8b1e2e69c21efff"},"geometry":{"type":"Polygon","coordinates":[[[20.012512,50.006038],[20.012546,50.006024],[20.012593,50.006069],[20.01256,50.006083],[20.012512,50.006038]]]}},{"type":"Feature","id":"w1425996518","properties":{"type":"garage","levels":1.0,"residential":false,"residents_est":0,"h3_10":"8a1e2e69c21ffff","h3_11":"8b1e2e69c21efff"},"geometry":{"type":"Polygon","coordinates":[[[20.012546,50.006024],[20.012579,50.006009],[20.012627,50.006054],[20.012593,50.006069],[20.012546,50.006024]]]}},{"type":"Feature","id":"w1425996519","properties":{"type":"garage","levels":1.0,"residential":false,"residents_est":0,"h3_10":"8a1e2e69c21ffff","h3_11":"8b1e2e69c21efff"},"geometry":{"type":"Polygon","coordinates":[[[20.012579,50.006009],[20.012612,50.005994],[20.01266,50.006039],[20.012627,50.006054],[20.012579,50.006009]]]}},{"type":"Feature","id":"w1425996520","properties":{"type":"garage","levels":1.0,"residential":false,"residents_est":0,"h3_10":"8a1e2e69c21ffff","h3_11":"8b1e2e69c21efff"},"geometry":{"type":"Polygon","coordinates":[[[20.012612,50.005994],[20.012645,50.005979],[20.012693,50.006025],[20.01266,50.006039],[20.012612,50.005994]]]}},{"type":"Feature","id":"w1425996521","properties":{"type":"garage","levels":1.0,"residential":false,"residents_est":0,"h3_10":"8a1e2e69c21ffff","h3_11":"8b1e2e69c21efff"},"geometry":{"type":"Polygon","coordinates":[[[20.012645,50.005979],[20.012679,50.005965],[20.012727,50.00601],[20.012693,50.006025],[20.012645,50.005979]]]}},{"type":"Feature","id":"w1425996522","properties":{"type":"garage","levels":1.0,"residential":false,"residents_est":0,"h3_10":"8a1e2e69c21ffff","h3_11":"8b1e2e69c21efff"},"geometry":{"type":"Polygon","coordinates":[[[20.012679,50.005965],[20.012712,50.00595],[20.01276,50.005996],[20.012727,50.00601],[20.012679,50.005965]]]}},{"type":"Feature","id":"w1425996523","properties":{"type":"garage","levels":1.0,"residential":false,"residents_est":0,"h3_10":"8a1e2e69c21ffff","h3_11":"8b1e2e69c21afff"},"geometry":{"type":"Polygon","coordinates":[[[20.012712,50.00595],[20.012745,50.005936],[20.012793,50.005981],[20.01276,50.005996],[20.012712,50.00595]]]}},{"type":"Feature","id":"w1425996524","properties":{"type":"garage","levels":1.0,"residential":false,"residents_est":0,"h3_10":"8a1e2e69c21ffff","h3_11":"8b1e2e69c21afff"},"geometry":{"type":"Polygon","coordinates":[[[20.012745,50.005936],[20.012779,50.005921],[20.012827,50.005966],[20.012793,50.005981],[20.012745,50.005936]]]}},{"type":"Feature","id":"w1425996525","properties":{"type":"garage","levels":1.0,"residential":false,"residents_est":0,"h3_10":"8a1e2e69c21ffff","h3_11":"8b1e2e69c21efff"},"geometry":{"type":"Polygon","coordinates":[[[20.012317,50.006041],[20.012331,50.006004],[20.012393,50.005977],[20.012366,50.006048],[20.012317,50.006041]]]}},{"type":"Feature","id":"w1425996526","properties":{"type":"garage","levels":1.0,"residential":false,"residents_est":0,"h3_10":"8a1e2e69c21ffff","h3_11":"8b1e2e69c21efff"},"geometry":{"type":"Polygon","coordinates":[[[20.012378,50.006015],[20.012393,50.005977],[20.012452,50.005951],[20.012424,50.006023],[20.012378,50.006015]]]}},{"type":"Feature","id":"w1425996527","properties":{"type":"garage","levels":1.0,"residential":false,"residents_est":0,"h3_10":"8a1e2e69c21ffff","h3_11":"8b1e2e69c21efff"},"geometry":{"type":"Polygon","coordinates":[[[20.012437,50.00599],[20.012452,50.005951],[20.012509,50.005925],[20.012483,50.005997],[20.012437,50.00599]]]}},{"type":"Feature","id":"w1425996528","properties":{"type":"garage","levels":1.0,"residential":false,"residents_est":0,"h3_10":"8a1e2e69c21ffff","h3_11":"8b1e2e69c21efff"},"geometry":{"type":"Polygon","coordinates":[[[20.012496,50.005962],[20.012509,50.005925],[20.012573,50.005897],[20.012544,50.005971],[20.012496,50.005962]]]}},{"type":"Feature","id":"w1425996529","properties":{"type":"garage","levels":1.0,"residential":false,"residents_est":0,"h3_10":"8a1e2e69c21ffff","h3_11":"8b1e2e69c21afff"},"geometry":{"type":"Polygon","coordinates":[[[20.012557,50.005937],[20.012573,50.005897],[20.012632,50.005872],[20.012603,50.005945],[20.012557,50.005937]]]}},{"type":"Feature","id":"w1425996530","properties":{"type":"garage","levels":1.0,"residential":false,"residents_est":0,"h3_10":"8a1e2e69c21ffff","h3_11":"8b1e2e69c21afff"},"geometry":{"type":"Polygon","coordinates":[[[20.012615,50.005914],[20.012632,50.005872],[20.012692,50.005845],[20.012663,50.005921],[20.012615,50.005914]]]}},{"type":"Feature","id":"w1464077987","properties":{"type":"retail","address":"Aleksandry 28A","residential":false,"residents_est":0,"h3_10":"8a1e2e69c267fff","h3_11":"8b1e2e69c261fff"},"geometry":{"type":"Polygon","coordinates":[[[20.017768,50.008335],[20.017771,50.008212],[20.018225,50.008216],[20.01809,50.008324],[20.018,50.008323],[20.018,50.008337],[20.017768,50.008335]]]}},{"type":"Feature","id":"w1492226988","properties":{"type":"apartments","levels":3.0,"address":"Kaimska 15","residential":true,"residents_est":9,"h3_10":"8a1e2e69c277fff","h3_11":"8b1e2e69c271fff"},"geometry":{"type":"Polygon","coordinates":[[[20.01654,50.00762],[20.016634,50.007578],[20.016627,50.007572],[20.016721,50.007531],[20.016846,50.007649],[20.016753,50.00769],[20.016739,50.007677],[20.016645,50.007719],[20.01654,50.00762]]]}},{"type":"Feature","id":"w1499314590","properties":{"type":"construction","residential":false,"residents_est":0,"h3_10":"8a1e2e69c2f7fff","h3_11":"8b1e2e69c2f6fff"},"geometry":{"type":"Polygon","coordinates":[[[20.01267,50.004787],[20.012709,50.004742],[20.012862,50.004796],[20.012823,50.004841],[20.01267,50.004787]]]}}]}