{"type":"FeatureCollection","features":[{"type":"Feature","id":"w155905374","properties":{"type":"yes","address":"Walerego Eliasza Radzikowskiego 24","residential":true,"residents_est":2,"h3_10":"8a1e2e6b4367fff","h3_11":"8b1e2e6b4364fff"},"geometry":{"type":"Polygon","coordinates":[[[19.911628,50.082908],[19.911674,50.082901],[19.911671,50.082893],[19.911736,50.082883],[19.911761,50.08295],[19.91179,50.082946],[19.911805,50.082988],[19.911685,50.083007],[19.911677,50.082984],[19.911658,50.082987],[19.911628,50.082908]]]}},{"type":"Feature","id":"w155905566","properties":{"type":"apartments","address":"Walerego Eliasza Radzikowskiego 18","residential":true,"residents_est":15,"h3_10":"8a1e2e6b4367fff","h3_11":"8b1e2e6b4365fff"},"geometry":{"type":"Polygon","coordinates":[[[19.912581,50.082738],[19.912718,50.082715],[19.912767,50.082837],[19.912718,50.082845],[19.912724,50.08286],[19.912691,50.082866],[19.912706,50.082903],[19.912651,50.082912],[19.912581,50.082738]]]}},{"type":"Feature","id":"w155905568","properties":{"type":"detached","address":"Walerego Eliasza Radzikowskiego 20","residential":true,"residents_est":4,"h3_10":"8a1e2e6b4367fff","h3_11":"8b1e2e6b4365fff"},"geometry":{"type":"Polygon","coordinates":[[[19.912271,50.082817],[19.912406,50.082795],[19.912436,50.082872],[19.912383,50.08288],[19.912396,50.082915],[19.912364,50.08292],[19.912352,50.082886],[19.912301,50.082894],[19.912271,50.082817]]]}},{"type":"Feature","id":"w230183523","properties":{"type":"apartments","address":"Jadwigi z Łobzowa 1","residential":true,"residents_est":12,"h3_10":"8a1e2e6b4297fff","h3_11":"8b1e2e6b4296fff"},"geometry":{"type":"Polygon","coordinates":[[[19.904881,50.075498],[19.904923,50.075397],[19.905084,50.075423],[19.905036,50.075524],[19.904881,50.075498]]]}},{"type":"Feature","id":"w230183567","properties":{"type":"apartments","address":"Jadwigi z Łobzowa 1b","residential":true,"residents_est":7,"h3_10":"8a1e2e6b4297fff","h3_11":"8b1e2e6b4296fff"},"geometry":{"type":"Polygon","coordinates":[[[19.905038,50.075521],[19.905084,50.075423],[19.905104,50.075426],[19.905115,50.075403],[19.905163,50.075411],[19.905161,50.075446],[19.905148,50.075446],[19.905149,50.075519],[19.905038,50.075521]]]}},{"type":"Feature","id":"w230183568","properties":{"type":"house","levels":1.0,"address":"Jadwigi z Łobzowa 1a","residential":true,"residents_est":3,"h3_10":"8a1e2e6b4297fff","h3_11":"8b1e2e6b4296fff"},"geometry":{"type":"Polygon","coordinates":[[[19.905265,50.075561],[19.905306,50.075461],[19.905522,50.075497],[19.90548,50.075597],[19.905265,50.075561]]]}},{"type":"Feature","id":"w230183574","properties":{"type":"apartments","levels":4.0,"address":"Jadwigi z Łobzowa 2","residential":true,"residents_est":58,"h3_10":"8a1e2e6b4297fff","h3_11":"8b1e2e6b4290fff"},"geometry":{"type":"Polygon","coordinates":[[[19.90547,50.0751],[19.90564,50.075081],[19.905803,50.075664],[19.905632,50.075684],[19.90547,50.0751]]]}},{"type":"Feature","id":"w230183634","properties":{"type":"apartments","levels":11.0,"address":"Piastowska 50","residential":true,"residents_est":61,"h3_10":"8a1e2e6b4297fff","h3_11":"8b1e2e6b4292fff"},"geometry":{"type":"Polygon","coordinates":[[[19.905235,50.074775],[19.905413,50.074748],[19.90549,50.074959],[19.905312,50.074986],[19.905235,50.074775]]]}},{"type":"Feature","id":"w230183713","properties":{"type":"apartments","levels":5.0,"address":"Bronowicka 4a","residential":true,"residents_est":16,"h3_10":"8a1e2e6b42b7fff","h3_11":"8b1e2e6b42b2fff"},"geometry":{"type":"Polygon","coordinates":[[[19.904773,50.075945],[19.904957,50.075927],[19.904983,50.076038],[19.904957,50.07604],[19.90496,50.076053],[19.904914,50.076057],[19.904917,50.076069],[19.904858,50.076073],[19.904855,50.076057],[19.90484,50.076059],[19.904836,50.076038],[19.904796,50.076042],[19.904773,50.075945]]]}},{"type":"Feature","id":"w230183925","properties":{"type":"retail","levels":1.0,"address":"Bronowicka 2a","residential":false,"residents_est":0,"h3_10":"8a1e2e6b4297fff","h3_11":"8b1e2e6b4294fff"},"geometry":{"type":"Polygon","coordinates":[[[19.905349,50.075743],[19.905421,50.075737],[19.905439,50.075809],[19.905361,50.075812],[19.905349,50.075743]]]}},{"type":"Feature","id":"w230184173","properties":{"type":"house","levels":3.0,"address":"Jadwigi z Łobzowa 4","residential":true,"residents_est":11,"h3_10":"8a1e2e6b4297fff","h3_11":"8b1e2e6b4296fff"},"geometry":{"type":"Polygon","coordinates":[[[19.90517,50.075261],[19.905198,50.075189],[19.905173,50.075185],[19.905204,50.07511],[19.90527,50.075122],[19.905275,50.075111],[19.905361,50.075126],[19.90533,50.075213],[19.905353,50.075217],[19.905325,50.075287],[19.90517,50.075261]]]}},{"type":"Feature","id":"w230244755","properties":{"type":"yes","address":"Grenadierów 1","residential":true,"residents_est":21,"h3_10":"8a1e2e6b439ffff","h3_11":"8b1e2e6b4399fff"},"geometry":{"type":"Polygon","coordinates":[[[19.905703,50.077772],[19.905732,50.077767],[19.905715,50.077726],[19.906348,50.077622],[19.90637,50.07768],[19.906385,50.077685],[19.906399,50.077717],[19.906385,50.077729],[19.905729,50.077836],[19.905703,50.077772]]]}},{"type":"Feature","id":"w230244757","properties":{"type":"apartments","address":"Zaczarowane Koło 1","residential":true,"residents_est":35,"h3_10":"8a1e2e6b43b7fff","h3_11":"8b1e2e6b43b2fff"},"geometry":{"type":"Polygon","coordinates":[[[19.902536,50.07866],[19.902647,50.078642],[19.902645,50.078636],[19.902655,50.078634],[19.902731,50.078622],[19.902733,50.078628],[19.902858,50.078601],[19.902981,50.078587],[19.903016,50.07869],[19.902577,50.078762],[19.902536,50.07866]]]}},{"type":"Feature","id":"w230244760","properties":{"type":"apartments","levels":5.0,"address":"Bartosza Głowackiego 10","residential":true,"residents_est":73,"h3_10":"8a1e2e6b42a7fff","h3_11":"8b1e2e6b42a6fff"},"geometry":{"type":"Polygon","coordinates":[[[19.905707,50.077115],[19.905865,50.077089],[19.905886,50.077138],[19.906017,50.077116],[19.90605,50.07711],[19.90603,50.07706],[19.906195,50.077032],[19.906216,50.077082],[19.906241,50.077078],[19.906284,50.077182],[19.906292,50.077181],[19.906314,50.077236],[19.906175,50.077259],[19.906171,50.077249],[19.906113,50.077259],[19.906115,50.077264],[19.906035,50.077284],[19.905912,50.077293],[19.905917,50.077304],[19.905793,50.077325],[19.905707,50.077115]]]}},{"type":"Feature","id":"w230244769","properties":{"type":"apartments","levels":5.0,"address":"Bartosza Głowackiego 10a","residential":true,"residents_est":110,"h3_10":"8a1e2e6b439ffff","h3_11":"8b1e2e6b439afff"},"geometry":{"type":"Polygon","coordinates":[[[19.904453,50.077308],[19.904706,50.077266],[19.904737,50.077344],[19.904833,50.077329],[19.904856,50.077325],[19.904853,50.077317],[19.9049,50.077309],[19.904903,50.077317],[19.90508,50.077288],[19.905077,50.07728],[19.905124,50.077272],[19.905128,50.07728],[19.905246,50.07726],[19.905216,50.077182],[19.905469,50.07714],[19.905538,50.077325],[19.905371,50.077355],[19.905364,50.07734],[19.905343,50.077343],[19.905348,50.077356],[19.905183,50.077384],[19.905178,50.07737],[19.905156,50.077374],[19.905163,50.07739],[19.904908,50.077432],[19.904902,50.077416],[19.904879,50.07742],[19.904884,50.077433],[19.90472,50.07746],[19.904715,50.077447],[19.904693,50.077451],[19.904699,50.077467],[19.90453,50.077491],[19.904453,50.077308]]]}},{"type":"Feature","id":"w230244774","properties":{"type":"house","levels":3.0,"address":"Wojciecha Halczyna 10a","residential":true,"residents_est":5,"h3_10":"8a1e2e6b43affff","h3_11":"8b1e2e6b43adfff"},"geometry":{"type":"Polygon","coordinates":[[[19.906508,50.079729],[19.906617,50.079709],[19.906658,50.079807],[19.90655,50.079826],[19.906508,50.079729]]]}},{"type":"Feature","id":"w230244781","properties":{"type":"apartments","levels":5.0,"address":"Bartosza Głowackiego 10b","residential":true,"residents_est":109,"h3_10":"8a1e2e6b4397fff","h3_11":"8b1e2e6b4393fff"},"geometry":{"type":"Polygon","coordinates":[[[19.90306,50.077531],[19.903313,50.077489],[19.903344,50.077567],[19.903464,50.077548],[19.903854,50.077483],[19.903823,50.077405],[19.904076,50.077363],[19.904144,50.077548],[19.903977,50.077578],[19.903971,50.077562],[19.903949,50.077566],[19.903955,50.077579],[19.903789,50.077606],[19.903784,50.077593],[19.903763,50.077597],[19.903769,50.077613],[19.903515,50.077655],[19.903509,50.077639],[19.903487,50.077642],[19.903492,50.077655],[19.903327,50.077683],[19.903322,50.07767],[19.903301,50.077673],[19.903308,50.077689],[19.903137,50.077714],[19.90306,50.077531]]]}},{"type":"Feature","id":"w230244787","properties":{"type":"house","levels":3.0,"address":"Wojciecha Halczyna 10b","residential":true,"residents_est":5,"h3_10":"8a1e2e6b43affff","h3_11":"8b1e2e6b43adfff"},"geometry":{"type":"Polygon","coordinates":[[[19.9064,50.079749],[19.906508,50.079729],[19.90655,50.079826],[19.906441,50.079845],[19.9064,50.079749]]]}},{"type":"Feature","id":"w230244792","properties":{"type":"house","address":"Wojciecha Halczyna 11","residential":true,"residents_est":6,"h3_10":"8a1e2e6b4317fff","h3_11":"8b1e2e6b4313fff"},"geometry":{"type":"Polygon","coordinates":[[[19.906262,50.080138],[19.906435,50.080105],[19.906479,50.080204],[19.906426,50.080214],[19.906432,50.080227],[19.906391,50.080235],[19.906385,50.080222],[19.906307,50.080237],[19.906262,50.080138]]]}},{"type":"Feature","id":"w230244797","properties":{"type":"house","address":"Wojciecha Halczyna 12","residential":true,"residents_est":4,"h3_10":"8a1e2e6b43affff","h3_11":"8b1e2e6b43acfff"},"geometry":{"type":"Polygon","coordinates":[[[19.906116,50.079818],[19.906169,50.079808],[19.906166,50.079801],[19.906263,50.079783],[19.906301,50.07987],[19.906151,50.079897],[19.906116,50.079818]]]}},{"type":"Feature","id":"w230244801","properties":{"type":"house","address":"Wojciecha Halczyna 13","residential":true,"residents_est":4,"h3_10":"8a1e2e6b4317fff","h3_11":"8b1e2e6b4313fff"},"geometry":{"type":"Polygon","coordinates":[[[19.905998,50.080189],[19.906094,50.080172],[19.906158,50.080317],[19.906063,50.080335],[19.905998,50.080189]]]}},{"type":"Feature","id":"w230244804","properties":{"type":"apartments","levels":2.0,"address":"Bartosza Głowackiego 14","residential":true,"residents_est":9,"h3_10":"8a1e2e6b42a7fff","h3_11":"8b1e2e6b42a4fff"},"geometry":{"type":"Polygon","coordinates":[[[19.906688,50.077413],[19.906868,50.077379],[19.906951,50.077551],[19.90677,50.077581],[19.906688,50.077413]]]}},{"type":"Feature","id":"w230244811","properties":{"type":"house","address":"Wojciecha Halczyna 14","residential":true,"residents_est":4,"h3_10":"8a1e2e6b43affff","h3_11":"8b1e2e6b43acfff"},"geometry":{"type":"Polygon","coordinates":[[[19.905821,50.079881],[19.905965,50.079855],[19.905961,50.079845],[19.906022,50.079836],[19.906055,50.07991],[19.905992,50.079921],[19.905995,50.079927],[19.905852,50.079952],[19.905821,50.079881]]]}},{"type":"Feature","id":"w230244816","properties":{"type":"house","address":"Wojciecha Halczyna 15","residential":true,"residents_est":4,"h3_10":"8a1e2e6b4317fff","h3_11":"8b1e2e6b4312fff"},"geometry":{"type":"Polygon","coordinates":[[[19.905901,50.080207],[19.905998,50.080189],[19.906063,50.080335],[19.905974,50.080351],[19.90595,50.080298],[19.905942,50.080299],[19.905901,50.080207]]]}},{"type":"Feature","id":"w230244820","properties":{"type":"retail","levels":1.0,"address":"Bartosza Głowackiego 16b","residential":false,"residents_est":0,"h3_10":"8a1e2e6b42a7fff","h3_11":"8b1e2e6b42a4fff"},"geometry":{"type":"Polygon","coordinates":[[[19.906582,50.077622],[19.906601,50.077609],[19.906895,50.077561],[19.906986,50.077748],[19.906785,50.077789],[19.906753,50.077723],[19.90663,50.077743],[19.906582,50.077622]]]}},{"type":"Feature","id":"w230244825","properties":{"type":"house","address":"Wojciecha Halczyna 17","residential":true,"residents_est":5,"h3_10":"8a1e2e6b4317fff","h3_11":"8b1e2e6b4312fff"},"geometry":{"type":"Polygon","coordinates":[[[19.905499,50.080187],[19.905656,50.080162],[19.9057,50.080273],[19.905544,50.080299],[19.905499,50.080187]]]}},{"type":"Feature","id":"w230244827","properties":{"type":"apartments","levels":6.0,"address":"Bronowicka 17a","residential":true,"residents_est":63,"h3_10":"8a1e2e6b42b7fff","h3_11":"8b1e2e6b42b4fff"},"geometry":{"type":"Polygon","coordinates":[[[19.904804,50.076898],[19.904905,50.07688],[19.904908,50.076888],[19.904977,50.076876],[19.904975,50.076869],[19.905112,50.076845],[19.905115,50.076853],[19.905182,50.076841],[19.905179,50.076834],[19.905281,50.076816],[19.905299,50.076874],[19.905304,50.076873],[19.90532,50.07691],[19.905314,50.07691],[19.905343,50.076966],[19.905241,50.076984],[19.905239,50.076977],[19.905172,50.076989],[19.905174,50.076996],[19.905036,50.077019],[19.905034,50.077013],[19.904967,50.077024],[19.904969,50.077031],[19.904868,50.077048],[19.904849,50.076991],[19.904844,50.076991],[19.904829,50.076955],[19.904833,50.076955],[19.904804,50.076898]]]}},{"type":"Feature","id":"w230244829","properties":{"type":"house","address":"Wojciecha Halczyna 17a","residential":true,"residents_est":5,"h3_10":"8a1e2e6b4317fff","h3_11":"8b1e2e6b4312fff"},"geometry":{"type":"Polygon","coordinates":[[[19.905562,50.080296],[19.9057,50.080273],[19.905732,50.080347],[19.905726,50.080348],[19.905742,50.080393],[19.905596,50.08042],[19.905574,50.080368],[19.905592,50.080365],[19.905562,50.080296]]]}},{"type":"Feature","id":"w230244832","properties":{"type":"house","address":"Wojciecha Halczyna 18","residential":true,"residents_est":5,"h3_10":"8a1e2e6b43a7fff","h3_11":"8b1e2e6b43a1fff"},"geometry":{"type":"Polygon","coordinates":[[[19.905384,50.07993],[19.905418,50.079926],[19.905419,50.079916],[19.905437,50.079902],[19.905465,50.079901],[19.905484,50.079912],[19.90555,50.079902],[19.90559,50.079998],[19.905423,50.080027],[19.905384,50.07993]]]}},{"type":"Feature","id":"w230244835","properties":{"type":"house","address":"Wojciecha Halczyna 19","residential":true,"residents_est":4,"h3_10":"8a1e2e6b4317fff","h3_11":"8b1e2e6b4316fff"},"geometry":{"type":"Polygon","coordinates":[[[19.905143,50.080244],[19.90526,50.080224],[19.90528,50.080268],[19.905306,50.080263],[19.905322,50.080302],[19.905297,50.080308],[19.905308,50.080336],[19.90519,50.080358],[19.905143,50.080244]]]}},{"type":"Feature","id":"w230244836","properties":{"type":"garages","address":"Grenadierów 1a","residential":false,"residents_est":0,"h3_10":"8a1e2e6b439ffff","h3_11":"8b1e2e6b4399fff"},"geometry":{"type":"Polygon","coordinates":[[[19.905676,50.077542],[19.906363,50.077421],[19.906385,50.077473],[19.905698,50.077594],[19.905676,50.077542]]]}},{"type":"Feature","id":"w230244840","properties":{"type":"kindergarten","levels":1.0,"address":"Bartosza Głowackiego 2","residential":false,"residents_est":0,"h3_10":"8a1e2e6b42b7fff","h3_11":"8b1e2e6b42b3fff"},"geometry":{"type":"Polygon","coordinates":[[[19.905698,50.076122],[19.905965,50.07607],[19.905992,50.076127],[19.906162,50.076095],[19.906189,50.076153],[19.906183,50.076155],[19.906286,50.076359],[19.906118,50.076394],[19.906146,50.07645],[19.905897,50.076499],[19.905845,50.07639],[19.906016,50.076356],[19.905922,50.076198],[19.90575,50.076232],[19.905698,50.076122]]]}},{"type":"Feature","id":"w230244841","properties":{"type":"garages","residential":false,"residents_est":0,"h3_10":"8a1e2e6b438ffff","h3_11":"8b1e2e6b438afff"},"geometry":{"type":"Polygon","coordinates":[[[19.905857,50.07805],[19.906628,50.077923],[19.906647,50.077975],[19.905878,50.078101],[19.905857,50.07805]]]}},{"type":"Feature","id":"w230244843","properties":{"type":"house","address":"Wojciecha Halczyna 20","residential":true,"residents_est":5,"h3_10":"8a1e2e6b43a7fff","h3_11":"8b1e2e6b43a5fff"},"geometry":{"type":"Polygon","coordinates":[[[19.905082,50.079984],[19.905116,50.079977],[19.905125,50.07996],[19.905145,50.079953],[19.90517,50.079955],[19.905185,50.079965],[19.90525,50.079953],[19.905291,50.080052],[19.905123,50.080081],[19.905082,50.079984]]]}},{"type":"Feature","id":"w230244844","properties":{"type":"house","address":"Wojciecha Halczyna 20a","residential":true,"residents_est":4,"h3_10":"8a1e2e6b43a7fff","h3_11":"8b1e2e6b43a5fff"},"geometry":{"type":"Polygon","coordinates":[[[19.904836,50.080032],[19.904968,50.080009],[19.905007,50.080102],[19.904877,50.080125],[19.904836,50.080032]]]}},{"type":"Feature","id":"w230244846","properties":{"type":"house","address":"Wojciecha Halczyna 21","residential":true,"residents_est":5,"h3_10":"8a1e2e6b43a7fff","h3_11":"8b1e2e6b43a5fff"},"geometry":{"type":"Polygon","coordinates":[[[19.904831,50.080299],[19.905007,50.08027],[19.905053,50.080373],[19.904876,50.080405],[19.904831,50.080299]]]}},{"type":"Feature","id":"w230244847","properties":{"type":"house","address":"Wojciecha Halczyna 22","residential":true,"residents_est":4,"h3_10":"8a1e2e6b43a7fff","h3_11":"8b1e2e6b43a5fff"},"geometry":{"type":"Polygon","coordinates":[[[19.904535,50.08007],[19.90461,50.080056],[19.904607,50.080048],[19.904652,50.08004],[19.904693,50.080146],[19.904642,50.080155],[19.904648,50.080167],[19.904602,50.080174],[19.904596,50.080163],[19.904571,50.080168],[19.904535,50.08007]]]}},{"type":"Feature","id":"w230244850","properties":{"type":"apartments","levels":6.0,"address":"Bartosza Głowackiego 24","residential":true,"residents_est":238,"h3_10":"8a1e2e6b438ffff","h3_11":"8b1e2e6b438cfff"},"geometry":{"type":"Polygon","coordinates":[[[19.905658,50.078706],[19.905956,50.078657],[19.906009,50.078793],[19.905984,50.078797],[19.905994,50.078823],[19.906089,50.078807],[19.906095,50.078823],[19.906164,50.078812],[19.906158,50.078796],[19.906253,50.078781],[19.906243,50.078755],[19.906216,50.078759],[19.906163,50.078624],[19.906462,50.078575],[19.906515,50.07871],[19.90649,50.078714],[19.9065,50.078741],[19.906733,50.078702],[19.906699,50.078616],[19.906997,50.078567],[19.907077,50.078769],[19.906909,50.07879],[19.90691,50.078795],[19.906564,50.078852],[19.906557,50.078836],[19.906521,50.078842],[19.906527,50.078858],[19.906402,50.078872],[19.906405,50.078878],[19.906315,50.078893],[19.906309,50.078876],[19.906273,50.078882],[19.906279,50.078898],[19.906057,50.078934],[19.90605,50.078918],[19.906015,50.078924],[19.906021,50.07894],[19.905896,50.078954],[19.905898,50.07896],[19.905808,50.078975],[19.905802,50.078958],[19.905759,50.078965],[19.905658,50.078706]]]}},{"type":"Feature","id":"w230244851","properties":{"type":"house","address":"Wojciecha Halczyna 24","residential":true,"residents_est":3,"h3_10":"8a1e2e6b43a7fff","h3_11":"8b1e2e6b43a4fff"},"geometry":{"type":"Polygon","coordinates":[[[19.904326,50.080147],[19.904352,50.080142],[19.904338,50.080108],[19.90442,50.080093],[19.904466,50.080184],[19.904448,50.080187],[19.904452,50.0802],[19.904409,50.080207],[19.904404,50.080195],[19.90435,50.080204],[19.904326,50.080147]]]}},{"type":"Feature","id":"w230244866","properties":{"type":"apartments","levels":2.0,"address":"Czeladnicza 3","residential":true,"residents_est":5,"h3_10":"8a1e2e6b431ffff","h3_11":"8b1e2e6b431efff"},"geometry":{"type":"Polygon","coordinates":[[[19.90703,50.080037],[19.907192,50.080009],[19.907203,50.080034],[19.907185,50.080037],[19.907222,50.080123],[19.907077,50.080149],[19.90703,50.080037]]]}},{"type":"Feature","id":"w230244868","properties":{"type":"residential","address":"Wojciecha Halczyna 3","residential":true,"residents_est":11,"h3_10":"8a1e2e6b431ffff","h3_11":"8b1e2e6b431afff"},"geometry":{"type":"Polygon","coordinates":[[[19.907447,50.079837],[19.907606,50.079806],[19.907653,50.079919],[19.907491,50.079945],[19.907447,50.079837]]]}},{"type":"Feature","id":"w230244870","properties":{"type":"apartments","address":"Zaczarowane Koło 3","residential":true,"residents_est":35,"h3_10":"8a1e2e6b43b7fff","h3_11":"8b1e2e6b43b3fff"},"geometry":{"type":"Polygon","coordinates":[[[19.90299,50.078613],[19.903075,50.078593],[19.903151,50.078581],[19.903153,50.078587],[19.903296,50.078557],[19.903317,50.078554],[19.903319,50.078559],[19.90343,50.078541],[19.90347,50.078643],[19.903026,50.078716],[19.90299,50.078613]]]}},{"type":"Feature","id":"w230244874","properties":{"type":"apartments","address":"Lucjana Rydla 31","residential":true,"residents_est":50,"h3_10":"8a1e2e6b43b7fff","h3_11":"8b1e2e6b43b0fff"},"geometry":{"type":"Polygon","coordinates":[[[19.902766,50.078975],[19.902988,50.078933],[19.903,50.078962],[19.903348,50.0789],[19.903366,50.078942],[19.903423,50.078932],[19.90345,50.078995],[19.903328,50.079017],[19.903329,50.079032],[19.903294,50.079038],[19.903282,50.079025],[19.903167,50.079045],[19.903167,50.07906],[19.903132,50.079066],[19.903121,50.079054],[19.903039,50.079067],[19.903029,50.079042],[19.902976,50.079052],[19.90298,50.079062],[19.902946,50.079068],[19.902944,50.079063],[19.902813,50.079086],[19.902802,50.079061],[19.902811,50.07906],[19.902785,50.078999],[19.902777,50.079],[19.902766,50.078975]]]}},{"type":"Feature","id":"w230244875","properties":{"type":"yes","address":"Lucjana Rydla 31a","residential":true,"residents_est":22,"h3_10":"8a1e2e6b4387fff","h3_11":"8b1e2e6b4386fff"},"geometry":{"type":"Polygon","coordinates":[[[19.903907,50.078795],[19.904544,50.078696],[19.904552,50.078716],[19.904593,50.07871],[19.904625,50.078795],[19.904515,50.078812],[19.904481,50.078826],[19.90444,50.078824],[19.904327,50.078841],[19.9043,50.078854],[19.904253,50.078853],[19.904139,50.07887],[19.904104,50.078885],[19.904065,50.078882],[19.903947,50.078901],[19.903907,50.078795]]]}},{"type":"Feature","id":"w230244876","properties":{"type":"apartments","levels":2.0,"address":"Bartosza Głowackiego 32","residential":true,"residents_est":13,"h3_10":"8a1e2e6b431ffff","h3_11":"8b1e2e6b431afff"},"geometry":{"type":"Polygon","coordinates":[[[19.907266,50.079477],[19.907428,50.079445],[19.907453,50.079494],[19.907471,50.07949],[19.907481,50.079511],[19.907463,50.079515],[19.907513,50.07962],[19.907532,50.079617],[19.907542,50.079637],[19.907523,50.079642],[19.907548,50.079692],[19.907384,50.079723],[19.907266,50.079477]]]}},{"type":"Feature","id":"w230244878","properties":{"type":"apartments","levels":6.0,"address":"Lucjana Rydla 33","residential":true,"residents_est":92,"h3_10":"8a1e2e6b43b7fff","h3_11":"8b1e2e6b43b5fff"},"geometry":{"type":"Polygon","coordinates":[[[19.902885,50.079262],[19.903113,50.079222],[19.903118,50.079234],[19.903131,50.079233],[19.903159,50.079293],[19.903178,50.079316],[19.903206,50.079312],[19.903211,50.079325],[19.903447,50.079287],[19.903509,50.079442],[19.903424,50.079456],[19.903422,50.079449],[19.903271,50.079473],[19.903271,50.079479],[19.903194,50.079492],[19.903191,50.079486],[19.903012,50.079515],[19.902973,50.079417],[19.90296,50.079418],[19.902939,50.079364],[19.902926,50.079365],[19.902885,50.079262]]]}},{"type":"Feature","id":"w230244880","properties":{"type":"apartments","address":"Lucjana Rydla 35","residential":true,"residents_est":79,"h3_10":"8a1e2e6b43b7fff","h3_11":"8b1e2e6b43b1fff"},"geometry":{"type":"Polygon","coordinates":[[[19.903633,50.079144],[19.903657,50.079139],[19.903652,50.079127],[19.9039,50.079085],[19.903916,50.079124],[19.903895,50.079127],[19.903928,50.079208],[19.903956,50.079204],[19.903953,50.079195],[19.904008,50.079186],[19.904015,50.079205],[19.904049,50.079199],[19.904042,50.07918],[19.904168,50.07916],[19.90422,50.079287],[19.904243,50.079284],[19.904255,50.079315],[19.90378,50.079396],[19.903758,50.079344],[19.903717,50.079351],[19.903633,50.079144]]]}},{"type":"Feature","id":"w230244883","properties":{"type":"apartments","address":"Lucjana Rydla 37","residential":true,"residents_est":116,"h3_10":"8a1e2e6b4387fff","h3_11":"8b1e2e6b4384fff"},"geometry":{"type":"Polygon","coordinates":[[[19.904168,50.07916],[19.90473,50.079064],[19.9047,50.078991],[19.904682,50.078994],[19.904665,50.078955],[19.904914,50.078912],[19.904919,50.078926],[19.904944,50.078922],[19.904984,50.079023],[19.90496,50.079028],[19.904983,50.079081],[19.905007,50.079077],[19.905027,50.079125],[19.905049,50.079121],[19.905057,50.079143],[19.905035,50.079147],[19.905049,50.079181],[19.904392,50.079292],[19.904381,50.079267],[19.904344,50.079273],[19.904342,50.079267],[19.90422,50.079287],[19.904168,50.07916]]]}},{"type":"Feature","id":"w230244886","properties":{"type":"apartments","levels":7.0,"address":"Bartosza Głowackiego 4","residential":true,"residents_est":132,"h3_10":"8a1e2e6b42b7fff","h3_11":"8b1e2e6b42b5fff"},"geometry":{"type":"Polygon","coordinates":[[[19.905435,50.076739],[19.90598,50.076645],[19.906075,50.076878],[19.905842,50.076918],[19.905832,50.076896],[19.905753,50.076909],[19.905763,50.076932],[19.905531,50.076972],[19.905435,50.076739]]]}},{"type":"Feature","id":"w230244888","properties":{"type":"apartments","levels":3.0,"address":"Czeladnicza 4","residential":true,"residents_est":9,"h3_10":"8a1e2e6b431ffff","h3_11":"8b1e2e6b431efff"},"geometry":{"type":"Polygon","coordinates":[[[19.906652,50.080103],[19.906839,50.080069],[19.90689,50.080182],[19.906706,50.080215],[19.906652,50.080103]]]}},{"type":"Feature","id":"w230244893","properties":{"type":"detached","address":"Lucjana Rydla 45","residential":true,"residents_est":9,"h3_10":"8a1e2e6b43a7fff","h3_11":"8b1e2e6b43a6fff"},"geometry":{"type":"Polygon","coordinates":[[[19.904018,50.07964],[19.904135,50.079624],[19.904126,50.079603],[19.90427,50.079576],[19.904291,50.079622],[19.904315,50.079625],[19.904322,50.07964],[19.904306,50.079652],[19.904324,50.079694],[19.904181,50.079725],[19.904174,50.079709],[19.904134,50.079716],[19.904137,50.079725],[19.904063,50.079739],[19.904018,50.07964]]]}},{"type":"Feature","id":"w230244894","properties":{"type":"yes","levels":6.0,"address":"Lucjana Rydla 45a","residential":true,"residents_est":30,"h3_10":"8a1e2e6b43a7fff","h3_11":"8b1e2e6b43a0fff"},"geometry":{"type":"Polygon","coordinates":[[[19.904605,50.079484],[19.90482,50.079447],[19.904877,50.079585],[19.904917,50.079578],[19.904975,50.079717],[19.904761,50.079754],[19.904754,50.079739],[19.904702,50.079748],[19.904617,50.079543],[19.904629,50.079542],[19.904605,50.079484]]]}},{"type":"Feature","id":"w230244898","properties":{"type":"detached","address":"Lucjana Rydla 47a","residential":true,"residents_est":5,"h3_10":"8a1e2e6b43a7fff","h3_11":"8b1e2e6b43a6fff"},"geometry":{"type":"Polygon","coordinates":[[[19.903963,50.079921],[19.903987,50.079916],[19.903975,50.079884],[19.904027,50.079874],[19.904032,50.079867],[19.904062,50.079868],[19.904115,50.079858],[19.904132,50.0799],[19.904156,50.079896],[19.904177,50.079943],[19.904103,50.079956],[19.904111,50.079975],[19.90405,50.079987],[19.90404,50.079966],[19.903988,50.079977],[19.903963,50.079921]]]}},{"type":"Feature","id":"w230244901","properties":{"type":"house","address":"Wojciecha Halczyna 5","residential":true,"residents_est":6,"h3_10":"8a1e2e6b431ffff","h3_11":"8b1e2e6b431afff"},"geometry":{"type":"Polygon","coordinates":[[[19.907281,50.079863],[19.907446,50.079834],[19.907493,50.079948],[19.907329,50.079977],[19.907281,50.079863]]]}},{"type":"Feature","id":"w230244902","properties":{"type":"yes","address":"Zaczarowane Koło 5","residential":true,"residents_est":20,"h3_10":"8a1e2e6b4397fff","h3_11":"8b1e2e6b4395fff"},"geometry":{"type":"Polygon","coordinates":[[[19.903662,50.078513],[19.903686,50.078509],[19.90368,50.078496],[19.904297,50.078395],[19.904341,50.078499],[19.903699,50.078605],[19.903662,50.078513]]]}},{"type":"Feature","id":"w230244906","properties":{"type":"warehouse","levels":4.0,"address":"Lucjana Rydla 55","residential":false,"residents_est":0,"h3_10":"8a1e2e6b4337fff","h3_11":"8b1e2e6b4333fff"},"geometry":{"type":"Polygon","coordinates":[[[19.906134,50.081253],[19.906531,50.081177],[19.906649,50.081432],[19.906252,50.081507],[19.906134,50.081253]]]}},{"type":"Feature","id":"w230244907","properties":{"type":"yes","levels":5.0,"address":"Bartosza Głowackiego 56","name":"Zarząd Dróg Wojewódzkich w Krakowie","residential":true,"residents_est":29,"h3_10":"8a1e2e6b4307fff","h3_11":"8b1e2e6b4300fff"},"geometry":{"type":"Polygon","coordinates":[[[19.906902,50.081177],[19.907471,50.081064],[19.907534,50.081198],[19.906967,50.081311],[19.906902,50.081177]]]}},{"type":"Feature","id":"w230244910","properties":{"type":"detached","levels":2.0,"address":"Bartosza Głowackiego 58","residential":true,"residents_est":6,"h3_10":"8a1e2e6b432ffff","h3_11":"8b1e2e6b432afff"},"geometry":{"type":"Polygon","coordinates":[[[19.908543,50.081405],[19.908724,50.081372],[19.908778,50.081476],[19.908594,50.081509],[19.908543,50.081405]]]}},{"type":"Feature","id":"w230244912","properties":{"type":"warehouse","address":"Czeladnicza 6","residential":false,"residents_est":0,"h3_10":"8a1e2e6b431ffff","h3_11":"8b1e2e6b431efff"},"geometry":{"type":"Polygon","coordinates":[[[19.906893,50.080273],[19.90741,50.080168],[19.907394,50.080123],[19.907642,50.080074],[19.907662,50.080118],[19.907581,50.080134],[19.90764,50.080264],[19.90699,50.080394],[19.906965,50.080342],[19.907027,50.080327],[19.907016,50.080304],[19.906917,50.080324],[19.906893,50.080273]]]}},{"type":"Feature","id":"w230244915","properties":{"type":"apartments","levels":3.0,"address":"Wojciecha Halczyna 6","residential":true,"residents_est":12,"h3_10":"8a1e2e6b431ffff","h3_11":"8b1e2e6b431afff"},"geometry":{"type":"Polygon","coordinates":[[[19.906985,50.07958],[19.907155,50.07955],[19.907193,50.07964],[19.907183,50.079642],[19.907189,50.079656],[19.907205,50.079653],[19.907227,50.079705],[19.907211,50.079708],[19.907219,50.079729],[19.907162,50.079739],[19.907154,50.079718],[19.907079,50.079732],[19.907039,50.079636],[19.907011,50.079641],[19.906985,50.07958]]]}},{"type":"Feature","id":"w230244921","properties":{"type":"yes","address":"Grenadierów 7","residential":true,"residents_est":18,"h3_10":"8a1e2e6b4387fff","h3_11":"8b1e2e6b4383fff"},"geometry":{"type":"Polygon","coordinates":[[[19.904874,50.078326],[19.904887,50.078325],[19.904898,50.078301],[19.905354,50.078226],[19.905364,50.078211],[19.9054,50.078205],[19.90542,50.078214],[19.905482,50.078205],[19.905519,50.078299],[19.905438,50.078313],[19.90544,50.078318],[19.905394,50.078325],[19.905392,50.07832],[19.905235,50.078346],[19.905237,50.078351],[19.905191,50.078358],[19.905189,50.078353],[19.905033,50.078379],[19.905034,50.078384],[19.904988,50.078392],[19.904986,50.078387],[19.904903,50.078401],[19.904874,50.078326]]]}},{"type":"Feature","id":"w230244923","properties":{"type":"yes","address":"Zaczarowane Koło 7","residential":true,"residents_est":24,"h3_10":"8a1e2e6b4387fff","h3_11":"8b1e2e6b4382fff"},"geometry":{"type":"Polygon","coordinates":[[[19.904001,50.078084],[19.904087,50.07807],[19.904095,50.078061],[19.90413,50.078055],[19.904146,50.078061],[19.904253,50.078043],[19.904265,50.078073],[19.904285,50.078069],[19.904317,50.07815],[19.904349,50.078144],[19.904361,50.078174],[19.904381,50.07817],[19.904481,50.078422],[19.904461,50.078425],[19.904477,50.078464],[19.904398,50.078478],[19.904393,50.078465],[19.904331,50.078475],[19.904207,50.078175],[19.904169,50.078181],[19.904167,50.078176],[19.904045,50.078196],[19.904001,50.078084]]]}},{"type":"Feature","id":"w230244932","properties":{"type":"detached","levels":2.0,"address":"Wojciecha Halczyna 8","residential":true,"residents_est":4,"h3_10":"8a1e2e6b43affff","h3_11":"8b1e2e6b43adfff"},"geometry":{"type":"Polygon","coordinates":[[[19.906727,50.079726],[19.906866,50.0797],[19.906861,50.07969],[19.906924,50.079685],[19.906934,50.079745],[19.906886,50.079755],[19.90689,50.079765],[19.906755,50.079789],[19.906727,50.079726]]]}},{"type":"Feature","id":"w230244939","properties":{"type":"yes","address":"Grenadierów 9","residential":true,"residents_est":15,"h3_10":"8a1e2e6b4387fff","h3_11":"8b1e2e6b4380fff"},"geometry":{"type":"Polygon","coordinates":[[[19.904732,50.07838],[19.904777,50.078373],[19.904765,50.078344],[19.904874,50.078326],[19.905001,50.078634],[19.904836,50.078663],[19.904814,50.078655],[19.904805,50.07863],[19.904824,50.078615],[19.904807,50.07857],[19.904778,50.078564],[19.904769,50.078539],[19.904781,50.078525],[19.904789,50.078524],[19.904771,50.078479],[19.904742,50.078472],[19.904732,50.078447],[19.904752,50.078433],[19.904732,50.07838]]]}},{"type":"Feature","id":"w230244940","properties":{"type":"apartments","levels":2.0,"address":"Wojciecha Halczyna 9","residential":true,"residents_est":6,"h3_10":"8a1e2e6b431ffff","h3_11":"8b1e2e6b431efff"},"geometry":{"type":"Polygon","coordinates":[[[19.906629,50.079981],[19.906715,50.079965],[19.906722,50.079977],[19.906795,50.079964],[19.906839,50.080069],[19.906652,50.080103],[19.90663,50.080042],[19.906653,50.080039],[19.906629,50.079981]]]}},{"type":"Feature","id":"w230244943","properties":{"type":"yes","levels":6.0,"address":"Lucjana Rydla 45B","residential":true,"residents_est":30,"h3_10":"8a1e2e6b43affff","h3_11":"8b1e2e6b43aefff"},"geometry":{"type":"Polygon","coordinates":[[[19.905176,50.079386],[19.905391,50.079349],[19.905415,50.079406],[19.905427,50.079404],[19.905511,50.079608],[19.905459,50.079617],[19.905465,50.079632],[19.905251,50.079669],[19.905193,50.07953],[19.905234,50.079523],[19.905176,50.079386]]]}},{"type":"Feature","id":"w230244952","properties":{"type":"yes","residential":true,"residents_est":1,"h3_10":"8a1e2e6b43affff","h3_11":"8b1e2e6b43acfff"},"geometry":{"type":"Polygon","coordinates":[[[19.905871,50.079691],[19.905949,50.079676],[19.905952,50.079684],[19.906035,50.079668],[19.906053,50.079713],[19.905894,50.079743],[19.905871,50.079691]]]}},{"type":"Feature","id":"w230244955","properties":{"type":"garage","residential":false,"residents_est":0,"h3_10":"8a1e2e6b43a7fff","h3_11":"8b1e2e6b43a4fff"},"geometry":{"type":"Polygon","coordinates":[[[19.904471,50.080059],[19.904526,50.080049],[19.904568,50.08016],[19.904523,50.08017],[19.904471,50.080059]]]}},{"type":"Feature","id":"w230244976","properties":{"type":"retail","levels":1.0,"residential":false,"residents_est":0,"h3_10":"8a1e2e6b4337fff","h3_11":"8b1e2e6b4332fff"},"geometry":{"type":"Polygon","coordinates":[[[19.904955,50.081242],[19.905788,50.081088],[19.905778,50.081068],[19.905849,50.081055],[19.905906,50.081168],[19.905026,50.081335],[19.905009,50.081299],[19.904981,50.081303],[19.904955,50.081242]]]}},{"type":"Feature","id":"w230244995","properties":{"type":"yes","residential":true,"residents_est":4,"h3_10":"8a1e2e6b438ffff","h3_11":"8b1e2e6b438efff"},"geometry":{"type":"Polygon","coordinates":[[[19.905795,50.078114],[19.905878,50.078102],[19.905907,50.07818],[19.905826,50.078194],[19.905795,50.078114]]]}},{"type":"Feature","id":"w230244996","properties":{"type":"yes","residential":true,"residents_est":2,"h3_10":"8a1e2e6b4307fff","h3_11":"8b1e2e6b4304fff"},"geometry":{"type":"Polygon","coordinates":[[[19.906856,50.081375],[19.906942,50.081357],[19.906998,50.081477],[19.906908,50.081493],[19.906856,50.081375]]]}},{"type":"Feature","id":"w230244999","properties":{"type":"garages","residential":false,"residents_est":0,"h3_10":"8a1e2e6b438ffff","h3_11":"8b1e2e6b438afff"},"geometry":{"type":"Polygon","coordinates":[[[19.906436,50.078066],[19.906679,50.078026],[19.906699,50.078078],[19.906456,50.078118],[19.906436,50.078066]]]}},{"type":"Feature","id":"w230245000","properties":{"type":"yes","residential":true,"residents_est":5,"h3_10":"8a1e2e6b4397fff","h3_11":"8b1e2e6b4396fff"},"geometry":{"type":"Polygon","coordinates":[[[19.902937,50.077885],[19.903043,50.077847],[19.903235,50.078081],[19.903132,50.078117],[19.902937,50.077885]]]}},{"type":"Feature","id":"w230245011","properties":{"type":"office","levels":1.0,"address":"Lucjana Rydla 57","residential":false,"residents_est":0,"h3_10":"8a1e2e6b4337fff","h3_11":"8b1e2e6b4330fff"},"geometry":{"type":"Polygon","coordinates":[[[19.905487,50.081766],[19.905916,50.08169],[19.905959,50.081784],[19.905751,50.081821],[19.905744,50.081807],[19.905707,50.081814],[19.905714,50.081828],[19.905528,50.081859],[19.905487,50.081766]]]}},{"type":"Feature","id":"w230245014","properties":{"type":"garage","levels":1.0,"residential":false,"residents_est":0,"h3_10":"8a1e2e6b4307fff","h3_11":"8b1e2e6b4306fff"},"geometry":{"type":"Polygon","coordinates":[[[19.906679,50.080985],[19.906744,50.080973],[19.906817,50.081128],[19.906754,50.081141],[19.906679,50.080985]]]}},{"type":"Feature","id":"w230245015","properties":{"type":"warehouse","levels":1.0,"residential":false,"residents_est":0,"h3_10":"8a1e2e6b4307fff","h3_11":"8b1e2e6b4302fff"},"geometry":{"type":"Polygon","coordinates":[[[19.90694,50.080911],[19.907176,50.080864],[19.907219,50.080952],[19.906983,50.080999],[19.90694,50.080911]]]}},{"type":"Feature","id":"w230245023","properties":{"type":"office","levels":1.0,"address":"Lucjana Rydla 57","residential":false,"residents_est":0,"h3_10":"8a1e2e6b4337fff","h3_11":"8b1e2e6b4331fff"},"geometry":{"type":"Polygon","coordinates":[[[19.905916,50.08169],[19.906406,50.081588],[19.906449,50.081682],[19.906265,50.081722],[19.906258,50.081708],[19.906231,50.081713],[19.906203,50.081719],[19.906211,50.081733],[19.905959,50.081784],[19.905916,50.08169]]]}},{"type":"Feature","id":"w230245033","properties":{"type":"yes","residential":true,"residents_est":2,"h3_10":"8a1e2e6b4317fff","h3_11":"8b1e2e6b4311fff"},"geometry":{"type":"Polygon","coordinates":[[[19.906363,50.080412],[19.90648,50.080388],[19.906542,50.080524],[19.906422,50.080547],[19.906363,50.080412]]]}},{"type":"Feature","id":"w230245044","properties":{"type":"yes","levels":1.0,"residential":true,"residents_est":5,"h3_10":"8a1e2e6b431ffff","h3_11":"8b1e2e6b431cfff"},"geometry":{"type":"Polygon","coordinates":[[[19.90725,50.080481],[19.907569,50.080419],[19.907669,50.080628],[19.907348,50.080691],[19.90725,50.080481]]]}},{"type":"Feature","id":"w230245046","properties":{"type":"guardhouse","levels":1.0,"residential":false,"residents_est":0,"h3_10":"8a1e2e6b430ffff","h3_11":"8b1e2e6b430cfff"},"geometry":{"type":"Polygon","coordinates":[[[19.908471,50.081109],[19.908581,50.081087],[19.90861,50.081148],[19.908501,50.08117],[19.908471,50.081109]]]}},{"type":"Feature","id":"w230245050","properties":{"type":"yes","residential":false,"residents_est":0,"h3_10":"8a1e2e6b431ffff","h3_11":"8b1e2e6b431efff"},"geometry":{"type":"Polygon","coordinates":[[[19.907331,50.080044],[19.907413,50.080029],[19.907437,50.080083],[19.907353,50.080098],[19.907331,50.080044]]]}},{"type":"Feature","id":"w230245057","properties":{"type":"warehouse","levels":1.0,"residential":false,"residents_est":0,"h3_10":"8a1e2e6b4317fff","h3_11":"8b1e2e6b4315fff"},"geometry":{"type":"Polygon","coordinates":[[[19.905935,50.080953],[19.906475,50.08085],[19.906545,50.080999],[19.906004,50.081101],[19.905935,50.080953]]]}},{"type":"Feature","id":"w230245063","properties":{"type":"garages","residential":false,"residents_est":0,"h3_10":"8a1e2e6b438ffff","h3_11":"8b1e2e6b438efff"},"geometry":{"type":"Polygon","coordinates":[[[19.906019,50.078135],[19.906304,50.078088],[19.906325,50.07814],[19.90604,50.078187],[19.906019,50.078135]]]}},{"type":"Feature","id":"w230245069","properties":{"type":"retail","residential":false,"residents_est":0,"h3_10":"8a1e2e6b4337fff","h3_11":"8b1e2e6b4335fff"},"geometry":{"type":"Polygon","coordinates":[[[19.906131,50.081862],[19.90646,50.081805],[19.906483,50.081859],[19.906154,50.081916],[19.906131,50.081862]]]}},{"type":"Feature","id":"w230245072","properties":{"type":"yes","residential":true,"residents_est":4,"h3_10":"8a1e2e6b4397fff","h3_11":"8b1e2e6b4396fff"},"geometry":{"type":"Polygon","coordinates":[[[19.902685,50.077973],[19.90279,50.077936],[19.902988,50.078166],[19.902885,50.078204],[19.902685,50.077973]]]}},{"type":"Feature","id":"w230245073","properties":{"type":"outbuilding","levels":1.0,"residential":false,"residents_est":0,"h3_10":"8a1e2e6b4307fff","h3_11":"8b1e2e6b4304fff"},"geometry":{"type":"Polygon","coordinates":[[[19.907006,50.081597],[19.907093,50.081581],[19.907161,50.081737],[19.907076,50.081753],[19.907006,50.081597]]]}},{"type":"Feature","id":"w230245090","properties":{"type":"retail","address":"Bartosza Głowackiego 56","residential":false,"residents_est":0,"h3_10":"8a1e2e6b431ffff","h3_11":"8b1e2e6b431dfff"},"geometry":{"type":"Polygon","coordinates":[[[19.908025,50.080374],[19.908224,50.080335],[19.908243,50.080368],[19.908042,50.080409],[19.908025,50.080374]]]}},{"type":"Feature","id":"w230245096","properties":{"type":"warehouse","levels":1.0,"residential":false,"residents_est":0,"h3_10":"8a1e2e6b4317fff","h3_11":"8b1e2e6b4314fff"},"geometry":{"type":"Polygon","coordinates":[[[19.905181,50.080917],[19.906195,50.080715],[19.906265,50.080858],[19.90525,50.081062],[19.905181,50.080917]]]}},{"type":"Feature","id":"w230245120","properties":{"type":"retail","levels":1.0,"address":"Lucjana Rydla 55","residential":false,"residents_est":0,"h3_10":"8a1e2e6b4337fff","h3_11":"8b1e2e6b4336fff"},"geometry":{"type":"Polygon","coordinates":[[[19.905085,50.081466],[19.905186,50.081446],[19.905225,50.081531],[19.905125,50.08155],[19.905085,50.081466]]]}},{"type":"Feature","id":"w230245166","properties":{"type":"yes","residential":true,"residents_est":3,"h3_10":"8a1e2e6b4387fff","h3_11":"8b1e2e6b4380fff"},"geometry":{"type":"Polygon","coordinates":[[[19.904883,50.078656],[19.905055,50.078624],[19.905102,50.078743],[19.904929,50.078772],[19.904883,50.078656]]]}},{"type":"Feature","id":"w230245168","properties":{"type":"warehouse","levels":1.0,"residential":false,"residents_est":0,"h3_10":"8a1e2e6b4307fff","h3_11":"8b1e2e6b4302fff"},"geometry":{"type":"Polygon","coordinates":[[[19.906844,50.080931],[19.90694,50.080911],[19.906983,50.080999],[19.906886,50.081018],[19.906844,50.080931]]]}},{"type":"Feature","id":"w230245169","properties":{"type":"garage","residential":false,"residents_est":0,"h3_10":"8a1e2e6b431ffff","h3_11":"8b1e2e6b431efff"},"geometry":{"type":"Polygon","coordinates":[[[19.90679,50.07995],[19.906856,50.079939],[19.906907,50.080056],[19.906839,50.080069],[19.90679,50.07995]]]}},{"type":"Feature","id":"w230245181","properties":{"type":"outbuilding","levels":1.0,"residential":false,"residents_est":0,"h3_10":"8a1e2e6b4307fff","h3_11":"8b1e2e6b4304fff"},"geometry":{"type":"Polygon","coordinates":[[[19.906762,50.08172],[19.906856,50.081703],[19.906894,50.08179],[19.906802,50.081808],[19.906762,50.08172]]]}},{"type":"Feature","id":"w230245213","properties":{"type":"retail","levels":1.0,"residential":false,"residents_est":0,"h3_10":"8a1e2e6b4307fff","h3_11":"8b1e2e6b4300fff"},"geometry":{"type":"Polygon","coordinates":[[[19.907283,50.081355],[19.908396,50.081134],[19.908437,50.081219],[19.908486,50.081211],[19.908506,50.081255],[19.907346,50.081485],[19.907283,50.081355]]]}},{"type":"Feature","id":"w230245243","properties":{"type":"retail","levels":1.0,"residential":false,"residents_est":0,"h3_10":"8a1e2e6b4337fff","h3_11":"8b1e2e6b4330fff"},"geometry":{"type":"Polygon","coordinates":[[[19.905737,50.081339],[19.905859,50.081316],[19.905966,50.081548],[19.906054,50.081532],[19.906078,50.081585],[19.906064,50.081587],[19.906076,50.081612],[19.906089,50.081611],[19.905879,50.081652],[19.905737,50.081339]]]}},{"type":"Feature","id":"w230245279","properties":{"type":"semidetached_house","levels":2.0,"residential":true,"residents_est":6,"h3_10":"8a1e2e6b431ffff","h3_11":"8b1e2e6b431efff"},"geometry":{"type":"Polygon","coordinates":[[[19.906983,50.079929],[19.907154,50.079897],[19.907205,50.080007],[19.90703,50.080037],[19.906983,50.079929]]]}},{"type":"Feature","id":"w230245286","properties":{"type":"garage","residential":false,"residents_est":0,"h3_10":"8a1e2e6b4317fff","h3_11":"8b1e2e6b4312fff"},"geometry":{"type":"Polygon","coordinates":[[[19.90561,50.080116],[19.905701,50.0801],[19.905727,50.080164],[19.905662,50.080175],[19.905656,50.080162],[19.90563,50.080166],[19.90561,50.080116]]]}},{"type":"Feature","id":"w230245335","properties":{"type":"shed","residential":false,"residents_est":0,"h3_10":"8a1e2e6b42a7fff","h3_11":"8b1e2e6b42a4fff"},"geometry":{"type":"Polygon","coordinates":[[[19.906471,50.077388],[19.906631,50.077355],[19.906655,50.077404],[19.906613,50.077412],[19.906625,50.077439],[19.906588,50.077446],[19.9066,50.077472],[19.906532,50.077485],[19.906503,50.077434],[19.906494,50.077436],[19.906471,50.077388]]]}},{"type":"Feature","id":"w230245346","properties":{"type":"commercial","residential":false,"residents_est":0,"h3_10":"8a1e2e6b431ffff","h3_11":"8b1e2e6b4318fff"},"geometry":{"type":"Polygon","coordinates":[[[19.908035,50.080084],[19.908095,50.080071],[19.908173,50.080243],[19.908116,50.080254],[19.908105,50.08023],[19.908127,50.080226],[19.908091,50.08015],[19.90807,50.080155],[19.908035,50.080084]]]}},{"type":"Feature","id":"w230245348","properties":{"type":"outbuilding","levels":1.0,"residential":false,"residents_est":0,"h3_10":"8a1e2e6b4307fff","h3_11":"8b1e2e6b4304fff"},"geometry":{"type":"Polygon","coordinates":[[[19.906856,50.081703],[19.90694,50.081686],[19.906975,50.081763],[19.906889,50.081779],[19.906856,50.081703]]]}},{"type":"Feature","id":"w230245351","properties":{"type":"garages","residential":false,"residents_est":0,"h3_10":"8a1e2e6b43a7fff","h3_11":"8b1e2e6b43a0fff"},"geometry":{"type":"Polygon","coordinates":[[[19.904346,50.079696],[19.904451,50.079677],[19.904478,50.079738],[19.904373,50.079757],[19.904346,50.079696]]]}},{"type":"Feature","id":"w230245370","properties":{"type":"yes","residential":true,"residents_est":26,"h3_10":"8a1e2e6b439ffff","h3_11":"8b1e2e6b439cfff"},"geometry":{"type":"Polygon","coordinates":[[[19.904599,50.078027],[19.904622,50.078023],[19.904605,50.07798],[19.905405,50.077849],[19.905422,50.077892],[19.905445,50.077888],[19.905469,50.077951],[19.904623,50.078089],[19.904599,50.078027]]]}},{"type":"Feature","id":"w231816547","properties":{"type":"industrial","residential":false,"residents_est":0,"h3_10":"8a1e2e6b4297fff","h3_11":"8b1e2e6b4293fff"},"geometry":{"type":"Polygon","coordinates":[[[19.906378,50.07508],[19.906421,50.075048],[19.906571,50.075131],[19.906507,50.075178],[19.90643,50.075135],[19.906451,50.075121],[19.906378,50.07508]]]}},{"type":"Feature","id":"w231816729","properties":{"type":"industrial","address":"Piastowska 59","residential":false,"residents_est":0,"h3_10":"8a1e2e6b4297fff","h3_11":"8b1e2e6b4291fff"},"geometry":{"type":"Polygon","coordinates":[[[19.906299,50.075376],[19.90633,50.075352],[19.906326,50.07535],[19.906578,50.075162],[19.906686,50.07522],[19.906439,50.075412],[19.906402,50.075433],[19.906299,50.075376]]]}},{"type":"Feature","id":"w233354996","properties":{"type":"yes","address":"Kadecka 1","residential":true,"residents_est":15,"h3_10":"8a1e2e6b42dffff","h3_11":"8b1e2e6b42dafff"},"geometry":{"type":"Polygon","coordinates":[[[19.912043,50.074371],[19.912087,50.074362],[19.912073,50.074332],[19.912099,50.07433],[19.912105,50.074316],[19.912179,50.074312],[19.912217,50.074751],[19.912143,50.074754],[19.912139,50.074705],[19.912114,50.074706],[19.912111,50.07467],[19.9121,50.07467],[19.912093,50.074604],[19.912066,50.074605],[19.912043,50.074371]]]}},{"type":"Feature","id":"w233354999","properties":{"type":"university","levels":4.0,"address":"Podchorążych 1","name":"Wydział Architektury","residential":false,"residents_est":0,"h3_10":"8a1e2e6b428ffff","h3_11":"8b1e2e6b4288fff"},"geometry":{"type":"Polygon","coordinates":[[[19.908517,50.075614],[19.908765,50.075566],[19.908769,50.075576],[19.908888,50.075556],[19.908884,50.075545],[19.90897,50.075525],[19.908996,50.075524],[19.909002,50.075534],[19.909119,50.075511],[19.909117,50.075506],[19.90914,50.075502],[19.909143,50.075507],[19.909321,50.075472],[19.909319,50.075467],[19.909342,50.075462],[19.909345,50.075467],[19.909463,50.075444],[19.909459,50.075434],[19.909544,50.075414],[19.909572,50.075412],[19.909577,50.075422],[19.909694,50.075401],[19.909689,50.075387],[19.909938,50.075338],[19.910003,50.075473],[19.909983,50.075478],[19.91009,50.075707],[19.910027,50.075719],[19.910047,50.075762],[19.910035,50.075765],[19.910028,50.075788],[19.910007,50.075798],[19.909969,50.075793],[19.909956,50.07578],[19.909943,50.075783],[19.909923,50.07574],[19.909859,50.075752],[19.909751,50.075524],[19.909402,50.075593],[19.90943,50.075653],[19.909205,50.075697],[19.909177,50.075637],[19.908829,50.075705],[19.908935,50.075932],[19.908871,50.075944],[19.908892,50.075988],[19.908877,50.075991],[19.908871,50.076014],[19.908832,50.076023],[19.908799,50.076004],[19.908787,50.076006],[19.908766,50.075963],[19.908703,50.075975],[19.908595,50.075745],[19.908577,50.075749],[19.908517,50.075614]]]}},{"type":"Feature","id":"w233355000","properties":{"type":"garages","residential":false,"residents_est":0,"h3_10":"8a1e2e6b42d7fff","h3_11":"8b1e2e6b42d5fff"},"geometry":{"type":"Polygon","coordinates":[[[19.910934,50.075648],[19.911027,50.075634],[19.911076,50.075779],[19.911098,50.075775],[19.91113,50.075874],[19.911037,50.075888],[19.911005,50.075791],[19.910984,50.075794],[19.910934,50.075648]]]}},{"type":"Feature","id":"w233355004","properties":{"type":"apartments","address":"Lucjana Siemieńskiego 10","residential":true,"residents_est":17,"h3_10":"8a1e2e6b42cffff","h3_11":"8b1e2e6b42cbfff"},"geometry":{"type":"Polygon","coordinates":[[[19.914503,50.075368],[19.914677,50.07535],[19.914722,50.075478],[19.91455,50.075502],[19.914503,50.075368]]]}},{"type":"Feature","id":"w233355006","properties":{"type":"greenhouse","address":"Zakątek 10","residential":false,"residents_est":0,"h3_10":"8a1e2e6b42c7fff","h3_11":"8b1e2e6b42c4fff"},"geometry":{"type":"Polygon","coordinates":[[[19.911971,50.076393],[19.912239,50.07635],[19.912364,50.076671],[19.912244,50.07669],[19.91213,50.076403],[19.912105,50.076407],[19.912212,50.076696],[19.912094,50.076714],[19.911971,50.076393]]]}},{"type":"Feature","id":"w233355022","properties":{"type":"detached","address":"Kazimierza Wielkiego 107","residential":true,"residents_est":4,"h3_10":"8a1e2e6b42dffff","h3_11":"8b1e2e6b42d9fff"},"geometry":{"type":"Polygon","coordinates":[[[19.9136,50.07492],[19.913728,50.074898],[19.913772,50.075014],[19.913645,50.075035],[19.9136,50.07492]]]}},{"type":"Feature","id":"w233355024","properties":{"type":"apartments","address":"Kazimierza Wielkiego 109","residential":true,"residents_est":42,"h3_10":"8a1e2e6b42dffff","h3_11":"8b1e2e6b42d9fff"},"geometry":{"type":"Polygon","coordinates":[[[19.913041,50.075134],[19.913545,50.075065],[19.913577,50.075167],[19.913478,50.075181],[19.913483,50.075198],[19.913498,50.075201],[19.913371,50.075218],[19.913363,50.075196],[19.913289,50.075206],[19.913296,50.075228],[19.913169,50.075246],[19.913167,50.075241],[19.913181,50.07524],[19.913175,50.075223],[19.913076,50.075236],[19.913041,50.075134]]]}},{"type":"Feature","id":"w233355027","properties":{"type":"semidetached_house","address":"Zakątek 11","residential":true,"residents_est":3,"h3_10":"8a1e2e6b42c7fff","h3_11":"8b1e2e6b42c1fff"},"geometry":{"type":"Polygon","coordinates":[[[19.91319,50.076213],[19.913206,50.076211],[19.913193,50.076157],[19.913201,50.076168],[19.913275,50.07616],[19.913272,50.076148],[19.913277,50.076147],[19.91331,50.076275],[19.913225,50.076284],[19.913211,50.07623],[19.913194,50.076232],[19.91319,50.076213]]]}},{"type":"Feature","id":"w233355028","properties":{"type":"detached","address":"Kazimierza Wielkiego 111","residential":true,"residents_est":3,"h3_10":"8a1e2e6b42dffff","h3_11":"8b1e2e6b42d8fff"},"geometry":{"type":"Polygon","coordinates":[[[19.912672,50.07513],[19.912717,50.075121],[19.912722,50.075131],[19.912804,50.075115],[19.912842,50.075197],[19.912714,50.075221],[19.912672,50.07513]]]}},{"type":"Feature","id":"w233355030","properties":{"type":"apartments","levels":11.0,"address":"Kazimierza Wielkiego 113","residential":true,"residents_est":91,"h3_10":"8a1e2e6b42dffff","h3_11":"8b1e2e6b42dcfff"},"geometry":{"type":"Polygon","coordinates":[[[19.912149,50.075441],[19.912652,50.07537],[19.912687,50.075472],[19.912589,50.075486],[19.912594,50.075501],[19.912607,50.075504],[19.912481,50.075522],[19.912472,50.075501],[19.912396,50.075512],[19.912403,50.075534],[19.912278,50.075553],[19.912277,50.075549],[19.912291,50.075547],[19.912284,50.075528],[19.912185,50.075543],[19.912149,50.075441]]]}},{"type":"Feature","id":"w233355032","properties":{"type":"supermarket","address":"Kazimierza Wielkiego 117","residential":false,"residents_est":0,"h3_10":"8a1e2e6b42d7fff","h3_11":"8b1e2e6b42d0fff"},"geometry":{"type":"Polygon","coordinates":[[[19.910794,50.075237],[19.911461,50.075143],[19.911501,50.075259],[19.911468,50.075264],[19.911496,50.075347],[19.911605,50.075332],[19.911632,50.07541],[19.911323,50.075453],[19.911265,50.075292],[19.911012,50.075328],[19.911025,50.075367],[19.911065,50.075361],[19.91109,50.075434],[19.911049,50.07544],[19.911083,50.075542],[19.910907,50.075566],[19.910794,50.075237]]]}},{"type":"Feature","id":"w233355038","properties":{"type":"detached","address":"Kazimierza Wielkiego 124","residential":true,"residents_est":6,"h3_10":"8a1e2e6b42dffff","h3_11":"8b1e2e6b42dafff"},"geometry":{"type":"Polygon","coordinates":[[[19.912392,50.074799],[19.912397,50.074618],[19.912456,50.074619],[19.912454,50.074683],[19.912561,50.074672],[19.912578,50.074781],[19.912392,50.074799]]]}},{"type":"Feature","id":"w233355044","properties":{"type":"apartments","levels":11.0,"address":"Zakątek 13","residential":true,"residents_est":91,"h3_10":"8a1e2e6b42c7fff","h3_11":"8b1e2e6b42c5fff"},"geometry":{"type":"Polygon","coordinates":[[[19.912453,50.076278],[19.912954,50.076208],[19.912988,50.07631],[19.912889,50.076324],[19.912894,50.076343],[19.912909,50.076345],[19.912782,50.076362],[19.912775,50.076339],[19.9127,50.076349],[19.912707,50.076372],[19.91258,50.076389],[19.912593,50.076384],[19.912586,50.076366],[19.912486,50.07638],[19.912453,50.076278]]]}},{"type":"Feature","id":"w233355046","properties":{"type":"apartments","levels":5.0,"address":"Kazimierza Wielkiego 140","residential":true,"residents_est":52,"h3_10":"8a1e2e6b42dffff","h3_11":"8b1e2e6b42defff"},"geometry":{"type":"Polygon","coordinates":[[[19.911305,50.074835],[19.911752,50.074773],[19.911755,50.074782],[19.911824,50.074773],[19.911816,50.074746],[19.911975,50.074724],[19.911992,50.074775],[19.911951,50.074781],[19.911959,50.074802],[19.911975,50.074802],[19.91196,50.074804],[19.911977,50.07485],[19.911991,50.074849],[19.911978,50.074855],[19.911858,50.074872],[19.911856,50.074867],[19.911338,50.07494],[19.911305,50.074835]]]}},{"type":"Feature","id":"w233355047","properties":{"type":"apartments","address":"Kazimierza Wielkiego 142","residential":true,"residents_est":22,"h3_10":"8a1e2e6b42d7fff","h3_11":"8b1e2e6b42d3fff"},"geometry":{"type":"Polygon","coordinates":[[[19.911062,50.074856],[19.911099,50.074852],[19.911085,50.074828],[19.911153,50.074818],[19.911165,50.074847],[19.911251,50.074841],[19.911248,50.074829],[19.911301,50.074821],[19.911339,50.074943],[19.9111,50.074978],[19.911062,50.074856]]]}},{"type":"Feature","id":"w233355052","properties":{"type":"retail","levels":1.0,"residential":false,"residents_est":0,"h3_10":"8a1e2e6b42c7fff","h3_11":"8b1e2e6b42c0fff"},"geometry":{"type":"Polygon","coordinates":[[[19.911968,50.076133],[19.912101,50.076116],[19.912157,50.076305],[19.912025,50.076322],[19.911968,50.076133]]]}},{"type":"Feature","id":"w233355056","properties":{"type":"house","levels":1.0,"address":"Zakątek 18","residential":true,"residents_est":2,"h3_10":"8a1e2e6b42c7fff","h3_11":"8b1e2e6b42c6fff"},"geometry":{"type":"Polygon","coordinates":[[[19.91157,50.076103],[19.91163,50.076094],[19.911628,50.076084],[19.911742,50.076068],[19.911747,50.076081],[19.911762,50.076079],[19.911774,50.076117],[19.911761,50.076119],[19.911773,50.076157],[19.911594,50.076182],[19.91157,50.076103]]]}},{"type":"Feature","id":"w233355103","properties":{"type":"apartments","levels":11.0,"address":"Aleja Kijowska 33","residential":true,"residents_est":101,"h3_10":"8a1e2e6b424ffff","h3_11":"8b1e2e6b424bfff"},"geometry":{"type":"Polygon","coordinates":[[[19.916581,50.078039],[19.916643,50.078034],[19.916606,50.077913],[19.916818,50.077885],[19.916858,50.078003],[19.916918,50.077993],[19.916951,50.078095],[19.916848,50.078108],[19.916857,50.07814],[19.916726,50.078157],[19.916716,50.078126],[19.916613,50.07814],[19.916581,50.078039]]]}},{"type":"Feature","id":"w233355114","properties":{"type":"apartments","address":"Aleja Kijowska 35","residential":true,"residents_est":45,"h3_10":"8a1e2e6b424ffff","h3_11":"8b1e2e6b4249fff"},"geometry":{"type":"Polygon","coordinates":[[[19.916982,50.078443],[19.917044,50.078438],[19.917005,50.078319],[19.917215,50.078291],[19.917255,50.07841],[19.917315,50.078399],[19.917348,50.0785],[19.917245,50.078514],[19.917255,50.078545],[19.917128,50.078562],[19.917118,50.078531],[19.917014,50.078545],[19.916982,50.078443]]]}},{"type":"Feature","id":"w233355144","properties":{"type":"detached","levels":2.0,"address":"Zakątek 4","residential":true,"residents_est":5,"h3_10":"8a1e2e6b42cffff","h3_11":"8b1e2e6b42c9fff"},"geometry":{"type":"Polygon","coordinates":[[[19.914871,50.075836],[19.915036,50.07582],[19.91506,50.075926],[19.914894,50.075942],[19.914871,50.075836]]]}},{"type":"Feature","id":"w233355161","properties":{"type":"apartments","levels":11.0,"address":"Zakątek 5","residential":true,"residents_est":91,"h3_10":"8a1e2e6b42cffff","h3_11":"8b1e2e6b42c8fff"},"geometry":{"type":"Polygon","coordinates":[[[19.913714,50.075512],[19.914216,50.075442],[19.91425,50.075544],[19.91415,50.075558],[19.914156,50.075575],[19.914168,50.075573],[19.91417,50.075578],[19.914046,50.075595],[19.914039,50.075573],[19.913962,50.075583],[19.913968,50.075606],[19.913842,50.075622],[19.913841,50.075618],[19.913854,50.075617],[19.913847,50.0756],[19.913748,50.075614],[19.913714,50.075512]]]}},{"type":"Feature","id":"w233355181","properties":{"type":"apartments","address":"Lucjana Siemieńskiego 6","residential":true,"residents_est":15,"h3_10":"8a1e2e6b42cffff","h3_11":"8b1e2e6b42cbfff"},"geometry":{"type":"Polygon","coordinates":[[[19.914406,50.07514],[19.91459,50.075113],[19.914631,50.075232],[19.914449,50.07526],[19.914445,50.07525],[19.914462,50.075248],[19.914426,50.075146],[19.914409,50.075148],[19.914406,50.07514]]]}},{"type":"Feature","id":"w233355193","properties":{"type":"house","address":"Zakątek 6c","residential":true,"residents_est":5,"h3_10":"8a1e2e6b42effff","h3_11":"8b1e2e6b42e8fff"},"geometry":{"type":"Polygon","coordinates":[[[19.91378,50.076883],[19.913803,50.076864],[19.913799,50.076832],[19.913978,50.076826],[19.913984,50.076881],[19.913918,50.076884],[19.913895,50.076902],[19.913927,50.076918],[19.913927,50.076935],[19.913874,50.076938],[19.91386,50.076949],[19.913844,50.07694],[19.913812,50.076941],[19.913807,50.076896],[19.91378,50.076883]]]}},{"type":"Feature","id":"w233355199","properties":{"type":"apartments","levels":11.0,"address":"Zakątek 7","residential":true,"residents_est":91,"h3_10":"8a1e2e6b42cffff","h3_11":"8b1e2e6b42ccfff"},"geometry":{"type":"Polygon","coordinates":[[[19.913573,50.075994],[19.914075,50.075925],[19.91411,50.076027],[19.914009,50.076041],[19.914015,50.076059],[19.914029,50.076061],[19.913903,50.076078],[19.913895,50.076056],[19.913819,50.076066],[19.913827,50.076088],[19.913701,50.076106],[19.913712,50.0761],[19.913706,50.076083],[19.913607,50.076097],[19.913573,50.075994]]]}},{"type":"Feature","id":"w233355203","properties":{"type":"apartments","address":"Lucjana Siemieńskiego 8","residential":true,"residents_est":14,"h3_10":"8a1e2e6b42cffff","h3_11":"8b1e2e6b42cbfff"},"geometry":{"type":"Polygon","coordinates":[[[19.914462,50.075258],[19.914631,50.075232],[19.914677,50.07535],[19.914503,50.075368],[19.914462,50.075258]]]}},{"type":"Feature","id":"w233355206","properties":{"type":"apartments","address":"Zakątek 8","residential":true,"residents_est":41,"h3_10":"8a1e2e6b42effff","h3_11":"8b1e2e6b42eefff"},"geometry":{"type":"Polygon","coordinates":[[[19.912909,50.076658],[19.91341,50.076588],[19.913445,50.07669],[19.913345,50.076704],[19.91335,50.076723],[19.913362,50.076724],[19.913237,50.076741],[19.91323,50.076718],[19.913152,50.076729],[19.913161,50.076752],[19.913037,50.076769],[19.913048,50.076764],[19.913041,50.076746],[19.912942,50.07676],[19.912909,50.076658]]]}},{"type":"Feature","id":"w233355268","properties":{"type":"university","residential":false,"residents_est":0,"h3_10":"8a1e2e6b428ffff","h3_11":"8b1e2e6b4289fff"},"geometry":{"type":"Polygon","coordinates":[[[19.909976,50.075859],[19.909998,50.075855],[19.90999,50.075839],[19.910309,50.07578],[19.910337,50.075841],[19.91002,50.0759],[19.910008,50.075876],[19.909986,50.07588],[19.909976,50.075859]]]}},{"type":"Feature","id":"w233355299","properties":{"type":"yes","residential":true,"residents_est":42,"h3_10":"8a1e2e6b4237fff","h3_11":"8b1e2e6b4235fff"},"geometry":{"type":"Polygon","coordinates":[[[19.90823,50.079203],[19.90843,50.079164],[19.908502,50.079316],[19.908477,50.079321],[19.908547,50.079468],[19.908635,50.079451],[19.908694,50.079575],[19.908616,50.07959],[19.908686,50.079738],[19.908717,50.079732],[19.908786,50.079879],[19.908573,50.079921],[19.908497,50.079759],[19.908521,50.079754],[19.908333,50.079357],[19.908305,50.079362],[19.90823,50.079203]]]}},{"type":"Feature","id":"w233355317","properties":{"type":"yes","address":"Zakątek 9","residential":true,"residents_est":1,"h3_10":"8a1e2e6b42c7fff","h3_11":"8b1e2e6b42c1fff"},"geometry":{"type":"Polygon","coordinates":[[[19.91328,50.076159],[19.913357,50.076151],[19.913355,50.076139],[19.91336,50.076138],[19.913374,50.076193],[19.913391,50.076191],[19.913396,50.076209],[19.91338,50.076211],[19.913394,50.076265],[19.91331,50.076275],[19.91328,50.076159]]]}},{"type":"Feature","id":"w233355329","properties":{"type":"yes","residential":true,"residents_est":57,"h3_10":"8a1e2e6b4207fff","h3_11":"8b1e2e6b4202fff"},"geometry":{"type":"Polygon","coordinates":[[[19.909147,50.078275],[19.909809,50.078144],[19.909848,50.078231],[19.909361,50.078328],[19.909447,50.078504],[19.909464,50.078501],[19.909547,50.078672],[19.909751,50.078631],[19.909685,50.078491],[19.909873,50.078453],[19.909969,50.07866],[19.909391,50.078775],[19.909147,50.078275]]]}},{"type":"Feature","id":"w233355337","properties":{"type":"yes","residential":true,"residents_est":41,"h3_10":"8a1e2e6b430ffff","h3_11":"8b1e2e6b4308fff"},"geometry":{"type":"Polygon","coordinates":[[[19.908953,50.080702],[19.909146,50.080664],[19.909217,50.080813],[19.909197,50.080817],[19.909264,50.080958],[19.909359,50.080939],[19.909422,50.08107],[19.909332,50.081087],[19.909397,50.081224],[19.909419,50.08122],[19.909491,50.081372],[19.90929,50.081411],[19.909219,50.081261],[19.909246,50.081256],[19.90905,50.080846],[19.909024,50.080852],[19.908953,50.080702]]]}},{"type":"Feature","id":"w233355365","properties":{"type":"retail","levels":1.0,"address":"Zakątek 16","residential":false,"residents_est":0,"h3_10":"8a1e2e6b42c7fff","h3_11":"8b1e2e6b42c0fff"},"geometry":{"type":"Polygon","coordinates":[[[19.912096,50.076063],[19.912112,50.076046],[19.912106,50.076026],[19.912192,50.076016],[19.912199,50.076038],[19.912222,50.076048],[19.912239,50.076101],[19.912258,50.076098],[19.912338,50.076281],[19.912171,50.076303],[19.912096,50.076063]]]}},{"type":"Feature","id":"w233355400","properties":{"type":"retail","residential":false,"residents_est":0,"h3_10":"8a1e2e6b42f7fff","h3_11":"8b1e2e6b42f1fff"},"geometry":{"type":"Polygon","coordinates":[[[19.910754,50.07662],[19.910845,50.076599],[19.910852,50.07661],[19.911007,50.076573],[19.911001,50.076562],[19.911092,50.07654],[19.911141,50.076625],[19.91105,50.076646],[19.911044,50.076635],[19.910888,50.076673],[19.910894,50.076684],[19.910804,50.076705],[19.910754,50.07662]]]}},{"type":"Feature","id":"w233355409","properties":{"type":"yes","residential":true,"residents_est":36,"h3_10":"8a1e2e6b424ffff","h3_11":"8b1e2e6b424cfff"},"geometry":{"type":"Polygon","coordinates":[[[19.915858,50.078971],[19.916084,50.078945],[19.916091,50.078927],[19.916113,50.078918],[19.916072,50.078777],[19.916041,50.07878],[19.916009,50.07867],[19.916251,50.07864],[19.916282,50.07875],[19.916252,50.078753],[19.916293,50.078897],[19.916321,50.078902],[19.916333,50.078915],[19.916561,50.078888],[19.916587,50.078982],[19.916548,50.078987],[19.916553,50.078999],[19.916515,50.079003],[19.916512,50.078991],[19.916202,50.079033],[19.916201,50.079028],[19.91596,50.079056],[19.915963,50.079069],[19.915926,50.079072],[19.915923,50.079061],[19.915885,50.079065],[19.915858,50.078971]]]}},{"type":"Feature","id":"w233355426","properties":{"type":"yes","residential":true,"residents_est":35,"h3_10":"8a1e2e6b4227fff","h3_11":"8b1e2e6b4222fff"},"geometry":{"type":"Polygon","coordinates":[[[19.908831,50.079174],[19.909125,50.079115],[19.909173,50.079212],[19.9091,50.079226],[19.909167,50.079364],[19.909209,50.079355],[19.909247,50.079436],[19.9092,50.079445],[19.909269,50.079589],[19.909341,50.079575],[19.909385,50.079665],[19.909097,50.079723],[19.909051,50.079628],[19.909121,50.079614],[19.909029,50.079424],[19.908948,50.079257],[19.908877,50.079271],[19.908831,50.079174]]]}},{"type":"Feature","id":"w233355432","properties":{"type":"yes","name":"Hala WKS \"Wawel\"","residential":true,"residents_est":56,"h3_10":"8a1e2e6b4217fff","h3_11":"8b1e2e6b4212fff"},"geometry":{"type":"Polygon","coordinates":[[[19.907497,50.077645],[19.908073,50.077536],[19.908099,50.077595],[19.908105,50.077594],[19.908113,50.077619],[19.908119,50.077618],[19.908122,50.077626],[19.908116,50.07763],[19.908221,50.077855],[19.907642,50.077964],[19.907497,50.077645]]]}},{"type":"Feature","id":"w233355434","properties":{"type":"garages","residential":false,"residents_est":0,"h3_10":"8a1e2e6b4217fff","h3_11":"8b1e2e6b4210fff"},"geometry":{"type":"Polygon","coordinates":[[[19.907666,50.078017],[19.908829,50.077799],[19.908856,50.077852],[19.907691,50.078071],[19.907666,50.078017]]]}},{"type":"Feature","id":"w233355456","properties":{"type":"university","residential":false,"residents_est":0,"h3_10":"8a1e2e6b428ffff","h3_11":"8b1e2e6b4289fff"},"geometry":{"type":"Polygon","coordinates":[[[19.909393,50.07585],[19.90976,50.075778],[19.909801,50.075863],[19.909433,50.075935],[19.909393,50.07585]]]}},{"type":"Feature","id":"w233355500","properties":{"type":"yes","residential":true,"residents_est":32,"h3_10":"8a1e2e6b425ffff","h3_11":"8b1e2e6b4258fff"},"geometry":{"type":"Polygon","coordinates":[[[19.915127,50.077642],[19.915633,50.077582],[19.915658,50.077668],[19.915647,50.077669],[19.915654,50.077689],[19.915664,50.077688],[19.915696,50.077801],[19.915366,50.077839],[19.915378,50.077846],[19.915195,50.077868],[19.915159,50.077747],[19.91517,50.077746],[19.915165,50.077727],[19.915153,50.077728],[19.915127,50.077642]]]}},{"type":"Feature","id":"w233355548","properties":{"type":"yes","residential":true,"residents_est":36,"h3_10":"8a1e2e6b430ffff","h3_11":"8b1e2e6b4309fff"},"geometry":{"type":"Polygon","coordinates":[[[19.909544,50.080668],[19.909843,50.080609],[19.909891,50.080708],[19.909816,50.080723],[19.909883,50.080861],[19.909924,50.080853],[19.909963,50.080934],[19.90992,50.080942],[19.909987,50.081082],[19.91006,50.081068],[19.910107,50.081164],[19.909812,50.081223],[19.909766,50.081128],[19.909837,50.081114],[19.909743,50.080917],[19.909664,50.080756],[19.909593,50.08077],[19.909544,50.080668]]]}},{"type":"Feature","id":"w233355559","properties":{"type":"yes","residential":true,"residents_est":27,"h3_10":"8a1e2e6b430ffff","h3_11":"8b1e2e6b430afff"},"geometry":{"type":"Polygon","coordinates":[[[19.908647,50.080068],[19.908918,50.080014],[19.908962,50.080106],[19.908825,50.080133],[19.908876,50.080239],[19.908925,50.080229],[19.908966,50.080314],[19.908914,50.080324],[19.908967,50.080435],[19.909105,50.080408],[19.909147,50.080495],[19.908877,50.080549],[19.908834,50.080458],[19.908851,50.080455],[19.908801,50.080351],[19.908782,50.080354],[19.908739,50.080265],[19.908761,50.08026],[19.908711,50.080156],[19.908691,50.08016],[19.908647,50.080068]]]}},{"type":"Feature","id":"w233355760","properties":{"type":"warehouse","residential":false,"residents_est":0,"h3_10":"8a1e2e6b425ffff","h3_11":"8b1e2e6b425cfff"},"geometry":{"type":"Polygon","coordinates":[[[19.914717,50.077799],[19.915055,50.077751],[19.9151,50.077877],[19.914761,50.077926],[19.914717,50.077799]]]}},{"type":"Feature","id":"w233355766","properties":{"type":"yes","residential":true,"residents_est":4,"h3_10":"8a1e2e6b4347fff","h3_11":"8b1e2e6b4340fff"},"geometry":{"type":"Polygon","coordinates":[[[19.912244,50.080953],[19.912334,50.080945],[19.912402,50.08124],[19.912354,50.081244],[19.912348,50.081218],[19.912308,50.081222],[19.912244,50.080953]]]}},{"type":"Feature","id":"w233355781","properties":{"type":"yes","residential":true,"residents_est":2,"h3_10":"8a1e2e6b434ffff","h3_11":"8b1e2e6b434efff"},"geometry":{"type":"Polygon","coordinates":[[[19.913413,50.080917],[19.913494,50.080909],[19.913533,50.081073],[19.913451,50.081081],[19.913413,50.080917]]]}},{"type":"Feature","id":"w233355812","properties":{"type":"yes","residential":true,"residents_est":19,"h3_10":"8a1e2e6b4237fff","h3_11":"8b1e2e6b4233fff"},"geometry":{"type":"Polygon","coordinates":[[[19.907896,50.078472],[19.908092,50.078435],[19.908242,50.078758],[19.908046,50.078796],[19.907896,50.078472]]]}},{"type":"Feature","id":"w233355828","properties":{"type":"garages","residential":false,"residents_est":0,"h3_10":"8a1e2e6b438ffff","h3_11":"8b1e2e6b4389fff"},"geometry":{"type":"Polygon","coordinates":[[[19.907592,50.078356],[19.907796,50.078316],[19.907819,50.078367],[19.907617,50.078408],[19.907592,50.078356]]]}},{"type":"Feature","id":"w233355841","properties":{"type":"yes","residential":true,"residents_est":16,"h3_10":"8a1e2e6b4207fff","h3_11":"8b1e2e6b4201fff"},"geometry":{"type":"Polygon","coordinates":[[[19.910137,50.078533],[19.910803,50.0784],[19.910844,50.078484],[19.910168,50.078609],[19.910137,50.078533]]]}},{"type":"Feature","id":"w233355870","properties":{"type":"yes","residential":true,"residents_est":32,"h3_10":"8a1e2e6b4357fff","h3_11":"8b1e2e6b4354fff"},"geometry":{"type":"Polygon","coordinates":[[[19.910084,50.080564],[19.910238,50.080534],[19.91038,50.080828],[19.910416,50.080821],[19.910457,50.080906],[19.910419,50.080914],[19.910561,50.081209],[19.91041,50.081239],[19.910084,50.080564]]]}},{"type":"Feature","id":"w233355884","properties":{"type":"guardhouse","residential":false,"residents_est":0,"h3_10":"8a1e2e6b430ffff","h3_11":"8b1e2e6b430afff"},"geometry":{"type":"Polygon","coordinates":[[[19.908773,50.080693],[19.908876,50.080673],[19.908924,50.080774],[19.908821,50.080795],[19.908773,50.080693]]]}},{"type":"Feature","id":"w233355896","properties":{"type":"yes","residential":true,"residents_est":55,"h3_10":"8a1e2e6b421ffff","h3_11":"8b1e2e6b421efff"},"geometry":{"type":"Polygon","coordinates":[[[19.908948,50.077834],[19.910148,50.077597],[19.910223,50.077743],[19.909016,50.077984],[19.908948,50.077834]]]}},{"type":"Feature","id":"w233355901","properties":{"type":"yes","residential":true,"residents_est":59,"h3_10":"8a1e2e6b421ffff","h3_11":"8b1e2e6b421dfff"},"geometry":{"type":"Polygon","coordinates":[[[19.910349,50.077884],[19.911256,50.0777],[19.911358,50.077913],[19.910452,50.078097],[19.910349,50.077884]]]}},{"type":"Feature","id":"w233355906","properties":{"type":"yes","residential":true,"residents_est":10,"h3_10":"8a1e2e6b4377fff","h3_11":"8b1e2e6b4373fff"},"geometry":{"type":"Polygon","coordinates":[[[19.910483,50.081351],[19.910822,50.081283],[19.910868,50.081385],[19.910529,50.08145],[19.910483,50.081351]]]}},{"type":"Feature","id":"w233355909","properties":{"type":"yes","residential":true,"residents_est":54,"h3_10":"8a1e2e6b4357fff","h3_11":"8b1e2e6b4354fff"},"geometry":{"type":"Polygon","coordinates":[[[19.91058,50.080613],[19.910896,50.080551],[19.911155,50.081087],[19.910829,50.081152],[19.910613,50.080706],[19.910619,50.080703],[19.91058,50.080613]]]}},{"type":"Feature","id":"w233355912","properties":{"type":"garages","residential":false,"residents_est":0,"h3_10":"8a1e2e6b4217fff","h3_11":"8b1e2e6b4215fff"},"geometry":{"type":"Polygon","coordinates":[[[19.908396,50.078199],[19.908525,50.078173],[19.908551,50.078224],[19.908423,50.07825],[19.908396,50.078199]]]}},{"type":"Feature","id":"w233355927","properties":{"type":"garages","residential":false,"residents_est":0,"h3_10":"8a1e2e6b4217fff","h3_11":"8b1e2e6b4214fff"},"geometry":{"type":"Polygon","coordinates":[[[19.907743,50.078173],[19.908448,50.07804],[19.908472,50.078091],[19.907768,50.078224],[19.907743,50.078173]]]}},{"type":"Feature","id":"w233355930","properties":{"type":"yes","residential":true,"residents_est":35,"h3_10":"8a1e2e6b435ffff","h3_11":"8b1e2e6b435cfff"},"geometry":{"type":"Polygon","coordinates":[[[19.91193,50.080363],[19.912149,50.080321],[19.912389,50.080838],[19.91217,50.08088],[19.91193,50.080363]]]}},{"type":"Feature","id":"w233355936","properties":{"type":"yes","residential":true,"residents_est":33,"h3_10":"8a1e2e6b4267fff","h3_11":"8b1e2e6b4263fff"},"geometry":{"type":"Polygon","coordinates":[[[19.914848,50.079104],[19.91504,50.07908],[19.915214,50.079672],[19.915022,50.079695],[19.914848,50.079104]]]}},{"type":"Feature","id":"w233355952","properties":{"type":"retail","levels":2.0,"address":"Podchorążych 3","residential":false,"residents_est":0,"h3_10":"8a1e2e6b4287fff","h3_11":"8b1e2e6b4283fff"},"geometry":{"type":"Polygon","coordinates":[[[19.907044,50.075736],[19.907898,50.075573],[19.907951,50.075685],[19.907097,50.075848],[19.907044,50.075736]]]}},{"type":"Feature","id":"w233355970","properties":{"type":"yes","residential":true,"residents_est":2,"h3_10":"8a1e2e6b4217fff","h3_11":"8b1e2e6b4210fff"},"geometry":{"type":"Polygon","coordinates":[[[19.908399,50.077762],[19.908598,50.077719],[19.908625,50.077772],[19.908426,50.077815],[19.908399,50.077762]]]}},{"type":"Feature","id":"w233355977","properties":{"type":"yes","residential":true,"residents_est":35,"h3_10":"8a1e2e6b4357fff","h3_11":"8b1e2e6b4355fff"},"geometry":{"type":"Polygon","coordinates":[[[19.911218,50.080506],[19.911443,50.08046],[19.91168,50.080979],[19.911462,50.08102],[19.911218,50.080506]]]}},{"type":"Feature","id":"w233355983","properties":{"type":"shed","residential":false,"residents_est":0,"h3_10":"8a1e2e6b42e7fff","h3_11":"8b1e2e6b42e3fff"},"geometry":{"type":"Polygon","coordinates":[[[19.912414,50.076659],[19.912492,50.076643],[19.912585,50.076837],[19.912507,50.076852],[19.912414,50.076659]]]}},{"type":"Feature","id":"w233355993","properties":{"type":"yes","residential":true,"residents_est":11,"h3_10":"8a1e2e6b4347fff","h3_11":"8b1e2e6b4343fff"},"geometry":{"type":"Polygon","coordinates":[[[19.912774,50.080897],[19.91295,50.08088],[19.913,50.081097],[19.912823,50.081113],[19.912774,50.080897]]]}},{"type":"Feature","id":"w233355996","properties":{"type":"yes","residential":true,"residents_est":3,"h3_10":"8a1e2e6b434ffff","h3_11":"8b1e2e6b434efff"},"geometry":{"type":"Polygon","coordinates":[[[19.913101,50.080947],[19.913271,50.080933],[19.913304,50.081067],[19.913135,50.081084],[19.913101,50.080947]]]}},{"type":"Feature","id":"w233356013","properties":{"type":"yes","residential":true,"residents_est":15,"h3_10":"8a1e2e6b428ffff","h3_11":"8b1e2e6b428dfff"},"geometry":{"type":"Polygon","coordinates":[[[19.90915,50.076075],[19.909298,50.076044],[19.909465,50.07636],[19.909317,50.076391],[19.90915,50.076075]]]}},{"type":"Feature","id":"w233356023","properties":{"type":"yes","residential":true,"residents_est":4,"h3_10":"8a1e2e6b424ffff","h3_11":"8b1e2e6b424dfff"},"geometry":{"type":"Polygon","coordinates":[[[19.916835,50.078917],[19.916873,50.078916],[19.916853,50.078846],[19.916996,50.07883],[19.917048,50.079014],[19.916906,50.079031],[19.916878,50.078935],[19.916843,50.078943],[19.916835,50.078917]]]}},{"type":"Feature","id":"w233356052","properties":{"type":"yes","residential":true,"residents_est":10,"h3_10":"8a1e2e6b4347fff","h3_11":"8b1e2e6b4343fff"},"geometry":{"type":"Polygon","coordinates":[[[19.912469,50.080929],[19.912637,50.080913],[19.912668,50.081049],[19.912628,50.081052],[19.91264,50.081104],[19.912682,50.081101],[19.912686,50.08113],[19.912518,50.081146],[19.912469,50.080929]]]}},{"type":"Feature","id":"w233356054","properties":{"type":"yes","residential":true,"residents_est":2,"h3_10":"8a1e2e6b428ffff","h3_11":"8b1e2e6b428cfff"},"geometry":{"type":"Polygon","coordinates":[[[19.908676,50.076092],[19.908918,50.076047],[19.908941,50.076099],[19.908699,50.076144],[19.908676,50.076092]]]}},{"type":"Feature","id":"w233356057","properties":{"type":"office","residential":false,"residents_est":0,"h3_10":"8a1e2e6b4257fff","h3_11":"8b1e2e6b4251fff"},"geometry":{"type":"Polygon","coordinates":[[[19.913931,50.077578],[19.914173,50.077553],[19.914365,50.078197],[19.914124,50.078226],[19.913931,50.077578]]]}},{"type":"Feature","id":"w233356068","properties":{"type":"yes","residential":false,"residents_est":0,"h3_10":"8a1e2e6b4227fff","h3_11":"8b1e2e6b4222fff"},"geometry":{"type":"Polygon","coordinates":[[[19.909299,50.079235],[19.909395,50.079211],[19.909423,50.079256],[19.909324,50.07928],[19.909299,50.079235]]]}},{"type":"Feature","id":"w233356085","properties":{"type":"garages","residential":false,"residents_est":0,"h3_10":"8a1e2e6b42d7fff","h3_11":"8b1e2e6b42d5fff"},"geometry":{"type":"Polygon","coordinates":[[[19.911083,50.075542],[19.911519,50.075482],[19.911536,50.075533],[19.911099,50.075592],[19.911083,50.075542]]]}},{"type":"Feature","id":"w233356094","properties":{"type":"garages","residential":false,"residents_est":0,"h3_10":"8a1e2e6b4217fff","h3_11":"8b1e2e6b4214fff"},"geometry":{"type":"Polygon","coordinates":[[[19.907808,50.078314],[19.908377,50.078203],[19.9084,50.078254],[19.907832,50.078365],[19.907808,50.078314]]]}},{"type":"Feature","id":"w233356098","properties":{"type":"garages","residential":false,"residents_est":0,"h3_10":"8a1e2e6b4217fff","h3_11":"8b1e2e6b4210fff"},"geometry":{"type":"Polygon","coordinates":[[[19.90846,50.078038],[19.908913,50.077951],[19.908938,50.078004],[19.908484,50.078091],[19.90846,50.078038]]]}},{"type":"Feature","id":"w233356099","properties":{"type":"yes","residential":true,"residents_est":4,"h3_10":"8a1e2e6b4227fff","h3_11":"8b1e2e6b4220fff"},"geometry":{"type":"Polygon","coordinates":[[[19.909731,50.079778],[19.909905,50.079742],[19.909973,50.079881],[19.909795,50.079917],[19.909731,50.079778]]]}},{"type":"Feature","id":"w233356114","properties":{"type":"garages","residential":false,"residents_est":0,"h3_10":"8a1e2e6b438ffff","h3_11":"8b1e2e6b4389fff"},"geometry":{"type":"Polygon","coordinates":[[[19.907525,50.078219],[19.90761,50.078202],[19.907647,50.078283],[19.907562,50.0783],[19.907525,50.078219]]]}},{"type":"Feature","id":"w233356136","properties":{"type":"yes","residential":true,"residents_est":4,"h3_10":"8a1e2e6b4377fff","h3_11":"8b1e2e6b4373fff"},"geometry":{"type":"Polygon","coordinates":[[[19.911165,50.081273],[19.911366,50.081236],[19.911423,50.081366],[19.911229,50.081403],[19.911165,50.081273]]]}},{"type":"Feature","id":"w233356141","properties":{"type":"yes","residential":true,"residents_est":2,"h3_10":"8a1e2e6b4287fff","h3_11":"8b1e2e6b4286fff"},"geometry":{"type":"Polygon","coordinates":[[[19.9064,50.075968],[19.90648,50.075953],[19.906562,50.076128],[19.906482,50.076144],[19.9064,50.075968]]]}},{"type":"Feature","id":"w233356155","properties":{"type":"yes","residential":true,"residents_est":2,"h3_10":"8a1e2e6b4247fff","h3_11":"8b1e2e6b4241fff"},"geometry":{"type":"Polygon","coordinates":[[[19.915468,50.078887],[19.915641,50.078866],[19.915658,50.078926],[19.915485,50.078947],[19.915468,50.078887]]]}},{"type":"Feature","id":"w233356183","properties":{"type":"yes","residential":true,"residents_est":32,"h3_10":"8a1e2e6b434ffff","h3_11":"8b1e2e6b434afff"},"geometry":{"type":"Polygon","coordinates":[[[19.913428,50.080621],[19.914161,50.080555],[19.914195,50.080705],[19.913461,50.080771],[19.913428,50.080621]]]}},{"type":"Feature","id":"w233356185","properties":{"type":"yes","residential":true,"residents_est":10,"h3_10":"8a1e2e6b4227fff","h3_11":"8b1e2e6b4225fff"},"geometry":{"type":"Polygon","coordinates":[[[19.909831,50.079964],[19.910007,50.079928],[19.91009,50.080112],[19.909916,50.080145],[19.909831,50.079964]]]}},{"type":"Feature","id":"w233356188","properties":{"type":"yes","residential":true,"residents_est":24,"h3_10":"8a1e2e6b4227fff","h3_11":"8b1e2e6b4225fff"},"geometry":{"type":"Polygon","coordinates":[[[19.909436,50.080306],[19.910107,50.080167],[19.91016,50.080289],[19.909489,50.080419],[19.909436,50.080306]]]}},{"type":"Feature","id":"w233356352","properties":{"type":"yes","residential":false,"residents_est":0,"h3_10":"8a1e2e6b42effff","h3_11":"8b1e2e6b42eafff"},"geometry":{"type":"Polygon","coordinates":[[[19.913425,50.076417],[19.91348,50.076412],[19.913493,50.076499],[19.913437,50.076502],[19.913425,50.076417]]]}},{"type":"Feature","id":"w233356407","properties":{"type":"garages","residential":false,"residents_est":0,"h3_10":"8a1e2e6b4217fff","h3_11":"8b1e2e6b4216fff"},"geometry":{"type":"Polygon","coordinates":[[[19.907488,50.078081],[19.907569,50.078063],[19.907594,50.078115],[19.907513,50.078131],[19.907488,50.078081]]]}},{"type":"Feature","id":"w233356423","properties":{"type":"yes","residential":true,"residents_est":32,"h3_10":"8a1e2e6b4357fff","h3_11":"8b1e2e6b4352fff"},"geometry":{"type":"Polygon","coordinates":[[[19.910263,50.079847],[19.910448,50.079809],[19.910565,50.080063],[19.910835,50.080014],[19.910895,50.08014],[19.910443,50.080227],[19.910263,50.079847]]]}},{"type":"Feature","id":"w233356459","properties":{"type":"yes","residential":true,"residents_est":12,"h3_10":"8a1e2e6b422ffff","h3_11":"8b1e2e6b422efff"},"geometry":{"type":"Polygon","coordinates":[[[19.910293,50.079628],[19.910692,50.079549],[19.910748,50.079673],[19.910571,50.079706],[19.910553,50.079662],[19.910328,50.079704],[19.910293,50.079628]]]}},{"type":"Feature","id":"w233356461","properties":{"type":"yes","residential":true,"residents_est":1,"h3_10":"8a1e2e6b4217fff","h3_11":"8b1e2e6b4210fff"},"geometry":{"type":"Polygon","coordinates":[[[19.908272,50.0777],[19.908352,50.077683],[19.908383,50.077743],[19.908364,50.077747],[19.908379,50.077775],[19.908317,50.077788],[19.908272,50.0777]]]}},{"type":"Feature","id":"w233356474","properties":{"type":"residential","address":"Zakątek 6b","residential":true,"residents_est":65,"h3_10":"8a1e2e6b42effff","h3_11":"8b1e2e6b42ebfff"},"geometry":{"type":"Polygon","coordinates":[[[19.91409,50.076259],[19.914185,50.076253],[19.914188,50.076263],[19.914271,50.076258],[19.914369,50.0769],[19.914189,50.076911],[19.914172,50.076795],[19.91419,50.076794],[19.914187,50.07677],[19.914168,50.076771],[19.914142,50.076602],[19.914162,50.076601],[19.914158,50.076577],[19.914138,50.076577],[19.914113,50.076409],[19.914132,50.076407],[19.914128,50.076383],[19.914109,50.076384],[19.91409,50.076259]]]}},{"type":"Feature","id":"w233356503","properties":{"type":"yes","address":"Zakątek 6f","residential":true,"residents_est":1,"h3_10":"8a1e2e6b42effff","h3_11":"8b1e2e6b42eafff"},"geometry":{"type":"Polygon","coordinates":[[[19.913481,50.076419],[19.913573,50.076414],[19.913584,50.076493],[19.913493,50.076499],[19.913481,50.076419]]]}},{"type":"Feature","id":"w233356511","properties":{"type":"yes","residential":true,"residents_est":24,"h3_10":"8a1e2e6b4217fff","h3_11":"8b1e2e6b4215fff"},"geometry":{"type":"Polygon","coordinates":[[[19.908714,50.078186],[19.908889,50.078153],[19.908924,50.078223],[19.908906,50.078227],[19.908979,50.078391],[19.909002,50.078387],[19.909041,50.078468],[19.909016,50.078472],[19.90912,50.078703],[19.908984,50.078728],[19.908771,50.078251],[19.908745,50.078255],[19.908714,50.078186]]]}},{"type":"Feature","id":"w233356707","properties":{"type":"garages","residential":false,"residents_est":0,"h3_10":"8a1e2e6b428ffff","h3_11":"8b1e2e6b428efff"},"geometry":{"type":"Polygon","coordinates":[[[19.908358,50.075666],[19.908468,50.075646],[19.908521,50.075758],[19.90841,50.075778],[19.908358,50.075666]]]}},{"type":"Feature","id":"w233356719","properties":{"type":"yes","residential":true,"residents_est":31,"h3_10":"8a1e2e6b4207fff","h3_11":"8b1e2e6b4204fff"},"geometry":{"type":"Polygon","coordinates":[[[19.909316,50.078945],[19.909461,50.078916],[19.909601,50.079212],[19.909644,50.079203],[19.909682,50.079284],[19.909643,50.079291],[19.909785,50.079589],[19.909636,50.079618],[19.909316,50.078945]]]}},{"type":"Feature","id":"w233356732","properties":{"type":"yes","residential":true,"residents_est":56,"h3_10":"8a1e2e6b4247fff","h3_11":"8b1e2e6b4244fff"},"geometry":{"type":"Polygon","coordinates":[[[19.914073,50.079155],[19.91441,50.079114],[19.914399,50.079078],[19.914588,50.079055],[19.914615,50.079145],[19.914498,50.079159],[19.914611,50.079539],[19.914203,50.079589],[19.914073,50.079155]]]}},{"type":"Feature","id":"w233356788","properties":{"type":"yes","residential":true,"residents_est":24,"h3_10":"8a1e2e6b4267fff","h3_11":"8b1e2e6b4261fff"},"geometry":{"type":"Polygon","coordinates":[[[19.914992,50.079995],[19.915102,50.079985],[19.915054,50.079828],[19.91525,50.079804],[19.915361,50.080189],[19.915166,50.080212],[19.915121,50.080056],[19.915015,50.080068],[19.914992,50.079995]]]}},{"type":"Feature","id":"w233356844","properties":{"type":"yes","residential":true,"residents_est":16,"h3_10":"8a1e2e6b4247fff","h3_11":"8b1e2e6b4243fff"},"geometry":{"type":"Polygon","coordinates":[[[19.915025,50.078359],[19.915198,50.078337],[19.915191,50.078314],[19.915333,50.078296],[19.915395,50.078493],[19.915252,50.078512],[19.915243,50.078482],[19.91507,50.078503],[19.915025,50.078359]]]}},{"type":"Feature","id":"w518125658","properties":{"type":"retail","residential":false,"residents_est":0,"h3_10":"8a1e2e6b4327fff","h3_11":"8b1e2e6b4325fff"},"geometry":{"type":"Polygon","coordinates":[[[19.907424,50.082709],[19.907432,50.082544],[19.907859,50.082554],[19.90785,50.082717],[19.907424,50.082709]]]}},{"type":"Feature","id":"w549317719","properties":{"type":"commercial","levels":3.0,"address":"Bartosza Głowackiego 6","residential":false,"residents_est":0,"h3_10":"8a1e2e6b42a7fff","h3_11":"8b1e2e6b42a2fff"},"geometry":{"type":"Polygon","coordinates":[[[19.906328,50.076791],[19.906541,50.076749],[19.906597,50.076864],[19.906383,50.076907],[19.906328,50.076791]]]}},{"type":"Feature","id":"w586101862","properties":{"type":"service","residential":false,"residents_est":0,"h3_10":"8a1e2e6b43b7fff","h3_11":"8b1e2e6b43b2fff"},"geometry":{"type":"Polygon","coordinates":[[[19.90238,50.078663],[19.90246,50.07865],[19.902478,50.078697],[19.902399,50.07871],[19.90238,50.078663]]]}},{"type":"Feature","id":"w692808106","properties":{"type":"apartments","address":"Bartosza Głowackiego 28","residential":true,"residents_est":73,"h3_10":"8a1e2e6b43affff","h3_11":"8b1e2e6b43a8fff"},"geometry":{"type":"Polygon","coordinates":[[[19.906302,50.079042],[19.906391,50.079034],[19.906395,50.079044],[19.906464,50.079037],[19.906461,50.079026],[19.906551,50.079018],[19.90656,50.079058],[19.906539,50.07906],[19.906549,50.079105],[19.90657,50.079102],[19.90658,50.079143],[19.906559,50.079145],[19.906569,50.079189],[19.90659,50.079187],[19.906598,50.07922],[19.906577,50.079222],[19.906583,50.079247],[19.906528,50.079252],[19.90654,50.079309],[19.906617,50.079301],[19.906625,50.079334],[19.906604,50.079335],[19.906615,50.07938],[19.906635,50.079378],[19.906656,50.079467],[19.906408,50.079491],[19.906369,50.079326],[19.906396,50.079323],[19.906394,50.079312],[19.906385,50.079275],[19.906358,50.079278],[19.906302,50.079042]]]}},{"type":"Feature","id":"w692808107","properties":{"type":"yes","address":"Bartosza Głowackiego 30","residential":true,"residents_est":29,"h3_10":"8a1e2e6b43affff","h3_11":"8b1e2e6b43aefff"},"geometry":{"type":"Polygon","coordinates":[[[19.905683,50.079146],[19.905774,50.079137],[19.905777,50.079148],[19.905843,50.079142],[19.905841,50.079131],[19.905932,50.079122],[19.905941,50.079162],[19.905921,50.079164],[19.905931,50.079208],[19.905952,50.079206],[19.905961,50.079247],[19.90594,50.079248],[19.905951,50.079293],[19.905972,50.079291],[19.905979,50.079324],[19.905958,50.079325],[19.905965,50.07935],[19.90591,50.079356],[19.905922,50.079412],[19.905998,50.079405],[19.906006,50.079437],[19.905985,50.079439],[19.905996,50.079484],[19.906016,50.079482],[19.906038,50.079571],[19.905789,50.079595],[19.90575,50.079429],[19.905778,50.079426],[19.905776,50.079417],[19.905767,50.079379],[19.905739,50.079381],[19.905683,50.079146]]]}},{"type":"Feature","id":"w692808108","properties":{"type":"yes","residential":true,"residents_est":1,"h3_10":"8a1e2e6b43affff","h3_11":"8b1e2e6b43acfff"},"geometry":{"type":"Polygon","coordinates":[[[19.906198,50.07967],[19.906297,50.079652],[19.906323,50.079711],[19.906224,50.079729],[19.906198,50.07967]]]}},{"type":"Feature","id":"w692808109","properties":{"type":"yes","residential":false,"residents_est":0,"h3_10":"8a1e2e6b43affff","h3_11":"8b1e2e6b43adfff"},"geometry":{"type":"Polygon","coordinates":[[[19.906323,50.079648],[19.906365,50.07964],[19.90639,50.079697],[19.906347,50.079704],[19.906323,50.079648]]]}},{"type":"Feature","id":"w692849100","properties":{"type":"apartments","address":"Tytusa Czyżewskiego 3","residential":true,"residents_est":135,"h3_10":"8a1e2e6b434ffff","h3_11":"8b1e2e6b434cfff"},"geometry":{"type":"Polygon","coordinates":[[[19.913264,50.081352],[19.913501,50.081323],[19.913505,50.081352],[19.913488,50.081355],[19.913502,50.081478],[19.91406,50.081451],[19.91404,50.081276],[19.914022,50.081278],[19.914018,50.081249],[19.914144,50.081233],[19.914146,50.081252],[19.914259,50.08124],[19.914297,50.081552],[19.913293,50.081601],[19.913264,50.081352]]]}},{"type":"Feature","id":"w692856277","properties":{"type":"apartments","levels":6.0,"address":"Tytusa Czyżewskiego 1","residential":true,"residents_est":127,"h3_10":"8a1e2e6b434ffff","h3_11":"8b1e2e6b434dfff"},"geometry":{"type":"Polygon","coordinates":[[[19.914489,50.081211],[19.914683,50.081186],[19.914682,50.081182],[19.914901,50.081159],[19.914925,50.081239],[19.914943,50.081237],[19.914984,50.081374],[19.914967,50.081376],[19.914989,50.081451],[19.915006,50.081449],[19.915016,50.081481],[19.914534,50.08154],[19.914522,50.081432],[19.914515,50.081433],[19.914489,50.081211]]]}},{"type":"Feature","id":"w692927772","properties":{"type":"guardhouse","address":"Lucjana Rydla 57","residential":false,"residents_est":0,"h3_10":"8a1e2e6b4337fff","h3_11":"8b1e2e6b4335fff"},"geometry":{"type":"Polygon","coordinates":[[[19.905625,50.081932],[19.905679,50.081906],[19.905718,50.081939],[19.905664,50.081965],[19.905625,50.081932]]]}},{"type":"Feature","id":"w693058713","properties":{"type":"garage","residential":false,"residents_est":0,"h3_10":"8a1e2e6b43a7fff","h3_11":"8b1e2e6b43a4fff"},"geometry":{"type":"Polygon","coordinates":[[[19.904411,50.080072],[19.904471,50.080059],[19.904523,50.08017],[19.904466,50.080182],[19.904411,50.080072]]]}},{"type":"Feature","id":"w693058721","properties":{"type":"service","residential":false,"residents_est":0,"h3_10":"8a1e2e6b4387fff","h3_11":"8b1e2e6b4385fff"},"geometry":{"type":"Polygon","coordinates":[[[19.905095,50.078899],[19.905171,50.078886],[19.90519,50.078932],[19.905113,50.078944],[19.905095,50.078899]]]}},{"type":"Feature","id":"w693058727","properties":{"type":"service","residential":false,"residents_est":0,"h3_10":"8a1e2e6b439ffff","h3_11":"8b1e2e6b439efff"},"geometry":{"type":"Polygon","coordinates":[[[19.904259,50.077459],[19.904299,50.077453],[19.904325,50.077518],[19.904284,50.077524],[19.904259,50.077459]]]}},{"type":"Feature","id":"w693889411","properties":{"type":"shed","residential":false,"residents_est":0,"h3_10":"8a1e2e6b42dffff","h3_11":"8b1e2e6b42ddfff"},"geometry":{"type":"Polygon","coordinates":[[[19.912727,50.075253],[19.912792,50.075238],[19.912829,50.075309],[19.912762,50.075322],[19.912727,50.075253]]]}},{"type":"Feature","id":"w693889412","properties":{"type":"service","residential":false,"residents_est":0,"h3_10":"8a1e2e6b42cffff","h3_11":"8b1e2e6b42ccfff"},"geometry":{"type":"Polygon","coordinates":[[[19.913598,50.076196],[19.913669,50.076188],[19.913682,50.076233],[19.913611,50.076241],[19.913598,50.076196]]]}},{"type":"Feature","id":"w719980617","properties":{"type":"yes","residential":false,"residents_est":0,"h3_10":"8a1e2e6b4297fff","h3_11":"8b1e2e6b4294fff"},"geometry":{"type":"Polygon","coordinates":[[[19.905255,50.075634],[19.90526,50.075603],[19.90534,50.075606],[19.905336,50.07564],[19.905255,50.075634]]]}},{"type":"Feature","id":"w979805840","properties":{"type":"apartments","address":"Bartosza Głowackiego 12","residential":true,"residents_est":97,"h3_10":"8a1e2e6b439ffff","h3_11":"8b1e2e6b4398fff"},"geometry":{"type":"Polygon","coordinates":[[[19.904465,50.077683],[19.904473,50.077682],[19.904477,50.077692],[19.90452,50.077686],[19.904515,50.077675],[19.904565,50.077666],[19.904569,50.077677],[19.904595,50.077673],[19.90459,50.077662],[19.904599,50.077661],[19.904603,50.077672],[19.904628,50.077667],[19.904624,50.077657],[19.904674,50.077648],[19.904678,50.077659],[19.904721,50.077652],[19.904716,50.077641],[19.904725,50.07764],[19.904729,50.077651],[19.904771,50.077644],[19.904767,50.077633],[19.90482,50.077624],[19.904825,50.077635],[19.904855,50.07763],[19.904851,50.077619],[19.904859,50.077618],[19.904863,50.077629],[19.904906,50.077622],[19.904902,50.077611],[19.904913,50.077609],[19.904918,50.07762],[19.90496,50.077613],[19.904956,50.077602],[19.905006,50.077594],[19.90501,50.077605],[19.905036,50.0776],[19.905031,50.077589],[19.905039,50.077588],[19.905044,50.077599],[19.905069,50.077595],[19.905065,50.077584],[19.905115,50.077576],[19.905119,50.077586],[19.905162,50.077579],[19.905157,50.077569],[19.905165,50.077567],[19.90517,50.077578],[19.905212,50.077571],[19.905208,50.07756],[19.905216,50.077559],[19.90522,50.07757],[19.905251,50.077565],[19.905246,50.077554],[19.905292,50.077546],[19.905282,50.077522],[19.905369,50.077508],[19.905373,50.077518],[19.905412,50.077511],[19.905407,50.077501],[19.905416,50.0775],[19.905483,50.077669],[19.90531,50.077697],[19.905306,50.077687],[19.905091,50.077723],[19.905094,50.077733],[19.905047,50.07774],[19.905043,50.07773],[19.904912,50.077752],[19.904916,50.077762],[19.904868,50.07777],[19.904865,50.07776],[19.90472,50.077783],[19.904649,50.077795],[19.904653,50.077805],[19.904606,50.077813],[19.904602,50.077803],[19.904518,50.077817],[19.904465,50.077683]]]}},{"type":"Feature","id":"w979805841","properties":{"type":"apartments","address":"Bartosza Głowackiego 12a","residential":true,"residents_est":97,"h3_10":"8a1e2e6b4397fff","h3_11":"8b1e2e6b4391fff"},"geometry":{"type":"Polygon","coordinates":[[[19.903386,50.077833],[19.903394,50.077832],[19.903399,50.077843],[19.903437,50.077837],[19.903433,50.077826],[19.90352,50.077812],[19.903529,50.077837],[19.903574,50.077829],[19.903578,50.07784],[19.903609,50.077835],[19.903604,50.077824],[19.903613,50.077823],[19.903617,50.077834],[19.90366,50.077827],[19.903655,50.077816],[19.903663,50.077815],[19.903667,50.077826],[19.90371,50.077819],[19.903706,50.077808],[19.903755,50.077799],[19.903759,50.07781],[19.903785,50.077806],[19.90378,50.077795],[19.903789,50.077794],[19.903793,50.077805],[19.903818,50.077801],[19.903814,50.07779],[19.903864,50.077782],[19.903868,50.077793],[19.903911,50.077786],[19.903906,50.077775],[19.903918,50.077773],[19.903923,50.077784],[19.903965,50.077777],[19.903961,50.077766],[19.903969,50.077764],[19.903974,50.077775],[19.904004,50.07777],[19.904,50.077759],[19.904053,50.077751],[19.904057,50.077761],[19.9041,50.077754],[19.904096,50.077744],[19.904104,50.077742],[19.904108,50.077753],[19.904151,50.077746],[19.904146,50.077735],[19.904196,50.077727],[19.904201,50.077738],[19.904226,50.077734],[19.904222,50.077723],[19.90423,50.077721],[19.904234,50.077732],[19.90426,50.077728],[19.904256,50.077717],[19.904306,50.077709],[19.90431,50.07772],[19.904353,50.077713],[19.904348,50.077702],[19.904356,50.077701],[19.904409,50.077835],[19.904326,50.077848],[19.90433,50.077858],[19.904282,50.077866],[19.904279,50.077856],[19.904063,50.077891],[19.904067,50.077901],[19.90402,50.077909],[19.904016,50.077899],[19.903886,50.077921],[19.90389,50.07793],[19.903843,50.077938],[19.903839,50.077928],[19.903623,50.077964],[19.903627,50.077974],[19.903453,50.078002],[19.903386,50.077833]]]}},{"type":"Feature","id":"w1040742374","properties":{"type":"warehouse","levels":1.0,"residential":false,"residents_est":0,"h3_10":"8a1e2e6b4347fff","h3_11":"8b1e2e6b4346fff"},"geometry":{"type":"Polygon","coordinates":[[[19.911521,50.08122],[19.912252,50.081076],[19.912304,50.081201],[19.911578,50.081342],[19.911521,50.08122]]]}},{"type":"Feature","id":"w1040742383","properties":{"type":"garage","levels":1.0,"residential":false,"residents_est":0,"h3_10":"8a1e2e6b42effff","h3_11":"8b1e2e6b42e9fff"},"geometry":{"type":"Polygon","coordinates":[[[19.914271,50.076258],[19.914438,50.07625],[19.914535,50.076889],[19.914514,50.07689],[19.91451,50.076864],[19.914493,50.076864],[19.914488,50.076832],[19.914397,50.076838],[19.914403,50.07687],[19.914386,50.076872],[19.914391,50.076898],[19.914369,50.0769],[19.914271,50.076258]]]}},{"type":"Feature","id":"w1040742392","properties":{"type":"outbuilding","levels":1.0,"residential":false,"residents_est":0,"h3_10":"8a1e2e6b42effff","h3_11":"8b1e2e6b42e9fff"},"geometry":{"type":"Polygon","coordinates":[[[19.914397,50.076838],[19.914488,50.076832],[19.914497,50.07689],[19.914407,50.076895],[19.914397,50.076838]]]}},{"type":"Feature","id":"w1040742407","properties":{"type":"outbuilding","levels":1.0,"residential":false,"residents_est":0,"h3_10":"8a1e2e6b4337fff","h3_11":"8b1e2e6b4331fff"},"geometry":{"type":"Polygon","coordinates":[[[19.906415,50.081761],[19.906611,50.081694],[19.906648,50.081738],[19.906482,50.081798],[19.906448,50.081798],[19.906415,50.081761]]]}},{"type":"Feature","id":"w1040742477","properties":{"type":"warehouse","levels":1.0,"residential":false,"residents_est":0,"h3_10":"8a1e2e6b4257fff","h3_11":"8b1e2e6b4252fff"},"geometry":{"type":"Polygon","coordinates":[[[19.912903,50.077405],[19.913307,50.077353],[19.913479,50.077915],[19.913076,50.077967],[19.912903,50.077405]]]}},{"type":"Feature","id":"w1040742542","properties":{"type":"outbuilding","levels":1.0,"residential":false,"residents_est":0,"h3_10":"8a1e2e6b4217fff","h3_11":"8b1e2e6b4216fff"},"geometry":{"type":"Polygon","coordinates":[[[19.907379,50.077985],[19.907464,50.077967],[19.907503,50.078045],[19.907417,50.078063],[19.907379,50.077985]]]}},{"type":"Feature","id":"w1040742544","properties":{"type":"apartments","levels":6.0,"address":"Bartosza Głowackiego 26","residential":true,"residents_est":88,"h3_10":"8a1e2e6b4237fff","h3_11":"8b1e2e6b4236fff"},"geometry":{"type":"Polygon","coordinates":[[[19.90692,50.078938],[19.907009,50.07893],[19.907012,50.07894],[19.907082,50.078933],[19.90708,50.078923],[19.907169,50.078914],[19.907178,50.078954],[19.907158,50.078956],[19.907168,50.079001],[19.907189,50.078999],[19.907198,50.079039],[19.907177,50.079041],[19.907187,50.079085],[19.907208,50.079083],[19.907216,50.079116],[19.907195,50.079118],[19.907202,50.079143],[19.907146,50.079148],[19.907159,50.079205],[19.907235,50.079197],[19.907243,50.07923],[19.907222,50.079232],[19.907233,50.079276],[19.907253,50.079274],[19.907275,50.079363],[19.907026,50.079387],[19.906987,50.079222],[19.907014,50.079219],[19.907003,50.079172],[19.906976,50.079174],[19.90692,50.078938]]]}},{"type":"Feature","id":"w1040742580","properties":{"type":"retail","levels":1.0,"residential":false,"residents_est":0,"h3_10":"8a1e2e6b42b7fff","h3_11":"8b1e2e6b42b2fff"},"geometry":{"type":"Polygon","coordinates":[[[19.905368,50.075915],[19.90541,50.075899],[19.905441,50.075934],[19.905399,50.07595],[19.905368,50.075915]]]}},{"type":"Feature","id":"w1040742594","properties":{"type":"garage","levels":1.0,"residential":false,"residents_est":0,"h3_10":"8a1e2e6b439ffff","h3_11":"8b1e2e6b439bfff"},"geometry":{"type":"Polygon","coordinates":[[[19.905595,50.07716],[19.905661,50.077149],[19.905742,50.077351],[19.905677,50.077362],[19.905595,50.07716]]]}},{"type":"Feature","id":"w1074436638","properties":{"type":"apartments","address":"Bronowicka 5","residential":true,"residents_est":58,"h3_10":"8a1e2e6b42b7fff","h3_11":"8b1e2e6b42b6fff"},"geometry":{"type":"Polygon","coordinates":[[[19.904911,50.076452],[19.904991,50.076422],[19.90507,50.076411],[19.905064,50.076395],[19.905181,50.076351],[19.905281,50.076641],[19.904959,50.076695],[19.904934,50.076623],[19.904969,50.076618],[19.904911,50.076452]]]}},{"type":"Feature","id":"w1093461801","properties":{"type":"service","name":"Kraków Główny KGA2","residential":false,"residents_est":0,"h3_10":"8a1e2e6b4327fff","h3_11":"8b1e2e6b4322fff"},"geometry":{"type":"Polygon","coordinates":[[[19.906706,50.082196],[19.906789,50.082193],[19.906791,50.082219],[19.906708,50.082222],[19.906706,50.082196]]]}},{"type":"Feature","id":"w1093461804","properties":{"type":"yes","residential":false,"residents_est":0,"h3_10":"8a1e2e6b4327fff","h3_11":"8b1e2e6b4322fff"},"geometry":{"type":"Polygon","coordinates":[[[19.906584,50.081806],[19.906631,50.081798],[19.906649,50.081844],[19.906603,50.081852],[19.906584,50.081806]]]}},{"type":"Feature","id":"w1093461805","properties":{"type":"yes","residential":false,"residents_est":0,"h3_10":"8a1e2e6b4327fff","h3_11":"8b1e2e6b4322fff"},"geometry":{"type":"Polygon","coordinates":[[[19.906633,50.081801],[19.906741,50.081783],[19.906757,50.081823],[19.906648,50.081841],[19.906633,50.081801]]]}},{"type":"Feature","id":"w1093461806","properties":{"type":"outbuilding","levels":1.0,"residential":false,"residents_est":0,"h3_10":"8a1e2e6b4307fff","h3_11":"8b1e2e6b4304fff"},"geometry":{"type":"Polygon","coordinates":[[[19.906928,50.081659],[19.906985,50.081648],[19.906965,50.081604],[19.907006,50.081597],[19.907076,50.081753],[19.906975,50.081763],[19.906928,50.081659]]]}},{"type":"Feature","id":"w1210735309","properties":{"type":"yes","residential":false,"residents_est":0,"h3_10":"8a1e2e6b4307fff","h3_11":"8b1e2e6b4306fff"},"geometry":{"type":"Polygon","coordinates":[[[19.90663,50.081157],[19.906709,50.081141],[19.906734,50.081195],[19.906654,50.081211],[19.90663,50.081157]]]}},{"type":"Feature","id":"w1210735891","properties":{"type":"roof","residential":false,"residents_est":0,"h3_10":"8a1e2e6b431ffff","h3_11":"8b1e2e6b4318fff"},"geometry":{"type":"Polygon","coordinates":[[[19.907953,50.080141],[19.908008,50.080128],[19.908057,50.080216],[19.908001,50.080228],[19.907953,50.080141]]]}},{"type":"Feature","id":"w1210735894","properties":{"type":"yes","residential":true,"residents_est":1,"h3_10":"8a1e2e6b4307fff","h3_11":"8b1e2e6b4304fff"},"geometry":{"type":"Polygon","coordinates":[[[19.906733,50.081646],[19.906856,50.081601],[19.906908,50.081662],[19.906789,50.081707],[19.906733,50.081646]]]}},{"type":"Feature","id":"w1218214526","properties":{"type":"yes","residential":false,"residents_est":0,"h3_10":"8a1e2e6b4317fff","h3_11":"8b1e2e6b4313fff"},"geometry":{"type":"Polygon","coordinates":[[[19.90613,50.080256],[19.906172,50.080248],[19.906199,50.08031],[19.906158,50.080317],[19.90613,50.080256]]]}},{"type":"Feature","id":"w1218214527","properties":{"type":"yes","residential":true,"residents_est":1,"h3_10":"8a1e2e6b4317fff","h3_11":"8b1e2e6b4316fff"},"geometry":{"type":"Polygon","coordinates":[[[19.904876,50.080405],[19.904978,50.080387],[19.905001,50.080439],[19.9049,50.080457],[19.904876,50.080405]]]}},{"type":"Feature","id":"w1285596859","properties":{"type":"detached","address":"Zaczarowane Koło 2","residential":true,"residents_est":26,"h3_10":"8a1e2e6b4397fff","h3_11":"8b1e2e6b4394fff"},"geometry":{"type":"Polygon","coordinates":[[[19.902898,50.07828],[19.903717,50.078144],[19.903759,50.078249],[19.90294,50.078385],[19.902898,50.07828]]]}},{"type":"Feature","id":"w1322853539","properties":{"type":"apartments","address":"Tytusa Czyżewskiego 5","residential":true,"residents_est":101,"h3_10":"8a1e2e6b4347fff","h3_11":"8b1e2e6b4344fff"},"geometry":{"type":"Polygon","coordinates":[[[19.911743,50.081564],[19.911783,50.08156],[19.911781,50.081545],[19.911921,50.081528],[19.911924,50.081541],[19.911964,50.081538],[19.911976,50.081592],[19.912202,50.081572],[19.912204,50.081584],[19.912257,50.08158],[19.912254,50.081567],[19.91248,50.081547],[19.912464,50.081474],[19.912505,50.081471],[19.912502,50.081456],[19.912642,50.081438],[19.912646,50.081451],[19.912685,50.081448],[19.91271,50.081566],[19.912689,50.081567],[19.912694,50.081589],[19.912715,50.081587],[19.912721,50.081618],[19.912701,50.08162],[19.912705,50.081642],[19.912726,50.08164],[19.912727,50.081645],[19.911778,50.081728],[19.911777,50.081723],[19.911797,50.081722],[19.911793,50.0817],[19.911772,50.081702],[19.911766,50.081671],[19.911786,50.081669],[19.911782,50.081647],[19.911761,50.081649],[19.911743,50.081564]]]}},{"type":"Feature","id":"w1322853540","properties":{"type":"apartments","address":"Tytusa Czyżewskiego 5a","residential":true,"residents_est":88,"h3_10":"8a1e2e6b4377fff","h3_11":"8b1e2e6b4371fff"},"geometry":{"type":"Polygon","coordinates":[[[19.910504,50.081709],[19.910545,50.081706],[19.910543,50.081692],[19.910683,50.081677],[19.910686,50.08169],[19.910726,50.081687],[19.910731,50.081715],[19.910762,50.081713],[19.91076,50.0817],[19.910964,50.081684],[19.910967,50.081696],[19.911002,50.081693],[19.910999,50.081681],[19.911203,50.081664],[19.911205,50.081676],[19.911237,50.081674],[19.911228,50.08163],[19.911268,50.081627],[19.911265,50.081612],[19.911406,50.081593],[19.911409,50.081606],[19.911448,50.081603],[19.911464,50.081681],[19.911444,50.081683],[19.911448,50.081705],[19.911468,50.081703],[19.911475,50.081734],[19.911454,50.081736],[19.911458,50.081757],[19.911478,50.081755],[19.911479,50.08176],[19.91053,50.081838],[19.910529,50.081833],[19.91055,50.081831],[19.910545,50.08181],[19.910525,50.081812],[19.910504,50.081709]]]}},{"type":"Feature","id":"w1322853541","properties":{"type":"apartments","address":"Tytusa Czyżewskiego 5b","residential":true,"residents_est":85,"h3_10":"8a1e2e6b432ffff","h3_11":"8b1e2e6b4329fff"},"geometry":{"type":"Polygon","coordinates":[[[19.909247,50.081751],[19.909287,50.08175],[19.909287,50.081736],[19.909429,50.081731],[19.909431,50.081744],[19.909471,50.081744],[19.909473,50.081769],[19.909504,50.081768],[19.909503,50.081755],[19.909948,50.081739],[19.909949,50.081752],[19.909982,50.081751],[19.909979,50.081725],[19.91002,50.081724],[19.910019,50.08171],[19.910161,50.081705],[19.910163,50.081718],[19.910203,50.081717],[19.910213,50.081821],[19.910192,50.081822],[19.910194,50.081843],[19.910215,50.081843],[19.910215,50.081848],[19.909261,50.081882],[19.90926,50.081877],[19.909282,50.081876],[19.909279,50.081855],[19.909258,50.081855],[19.909247,50.081751]]]}},{"type":"Feature","id":"w1434854121","properties":{"type":"semidetached_house","residential":true,"residents_est":8,"h3_10":"8a1e2e6b43a7fff","h3_11":"8b1e2e6b43a4fff"},"geometry":{"type":"Polygon","coordinates":[[[19.903962,50.080106],[19.904105,50.08008],[19.904111,50.080093],[19.904161,50.080084],[19.904192,50.080153],[19.904177,50.080156],[19.904188,50.080182],[19.904198,50.080204],[19.904212,50.080201],[19.904218,50.080215],[19.904127,50.080232],[19.904133,50.080246],[19.904044,50.080262],[19.904005,50.080174],[19.903993,50.080176],[19.903962,50.080106]]]}},{"type":"Feature","id":"w1434854124","properties":{"type":"garage","residential":false,"residents_est":0,"h3_10":"8a1e2e6b4317fff","h3_11":"8b1e2e6b4312fff"},"geometry":{"type":"Polygon","coordinates":[[[19.9056,50.07989],[19.905677,50.079878],[19.905698,50.079932],[19.905621,50.079944],[19.9056,50.07989]]]}},{"type":"Feature","id":"w1447541904","properties":{"type":"yes","residential":false,"residents_est":0,"h3_10":"8a1e2e6b42cffff","h3_11":"8b1e2e6b42c9fff"},"geometry":{"type":"Polygon","coordinates":[[[19.914615,50.075925],[19.914672,50.075921],[19.914677,50.075956],[19.914621,50.07596],[19.914615,50.075925]]]}},{"type":"Feature","id":"w1447792243","properties":{"type":"yes","residential":false,"residents_est":0,"h3_10":"8a1e2e6b424ffff","h3_11":"8b1e2e6b424afff"},"geometry":{"type":"Polygon","coordinates":[[[19.916058,50.0778],[19.916125,50.07779],[19.916142,50.077833],[19.916075,50.077844],[19.916058,50.0778]]]}},{"type":"Feature","id":"w1449375622","properties":{"type":"yes","residential":false,"residents_est":0,"h3_10":"8a1e2e6b4237fff","h3_11":"8b1e2e6b4230fff"},"geometry":{"type":"Polygon","coordinates":[[[19.908216,50.078859],[19.908293,50.078843],[19.908315,50.078893],[19.908238,50.078908],[19.908216,50.078859]]]}},{"type":"Feature","id":"w1449414102","properties":{"type":"yes","residential":false,"residents_est":0,"h3_10":"8a1e2e6b4377fff","h3_11":"8b1e2e6b4373fff"},"geometry":{"type":"Polygon","coordinates":[[[19.910887,50.081338],[19.91095,50.081325],[19.910971,50.081369],[19.910907,50.081381],[19.910887,50.081338]]]}},{"type":"Feature","id":"w1449495695","properties":{"type":"construction","address":"Bartosza Głowackiego 60","residential":false,"residents_est":0,"h3_10":"8a1e2e6b4307fff","h3_11":"8b1e2e6b4305fff"},"geometry":{"type":"Polygon","coordinates":[[[19.906829,50.081862],[19.907016,50.081828],[19.907105,50.081821],[19.907106,50.081833],[19.907132,50.081832],[19.90715,50.081846],[19.90715,50.081858],[19.907195,50.081857],[19.907197,50.081881],[19.907254,50.08188],[19.907244,50.081753],[19.907256,50.081753],[19.907254,50.081723],[19.907242,50.081724],[19.907236,50.081709],[19.907245,50.081708],[19.907184,50.08157],[19.907252,50.081558],[19.907256,50.081569],[19.907378,50.081546],[19.907374,50.081537],[19.907442,50.081524],[19.907501,50.081651],[19.907512,50.081651],[19.907515,50.081686],[19.907494,50.081686],[19.907494,50.081706],[19.907515,50.081705],[19.907519,50.08174],[19.907498,50.081741],[19.907499,50.08176],[19.907521,50.081759],[19.907523,50.081794],[19.907493,50.081796],[19.907497,50.081824],[19.907529,50.081822],[19.907528,50.081811],[19.907568,50.081809],[19.907568,50.081802],[19.907574,50.081801],[19.907575,50.081809],[19.907654,50.081805],[19.907654,50.0818],[19.907658,50.081805],[19.907679,50.081804],[19.907678,50.081798],[19.907683,50.081804],[19.907738,50.081801],[19.907737,50.081794],[19.907744,50.081794],[19.907745,50.081801],[19.90779,50.081799],[19.90779,50.081809],[19.90782,50.081809],[19.907825,50.081779],[19.907793,50.081776],[19.9078,50.081742],[19.907821,50.081744],[19.907825,50.081724],[19.907804,50.081722],[19.907816,50.08166],[19.907837,50.081662],[19.907841,50.081643],[19.907825,50.081641],[19.907832,50.081602],[19.907813,50.081463],[19.908069,50.081444],[19.908075,50.081481],[19.908095,50.08148],[19.9081,50.081519],[19.908078,50.081521],[19.90808,50.08154],[19.908103,50.081539],[19.908107,50.081572],[19.907979,50.081579],[19.907981,50.081595],[19.908112,50.081606],[19.908113,50.081611],[19.908093,50.081609],[19.908089,50.081629],[19.908112,50.081631],[19.908105,50.081665],[19.908082,50.081663],[19.908078,50.081682],[19.908101,50.081684],[19.908094,50.081718],[19.908072,50.081717],[19.908068,50.081736],[19.90809,50.081738],[19.908084,50.081772],[19.908061,50.08177],[19.908057,50.081789],[19.90808,50.081791],[19.908072,50.081825],[19.908049,50.081823],[19.908046,50.081842],[19.908069,50.081845],[19.908061,50.081882],[19.908017,50.081878],[19.908017,50.081883],[19.907982,50.08188],[19.907981,50.081886],[19.907912,50.08188],[19.90791,50.081888],[19.907668,50.081901],[19.907666,50.081897],[19.907103,50.081921],[19.906865,50.081944],[19.906829,50.081862]]]}},{"type":"Feature","id":"w1450731509","properties":{"type":"yes","residential":false,"residents_est":0,"h3_10":"8a1e2e6b4387fff","h3_11":"8b1e2e6b4385fff"},"geometry":{"type":"Polygon","coordinates":[[[19.905195,50.079236],[19.90526,50.079225],[19.905272,50.079254],[19.905207,50.079265],[19.905195,50.079236]]]}},{"type":"Feature","id":"w1450769894","properties":{"type":"yes","residential":false,"residents_est":0,"h3_10":"8a1e2e6b4387fff","h3_11":"8b1e2e6b4380fff"},"geometry":{"type":"Polygon","coordinates":[[[19.904615,50.078768],[19.904688,50.078756],[19.904698,50.078784],[19.904625,50.078795],[19.904615,50.078768]]]}},{"type":"Feature","id":"w1450928883","properties":{"type":"yes","residential":false,"residents_est":0,"h3_10":"8a1e2e6b42a7fff","h3_11":"8b1e2e6b42a5fff"},"geometry":{"type":"Polygon","coordinates":[[[19.907153,50.077485],[19.907234,50.077471],[19.907247,50.077506],[19.907167,50.077519],[19.907153,50.077485]]]}},{"type":"Feature","id":"w1450941693","properties":{"type":"yes","residential":false,"residents_est":0,"h3_10":"8a1e2e6b428ffff","h3_11":"8b1e2e6b428efff"},"geometry":{"type":"Polygon","coordinates":[[[19.908266,50.07555],[19.908304,50.075542],[19.908327,50.075597],[19.90829,50.075604],[19.908266,50.07555]]]}},{"type":"Feature","id":"w1450941703","properties":{"type":"yes","residential":false,"residents_est":0,"h3_10":"8a1e2e6b4217fff","h3_11":"8b1e2e6b4213fff"},"geometry":{"type":"Polygon","coordinates":[[[19.909035,50.077668],[19.909102,50.077649],[19.909129,50.077692],[19.909063,50.077711],[19.909035,50.077668]]]}},{"type":"Feature","id":"w1450949274","properties":{"type":"yes","residential":false,"residents_est":0,"h3_10":"8a1e2e6b428ffff","h3_11":"8b1e2e6b428efff"},"geometry":{"type":"Polygon","coordinates":[[[19.908448,50.075775],[19.908514,50.075763],[19.908528,50.075788],[19.908463,50.075803],[19.908448,50.075775]]]}},{"type":"Feature","id":"w1468899421","properties":{"type":"yes","residential":true,"residents_est":1,"h3_10":"8a1e2e6b42effff","h3_11":"8b1e2e6b42e8fff"},"geometry":{"type":"Polygon","coordinates":[[[19.91358,50.076802],[19.913708,50.076796],[19.913717,50.076875],[19.913587,50.076879],[19.91358,50.076802]]]}},{"type":"Feature","id":"w1469085931","properties":{"type":"garage","name":"SC Garage Ręczna Myjnia Samochodowa","residential":false,"residents_est":0,"h3_10":"8a1e2e6b4327fff","h3_11":"8b1e2e6b4325fff"},"geometry":{"type":"Polygon","coordinates":[[[19.907182,50.082552],[19.907361,50.082541],[19.90737,50.082601],[19.907236,50.082609],[19.907241,50.082643],[19.907196,50.082646],[19.907182,50.082552]]]}},{"type":"Feature","id":"w1470095635","properties":{"type":"garage","residential":false,"residents_est":0,"h3_10":"8a1e2e6b4297fff","h3_11":"8b1e2e6b4296fff"},"geometry":{"type":"Polygon","coordinates":[[[19.905087,50.07529],[19.905108,50.07524],[19.905155,50.075249],[19.905136,50.075299],[19.905087,50.07529]]]}},{"type":"Feature","id":"w1557883954","properties":{"type":"construction","residential":false,"residents_est":0,"h3_10":"8a1e2e6b438ffff","h3_11":"8b1e2e6b438efff"},"geometry":{"type":"Polygon","coordinates":[[[19.905335,50.078414],[19.906743,50.078189],[19.906808,50.078357],[19.905782,50.078523],[19.90579,50.078549],[19.905562,50.078586],[19.905543,50.078541],[19.905389,50.078564],[19.905335,50.078414]]]}}]}