{"type":"FeatureCollection","features":[{"type":"Feature","id":"w39270881","properties":{"type":"chapel","name":"Kaplica wieczystej adoracji","residential":false,"residents_est":0,"h3_10":"8a1e2e6954affff","h3_11":"8b1e2e6954a8fff"},"geometry":{"type":"Polygon","coordinates":[[[19.937513,50.020305],[19.93752,50.020281],[19.937531,50.020271],[19.937582,50.020256],[19.937633,50.020269],[19.937653,50.020297],[19.937649,50.020317],[19.937627,50.020337],[19.937635,50.020353],[19.937592,50.020362],[19.937583,50.020347],[19.937555,50.020343],[19.937526,50.020328],[19.937513,50.020305]]]}},{"type":"Feature","id":"w39270882","properties":{"type":"commercial","residential":false,"residents_est":0,"h3_10":"8a1e2e6954affff","h3_11":"8b1e2e6954a9fff"},"geometry":{"type":"Polygon","coordinates":[[[19.937531,50.020557],[19.938004,50.020286],[19.938067,50.02033],[19.938103,50.020309],[19.938123,50.020323],[19.937608,50.020617],[19.937531,50.020557]]]}},{"type":"Feature","id":"w55983055","properties":{"type":"yes","name":"Shell","residential":false,"residents_est":0,"h3_10":"8a1e2e695587fff","h3_11":"8b1e2e695582fff"},"geometry":{"type":"Polygon","coordinates":[[[19.933187,50.021758],[19.933375,50.021674],[19.933468,50.021759],[19.93328,50.021844],[19.933187,50.021758]]]}},{"type":"Feature","id":"w122432468","properties":{"type":"house","levels":2.0,"address":"Do Wilgi 15","residential":true,"residents_est":6,"h3_10":"8a1e2e6955b7fff","h3_11":"8b1e2e6955b4fff"},"geometry":{"type":"Polygon","coordinates":[[[19.9313,50.023255],[19.931304,50.023138],[19.931448,50.023146],[19.93144,50.023261],[19.9313,50.023255]]]}},{"type":"Feature","id":"w122432490","properties":{"type":"house","levels":1.0,"address":"Do Wilgi 13","residential":true,"residents_est":5,"h3_10":"8a1e2e6955b7fff","h3_11":"8b1e2e6955b4fff"},"geometry":{"type":"Polygon","coordinates":[[[19.931304,50.023138],[19.931311,50.023027],[19.931331,50.023003],[19.931497,50.022931],[19.93149,50.023035],[19.931447,50.023034],[19.931442,50.023127],[19.931467,50.023128],[19.931466,50.023142],[19.931304,50.023138]]]}},{"type":"Feature","id":"w122432491","properties":{"type":"house","levels":3.0,"address":"Do Wilgi 11","residential":true,"residents_est":12,"h3_10":"8a1e2e6955b7fff","h3_11":"8b1e2e6955b4fff"},"geometry":{"type":"Polygon","coordinates":[[[19.931534,50.02292],[19.931755,50.022905],[19.931758,50.022995],[19.931656,50.023003],[19.931658,50.023015],[19.931604,50.023019],[19.931603,50.023007],[19.931538,50.023015],[19.931534,50.02292]]]}},{"type":"Feature","id":"w122433361","properties":{"type":"semidetached_house","levels":2.0,"residential":true,"residents_est":4,"h3_10":"8a1e2e6955b7fff","h3_11":"8b1e2e6955b1fff"},"geometry":{"type":"Polygon","coordinates":[[[19.932494,50.022908],[19.932534,50.022825],[19.932641,50.022847],[19.932602,50.02293],[19.932494,50.022908]]]}},{"type":"Feature","id":"w122433362","properties":{"type":"semidetached_house","levels":1.0,"residential":true,"residents_est":2,"h3_10":"8a1e2e6955b7fff","h3_11":"8b1e2e6955b1fff"},"geometry":{"type":"Polygon","coordinates":[[[19.932394,50.022888],[19.932428,50.022811],[19.932534,50.022825],[19.932494,50.022908],[19.932394,50.022888]]]}},{"type":"Feature","id":"w122433364","properties":{"type":"house","levels":1.0,"address":"Klementyny Hoffmanowej 27","residential":true,"residents_est":3,"h3_10":"8a1e2e6955b7fff","h3_11":"8b1e2e6955b5fff"},"geometry":{"type":"Polygon","coordinates":[[[19.931801,50.022904],[19.931977,50.022901],[19.932005,50.022919],[19.931998,50.022997],[19.931869,50.022992],[19.931871,50.022966],[19.931852,50.022965],[19.931853,50.022944],[19.931803,50.022942],[19.931801,50.022904]]]}},{"type":"Feature","id":"w123144523","properties":{"type":"convent","name":"Zgromadzenie Sióstr Matki Bożej Miłosierdzia","residential":false,"residents_est":0,"h3_10":"8a1e2e695417fff","h3_11":"8b1e2e695412fff"},"geometry":{"type":"Polygon","coordinates":[[[19.93651,50.021259],[19.936691,50.021155],[19.936762,50.021208],[19.936886,50.021285],[19.93688,50.021288],[19.937038,50.021404],[19.937088,50.021448],[19.936914,50.021548],[19.93651,50.021259]]]}},{"type":"Feature","id":"w123144525","properties":{"type":"convent","residential":false,"residents_est":0,"h3_10":"8a1e2e6954a7fff","h3_11":"8b1e2e6954a0fff"},"geometry":{"type":"Polygon","coordinates":[[[19.935645,50.020883],[19.935793,50.020829],[19.935817,50.020857],[19.936113,50.020749],[19.93617,50.020811],[19.935726,50.020976],[19.935645,50.020883]]]}},{"type":"Feature","id":"w123144532","properties":{"type":"convent","residential":false,"residents_est":0,"h3_10":"8a1e2e6954affff","h3_11":"8b1e2e6954acfff"},"geometry":{"type":"Polygon","coordinates":[[[19.936751,50.02099],[19.93701,50.020841],[19.937005,50.020838],[19.93705,50.020812],[19.937054,50.020816],[19.937253,50.020703],[19.937247,50.020699],[19.937345,50.020644],[19.937475,50.020739],[19.937494,50.020727],[19.937539,50.02076],[19.937519,50.020771],[19.937527,50.020777],[19.937281,50.020912],[19.937289,50.020918],[19.937134,50.021006],[19.937126,50.021],[19.936924,50.021116],[19.936751,50.02099]]]}},{"type":"Feature","id":"w123144533","properties":{"type":"hotel","residential":false,"residents_est":0,"h3_10":"8a1e2e69541ffff","h3_11":"8b1e2e69541efff"},"geometry":{"type":"Polygon","coordinates":[[[19.93757,50.021332],[19.937946,50.02111],[19.938045,50.021178],[19.938104,50.021144],[19.938097,50.021139],[19.938104,50.021124],[19.938122,50.021121],[19.938136,50.021126],[19.938284,50.021037],[19.938307,50.021053],[19.938323,50.021043],[19.938355,50.021043],[19.938376,50.021059],[19.938368,50.021079],[19.938343,50.021088],[19.938366,50.02111],[19.938402,50.021162],[19.938184,50.021281],[19.938212,50.021301],[19.937829,50.021519],[19.93757,50.021332]]]}},{"type":"Feature","id":"w123144536","properties":{"type":"convent","levels":3.0,"name":"Dom nowicjatu","residential":false,"residents_est":0,"h3_10":"8a1e2e695417fff","h3_11":"8b1e2e695410fff"},"geometry":{"type":"Polygon","coordinates":[[[19.936693,50.021714],[19.937342,50.02158],[19.937384,50.021662],[19.936735,50.021796],[19.936693,50.021714]]]}},{"type":"Feature","id":"w123144540","properties":{"type":"church","address":"Siostry Faustyny 3/9","name":"Bazylika Bożego Miłosierdzia","residential":false,"residents_est":0,"h3_10":"8a1e2e6954affff","h3_11":"8b1e2e6954abfff"},"geometry":{"type":"Polygon","coordinates":[[[19.937192,50.020059],[19.937208,50.020001],[19.937243,50.019948],[19.937303,50.019889],[19.937384,50.019834],[19.93746,50.019796],[19.937621,50.01974],[19.937761,50.019717],[19.937805,50.019754],[19.937851,50.019753],[19.937894,50.019762],[19.937933,50.019782],[19.937956,50.019803],[19.937968,50.01983],[19.937964,50.019866],[19.938012,50.019902],[19.937962,50.019983],[19.937929,50.020023],[19.937855,50.020085],[19.937778,50.020134],[19.937689,50.020176],[19.937498,50.020221],[19.937418,50.020224],[19.937316,50.020209],[19.937199,50.020126],[19.937192,50.020059]]]}},{"type":"Feature","id":"w123144999","properties":{"type":"yes","levels":2.0,"address":"Siostry Faustyny 15B","residential":true,"residents_est":4,"h3_10":"8a1e2e6954f7fff","h3_11":"8b1e2e6954f3fff"},"geometry":{"type":"Polygon","coordinates":[[[19.939235,50.019652],[19.9393,50.019624],[19.939248,50.019574],[19.939328,50.01954],[19.939371,50.019582],[19.939409,50.019566],[19.93948,50.019634],[19.939442,50.01965],[19.939437,50.019664],[19.939302,50.019716],[19.939235,50.019652]]]}},{"type":"Feature","id":"w123145000","properties":{"type":"yes","address":"Tadeusza Motarskiego 4","residential":true,"residents_est":14,"h3_10":"8a1e2e6954d7fff","h3_11":"8b1e2e6954d1fff"},"geometry":{"type":"Polygon","coordinates":[[[19.939899,50.018969],[19.939942,50.01895],[19.939906,50.018921],[19.940095,50.018832],[19.940169,50.018902],[19.940056,50.018955],[19.940154,50.019047],[19.940038,50.019096],[19.939899,50.018969]]]}},{"type":"Feature","id":"w123145002","properties":{"type":"yes","levels":3.0,"address":"Porucznika Wąchały 5","residential":true,"residents_est":5,"h3_10":"8a1e2e6954d7fff","h3_11":"8b1e2e6954d0fff"},"geometry":{"type":"Polygon","coordinates":[[[19.939476,50.019135],[19.939536,50.019109],[19.939547,50.019119],[19.939595,50.019099],[19.939685,50.019182],[19.939679,50.019185],[19.939726,50.019229],[19.939677,50.019251],[19.939658,50.019233],[19.939615,50.019253],[19.939554,50.019195],[19.939543,50.019199],[19.939476,50.019135]]]}},{"type":"Feature","id":"w123145003","properties":{"type":"yes","levels":3.0,"address":"Porucznika Wąchały 7","residential":true,"residents_est":6,"h3_10":"8a1e2e6954d7fff","h3_11":"8b1e2e6954d4fff"},"geometry":{"type":"Polygon","coordinates":[[[19.939238,50.019218],[19.939298,50.019192],[19.939309,50.019203],[19.939357,50.019182],[19.939425,50.019247],[19.939451,50.019236],[19.939472,50.019256],[19.93944,50.01927],[19.939483,50.019313],[19.939435,50.019334],[19.93942,50.01932],[19.939377,50.019339],[19.939316,50.019279],[19.939306,50.019283],[19.939238,50.019218]]]}},{"type":"Feature","id":"w123145004","properties":{"type":"monastery","levels":3.0,"address":"Siostry Faustyny 13","name":"Dom formacyjny","residential":false,"residents_est":0,"h3_10":"8a1e2e6954f7fff","h3_11":"8b1e2e6954f3fff"},"geometry":{"type":"Polygon","coordinates":[[[19.939545,50.019556],[19.93975,50.019464],[19.939877,50.019581],[19.939671,50.019674],[19.939545,50.019556]]]}},{"type":"Feature","id":"w123145005","properties":{"type":"yes","levels":1.0,"residential":true,"residents_est":5,"h3_10":"8a1e2e6954d7fff","h3_11":"8b1e2e6954d5fff"},"geometry":{"type":"Polygon","coordinates":[[[19.940064,50.019292],[19.940283,50.019192],[19.940381,50.019284],[19.940307,50.019317],[19.940415,50.019417],[19.940286,50.019478],[19.940064,50.019292]]]}},{"type":"Feature","id":"w128869535","properties":{"type":"semidetached_house","levels":2.0,"address":"Klementyny Hoffmanowej 14","residential":true,"residents_est":4,"h3_10":"8a1e2e6955b7fff","h3_11":"8b1e2e6955b5fff"},"geometry":{"type":"Polygon","coordinates":[[[19.932169,50.023246],[19.932176,50.023184],[19.932329,50.023189],[19.932324,50.023252],[19.932169,50.023246]]]}},{"type":"Feature","id":"w128869537","properties":{"type":"detached","levels":2.0,"address":"Klementyny Hoffmanowej 18","residential":true,"residents_est":6,"h3_10":"8a1e2e6955b7fff","h3_11":"8b1e2e6955b5fff"},"geometry":{"type":"Polygon","coordinates":[[[19.93219,50.023048],[19.932199,50.022952],[19.93222,50.02294],[19.932354,50.022943],[19.932353,50.022962],[19.93234,50.022961],[19.932331,50.023053],[19.93219,50.023048]]]}},{"type":"Feature","id":"w128869538","properties":{"type":"detached","levels":2.0,"residential":true,"residents_est":4,"h3_10":"8a1e2e6955a7fff","h3_11":"8b1e2e6955a6fff"},"geometry":{"type":"Polygon","coordinates":[[[19.932368,50.023624],[19.932372,50.023562],[19.932419,50.023563],[19.932418,50.023575],[19.932497,50.023578],[19.932499,50.023568],[19.932492,50.023565],[19.932497,50.023521],[19.932537,50.023522],[19.932524,50.023628],[19.932368,50.023624]]]}},{"type":"Feature","id":"w128869539","properties":{"type":"convent","levels":1.0,"address":"Klementyny Hoffmanowej 16","name":"Klasztor Zgromadzenia Sióstr św. Józefa Oblubieńca Najświętszej Marii Panny","residential":false,"residents_est":0,"h3_10":"8a1e2e6955b7fff","h3_11":"8b1e2e6955b5fff"},"geometry":{"type":"Polygon","coordinates":[[[19.932176,50.023184],[19.932184,50.023103],[19.932312,50.02311],[19.932309,50.023188],[19.932176,50.023184]]]}},{"type":"Feature","id":"w128869540","properties":{"type":"detached","levels":1.0,"address":"Klementyny Hoffmanowej 12","residential":true,"residents_est":2,"h3_10":"8a1e2e6955a7fff","h3_11":"8b1e2e6955a6fff"},"geometry":{"type":"Polygon","coordinates":[[[19.932157,50.023398],[19.932165,50.023316],[19.932293,50.023322],[19.932287,50.023405],[19.932157,50.023398]]]}},{"type":"Feature","id":"w128872830","properties":{"type":"house","levels":2.0,"address":"Ciesielska 3","residential":true,"residents_est":4,"h3_10":"8a1e2e695537fff","h3_11":"8b1e2e695536fff"},"geometry":{"type":"Polygon","coordinates":[[[19.933555,50.024981],[19.933693,50.024969],[19.933709,50.02505],[19.93357,50.025062],[19.933555,50.024981]]]}},{"type":"Feature","id":"w139505599","properties":{"type":"train_station","levels":1.0,"address":"Siostry Faustyny 2","name":"Kraków Łagiewniki","residential":false,"residents_est":0,"h3_10":"8a1e2e695587fff","h3_11":"8b1e2e695580fff"},"geometry":{"type":"Polygon","coordinates":[[[19.933412,50.022441],[19.933422,50.022378],[19.933444,50.022379],[19.933453,50.022296],[19.933495,50.022298],[19.933496,50.022281],[19.933548,50.022284],[19.933532,50.022393],[19.933577,50.022396],[19.933578,50.022436],[19.933531,50.022434],[19.933528,50.022449],[19.933412,50.022441]]]}},{"type":"Feature","id":"w171434181","properties":{"type":"house","levels":3.0,"address":"Oraczy 3","residential":true,"residents_est":6,"h3_10":"8a1e2e695537fff","h3_11":"8b1e2e695534fff"},"geometry":{"type":"Polygon","coordinates":[[[19.933967,50.025554],[19.934075,50.025534],[19.934109,50.025614],[19.934036,50.025627],[19.934042,50.025641],[19.934009,50.025648],[19.933967,50.025554]]]}},{"type":"Feature","id":"w171434182","properties":{"type":"house","levels":3.0,"address":"Oraczy 5","residential":true,"residents_est":10,"h3_10":"8a1e2e695537fff","h3_11":"8b1e2e695534fff"},"geometry":{"type":"Polygon","coordinates":[[[19.933806,50.025582],[19.933967,50.025554],[19.934009,50.025648],[19.933847,50.025677],[19.933806,50.025582]]]}},{"type":"Feature","id":"w171434185","properties":{"type":"house","levels":1.0,"address":"Oraczy 6","residential":true,"residents_est":3,"h3_10":"8a1e2e695537fff","h3_11":"8b1e2e695534fff"},"geometry":{"type":"Polygon","coordinates":[[[19.933779,50.025398],[19.933942,50.02537],[19.933975,50.02545],[19.933813,50.025479],[19.933779,50.025398]]]}},{"type":"Feature","id":"w171434188","properties":{"type":"house","levels":2.0,"address":"Oraczy 7","residential":true,"residents_est":7,"h3_10":"8a1e2e695537fff","h3_11":"8b1e2e695534fff"},"geometry":{"type":"Polygon","coordinates":[[[19.933653,50.02561],[19.933806,50.025582],[19.933847,50.025677],[19.933755,50.025695],[19.933773,50.025733],[19.933713,50.025745],[19.933653,50.02561]]]}},{"type":"Feature","id":"w171434190","properties":{"type":"house","levels":1.0,"address":"Oraczy 8","residential":true,"residents_est":2,"h3_10":"8a1e2e695537fff","h3_11":"8b1e2e695536fff"},"geometry":{"type":"Polygon","coordinates":[[[19.933622,50.025422],[19.933737,50.025402],[19.933773,50.025485],[19.933657,50.025505],[19.933622,50.025422]]]}},{"type":"Feature","id":"w174832058","properties":{"type":"residential","address":"Kołodziejska 26c","residential":true,"residents_est":27,"h3_10":"8a1e2e6954c7fff","h3_11":"8b1e2e6954c3fff"},"geometry":{"type":"Polygon","coordinates":[[[19.94127,50.019586],[19.94134,50.019579],[19.941342,50.01957],[19.941358,50.019562],[19.941379,50.019567],[19.941384,50.019574],[19.941449,50.019567],[19.941451,50.019558],[19.941462,50.019551],[19.941477,50.01955],[19.941493,50.019562],[19.941562,50.019554],[19.941591,50.019661],[19.941524,50.019669],[19.941528,50.019682],[19.941369,50.019699],[19.941366,50.019686],[19.9413,50.019693],[19.94127,50.019586]]]}},{"type":"Feature","id":"w186581392","properties":{"type":"terrace","levels":2.0,"address":"Zakopiańska 30","residential":true,"residents_est":4,"h3_10":"8a1e2e695527fff","h3_11":"8b1e2e695524fff"},"geometry":{"type":"Polygon","coordinates":[[[19.93539,50.026286],[19.935496,50.026263],[19.935545,50.026358],[19.935439,50.02638],[19.93539,50.026286]]]}},{"type":"Feature","id":"w186581393","properties":{"type":"terrace","levels":2.0,"address":"Zakopiańska 30a","residential":true,"residents_est":4,"h3_10":"8a1e2e695527fff","h3_11":"8b1e2e695524fff"},"geometry":{"type":"Polygon","coordinates":[[[19.935496,50.026263],[19.935604,50.02624],[19.935652,50.026334],[19.935545,50.026358],[19.935496,50.026263]]]}},{"type":"Feature","id":"w186581394","properties":{"type":"terrace","levels":2.0,"address":"Zakopiańska 30b","residential":true,"residents_est":4,"h3_10":"8a1e2e695527fff","h3_11":"8b1e2e695524fff"},"geometry":{"type":"Polygon","coordinates":[[[19.935604,50.02624],[19.93571,50.026216],[19.935758,50.026311],[19.935652,50.026334],[19.935604,50.02624]]]}},{"type":"Feature","id":"w186581395","properties":{"type":"terrace","levels":2.0,"address":"Zakopiańska 30c","residential":true,"residents_est":4,"h3_10":"8a1e2e695527fff","h3_11":"8b1e2e695524fff"},"geometry":{"type":"Polygon","coordinates":[[[19.93571,50.026216],[19.93582,50.026193],[19.935866,50.026287],[19.935758,50.026311],[19.93571,50.026216]]]}},{"type":"Feature","id":"w186581397","properties":{"type":"terrace","levels":2.0,"address":"Zakopiańska 30d","residential":true,"residents_est":4,"h3_10":"8a1e2e695527fff","h3_11":"8b1e2e695525fff"},"geometry":{"type":"Polygon","coordinates":[[[19.93582,50.026193],[19.93592,50.026172],[19.935968,50.026265],[19.935866,50.026287],[19.93582,50.026193]]]}},{"type":"Feature","id":"w191119063","properties":{"type":"yes","residential":true,"residents_est":1,"h3_10":"8a1e2e695557fff","h3_11":"8b1e2e695554fff"},"geometry":{"type":"Polygon","coordinates":[[[19.939598,50.024496],[19.939697,50.024486],[19.939698,50.024493],[19.939757,50.024491],[19.939761,50.024536],[19.939602,50.024542],[19.939598,50.024496]]]}},{"type":"Feature","id":"w191119064","properties":{"type":"apartments","address":"Generała Bolesława Roi 4b","residential":true,"residents_est":125,"h3_10":"8a1e2e69545ffff","h3_11":"8b1e2e695459fff"},"geometry":{"type":"Polygon","coordinates":[[[19.944468,50.021344],[19.944494,50.021203],[19.944507,50.021204],[19.944519,50.021143],[19.944669,50.021065],[19.944769,50.021073],[19.944771,50.021064],[19.94499,50.02108],[19.944988,50.021089],[19.945084,50.021096],[19.945204,50.021194],[19.945192,50.021258],[19.945206,50.021259],[19.945181,50.021398],[19.945013,50.021385],[19.945023,50.021332],[19.945001,50.02133],[19.94501,50.021279],[19.945032,50.021281],[19.945041,50.021228],[19.945032,50.02122],[19.945016,50.021229],[19.944988,50.021206],[19.945005,50.021198],[19.944996,50.021191],[19.944913,50.021184],[19.94491,50.021198],[19.944831,50.021192],[19.944834,50.021178],[19.944722,50.02117],[19.944711,50.021176],[19.944724,50.021186],[19.944689,50.021205],[19.944675,50.021194],[19.944664,50.021199],[19.944655,50.021253],[19.944676,50.021254],[19.944667,50.021305],[19.944646,50.021304],[19.944636,50.021357],[19.944468,50.021344]]]}},{"type":"Feature","id":"w191119065","properties":{"type":"apartments","address":"Sucha 1a","residential":true,"residents_est":118,"h3_10":"8a1e2e6955affff","h3_11":"8b1e2e6955abfff"},"geometry":{"type":"Polygon","coordinates":[[[19.93478,50.022717],[19.934872,50.022661],[19.934864,50.022656],[19.934903,50.02263],[19.934961,50.022666],[19.934954,50.022671],[19.935002,50.022701],[19.935014,50.022693],[19.935057,50.02272],[19.93504,50.022731],[19.935078,50.022756],[19.93507,50.022762],[19.935109,50.022786],[19.935122,50.022777],[19.935199,50.022826],[19.93519,50.022832],[19.935233,50.022858],[19.935246,50.022849],[19.935328,50.0229],[19.93532,50.022906],[19.935363,50.022933],[19.935376,50.022924],[19.935416,50.022949],[19.935436,50.022936],[19.935474,50.022959],[19.935466,50.022965],[19.935494,50.022983],[19.935506,50.022975],[19.935594,50.023029],[19.935586,50.023035],[19.935618,50.023055],[19.935629,50.023047],[19.935681,50.023079],[19.935559,50.023163],[19.935311,50.023023],[19.935288,50.02304],[19.934908,50.022821],[19.934927,50.022808],[19.93478,50.022717]]]}},{"type":"Feature","id":"w191119066","properties":{"type":"yes","address":"Generała Bolesława Roi 4a","residential":true,"residents_est":50,"h3_10":"8a1e2e69545ffff","h3_11":"8b1e2e695458fff"},"geometry":{"type":"Polygon","coordinates":[[[19.943519,50.021274],[19.943544,50.021132],[19.943558,50.021133],[19.943569,50.021072],[19.94372,50.020995],[19.94382,50.021002],[19.943821,50.020993],[19.94404,50.021009],[19.944039,50.021018],[19.944134,50.021026],[19.944254,50.021123],[19.944242,50.021187],[19.944256,50.021188],[19.944231,50.021327],[19.944063,50.021314],[19.944073,50.021261],[19.944052,50.021259],[19.944061,50.021209],[19.944082,50.02121],[19.944092,50.021157],[19.944083,50.021149],[19.944066,50.021158],[19.944038,50.021135],[19.944055,50.021127],[19.944046,50.021119],[19.943963,50.021113],[19.943961,50.021127],[19.943882,50.021121],[19.943884,50.021107],[19.943772,50.021099],[19.943761,50.021105],[19.943774,50.021116],[19.943739,50.021133],[19.943726,50.021123],[19.943714,50.021128],[19.943705,50.021182],[19.943726,50.021183],[19.943717,50.021234],[19.943696,50.021233],[19.943686,50.021286],[19.943519,50.021274]]]}},{"type":"Feature","id":"w191119068","properties":{"type":"yes","levels":3.0,"name":"Ave Łagiewniki","residential":true,"residents_est":7,"h3_10":"8a1e2e6954c7fff","h3_11":"8b1e2e6954c0fff"},"geometry":{"type":"Polygon","coordinates":[[[19.940658,50.019648],[19.94068,50.019647],[19.940662,50.019536],[19.940829,50.019524],[19.940835,50.019559],[19.94087,50.019557],[19.940884,50.019564],[19.940899,50.019654],[19.940812,50.019661],[19.940808,50.019641],[19.940659,50.019652],[19.940658,50.019648]]]}},{"type":"Feature","id":"w191119069","properties":{"type":"apartments","address":"Sucha 1","residential":true,"residents_est":130,"h3_10":"8a1e2e69551ffff","h3_11":"8b1e2e69551efff"},"geometry":{"type":"Polygon","coordinates":[[[19.935319,50.023905],[19.935338,50.023903],[19.935328,50.023789],[19.935373,50.023787],[19.935363,50.023627],[19.935325,50.023628],[19.935325,50.023601],[19.935362,50.023594],[19.935363,50.023569],[19.935394,50.023565],[19.935391,50.023487],[19.935572,50.023474],[19.935605,50.023812],[19.935525,50.023813],[19.935528,50.023924],[19.935566,50.023922],[19.935567,50.023928],[19.935668,50.023923],[19.935683,50.024051],[19.935536,50.024058],[19.935533,50.024038],[19.935358,50.024045],[19.935347,50.023999],[19.935403,50.023996],[19.935404,50.023961],[19.935329,50.023968],[19.935319,50.023905]]]}},{"type":"Feature","id":"w191119070","properties":{"type":"yes","residential":true,"residents_est":3,"h3_10":"8a1e2e695477fff","h3_11":"8b1e2e695475fff"},"geometry":{"type":"Polygon","coordinates":[[[19.942007,50.022919],[19.94212,50.02291],[19.942127,50.022946],[19.942148,50.022944],[19.942175,50.022979],[19.942188,50.022978],[19.942196,50.023013],[19.942055,50.023025],[19.942048,50.022993],[19.942023,50.022999],[19.942007,50.022919]]]}},{"type":"Feature","id":"w191119071","properties":{"type":"yes","address":"Urocza 22","residential":true,"residents_est":3,"h3_10":"8a1e2e695577fff","h3_11":"8b1e2e695575fff"},"geometry":{"type":"Polygon","coordinates":[[[19.93946,50.025635],[19.939473,50.025515],[19.939621,50.025531],[19.939599,50.025635],[19.939617,50.025637],[19.939614,50.025651],[19.93946,50.025635]]]}},{"type":"Feature","id":"w191119073","properties":{"type":"yes","address":"Sucha 26","residential":true,"residents_est":2,"h3_10":"8a1e2e695557fff","h3_11":"8b1e2e695556fff"},"geometry":{"type":"Polygon","coordinates":[[[19.939089,50.024113],[19.939106,50.024111],[19.939104,50.024099],[19.939125,50.024097],[19.939117,50.024059],[19.939169,50.024055],[19.939189,50.024168],[19.939117,50.024173],[19.939111,50.024139],[19.939093,50.02414],[19.939089,50.024113]]]}},{"type":"Feature","id":"w191119075","properties":{"type":"yes","address":"Tadeusza Połomskiego 3","residential":true,"residents_est":3,"h3_10":"8a1e2e6954cffff","h3_11":"8b1e2e6954c9fff"},"geometry":{"type":"Polygon","coordinates":[[[19.94368,50.019527],[19.943687,50.019527],[19.943686,50.019502],[19.943855,50.0195],[19.943858,50.019585],[19.943689,50.019588],[19.94368,50.019527]]]}},{"type":"Feature","id":"w191119076","properties":{"type":"yes","address":"Kołodziejska 22a","residential":true,"residents_est":3,"h3_10":"8a1e2e6954e7fff","h3_11":"8b1e2e6954e0fff"},"geometry":{"type":"Polygon","coordinates":[[[19.940823,50.020903],[19.940916,50.020895],[19.940914,50.020887],[19.940975,50.020881],[19.941,50.020988],[19.940846,50.021002],[19.940823,50.020903]]]}},{"type":"Feature","id":"w191119077","properties":{"type":"yes","address":"Sucha 37","residential":true,"residents_est":3,"h3_10":"8a1e2e69555ffff","h3_11":"8b1e2e695558fff"},"geometry":{"type":"Polygon","coordinates":[[[19.941376,50.023784],[19.941381,50.023684],[19.94152,50.023685],[19.941513,50.023785],[19.941376,50.023784]]]}},{"type":"Feature","id":"w191119078","properties":{"type":"yes","residential":true,"residents_est":4,"h3_10":"8a1e2e6954f7fff","h3_11":"8b1e2e6954f5fff"},"geometry":{"type":"Polygon","coordinates":[[[19.939648,50.020292],[19.939869,50.02025],[19.939912,50.02034],[19.939685,50.020383],[19.939648,50.020292]]]}},{"type":"Feature","id":"w191119079","properties":{"type":"yes","residential":true,"residents_est":2,"h3_10":"8a1e2e69551ffff","h3_11":"8b1e2e69551bfff"},"geometry":{"type":"Polygon","coordinates":[[[19.937004,50.023466],[19.937067,50.023461],[19.937066,50.023451],[19.937107,50.023448],[19.937123,50.023549],[19.937018,50.023556],[19.937004,50.023466]]]}},{"type":"Feature","id":"w191119081","properties":{"type":"yes","address":"Juliana Goslara 7","residential":true,"residents_est":2,"h3_10":"8a1e2e695557fff","h3_11":"8b1e2e695554fff"},"geometry":{"type":"Polygon","coordinates":[[[19.938972,50.024424],[19.93911,50.024421],[19.939115,50.024496],[19.939079,50.024498],[19.93908,50.024517],[19.939012,50.024519],[19.93901,50.024499],[19.938976,50.0245],[19.938972,50.024424]]]}},{"type":"Feature","id":"w191119082","properties":{"type":"detached","levels":3.0,"residential":true,"residents_est":8,"h3_10":"8a1e2e69558ffff","h3_11":"8b1e2e69558dfff"},"geometry":{"type":"Polygon","coordinates":[[[19.935858,50.022217],[19.935912,50.022201],[19.935907,50.022194],[19.936001,50.022165],[19.936058,50.022248],[19.935911,50.02229],[19.935858,50.022217]]]}},{"type":"Feature","id":"w191119084","properties":{"type":"house","levels":1.0,"address":"Aleksandra Fredry 57","residential":true,"residents_est":3,"h3_10":"8a1e2e695457fff","h3_11":"8b1e2e695450fff"},"geometry":{"type":"Polygon","coordinates":[[[19.942304,50.021763],[19.942306,50.021745],[19.942327,50.021748],[19.94234,50.021658],[19.9425,50.02167],[19.942482,50.021776],[19.942304,50.021763]]]}},{"type":"Feature","id":"w191119085","properties":{"type":"yes","address":"Sucha 32","residential":true,"residents_est":2,"h3_10":"8a1e2e695557fff","h3_11":"8b1e2e695551fff"},"geometry":{"type":"Polygon","coordinates":[[[19.940296,50.024023],[19.940297,50.023997],[19.940319,50.023997],[19.940321,50.023954],[19.940446,50.023955],[19.940444,50.024025],[19.940296,50.024023]]]}},{"type":"Feature","id":"w191119086","properties":{"type":"yes","address":"Urocza 30","residential":true,"residents_est":4,"h3_10":"8a1e2e695547fff","h3_11":"8b1e2e695546fff"},"geometry":{"type":"Polygon","coordinates":[[[19.939993,50.024947],[19.940012,50.024844],[19.940062,50.024847],[19.940076,50.024839],[19.940109,50.024841],[19.940134,50.024862],[19.940205,50.024867],[19.940185,50.024963],[19.939993,50.024947]]]}},{"type":"Feature","id":"w191119087","properties":{"type":"detached","levels":1.0,"residential":true,"residents_est":2,"h3_10":"8a1e2e695417fff","h3_11":"8b1e2e695415fff"},"geometry":{"type":"Polygon","coordinates":[[[19.937524,50.021809],[19.937685,50.021777],[19.937718,50.021848],[19.937557,50.021879],[19.937524,50.021809]]]}},{"type":"Feature","id":"w191119088","properties":{"type":"yes","address":"Kołodziejska 26d","residential":true,"residents_est":12,"h3_10":"8a1e2e6954c7fff","h3_11":"8b1e2e6954c5fff"},"geometry":{"type":"Polygon","coordinates":[[[19.941442,50.020168],[19.941699,50.020136],[19.941733,50.020255],[19.941477,50.020287],[19.941442,50.020168]]]}},{"type":"Feature","id":"w191119089","properties":{"type":"yes","address":"Kołodziejska 18a","residential":true,"residents_est":4,"h3_10":"8a1e2e695457fff","h3_11":"8b1e2e695456fff"},"geometry":{"type":"Polygon","coordinates":[[[19.940982,50.021569],[19.941079,50.021564],[19.94108,50.021575],[19.941152,50.021571],[19.941157,50.021609],[19.941144,50.021609],[19.941147,50.021631],[19.941159,50.021631],[19.941166,50.02168],[19.941115,50.021683],[19.941117,50.021698],[19.941075,50.0217],[19.941073,50.021684],[19.941011,50.021687],[19.941002,50.021614],[19.940988,50.021615],[19.940982,50.021569]]]}},{"type":"Feature","id":"w191119093","properties":{"type":"yes","address":"Urocza 23","residential":true,"residents_est":3,"h3_10":"8a1e2e695577fff","h3_11":"8b1e2e695576fff"},"geometry":{"type":"Polygon","coordinates":[[[19.938826,50.02534],[19.938864,50.025339],[19.938861,50.025309],[19.938962,50.025304],[19.938975,50.025411],[19.93887,50.025418],[19.938866,50.025386],[19.938831,50.025388],[19.938826,50.02534]]]}},{"type":"Feature","id":"w191119098","properties":{"type":"yes","address":"Ferdynanda Kurasia 22","residential":true,"residents_est":21,"h3_10":"8a1e2e69552ffff","h3_11":"8b1e2e695528fff"},"geometry":{"type":"Polygon","coordinates":[[[19.937338,50.025658],[19.937411,50.025365],[19.937589,50.025383],[19.937518,50.025676],[19.937338,50.025658]]]}},{"type":"Feature","id":"w191119102","properties":{"type":"detached","address":"Sucha 4","residential":true,"residents_est":5,"h3_10":"8a1e2e695517fff","h3_11":"8b1e2e695511fff"},"geometry":{"type":"Polygon","coordinates":[[[19.935424,50.024254],[19.93554,50.024248],[19.935545,50.024288],[19.935559,50.024287],[19.935561,50.024307],[19.935543,50.024308],[19.935548,50.02435],[19.935434,50.024349],[19.935424,50.024254]]]}},{"type":"Feature","id":"w191119103","properties":{"type":"yes","address":"Aleksandra Fredry 42","residential":true,"residents_est":2,"h3_10":"8a1e2e6954effff","h3_11":"8b1e2e6954e9fff"},"geometry":{"type":"Polygon","coordinates":[[[19.942949,50.020633],[19.942974,50.020522],[19.943085,50.020532],[19.94306,50.020643],[19.942949,50.020633]]]}},{"type":"Feature","id":"w191119107","properties":{"type":"yes","residential":true,"residents_est":13,"h3_10":"8a1e2e6954cffff","h3_11":"8b1e2e6954cafff"},"geometry":{"type":"Polygon","coordinates":[[[19.942471,50.018832],[19.942508,50.01883],[19.942491,50.018708],[19.942628,50.018701],[19.942645,50.018824],[19.942629,50.018825],[19.94264,50.018911],[19.942563,50.018916],[19.942567,50.018948],[19.942487,50.018953],[19.942471,50.018832]]]}},{"type":"Feature","id":"w191119112","properties":{"type":"yes","levels":2.0,"address":"Siostry Faustyny 62","residential":true,"residents_est":2,"h3_10":"8a1e2e6954c7fff","h3_11":"8b1e2e6954c6fff"},"geometry":{"type":"Polygon","coordinates":[[[19.939892,50.019802],[19.939998,50.019779],[19.940039,50.019858],[19.939998,50.019866],[19.94001,50.019891],[19.939925,50.019909],[19.939912,50.019884],[19.939932,50.01988],[19.939892,50.019802]]]}},{"type":"Feature","id":"w191119117","properties":{"type":"yes","residential":true,"residents_est":2,"h3_10":"8a1e2e6954e7fff","h3_11":"8b1e2e6954e4fff"},"geometry":{"type":"Polygon","coordinates":[[[19.940245,50.021338],[19.940371,50.021315],[19.940403,50.021385],[19.940276,50.021407],[19.940245,50.021338]]]}},{"type":"Feature","id":"w191119123","properties":{"type":"yes","address":"Sucha 35c","residential":true,"residents_est":4,"h3_10":"8a1e2e69555ffff","h3_11":"8b1e2e69555afff"},"geometry":{"type":"Polygon","coordinates":[[[19.940993,50.023581],[19.941007,50.023429],[19.941141,50.023433],[19.94113,50.023585],[19.940993,50.023581]]]}},{"type":"Feature","id":"w191119125","properties":{"type":"yes","residential":true,"residents_est":13,"h3_10":"8a1e2e695437fff","h3_11":"8b1e2e695434fff"},"geometry":{"type":"Polygon","coordinates":[[[19.936088,50.022928],[19.936134,50.022805],[19.936385,50.022845],[19.93634,50.022967],[19.936276,50.022957],[19.936272,50.022969],[19.936206,50.022958],[19.93621,50.022946],[19.93616,50.022939],[19.936151,50.022961],[19.936092,50.022953],[19.9361,50.022929],[19.936088,50.022928]]]}},{"type":"Feature","id":"w191119127","properties":{"type":"yes","address":"Pasieczna 2a","residential":true,"residents_est":3,"h3_10":"8a1e2e695517fff","h3_11":"8b1e2e695515fff"},"geometry":{"type":"Polygon","coordinates":[[[19.935187,50.024584],[19.935373,50.024574],[19.935381,50.024645],[19.935201,50.02466],[19.935187,50.024584]]]}},{"type":"Feature","id":"w191119129","properties":{"type":"yes","address":"Sucha 37A","residential":true,"residents_est":3,"h3_10":"8a1e2e69555ffff","h3_11":"8b1e2e69555bfff"},"geometry":{"type":"Polygon","coordinates":[[[19.941424,50.023569],[19.941426,50.023548],[19.94144,50.023549],[19.941446,50.02348],[19.941614,50.023486],[19.941607,50.023575],[19.941424,50.023569]]]}},{"type":"Feature","id":"w191119130","properties":{"type":"yes","address":"Urocza 19","residential":true,"residents_est":2,"h3_10":"8a1e2e695577fff","h3_11":"8b1e2e695574fff"},"geometry":{"type":"Polygon","coordinates":[[[19.939126,50.025552],[19.939276,50.025545],[19.939283,50.02561],[19.939133,50.025618],[19.939126,50.025552]]]}},{"type":"Feature","id":"w191119131","properties":{"type":"yes","residential":true,"residents_est":3,"h3_10":"8a1e2e69541ffff","h3_11":"8b1e2e69541dfff"},"geometry":{"type":"Polygon","coordinates":[[[19.938873,50.021671],[19.939039,50.021652],[19.939057,50.021719],[19.938965,50.021729],[19.938975,50.021765],[19.938901,50.021773],[19.938873,50.021671]]]}},{"type":"Feature","id":"w191119132","properties":{"type":"yes","address":"Ferdynanda Kurasia 28","residential":true,"residents_est":3,"h3_10":"8a1e2e69550ffff","h3_11":"8b1e2e695509fff"},"geometry":{"type":"Polygon","coordinates":[[[19.938391,50.024697],[19.938395,50.024643],[19.938516,50.024647],[19.938517,50.024653],[19.938527,50.024653],[19.938528,50.024662],[19.938637,50.024659],[19.938641,50.02474],[19.938512,50.024744],[19.938509,50.024712],[19.938479,50.024713],[19.93848,50.024708],[19.938492,50.024709],[19.938493,50.024701],[19.938391,50.024697]]]}},{"type":"Feature","id":"w191119133","properties":{"type":"yes","address":"Aleksandra Fredry 24","residential":true,"residents_est":3,"h3_10":"8a1e2e695447fff","h3_11":"8b1e2e695446fff"},"geometry":{"type":"Polygon","coordinates":[[[19.942934,50.022483],[19.942952,50.022371],[19.943081,50.02238],[19.943076,50.02241],[19.943104,50.022412],[19.94309,50.022496],[19.942934,50.022483]]]}},{"type":"Feature","id":"w191119134","properties":{"type":"yes","levels":1.0,"residential":true,"residents_est":1,"h3_10":"8a1e2e69541ffff","h3_11":"8b1e2e69541afff"},"geometry":{"type":"Polygon","coordinates":[[[19.938612,50.020893],[19.938693,50.020875],[19.938749,50.020981],[19.938692,50.020994],[19.938689,50.020986],[19.938662,50.020992],[19.938612,50.020893]]]}},{"type":"Feature","id":"w191119135","properties":{"type":"yes","residential":true,"residents_est":4,"h3_10":"8a1e2e695577fff","h3_11":"8b1e2e695572fff"},"geometry":{"type":"Polygon","coordinates":[[[19.939196,50.024892],[19.939377,50.024884],[19.939391,50.024999],[19.939237,50.025007],[19.939225,50.024919],[19.9392,50.02492],[19.939196,50.024892]]]}},{"type":"Feature","id":"w191119136","properties":{"type":"yes","residential":true,"residents_est":3,"h3_10":"8a1e2e695547fff","h3_11":"8b1e2e695543fff"},"geometry":{"type":"Polygon","coordinates":[[[19.941135,50.024534],[19.941147,50.024446],[19.9413,50.024457],[19.941288,50.024542],[19.941135,50.024534]]]}},{"type":"Feature","id":"w191119138","properties":{"type":"yes","address":"Sucha 12","residential":true,"residents_est":2,"h3_10":"8a1e2e69551ffff","h3_11":"8b1e2e69551dfff"},"geometry":{"type":"Polygon","coordinates":[[[19.936721,50.024239],[19.936847,50.024234],[19.936854,50.024306],[19.936728,50.024311],[19.936721,50.024239]]]}},{"type":"Feature","id":"w191119140","properties":{"type":"yes","address":"Włodarska 21","residential":true,"residents_est":3,"h3_10":"8a1e2e695547fff","h3_11":"8b1e2e695545fff"},"geometry":{"type":"Polygon","coordinates":[[[19.941227,50.025135],[19.941246,50.025038],[19.941299,50.025043],[19.941304,50.025019],[19.9414,50.025027],[19.941382,50.025117],[19.941328,50.025112],[19.941322,50.025143],[19.941227,50.025135]]]}},{"type":"Feature","id":"w191119141","properties":{"type":"yes","residential":true,"residents_est":2,"h3_10":"8a1e2e695407fff","h3_11":"8b1e2e695404fff"},"geometry":{"type":"Polygon","coordinates":[[[19.93796,50.022489],[19.938104,50.022476],[19.938121,50.022545],[19.937978,50.022558],[19.93796,50.022489]]]}},{"type":"Feature","id":"w191119142","properties":{"type":"yes","address":"Kołodziejska 9a","residential":true,"residents_est":4,"h3_10":"8a1e2e69542ffff","h3_11":"8b1e2e69542bfff"},"geometry":{"type":"Polygon","coordinates":[[[19.940227,50.022756],[19.940239,50.022724],[19.940229,50.022713],[19.9403,50.022685],[19.940311,50.022686],[19.940326,50.02265],[19.940374,50.02263],[19.940448,50.022642],[19.94042,50.022707],[19.940394,50.022703],[19.940382,50.022733],[19.940397,50.022743],[19.940376,50.022755],[19.940366,50.022778],[19.940227,50.022756]]]}},{"type":"Feature","id":"w191119143","properties":{"type":"yes","address":"Włodarska 3","residential":true,"residents_est":3,"h3_10":"8a1e2e69550ffff","h3_11":"8b1e2e69550dfff"},"geometry":{"type":"Polygon","coordinates":[[[19.938513,50.024942],[19.938528,50.024941],[19.938518,50.024868],[19.938652,50.024862],[19.938667,50.024979],[19.9386,50.024983],[19.938601,50.024993],[19.93852,50.024998],[19.938513,50.024942]]]}},{"type":"Feature","id":"w191119144","properties":{"type":"yes","address":"Urocza 16","residential":true,"residents_est":4,"h3_10":"8a1e2e695567fff","h3_11":"8b1e2e695566fff"},"geometry":{"type":"Polygon","coordinates":[[[19.939637,50.026015],[19.939666,50.025889],[19.939791,50.025902],[19.939778,50.025952],[19.939834,50.025957],[19.939826,50.025994],[19.93977,50.025989],[19.93976,50.026028],[19.939637,50.026015]]]}},{"type":"Feature","id":"w191119145","properties":{"type":"semidetached_house","residential":true,"residents_est":4,"h3_10":"8a1e2e69550ffff","h3_11":"8b1e2e69550bfff"},"geometry":{"type":"Polygon","coordinates":[[[19.938455,50.024106],[19.938562,50.024097],[19.938577,50.024214],[19.938549,50.024216],[19.938544,50.024194],[19.938473,50.0242],[19.938455,50.024106]]]}},{"type":"Feature","id":"w191119146","properties":{"type":"yes","residential":true,"residents_est":2,"h3_10":"8a1e2e6954cffff","h3_11":"8b1e2e6954cbfff"},"geometry":{"type":"Polygon","coordinates":[[[19.943032,50.01902],[19.943169,50.019017],[19.943173,50.019077],[19.943036,50.019081],[19.943032,50.01902]]]}},{"type":"Feature","id":"w191119147","properties":{"type":"yes","residential":true,"residents_est":2,"h3_10":"8a1e2e695507fff","h3_11":"8b1e2e695500fff"},"geometry":{"type":"Polygon","coordinates":[[[19.936103,50.024683],[19.936207,50.024677],[19.936221,50.024783],[19.936117,50.024789],[19.936103,50.024683]]]}},{"type":"Feature","id":"w191119148","properties":{"type":"yes","residential":true,"residents_est":3,"h3_10":"8a1e2e6954c7fff","h3_11":"8b1e2e6954c3fff"},"geometry":{"type":"Polygon","coordinates":[[[19.940944,50.019421],[19.941097,50.019391],[19.941137,50.019478],[19.940984,50.019508],[19.940944,50.019421]]]}},{"type":"Feature","id":"w191119149","properties":{"type":"yes","address":"Ferdynanda Kurasia 9","residential":true,"residents_est":2,"h3_10":"8a1e2e69552ffff","h3_11":"8b1e2e69552dfff"},"geometry":{"type":"Polygon","coordinates":[[[19.938019,50.025911],[19.938159,50.025903],[19.93817,50.025968],[19.938153,50.025969],[19.938156,50.02599],[19.938031,50.025997],[19.938019,50.025911]]]}},{"type":"Feature","id":"w191119150","properties":{"type":"yes","address":"Juliana Goslara 4","residential":true,"residents_est":3,"h3_10":"8a1e2e695557fff","h3_11":"8b1e2e695556fff"},"geometry":{"type":"Polygon","coordinates":[[[19.939113,50.02428],[19.939135,50.024278],[19.939128,50.024238],[19.939208,50.024232],[19.939198,50.024179],[19.939262,50.024174],[19.939289,50.024299],[19.93922,50.024304],[19.939218,50.02429],[19.939165,50.024294],[19.939168,50.024308],[19.939118,50.024312],[19.939113,50.02428]]]}},{"type":"Feature","id":"w191119151","properties":{"type":"yes","address":"Aleksandra Fredry 75b","residential":true,"residents_est":3,"h3_10":"8a1e2e6954cffff","h3_11":"8b1e2e6954ccfff"},"geometry":{"type":"Polygon","coordinates":[[[19.942104,50.019766],[19.942255,50.019759],[19.94226,50.019805],[19.942323,50.019802],[19.942329,50.019858],[19.942258,50.019861],[19.942257,50.019848],[19.942219,50.019849],[19.942219,50.019841],[19.942114,50.019846],[19.942104,50.019766]]]}},{"type":"Feature","id":"w191119152","properties":{"type":"yes","residential":true,"residents_est":5,"h3_10":"8a1e2e69555ffff","h3_11":"8b1e2e69555efff"},"geometry":{"type":"Polygon","coordinates":[[[19.940436,50.02378],[19.940444,50.023686],[19.940727,50.023696],[19.940719,50.02379],[19.940436,50.02378]]]}},{"type":"Feature","id":"w191119154","properties":{"type":"yes","residential":true,"residents_est":5,"h3_10":"8a1e2e695437fff","h3_11":"8b1e2e695436fff"},"geometry":{"type":"Polygon","coordinates":[[[19.93629,50.022534],[19.936401,50.022501],[19.936372,50.022459],[19.93642,50.022443],[19.936479,50.022531],[19.936505,50.022523],[19.936521,50.022547],[19.936494,50.022554],[19.936541,50.02264],[19.936502,50.022649],[19.936462,50.022582],[19.936434,50.022591],[19.936464,50.022637],[19.936376,50.022663],[19.93629,50.022534]]]}},{"type":"Feature","id":"w191119156","properties":{"type":"house","levels":2.0,"address":"Aleksandra Fredry 63","residential":true,"residents_est":5,"h3_10":"8a1e2e695457fff","h3_11":"8b1e2e695453fff"},"geometry":{"type":"Polygon","coordinates":[[[19.942329,50.021385],[19.942342,50.0213],[19.94248,50.021309],[19.942467,50.021394],[19.942329,50.021385]]]}},{"type":"Feature","id":"w191119157","properties":{"type":"yes","levels":3.0,"address":"Siostry Faustyny 24","name":"Merci Boutique Hotel","residential":true,"residents_est":7,"h3_10":"8a1e2e695437fff","h3_11":"8b1e2e695432fff"},"geometry":{"type":"Polygon","coordinates":[[[19.936112,50.02229],[19.936275,50.02224],[19.936382,50.022387],[19.936275,50.022419],[19.936235,50.022362],[19.936177,50.02238],[19.936112,50.02229]]]}},{"type":"Feature","id":"w191119159","properties":{"type":"semidetached_house","address":"Kołodziejska 15a","residential":true,"residents_est":7,"h3_10":"8a1e2e69540ffff","h3_11":"8b1e2e695408fff"},"geometry":{"type":"Polygon","coordinates":[[[19.940558,50.022002],[19.940704,50.021973],[19.940762,50.022092],[19.940616,50.022121],[19.940558,50.022002]]]}},{"type":"Feature","id":"w191119161","properties":{"type":"detached","address":"Sucha 19","residential":true,"residents_est":5,"h3_10":"8a1e2e695427fff","h3_11":"8b1e2e695424fff"},"geometry":{"type":"Polygon","coordinates":[[[19.938115,50.023863],[19.938255,50.02385],[19.938273,50.023933],[19.938134,50.023946],[19.938115,50.023863]]]}},{"type":"Feature","id":"w191119163","properties":{"type":"yes","residential":true,"residents_est":2,"h3_10":"8a1e2e69541ffff","h3_11":"8b1e2e69541dfff"},"geometry":{"type":"Polygon","coordinates":[[[19.939157,50.021492],[19.939273,50.021468],[19.939297,50.021556],[19.939198,50.021575],[19.939157,50.021492]]]}},{"type":"Feature","id":"w191119164","properties":{"type":"yes","address":"Włodarska 11a","residential":true,"residents_est":3,"h3_10":"8a1e2e695577fff","h3_11":"8b1e2e695571fff"},"geometry":{"type":"Polygon","coordinates":[[[19.939937,50.025155],[19.939949,50.025045],[19.940101,50.025051],[19.940089,50.025162],[19.939937,50.025155]]]}},{"type":"Feature","id":"w191119165","properties":{"type":"yes","address":"Urocza 25","residential":true,"residents_est":3,"h3_10":"8a1e2e695577fff","h3_11":"8b1e2e695570fff"},"geometry":{"type":"Polygon","coordinates":[[[19.939117,50.025188],[19.939271,50.025179],[19.939286,50.025283],[19.939131,50.025292],[19.939117,50.025188]]]}},{"type":"Feature","id":"w191119166","properties":{"type":"detached","levels":1.0,"residential":true,"residents_est":4,"h3_10":"8a1e2e695417fff","h3_11":"8b1e2e695415fff"},"geometry":{"type":"Polygon","coordinates":[[[19.937305,50.021861],[19.937357,50.021853],[19.937353,50.021844],[19.937397,50.021838],[19.9374,50.021846],[19.937449,50.021839],[19.937494,50.021966],[19.937463,50.021971],[19.937451,50.021989],[19.937405,50.021996],[19.937382,50.021983],[19.937351,50.021987],[19.937336,50.021947],[19.937323,50.021949],[19.937306,50.021902],[19.93732,50.0219],[19.937305,50.021861]]]}},{"type":"Feature","id":"w191119167","properties":{"type":"yes","address":"Sucha 44","residential":true,"residents_est":3,"h3_10":"8a1e2e69555ffff","h3_11":"8b1e2e69555dfff"},"geometry":{"type":"Polygon","coordinates":[[[19.94163,50.023961],[19.941731,50.023959],[19.941732,50.023978],[19.941758,50.023979],[19.941752,50.02405],[19.941735,50.02405],[19.941736,50.024085],[19.941634,50.024086],[19.94163,50.023961]]]}},{"type":"Feature","id":"w191119168","properties":{"type":"detached","address":"Kołodziejska 19","residential":true,"residents_est":8,"h3_10":"8a1e2e69540ffff","h3_11":"8b1e2e69540bfff"},"geometry":{"type":"Polygon","coordinates":[[[19.94032,50.021524],[19.940541,50.021501],[19.940564,50.021583],[19.940521,50.021588],[19.940525,50.021606],[19.940396,50.021619],[19.940388,50.021581],[19.940337,50.021591],[19.94032,50.021524]]]}},{"type":"Feature","id":"w191119170","properties":{"type":"apartments","address":"Sucha 8","residential":true,"residents_est":14,"h3_10":"8a1e2e69551ffff","h3_11":"8b1e2e69551cfff"},"geometry":{"type":"Polygon","coordinates":[[[19.936153,50.024218],[19.936297,50.024213],[19.936305,50.024313],[19.936162,50.024318],[19.936153,50.024218]]]}},{"type":"Feature","id":"w191119172","properties":{"type":"yes","address":"Aleksandra Fredry 81a","residential":true,"residents_est":4,"h3_10":"8a1e2e6954cffff","h3_11":"8b1e2e6954cafff"},"geometry":{"type":"Polygon","coordinates":[[[19.941989,50.01907],[19.942195,50.019067],[19.9422,50.019162],[19.942001,50.019169],[19.941989,50.01907]]]}},{"type":"Feature","id":"w191119173","properties":{"type":"detached","residential":true,"residents_est":6,"h3_10":"8a1e2e69541ffff","h3_11":"8b1e2e69541cfff"},"geometry":{"type":"Polygon","coordinates":[[[19.938562,50.021578],[19.938706,50.021553],[19.938747,50.021651],[19.938603,50.021676],[19.938562,50.021578]]]}},{"type":"Feature","id":"w191119175","properties":{"type":"yes","address":"Ferdynanda Kurasia 19","residential":true,"residents_est":2,"h3_10":"8a1e2e69552ffff","h3_11":"8b1e2e69552bfff"},"geometry":{"type":"Polygon","coordinates":[[[19.937955,50.02526],[19.938068,50.025253],[19.938081,50.025342],[19.937968,50.025349],[19.937955,50.02526]]]}},{"type":"Feature","id":"w191119176","properties":{"type":"yes","address":"Kołodziejska 8","residential":true,"residents_est":2,"h3_10":"8a1e2e69542ffff","h3_11":"8b1e2e695429fff"},"geometry":{"type":"Polygon","coordinates":[[[19.940856,50.022905],[19.941035,50.022889],[19.941047,50.022947],[19.941005,50.022951],[19.941008,50.022964],[19.94087,50.022977],[19.940862,50.022941],[19.940878,50.022939],[19.94087,50.022906],[19.940856,50.022905]]]}},{"type":"Feature","id":"w191119177","properties":{"type":"detached","address":"Pasieczna 3","residential":true,"residents_est":8,"h3_10":"8a1e2e695507fff","h3_11":"8b1e2e695500fff"},"geometry":{"type":"Polygon","coordinates":[[[19.936161,50.024964],[19.93622,50.02496],[19.936218,50.024947],[19.936254,50.024946],[19.936256,50.024958],[19.936338,50.024955],[19.936349,50.025066],[19.936173,50.025074],[19.936161,50.024964]]]}},{"type":"Feature","id":"w191119178","properties":{"type":"yes","address":"Aleksandra Fredry 33","residential":true,"residents_est":4,"h3_10":"8a1e2e69555ffff","h3_11":"8b1e2e69555dfff"},"geometry":{"type":"Polygon","coordinates":[[[19.941875,50.024117],[19.941892,50.023999],[19.942045,50.02401],[19.942024,50.024127],[19.941875,50.024117]]]}},{"type":"Feature","id":"w191119179","properties":{"type":"yes","address":"Pasieczna 4","residential":true,"residents_est":2,"h3_10":"8a1e2e695507fff","h3_11":"8b1e2e695500fff"},"geometry":{"type":"Polygon","coordinates":[[[19.93584,50.024721],[19.936007,50.024715],[19.936013,50.024782],[19.935846,50.024788],[19.93584,50.024721]]]}},{"type":"Feature","id":"w191119182","properties":{"type":"yes","address":"Ratajska 3","residential":true,"residents_est":3,"h3_10":"8a1e2e69541ffff","h3_11":"8b1e2e695419fff"},"geometry":{"type":"Polygon","coordinates":[[[19.9394,50.021207],[19.939548,50.021176],[19.939593,50.021267],[19.939443,50.021293],[19.9394,50.021207]]]}},{"type":"Feature","id":"w191119185","properties":{"type":"house","levels":2.0,"address":"Lechicka 2","residential":true,"residents_est":7,"h3_10":"8a1e2e69550ffff","h3_11":"8b1e2e69550efff"},"geometry":{"type":"Polygon","coordinates":[[[19.937184,50.024646],[19.937331,50.024633],[19.937337,50.024665],[19.937374,50.024662],[19.937383,50.024709],[19.937346,50.024712],[19.937353,50.024743],[19.937206,50.024756],[19.937184,50.024646]]]}},{"type":"Feature","id":"w191119187","properties":{"type":"house","levels":1.0,"address":"Aleksandra Fredry 38","residential":true,"residents_est":3,"h3_10":"8a1e2e69545ffff","h3_11":"8b1e2e69545efff"},"geometry":{"type":"Polygon","coordinates":[[[19.942833,50.021214],[19.942853,50.02111],[19.942986,50.02112],[19.942967,50.021226],[19.942833,50.021214]]]}},{"type":"Feature","id":"w191119192","properties":{"type":"yes","address":"Pocztowa 2","residential":true,"residents_est":3,"h3_10":"8a1e2e6954f7fff","h3_11":"8b1e2e6954f5fff"},"geometry":{"type":"Polygon","coordinates":[[[19.939245,50.020596],[19.939359,50.020575],[19.939362,50.020581],[19.939414,50.020572],[19.939427,50.020602],[19.939418,50.020604],[19.939441,50.020659],[19.939284,50.020686],[19.939245,50.020596]]]}},{"type":"Feature","id":"w191119195","properties":{"type":"yes","address":"Urocza 38","residential":true,"residents_est":3,"h3_10":"8a1e2e695557fff","h3_11":"8b1e2e695551fff"},"geometry":{"type":"Polygon","coordinates":[[[19.940021,50.024149],[19.94003,50.024092],[19.940049,50.024094],[19.940054,50.024056],[19.940194,50.024066],[19.940192,50.024079],[19.940238,50.024082],[19.940231,50.02413],[19.940161,50.024125],[19.940155,50.024157],[19.940021,50.024149]]]}},{"type":"Feature","id":"w191119198","properties":{"type":"house","levels":1.0,"address":"Aleksandra Fredry 26","residential":true,"residents_est":3,"h3_10":"8a1e2e695447fff","h3_11":"8b1e2e695446fff"},"geometry":{"type":"Polygon","coordinates":[[[19.942628,50.022291],[19.942647,50.022176],[19.942797,50.022187],[19.94278,50.022302],[19.942628,50.022291]]]}},{"type":"Feature","id":"w191119199","properties":{"type":"detached","address":"Sucha 16","residential":true,"residents_est":6,"h3_10":"8a1e2e69550ffff","h3_11":"8b1e2e69550afff"},"geometry":{"type":"Polygon","coordinates":[[[19.93739,50.024163],[19.937557,50.024153],[19.93757,50.024247],[19.937404,50.024256],[19.93739,50.024163]]]}},{"type":"Feature","id":"w191119201","properties":{"type":"yes","address":"Włodarska 11c","residential":true,"residents_est":4,"h3_10":"8a1e2e695547fff","h3_11":"8b1e2e695546fff"},"geometry":{"type":"Polygon","coordinates":[[[19.94046,50.025121],[19.940476,50.024991],[19.940636,50.024999],[19.94062,50.025129],[19.94046,50.025121]]]}},{"type":"Feature","id":"w191119202","properties":{"type":"yes","levels":2.0,"residential":true,"residents_est":3,"h3_10":"8a1e2e695417fff","h3_11":"8b1e2e695415fff"},"geometry":{"type":"Polygon","coordinates":[[[19.937521,50.021915],[19.937637,50.021903],[19.937634,50.021889],[19.937717,50.021879],[19.937749,50.021979],[19.937611,50.021996],[19.937604,50.021974],[19.937545,50.021982],[19.937521,50.021915]]]}},{"type":"Feature","id":"w191119203","properties":{"type":"yes","address":"Kołodziejska 7","residential":true,"residents_est":4,"h3_10":"8a1e2e69542ffff","h3_11":"8b1e2e695428fff"},"geometry":{"type":"Polygon","coordinates":[[[19.940243,50.022982],[19.940271,50.022862],[19.940431,50.022875],[19.940404,50.022996],[19.940243,50.022982]]]}},{"type":"Feature","id":"w191119205","properties":{"type":"yes","address":"Włodarska 2","residential":true,"residents_est":2,"h3_10":"8a1e2e695577fff","h3_11":"8b1e2e695576fff"},"geometry":{"type":"Polygon","coordinates":[[[19.938279,50.025329],[19.938295,50.025328],[19.938292,50.025306],[19.938401,50.025299],[19.938414,50.025381],[19.938289,50.025386],[19.938279,50.025329]]]}},{"type":"Feature","id":"w191119206","properties":{"type":"yes","levels":1.0,"address":"Siostry Faustyny 60A","residential":true,"residents_est":1,"h3_10":"8a1e2e6954f7fff","h3_11":"8b1e2e6954f3fff"},"geometry":{"type":"Polygon","coordinates":[[[19.939677,50.019864],[19.939725,50.019856],[19.939721,50.019844],[19.939774,50.019836],[19.939811,50.019929],[19.939709,50.019946],[19.939677,50.019864]]]}},{"type":"Feature","id":"w191119207","properties":{"type":"yes","address":"Ferdynanda Kurasia 21","residential":true,"residents_est":21,"h3_10":"8a1e2e69552ffff","h3_11":"8b1e2e69552cfff"},"geometry":{"type":"Polygon","coordinates":[[[19.937349,50.026141],[19.937433,50.025846],[19.937608,50.025867],[19.937524,50.026162],[19.937349,50.026141]]]}},{"type":"Feature","id":"w191119208","properties":{"type":"yes","address":"Sucha 20","residential":true,"residents_est":3,"h3_10":"8a1e2e69550ffff","h3_11":"8b1e2e69550bfff"},"geometry":{"type":"Polygon","coordinates":[[[19.938161,50.024271],[19.938356,50.024257],[19.938362,50.024296],[19.938376,50.024295],[19.938381,50.02433],[19.938215,50.024341],[19.938208,50.0243],[19.938167,50.024303],[19.938161,50.024271]]]}},{"type":"Feature","id":"w191119209","properties":{"type":"yes","address":"Siostry Faustyny 23A","residential":true,"residents_est":2,"h3_10":"8a1e2e6954dffff","h3_11":"8b1e2e6954d8fff"},"geometry":{"type":"Polygon","coordinates":[[[19.941453,50.018647],[19.94147,50.01864],[19.941464,50.018627],[19.941471,50.018614],[19.94149,50.018606],[19.941512,50.018608],[19.941573,50.018659],[19.94159,50.018652],[19.941648,50.018706],[19.941558,50.018746],[19.941453,50.018647]]]}},{"type":"Feature","id":"w191119210","properties":{"type":"yes","address":"Aleksandra Fredry 4d","residential":true,"residents_est":14,"h3_10":"8a1e2e69554ffff","h3_11":"8b1e2e69554cfff"},"geometry":{"type":"Polygon","coordinates":[[[19.942239,50.024918],[19.942313,50.024712],[19.94248,50.024736],[19.942405,50.024943],[19.942239,50.024918]]]}},{"type":"Feature","id":"w191119212","properties":{"type":"yes","residential":true,"residents_est":3,"h3_10":"8a1e2e695437fff","h3_11":"8b1e2e695436fff"},"geometry":{"type":"Polygon","coordinates":[[[19.935904,50.022832],[19.935951,50.022726],[19.936069,50.022748],[19.936032,50.022834],[19.935989,50.022827],[19.935983,50.02284],[19.935966,50.022837],[19.935963,50.022843],[19.935904,50.022832]]]}},{"type":"Feature","id":"w191119214","properties":{"type":"yes","residential":true,"residents_est":3,"h3_10":"8a1e2e695427fff","h3_11":"8b1e2e695425fff"},"geometry":{"type":"Polygon","coordinates":[[[19.938845,50.023772],[19.938905,50.023768],[19.9389,50.023742],[19.938969,50.023738],[19.938996,50.023875],[19.938864,50.023885],[19.938845,50.023772]]]}},{"type":"Feature","id":"w191119215","properties":{"type":"detached","residential":true,"residents_est":4,"h3_10":"8a1e2e69540ffff","h3_11":"8b1e2e69540afff"},"geometry":{"type":"Polygon","coordinates":[[[19.93985,50.021419],[19.93997,50.021399],[19.939992,50.021453],[19.939971,50.021457],[19.939984,50.021489],[19.939866,50.021509],[19.939852,50.021472],[19.93987,50.021469],[19.93985,50.021419]]]}},{"type":"Feature","id":"w191119217","properties":{"type":"yes","residential":true,"residents_est":4,"h3_10":"8a1e2e6955affff","h3_11":"8b1e2e6955abfff"},"geometry":{"type":"Polygon","coordinates":[[[19.935288,50.022612],[19.935374,50.022554],[19.935526,50.022646],[19.935423,50.022715],[19.93532,50.022655],[19.935338,50.022643],[19.935288,50.022612]]]}},{"type":"Feature","id":"w191119218","properties":{"type":"yes","address":"Urocza 15","residential":true,"residents_est":3,"h3_10":"8a1e2e695577fff","h3_11":"8b1e2e695574fff"},"geometry":{"type":"Polygon","coordinates":[[[19.939137,50.025776],[19.939153,50.025775],[19.939145,50.025727],[19.9393,50.025717],[19.939314,50.025825],[19.939162,50.025834],[19.939157,50.025804],[19.939141,50.025804],[19.939137,50.025776]]]}},{"type":"Feature","id":"w191119219","properties":{"type":"detached","levels":2.0,"residential":true,"residents_est":6,"h3_10":"8a1e2e695417fff","h3_11":"8b1e2e695414fff"},"geometry":{"type":"Polygon","coordinates":[[[19.936522,50.02204],[19.936659,50.022008],[19.936709,50.022097],[19.936552,50.022134],[19.936522,50.02208],[19.936542,50.022076],[19.936522,50.02204]]]}},{"type":"Feature","id":"w191119220","properties":{"type":"detached","address":"Kołodziejska 15","residential":true,"residents_est":7,"h3_10":"8a1e2e69540ffff","h3_11":"8b1e2e69540dfff"},"geometry":{"type":"Polygon","coordinates":[[[19.940711,50.022173],[19.940767,50.022164],[19.940764,50.022156],[19.940897,50.022134],[19.940928,50.022209],[19.940857,50.022222],[19.940864,50.022239],[19.940784,50.022258],[19.940761,50.022245],[19.940739,50.022248],[19.940711,50.022173]]]}},{"type":"Feature","id":"w191119221","properties":{"type":"yes","residential":true,"residents_est":4,"h3_10":"8a1e2e695507fff","h3_11":"8b1e2e695501fff"},"geometry":{"type":"Polygon","coordinates":[[[19.936675,50.024695],[19.936764,50.024691],[19.936758,50.024638],[19.936906,50.024631],[19.936919,50.024733],[19.936777,50.024741],[19.936781,50.024767],[19.936684,50.024772],[19.936675,50.024695]]]}},{"type":"Feature","id":"w191119223","properties":{"type":"yes","address":"Urocza 24","residential":true,"residents_est":2,"h3_10":"8a1e2e695577fff","h3_11":"8b1e2e695575fff"},"geometry":{"type":"Polygon","coordinates":[[[19.939463,50.025489],[19.939467,50.025395],[19.939597,50.025407],[19.939594,50.025497],[19.939463,50.025489]]]}},{"type":"Feature","id":"w191119224","properties":{"type":"yes","address":"Sucha 36","residential":true,"residents_est":3,"h3_10":"8a1e2e69555ffff","h3_11":"8b1e2e69555cfff"},"geometry":{"type":"Polygon","coordinates":[[[19.940835,50.024045],[19.940836,50.023954],[19.941019,50.023955],[19.941018,50.024045],[19.940835,50.024045]]]}},{"type":"Feature","id":"w191119225","properties":{"type":"yes","residential":false,"residents_est":0,"h3_10":"8a1e2e69541ffff","h3_11":"8b1e2e69541dfff"},"geometry":{"type":"Polygon","coordinates":[[[19.939509,50.021672],[19.939579,50.021664],[19.939593,50.021719],[19.939525,50.021727],[19.939509,50.021672]]]}},{"type":"Feature","id":"w191119226","properties":{"type":"yes","address":"Aleksandra Fredry 18","residential":true,"residents_est":3,"h3_10":"8a1e2e695477fff","h3_11":"8b1e2e695471fff"},"geometry":{"type":"Polygon","coordinates":[[[19.942516,50.0229],[19.942537,50.022788],[19.942683,50.0228],[19.942663,50.022911],[19.942516,50.0229]]]}},{"type":"Feature","id":"w191119227","properties":{"type":"yes","address":"Ferdynanda Kurasia 24","residential":true,"residents_est":3,"h3_10":"8a1e2e69550ffff","h3_11":"8b1e2e69550dfff"},"geometry":{"type":"Polygon","coordinates":[[[19.93822,50.024927],[19.938372,50.024917],[19.938386,50.025005],[19.93835,50.025008],[19.938353,50.025028],[19.938271,50.025034],[19.938267,50.025011],[19.938234,50.025013],[19.93822,50.024927]]]}},{"type":"Feature","id":"w191119229","properties":{"type":"yes","address":"Ferdynanda Kurasia 13","residential":true,"residents_est":4,"h3_10":"8a1e2e69552ffff","h3_11":"8b1e2e695529fff"},"geometry":{"type":"Polygon","coordinates":[[[19.937925,50.025626],[19.938108,50.025617],[19.938118,50.025679],[19.938102,50.02568],[19.938105,50.025697],[19.938121,50.025701],[19.938126,50.025737],[19.937988,50.025747],[19.937982,50.025717],[19.937937,50.02572],[19.937925,50.025626]]]}},{"type":"Feature","id":"w191119230","properties":{"type":"yes","address":"Sucha 10","residential":true,"residents_est":3,"h3_10":"8a1e2e69551ffff","h3_11":"8b1e2e69551cfff"},"geometry":{"type":"Polygon","coordinates":[[[19.936407,50.024225],[19.936548,50.024219],[19.936559,50.02432],[19.936419,50.024327],[19.936407,50.024225]]]}},{"type":"Feature","id":"w191119231","properties":{"type":"yes","address":"Aleksandra Fredry 44a","residential":true,"residents_est":1,"h3_10":"8a1e2e6954effff","h3_11":"8b1e2e6954e9fff"},"geometry":{"type":"Polygon","coordinates":[[[19.943219,50.020537],[19.943218,50.020486],[19.943277,50.020483],[19.943279,50.020469],[19.943338,50.020469],[19.943339,50.02051],[19.943316,50.020511],[19.943317,50.020536],[19.943219,50.020537]]]}},{"type":"Feature","id":"w191119232","properties":{"type":"detached","address":"Kołodziejska 14","residential":true,"residents_est":5,"h3_10":"8a1e2e695477fff","h3_11":"8b1e2e695476fff"},"geometry":{"type":"Polygon","coordinates":[[[19.941116,50.022509],[19.941267,50.022494],[19.941283,50.022583],[19.941133,50.022595],[19.941116,50.022509]]]}},{"type":"Feature","id":"w191119233","properties":{"type":"yes","residential":true,"residents_est":6,"h3_10":"8a1e2e6954c7fff","h3_11":"8b1e2e6954c6fff"},"geometry":{"type":"Polygon","coordinates":[[[19.94011,50.020018],[19.940147,50.020011],[19.940129,50.019967],[19.940296,50.019939],[19.940292,50.019929],[19.94037,50.019915],[19.940337,50.019805],[19.940467,50.019752],[19.940477,50.019773],[19.940431,50.019783],[19.940464,50.01992],[19.940377,50.019934],[19.940389,50.01997],[19.940226,50.019998],[19.940238,50.020027],[19.940173,50.020039],[19.940157,50.020035],[19.940167,50.020058],[19.940129,50.020064],[19.94011,50.020018]]]}},{"type":"Feature","id":"w191119234","properties":{"type":"yes","address":"Sowia 13","residential":true,"residents_est":2,"h3_10":"8a1e2e695407fff","h3_11":"8b1e2e695404fff"},"geometry":{"type":"Polygon","coordinates":[[[19.938313,50.022613],[19.938428,50.022601],[19.93845,50.022683],[19.938331,50.022695],[19.938313,50.022613]]]}},{"type":"Feature","id":"w191119235","properties":{"type":"semidetached_house","residential":true,"residents_est":4,"h3_10":"8a1e2e695557fff","h3_11":"8b1e2e695556fff"},"geometry":{"type":"Polygon","coordinates":[[[19.938788,50.024084],[19.938882,50.024077],[19.9389,50.024178],[19.938806,50.024186],[19.938788,50.024084]]]}},{"type":"Feature","id":"w191119236","properties":{"type":"yes","address":"Aleksandra Fredry 58","residential":true,"residents_est":3,"h3_10":"8a1e2e6954cffff","h3_11":"8b1e2e6954cbfff"},"geometry":{"type":"Polygon","coordinates":[[[19.943005,50.018784],[19.943151,50.018778],[19.94316,50.018866],[19.943013,50.018872],[19.943005,50.018784]]]}},{"type":"Feature","id":"w191119237","properties":{"type":"yes","address":"Sucha 28","residential":true,"residents_est":3,"h3_10":"8a1e2e695557fff","h3_11":"8b1e2e695550fff"},"geometry":{"type":"Polygon","coordinates":[[[19.939336,50.023992],[19.939501,50.023979],[19.939517,50.024075],[19.939353,50.024087],[19.939347,50.024054],[19.939342,50.024054],[19.939336,50.023992]]]}},{"type":"Feature","id":"w191119239","properties":{"type":"yes","address":"Aleksandra Fredry 31","residential":true,"residents_est":2,"h3_10":"8a1e2e69555ffff","h3_11":"8b1e2e69555dfff"},"geometry":{"type":"Polygon","coordinates":[[[19.94178,50.024261],[19.941789,50.024204],[19.941927,50.024207],[19.941913,50.024297],[19.941789,50.024294],[19.941795,50.024262],[19.94178,50.024261]]]}},{"type":"Feature","id":"w191119240","properties":{"type":"detached","address":"Kołodziejska 3","residential":true,"residents_est":6,"h3_10":"8a1e2e69542ffff","h3_11":"8b1e2e69542cfff"},"geometry":{"type":"Polygon","coordinates":[[[19.939889,50.023562],[19.939944,50.023482],[19.940095,50.023525],[19.940038,50.023606],[19.939889,50.023562]]]}},{"type":"Feature","id":"w191119241","properties":{"type":"yes","address":"Sucha 15g","residential":true,"residents_est":3,"h3_10":"8a1e2e695437fff","h3_11":"8b1e2e695435fff"},"geometry":{"type":"Polygon","coordinates":[[[19.937039,50.02311],[19.937188,50.023102],[19.937203,50.023213],[19.937054,50.023222],[19.937039,50.02311]]]}},{"type":"Feature","id":"w191119243","properties":{"type":"detached","address":"Kołodziejska 18","residential":true,"residents_est":5,"h3_10":"8a1e2e69540ffff","h3_11":"8b1e2e695409fff"},"geometry":{"type":"Polygon","coordinates":[[[19.941046,50.02192],[19.941169,50.021903],[19.941204,50.022009],[19.941081,50.022025],[19.941068,50.021987],[19.94108,50.021986],[19.94107,50.021957],[19.941059,50.021958],[19.941046,50.02192]]]}},{"type":"Feature","id":"w191119244","properties":{"type":"yes","residential":true,"residents_est":2,"h3_10":"8a1e2e6954dffff","h3_11":"8b1e2e6954d9fff"},"geometry":{"type":"Polygon","coordinates":[[[19.942044,50.018762],[19.942198,50.018755],[19.942205,50.01882],[19.942055,50.018825],[19.942044,50.018762]]]}},{"type":"Feature","id":"w191119245","properties":{"type":"yes","address":"Kołodziejska 27","residential":true,"residents_est":2,"h3_10":"8a1e2e6954e7fff","h3_11":"8b1e2e6954e2fff"},"geometry":{"type":"Polygon","coordinates":[[[19.940377,50.020538],[19.940501,50.020526],[19.940522,50.020616],[19.940398,50.020628],[19.940377,50.020538]]]}},{"type":"Feature","id":"w191119246","properties":{"type":"yes","address":"Sucha 18","residential":true,"residents_est":3,"h3_10":"8a1e2e69550ffff","h3_11":"8b1e2e69550afff"},"geometry":{"type":"Polygon","coordinates":[[[19.9377,50.024164],[19.937859,50.024156],[19.937872,50.024263],[19.937712,50.024271],[19.9377,50.024164]]]}},{"type":"Feature","id":"w191119248","properties":{"type":"yes","address":"Kołodziejska 25b","residential":true,"residents_est":4,"h3_10":"8a1e2e6954e7fff","h3_11":"8b1e2e6954e6fff"},"geometry":{"type":"Polygon","coordinates":[[[19.939694,50.02087],[19.939872,50.020831],[19.939919,50.020918],[19.939879,50.020927],[19.939887,50.020943],[19.939847,50.020952],[19.939839,50.020936],[19.93974,50.020958],[19.939694,50.02087]]]}},{"type":"Feature","id":"w191119250","properties":{"type":"yes","address":"Urocza 21","residential":true,"residents_est":2,"h3_10":"8a1e2e695577fff","h3_11":"8b1e2e695574fff"},"geometry":{"type":"Polygon","coordinates":[[[19.939102,50.025431],[19.939256,50.025423],[19.939266,50.025502],[19.939115,50.02551],[19.939115,50.025505],[19.939129,50.025504],[19.939126,50.025475],[19.939108,50.025476],[19.939102,50.025431]]]}},{"type":"Feature","id":"w191119251","properties":{"type":"yes","address":"Kołodziejska 7a","residential":true,"residents_est":3,"h3_10":"8a1e2e69542ffff","h3_11":"8b1e2e695428fff"},"geometry":{"type":"Polygon","coordinates":[[[19.939872,50.022973],[19.939879,50.022958],[19.939905,50.022949],[19.93993,50.022958],[19.939939,50.022945],[19.939926,50.022942],[19.939962,50.022885],[19.940004,50.022896],[19.940013,50.022883],[19.94006,50.022895],[19.940051,50.022908],[19.940094,50.02292],[19.940058,50.022976],[19.940014,50.022965],[19.939999,50.022985],[19.940051,50.023006],[19.940016,50.023041],[19.939885,50.022989],[19.939872,50.022973]]]}},{"type":"Feature","id":"w191119254","properties":{"type":"yes","levels":3.0,"address":"Siostry Faustyny 56a","residential":true,"residents_est":3,"h3_10":"8a1e2e6954f7fff","h3_11":"8b1e2e6954f0fff"},"geometry":{"type":"Polygon","coordinates":[[[19.939343,50.020012],[19.939448,50.019995],[19.939479,50.020077],[19.939374,50.020093],[19.939343,50.020012]]]}},{"type":"Feature","id":"w191119255","properties":{"type":"yes","address":"Sucha 6","residential":true,"residents_est":4,"h3_10":"8a1e2e695507fff","h3_11":"8b1e2e695502fff"},"geometry":{"type":"Polygon","coordinates":[[[19.935698,50.024282],[19.935726,50.024281],[19.935723,50.024236],[19.935865,50.02423],[19.935878,50.024355],[19.935705,50.024361],[19.935698,50.024282]]]}},{"type":"Feature","id":"w191119256","properties":{"type":"yes","address":"Strumienna 3","residential":true,"residents_est":1,"h3_10":"8a1e2e69545ffff","h3_11":"8b1e2e69545afff"},"geometry":{"type":"Polygon","coordinates":[[[19.943474,50.020616],[19.94358,50.020605],[19.943597,50.020669],[19.943491,50.02068],[19.943474,50.020616]]]}},{"type":"Feature","id":"w191119257","properties":{"type":"yes","residential":true,"residents_est":4,"h3_10":"8a1e2e6954cffff","h3_11":"8b1e2e6954cafff"},"geometry":{"type":"Polygon","coordinates":[[[19.942126,50.018921],[19.942259,50.018881],[19.942275,50.018904],[19.942395,50.018872],[19.942428,50.018929],[19.942173,50.018998],[19.942126,50.018921]]]}},{"type":"Feature","id":"w191119258","properties":{"type":"yes","address":"Aleksandra Fredry 12d","residential":true,"residents_est":17,"h3_10":"8a1e2e695467fff","h3_11":"8b1e2e695464fff"},"geometry":{"type":"Polygon","coordinates":[[[19.942863,50.023614],[19.942887,50.023612],[19.942869,50.023531],[19.943069,50.023512],[19.943107,50.023676],[19.943084,50.023679],[19.943096,50.023735],[19.942919,50.023752],[19.942892,50.023632],[19.942868,50.023634],[19.942863,50.023614]]]}},{"type":"Feature","id":"w191119259","properties":{"type":"yes","address":"Kołodziejska 6a","residential":true,"residents_est":3,"h3_10":"8a1e2e69542ffff","h3_11":"8b1e2e695429fff"},"geometry":{"type":"Polygon","coordinates":[[[19.940782,50.023097],[19.940815,50.023095],[19.940808,50.023059],[19.940986,50.023044],[19.940992,50.023076],[19.941019,50.023074],[19.941027,50.023114],[19.94079,50.023134],[19.940782,50.023097]]]}},{"type":"Feature","id":"w191119260","properties":{"type":"yes","address":"Pasieczna 5","residential":true,"residents_est":5,"h3_10":"8a1e2e695507fff","h3_11":"8b1e2e695501fff"},"geometry":{"type":"Polygon","coordinates":[[[19.936691,50.024937],[19.936788,50.024935],[19.936787,50.024924],[19.936892,50.024921],[19.936901,50.025048],[19.936699,50.025055],[19.936691,50.024937]]]}},{"type":"Feature","id":"w191119261","properties":{"type":"yes","residential":true,"residents_est":3,"h3_10":"8a1e2e695407fff","h3_11":"8b1e2e695406fff"},"geometry":{"type":"Polygon","coordinates":[[[19.937883,50.022114],[19.93802,50.0221],[19.938049,50.02223],[19.937913,50.022244],[19.937883,50.022114]]]}},{"type":"Feature","id":"w191119262","properties":{"type":"yes","address":"Sucha 27","residential":true,"residents_est":3,"h3_10":"8a1e2e695557fff","h3_11":"8b1e2e695552fff"},"geometry":{"type":"Polygon","coordinates":[[[19.939462,50.02378],[19.939482,50.023779],[19.939476,50.023745],[19.939619,50.023735],[19.939635,50.023827],[19.939493,50.023837],[19.939487,50.023804],[19.939466,50.023805],[19.939462,50.02378]]]}},{"type":"Feature","id":"w191119263","properties":{"type":"yes","address":"Aleksandra Fredry 79a","residential":true,"residents_est":3,"h3_10":"8a1e2e6954cffff","h3_11":"8b1e2e6954cefff"},"geometry":{"type":"Polygon","coordinates":[[[19.942037,50.019346],[19.942185,50.019339],[19.9422,50.019451],[19.942051,50.019457],[19.942037,50.019346]]]}},{"type":"Feature","id":"w191119264","properties":{"type":"yes","address":"Pasieczna 10","residential":true,"residents_est":6,"h3_10":"8a1e2e695507fff","h3_11":"8b1e2e695503fff"},"geometry":{"type":"Polygon","coordinates":[[[19.936402,50.024653],[19.936478,50.024649],[19.93648,50.024669],[19.93667,50.024659],[19.936683,50.024771],[19.936437,50.024784],[19.936431,50.024736],[19.936413,50.024737],[19.936402,50.024653]]]}},{"type":"Feature","id":"w191119265","properties":{"type":"yes","residential":true,"residents_est":3,"h3_10":"8a1e2e69541ffff","h3_11":"8b1e2e69541dfff"},"geometry":{"type":"Polygon","coordinates":[[[19.939476,50.021425],[19.9396,50.021402],[19.939639,50.0215],[19.939594,50.021508],[19.939597,50.021518],[19.939523,50.021531],[19.939476,50.021425]]]}},{"type":"Feature","id":"w191119268","properties":{"type":"yes","address":"Ferdynanda Kurasia 11","residential":true,"residents_est":3,"h3_10":"8a1e2e69552ffff","h3_11":"8b1e2e695529fff"},"geometry":{"type":"Polygon","coordinates":[[[19.937988,50.025747],[19.938135,50.025737],[19.93815,50.025834],[19.938004,50.025844],[19.937988,50.025747]]]}},{"type":"Feature","id":"w191119269","properties":{"type":"house","levels":2.0,"address":"Lechicka 4","residential":true,"residents_est":7,"h3_10":"8a1e2e69550ffff","h3_11":"8b1e2e69550efff"},"geometry":{"type":"Polygon","coordinates":[[[19.937164,50.024553],[19.937228,50.024547],[19.93722,50.02451],[19.937313,50.024502],[19.937321,50.024539],[19.937312,50.02454],[19.937332,50.024633],[19.937183,50.024646],[19.937164,50.024553]]]}},{"type":"Feature","id":"w191119271","properties":{"type":"yes","residential":true,"residents_est":3,"h3_10":"8a1e2e695477fff","h3_11":"8b1e2e695473fff"},"geometry":{"type":"Polygon","coordinates":[[[19.941965,50.022458],[19.942209,50.022437],[19.942222,50.022502],[19.941978,50.022523],[19.941965,50.022458]]]}},{"type":"Feature","id":"w191119272","properties":{"type":"yes","address":"Ratajska 4A","residential":true,"residents_est":2,"h3_10":"8a1e2e69541ffff","h3_11":"8b1e2e69541dfff"},"geometry":{"type":"Polygon","coordinates":[[[19.939217,50.02182],[19.939264,50.021817],[19.93926,50.02178],[19.939356,50.021776],[19.939369,50.021866],[19.939222,50.021872],[19.939217,50.02182]]]}},{"type":"Feature","id":"w191119273","properties":{"type":"yes","address":"Sucha 34","residential":true,"residents_est":3,"h3_10":"8a1e2e69555ffff","h3_11":"8b1e2e69555efff"},"geometry":{"type":"Polygon","coordinates":[[[19.940677,50.024048],[19.940679,50.023952],[19.940836,50.023954],[19.940835,50.024045],[19.940677,50.024048]]]}},{"type":"Feature","id":"w191119274","properties":{"type":"yes","levels":3.0,"address":"Siostry Faustyny 54","residential":true,"residents_est":3,"h3_10":"8a1e2e6954f7fff","h3_11":"8b1e2e6954f6fff"},"geometry":{"type":"Polygon","coordinates":[[[19.938799,50.020083],[19.93892,50.020057],[19.938961,50.020136],[19.938838,50.020163],[19.938799,50.020083]]]}},{"type":"Feature","id":"w191119275","properties":{"type":"detached","address":"Sucha 14","residential":true,"residents_est":6,"h3_10":"8a1e2e69550ffff","h3_11":"8b1e2e69550afff"},"geometry":{"type":"Polygon","coordinates":[[[19.937091,50.02419],[19.937241,50.024184],[19.937253,50.024278],[19.937101,50.024285],[19.937091,50.02419]]]}},{"type":"Feature","id":"w191119277","properties":{"type":"yes","address":"Kołodziejska 9","residential":true,"residents_est":3,"h3_10":"8a1e2e69542ffff","h3_11":"8b1e2e69542bfff"},"geometry":{"type":"Polygon","coordinates":[[[19.940448,50.022783],[19.940459,50.022754],[19.940488,50.022758],[19.940502,50.022722],[19.940636,50.022743],[19.940599,50.022845],[19.940464,50.022825],[19.940478,50.022788],[19.940448,50.022783]]]}},{"type":"Feature","id":"w191119279","properties":{"type":"yes","address":"Ferdynanda Kurasia 14","residential":true,"residents_est":2,"h3_10":"8a1e2e69552ffff","h3_11":"8b1e2e695529fff"},"geometry":{"type":"Polygon","coordinates":[[[19.938323,50.025602],[19.938432,50.025594],[19.938442,50.025674],[19.938333,50.025681],[19.938323,50.025602]]]}},{"type":"Feature","id":"w191119280","properties":{"type":"yes","residential":true,"residents_est":1,"h3_10":"8a1e2e695577fff","h3_11":"8b1e2e695575fff"},"geometry":{"type":"Polygon","coordinates":[[[19.939736,50.025733],[19.93975,50.025678],[19.939866,50.025689],[19.939852,50.025744],[19.939736,50.025733]]]}},{"type":"Feature","id":"w191119281","properties":{"type":"yes","address":"Sowia 7a","residential":true,"residents_est":2,"h3_10":"8a1e2e695407fff","h3_11":"8b1e2e695403fff"},"geometry":{"type":"Polygon","coordinates":[[[19.938812,50.022091],[19.938896,50.022086],[19.938914,50.022234],[19.938831,50.022242],[19.938812,50.022091]]]}},{"type":"Feature","id":"w191119282","properties":{"type":"yes","address":"Aleksandra Fredry 73","residential":true,"residents_est":2,"h3_10":"8a1e2e6954effff","h3_11":"8b1e2e6954ebfff"},"geometry":{"type":"Polygon","coordinates":[[[19.942643,50.020352],[19.942662,50.020243],[19.942772,50.020252],[19.942756,50.020361],[19.942643,50.020352]]]}},{"type":"Feature","id":"w191119283","properties":{"type":"yes","address":"Włodarska 5","residential":true,"residents_est":4,"h3_10":"8a1e2e695577fff","h3_11":"8b1e2e695572fff"},"geometry":{"type":"Polygon","coordinates":[[[19.938652,50.024862],[19.938772,50.024855],[19.938775,50.024873],[19.938816,50.024871],[19.93882,50.024902],[19.938807,50.024903],[19.938816,50.024971],[19.938728,50.024976],[19.938729,50.024987],[19.93867,50.02499],[19.938652,50.024862]]]}},{"type":"Feature","id":"w191119284","properties":{"type":"yes","levels":2.0,"residential":true,"residents_est":4,"h3_10":"8a1e2e6954c7fff","h3_11":"8b1e2e6954c6fff"},"geometry":{"type":"Polygon","coordinates":[[[19.940042,50.019769],[19.940246,50.019725],[19.940262,50.019751],[19.940338,50.019733],[19.940356,50.019765],[19.940277,50.019783],[19.940292,50.019807],[19.940088,50.019854],[19.940042,50.019769]]]}},{"type":"Feature","id":"w191119285","properties":{"type":"yes","address":"Aleksandra Fredry 29","residential":true,"residents_est":2,"h3_10":"8a1e2e69554ffff","h3_11":"8b1e2e69554efff"},"geometry":{"type":"Polygon","coordinates":[[[19.94179,50.024559],[19.941802,50.024464],[19.941935,50.024471],[19.941923,50.024566],[19.94179,50.024559]]]}},{"type":"Feature","id":"w191119287","properties":{"type":"semidetached_house","residential":true,"residents_est":5,"h3_10":"8a1e2e695427fff","h3_11":"8b1e2e695425fff"},"geometry":{"type":"Polygon","coordinates":[[[19.938404,50.023826],[19.93854,50.023817],[19.938557,50.023906],[19.938422,50.023917],[19.938404,50.023826]]]}},{"type":"Feature","id":"w191119288","properties":{"type":"yes","address":"Kwietna 5","residential":true,"residents_est":4,"h3_10":"8a1e2e695477fff","h3_11":"8b1e2e695472fff"},"geometry":{"type":"Polygon","coordinates":[[[19.941565,50.022351],[19.941585,50.022229],[19.941747,50.02224],[19.941742,50.022274],[19.94176,50.022275],[19.941748,50.022349],[19.941632,50.022342],[19.94163,50.022356],[19.941565,50.022351]]]}},{"type":"Feature","id":"w191119289","properties":{"type":"school","address":"Aleksandra Fredry 65","residential":false,"residents_est":0,"h3_10":"8a1e2e6954effff","h3_11":"8b1e2e6954ecfff"},"geometry":{"type":"Polygon","coordinates":[[[19.941692,50.021071],[19.941712,50.020963],[19.942031,50.020987],[19.942029,50.020997],[19.942205,50.02101],[19.942279,50.020611],[19.942466,50.020625],[19.942363,50.021185],[19.942178,50.021171],[19.942192,50.021095],[19.94201,50.021081],[19.942008,50.021096],[19.941692,50.021071]]]}},{"type":"Feature","id":"w191119291","properties":{"type":"yes","residential":true,"residents_est":2,"h3_10":"8a1e2e6954dffff","h3_11":"8b1e2e6954d8fff"},"geometry":{"type":"Polygon","coordinates":[[[19.940982,50.018757],[19.941142,50.018728],[19.941146,50.018737],[19.941176,50.018732],[19.941196,50.018783],[19.941005,50.018814],[19.940982,50.018757]]]}},{"type":"Feature","id":"w191119293","properties":{"type":"yes","address":"Lechicka 5","residential":true,"residents_est":3,"h3_10":"8a1e2e695507fff","h3_11":"8b1e2e695503fff"},"geometry":{"type":"Polygon","coordinates":[[[19.936695,50.024382],[19.936711,50.024381],[19.936708,50.024349],[19.936864,50.024342],[19.93687,50.024427],[19.936701,50.024434],[19.936695,50.024382]]]}},{"type":"Feature","id":"w191119295","properties":{"type":"yes","levels":2.0,"residential":true,"residents_est":3,"h3_10":"8a1e2e695417fff","h3_11":"8b1e2e695414fff"},"geometry":{"type":"Polygon","coordinates":[[[19.936802,50.02192],[19.936809,50.021931],[19.93684,50.021924],[19.936835,50.021913],[19.936932,50.021893],[19.936972,50.021992],[19.936851,50.022017],[19.936802,50.02192]]]}},{"type":"Feature","id":"w191119296","properties":{"type":"yes","address":"Sucha 38","residential":true,"residents_est":3,"h3_10":"8a1e2e69555ffff","h3_11":"8b1e2e69555cfff"},"geometry":{"type":"Polygon","coordinates":[[[19.941201,50.023976],[19.941367,50.023973],[19.941369,50.02407],[19.941213,50.024072],[19.941201,50.023976]]]}},{"type":"Feature","id":"w191119297","properties":{"type":"yes","address":"Kołodziejska 28A","residential":true,"residents_est":3,"h3_10":"8a1e2e6954c7fff","h3_11":"8b1e2e6954c5fff"},"geometry":{"type":"Polygon","coordinates":[[[19.941008,50.020029],[19.941057,50.020021],[19.941052,50.020006],[19.941182,50.019988],[19.941208,50.020077],[19.941083,50.020093],[19.94108,50.020083],[19.941029,50.02009],[19.941008,50.020029]]]}},{"type":"Feature","id":"w191119298","properties":{"type":"yes","levels":2.0,"address":"Siostry Faustyny 56","residential":true,"residents_est":2,"h3_10":"8a1e2e6954f7fff","h3_11":"8b1e2e6954f0fff"},"geometry":{"type":"Polygon","coordinates":[[[19.939129,50.019966],[19.939251,50.019939],[19.939291,50.020017],[19.939169,50.020044],[19.939129,50.019966]]]}},{"type":"Feature","id":"w191119299","properties":{"type":"apartments","address":"Aleksandra Fredry 12e","residential":true,"residents_est":42,"h3_10":"8a1e2e695467fff","h3_11":"8b1e2e695466fff"},"geometry":{"type":"Polygon","coordinates":[[[19.94243,50.023722],[19.942471,50.0235],[19.942672,50.023516],[19.942642,50.023681],[19.942618,50.023679],[19.942608,50.023735],[19.94243,50.023722]]]}},{"type":"Feature","id":"w191119300","properties":{"type":"yes","address":"Aleksandra Fredry 77","residential":true,"residents_est":2,"h3_10":"8a1e2e6954cffff","h3_11":"8b1e2e6954ccfff"},"geometry":{"type":"Polygon","coordinates":[[[19.942595,50.019617],[19.942723,50.019614],[19.942731,50.019702],[19.942605,50.019707],[19.942595,50.019617]]]}},{"type":"Feature","id":"w191119302","properties":{"type":"yes","residential":true,"residents_est":2,"h3_10":"8a1e2e695407fff","h3_11":"8b1e2e695402fff"},"geometry":{"type":"Polygon","coordinates":[[[19.938162,50.022065],[19.938288,50.022052],[19.938309,50.022138],[19.938183,50.02215],[19.938162,50.022065]]]}},{"type":"Feature","id":"w191119303","properties":{"type":"yes","address":"Sucha 30","residential":true,"residents_est":2,"h3_10":"8a1e2e695557fff","h3_11":"8b1e2e695550fff"},"geometry":{"type":"Polygon","coordinates":[[[19.939601,50.023975],[19.939654,50.023971],[19.939656,50.023983],[19.939722,50.023978],[19.939738,50.02407],[19.939646,50.024077],[19.939644,50.024066],[19.939617,50.024068],[19.939601,50.023975]]]}},{"type":"Feature","id":"w191119304","properties":{"type":"yes","address":"Aleksandra Fredry 45","residential":true,"residents_est":2,"h3_10":"8a1e2e695477fff","h3_11":"8b1e2e695475fff"},"geometry":{"type":"Polygon","coordinates":[[[19.941991,50.022837],[19.942103,50.022828],[19.94212,50.02291],[19.942007,50.022919],[19.941991,50.022837]]]}},{"type":"Feature","id":"w191119307","properties":{"type":"yes","levels":3.0,"address":"Sucha 15h","residential":true,"residents_est":6,"h3_10":"8a1e2e695437fff","h3_11":"8b1e2e695435fff"},"geometry":{"type":"Polygon","coordinates":[[[19.937305,50.023154],[19.937327,50.023152],[19.937319,50.023096],[19.937463,50.023089],[19.93747,50.023144],[19.93749,50.023143],[19.937499,50.023208],[19.937314,50.023218],[19.937305,50.023154]]]}},{"type":"Feature","id":"w191119308","properties":{"type":"yes","address":"Ferdynanda Kurasia 30","residential":true,"residents_est":3,"h3_10":"8a1e2e69550ffff","h3_11":"8b1e2e695508fff"},"geometry":{"type":"Polygon","coordinates":[[[19.938074,50.024705],[19.938079,50.024608],[19.938263,50.024611],[19.938256,50.024697],[19.938189,50.024695],[19.938188,50.024708],[19.938074,50.024705]]]}},{"type":"Feature","id":"w191119309","properties":{"type":"house","levels":2.0,"address":"Kwietna 9","residential":true,"residents_est":5,"h3_10":"8a1e2e695457fff","h3_11":"8b1e2e695455fff"},"geometry":{"type":"Polygon","coordinates":[[[19.94213,50.022144],[19.942137,50.022075],[19.942345,50.022085],[19.942341,50.022153],[19.94226,50.02215],[19.942261,50.022141],[19.94219,50.022138],[19.942189,50.022147],[19.94213,50.022144]]]}},{"type":"Feature","id":"w191119310","properties":{"type":"yes","address":"Sucha 15","residential":true,"residents_est":3,"h3_10":"8a1e2e69551ffff","h3_11":"8b1e2e695519fff"},"geometry":{"type":"Polygon","coordinates":[[[19.937093,50.023874],[19.937234,50.023865],[19.937247,50.023948],[19.937154,50.023954],[19.937156,50.02398],[19.937106,50.023983],[19.937093,50.023874]]]}},{"type":"Feature","id":"w191119311","properties":{"type":"yes","levels":2.0,"address":"Siostry Faustyny 52","residential":true,"residents_est":2,"h3_10":"8a1e2e6954f7fff","h3_11":"8b1e2e6954f6fff"},"geometry":{"type":"Polygon","coordinates":[[[19.938678,50.020109],[19.938799,50.020083],[19.938838,50.020163],[19.938807,50.020171],[19.938818,50.020194],[19.938744,50.020209],[19.938733,50.020187],[19.938718,50.020188],[19.938678,50.020109]]]}},{"type":"Feature","id":"w191119313","properties":{"type":"yes","address":"Aleksandra Fredry 77b","residential":true,"residents_est":2,"h3_10":"8a1e2e6954cffff","h3_11":"8b1e2e6954cefff"},"geometry":{"type":"Polygon","coordinates":[[[19.941996,50.019543],[19.942116,50.019539],[19.942118,50.019557],[19.942148,50.019556],[19.942153,50.019614],[19.942003,50.01962],[19.941996,50.019543]]]}},{"type":"Feature","id":"w191119315","properties":{"type":"yes","levels":2.0,"address":"Siostry Faustyny 58","residential":true,"residents_est":3,"h3_10":"8a1e2e6954f7fff","h3_11":"8b1e2e6954f3fff"},"geometry":{"type":"Polygon","coordinates":[[[19.939447,50.019889],[19.939587,50.019861],[19.939638,50.019968],[19.939533,50.019989],[19.939527,50.019976],[19.939493,50.019982],[19.939447,50.019889]]]}},{"type":"Feature","id":"w191119316","properties":{"type":"detached","residential":true,"residents_est":4,"h3_10":"8a1e2e69541ffff","h3_11":"8b1e2e69541dfff"},"geometry":{"type":"Polygon","coordinates":[[[19.938976,50.021527],[19.939078,50.021511],[19.939115,50.021602],[19.939016,50.021618],[19.938976,50.021527]]]}},{"type":"Feature","id":"w191119317","properties":{"type":"yes","residential":false,"residents_est":0,"h3_10":"8a1e2e695477fff","h3_11":"8b1e2e695474fff"},"geometry":{"type":"Polygon","coordinates":[[[19.941133,50.022989],[19.941255,50.02298],[19.941262,50.023016],[19.941139,50.023025],[19.941133,50.022989]]]}},{"type":"Feature","id":"w191119319","properties":{"type":"yes","address":"Aleksandra Fredry 4c","residential":true,"residents_est":37,"h3_10":"8a1e2e69554ffff","h3_11":"8b1e2e695549fff"},"geometry":{"type":"Polygon","coordinates":[[[19.943362,50.024267],[19.943646,50.024252],[19.943676,50.024583],[19.943392,50.0246],[19.943362,50.024267]]]}},{"type":"Feature","id":"w191119323","properties":{"type":"yes","residential":true,"residents_est":2,"h3_10":"8a1e2e695407fff","h3_11":"8b1e2e695402fff"},"geometry":{"type":"Polygon","coordinates":[[[19.93813,50.021921],[19.93826,50.021909],[19.938274,50.021988],[19.938149,50.022],[19.93813,50.021921]]]}},{"type":"Feature","id":"w191119328","properties":{"type":"yes","address":"Kołodziejska 22","residential":true,"residents_est":4,"h3_10":"8a1e2e6954e7fff","h3_11":"8b1e2e6954e5fff"},"geometry":{"type":"Polygon","coordinates":[[[19.940772,50.021123],[19.940897,50.021111],[19.940933,50.021275],[19.940808,50.021286],[19.940772,50.021123]]]}},{"type":"Feature","id":"w191119330","properties":{"type":"yes","address":"Sucha 25","residential":true,"residents_est":3,"h3_10":"8a1e2e695557fff","h3_11":"8b1e2e695552fff"},"geometry":{"type":"Polygon","coordinates":[[[19.939266,50.023534],[19.93942,50.023525],[19.939436,50.023615],[19.93928,50.023626],[19.939266,50.023534]]]}},{"type":"Feature","id":"w191119334","properties":{"type":"yes","address":"Aleksandra Fredry 37","residential":true,"residents_est":3,"h3_10":"8a1e2e69555ffff","h3_11":"8b1e2e69555bfff"},"geometry":{"type":"Polygon","coordinates":[[[19.942015,50.023315],[19.942024,50.023273],[19.942046,50.023275],[19.942051,50.023253],[19.942202,50.023239],[19.942176,50.02336],[19.942029,50.023347],[19.942036,50.023317],[19.942015,50.023315]]]}},{"type":"Feature","id":"w191119339","properties":{"type":"yes","address":"Aleksandra Fredry 79","residential":true,"residents_est":6,"h3_10":"8a1e2e6954cffff","h3_11":"8b1e2e6954c8fff"},"geometry":{"type":"Polygon","coordinates":[[[19.942462,50.019325],[19.94251,50.019323],[19.942509,50.019317],[19.942474,50.019318],[19.942467,50.019272],[19.942644,50.019256],[19.942672,50.019437],[19.942527,50.019445],[19.942513,50.019342],[19.942464,50.019344],[19.942462,50.019325]]]}},{"type":"Feature","id":"w191119340","properties":{"type":"yes","address":"Włodarska 16","residential":true,"residents_est":2,"h3_10":"8a1e2e695577fff","h3_11":"8b1e2e695571fff"},"geometry":{"type":"Polygon","coordinates":[[[19.940274,50.025379],[19.940288,50.025301],[19.940422,50.025311],[19.940408,50.025389],[19.940274,50.025379]]]}},{"type":"Feature","id":"w191119341","properties":{"type":"yes","residential":true,"residents_est":2,"h3_10":"8a1e2e69551ffff","h3_11":"8b1e2e69551cfff"},"geometry":{"type":"Polygon","coordinates":[[[19.936131,50.023906],[19.936241,50.0239],[19.936254,50.024004],[19.936144,50.024009],[19.936131,50.023906]]]}},{"type":"Feature","id":"w191119345","properties":{"type":"yes","address":"Sowia 17","residential":true,"residents_est":3,"h3_10":"8a1e2e695427fff","h3_11":"8b1e2e695423fff"},"geometry":{"type":"Polygon","coordinates":[[[19.938518,50.022957],[19.938682,50.022942],[19.9387,50.023022],[19.938634,50.023027],[19.93864,50.023054],[19.93854,50.023062],[19.938518,50.022957]]]}},{"type":"Feature","id":"w191119347","properties":{"type":"yes","residential":true,"residents_est":2,"h3_10":"8a1e2e6954dffff","h3_11":"8b1e2e6954d8fff"},"geometry":{"type":"Polygon","coordinates":[[[19.941189,50.018836],[19.941402,50.018814],[19.941416,50.018878],[19.941203,50.018898],[19.941189,50.018836]]]}},{"type":"Feature","id":"w191119351","properties":{"type":"yes","residential":true,"residents_est":4,"h3_10":"8a1e2e695437fff","h3_11":"8b1e2e695433fff"},"geometry":{"type":"Polygon","coordinates":[[[19.936778,50.022381],[19.936911,50.022351],[19.936978,50.02247],[19.937003,50.022464],[19.93702,50.022495],[19.93695,50.022511],[19.936925,50.022471],[19.936838,50.02249],[19.936778,50.022381]]]}},{"type":"Feature","id":"w191119353","properties":{"type":"yes","address":"Aleksandra Fredry 35","residential":true,"residents_est":3,"h3_10":"8a1e2e69555ffff","h3_11":"8b1e2e69555bfff"},"geometry":{"type":"Polygon","coordinates":[[[19.941916,50.023574],[19.941923,50.02349],[19.942105,50.023495],[19.942099,50.023578],[19.941916,50.023574]]]}},{"type":"Feature","id":"w191119355","properties":{"type":"yes","address":"Sucha 17c","residential":true,"residents_est":5,"h3_10":"8a1e2e695427fff","h3_11":"8b1e2e695420fff"},"geometry":{"type":"Polygon","coordinates":[[[19.938018,50.023353],[19.938182,50.023347],[19.938185,50.023368],[19.938251,50.023366],[19.938261,50.023457],[19.938056,50.023467],[19.938049,50.023415],[19.938025,50.023418],[19.938018,50.023353]]]}},{"type":"Feature","id":"w191119357","properties":{"type":"yes","address":"Kołodziejska 26","residential":true,"residents_est":2,"h3_10":"8a1e2e6954e7fff","h3_11":"8b1e2e6954e3fff"},"geometry":{"type":"Polygon","coordinates":[[[19.94074,50.020316],[19.940897,50.020307],[19.940909,50.020388],[19.940752,50.020397],[19.94074,50.020316]]]}},{"type":"Feature","id":"w191119361","properties":{"type":"yes","residential":true,"residents_est":3,"h3_10":"8a1e2e6954dffff","h3_11":"8b1e2e6954ddfff"},"geometry":{"type":"Polygon","coordinates":[[[19.941613,50.019098],[19.941719,50.019095],[19.941721,50.019125],[19.941749,50.019124],[19.941755,50.019199],[19.941697,50.0192],[19.941695,50.01917],[19.941681,50.019171],[19.941683,50.019195],[19.941625,50.019196],[19.941613,50.019098]]]}},{"type":"Feature","id":"w191119364","properties":{"type":"yes","address":"Urocza 18","residential":true,"residents_est":2,"h3_10":"8a1e2e695567fff","h3_11":"8b1e2e695566fff"},"geometry":{"type":"Polygon","coordinates":[[[19.939673,50.025889],[19.939692,50.02579],[19.939815,50.025802],[19.939797,50.025901],[19.939673,50.025889]]]}},{"type":"Feature","id":"w191119365","properties":{"type":"yes","residential":true,"residents_est":2,"h3_10":"8a1e2e695407fff","h3_11":"8b1e2e695400fff"},"geometry":{"type":"Polygon","coordinates":[[[19.938269,50.022433],[19.938411,50.022416],[19.938429,50.022491],[19.938286,50.022505],[19.938269,50.022433]]]}},{"type":"Feature","id":"w191119368","properties":{"type":"yes","address":"Urocza 20","residential":true,"residents_est":2,"h3_10":"8a1e2e695577fff","h3_11":"8b1e2e695575fff"},"geometry":{"type":"Polygon","coordinates":[[[19.939487,50.025682],[19.939499,50.025639],[19.939643,50.025655],[19.939621,50.025737],[19.939488,50.025722],[19.939499,50.025683],[19.939487,50.025682]]]}},{"type":"Feature","id":"w191119369","properties":{"type":"yes","address":"Aleksandra Fredry 52","residential":true,"residents_est":4,"h3_10":"8a1e2e6954cffff","h3_11":"8b1e2e6954c8fff"},"geometry":{"type":"Polygon","coordinates":[[[19.942956,50.019377],[19.943103,50.019373],[19.943111,50.019528],[19.942972,50.019532],[19.942956,50.019377]]]}},{"type":"Feature","id":"w191119371","properties":{"type":"yes","address":"Aleksandra Fredry 23","residential":true,"residents_est":4,"h3_10":"8a1e2e695547fff","h3_11":"8b1e2e695545fff"},"geometry":{"type":"Polygon","coordinates":[[[19.941578,50.025169],[19.941623,50.025034],[19.941762,50.025045],[19.941709,50.025179],[19.941578,50.025169]]]}},{"type":"Feature","id":"w191119372","properties":{"type":"yes","residential":true,"residents_est":5,"h3_10":"8a1e2e69555ffff","h3_11":"8b1e2e69555efff"},"geometry":{"type":"Polygon","coordinates":[[[19.94086,50.023768],[19.940864,50.023672],[19.941154,50.023677],[19.941151,50.023772],[19.94086,50.023768]]]}},{"type":"Feature","id":"w191119373","properties":{"type":"yes","address":"Kwietna 7","residential":true,"residents_est":3,"h3_10":"8a1e2e695477fff","h3_11":"8b1e2e695473fff"},"geometry":{"type":"Polygon","coordinates":[[[19.941858,50.022264],[19.941871,50.022172],[19.941972,50.022177],[19.941974,50.022159],[19.942051,50.022164],[19.942046,50.022203],[19.942018,50.022202],[19.941992,50.022271],[19.941858,50.022264]]]}},{"type":"Feature","id":"w191119374","properties":{"type":"yes","address":"Sucha 13","residential":true,"residents_est":4,"h3_10":"8a1e2e69551ffff","h3_11":"8b1e2e69551dfff"},"geometry":{"type":"Polygon","coordinates":[[[19.936747,50.023865],[19.936802,50.023862],[19.936804,50.02387],[19.936964,50.02386],[19.936979,50.023964],[19.936811,50.023974],[19.936805,50.023936],[19.936757,50.023938],[19.936747,50.023865]]]}},{"type":"Feature","id":"w191119376","properties":{"type":"yes","address":"Siostry Faustyny 78","residential":true,"residents_est":3,"h3_10":"8a1e2e6954c7fff","h3_11":"8b1e2e6954c3fff"},"geometry":{"type":"Polygon","coordinates":[[[19.941203,50.019178],[19.94134,50.019148],[19.941384,50.019229],[19.941329,50.019241],[19.941346,50.019274],[19.941264,50.019292],[19.941203,50.019178]]]}},{"type":"Feature","id":"w191119377","properties":{"type":"yes","address":"Juliana Goslara 11","residential":true,"residents_est":3,"h3_10":"8a1e2e69550ffff","h3_11":"8b1e2e695509fff"},"geometry":{"type":"Polygon","coordinates":[[[19.938465,50.024425],[19.938493,50.024425],[19.938494,50.024407],[19.938599,50.024408],[19.9386,50.024426],[19.938625,50.024426],[19.938625,50.024517],[19.938467,50.024517],[19.938465,50.024425]]]}},{"type":"Feature","id":"w191119379","properties":{"type":"yes","address":"Pocztowa 8","residential":true,"residents_est":3,"h3_10":"8a1e2e6954e7fff","h3_11":"8b1e2e6954e2fff"},"geometry":{"type":"Polygon","coordinates":[[[19.939997,50.020449],[19.940131,50.020422],[19.940172,50.020509],[19.940037,50.020535],[19.939997,50.020449]]]}},{"type":"Feature","id":"w191119381","properties":{"type":"detached","address":"Kołodziejska 5","residential":true,"residents_est":5,"h3_10":"8a1e2e69542ffff","h3_11":"8b1e2e69542dfff"},"geometry":{"type":"Polygon","coordinates":[[[19.940003,50.023399],[19.940053,50.023325],[19.940188,50.023363],[19.940139,50.023437],[19.940091,50.023423],[19.940083,50.023435],[19.940035,50.023421],[19.940042,50.02341],[19.940003,50.023399]]]}},{"type":"Feature","id":"w191119383","properties":{"type":"yes","address":"Włodarska 30","residential":true,"residents_est":4,"h3_10":"8a1e2e695567fff","h3_11":"8b1e2e695563fff"},"geometry":{"type":"Polygon","coordinates":[[[19.941171,50.025509],[19.941201,50.025381],[19.941347,50.025395],[19.941314,50.025532],[19.941248,50.025526],[19.94125,50.025517],[19.941171,50.025509]]]}},{"type":"Feature","id":"w191119386","properties":{"type":"yes","levels":1.0,"residential":true,"residents_est":2,"h3_10":"8a1e2e6954c7fff","h3_11":"8b1e2e6954c0fff"},"geometry":{"type":"Polygon","coordinates":[[[19.940691,50.019859],[19.940836,50.019852],[19.940849,50.019966],[19.940705,50.019972],[19.940691,50.019859]]]}},{"type":"Feature","id":"w191119387","properties":{"type":"yes","address":"Ferdynanda Kurasia 18","residential":true,"residents_est":3,"h3_10":"8a1e2e69552ffff","h3_11":"8b1e2e695529fff"},"geometry":{"type":"Polygon","coordinates":[[[19.938289,50.025386],[19.938427,50.025381],[19.93844,50.025485],[19.938307,50.025493],[19.938289,50.025386]]]}},{"type":"Feature","id":"w191119388","properties":{"type":"detached","residential":true,"residents_est":4,"h3_10":"8a1e2e69541ffff","h3_11":"8b1e2e69541cfff"},"geometry":{"type":"Polygon","coordinates":[[[19.938761,50.021542],[19.938886,50.021522],[19.938924,50.021617],[19.938875,50.021625],[19.938868,50.021608],[19.938792,50.021621],[19.938761,50.021542]]]}},{"type":"Feature","id":"w191119392","properties":{"type":"yes","residential":true,"residents_est":3,"h3_10":"8a1e2e6954f7fff","h3_11":"8b1e2e6954f1fff"},"geometry":{"type":"Polygon","coordinates":[[[19.939625,50.02002],[19.939731,50.020003],[19.939745,50.020037],[19.939872,50.020015],[19.939889,50.020059],[19.939656,50.020099],[19.939625,50.02002]]]}},{"type":"Feature","id":"w191119396","properties":{"type":"yes","residential":true,"residents_est":2,"h3_10":"8a1e2e6954cffff","h3_11":"8b1e2e6954ccfff"},"geometry":{"type":"Polygon","coordinates":[[[19.942558,50.019815],[19.942563,50.019814],[19.942561,50.019803],[19.942621,50.019801],[19.942622,50.019812],[19.942746,50.019805],[19.94275,50.01985],[19.942561,50.019859],[19.942558,50.019815]]]}},{"type":"Feature","id":"w191119398","properties":{"type":"yes","residential":true,"residents_est":3,"h3_10":"8a1e2e695577fff","h3_11":"8b1e2e695570fff"},"geometry":{"type":"Polygon","coordinates":[[[19.939467,50.025317],[19.939477,50.025233],[19.939646,50.025247],[19.93963,50.025325],[19.939467,50.025317]]]}},{"type":"Feature","id":"w191119399","properties":{"type":"detached","address":"Sucha 43","residential":true,"residents_est":6,"h3_10":"8a1e2e69555ffff","h3_11":"8b1e2e695559fff"},"geometry":{"type":"Polygon","coordinates":[[[19.941914,50.023781],[19.94192,50.023681],[19.94208,50.023684],[19.942077,50.023747],[19.942055,50.023747],[19.942053,50.023784],[19.941914,50.023781]]]}},{"type":"Feature","id":"w191119400","properties":{"type":"semidetached_house","residential":true,"residents_est":5,"h3_10":"8a1e2e695477fff","h3_11":"8b1e2e695471fff"},"geometry":{"type":"Polygon","coordinates":[[[19.942158,50.022674],[19.942175,50.022583],[19.942317,50.022593],[19.942301,50.022687],[19.942158,50.022674]]]}},{"type":"Feature","id":"w191119405","properties":{"type":"yes","residential":true,"residents_est":2,"h3_10":"8a1e2e69555ffff","h3_11":"8b1e2e695558fff"},"geometry":{"type":"Polygon","coordinates":[[[19.941585,50.02376],[19.941593,50.023676],[19.941723,50.023681],[19.941712,50.023783],[19.941661,50.023782],[19.941663,50.023763],[19.941585,50.02376]]]}},{"type":"Feature","id":"w191119407","properties":{"type":"detached","levels":2.0,"address":"Aleksandra Fredry 49","residential":true,"residents_est":6,"h3_10":"8a1e2e695477fff","h3_11":"8b1e2e695473fff"},"geometry":{"type":"Polygon","coordinates":[[[19.942214,50.022358],[19.942232,50.022238],[19.94236,50.022245],[19.942343,50.022366],[19.942214,50.022358]]]}},{"type":"Feature","id":"w191119408","properties":{"type":"yes","residential":true,"residents_est":2,"h3_10":"8a1e2e6955affff","h3_11":"8b1e2e6955abfff"},"geometry":{"type":"Polygon","coordinates":[[[19.935509,50.0225],[19.935598,50.022436],[19.935678,50.022482],[19.93559,50.022546],[19.935576,50.022539],[19.935559,50.022551],[19.935529,50.022534],[19.935546,50.022522],[19.935509,50.0225]]]}},{"type":"Feature","id":"w191119409","properties":{"type":"yes","residential":true,"residents_est":4,"h3_10":"8a1e2e695577fff","h3_11":"8b1e2e695572fff"},"geometry":{"type":"Polygon","coordinates":[[[19.938861,50.024648],[19.938889,50.024647],[19.938885,50.024607],[19.938999,50.024602],[19.939002,50.024629],[19.939011,50.024629],[19.939015,50.024668],[19.939006,50.024668],[19.939013,50.024737],[19.93887,50.024743],[19.938861,50.024648]]]}},{"type":"Feature","id":"w191119411","properties":{"type":"yes","levels":3.0,"residential":true,"residents_est":10,"h3_10":"8a1e2e69541ffff","h3_11":"8b1e2e69541afff"},"geometry":{"type":"Polygon","coordinates":[[[19.93854,50.020725],[19.93855,50.020711],[19.938692,50.020689],[19.938724,50.020771],[19.938744,50.020768],[19.93873,50.020732],[19.938815,50.020718],[19.938807,50.020698],[19.938943,50.020674],[19.938974,50.020752],[19.938577,50.020817],[19.93854,50.020725]]]}},{"type":"Feature","id":"w191119412","properties":{"type":"yes","address":"Sucha 15b","residential":true,"residents_est":3,"h3_10":"8a1e2e695427fff","h3_11":"8b1e2e695424fff"},"geometry":{"type":"Polygon","coordinates":[[[19.937494,50.023816],[19.937605,50.023808],[19.937623,50.023924],[19.937513,50.023931],[19.937494,50.023816]]]}},{"type":"Feature","id":"w191119413","properties":{"type":"yes","address":"Kołodziejska 26a","residential":true,"residents_est":3,"h3_10":"8a1e2e6954c7fff","h3_11":"8b1e2e6954c5fff"},"geometry":{"type":"Polygon","coordinates":[[[19.941093,50.020259],[19.941229,50.020241],[19.941263,50.020349],[19.941128,50.020367],[19.941093,50.020259]]]}},{"type":"Feature","id":"w191119414","properties":{"type":"yes","residential":true,"residents_est":4,"h3_10":"8a1e2e695547fff","h3_11":"8b1e2e695544fff"},"geometry":{"type":"Polygon","coordinates":[[[19.940725,50.025209],[19.940742,50.025117],[19.94099,50.025138],[19.940973,50.025227],[19.940725,50.025209]]]}},{"type":"Feature","id":"w191119415","properties":{"type":"yes","address":"Sowia 2","residential":true,"residents_est":2,"h3_10":"8a1e2e695407fff","h3_11":"8b1e2e695402fff"},"geometry":{"type":"Polygon","coordinates":[[[19.937825,50.021867],[19.937956,50.021855],[19.937978,50.021952],[19.937847,50.021964],[19.937825,50.021867]]]}},{"type":"Feature","id":"w191119416","properties":{"type":"yes","address":"Strumienna 6","residential":true,"residents_est":3,"h3_10":"8a1e2e69545ffff","h3_11":"8b1e2e69545afff"},"geometry":{"type":"Polygon","coordinates":[[[19.943476,50.020876],[19.943483,50.0208],[19.943553,50.020801],[19.943554,50.020786],[19.943604,50.020788],[19.943603,50.020803],[19.943674,50.020806],[19.943668,50.020881],[19.943476,50.020876]]]}},{"type":"Feature","id":"w191119417","properties":{"type":"yes","address":"Aleksandra Fredry 73a","residential":true,"residents_est":2,"h3_10":"8a1e2e6954effff","h3_11":"8b1e2e6954ebfff"},"geometry":{"type":"Polygon","coordinates":[[[19.942391,50.020084],[19.942402,50.020018],[19.942561,50.020026],[19.942552,50.020094],[19.942391,50.020084]]]}},{"type":"Feature","id":"w191119418","properties":{"type":"yes","address":"Pasieczna 7","residential":true,"residents_est":4,"h3_10":"8a1e2e69552ffff","h3_11":"8b1e2e69552afff"},"geometry":{"type":"Polygon","coordinates":[[[19.93684,50.025159],[19.937022,50.025149],[19.937032,50.025229],[19.937017,50.02523],[19.937021,50.025264],[19.936977,50.025267],[19.936979,50.025284],[19.936924,50.025286],[19.936922,50.025269],[19.936852,50.025272],[19.93684,50.025159]]]}},{"type":"Feature","id":"w191119419","properties":{"type":"yes","residential":true,"residents_est":3,"h3_10":"8a1e2e69555ffff","h3_11":"8b1e2e69555bfff"},"geometry":{"type":"Polygon","coordinates":[[[19.941571,50.023298],[19.941831,50.023273],[19.941845,50.023332],[19.941586,50.023357],[19.941571,50.023298]]]}},{"type":"Feature","id":"w191119426","properties":{"type":"yes","levels":1.0,"address":"Siostry Faustyny 36","residential":true,"residents_est":1,"h3_10":"8a1e2e69541ffff","h3_11":"8b1e2e695418fff"},"geometry":{"type":"Polygon","coordinates":[[[19.938754,50.021148],[19.938923,50.021113],[19.938959,50.02119],[19.938792,50.021225],[19.938754,50.021148]]]}},{"type":"Feature","id":"w191119430","properties":{"type":"yes","residential":true,"residents_est":2,"h3_10":"8a1e2e69542ffff","h3_11":"8b1e2e69542dfff"},"geometry":{"type":"Polygon","coordinates":[[[19.940467,50.02355],[19.940468,50.023452],[19.940593,50.023454],[19.94059,50.023553],[19.940467,50.02355]]]}},{"type":"Feature","id":"w191119435","properties":{"type":"detached","address":"Kołodziejska 20","residential":true,"residents_est":4,"h3_10":"8a1e2e6954e7fff","h3_11":"8b1e2e6954e5fff"},"geometry":{"type":"Polygon","coordinates":[[[19.940937,50.021442],[19.941066,50.021429],[19.941069,50.021442],[19.941097,50.021439],[19.941108,50.02149],[19.940952,50.021504],[19.940937,50.021442]]]}},{"type":"Feature","id":"w191119436","properties":{"type":"yes","residential":true,"residents_est":3,"h3_10":"8a1e2e695477fff","h3_11":"8b1e2e695472fff"},"geometry":{"type":"Polygon","coordinates":[[[19.941208,50.022309],[19.941429,50.022294],[19.941442,50.022376],[19.941221,50.02239],[19.941208,50.022309]]]}},{"type":"Feature","id":"w191119437","properties":{"type":"yes","address":"Włodarska 18","residential":true,"residents_est":3,"h3_10":"8a1e2e695547fff","h3_11":"8b1e2e695544fff"},"geometry":{"type":"Polygon","coordinates":[[[19.940532,50.025441],[19.940556,50.02532],[19.940676,50.025331],[19.940653,50.025451],[19.940532,50.025441]]]}},{"type":"Feature","id":"w191119441","properties":{"type":"semidetached_house","residential":true,"residents_est":4,"h3_10":"8a1e2e69551ffff","h3_11":"8b1e2e695518fff"},"geometry":{"type":"Polygon","coordinates":[[[19.93645,50.023907],[19.936554,50.023901],[19.936566,50.023985],[19.936462,50.023991],[19.93645,50.023907]]]}},{"type":"Feature","id":"w191119443","properties":{"type":"yes","residential":true,"residents_est":13,"h3_10":"8a1e2e695437fff","h3_11":"8b1e2e695430fff"},"geometry":{"type":"Polygon","coordinates":[[[19.936925,50.022632],[19.937002,50.022611],[19.936993,50.022598],[19.937094,50.022561],[19.937093,50.022556],[19.937139,50.022548],[19.937147,50.022542],[19.937142,50.02253],[19.937181,50.022523],[19.937188,50.022539],[19.937197,50.022537],[19.937243,50.022649],[19.937196,50.022657],[19.937185,50.022634],[19.93713,50.022643],[19.937119,50.022622],[19.937099,50.022626],[19.937111,50.022653],[19.937098,50.022669],[19.937116,50.0227],[19.937076,50.022712],[19.937066,50.022725],[19.937017,50.02274],[19.936992,50.022734],[19.936925,50.022632]]]}},{"type":"Feature","id":"w191119444","properties":{"type":"yes","residential":true,"residents_est":2,"h3_10":"8a1e2e695437fff","h3_11":"8b1e2e695433fff"},"geometry":{"type":"Polygon","coordinates":[[[19.937107,50.02232],[19.937226,50.022299],[19.937257,50.02238],[19.93714,50.022401],[19.937107,50.02232]]]}},{"type":"Feature","id":"w191119445","properties":{"type":"yes","address":"Kołodziejska 4","residential":true,"residents_est":2,"h3_10":"8a1e2e69555ffff","h3_11":"8b1e2e69555afff"},"geometry":{"type":"Polygon","coordinates":[[[19.940723,50.023277],[19.940876,50.023272],[19.940881,50.023345],[19.940729,50.02335],[19.940723,50.023277]]]}},{"type":"Feature","id":"w191119446","properties":{"type":"yes","address":"Urocza 28","residential":true,"residents_est":2,"h3_10":"8a1e2e695577fff","h3_11":"8b1e2e695573fff"},"geometry":{"type":"Polygon","coordinates":[[[19.93959,50.025133],[19.939596,50.025074],[19.939775,50.025081],[19.939769,50.02514],[19.93959,50.025133]]]}},{"type":"Feature","id":"w191119447","properties":{"type":"yes","residential":true,"residents_est":3,"h3_10":"8a1e2e6954f7fff","h3_11":"8b1e2e6954f5fff"},"geometry":{"type":"Polygon","coordinates":[[[19.939542,50.02054],[19.939706,50.020511],[19.939743,50.020605],[19.93958,50.020634],[19.939542,50.02054]]]}},{"type":"Feature","id":"w191119448","properties":{"type":"yes","levels":1.0,"residential":true,"residents_est":2,"h3_10":"8a1e2e695417fff","h3_11":"8b1e2e695414fff"},"geometry":{"type":"Polygon","coordinates":[[[19.936937,50.021906],[19.937097,50.021874],[19.93714,50.021962],[19.936974,50.021995],[19.936937,50.021906]]]}},{"type":"Feature","id":"w191119449","properties":{"type":"yes","address":"Sucha 19d","residential":true,"residents_est":3,"h3_10":"8a1e2e695427fff","h3_11":"8b1e2e695420fff"},"geometry":{"type":"Polygon","coordinates":[[[19.93851,50.023448],[19.938623,50.023441],[19.938631,50.023486],[19.938657,50.023485],[19.938662,50.023517],[19.938635,50.023519],[19.938646,50.023587],[19.938557,50.023593],[19.938546,50.023526],[19.938521,50.023527],[19.93851,50.023448]]]}},{"type":"Feature","id":"w191119450","properties":{"type":"yes","residential":true,"residents_est":4,"h3_10":"8a1e2e69540ffff","h3_11":"8b1e2e695408fff"},"geometry":{"type":"Polygon","coordinates":[[[19.94041,50.021764],[19.940526,50.021741],[19.940551,50.021795],[19.940584,50.021788],[19.940607,50.021835],[19.940574,50.021842],[19.940593,50.021883],[19.940477,50.021906],[19.94041,50.021764]]]}},{"type":"Feature","id":"w191119451","properties":{"type":"yes","levels":2.0,"residential":true,"residents_est":3,"h3_10":"8a1e2e6954c7fff","h3_11":"8b1e2e6954c4fff"},"geometry":{"type":"Polygon","coordinates":[[[19.940711,50.020062],[19.940728,50.020061],[19.940724,50.020032],[19.940822,50.020027],[19.940825,50.020055],[19.940845,50.020054],[19.940858,50.020143],[19.940724,50.020153],[19.940711,50.020062]]]}},{"type":"Feature","id":"w191119454","properties":{"type":"yes","address":"Ferdynanda Kurasia 16","residential":true,"residents_est":3,"h3_10":"8a1e2e69552ffff","h3_11":"8b1e2e695529fff"},"geometry":{"type":"Polygon","coordinates":[[[19.938307,50.025493],[19.93843,50.025486],[19.938446,50.025594],[19.938323,50.025602],[19.938307,50.025493]]]}},{"type":"Feature","id":"w191119455","properties":{"type":"yes","address":"Sowia 1a","name":"Żabka","residential":true,"residents_est":2,"h3_10":"8a1e2e695417fff","h3_11":"8b1e2e695411fff"},"geometry":{"type":"Polygon","coordinates":[[[19.938041,50.021675],[19.938165,50.021651],[19.938172,50.021667],[19.938229,50.021656],[19.938256,50.021715],[19.938106,50.021742],[19.938072,50.021713],[19.938065,50.021695],[19.938049,50.021698],[19.938041,50.021675]]]}},{"type":"Feature","id":"w191119456","properties":{"type":"yes","address":"Ferdynanda Kurasia 15","residential":true,"residents_est":3,"h3_10":"8a1e2e69552ffff","h3_11":"8b1e2e695529fff"},"geometry":{"type":"Polygon","coordinates":[[[19.937955,50.025497],[19.938102,50.025488],[19.938116,50.025583],[19.93797,50.025593],[19.937955,50.025497]]]}},{"type":"Feature","id":"w191119457","properties":{"type":"yes","address":"Sucha 3","residential":true,"residents_est":3,"h3_10":"8a1e2e69551ffff","h3_11":"8b1e2e69551efff"},"geometry":{"type":"Polygon","coordinates":[[[19.93586,50.023896],[19.936022,50.023891],[19.936031,50.024012],[19.935968,50.024016],[19.935966,50.023994],[19.935867,50.023998],[19.93586,50.023896]]]}},{"type":"Feature","id":"w191119458","properties":{"type":"apartments","levels":4.0,"address":"Generała Bolesława Roi 4","residential":true,"residents_est":75,"h3_10":"8a1e2e69545ffff","h3_11":"8b1e2e69545cfff"},"geometry":{"type":"Polygon","coordinates":[[[19.943353,50.021946],[19.943446,50.021417],[19.943619,50.02143],[19.943607,50.021495],[19.943643,50.021498],[19.943638,50.021529],[19.943602,50.021526],[19.943589,50.021598],[19.943625,50.021601],[19.94362,50.021631],[19.943584,50.021629],[19.943561,50.021759],[19.943597,50.021761],[19.943592,50.021791],[19.943556,50.021789],[19.943543,50.021862],[19.943579,50.021865],[19.943574,50.021895],[19.943538,50.021892],[19.943526,50.021959],[19.943353,50.021946]]]}},{"type":"Feature","id":"w191119460","properties":{"type":"detached","residential":true,"residents_est":6,"h3_10":"8a1e2e6955affff","h3_11":"8b1e2e6955a9fff"},"geometry":{"type":"Polygon","coordinates":[[[19.935772,50.023186],[19.935839,50.023041],[19.935885,50.023049],[19.93586,50.023108],[19.935911,50.023114],[19.935865,50.023222],[19.935836,50.023217],[19.93582,50.023225],[19.935801,50.023221],[19.935772,50.023186]]]}},{"type":"Feature","id":"w191119463","properties":{"type":"yes","address":"Sucha 2","residential":true,"residents_est":3,"h3_10":"8a1e2e695517fff","h3_11":"8b1e2e695515fff"},"geometry":{"type":"Polygon","coordinates":[[[19.935203,50.024378],[19.935222,50.024365],[19.935215,50.024298],[19.935331,50.024292],[19.935344,50.024413],[19.935287,50.024453],[19.935227,50.024418],[19.935246,50.024403],[19.935203,50.024378]]]}},{"type":"Feature","id":"w191119464","properties":{"type":"apartments","address":"Kołodziejska 1","residential":true,"residents_est":29,"h3_10":"8a1e2e695557fff","h3_11":"8b1e2e695553fff"},"geometry":{"type":"Polygon","coordinates":[[[19.939725,50.023707],[19.939829,50.023694],[19.939868,50.023639],[19.939988,50.023671],[19.939957,50.023718],[19.939969,50.023722],[19.939927,50.023782],[19.939938,50.02379],[19.939906,50.023805],[19.939734,50.023818],[19.939725,50.023707]]]}},{"type":"Feature","id":"w191119466","properties":{"type":"yes","levels":2.0,"residential":true,"residents_est":3,"h3_10":"8a1e2e6954c7fff","h3_11":"8b1e2e6954c2fff"},"geometry":{"type":"Polygon","coordinates":[[[19.940539,50.019174],[19.940711,50.019143],[19.940742,50.019211],[19.940689,50.019223],[19.940672,50.019237],[19.94068,50.019267],[19.940583,50.019287],[19.940539,50.019174]]]}},{"type":"Feature","id":"w191119468","properties":{"type":"commercial","address":"Sucha 2a","residential":false,"residents_est":0,"h3_10":"8a1e2e695517fff","h3_11":"8b1e2e695515fff"},"geometry":{"type":"Polygon","coordinates":[[[19.934894,50.024278],[19.935058,50.024272],[19.935094,50.0245],[19.934975,50.024508],[19.934963,50.024432],[19.934921,50.024435],[19.93492,50.024441],[19.934894,50.024278]]]}},{"type":"Feature","id":"w191119469","properties":{"type":"yes","levels":1.0,"address":"Aleksandra Fredry 61","residential":true,"residents_est":1,"h3_10":"8a1e2e695457fff","h3_11":"8b1e2e695450fff"},"geometry":{"type":"Polygon","coordinates":[[[19.942404,50.021558],[19.942414,50.021482],[19.942526,50.021489],[19.942514,50.021567],[19.942404,50.021558]]]}},{"type":"Feature","id":"w191119471","properties":{"type":"yes","residential":true,"residents_est":12,"h3_10":"8a1e2e69554ffff","h3_11":"8b1e2e69554afff"},"geometry":{"type":"Polygon","coordinates":[[[19.942492,50.024149],[19.942716,50.024125],[19.942719,50.024134],[19.942777,50.024128],[19.942801,50.024223],[19.942743,50.024229],[19.942746,50.024238],[19.94252,50.024262],[19.942492,50.024149]]]}},{"type":"Feature","id":"w191119472","properties":{"type":"yes","address":"Pasieczna 2","residential":true,"residents_est":3,"h3_10":"8a1e2e695507fff","h3_11":"8b1e2e695502fff"},"geometry":{"type":"Polygon","coordinates":[[[19.935519,50.024635],[19.935573,50.024632],[19.935567,50.024587],[19.935679,50.024581],[19.935691,50.024674],[19.935637,50.024677],[19.935641,50.0247],[19.935529,50.024707],[19.935519,50.024635]]]}},{"type":"Feature","id":"w191119474","properties":{"type":"yes","levels":3.0,"address":"Kwietna 8","residential":true,"residents_est":3,"h3_10":"8a1e2e695457fff","h3_11":"8b1e2e695454fff"},"geometry":{"type":"Polygon","coordinates":[[[19.941861,50.021927],[19.94187,50.021885],[19.941881,50.021886],[19.941888,50.02185],[19.942004,50.021855],[19.94199,50.021939],[19.941861,50.021927]]]}},{"type":"Feature","id":"w191119481","properties":{"type":"yes","residential":true,"residents_est":22,"h3_10":"8a1e2e695437fff","h3_11":"8b1e2e695434fff"},"geometry":{"type":"Polygon","coordinates":[[[19.936464,50.023104],[19.936492,50.023034],[19.93647,50.023017],[19.936478,50.022999],[19.936509,50.022991],[19.936534,50.02293],[19.936628,50.022946],[19.936604,50.023006],[19.936631,50.023011],[19.936624,50.023028],[19.936746,50.023046],[19.936753,50.02303],[19.93678,50.023034],[19.936804,50.022974],[19.936898,50.02299],[19.936874,50.02305],[19.936897,50.023067],[19.93689,50.023086],[19.936857,50.023094],[19.93683,50.023165],[19.936464,50.023104]]]}},{"type":"Feature","id":"w191119490","properties":{"type":"yes","residential":true,"residents_est":3,"h3_10":"8a1e2e69542ffff","h3_11":"8b1e2e69542bfff"},"geometry":{"type":"Polygon","coordinates":[[[19.940507,50.02254],[19.940541,50.022495],[19.940794,50.022572],[19.940733,50.022643],[19.940623,50.022606],[19.940652,50.022569],[19.940628,50.022562],[19.940618,50.022573],[19.940507,50.02254]]]}},{"type":"Feature","id":"w191119492","properties":{"type":"yes","address":"Generała Bolesława Roi 6","residential":true,"residents_est":27,"h3_10":"8a1e2e69545ffff","h3_11":"8b1e2e69545dfff"},"geometry":{"type":"Polygon","coordinates":[[[19.943994,50.021815],[19.94402,50.021652],[19.944031,50.021653],[19.944036,50.021623],[19.944025,50.021622],[19.944052,50.02146],[19.944103,50.021463],[19.944106,50.021452],[19.944239,50.021461],[19.944226,50.021539],[19.944238,50.02154],[19.944229,50.021595],[19.944217,50.021594],[19.944199,50.021705],[19.944211,50.021706],[19.944182,50.021839],[19.944044,50.02183],[19.944046,50.021818],[19.943994,50.021815]]]}},{"type":"Feature","id":"w191119497","properties":{"type":"yes","address":"Harcerska 6","residential":true,"residents_est":3,"h3_10":"8a1e2e695547fff","h3_11":"8b1e2e695546fff"},"geometry":{"type":"Polygon","coordinates":[[[19.9404,50.024746],[19.940414,50.024628],[19.94053,50.024634],[19.940518,50.024752],[19.9404,50.024746]]]}},{"type":"Feature","id":"w191191318","properties":{"type":"yes","address":"Harcerska 16","residential":true,"residents_est":3,"h3_10":"8a1e2e695547fff","h3_11":"8b1e2e695543fff"},"geometry":{"type":"Polygon","coordinates":[[[19.941324,50.024775],[19.94134,50.024666],[19.941475,50.024674],[19.941459,50.024783],[19.941324,50.024775]]]}},{"type":"Feature","id":"w191191321","properties":{"type":"yes","address":"Aleksandra Fredry 19","residential":true,"residents_est":4,"h3_10":"8a1e2e695547fff","h3_11":"8b1e2e695545fff"},"geometry":{"type":"Polygon","coordinates":[[[19.941363,50.025476],[19.941386,50.025382],[19.94162,50.025405],[19.941597,50.025499],[19.941363,50.025476]]]}},{"type":"Feature","id":"w191191323","properties":{"type":"yes","address":"Urocza 34","residential":true,"residents_est":3,"h3_10":"8a1e2e695557fff","h3_11":"8b1e2e695555fff"},"geometry":{"type":"Polygon","coordinates":[[[19.939961,50.024435],[19.939964,50.0244],[19.939982,50.024401],[19.939987,50.024354],[19.940119,50.02436],[19.940106,50.02448],[19.939974,50.024474],[19.939978,50.024436],[19.939961,50.024435]]]}},{"type":"Feature","id":"w191191326","properties":{"type":"yes","address":"Harcerska 5","residential":true,"residents_est":3,"h3_10":"8a1e2e695547fff","h3_11":"8b1e2e695542fff"},"geometry":{"type":"Polygon","coordinates":[[[19.940355,50.024493],[19.940369,50.024397],[19.940521,50.024403],[19.940506,50.0245],[19.940355,50.024493]]]}},{"type":"Feature","id":"w191191328","properties":{"type":"yes","address":"Urocza 38a","residential":true,"residents_est":2,"h3_10":"8a1e2e695557fff","h3_11":"8b1e2e695551fff"},"geometry":{"type":"Polygon","coordinates":[[[19.940377,50.02411],[19.940381,50.024083],[19.940553,50.024093],[19.940544,50.024155],[19.940417,50.024148],[19.940422,50.024113],[19.940377,50.02411]]]}},{"type":"Feature","id":"w191191346","properties":{"type":"yes","residential":true,"residents_est":2,"h3_10":"8a1e2e695407fff","h3_11":"8b1e2e695401fff"},"geometry":{"type":"Polygon","coordinates":[[[19.938984,50.022318],[19.939039,50.022314],[19.939037,50.022303],[19.939112,50.0223],[19.939125,50.022382],[19.939107,50.022384],[19.939112,50.022412],[19.939018,50.022415],[19.939015,50.02239],[19.938997,50.022391],[19.938984,50.022318]]]}},{"type":"Feature","id":"w191191347","properties":{"type":"yes","levels":2.0,"address":"Ogrodniki 11","residential":true,"residents_est":2,"h3_10":"8a1e2e695527fff","h3_11":"8b1e2e695525fff"},"geometry":{"type":"Polygon","coordinates":[[[19.936222,50.026377],[19.936296,50.026317],[19.936409,50.026377],[19.936332,50.026435],[19.936222,50.026377]]]}},{"type":"Feature","id":"w191191349","properties":{"type":"yes","levels":3.0,"address":"Zakopiańska 28","residential":true,"residents_est":5,"h3_10":"8a1e2e695527fff","h3_11":"8b1e2e695524fff"},"geometry":{"type":"Polygon","coordinates":[[[19.935351,50.026509],[19.93554,50.026468],[19.935581,50.026545],[19.935393,50.026587],[19.935351,50.026509]]]}},{"type":"Feature","id":"w191191353","properties":{"type":"yes","address":"Aleksandra Fredry 27","residential":true,"residents_est":4,"h3_10":"8a1e2e695547fff","h3_11":"8b1e2e695541fff"},"geometry":{"type":"Polygon","coordinates":[[[19.941684,50.02479],[19.941699,50.02469],[19.94188,50.024702],[19.941837,50.024835],[19.941738,50.02483],[19.941744,50.024794],[19.941684,50.02479]]]}},{"type":"Feature","id":"w191191358","properties":{"type":"yes","address":"Harcerska 9","residential":true,"residents_est":3,"h3_10":"8a1e2e695547fff","h3_11":"8b1e2e695542fff"},"geometry":{"type":"Polygon","coordinates":[[[19.940741,50.024499],[19.940757,50.024397],[19.940904,50.024404],[19.940892,50.024496],[19.940832,50.024494],[19.940832,50.024506],[19.94079,50.024504],[19.940792,50.024493],[19.940751,50.024491],[19.940749,50.024499],[19.940741,50.024499]]]}},{"type":"Feature","id":"w191191360","properties":{"type":"apartments","address":"Aleksandra Fredry 8","residential":true,"residents_est":79,"h3_10":"8a1e2e69554ffff","h3_11":"8b1e2e695548fff"},"geometry":{"type":"Polygon","coordinates":[[[19.942283,50.02451],[19.942291,50.024425],[19.942374,50.024436],[19.942383,50.024406],[19.942926,50.024479],[19.942934,50.024617],[19.942808,50.0246],[19.942817,50.024572],[19.942785,50.024568],[19.942776,50.024596],[19.942634,50.024577],[19.942636,50.02457],[19.942385,50.024543],[19.942394,50.024515],[19.942362,50.024511],[19.942359,50.02452],[19.942283,50.02451]]]}},{"type":"Feature","id":"w191191367","properties":{"type":"yes","residential":true,"residents_est":3,"h3_10":"8a1e2e695547fff","h3_11":"8b1e2e695540fff"},"geometry":{"type":"Polygon","coordinates":[[[19.941262,50.024948],[19.941272,50.024879],[19.941475,50.024891],[19.941465,50.02496],[19.941262,50.024948]]]}},{"type":"Feature","id":"w191191370","properties":{"type":"detached","levels":2.0,"address":"Zakopiańska 32","residential":true,"residents_est":4,"h3_10":"8a1e2e695527fff","h3_11":"8b1e2e695526fff"},"geometry":{"type":"Polygon","coordinates":[[[19.935254,50.026074],[19.935383,50.026049],[19.935422,50.026125],[19.935292,50.026151],[19.935254,50.026074]]]}},{"type":"Feature","id":"w191191374","properties":{"type":"detached","levels":2.0,"address":"Zakopiańska 34","residential":true,"residents_est":5,"h3_10":"8a1e2e695527fff","h3_11":"8b1e2e695526fff"},"geometry":{"type":"Polygon","coordinates":[[[19.935031,50.025836],[19.93517,50.025805],[19.935213,50.02589],[19.935074,50.025921],[19.935031,50.025836]]]}},{"type":"Feature","id":"w191191378","properties":{"type":"yes","residential":true,"residents_est":2,"h3_10":"8a1e2e695547fff","h3_11":"8b1e2e695541fff"},"geometry":{"type":"Polygon","coordinates":[[[19.941678,50.024906],[19.941684,50.024861],[19.941715,50.024861],[19.94172,50.024829],[19.941829,50.024835],[19.941826,50.024869],[19.941817,50.024868],[19.941811,50.024915],[19.941678,50.024906]]]}},{"type":"Feature","id":"w191191387","properties":{"type":"yes","address":"Harcerska 17","residential":true,"residents_est":2,"h3_10":"8a1e2e695547fff","h3_11":"8b1e2e695543fff"},"geometry":{"type":"Polygon","coordinates":[[[19.941524,50.024554],[19.941534,50.024473],[19.941691,50.024484],[19.941678,50.024564],[19.941524,50.024554]]]}},{"type":"Feature","id":"w191191392","properties":{"type":"yes","levels":2.0,"address":"Zakopiańska 32A","residential":true,"residents_est":3,"h3_10":"8a1e2e695527fff","h3_11":"8b1e2e695520fff"},"geometry":{"type":"Polygon","coordinates":[[[19.935524,50.02602],[19.935572,50.026009],[19.935558,50.025984],[19.935634,50.025968],[19.93566,50.02601],[19.935673,50.026007],[19.935709,50.026069],[19.935572,50.026099],[19.935524,50.02602]]]}},{"type":"Feature","id":"w191191393","properties":{"type":"yes","levels":2.0,"address":"Ogrodniki 9","residential":true,"residents_est":3,"h3_10":"8a1e2e695527fff","h3_11":"8b1e2e695525fff"},"geometry":{"type":"Polygon","coordinates":[[[19.936119,50.026458],[19.936222,50.026377],[19.936332,50.026435],[19.936225,50.026519],[19.936119,50.026458]]]}},{"type":"Feature","id":"w191191394","properties":{"type":"yes","address":"Aleksandra Fredry 17","residential":true,"residents_est":3,"h3_10":"8a1e2e69556ffff","h3_11":"8b1e2e69556efff"},"geometry":{"type":"Polygon","coordinates":[[[19.941441,50.025583],[19.941465,50.025486],[19.941597,50.025499],[19.941574,50.025596],[19.941441,50.025583]]]}},{"type":"Feature","id":"w191191397","properties":{"type":"yes","address":"Harcerska 3","residential":true,"residents_est":3,"h3_10":"8a1e2e695557fff","h3_11":"8b1e2e695555fff"},"geometry":{"type":"Polygon","coordinates":[[[19.940206,50.024487],[19.940218,50.024396],[19.940368,50.024404],[19.940355,50.024493],[19.940206,50.024487]]]}},{"type":"Feature","id":"w191191407","properties":{"type":"yes","levels":4.0,"address":"Ogrodniki 7","residential":true,"residents_est":6,"h3_10":"8a1e2e695527fff","h3_11":"8b1e2e695525fff"},"geometry":{"type":"Polygon","coordinates":[[[19.93602,50.026539],[19.936119,50.026458],[19.936225,50.026519],[19.936128,50.026596],[19.93602,50.026539]]]}},{"type":"Feature","id":"w191191422","properties":{"type":"yes","address":"Harcerska 15","residential":true,"residents_est":2,"h3_10":"8a1e2e695547fff","h3_11":"8b1e2e695543fff"},"geometry":{"type":"Polygon","coordinates":[[[19.94137,50.024545],[19.941381,50.024464],[19.941534,50.024473],[19.941524,50.024554],[19.94137,50.024545]]]}},{"type":"Feature","id":"w191191428","properties":{"type":"yes","residential":true,"residents_est":6,"h3_10":"8a1e2e695547fff","h3_11":"8b1e2e695542fff"},"geometry":{"type":"Polygon","coordinates":[[[19.940766,50.024742],[19.940781,50.02464],[19.94106,50.024657],[19.941045,50.024759],[19.940766,50.024742]]]}},{"type":"Feature","id":"w191191430","properties":{"type":"yes","residential":true,"residents_est":3,"h3_10":"8a1e2e695547fff","h3_11":"8b1e2e695541fff"},"geometry":{"type":"Polygon","coordinates":[[[19.941465,50.02496],[19.941475,50.024893],[19.94167,50.024905],[19.941657,50.024971],[19.941465,50.02496]]]}},{"type":"Feature","id":"w191191434","properties":{"type":"yes","address":"Harcerska 4","residential":true,"residents_est":3,"h3_10":"8a1e2e695557fff","h3_11":"8b1e2e695555fff"},"geometry":{"type":"Polygon","coordinates":[[[19.940132,50.02473],[19.940145,50.024623],[19.940206,50.024626],[19.940207,50.024615],[19.940275,50.024619],[19.940265,50.024695],[19.940253,50.024695],[19.940248,50.024735],[19.940132,50.02473]]]}},{"type":"Feature","id":"w191191436","properties":{"type":"yes","address":"Harcerska 18","residential":true,"residents_est":3,"h3_10":"8a1e2e695547fff","h3_11":"8b1e2e695541fff"},"geometry":{"type":"Polygon","coordinates":[[[19.941556,50.024782],[19.941571,50.02468],[19.941699,50.02469],[19.941684,50.02479],[19.941556,50.024782]]]}},{"type":"Feature","id":"w203411755","properties":{"type":"chapel","address":"Siostry Faustyny 3/9","name":"Kaplica pw. Świętego Józefa","residential":false,"residents_est":0,"h3_10":"8a1e2e695417fff","h3_11":"8b1e2e695412fff"},"geometry":{"type":"Polygon","coordinates":[[[19.936465,50.021021],[19.936466,50.021005],[19.936487,50.020998],[19.9365,50.021004],[19.936508,50.021],[19.936504,50.020991],[19.936516,50.020988],[19.936517,50.020972],[19.936506,50.020968],[19.936511,50.020961],[19.936522,50.020965],[19.936541,50.020954],[19.936537,50.020946],[19.936548,50.020944],[19.936552,50.020952],[19.936578,50.020953],[19.936632,50.020918],[19.936632,50.020911],[19.936641,50.020911],[19.93664,50.020919],[19.936695,50.020959],[19.936674,50.02097],[19.936722,50.021006],[19.936751,50.02099],[19.936924,50.021116],[19.936762,50.021208],[19.936691,50.021155],[19.936629,50.021189],[19.936619,50.021181],[19.93667,50.021152],[19.936659,50.021144],[19.936637,50.021157],[19.936629,50.021151],[19.93665,50.021139],[19.936595,50.021099],[19.936574,50.021111],[19.936565,50.021104],[19.936586,50.021092],[19.936531,50.021052],[19.93651,50.021064],[19.936501,50.021057],[19.936522,50.021046],[19.936507,50.02103],[19.936465,50.021021]]]}},{"type":"Feature","id":"w217129887","properties":{"type":"yes","address":"Aleksandra Fredry 20","residential":true,"residents_est":4,"h3_10":"8a1e2e695477fff","h3_11":"8b1e2e695471fff"},"geometry":{"type":"Polygon","coordinates":[[[19.942537,50.022788],[19.942557,50.02266],[19.942701,50.022671],[19.942683,50.0228],[19.942537,50.022788]]]}},{"type":"Feature","id":"w220883050","properties":{"type":"yes","address":"Ferdynanda Kurasia 7","residential":true,"residents_est":3,"h3_10":"8a1e2e69552ffff","h3_11":"8b1e2e69552dfff"},"geometry":{"type":"Polygon","coordinates":[[[19.938031,50.025997],[19.938173,50.025989],[19.938187,50.026087],[19.938043,50.026096],[19.938031,50.025997]]]}},{"type":"Feature","id":"w220883051","properties":{"type":"yes","address":"Ferdynanda Kurasia 17","residential":true,"residents_est":2,"h3_10":"8a1e2e69552ffff","h3_11":"8b1e2e69552bfff"},"geometry":{"type":"Polygon","coordinates":[[[19.937956,50.025415],[19.938088,50.025406],[19.938102,50.025488],[19.937971,50.025495],[19.937956,50.025415]]]}},{"type":"Feature","id":"w228895208","properties":{"type":"yes","address":"Siostry Faustyny 1","residential":true,"residents_est":3,"h3_10":"8a1e2e695587fff","h3_11":"8b1e2e695582fff"},"geometry":{"type":"Polygon","coordinates":[[[19.933377,50.021917],[19.933469,50.021897],[19.933535,50.022028],[19.933443,50.022047],[19.933377,50.021917]]]}},{"type":"Feature","id":"w228895210","properties":{"type":"yes","residential":true,"residents_est":2,"h3_10":"8a1e2e69559ffff","h3_11":"8b1e2e69559cfff"},"geometry":{"type":"Polygon","coordinates":[[[19.93336,50.021498],[19.93346,50.021455],[19.933518,50.021507],[19.933484,50.021523],[19.933517,50.021553],[19.933453,50.021582],[19.93336,50.021498]]]}},{"type":"Feature","id":"w228895211","properties":{"type":"roof","residential":false,"residents_est":0,"h3_10":"8a1e2e69559ffff","h3_11":"8b1e2e69559cfff"},"geometry":{"type":"Polygon","coordinates":[[[19.933024,50.021653],[19.933332,50.021511],[19.933413,50.021583],[19.933326,50.021623],[19.933388,50.021678],[19.933251,50.021742],[19.93319,50.021687],[19.933105,50.021726],[19.933024,50.021653]]]}},{"type":"Feature","id":"w233229543","properties":{"type":"yes","residential":true,"residents_est":0,"h3_10":"8a1e2e6954affff","h3_11":"8b1e2e6954aafff"},"geometry":{"type":"Polygon","coordinates":[[[19.936828,50.020104],[19.936846,50.020074],[19.936878,50.020057],[19.936892,50.02007],[19.936907,50.020066],[19.936922,50.020071],[19.936928,50.020081],[19.936921,50.020091],[19.936939,50.0201],[19.936909,50.02012],[19.936864,50.020128],[19.936831,50.020123],[19.936828,50.020104]]]}},{"type":"Feature","id":"w233946778","properties":{"type":"detached","levels":2.0,"residential":true,"residents_est":6,"h3_10":"8a1e2e695587fff","h3_11":"8b1e2e695581fff"},"geometry":{"type":"Polygon","coordinates":[[[19.933961,50.022317],[19.933979,50.022211],[19.934125,50.022223],[19.934107,50.022327],[19.933961,50.022317]]]}},{"type":"Feature","id":"w235277422","properties":{"type":"roof","name":"Ołtarz letni","residential":false,"residents_est":0,"h3_10":"8a1e2e69558ffff","h3_11":"8b1e2e69558bfff"},"geometry":{"type":"Polygon","coordinates":[[[19.935751,50.021456],[19.93581,50.0214],[19.935917,50.02138],[19.935941,50.021465],[19.935892,50.021516],[19.935774,50.021531],[19.935751,50.021456]]]}},{"type":"Feature","id":"w235319936","properties":{"type":"yes","address":"Siostry Faustyny 15","residential":true,"residents_est":3,"h3_10":"8a1e2e6954d7fff","h3_11":"8b1e2e6954d5fff"},"geometry":{"type":"Polygon","coordinates":[[[19.939973,50.019497],[19.940136,50.01943],[19.940218,50.019514],[19.940055,50.01958],[19.939973,50.019497]]]}},{"type":"Feature","id":"w235319937","properties":{"type":"yes","residential":true,"residents_est":3,"h3_10":"8a1e2e69558ffff","h3_11":"8b1e2e695589fff"},"geometry":{"type":"Polygon","coordinates":[[[19.936235,50.021801],[19.936414,50.021754],[19.936463,50.021832],[19.936283,50.021878],[19.936235,50.021801]]]}},{"type":"Feature","id":"w235319938","properties":{"type":"yes","residential":true,"residents_est":1,"h3_10":"8a1e2e6954d7fff","h3_11":"8b1e2e6954d4fff"},"geometry":{"type":"Polygon","coordinates":[[[19.93951,50.019313],[19.939611,50.019269],[19.939658,50.019314],[19.939557,50.019358],[19.93951,50.019313]]]}},{"type":"Feature","id":"w235319939","properties":{"type":"yes","residential":true,"residents_est":2,"h3_10":"8a1e2e6954f7fff","h3_11":"8b1e2e6954f5fff"},"geometry":{"type":"Polygon","coordinates":[[[19.939278,50.02037],[19.93942,50.020348],[19.939448,50.020427],[19.939308,50.02045],[19.939278,50.02037]]]}},{"type":"Feature","id":"w235319940","properties":{"type":"yes","residential":true,"residents_est":2,"h3_10":"8a1e2e6954f7fff","h3_11":"8b1e2e6954f4fff"},"geometry":{"type":"Polygon","coordinates":[[[19.938983,50.020424],[19.939106,50.020397],[19.939142,50.020485],[19.939019,50.020511],[19.938983,50.020424]]]}},{"type":"Feature","id":"w242449189","properties":{"type":"yes","residential":false,"residents_est":0,"h3_10":"8a1e2e69541ffff","h3_11":"8b1e2e69541efff"},"geometry":{"type":"Polygon","coordinates":[[[19.938366,50.021233],[19.938425,50.021199],[19.938475,50.021235],[19.938416,50.021269],[19.938366,50.021233]]]}},{"type":"Feature","id":"w293596502","properties":{"type":"yes","residential":true,"residents_est":31,"h3_10":"8a1e2e6954affff","h3_11":"8b1e2e6954abfff"},"geometry":{"type":"Polygon","coordinates":[[[19.937667,50.020252],[19.937906,50.020115],[19.937898,50.02011],[19.937957,50.020055],[19.938018,50.019972],[19.938049,50.019912],[19.938079,50.020017],[19.938138,50.020174],[19.937813,50.020359],[19.937667,50.020252]]]}},{"type":"Feature","id":"w293596505","properties":{"type":"yes","residential":true,"residents_est":0,"h3_10":"8a1e2e695587fff","h3_11":"8b1e2e695583fff"},"geometry":{"type":"Polygon","coordinates":[[[19.934121,50.021968],[19.934152,50.02188],[19.934234,50.021892],[19.934203,50.02198],[19.934121,50.021968]]]}},{"type":"Feature","id":"w293596506","properties":{"type":"yes","residential":false,"residents_est":0,"h3_10":"8a1e2e6954a7fff","h3_11":"8b1e2e6954a3fff"},"geometry":{"type":"Polygon","coordinates":[[[19.935953,50.020571],[19.936001,50.020552],[19.936057,50.020611],[19.936007,50.020631],[19.935953,50.020571]]]}},{"type":"Feature","id":"w301926878","properties":{"type":"commercial","residential":false,"residents_est":0,"h3_10":"8a1e2e695497fff","h3_11":"8b1e2e695496fff"},"geometry":{"type":"Polygon","coordinates":[[[19.933557,50.018788],[19.933652,50.018776],[19.933693,50.018914],[19.934224,50.018847],[19.934243,50.018908],[19.933799,50.018963],[19.93381,50.018998],[19.933726,50.01901],[19.933672,50.019006],[19.933557,50.018788]]]}},{"type":"Feature","id":"w301926881","properties":{"type":"commercial","residential":false,"residents_est":0,"h3_10":"8a1e2e695497fff","h3_11":"8b1e2e695492fff"},"geometry":{"type":"Polygon","coordinates":[[[19.934224,50.018847],[19.934355,50.01883],[19.934368,50.018878],[19.934243,50.018906],[19.934224,50.018847]]]}},{"type":"Feature","id":"w301926889","properties":{"type":"commercial","residential":false,"residents_est":0,"h3_10":"8a1e2e695497fff","h3_11":"8b1e2e695496fff"},"geometry":{"type":"Polygon","coordinates":[[[19.933652,50.018776],[19.934312,50.018692],[19.934355,50.01883],[19.933693,50.018914],[19.933652,50.018776]]]}},{"type":"Feature","id":"w305518871","properties":{"type":"yes","levels":1.0,"residential":true,"residents_est":2,"h3_10":"8a1e2e6955b7fff","h3_11":"8b1e2e6955b4fff"},"geometry":{"type":"Polygon","coordinates":[[[19.931538,50.023015],[19.931603,50.023007],[19.931608,50.023101],[19.93163,50.02311],[19.931692,50.023113],[19.931705,50.023101],[19.931702,50.023037],[19.931725,50.023027],[19.931758,50.023025],[19.931761,50.023156],[19.931542,50.023145],[19.931538,50.023015]]]}},{"type":"Feature","id":"w305518888","properties":{"type":"terrace","levels":1.0,"address":"Klementyny Hoffmanowej 25","residential":true,"residents_est":2,"h3_10":"8a1e2e6955b7fff","h3_11":"8b1e2e6955b5fff"},"geometry":{"type":"Polygon","coordinates":[[[19.931854,50.02316],[19.931865,50.023063],[19.93199,50.023068],[19.931982,50.023166],[19.931854,50.02316]]]}},{"type":"Feature","id":"w305518908","properties":{"type":"yes","residential":false,"residents_est":0,"h3_10":"8a1e2e6955b7fff","h3_11":"8b1e2e6955b4fff"},"geometry":{"type":"Polygon","coordinates":[[[19.931485,50.023091],[19.931541,50.023089],[19.931542,50.023145],[19.931487,50.023142],[19.931485,50.023091]]]}},{"type":"Feature","id":"w305518918","properties":{"type":"garage","residential":false,"residents_est":0,"h3_10":"8a1e2e6955a7fff","h3_11":"8b1e2e6955a6fff"},"geometry":{"type":"Polygon","coordinates":[[[19.932511,50.023248],[19.932519,50.023197],[19.932632,50.023202],[19.932608,50.023255],[19.932511,50.023248]]]}},{"type":"Feature","id":"w305518920","properties":{"type":"garage","residential":false,"residents_est":0,"h3_10":"8a1e2e695537fff","h3_11":"8b1e2e695536fff"},"geometry":{"type":"Polygon","coordinates":[[[19.933397,50.025105],[19.933429,50.025103],[19.933442,50.025169],[19.93341,50.025171],[19.933397,50.025105]]]}},{"type":"Feature","id":"w305518923","properties":{"type":"garage","residential":false,"residents_est":0,"h3_10":"8a1e2e695537fff","h3_11":"8b1e2e695536fff"},"geometry":{"type":"Polygon","coordinates":[[[19.93371,50.025087],[19.933782,50.025081],[19.933793,50.025133],[19.933723,50.025139],[19.93371,50.025087]]]}},{"type":"Feature","id":"w305518925","properties":{"type":"yes","residential":false,"residents_est":0,"h3_10":"8a1e2e6955b7fff","h3_11":"8b1e2e6955b5fff"},"geometry":{"type":"Polygon","coordinates":[[[19.932384,50.02291],[19.932394,50.022888],[19.932472,50.022904],[19.932457,50.022936],[19.932384,50.02291]]]}},{"type":"Feature","id":"w305518926","properties":{"type":"garage","residential":false,"residents_est":0,"h3_10":"8a1e2e6955b7fff","h3_11":"8b1e2e6955b5fff"},"geometry":{"type":"Polygon","coordinates":[[[19.932449,50.023078],[19.932453,50.023049],[19.932517,50.023051],[19.932516,50.023081],[19.932449,50.023078]]]}},{"type":"Feature","id":"w305518928","properties":{"type":"terrace","levels":1.0,"address":"Klementyny Hoffmanowej 25a","residential":true,"residents_est":2,"h3_10":"8a1e2e6955b7fff","h3_11":"8b1e2e6955b5fff"},"geometry":{"type":"Polygon","coordinates":[[[19.931865,50.023063],[19.931869,50.022992],[19.931998,50.022997],[19.93199,50.023068],[19.931865,50.023063]]]}},{"type":"Feature","id":"w305518940","properties":{"type":"garage","residential":false,"residents_est":0,"h3_10":"8a1e2e6955a7fff","h3_11":"8b1e2e6955a6fff"},"geometry":{"type":"Polygon","coordinates":[[[19.932503,50.023302],[19.932511,50.023248],[19.932608,50.023255],[19.932584,50.023308],[19.932503,50.023302]]]}},{"type":"Feature","id":"w305518948","properties":{"type":"service","residential":false,"residents_est":0,"h3_10":"8a1e2e695537fff","h3_11":"8b1e2e695532fff"},"geometry":{"type":"Polygon","coordinates":[[[19.933633,50.024852],[19.933723,50.024833],[19.933747,50.02488],[19.933659,50.0249],[19.933633,50.024852]]]}},{"type":"Feature","id":"w305518971","properties":{"type":"garage","residential":false,"residents_est":0,"h3_10":"8a1e2e695537fff","h3_11":"8b1e2e695536fff"},"geometry":{"type":"Polygon","coordinates":[[[19.933361,50.02509],[19.933393,50.025087],[19.93341,50.025171],[19.93338,50.025173],[19.933361,50.02509]]]}},{"type":"Feature","id":"w305518976","properties":{"type":"garage","residential":false,"residents_est":0,"h3_10":"8a1e2e6955a7fff","h3_11":"8b1e2e6955a6fff"},"geometry":{"type":"Polygon","coordinates":[[[19.93241,50.023409],[19.932414,50.023377],[19.932473,50.023379],[19.932472,50.023412],[19.93241,50.023409]]]}},{"type":"Feature","id":"w305518977","properties":{"type":"yes","levels":1.0,"residential":true,"residents_est":1,"h3_10":"8a1e2e6955a7fff","h3_11":"8b1e2e6955a6fff"},"geometry":{"type":"Polygon","coordinates":[[[19.93241,50.023193],[19.932415,50.023141],[19.932647,50.023155],[19.932632,50.023202],[19.93241,50.023193]]]}},{"type":"Feature","id":"w309654817","properties":{"type":"garage","residential":false,"residents_est":0,"h3_10":"8a1e2e695527fff","h3_11":"8b1e2e695520fff"},"geometry":{"type":"Polygon","coordinates":[[[19.935491,50.026049],[19.935535,50.026038],[19.935571,50.026098],[19.935526,50.026109],[19.935491,50.026049]]]}},{"type":"Feature","id":"w309654829","properties":{"type":"garage","residential":false,"residents_est":0,"h3_10":"8a1e2e695527fff","h3_11":"8b1e2e695525fff"},"geometry":{"type":"Polygon","coordinates":[[[19.936141,50.026399],[19.936188,50.02636],[19.936222,50.026377],[19.936173,50.026415],[19.936141,50.026399]]]}},{"type":"Feature","id":"w309654832","properties":{"type":"garage","residential":false,"residents_est":0,"h3_10":"8a1e2e695527fff","h3_11":"8b1e2e695524fff"},"geometry":{"type":"Polygon","coordinates":[[[19.93536,50.026343],[19.935414,50.026332],[19.935439,50.02638],[19.935385,50.026391],[19.93536,50.026343]]]}},{"type":"Feature","id":"w309730872","properties":{"type":"yes","levels":2.0,"residential":true,"residents_est":4,"h3_10":"8a1e2e695437fff","h3_11":"8b1e2e695432fff"},"geometry":{"type":"Polygon","coordinates":[[[19.936286,50.022255],[19.936332,50.022241],[19.936314,50.022216],[19.936423,50.022183],[19.936469,50.022247],[19.936485,50.022242],[19.936512,50.022278],[19.936495,50.022283],[19.936502,50.022292],[19.936425,50.022315],[19.936415,50.022301],[19.936337,50.022325],[19.936286,50.022255]]]}},{"type":"Feature","id":"w309730875","properties":{"type":"garage","residential":false,"residents_est":0,"h3_10":"8a1e2e695587fff","h3_11":"8b1e2e695581fff"},"geometry":{"type":"Polygon","coordinates":[[[19.933942,50.022435],[19.933961,50.022317],[19.934023,50.022321],[19.934006,50.022438],[19.933942,50.022435]]]}},{"type":"Feature","id":"w309730876","properties":{"type":"garage","residential":false,"residents_est":0,"h3_10":"8a1e2e69558ffff","h3_11":"8b1e2e69558cfff"},"geometry":{"type":"Polygon","coordinates":[[[19.93472,50.022349],[19.934728,50.022307],[19.934777,50.022311],[19.934769,50.022354],[19.93472,50.022349]]]}},{"type":"Feature","id":"w309730879","properties":{"type":"garage","residential":false,"residents_est":0,"h3_10":"8a1e2e695417fff","h3_11":"8b1e2e695414fff"},"geometry":{"type":"Polygon","coordinates":[[[19.936659,50.022008],[19.936699,50.021999],[19.93675,50.022088],[19.936709,50.022097],[19.936659,50.022008]]]}},{"type":"Feature","id":"w309730884","properties":{"type":"garage","residential":false,"residents_est":0,"h3_10":"8a1e2e69558ffff","h3_11":"8b1e2e69558dfff"},"geometry":{"type":"Polygon","coordinates":[[[19.935517,50.022384],[19.935524,50.022313],[19.935573,50.022315],[19.935565,50.022386],[19.935517,50.022384]]]}},{"type":"Feature","id":"w309730891","properties":{"type":"detached","levels":1.0,"residential":true,"residents_est":3,"h3_10":"8a1e2e69558ffff","h3_11":"8b1e2e69558cfff"},"geometry":{"type":"Polygon","coordinates":[[[19.934769,50.022354],[19.934788,50.022256],[19.934928,50.022268],[19.93491,50.022365],[19.934769,50.022354]]]}},{"type":"Feature","id":"w309730897","properties":{"type":"yes","levels":1.0,"residential":true,"residents_est":1,"h3_10":"8a1e2e69558ffff","h3_11":"8b1e2e69558dfff"},"geometry":{"type":"Polygon","coordinates":[[[19.935348,50.022391],[19.935357,50.022306],[19.935524,50.022313],[19.935517,50.022384],[19.935407,50.022379],[19.935406,50.022394],[19.935348,50.022391]]]}},{"type":"Feature","id":"w309730902","properties":{"type":"yes","residential":false,"residents_est":0,"h3_10":"8a1e2e6954a7fff","h3_11":"8b1e2e6954a1fff"},"geometry":{"type":"Polygon","coordinates":[[[19.936414,50.020705],[19.936429,50.020686],[19.93646,50.02068],[19.936489,50.02069],[19.936499,50.02071],[19.936484,50.020728],[19.936453,50.020735],[19.936424,50.020725],[19.936414,50.020705]]]}},{"type":"Feature","id":"w320825984","properties":{"type":"yes","residential":false,"residents_est":0,"h3_10":"8a1e2e695417fff","h3_11":"8b1e2e695411fff"},"geometry":{"type":"Polygon","coordinates":[[[19.9375,50.021506],[19.937523,50.021494],[19.937595,50.021547],[19.937571,50.021558],[19.9375,50.021506]]]}},{"type":"Feature","id":"w320825985","properties":{"type":"garage","residential":false,"residents_est":0,"h3_10":"8a1e2e69541ffff","h3_11":"8b1e2e695418fff"},"geometry":{"type":"Polygon","coordinates":[[[19.938725,50.021154],[19.938754,50.021148],[19.938792,50.021225],[19.938763,50.021231],[19.938725,50.021154]]]}},{"type":"Feature","id":"w320825986","properties":{"type":"service","residential":false,"residents_est":0,"h3_10":"8a1e2e695417fff","h3_11":"8b1e2e695411fff"},"geometry":{"type":"Polygon","coordinates":[[[19.937572,50.021569],[19.937648,50.021555],[19.937671,50.021602],[19.937596,50.021617],[19.937572,50.021569]]]}},{"type":"Feature","id":"w320857094","properties":{"type":"yes","address":"Siostry Faustyny 23","residential":true,"residents_est":4,"h3_10":"8a1e2e6954dffff","h3_11":"8b1e2e6954d9fff"},"geometry":{"type":"Polygon","coordinates":[[[19.94166,50.018609],[19.941661,50.018602],[19.941685,50.018592],[19.941661,50.018568],[19.941753,50.018529],[19.941754,50.018513],[19.941813,50.018487],[19.941912,50.018579],[19.941843,50.01861],[19.941855,50.018621],[19.941814,50.018639],[19.941803,50.018628],[19.941734,50.018658],[19.941699,50.018625],[19.941678,50.018625],[19.94166,50.018609]]]}},{"type":"Feature","id":"w320857095","properties":{"type":"yes","residential":true,"residents_est":1,"h3_10":"8a1e2e6954dffff","h3_11":"8b1e2e6954ddfff"},"geometry":{"type":"Polygon","coordinates":[[[19.941696,50.018933],[19.941807,50.018922],[19.941819,50.018984],[19.941707,50.018994],[19.941696,50.018933]]]}},{"type":"Feature","id":"w320857096","properties":{"type":"yes","residential":false,"residents_est":0,"h3_10":"8a1e2e6954dffff","h3_11":"8b1e2e6954d9fff"},"geometry":{"type":"Polygon","coordinates":[[[19.94195,50.018786],[19.942046,50.018779],[19.942055,50.018825],[19.941956,50.018828],[19.94195,50.018786]]]}},{"type":"Feature","id":"w320857097","properties":{"type":"yes","levels":3.0,"residential":true,"residents_est":4,"h3_10":"8a1e2e6954c7fff","h3_11":"8b1e2e6954c0fff"},"geometry":{"type":"Polygon","coordinates":[[[19.940659,50.019652],[19.940808,50.019641],[19.940829,50.019738],[19.940675,50.019749],[19.940659,50.019652]]]}},{"type":"Feature","id":"w320877874","properties":{"type":"yes","levels":2.0,"address":"Siostry Faustyny 50","residential":true,"residents_est":2,"h3_10":"8a1e2e6954f7fff","h3_11":"8b1e2e6954f6fff"},"geometry":{"type":"Polygon","coordinates":[[[19.938386,50.020232],[19.938507,50.020208],[19.938552,50.020307],[19.938432,50.020329],[19.938386,50.020232]]]}},{"type":"Feature","id":"w320877876","properties":{"type":"yes","residential":true,"residents_est":6,"h3_10":"8a1e2e6954c7fff","h3_11":"8b1e2e6954c4fff"},"geometry":{"type":"Polygon","coordinates":[[[19.940276,50.020026],[19.940406,50.019997],[19.940464,50.020108],[19.94048,50.02021],[19.940349,50.020234],[19.940336,50.020132],[19.94033,50.020133],[19.940276,50.020026]]]}},{"type":"Feature","id":"w320877879","properties":{"type":"yes","levels":3.0,"address":"Siostry Faustyny 54a","residential":true,"residents_est":4,"h3_10":"8a1e2e6954f7fff","h3_11":"8b1e2e6954f0fff"},"geometry":{"type":"Polygon","coordinates":[[[19.939007,50.020007],[19.939104,50.019988],[19.939166,50.020124],[19.939069,50.020142],[19.939042,50.020084],[19.939055,50.020081],[19.939046,50.02006],[19.939032,50.020063],[19.939007,50.020007]]]}},{"type":"Feature","id":"w320877880","properties":{"type":"yes","levels":3.0,"residential":true,"residents_est":3,"h3_10":"8a1e2e69541ffff","h3_11":"8b1e2e69541afff"},"geometry":{"type":"Polygon","coordinates":[[[19.938693,50.020875],[19.938777,50.020856],[19.938812,50.020925],[19.938826,50.020922],[19.938848,50.020954],[19.938746,50.020975],[19.938693,50.020875]]]}},{"type":"Feature","id":"w337266236","properties":{"type":"yes","residential":true,"residents_est":2,"h3_10":"8a1e2e6954c7fff","h3_11":"8b1e2e6954c6fff"},"geometry":{"type":"Polygon","coordinates":[[[19.940342,50.01966],[19.940414,50.019631],[19.94044,50.019658],[19.940418,50.019667],[19.940448,50.019699],[19.940437,50.019704],[19.940458,50.019728],[19.940397,50.019751],[19.940346,50.019695],[19.940367,50.019687],[19.940342,50.01966]]]}},{"type":"Feature","id":"w337266241","properties":{"type":"yes","residential":true,"residents_est":1,"h3_10":"8a1e2e69551ffff","h3_11":"8b1e2e695519fff"},"geometry":{"type":"Polygon","coordinates":[[[19.937323,50.023658],[19.937387,50.023654],[19.937398,50.02374],[19.937334,50.023744],[19.937323,50.023658]]]}},{"type":"Feature","id":"w337266242","properties":{"type":"yes","residential":false,"residents_est":0,"h3_10":"8a1e2e6954c7fff","h3_11":"8b1e2e6954c0fff"},"geometry":{"type":"Polygon","coordinates":[[[19.940837,50.019746],[19.94094,50.019738],[19.940948,50.01978],[19.940843,50.019788],[19.940837,50.019746]]]}},{"type":"Feature","id":"w337266243","properties":{"type":"yes","residential":true,"residents_est":1,"h3_10":"8a1e2e69541ffff","h3_11":"8b1e2e69541dfff"},"geometry":{"type":"Polygon","coordinates":[[[19.939421,50.021665],[19.93949,50.021657],[19.939515,50.021747],[19.939447,50.021755],[19.939421,50.021665]]]}},{"type":"Feature","id":"w337266244","properties":{"type":"yes","residential":true,"residents_est":2,"h3_10":"8a1e2e6954dffff","h3_11":"8b1e2e6954dbfff"},"geometry":{"type":"Polygon","coordinates":[[[19.941905,50.018228],[19.941916,50.018143],[19.942026,50.01815],[19.942016,50.018234],[19.941905,50.018228]]]}},{"type":"Feature","id":"w337266246","properties":{"type":"yes","residential":false,"residents_est":0,"h3_10":"8a1e2e695447fff","h3_11":"8b1e2e695442fff"},"geometry":{"type":"Polygon","coordinates":[[[19.943032,50.022105],[19.943045,50.022007],[19.943093,50.022011],[19.943081,50.022107],[19.943032,50.022105]]]}},{"type":"Feature","id":"w337266247","properties":{"type":"yes","residential":false,"residents_est":0,"h3_10":"8a1e2e6954cffff","h3_11":"8b1e2e6954cefff"},"geometry":{"type":"Polygon","coordinates":[[[19.941893,50.019372],[19.941959,50.019366],[19.94197,50.019436],[19.941901,50.019441],[19.941893,50.019372]]]}},{"type":"Feature","id":"w337266250","properties":{"type":"yes","residential":true,"residents_est":0,"h3_10":"8a1e2e69545ffff","h3_11":"8b1e2e69545bfff"},"geometry":{"type":"Polygon","coordinates":[[[19.944343,50.020911],[19.944352,50.020875],[19.944576,50.020899],[19.944567,50.020934],[19.944343,50.020911]]]}},{"type":"Feature","id":"w337266251","properties":{"type":"yes","residential":true,"residents_est":2,"h3_10":"8a1e2e69545ffff","h3_11":"8b1e2e69545afff"},"geometry":{"type":"Polygon","coordinates":[[[19.943195,50.021034],[19.943201,50.020946],[19.943334,50.020949],[19.943328,50.021037],[19.943195,50.021034]]]}},{"type":"Feature","id":"w337266252","properties":{"type":"retail","levels":1.0,"address":"Aleksandra Fredry 36","residential":false,"residents_est":0,"h3_10":"8a1e2e69545ffff","h3_11":"8b1e2e69545efff"},"geometry":{"type":"Polygon","coordinates":[[[19.942785,50.021284],[19.942797,50.021227],[19.943091,50.021254],[19.943079,50.02131],[19.942785,50.021284]]]}},{"type":"Feature","id":"w337266253","properties":{"type":"yes","residential":false,"residents_est":0,"h3_10":"8a1e2e69544ffff","h3_11":"8b1e2e695448fff"},"geometry":{"type":"Polygon","coordinates":[[[19.945258,50.021903],[19.945263,50.021867],[19.945325,50.02187],[19.94532,50.021906],[19.945258,50.021903]]]}},{"type":"Feature","id":"w337266259","properties":{"type":"yes","residential":false,"residents_est":0,"h3_10":"8a1e2e6954cffff","h3_11":"8b1e2e6954cafff"},"geometry":{"type":"Polygon","coordinates":[[[19.942348,50.019218],[19.942434,50.019214],[19.942438,50.019269],[19.942354,50.019273],[19.942348,50.019218]]]}},{"type":"Feature","id":"w337266261","properties":{"type":"service","residential":false,"residents_est":0,"h3_10":"8a1e2e6954effff","h3_11":"8b1e2e6954e8fff"},"geometry":{"type":"Polygon","coordinates":[[[19.942545,50.020511],[19.942555,50.020458],[19.942638,50.020464],[19.942628,50.020518],[19.942545,50.020511]]]}},{"type":"Feature","id":"w337266264","properties":{"type":"yes","residential":true,"residents_est":2,"h3_10":"8a1e2e6954e7fff","h3_11":"8b1e2e6954e5fff"},"geometry":{"type":"Polygon","coordinates":[[[19.941089,50.021211],[19.941069,50.021079],[19.941134,50.021074],[19.941158,50.021206],[19.941089,50.021211]]]}},{"type":"Feature","id":"w337266266","properties":{"type":"yes","residential":false,"residents_est":0,"h3_10":"8a1e2e6954e7fff","h3_11":"8b1e2e6954e3fff"},"geometry":{"type":"Polygon","coordinates":[[[19.940967,50.020413],[19.940998,50.020409],[19.940988,50.020377],[19.94104,50.020371],[19.941059,50.020438],[19.940977,50.020448],[19.940967,50.020413]]]}},{"type":"Feature","id":"w337266267","properties":{"type":"yes","residential":false,"residents_est":0,"h3_10":"8a1e2e6954c7fff","h3_11":"8b1e2e6954c0fff"},"geometry":{"type":"Polygon","coordinates":[[[19.941114,50.019585],[19.94115,50.019582],[19.941143,50.019553],[19.941198,50.019547],[19.941215,50.019612],[19.941123,50.019621],[19.941114,50.019585]]]}},{"type":"Feature","id":"w337266271","properties":{"type":"garages","residential":false,"residents_est":0,"h3_10":"8a1e2e69541ffff","h3_11":"8b1e2e69541cfff"},"geometry":{"type":"Polygon","coordinates":[[[19.938566,50.021727],[19.938626,50.021716],[19.938634,50.021732],[19.93868,50.021723],[19.938704,50.021776],[19.938597,50.021796],[19.938566,50.021727]]]}},{"type":"Feature","id":"w337266272","properties":{"type":"yes","residential":true,"residents_est":2,"h3_10":"8a1e2e695407fff","h3_11":"8b1e2e695400fff"},"geometry":{"type":"Polygon","coordinates":[[[19.938475,50.022122],[19.938624,50.022107],[19.938634,50.022146],[19.938576,50.022151],[19.938584,50.022184],[19.938494,50.022193],[19.938475,50.022122]]]}},{"type":"Feature","id":"w337266274","properties":{"type":"yes","residential":false,"residents_est":0,"h3_10":"8a1e2e6954cffff","h3_11":"8b1e2e6954ccfff"},"geometry":{"type":"Polygon","coordinates":[[[19.942341,50.019602],[19.942426,50.019598],[19.942429,50.019629],[19.942348,50.019635],[19.942341,50.019602]]]}},{"type":"Feature","id":"w337266277","properties":{"type":"yes","residential":false,"residents_est":0,"h3_10":"8a1e2e6954f7fff","h3_11":"8b1e2e6954f6fff"},"geometry":{"type":"Polygon","coordinates":[[[19.93859,50.020203],[19.938643,50.020195],[19.938673,50.02028],[19.938626,50.020291],[19.93859,50.020203]]]}},{"type":"Feature","id":"w337266279","properties":{"type":"yes","residential":false,"residents_est":0,"h3_10":"8a1e2e695407fff","h3_11":"8b1e2e695402fff"},"geometry":{"type":"Polygon","coordinates":[[[19.93834,50.021983],[19.93848,50.021974],[19.938485,50.022],[19.938347,50.022013],[19.93834,50.021983]]]}},{"type":"Feature","id":"w337266280","properties":{"type":"yes","residential":true,"residents_est":3,"h3_10":"8a1e2e6954c7fff","h3_11":"8b1e2e6954c1fff"},"geometry":{"type":"Polygon","coordinates":[[[19.941466,50.019824],[19.941523,50.019818],[19.94153,50.019849],[19.941622,50.019839],[19.941645,50.01993],[19.941535,50.01994],[19.941526,50.0199],[19.941482,50.019903],[19.941466,50.019824]]]}},{"type":"Feature","id":"w337266281","properties":{"type":"yes","residential":true,"residents_est":3,"h3_10":"8a1e2e6954effff","h3_11":"8b1e2e6954e9fff"},"geometry":{"type":"Polygon","coordinates":[[[19.943019,50.020387],[19.94302,50.020329],[19.943105,50.020319],[19.943104,50.020337],[19.943152,50.020338],[19.943153,50.02031],[19.943272,50.020287],[19.94327,50.02039],[19.943151,50.020389],[19.943152,50.020371],[19.943104,50.02037],[19.943103,50.020388],[19.943019,50.020387]]]}},{"type":"Feature","id":"w338392200","properties":{"type":"yes","residential":true,"residents_est":2,"h3_10":"8a1e2e6954f7fff","h3_11":"8b1e2e6954f4fff"},"geometry":{"type":"Polygon","coordinates":[[[19.938607,50.020422],[19.938773,50.020393],[19.938801,50.020461],[19.938753,50.02047],[19.938745,50.020451],[19.9387,50.020458],[19.938692,50.020437],[19.938619,50.020451],[19.938607,50.020422]]]}},{"type":"Feature","id":"w338392202","properties":{"type":"yes","residential":true,"residents_est":3,"h3_10":"8a1e2e6954affff","h3_11":"8b1e2e6954a9fff"},"geometry":{"type":"Polygon","coordinates":[[[19.938432,50.020329],[19.938552,50.020307],[19.938607,50.020422],[19.938465,50.020447],[19.938463,50.020443],[19.938471,50.020441],[19.938436,50.020381],[19.938455,50.020377],[19.938432,50.020329]]]}},{"type":"Feature","id":"w338392203","properties":{"type":"yes","address":"Kwietna 4A","residential":true,"residents_est":2,"h3_10":"8a1e2e695457fff","h3_11":"8b1e2e695454fff"},"geometry":{"type":"Polygon","coordinates":[[[19.941331,50.021951],[19.94134,50.021886],[19.94148,50.021895],[19.941475,50.021928],[19.941494,50.021929],[19.941489,50.021961],[19.941331,50.021951]]]}},{"type":"Feature","id":"w338392204","properties":{"type":"yes","residential":true,"residents_est":3,"h3_10":"8a1e2e6954f7fff","h3_11":"8b1e2e6954f5fff"},"geometry":{"type":"Polygon","coordinates":[[[19.939704,50.020505],[19.939745,50.020497],[19.939736,50.020477],[19.939858,50.020452],[19.939891,50.020529],[19.939836,50.02054],[19.939847,50.020563],[19.939808,50.020571],[19.939813,50.020583],[19.939741,50.020597],[19.939704,50.020505]]]}},{"type":"Feature","id":"w338392205","properties":{"type":"yes","address":"Kołodziejska 24b","residential":true,"residents_est":28,"h3_10":"8a1e2e6954effff","h3_11":"8b1e2e6954e8fff"},"geometry":{"type":"Polygon","coordinates":[[[19.941807,50.020389],[19.941986,50.020354],[19.941983,50.020346],[19.942178,50.020308],[19.942182,50.020317],[19.942223,50.020309],[19.942207,50.020274],[19.942269,50.020262],[19.942367,50.020277],[19.942418,50.02039],[19.942341,50.020404],[19.942343,50.020409],[19.942297,50.020419],[19.942294,50.020413],[19.942226,50.020427],[19.942221,50.020418],[19.942109,50.020445],[19.942106,50.02044],[19.94204,50.020453],[19.942044,50.020462],[19.941972,50.020476],[19.941975,50.02048],[19.941857,50.020498],[19.941807,50.020389]]]}},{"type":"Feature","id":"w338392206","properties":{"type":"yes","residential":false,"residents_est":0,"h3_10":"8a1e2e6954f7fff","h3_11":"8b1e2e6954f4fff"},"geometry":{"type":"Polygon","coordinates":[[[19.938773,50.020393],[19.938821,50.020386],[19.938835,50.020424],[19.93879,50.020432],[19.938773,50.020393]]]}},{"type":"Feature","id":"w338392207","properties":{"type":"yes","residential":false,"residents_est":0,"h3_10":"8a1e2e69541ffff","h3_11":"8b1e2e69541dfff"},"geometry":{"type":"Polygon","coordinates":[[[19.939213,50.021677],[19.939222,50.021646],[19.93929,50.021654],[19.939281,50.021687],[19.939213,50.021677]]]}},{"type":"Feature","id":"w338392208","properties":{"type":"yes","residential":false,"residents_est":0,"h3_10":"8a1e2e6954f7fff","h3_11":"8b1e2e6954f5fff"},"geometry":{"type":"Polygon","coordinates":[[[19.939867,50.020473],[19.939917,50.020463],[19.93994,50.02051],[19.939887,50.02052],[19.939867,50.020473]]]}},{"type":"Feature","id":"w338392209","properties":{"type":"garage","residential":false,"residents_est":0,"h3_10":"8a1e2e6954f7fff","h3_11":"8b1e2e6954f2fff"},"geometry":{"type":"Polygon","coordinates":[[[19.938996,50.019767],[19.939035,50.019759],[19.939061,50.019809],[19.939023,50.019817],[19.938996,50.019767]]]}},{"type":"Feature","id":"w338392212","properties":{"type":"yes","residential":true,"residents_est":1,"h3_10":"8a1e2e695407fff","h3_11":"8b1e2e695406fff"},"geometry":{"type":"Polygon","coordinates":[[[19.937949,50.022438],[19.938091,50.022424],[19.938104,50.022476],[19.93796,50.022489],[19.937949,50.022438]]]}},{"type":"Feature","id":"w338392214","properties":{"type":"yes","residential":false,"residents_est":0,"h3_10":"8a1e2e6954f7fff","h3_11":"8b1e2e6954f4fff"},"geometry":{"type":"Polygon","coordinates":[[[19.938593,50.020394],[19.938689,50.020375],[19.938704,50.020405],[19.938607,50.020422],[19.938593,50.020394]]]}},{"type":"Feature","id":"w338392217","properties":{"type":"yes","address":"Kwietna 6A","residential":true,"residents_est":2,"h3_10":"8a1e2e695457fff","h3_11":"8b1e2e695456fff"},"geometry":{"type":"Polygon","coordinates":[[[19.941669,50.021543],[19.941693,50.021436],[19.941795,50.021445],[19.94177,50.021552],[19.941669,50.021543]]]}},{"type":"Feature","id":"w338392218","properties":{"type":"yes","residential":false,"residents_est":0,"h3_10":"8a1e2e6954e7fff","h3_11":"8b1e2e6954e5fff"},"geometry":{"type":"Polygon","coordinates":[[[19.941081,50.021226],[19.941164,50.021221],[19.941168,50.02125],[19.941085,50.021255],[19.941081,50.021226]]]}},{"type":"Feature","id":"w338392219","properties":{"type":"yes","residential":true,"residents_est":1,"h3_10":"8a1e2e69541ffff","h3_11":"8b1e2e69541afff"},"geometry":{"type":"Polygon","coordinates":[[[19.938809,50.020782],[19.938894,50.020767],[19.938917,50.020826],[19.938833,50.02084],[19.938809,50.020782]]]}},{"type":"Feature","id":"w338392221","properties":{"type":"yes","residential":false,"residents_est":0,"h3_10":"8a1e2e6954e7fff","h3_11":"8b1e2e6954e4fff"},"geometry":{"type":"Polygon","coordinates":[[[19.940403,50.021385],[19.940474,50.021374],[19.940485,50.021402],[19.940414,50.021414],[19.940403,50.021385]]]}},{"type":"Feature","id":"w338392222","properties":{"type":"yes","residential":false,"residents_est":0,"h3_10":"8a1e2e6954f7fff","h3_11":"8b1e2e6954f4fff"},"geometry":{"type":"Polygon","coordinates":[[[19.938753,50.020342],[19.938797,50.020334],[19.938815,50.02038],[19.938772,50.020386],[19.938753,50.020342]]]}},{"type":"Feature","id":"w338392224","properties":{"type":"yes","residential":true,"residents_est":2,"h3_10":"8a1e2e69540ffff","h3_11":"8b1e2e69540dfff"},"geometry":{"type":"Polygon","coordinates":[[[19.940679,50.022537],[19.940742,50.022457],[19.940857,50.022494],[19.940794,50.022572],[19.940679,50.022537]]]}},{"type":"Feature","id":"w338392225","properties":{"type":"yes","residential":false,"residents_est":0,"h3_10":"8a1e2e6954f7fff","h3_11":"8b1e2e6954f2fff"},"geometry":{"type":"Polygon","coordinates":[[[19.938711,50.019805],[19.938751,50.019797],[19.938796,50.019882],[19.938757,50.019891],[19.938711,50.019805]]]}},{"type":"Feature","id":"w338392227","properties":{"type":"yes","residential":false,"residents_est":0,"h3_10":"8a1e2e695407fff","h3_11":"8b1e2e695400fff"},"geometry":{"type":"Polygon","coordinates":[[[19.938435,50.022395],[19.938554,50.022387],[19.938558,50.022407],[19.938439,50.022415],[19.938435,50.022395]]]}},{"type":"Feature","id":"w338392228","properties":{"type":"yes","residential":false,"residents_est":0,"h3_10":"8a1e2e695407fff","h3_11":"8b1e2e695402fff"},"geometry":{"type":"Polygon","coordinates":[[[19.938312,50.022105],[19.93836,50.0221],[19.938373,50.022148],[19.938324,50.022153],[19.938312,50.022105]]]}},{"type":"Feature","id":"w338392229","properties":{"type":"yes","residential":true,"residents_est":3,"h3_10":"8a1e2e69541ffff","h3_11":"8b1e2e69541dfff"},"geometry":{"type":"Polygon","coordinates":[[[19.939273,50.021468],[19.939409,50.021439],[19.939437,50.021535],[19.939296,50.021552],[19.939273,50.021468]]]}},{"type":"Feature","id":"w338392230","properties":{"type":"yes","residential":false,"residents_est":0,"h3_10":"8a1e2e6954f7fff","h3_11":"8b1e2e6954f0fff"},"geometry":{"type":"Polygon","coordinates":[[[19.939313,50.020081],[19.939338,50.020077],[19.939367,50.020148],[19.939339,50.020154],[19.939313,50.020081]]]}},{"type":"Feature","id":"w338392232","properties":{"type":"yes","residential":false,"residents_est":0,"h3_10":"8a1e2e6954e7fff","h3_11":"8b1e2e6954e6fff"},"geometry":{"type":"Polygon","coordinates":[[[19.939786,50.020686],[19.939831,50.020678],[19.939854,50.020731],[19.939809,50.020739],[19.939786,50.020686]]]}},{"type":"Feature","id":"w338392233","properties":{"type":"yes","residential":true,"residents_est":2,"h3_10":"8a1e2e6954f7fff","h3_11":"8b1e2e6954f4fff"},"geometry":{"type":"Polygon","coordinates":[[[19.939154,50.02039],[19.939278,50.02037],[19.939308,50.02045],[19.939185,50.020469],[19.939154,50.02039]]]}},{"type":"Feature","id":"w338392235","properties":{"type":"yes","residential":false,"residents_est":0,"h3_10":"8a1e2e69540ffff","h3_11":"8b1e2e695409fff"},"geometry":{"type":"Polygon","coordinates":[[[19.941193,50.022016],[19.941238,50.022009],[19.941257,50.022066],[19.941211,50.022072],[19.941193,50.022016]]]}},{"type":"Feature","id":"w338392237","properties":{"type":"yes","residential":false,"residents_est":0,"h3_10":"8a1e2e6954e7fff","h3_11":"8b1e2e6954e5fff"},"geometry":{"type":"Polygon","coordinates":[[[19.940952,50.021039],[19.941042,50.021028],[19.941053,50.021071],[19.940961,50.021083],[19.940952,50.021039]]]}},{"type":"Feature","id":"w338392238","properties":{"type":"yes","residential":true,"residents_est":1,"h3_10":"8a1e2e695407fff","h3_11":"8b1e2e695404fff"},"geometry":{"type":"Polygon","coordinates":[[[19.938317,50.022574],[19.938447,50.02256],[19.938458,50.022597],[19.938326,50.022612],[19.938317,50.022574]]]}},{"type":"Feature","id":"w338392239","properties":{"type":"yes","residential":true,"residents_est":2,"h3_10":"8a1e2e6954e7fff","h3_11":"8b1e2e6954e4fff"},"geometry":{"type":"Polygon","coordinates":[[[19.940371,50.021315],[19.940499,50.021292],[19.940528,50.021364],[19.940403,50.021385],[19.940371,50.021315]]]}},{"type":"Feature","id":"w338392240","properties":{"type":"yes","residential":true,"residents_est":1,"h3_10":"8a1e2e69540ffff","h3_11":"8b1e2e695409fff"},"geometry":{"type":"Polygon","coordinates":[[[19.941095,50.022024],[19.941191,50.022011],[19.941211,50.022072],[19.941115,50.022085],[19.941095,50.022024]]]}},{"type":"Feature","id":"w338392241","properties":{"type":"yes","residential":false,"residents_est":0,"h3_10":"8a1e2e69541ffff","h3_11":"8b1e2e69541afff"},"geometry":{"type":"Polygon","coordinates":[[[19.938586,50.020863],[19.938661,50.020847],[19.938676,50.020878],[19.938602,50.020895],[19.938586,50.020863]]]}},{"type":"Feature","id":"w338392244","properties":{"type":"yes","residential":false,"residents_est":0,"h3_10":"8a1e2e6954e7fff","h3_11":"8b1e2e6954e2fff"},"geometry":{"type":"Polygon","coordinates":[[[19.940107,50.020522],[19.940191,50.020505],[19.940208,50.020537],[19.940122,50.020554],[19.940107,50.020522]]]}},{"type":"Feature","id":"w338392246","properties":{"type":"yes","residential":false,"residents_est":0,"h3_10":"8a1e2e69541ffff","h3_11":"8b1e2e69541dfff"},"geometry":{"type":"Polygon","coordinates":[[[19.939495,50.021617],[19.939564,50.021609],[19.939579,50.021664],[19.939509,50.021672],[19.939495,50.021617]]]}},{"type":"Feature","id":"w338392247","properties":{"type":"yes","residential":false,"residents_est":0,"h3_10":"8a1e2e695407fff","h3_11":"8b1e2e695400fff"},"geometry":{"type":"Polygon","coordinates":[[[19.93821,50.022234],[19.938355,50.02222],[19.938362,50.02225],[19.938218,50.022263],[19.93821,50.022234]]]}},{"type":"Feature","id":"w338392248","properties":{"type":"yes","residential":true,"residents_est":2,"h3_10":"8a1e2e695437fff","h3_11":"8b1e2e695431fff"},"geometry":{"type":"Polygon","coordinates":[[[19.937762,50.022548],[19.937868,50.022535],[19.937893,50.022625],[19.937788,50.022638],[19.937762,50.022548]]]}},{"type":"Feature","id":"w338392249","properties":{"type":"yes","residential":true,"residents_est":3,"h3_10":"8a1e2e695407fff","h3_11":"8b1e2e695400fff"},"geometry":{"type":"Polygon","coordinates":[[[19.938243,50.022323],[19.938386,50.022309],[19.938411,50.022416],[19.938269,50.022433],[19.938243,50.022323]]]}},{"type":"Feature","id":"w338392250","properties":{"type":"yes","residential":false,"residents_est":0,"h3_10":"8a1e2e6954d7fff","h3_11":"8b1e2e6954d4fff"},"geometry":{"type":"Polygon","coordinates":[[[19.939212,50.019194],[19.93932,50.019147],[19.939357,50.019182],[19.939309,50.019203],[19.939298,50.019192],[19.939238,50.019218],[19.939212,50.019194]]]}},{"type":"Feature","id":"w338392251","properties":{"type":"yes","residential":false,"residents_est":0,"h3_10":"8a1e2e6954f7fff","h3_11":"8b1e2e6954f5fff"},"geometry":{"type":"Polygon","coordinates":[[[19.939887,50.02052],[19.939989,50.020502],[19.940007,50.020541],[19.939904,50.02056],[19.939887,50.02052]]]}},{"type":"Feature","id":"w338392253","properties":{"type":"yes","residential":true,"residents_est":3,"h3_10":"8a1e2e6954f7fff","h3_11":"8b1e2e6954f5fff"},"geometry":{"type":"Polygon","coordinates":[[[19.939473,50.020324],[19.939648,50.020292],[19.939685,50.020383],[19.939515,50.020415],[19.939473,50.020324]]]}},{"type":"Feature","id":"w338392254","properties":{"type":"yes","residential":false,"residents_est":0,"h3_10":"8a1e2e6954f7fff","h3_11":"8b1e2e6954f0fff"},"geometry":{"type":"Polygon","coordinates":[[[19.939365,50.020226],[19.939394,50.020221],[19.939426,50.020309],[19.9394,50.020313],[19.939365,50.020226]]]}},{"type":"Feature","id":"w338392255","properties":{"type":"yes","address":"Kwietna 6B","residential":true,"residents_est":2,"h3_10":"8a1e2e695457fff","h3_11":"8b1e2e695450fff"},"geometry":{"type":"Polygon","coordinates":[[[19.941811,50.021555],[19.941836,50.021448],[19.941937,50.021458],[19.941942,50.021451],[19.941916,50.021565],[19.941811,50.021555]]]}},{"type":"Feature","id":"w338392256","properties":{"type":"yes","residential":false,"residents_est":0,"h3_10":"8a1e2e6954f7fff","h3_11":"8b1e2e6954f5fff"},"geometry":{"type":"Polygon","coordinates":[[[19.939418,50.020604],[19.939456,50.020598],[19.93948,50.020656],[19.939442,50.020662],[19.939418,50.020604]]]}},{"type":"Feature","id":"w338392257","properties":{"type":"yes","address":"Kwietna 6C","residential":true,"residents_est":2,"h3_10":"8a1e2e695457fff","h3_11":"8b1e2e695450fff"},"geometry":{"type":"Polygon","coordinates":[[[19.941916,50.021565],[19.941942,50.021451],[19.942046,50.021461],[19.942022,50.021568],[19.941921,50.021559],[19.941916,50.021565]]]}},{"type":"Feature","id":"w338392258","properties":{"type":"yes","residential":false,"residents_est":0,"h3_10":"8a1e2e6954f7fff","h3_11":"8b1e2e6954f6fff"},"geometry":{"type":"Polygon","coordinates":[[[19.938643,50.020195],[19.938683,50.020189],[19.938717,50.020272],[19.938673,50.02028],[19.938643,50.020195]]]}},{"type":"Feature","id":"w338392260","properties":{"type":"yes","residential":true,"residents_est":2,"h3_10":"8a1e2e695407fff","h3_11":"8b1e2e695402fff"},"geometry":{"type":"Polygon","coordinates":[[[19.938109,50.021822],[19.938239,50.021811],[19.93826,50.021909],[19.93813,50.021921],[19.938109,50.021822]]]}},{"type":"Feature","id":"w338392261","properties":{"type":"yes","residential":true,"residents_est":2,"h3_10":"8a1e2e6954f7fff","h3_11":"8b1e2e6954f4fff"},"geometry":{"type":"Polygon","coordinates":[[[19.938478,50.02048],[19.9385,50.020475],[19.938487,50.020444],[19.938607,50.020422],[19.938636,50.02049],[19.938494,50.020515],[19.938478,50.02048]]]}},{"type":"Feature","id":"w338392262","properties":{"type":"yes","residential":false,"residents_est":0,"h3_10":"8a1e2e6954d7fff","h3_11":"8b1e2e6954d0fff"},"geometry":{"type":"Polygon","coordinates":[[[19.93945,50.01911],[19.939557,50.019064],[19.939595,50.019099],[19.939547,50.019119],[19.939536,50.019109],[19.939476,50.019135],[19.93945,50.01911]]]}},{"type":"Feature","id":"w338392263","properties":{"type":"yes","residential":true,"residents_est":2,"h3_10":"8a1e2e69540ffff","h3_11":"8b1e2e69540afff"},"geometry":{"type":"Polygon","coordinates":[[[19.939607,50.021418],[19.939725,50.021396],[19.939752,50.021457],[19.939768,50.021454],[19.939777,50.021475],[19.939639,50.0215],[19.939607,50.021418]]]}},{"type":"Feature","id":"w338392264","properties":{"type":"yes","residential":true,"residents_est":2,"h3_10":"8a1e2e695407fff","h3_11":"8b1e2e695400fff"},"geometry":{"type":"Polygon","coordinates":[[[19.938183,50.02215],[19.938309,50.022138],[19.938329,50.022222],[19.938204,50.022235],[19.938183,50.02215]]]}},{"type":"Feature","id":"w338392265","properties":{"type":"yes","residential":true,"residents_est":2,"h3_10":"8a1e2e6954f7fff","h3_11":"8b1e2e6954f4fff"},"geometry":{"type":"Polygon","coordinates":[[[19.93885,50.020455],[19.938983,50.020424],[19.939019,50.020511],[19.938969,50.020524],[19.938973,50.020532],[19.938935,50.020541],[19.938931,50.020532],[19.93889,50.020541],[19.93885,50.020455]]]}},{"type":"Feature","id":"w338392267","properties":{"type":"yes","address":"Kwietna 4C","residential":true,"residents_est":2,"h3_10":"8a1e2e695457fff","h3_11":"8b1e2e695456fff"},"geometry":{"type":"Polygon","coordinates":[[[19.941306,50.021785],[19.941318,50.021719],[19.941479,50.02173],[19.941468,50.021796],[19.941306,50.021785]]]}},{"type":"Feature","id":"w338392268","properties":{"type":"yes","address":"Kwietna 4E","residential":true,"residents_est":2,"h3_10":"8a1e2e695457fff","h3_11":"8b1e2e695456fff"},"geometry":{"type":"Polygon","coordinates":[[[19.941276,50.02162],[19.941286,50.021551],[19.941456,50.021561],[19.941446,50.02163],[19.941276,50.02162]]]}},{"type":"Feature","id":"w338392270","properties":{"type":"yes","address":"Kwietna 6","residential":true,"residents_est":2,"h3_10":"8a1e2e695457fff","h3_11":"8b1e2e695456fff"},"geometry":{"type":"Polygon","coordinates":[[[19.941562,50.021527],[19.941584,50.021433],[19.941689,50.021443],[19.941693,50.021436],[19.941667,50.02155],[19.941611,50.021545],[19.941614,50.021533],[19.941562,50.021527]]]}},{"type":"Feature","id":"w338510904","properties":{"type":"yes","residential":true,"residents_est":2,"h3_10":"8a1e2e6954cffff","h3_11":"8b1e2e6954cbfff"},"geometry":{"type":"Polygon","coordinates":[[[19.943029,50.018961],[19.943166,50.018958],[19.943169,50.019017],[19.943032,50.01902],[19.943029,50.018961]]]}},{"type":"Feature","id":"w340949436","properties":{"type":"yes","residential":true,"residents_est":5,"h3_10":"8a1e2e69554ffff","h3_11":"8b1e2e69554bfff"},"geometry":{"type":"Polygon","coordinates":[[[19.942971,50.02399],[19.943147,50.023971],[19.943183,50.024113],[19.943006,50.024131],[19.942992,50.024076],[19.942979,50.02407],[19.942974,50.02405],[19.942986,50.024049],[19.942971,50.02399]]]}},{"type":"Feature","id":"w340949465","properties":{"type":"yes","residential":false,"residents_est":0,"h3_10":"8a1e2e6954effff","h3_11":"8b1e2e6954ebfff"},"geometry":{"type":"Polygon","coordinates":[[[19.942405,50.020133],[19.942406,50.020085],[19.94251,50.020092],[19.94251,50.020132],[19.942405,50.020133]]]}},{"type":"Feature","id":"w340949469","properties":{"type":"yes","residential":false,"residents_est":0,"h3_10":"8a1e2e6954c7fff","h3_11":"8b1e2e6954c0fff"},"geometry":{"type":"Polygon","coordinates":[[[19.94118,50.019791],[19.941233,50.019785],[19.941247,50.019834],[19.941194,50.019841],[19.94118,50.019791]]]}},{"type":"Feature","id":"w340949478","properties":{"type":"yes","residential":false,"residents_est":0,"h3_10":"8a1e2e69555ffff","h3_11":"8b1e2e69555bfff"},"geometry":{"type":"Polygon","coordinates":[[[19.941564,50.023271],[19.941701,50.023257],[19.941707,50.023285],[19.941571,50.023298],[19.941564,50.023271]]]}},{"type":"Feature","id":"w340949485","properties":{"type":"yes","residential":false,"residents_est":0,"h3_10":"8a1e2e6954effff","h3_11":"8b1e2e6954ebfff"},"geometry":{"type":"Polygon","coordinates":[[[19.942577,50.020091],[19.942584,50.020037],[19.942658,50.020041],[19.94265,50.020096],[19.942577,50.020091]]]}},{"type":"Feature","id":"w340949486","properties":{"type":"yes","residential":false,"residents_est":0,"h3_10":"8a1e2e695477fff","h3_11":"8b1e2e695471fff"},"geometry":{"type":"Polygon","coordinates":[[[19.94274,50.02267],[19.942745,50.022641],[19.942821,50.022647],[19.942815,50.022677],[19.94274,50.02267]]]}},{"type":"Feature","id":"w340949492","properties":{"type":"yes","residential":false,"residents_est":0,"h3_10":"8a1e2e695447fff","h3_11":"8b1e2e695446fff"},"geometry":{"type":"Polygon","coordinates":[[[19.942952,50.022371],[19.942956,50.022339],[19.943087,50.022348],[19.943081,50.02238],[19.942952,50.022371]]]}},{"type":"Feature","id":"w340949495","properties":{"type":"yes","residential":false,"residents_est":0,"h3_10":"8a1e2e695447fff","h3_11":"8b1e2e695446fff"},"geometry":{"type":"Polygon","coordinates":[[[19.942881,50.022194],[19.942886,50.022168],[19.94297,50.022176],[19.942965,50.022202],[19.942881,50.022194]]]}},{"type":"Feature","id":"w340949497","properties":{"type":"yes","residential":false,"residents_est":0,"h3_10":"8a1e2e6954cffff","h3_11":"8b1e2e6954ccfff"},"geometry":{"type":"Polygon","coordinates":[[[19.942193,50.019958],[19.942211,50.019896],[19.942272,50.019903],[19.942255,50.019966],[19.942193,50.019958]]]}},{"type":"Feature","id":"w340949503","properties":{"type":"yes","residential":false,"residents_est":0,"h3_10":"8a1e2e6954cffff","h3_11":"8b1e2e6954cefff"},"geometry":{"type":"Polygon","coordinates":[[[19.942192,50.019566],[19.942251,50.019564],[19.942255,50.019611],[19.942196,50.019613],[19.942192,50.019566]]]}},{"type":"Feature","id":"w340949521","properties":{"type":"yes","residential":false,"residents_est":0,"h3_10":"8a1e2e6954cffff","h3_11":"8b1e2e6954ccfff"},"geometry":{"type":"Polygon","coordinates":[[[19.942673,50.019749],[19.942739,50.019745],[19.942743,50.019775],[19.942676,50.019778],[19.942673,50.019749]]]}},{"type":"Feature","id":"w340949532","properties":{"type":"yes","residential":false,"residents_est":0,"h3_10":"8a1e2e6954c7fff","h3_11":"8b1e2e6954c5fff"},"geometry":{"type":"Polygon","coordinates":[[[19.941238,50.01996],[19.941296,50.019953],[19.94131,50.020005],[19.941253,50.020012],[19.941238,50.01996]]]}},{"type":"Feature","id":"w340949539","properties":{"type":"yes","residential":false,"residents_est":0,"h3_10":"8a1e2e6954cffff","h3_11":"8b1e2e6954cefff"},"geometry":{"type":"Polygon","coordinates":[[[19.942253,50.019551],[19.942318,50.019549],[19.942322,50.019593],[19.942256,50.019596],[19.942253,50.019551]]]}},{"type":"Feature","id":"w340949540","properties":{"type":"yes","residential":false,"residents_est":0,"h3_10":"8a1e2e69555ffff","h3_11":"8b1e2e695558fff"},"geometry":{"type":"Polygon","coordinates":[[[19.941448,50.023684],[19.94145,50.023646],[19.941523,50.023647],[19.94152,50.023685],[19.941448,50.023684]]]}},{"type":"Feature","id":"w340949550","properties":{"type":"yes","residential":true,"residents_est":2,"h3_10":"8a1e2e695477fff","h3_11":"8b1e2e695471fff"},"geometry":{"type":"Polygon","coordinates":[[[19.942147,50.022744],[19.942158,50.022674],[19.942301,50.022687],[19.942289,50.022755],[19.942147,50.022744]]]}},{"type":"Feature","id":"w340949555","properties":{"type":"garage","residential":false,"residents_est":0,"h3_10":"8a1e2e695467fff","h3_11":"8b1e2e695462fff"},"geometry":{"type":"Polygon","coordinates":[[[19.942708,50.022968],[19.942717,50.022926],[19.942798,50.022933],[19.942789,50.022975],[19.942708,50.022968]]]}},{"type":"Feature","id":"w340949562","properties":{"type":"yes","residential":false,"residents_est":0,"h3_10":"8a1e2e695477fff","h3_11":"8b1e2e695471fff"},"geometry":{"type":"Polygon","coordinates":[[[19.942091,50.022674],[19.942099,50.022626],[19.942166,50.022633],[19.942158,50.022674],[19.942091,50.022674]]]}},{"type":"Feature","id":"w340949563","properties":{"type":"yes","residential":false,"residents_est":0,"h3_10":"8a1e2e695477fff","h3_11":"8b1e2e695470fff"},"geometry":{"type":"Polygon","coordinates":[[[19.942082,50.022726],[19.942091,50.022674],[19.942158,50.022674],[19.942149,50.022731],[19.942082,50.022726]]]}},{"type":"Feature","id":"w340949565","properties":{"type":"yes","residential":false,"residents_est":0,"h3_10":"8a1e2e6954cffff","h3_11":"8b1e2e6954cefff"},"geometry":{"type":"Polygon","coordinates":[[[19.942148,50.019556],[19.942191,50.019554],[19.942196,50.019613],[19.942153,50.019614],[19.942148,50.019556]]]}},{"type":"Feature","id":"w340949570","properties":{"type":"yes","residential":true,"residents_est":3,"h3_10":"8a1e2e695477fff","h3_11":"8b1e2e695475fff"},"geometry":{"type":"Polygon","coordinates":[[[19.942055,50.023025],[19.942196,50.023013],[19.942218,50.023104],[19.942075,50.023118],[19.942055,50.023025]]]}},{"type":"Feature","id":"w340949574","properties":{"type":"yes","residential":true,"residents_est":2,"h3_10":"8a1e2e695447fff","h3_11":"8b1e2e695444fff"},"geometry":{"type":"Polygon","coordinates":[[[19.942922,50.022564],[19.942936,50.022483],[19.94309,50.022496],[19.943082,50.022537],[19.943058,50.022535],[19.943051,50.022574],[19.942922,50.022564]]]}},{"type":"Feature","id":"w340949588","properties":{"type":"yes","residential":false,"residents_est":0,"h3_10":"8a1e2e69555ffff","h3_11":"8b1e2e695559fff"},"geometry":{"type":"Polygon","coordinates":[[[19.94206,50.023616],[19.942066,50.023612],[19.942068,50.023587],[19.942135,50.02359],[19.942134,50.023618],[19.94206,50.023616]]]}},{"type":"Feature","id":"w340949589","properties":{"type":"yes","residential":true,"residents_est":2,"h3_10":"8a1e2e6954cffff","h3_11":"8b1e2e6954ccfff"},"geometry":{"type":"Polygon","coordinates":[[[19.942599,50.019858],[19.94275,50.01985],[19.942756,50.019909],[19.942633,50.019919],[19.942625,50.019879],[19.942604,50.019881],[19.942599,50.019858]]]}},{"type":"Feature","id":"w340949590","properties":{"type":"yes","residential":true,"residents_est":4,"h3_10":"8a1e2e695477fff","h3_11":"8b1e2e695475fff"},"geometry":{"type":"Polygon","coordinates":[[[19.942039,50.023164],[19.942064,50.023161],[19.942055,50.023121],[19.942192,50.023107],[19.942172,50.023114],[19.94218,50.023149],[19.942201,50.023147],[19.942213,50.023195],[19.942192,50.023197],[19.942202,50.023238],[19.94206,50.023252],[19.942039,50.023164]]]}},{"type":"Feature","id":"w340949591","properties":{"type":"yes","residential":false,"residents_est":0,"h3_10":"8a1e2e695447fff","h3_11":"8b1e2e695446fff"},"geometry":{"type":"Polygon","coordinates":[[[19.94286,50.022213],[19.942864,50.022193],[19.942983,50.022204],[19.942979,50.022224],[19.94286,50.022213]]]}},{"type":"Feature","id":"w340949596","properties":{"type":"yes","residential":true,"residents_est":2,"h3_10":"8a1e2e69555ffff","h3_11":"8b1e2e695558fff"},"geometry":{"type":"Polygon","coordinates":[[[19.941712,50.023783],[19.941723,50.02368],[19.941851,50.023685],[19.941844,50.023771],[19.941764,50.023768],[19.941763,50.023785],[19.941712,50.023783]]]}},{"type":"Feature","id":"w340949599","properties":{"type":"yes","residential":true,"residents_est":4,"h3_10":"8a1e2e695467fff","h3_11":"8b1e2e695462fff"},"geometry":{"type":"Polygon","coordinates":[[[19.942488,50.023095],[19.942496,50.023059],[19.942528,50.023062],[19.942546,50.022987],[19.94273,50.023005],[19.942708,50.023097],[19.942601,50.023087],[19.942596,50.023106],[19.942488,50.023095]]]}},{"type":"Feature","id":"w340949600","properties":{"type":"yes","residential":true,"residents_est":4,"h3_10":"8a1e2e695467fff","h3_11":"8b1e2e695464fff"},"geometry":{"type":"Polygon","coordinates":[[[19.942938,50.023904],[19.942949,50.023903],[19.942942,50.023874],[19.943118,50.023856],[19.943147,50.023971],[19.942971,50.02399],[19.942957,50.023934],[19.942946,50.023935],[19.942938,50.023904]]]}},{"type":"Feature","id":"w340949602","properties":{"type":"yes","residential":true,"residents_est":2,"h3_10":"8a1e2e6954effff","h3_11":"8b1e2e6954ebfff"},"geometry":{"type":"Polygon","coordinates":[[[19.942604,50.019922],[19.942756,50.019909],[19.942764,50.019981],[19.942642,50.019987],[19.942639,50.019962],[19.942608,50.019963],[19.942604,50.019922]]]}},{"type":"Feature","id":"w340949603","properties":{"type":"yes","residential":true,"residents_est":5,"h3_10":"8a1e2e69554ffff","h3_11":"8b1e2e69554bfff"},"geometry":{"type":"Polygon","coordinates":[[[19.942775,50.024119],[19.942997,50.024096],[19.943029,50.024209],[19.942803,50.024232],[19.942775,50.024119]]]}},{"type":"Feature","id":"w340949608","properties":{"type":"yes","address":"Aleksandra Fredry 4e","residential":true,"residents_est":67,"h3_10":"8a1e2e69554ffff","h3_11":"8b1e2e69554dfff"},"geometry":{"type":"Polygon","coordinates":[[[19.943042,50.024987],[19.943049,50.024928],[19.943063,50.024929],[19.943066,50.024904],[19.943052,50.024904],[19.943067,50.02478],[19.943168,50.024787],[19.943172,50.024761],[19.943296,50.024774],[19.943283,50.024854],[19.943253,50.024852],[19.943245,50.024897],[19.943276,50.0249],[19.943274,50.024907],[19.943338,50.024912],[19.943372,50.024906],[19.943373,50.0249],[19.943418,50.024903],[19.943417,50.024909],[19.943579,50.02492],[19.94358,50.024914],[19.943625,50.024917],[19.943625,50.024923],[19.943642,50.024924],[19.943656,50.024933],[19.943745,50.024939],[19.943749,50.024915],[19.943768,50.024916],[19.943772,50.024895],[19.943706,50.02489],[19.943711,50.024862],[19.943731,50.024864],[19.943737,50.02483],[19.943716,50.024828],[19.943728,50.024756],[19.94379,50.024761],[19.943791,50.024756],[19.943977,50.024773],[19.943963,50.024865],[19.943968,50.024865],[19.943962,50.02487],[19.943949,50.024953],[19.94397,50.024955],[19.943962,50.024994],[19.943942,50.024993],[19.943933,50.025046],[19.943913,50.025045],[19.94391,50.025066],[19.943772,50.025058],[19.943773,50.025046],[19.94371,50.025042],[19.943707,50.02506],[19.943701,50.02506],[19.943704,50.025042],[19.94364,50.025038],[19.943637,50.025056],[19.94363,50.025056],[19.943631,50.025048],[19.943534,50.025047],[19.943536,50.02503],[19.943485,50.025027],[19.943482,50.025043],[19.943472,50.025042],[19.943475,50.025026],[19.943424,50.025023],[19.943421,50.025039],[19.943326,50.025027],[19.943325,50.025033],[19.943318,50.025032],[19.94332,50.025024],[19.943295,50.025022],[19.943287,50.02503],[19.943248,50.025027],[19.94325,50.025012],[19.943187,50.025007],[19.943185,50.025018],[19.94306,50.025009],[19.943063,50.024988],[19.943042,50.024987]]]}},{"type":"Feature","id":"w409323231","properties":{"type":"yes","levels":2.0,"address":"Siostry Faustyny 11A","residential":true,"residents_est":4,"h3_10":"8a1e2e6954f7fff","h3_11":"8b1e2e6954f2fff"},"geometry":{"type":"Polygon","coordinates":[[[19.938765,50.019738],[19.938941,50.019698],[19.938998,50.019803],[19.938823,50.019843],[19.938765,50.019738]]]}},{"type":"Feature","id":"w570985406","properties":{"type":"yes","address":"Kołodziejska 24D","residential":true,"residents_est":2,"h3_10":"8a1e2e6954e7fff","h3_11":"8b1e2e6954e3fff"},"geometry":{"type":"Polygon","coordinates":[[[19.941243,50.020463],[19.94138,50.020437],[19.941409,50.0205],[19.941272,50.020526],[19.941243,50.020463]]]}},{"type":"Feature","id":"w570985563","properties":{"type":"yes","address":"Kołodziejska 24C","residential":true,"residents_est":2,"h3_10":"8a1e2e6954e7fff","h3_11":"8b1e2e6954e3fff"},"geometry":{"type":"Polygon","coordinates":[[[19.941094,50.020493],[19.941243,50.020463],[19.941272,50.020526],[19.941124,50.020555],[19.941094,50.020493]]]}},{"type":"Feature","id":"w571234246","properties":{"type":"yes","address":"Kołodziejska 24","residential":true,"residents_est":3,"h3_10":"8a1e2e6954e7fff","h3_11":"8b1e2e6954e3fff"},"geometry":{"type":"Polygon","coordinates":[[[19.940733,50.020556],[19.940835,50.020535],[19.940839,50.020543],[19.940867,50.020538],[19.940923,50.020649],[19.940767,50.020681],[19.940737,50.020621],[19.940763,50.020615],[19.940733,50.020556]]]}},{"type":"Feature","id":"w571234249","properties":{"type":"yes","address":"Kołodziejska 24A","residential":true,"residents_est":3,"h3_10":"8a1e2e6954e7fff","h3_11":"8b1e2e6954e3fff"},"geometry":{"type":"Polygon","coordinates":[[[19.940867,50.020538],[19.940903,50.020529],[19.940899,50.020521],[19.941014,50.020498],[19.941067,50.020609],[19.940967,50.020629],[19.940973,50.02064],[19.940923,50.020649],[19.940867,50.020538]]]}},{"type":"Feature","id":"w571245635","properties":{"type":"yes","address":"Kołodziejska 25","residential":true,"residents_est":4,"h3_10":"8a1e2e6954e7fff","h3_11":"8b1e2e6954e0fff"},"geometry":{"type":"Polygon","coordinates":[[[19.940261,50.020715],[19.940275,50.020714],[19.940269,50.020682],[19.94032,50.020677],[19.940315,50.020653],[19.940398,50.020646],[19.940409,50.020704],[19.940471,50.020699],[19.940474,50.020711],[19.940459,50.020712],[19.940469,50.020761],[19.940414,50.020765],[19.940416,50.020777],[19.940361,50.020782],[19.940359,50.020773],[19.940274,50.02078],[19.940261,50.020715]]]}},{"type":"Feature","id":"w576974056","properties":{"type":"yes","address":"Kwietna 4","residential":true,"residents_est":2,"h3_10":"8a1e2e695457fff","h3_11":"8b1e2e695454fff"},"geometry":{"type":"Polygon","coordinates":[[[19.941332,50.022018],[19.941343,50.021952],[19.941501,50.021962],[19.941496,50.021995],[19.941476,50.021994],[19.941471,50.022027],[19.941332,50.022018]]]}},{"type":"Feature","id":"w576974057","properties":{"type":"yes","address":"Kwietna 4B","residential":true,"residents_est":2,"h3_10":"8a1e2e695457fff","h3_11":"8b1e2e695456fff"},"geometry":{"type":"Polygon","coordinates":[[[19.941308,50.021851],[19.941319,50.021786],[19.94148,50.021797],[19.941469,50.021863],[19.941308,50.021851]]]}},{"type":"Feature","id":"w576974058","properties":{"type":"yes","address":"Kwietna 4D","residential":true,"residents_est":2,"h3_10":"8a1e2e695457fff","h3_11":"8b1e2e695456fff"},"geometry":{"type":"Polygon","coordinates":[[[19.941276,50.021689],[19.941287,50.02162],[19.941453,50.021631],[19.941443,50.021699],[19.941276,50.021689]]]}},{"type":"Feature","id":"w692620205","properties":{"type":"yes","address":"Sucha 1D","name":"Garden Square Hotel","residential":true,"residents_est":34,"h3_10":"8a1e2e695517fff","h3_11":"8b1e2e695512fff"},"geometry":{"type":"Polygon","coordinates":[[[19.934172,50.023413],[19.934402,50.023388],[19.934411,50.023518],[19.934515,50.023913],[19.934423,50.023923],[19.934374,50.023846],[19.934276,50.023662],[19.934172,50.023413]]]}},{"type":"Feature","id":"w704772994","properties":{"type":"yes","residential":false,"residents_est":0,"h3_10":"8a1e2e695477fff","h3_11":"8b1e2e695475fff"},"geometry":{"type":"Polygon","coordinates":[[[19.941773,50.023],[19.941837,50.022998],[19.941839,50.02303],[19.941775,50.023032],[19.941773,50.023]]]}},{"type":"Feature","id":"w704772995","properties":{"type":"yes","residential":true,"residents_est":2,"h3_10":"8a1e2e69555ffff","h3_11":"8b1e2e69555bfff"},"geometry":{"type":"Polygon","coordinates":[[[19.941758,50.023341],[19.941886,50.023328],[19.941901,50.02339],[19.941882,50.023392],[19.941886,50.023406],[19.941834,50.023411],[19.941831,50.023397],[19.941773,50.023403],[19.941758,50.023341]]]}},{"type":"Feature","id":"w704772996","properties":{"type":"yes","residential":true,"residents_est":1,"h3_10":"8a1e2e695427fff","h3_11":"8b1e2e695423fff"},"geometry":{"type":"Polygon","coordinates":[[[19.938635,50.023028],[19.938721,50.02302],[19.938735,50.023084],[19.938648,50.023091],[19.938635,50.023028]]]}},{"type":"Feature","id":"w704772998","properties":{"type":"yes","residential":false,"residents_est":0,"h3_10":"8a1e2e695477fff","h3_11":"8b1e2e695474fff"},"geometry":{"type":"Polygon","coordinates":[[[19.941123,50.022946],[19.94123,50.022937],[19.941239,50.022981],[19.941133,50.022989],[19.941123,50.022946]]]}},{"type":"Feature","id":"w704772999","properties":{"type":"yes","residential":true,"residents_est":2,"h3_10":"8a1e2e695477fff","h3_11":"8b1e2e695476fff"},"geometry":{"type":"Polygon","coordinates":[[[19.940894,50.02284],[19.941045,50.022828],[19.941055,50.022885],[19.940905,50.022897],[19.940894,50.02284]]]}},{"type":"Feature","id":"w704773000","properties":{"type":"detached","residential":true,"residents_est":7,"h3_10":"8a1e2e695477fff","h3_11":"8b1e2e695476fff"},"geometry":{"type":"Polygon","coordinates":[[[19.941056,50.022716],[19.941072,50.022714],[19.941065,50.022681],[19.941288,50.022661],[19.941295,50.022698],[19.941304,50.022704],[19.941297,50.022705],[19.941304,50.022741],[19.941162,50.022753],[19.94116,50.022741],[19.941063,50.022749],[19.941056,50.022716]]]}},{"type":"Feature","id":"w704773001","properties":{"type":"yes","residential":false,"residents_est":0,"h3_10":"8a1e2e69550ffff","h3_11":"8b1e2e69550afff"},"geometry":{"type":"Polygon","coordinates":[[[19.93786,50.02416],[19.937903,50.024158],[19.937909,50.024209],[19.937866,50.024211],[19.93786,50.02416]]]}},{"type":"Feature","id":"w704773002","properties":{"type":"yes","residential":false,"residents_est":0,"h3_10":"8a1e2e69550ffff","h3_11":"8b1e2e69550afff"},"geometry":{"type":"Polygon","coordinates":[[[19.937866,50.024211],[19.937909,50.024209],[19.937915,50.024261],[19.937872,50.024263],[19.937866,50.024211]]]}},{"type":"Feature","id":"w704773003","properties":{"type":"yes","residential":false,"residents_est":0,"h3_10":"8a1e2e69550ffff","h3_11":"8b1e2e695508fff"},"geometry":{"type":"Polygon","coordinates":[[[19.937694,50.024362],[19.937737,50.024358],[19.937747,50.024402],[19.937705,50.024406],[19.937694,50.024362]]]}},{"type":"Feature","id":"w704773007","properties":{"type":"yes","residential":true,"residents_est":1,"h3_10":"8a1e2e69550ffff","h3_11":"8b1e2e69550efff"},"geometry":{"type":"Polygon","coordinates":[[[19.937138,50.024333],[19.93729,50.024325],[19.937294,50.024366],[19.937142,50.024373],[19.937138,50.024333]]]}},{"type":"Feature","id":"w704773008","properties":{"type":"yes","residential":false,"residents_est":0,"h3_10":"8a1e2e695517fff","h3_11":"8b1e2e695511fff"},"geometry":{"type":"Polygon","coordinates":[[[19.935238,50.024296],[19.935235,50.024267],[19.935164,50.02427],[19.93517,50.024328],[19.935218,50.024326],[19.935215,50.024298],[19.935238,50.024296]],[[19.935215,50.024298],[19.935215,50.024297],[19.935215,50.024298],[19.935215,50.024298]]]}},{"type":"Feature","id":"w704773009","properties":{"type":"yes","residential":true,"residents_est":1,"h3_10":"8a1e2e695517fff","h3_11":"8b1e2e695511fff"},"geometry":{"type":"Polygon","coordinates":[[[19.935331,50.024292],[19.93539,50.02429],[19.935402,50.024411],[19.935344,50.024413],[19.935331,50.024292]]]}},{"type":"Feature","id":"w704773012","properties":{"type":"yes","residential":false,"residents_est":0,"h3_10":"8a1e2e695507fff","h3_11":"8b1e2e695502fff"},"geometry":{"type":"Polygon","coordinates":[[[19.935765,50.024493],[19.935892,50.024488],[19.935896,50.024518],[19.935769,50.024523],[19.935765,50.024493]]]}},{"type":"Feature","id":"w704773013","properties":{"type":"yes","residential":true,"residents_est":2,"h3_10":"8a1e2e695507fff","h3_11":"8b1e2e695502fff"},"geometry":{"type":"Polygon","coordinates":[[[19.936036,50.024512],[19.936189,50.024504],[19.936194,50.024562],[19.936043,50.024569],[19.936036,50.024512]]]}},{"type":"Feature","id":"w704773014","properties":{"type":"yes","residential":true,"residents_est":1,"h3_10":"8a1e2e695507fff","h3_11":"8b1e2e695502fff"},"geometry":{"type":"Polygon","coordinates":[[[19.935986,50.02447],[19.936104,50.024465],[19.936102,50.024447],[19.936126,50.024446],[19.936133,50.024506],[19.93599,50.024513],[19.935986,50.02447]]]}},{"type":"Feature","id":"w704773015","properties":{"type":"yes","residential":true,"residents_est":2,"h3_10":"8a1e2e695507fff","h3_11":"8b1e2e695502fff"},"geometry":{"type":"Polygon","coordinates":[[[19.935885,50.024411],[19.935979,50.024408],[19.93599,50.024513],[19.935896,50.024518],[19.935885,50.024411]]]}},{"type":"Feature","id":"w704773016","properties":{"type":"yes","residential":false,"residents_est":0,"h3_10":"8a1e2e695507fff","h3_11":"8b1e2e695502fff"},"geometry":{"type":"Polygon","coordinates":[[[19.935881,50.024379],[19.935948,50.024376],[19.935952,50.024408],[19.935885,50.024411],[19.935881,50.024379]]]}},{"type":"Feature","id":"w704773017","properties":{"type":"yes","residential":true,"residents_est":1,"h3_10":"8a1e2e695507fff","h3_11":"8b1e2e695502fff"},"geometry":{"type":"Polygon","coordinates":[[[19.935783,50.024384],[19.935881,50.024379],[19.935886,50.024432],[19.935789,50.024436],[19.935783,50.024384]]]}},{"type":"Feature","id":"w704773018","properties":{"type":"yes","residential":true,"residents_est":3,"h3_10":"8a1e2e69551ffff","h3_11":"8b1e2e69551cfff"},"geometry":{"type":"Polygon","coordinates":[[[19.935865,50.02423],[19.936005,50.024226],[19.936014,50.024339],[19.935947,50.024341],[19.935948,50.024356],[19.935878,50.024355],[19.935865,50.02423]]]}},{"type":"Feature","id":"w704773019","properties":{"type":"yes","residential":true,"residents_est":3,"h3_10":"8a1e2e695507fff","h3_11":"8b1e2e695503fff"},"geometry":{"type":"Polygon","coordinates":[[[19.936126,50.024446],[19.936366,50.024438],[19.93637,50.024496],[19.936133,50.024506],[19.936126,50.024446]]]}},{"type":"Feature","id":"w704773020","properties":{"type":"yes","residential":true,"residents_est":2,"h3_10":"8a1e2e695507fff","h3_11":"8b1e2e695503fff"},"geometry":{"type":"Polygon","coordinates":[[[19.936283,50.024322],[19.936359,50.024318],[19.936366,50.024438],[19.936295,50.02444],[19.936283,50.024322]]]}},{"type":"Feature","id":"w704773021","properties":{"type":"yes","residential":true,"residents_est":1,"h3_10":"8a1e2e69551ffff","h3_11":"8b1e2e69551cfff"},"geometry":{"type":"Polygon","coordinates":[[[19.936354,50.024227],[19.936407,50.024225],[19.936419,50.024327],[19.936367,50.024329],[19.936354,50.024227]]]}},{"type":"Feature","id":"w704773022","properties":{"type":"yes","residential":false,"residents_est":0,"h3_10":"8a1e2e695507fff","h3_11":"8b1e2e695503fff"},"geometry":{"type":"Polygon","coordinates":[[[19.936518,50.024359],[19.936606,50.024356],[19.936611,50.02441],[19.936522,50.024413],[19.936518,50.024359]]]}},{"type":"Feature","id":"w704773023","properties":{"type":"yes","residential":false,"residents_est":0,"h3_10":"8a1e2e69551ffff","h3_11":"8b1e2e69551dfff"},"geometry":{"type":"Polygon","coordinates":[[[19.936718,50.024207],[19.936822,50.024202],[19.936826,50.024234],[19.936721,50.024239],[19.936718,50.024207]]]}},{"type":"Feature","id":"w704773024","properties":{"type":"yes","residential":false,"residents_est":0,"h3_10":"8a1e2e695507fff","h3_11":"8b1e2e695500fff"},"geometry":{"type":"Polygon","coordinates":[[[19.93612,50.024651],[19.936203,50.024647],[19.936207,50.024677],[19.936124,50.024681],[19.93612,50.024651]]]}},{"type":"Feature","id":"w704773025","properties":{"type":"yes","residential":true,"residents_est":2,"h3_10":"8a1e2e695507fff","h3_11":"8b1e2e695500fff"},"geometry":{"type":"Polygon","coordinates":[[[19.936209,50.024688],[19.936292,50.024684],[19.936304,50.024779],[19.936221,50.024783],[19.936209,50.024688]]]}},{"type":"Feature","id":"w704773026","properties":{"type":"yes","residential":true,"residents_est":3,"h3_10":"8a1e2e695507fff","h3_11":"8b1e2e695506fff"},"geometry":{"type":"Polygon","coordinates":[[[19.935229,50.02466],[19.935381,50.024645],[19.935398,50.024781],[19.935304,50.024786],[19.9353,50.024745],[19.935229,50.02466]]]}},{"type":"Feature","id":"w704773027","properties":{"type":"yes","residential":false,"residents_est":0,"h3_10":"8a1e2e69552ffff","h3_11":"8b1e2e69552afff"},"geometry":{"type":"Polygon","coordinates":[[[19.937511,50.025187],[19.937513,50.025133],[19.937583,50.025134],[19.937581,50.025188],[19.937511,50.025187]]]}},{"type":"Feature","id":"w704773028","properties":{"type":"yes","address":"Ferdynanda Kurasia 19A","residential":true,"residents_est":2,"h3_10":"8a1e2e69552ffff","h3_11":"8b1e2e69552bfff"},"geometry":{"type":"Polygon","coordinates":[[[19.937854,50.025266],[19.937955,50.02526],[19.937968,50.025349],[19.937867,50.025355],[19.937854,50.025266]]]}},{"type":"Feature","id":"w704773033","properties":{"type":"yes","residential":false,"residents_est":0,"h3_10":"8a1e2e69552ffff","h3_11":"8b1e2e69552dfff"},"geometry":{"type":"Polygon","coordinates":[[[19.937761,50.026163],[19.937763,50.026136],[19.937833,50.026138],[19.937832,50.026166],[19.937761,50.026163]]]}},{"type":"Feature","id":"w704773036","properties":{"type":"yes","residential":false,"residents_est":0,"h3_10":"8a1e2e69552ffff","h3_11":"8b1e2e69552dfff"},"geometry":{"type":"Polygon","coordinates":[[[19.937845,50.02614],[19.937953,50.026133],[19.937959,50.026164],[19.937846,50.026172],[19.937845,50.02614]]]}},{"type":"Feature","id":"w704773039","properties":{"type":"yes","residential":true,"residents_est":1,"h3_10":"8a1e2e695577fff","h3_11":"8b1e2e695574fff"},"geometry":{"type":"Polygon","coordinates":[[[19.93883,50.02542],[19.938975,50.025411],[19.938978,50.025431],[19.938904,50.025435],[19.938914,50.025505],[19.938843,50.025509],[19.93883,50.02542]]]}},{"type":"Feature","id":"w704773040","properties":{"type":"yes","address":"Włodarska 4a","residential":true,"residents_est":3,"h3_10":"8a1e2e695577fff","h3_11":"8b1e2e695576fff"},"geometry":{"type":"Polygon","coordinates":[[[19.938612,50.025242],[19.938761,50.025233],[19.938779,50.025344],[19.938629,50.025353],[19.938612,50.025242]]]}},{"type":"Feature","id":"w704773041","properties":{"type":"yes","address":"Włodarska 4","residential":true,"residents_est":2,"h3_10":"8a1e2e695577fff","h3_11":"8b1e2e695574fff"},"geometry":{"type":"Polygon","coordinates":[[[19.938708,50.02558],[19.938742,50.025578],[19.93874,50.025562],[19.938789,50.025559],[19.938805,50.025678],[19.938722,50.025683],[19.938708,50.02558]]]}},{"type":"Feature","id":"w704773057","properties":{"type":"yes","address":"Urocza 17","residential":true,"residents_est":2,"h3_10":"8a1e2e695577fff","h3_11":"8b1e2e695574fff"},"geometry":{"type":"Polygon","coordinates":[[[19.939146,50.025635],[19.939289,50.025628],[19.9393,50.025717],[19.939158,50.025725],[19.939146,50.025635]]]}},{"type":"Feature","id":"w704773058","properties":{"type":"yes","residential":true,"residents_est":2,"h3_10":"8a1e2e695577fff","h3_11":"8b1e2e695570fff"},"geometry":{"type":"Polygon","coordinates":[[[19.939484,50.025396],[19.939495,50.025343],[19.939531,50.025345],[19.939535,50.02532],[19.93963,50.025325],[19.939613,50.025408],[19.939484,50.025396]]]}},{"type":"Feature","id":"w704773059","properties":{"type":"yes","residential":true,"residents_est":1,"h3_10":"8a1e2e695577fff","h3_11":"8b1e2e695570fff"},"geometry":{"type":"Polygon","coordinates":[[[19.939613,50.025408],[19.93963,50.025325],[19.939711,50.025331],[19.939689,50.025414],[19.939613,50.025408]]]}},{"type":"Feature","id":"w704773060","properties":{"type":"yes","residential":true,"residents_est":2,"h3_10":"8a1e2e695577fff","h3_11":"8b1e2e695571fff"},"geometry":{"type":"Polygon","coordinates":[[[19.93963,50.025325],[19.939646,50.025247],[19.939784,50.025258],[19.93977,50.025335],[19.93963,50.025325]]]}},{"type":"Feature","id":"w704773061","properties":{"type":"yes","residential":false,"residents_est":0,"h3_10":"8a1e2e695577fff","h3_11":"8b1e2e695575fff"},"geometry":{"type":"Polygon","coordinates":[[[19.939478,50.025515],[19.939484,50.02549],[19.93959,50.025497],[19.939584,50.025526],[19.939478,50.025515]]]}},{"type":"Feature","id":"w704773062","properties":{"type":"yes","residential":false,"residents_est":0,"h3_10":"8a1e2e695567fff","h3_11":"8b1e2e695566fff"},"geometry":{"type":"Polygon","coordinates":[[[19.939897,50.025842],[19.939906,50.0258],[19.939992,50.025807],[19.939984,50.02585],[19.939897,50.025842]]]}},{"type":"Feature","id":"w704773064","properties":{"type":"yes","residential":false,"residents_est":0,"h3_10":"8a1e2e695567fff","h3_11":"8b1e2e695566fff"},"geometry":{"type":"Polygon","coordinates":[[[19.93974,50.026115],[19.939758,50.026039],[19.939783,50.026042],[19.939766,50.026117],[19.93974,50.026115]]]}},{"type":"Feature","id":"w704773076","properties":{"type":"yes","residential":false,"residents_est":0,"h3_10":"8a1e2e695557fff","h3_11":"8b1e2e695551fff"},"geometry":{"type":"Polygon","coordinates":[[[19.940479,50.02436],[19.940488,50.024308],[19.94058,50.024312],[19.940571,50.024366],[19.940479,50.02436]]]}},{"type":"Feature","id":"w704773077","properties":{"type":"yes","residential":true,"residents_est":3,"h3_10":"8a1e2e695547fff","h3_11":"8b1e2e695542fff"},"geometry":{"type":"Polygon","coordinates":[[[19.940591,50.02449],[19.940599,50.024428],[19.940607,50.024429],[19.940613,50.024385],[19.940758,50.024392],[19.940741,50.024499],[19.940591,50.02449]]]}},{"type":"Feature","id":"w704773078","properties":{"type":"yes","residential":true,"residents_est":3,"h3_10":"8a1e2e695547fff","h3_11":"8b1e2e695542fff"},"geometry":{"type":"Polygon","coordinates":[[[19.940982,50.024526],[19.940994,50.024437],[19.941147,50.024446],[19.941135,50.024534],[19.940982,50.024526]]]}},{"type":"Feature","id":"w704773080","properties":{"type":"yes","residential":false,"residents_est":0,"h3_10":"8a1e2e695547fff","h3_11":"8b1e2e695543fff"},"geometry":{"type":"Polygon","coordinates":[[[19.941296,50.024411],[19.941302,50.024358],[19.94135,50.024361],[19.941345,50.024414],[19.941296,50.024411]]]}},{"type":"Feature","id":"w704773082","properties":{"type":"yes","residential":false,"residents_est":0,"h3_10":"8a1e2e695547fff","h3_11":"8b1e2e695543fff"},"geometry":{"type":"Polygon","coordinates":[[[19.941691,50.024436],[19.941699,50.024383],[19.941744,50.024385],[19.941737,50.024439],[19.941691,50.024436]]]}},{"type":"Feature","id":"w704773084","properties":{"type":"yes","residential":false,"residents_est":0,"h3_10":"8a1e2e69555ffff","h3_11":"8b1e2e69555cfff"},"geometry":{"type":"Polygon","coordinates":[[[19.940689,50.024108],[19.940693,50.024075],[19.940834,50.024083],[19.940831,50.024117],[19.940689,50.024108]]]}},{"type":"Feature","id":"w704773085","properties":{"type":"yes","residential":false,"residents_est":0,"h3_10":"8a1e2e69555ffff","h3_11":"8b1e2e69555cfff"},"geometry":{"type":"Polygon","coordinates":[[[19.940707,50.024075],[19.940707,50.024048],[19.940835,50.024045],[19.940834,50.024083],[19.940707,50.024075]]]}},{"type":"Feature","id":"w704773086","properties":{"type":"yes","residential":false,"residents_est":0,"h3_10":"8a1e2e69555ffff","h3_11":"8b1e2e69555cfff"},"geometry":{"type":"Polygon","coordinates":[[[19.941018,50.024045],[19.941019,50.023955],[19.941074,50.023955],[19.941072,50.024045],[19.941018,50.024045]]]}},{"type":"Feature","id":"w704773087","properties":{"type":"yes","residential":false,"residents_est":0,"h3_10":"8a1e2e695557fff","h3_11":"8b1e2e695551fff"},"geometry":{"type":"Polygon","coordinates":[[[19.94025,50.02401],[19.940252,50.023953],[19.940321,50.023954],[19.940319,50.023997],[19.940297,50.023997],[19.940296,50.02401],[19.94025,50.02401]]]}},{"type":"Feature","id":"w704773089","properties":{"type":"yes","residential":true,"residents_est":3,"h3_10":"8a1e2e695557fff","h3_11":"8b1e2e695551fff"},"geometry":{"type":"Polygon","coordinates":[[[19.939992,50.024252],[19.940007,50.024149],[19.940156,50.024158],[19.94014,50.024261],[19.939992,50.024252]]]}},{"type":"Feature","id":"w704773090","properties":{"type":"yes","residential":false,"residents_est":0,"h3_10":"8a1e2e695557fff","h3_11":"8b1e2e695550fff"},"geometry":{"type":"Polygon","coordinates":[[[19.939656,50.02427],[19.939757,50.024265],[19.93976,50.024299],[19.939659,50.024303],[19.939656,50.02427]]]}},{"type":"Feature","id":"w704773091","properties":{"type":"yes","residential":true,"residents_est":3,"h3_10":"8a1e2e695557fff","h3_11":"8b1e2e695550fff"},"geometry":{"type":"Polygon","coordinates":[[[19.939528,50.024253],[19.939556,50.024252],[19.939553,50.024228],[19.939599,50.024226],[19.939597,50.024205],[19.939709,50.0242],[19.939713,50.024236],[19.939702,50.024237],[19.939705,50.024267],[19.939655,50.024269],[19.939658,50.024294],[19.939533,50.024304],[19.939528,50.024253]]]}},{"type":"Feature","id":"w704773092","properties":{"type":"yes","residential":true,"residents_est":2,"h3_10":"8a1e2e695557fff","h3_11":"8b1e2e695556fff"},"geometry":{"type":"Polygon","coordinates":[[[19.939169,50.024055],[19.93922,50.024051],[19.939226,50.02409],[19.939247,50.024088],[19.939249,50.0241],[19.939267,50.024099],[19.939272,50.024126],[19.939253,50.024128],[19.93926,50.024163],[19.939189,50.024168],[19.939169,50.024055]]]}},{"type":"Feature","id":"w704773093","properties":{"type":"semidetached_house","residential":true,"residents_est":4,"h3_10":"8a1e2e695557fff","h3_11":"8b1e2e695556fff"},"geometry":{"type":"Polygon","coordinates":[[[19.938882,50.024077],[19.938976,50.024071],[19.938994,50.02417],[19.9389,50.024178],[19.938882,50.024077]]]}},{"type":"Feature","id":"w704773095","properties":{"type":"semidetached_house","residential":true,"residents_est":4,"h3_10":"8a1e2e695557fff","h3_11":"8b1e2e695556fff"},"geometry":{"type":"Polygon","coordinates":[[[19.938562,50.024097],[19.938667,50.024089],[19.938685,50.024185],[19.938613,50.02419],[19.938616,50.024211],[19.938577,50.024214],[19.938562,50.024097]]]}},{"type":"Feature","id":"w704773096","properties":{"type":"yes","residential":false,"residents_est":0,"h3_10":"8a1e2e69550ffff","h3_11":"8b1e2e69550bfff"},"geometry":{"type":"Polygon","coordinates":[[[19.938056,50.024311],[19.938126,50.024306],[19.938135,50.024361],[19.938065,50.024366],[19.938056,50.024311]]]}},{"type":"Feature","id":"w704773097","properties":{"type":"yes","residential":false,"residents_est":0,"h3_10":"8a1e2e69550ffff","h3_11":"8b1e2e69550bfff"},"geometry":{"type":"Polygon","coordinates":[[[19.938126,50.024306],[19.938208,50.0243],[19.938215,50.024341],[19.938133,50.024347],[19.938126,50.024306]]]}},{"type":"Feature","id":"w704773099","properties":{"type":"yes","residential":false,"residents_est":0,"h3_10":"8a1e2e69550ffff","h3_11":"8b1e2e695509fff"},"geometry":{"type":"Polygon","coordinates":[[[19.938681,50.024323],[19.938724,50.024321],[19.938728,50.024366],[19.938685,50.024368],[19.938681,50.024323]]]}},{"type":"Feature","id":"w704773100","properties":{"type":"yes","residential":false,"residents_est":0,"h3_10":"8a1e2e69550ffff","h3_11":"8b1e2e695509fff"},"geometry":{"type":"Polygon","coordinates":[[[19.938296,50.024452],[19.938298,50.024401],[19.938368,50.024402],[19.938367,50.024453],[19.938296,50.024452]]]}},{"type":"Feature","id":"w704773101","properties":{"type":"yes","residential":true,"residents_est":1,"h3_10":"8a1e2e69550ffff","h3_11":"8b1e2e695509fff"},"geometry":{"type":"Polygon","coordinates":[[[19.938239,50.024513],[19.938241,50.02447],[19.938396,50.024473],[19.938394,50.024516],[19.938239,50.024513]]]}},{"type":"Feature","id":"w704773103","properties":{"type":"yes","address":"Ferdynanda Kurasia 26","residential":true,"residents_est":3,"h3_10":"8a1e2e69550ffff","h3_11":"8b1e2e69550dfff"},"geometry":{"type":"Polygon","coordinates":[[[19.938205,50.024823],[19.938361,50.024813],[19.938377,50.024916],[19.93822,50.024927],[19.938205,50.024823]]]}},{"type":"Feature","id":"w704773104","properties":{"type":"yes","residential":false,"residents_est":0,"h3_10":"8a1e2e695577fff","h3_11":"8b1e2e695572fff"},"geometry":{"type":"Polygon","coordinates":[[[19.938816,50.024871],[19.938854,50.024868],[19.938862,50.024931],[19.938826,50.024933],[19.938816,50.024871]]]}},{"type":"Feature","id":"w704773105","properties":{"type":"yes","residential":true,"residents_est":3,"h3_10":"8a1e2e695577fff","h3_11":"8b1e2e695572fff"},"geometry":{"type":"Polygon","coordinates":[[[19.938964,50.024865],[19.939118,50.024865],[19.939119,50.02496],[19.938965,50.024961],[19.938964,50.024865]]]}},{"type":"Feature","id":"w704773107","properties":{"type":"yes","residential":true,"residents_est":1,"h3_10":"8a1e2e695577fff","h3_11":"8b1e2e695572fff"},"geometry":{"type":"Polygon","coordinates":[[[19.93921,50.024757],[19.939339,50.024752],[19.939342,50.024798],[19.939214,50.024804],[19.93921,50.024757]]]}},{"type":"Feature","id":"w704773108","properties":{"type":"yes","residential":true,"residents_est":3,"h3_10":"8a1e2e695577fff","h3_11":"8b1e2e695573fff"},"geometry":{"type":"Polygon","coordinates":[[[19.939214,50.024804],[19.939356,50.024798],[19.93936,50.024867],[19.93945,50.024868],[19.939451,50.02488],[19.939222,50.02489],[19.939214,50.024804]]]}},{"type":"Feature","id":"w704773113","properties":{"type":"yes","residential":false,"residents_est":0,"h3_10":"8a1e2e695557fff","h3_11":"8b1e2e695554fff"},"geometry":{"type":"Polygon","coordinates":[[[19.939442,50.024603],[19.939507,50.024602],[19.939509,50.024649],[19.939445,50.02465],[19.939442,50.024603]]]}},{"type":"Feature","id":"w704773115","properties":{"type":"yes","residential":false,"residents_est":0,"h3_10":"8a1e2e695557fff","h3_11":"8b1e2e695554fff"},"geometry":{"type":"Polygon","coordinates":[[[19.939424,50.024549],[19.939634,50.024541],[19.939636,50.024562],[19.939552,50.024571],[19.939551,50.024565],[19.939426,50.024569],[19.939424,50.024549]]]}},{"type":"Feature","id":"w704773116","properties":{"type":"yes","residential":true,"residents_est":2,"h3_10":"8a1e2e695557fff","h3_11":"8b1e2e695555fff"},"geometry":{"type":"Polygon","coordinates":[[[19.939634,50.024541],[19.939761,50.024536],[19.939767,50.024603],[19.93964,50.024606],[19.939634,50.024541]]]}},{"type":"Feature","id":"w704773117","properties":{"type":"yes","residential":false,"residents_est":0,"h3_10":"8a1e2e695557fff","h3_11":"8b1e2e695554fff"},"geometry":{"type":"Polygon","coordinates":[[[19.939117,50.024513],[19.939171,50.024511],[19.939174,50.024557],[19.93912,50.024559],[19.939117,50.024513]]]}},{"type":"Feature","id":"w704773118","properties":{"type":"yes","residential":true,"residents_est":1,"h3_10":"8a1e2e695557fff","h3_11":"8b1e2e695554fff"},"geometry":{"type":"Polygon","coordinates":[[[19.939167,50.024449],[19.939214,50.024448],[19.939225,50.024555],[19.939174,50.024557],[19.939167,50.024449]]]}},{"type":"Feature","id":"w704773119","properties":{"type":"yes","residential":true,"residents_est":1,"h3_10":"8a1e2e695557fff","h3_11":"8b1e2e695554fff"},"geometry":{"type":"Polygon","coordinates":[[[19.939221,50.024506],[19.939332,50.024503],[19.939336,50.024551],[19.939225,50.024555],[19.939221,50.024506]]]}},{"type":"Feature","id":"w704773120","properties":{"type":"yes","residential":true,"residents_est":1,"h3_10":"8a1e2e695557fff","h3_11":"8b1e2e695554fff"},"geometry":{"type":"Polygon","coordinates":[[[19.939332,50.024503],[19.939444,50.0245],[19.93945,50.024548],[19.939336,50.024551],[19.939332,50.024503]]]}},{"type":"Feature","id":"w704773121","properties":{"type":"yes","residential":true,"residents_est":1,"h3_10":"8a1e2e695557fff","h3_11":"8b1e2e695554fff"},"geometry":{"type":"Polygon","coordinates":[[[19.939444,50.0245],[19.939598,50.024496],[19.939602,50.024542],[19.93945,50.024548],[19.939444,50.0245]]]}},{"type":"Feature","id":"w704773122","properties":{"type":"yes","residential":true,"residents_est":2,"h3_10":"8a1e2e695547fff","h3_11":"8b1e2e695546fff"},"geometry":{"type":"Polygon","coordinates":[[[19.940387,50.024816],[19.9404,50.024746],[19.940518,50.024752],[19.940511,50.024822],[19.940387,50.024816]]]}},{"type":"Feature","id":"w704773123","properties":{"type":"yes","residential":true,"residents_est":2,"h3_10":"8a1e2e695547fff","h3_11":"8b1e2e695546fff"},"geometry":{"type":"Polygon","coordinates":[[[19.940511,50.024822],[19.940521,50.024723],[19.940604,50.024727],[19.940589,50.024827],[19.940511,50.024822]]]}},{"type":"Feature","id":"w704773124","properties":{"type":"yes","address":"Harcerska 8","residential":true,"residents_est":2,"h3_10":"8a1e2e695547fff","h3_11":"8b1e2e695542fff"},"geometry":{"type":"Polygon","coordinates":[[[19.940521,50.024723],[19.94053,50.024634],[19.940652,50.02464],[19.940642,50.024729],[19.940521,50.024723]]]}},{"type":"Feature","id":"w704773126","properties":{"type":"yes","address":"Urocza 32","residential":true,"residents_est":3,"h3_10":"8a1e2e695557fff","h3_11":"8b1e2e695555fff"},"geometry":{"type":"Polygon","coordinates":[[[19.939987,50.0247],[19.939999,50.024615],[19.940103,50.02462],[19.940101,50.024634],[19.940136,50.024636],[19.940137,50.024622],[19.940145,50.024623],[19.940132,50.02473],[19.940091,50.024727],[19.940087,50.024752],[19.940002,50.024747],[19.940008,50.024701],[19.939987,50.0247]]]}},{"type":"Feature","id":"w704773127","properties":{"type":"yes","residential":false,"residents_est":0,"h3_10":"8a1e2e69542ffff","h3_11":"8b1e2e69542dfff"},"geometry":{"type":"Polygon","coordinates":[[[19.940449,50.023461],[19.940452,50.023413],[19.94054,50.023415],[19.940538,50.023453],[19.940468,50.023452],[19.940467,50.023462],[19.940449,50.023461]]]}},{"type":"Feature","id":"w704773128","properties":{"type":"yes","residential":true,"residents_est":2,"h3_10":"8a1e2e69542ffff","h3_11":"8b1e2e69542dfff"},"geometry":{"type":"Polygon","coordinates":[[[19.94059,50.023553],[19.940593,50.023454],[19.940704,50.023457],[19.9407,50.023556],[19.94059,50.023553]]]}},{"type":"Feature","id":"w704773129","properties":{"type":"yes","residential":false,"residents_est":0,"h3_10":"8a1e2e69542ffff","h3_11":"8b1e2e69542cfff"},"geometry":{"type":"Polygon","coordinates":[[[19.93988,50.023308],[19.939906,50.023264],[19.939944,50.023273],[19.939919,50.023317],[19.93988,50.023308]]]}},{"type":"Feature","id":"w704773130","properties":{"type":"yes","residential":false,"residents_est":0,"h3_10":"8a1e2e69542ffff","h3_11":"8b1e2e69542cfff"},"geometry":{"type":"Polygon","coordinates":[[[19.939554,50.023606],[19.939582,50.023552],[19.939615,50.023559],[19.939586,50.023613],[19.939554,50.023606]]]}},{"type":"Feature","id":"w704773131","properties":{"type":"yes","residential":false,"residents_est":0,"h3_10":"8a1e2e69542ffff","h3_11":"8b1e2e69542cfff"},"geometry":{"type":"Polygon","coordinates":[[[19.939742,50.023631],[19.939769,50.023589],[19.939834,50.023607],[19.939806,50.023648],[19.939742,50.023631]]]}},{"type":"Feature","id":"w704773133","properties":{"type":"yes","residential":true,"residents_est":1,"h3_10":"8a1e2e695557fff","h3_11":"8b1e2e695552fff"},"geometry":{"type":"Polygon","coordinates":[[[19.938969,50.023732],[19.939087,50.023722],[19.939088,50.023726],[19.939073,50.023728],[19.939084,50.023784],[19.938981,50.023792],[19.938969,50.023732]]]}},{"type":"Feature","id":"w704773134","properties":{"type":"yes","residential":true,"residents_est":3,"h3_10":"8a1e2e695557fff","h3_11":"8b1e2e695552fff"},"geometry":{"type":"Polygon","coordinates":[[[19.938981,50.023792],[19.939161,50.023779],[19.939177,50.023861],[19.938996,50.023875],[19.938981,50.023792]]]}},{"type":"Feature","id":"w704773135","properties":{"type":"yes","residential":false,"residents_est":0,"h3_10":"8a1e2e695427fff","h3_11":"8b1e2e695425fff"},"geometry":{"type":"Polygon","coordinates":[[[19.938558,50.023685],[19.938624,50.023679],[19.938635,50.023733],[19.938567,50.023737],[19.938558,50.023685]]]}},{"type":"Feature","id":"w704773136","properties":{"type":"yes","residential":true,"residents_est":2,"h3_10":"8a1e2e695427fff","h3_11":"8b1e2e695425fff"},"geometry":{"type":"Polygon","coordinates":[[[19.938757,50.023794],[19.938784,50.023792],[19.938782,50.023778],[19.938845,50.023772],[19.938864,50.023885],[19.938801,50.02389],[19.938798,50.023872],[19.938767,50.02387],[19.938757,50.023794]]]}},{"type":"Feature","id":"w704773137","properties":{"type":"semidetached_house","residential":true,"residents_est":4,"h3_10":"8a1e2e695427fff","h3_11":"8b1e2e695425fff"},"geometry":{"type":"Polygon","coordinates":[[[19.93854,50.023817],[19.938582,50.023811],[19.93858,50.0238],[19.938656,50.023794],[19.938677,50.023898],[19.938557,50.023906],[19.93854,50.023817]]]}},{"type":"Feature","id":"w704773138","properties":{"type":"yes","residential":false,"residents_est":0,"h3_10":"8a1e2e695427fff","h3_11":"8b1e2e695425fff"},"geometry":{"type":"Polygon","coordinates":[[[19.938258,50.023651],[19.938305,50.023648],[19.938314,50.023704],[19.938267,50.023707],[19.938258,50.023651]]]}},{"type":"Feature","id":"w704773139","properties":{"type":"yes","residential":true,"residents_est":2,"h3_10":"8a1e2e695427fff","h3_11":"8b1e2e695424fff"},"geometry":{"type":"Polygon","coordinates":[[[19.938108,50.023648],[19.93816,50.023644],[19.938158,50.023637],[19.938255,50.023638],[19.938267,50.023721],[19.938121,50.02373],[19.938108,50.023648]]]}},{"type":"Feature","id":"w704773140","properties":{"type":"yes","address":"Sucha 19c","residential":true,"residents_est":3,"h3_10":"8a1e2e695427fff","h3_11":"8b1e2e695420fff"},"geometry":{"type":"Polygon","coordinates":[[[19.938355,50.023505],[19.938379,50.023502],[19.938372,50.023459],[19.93851,50.023448],[19.938521,50.023527],[19.938473,50.023531],[19.938482,50.023598],[19.938395,50.023605],[19.938382,50.023534],[19.938362,50.023536],[19.938355,50.023505]]]}},{"type":"Feature","id":"w704773141","properties":{"type":"yes","residential":true,"residents_est":1,"h3_10":"8a1e2e695427fff","h3_11":"8b1e2e695420fff"},"geometry":{"type":"Polygon","coordinates":[[[19.93807,50.023502],[19.938205,50.023495],[19.93821,50.023536],[19.938075,50.023544],[19.93807,50.023502]]]}},{"type":"Feature","id":"w704773142","properties":{"type":"yes","residential":false,"residents_est":0,"h3_10":"8a1e2e695427fff","h3_11":"8b1e2e695420fff"},"geometry":{"type":"Polygon","coordinates":[[[19.937913,50.023369],[19.937969,50.023366],[19.937978,50.023433],[19.937922,50.023436],[19.937913,50.023369]]]}},{"type":"Feature","id":"w704773143","properties":{"type":"yes","residential":false,"residents_est":0,"h3_10":"8a1e2e695427fff","h3_11":"8b1e2e695420fff"},"geometry":{"type":"Polygon","coordinates":[[[19.937833,50.023449],[19.937972,50.023444],[19.937974,50.023471],[19.937835,50.023476],[19.937833,50.023449]]]}},{"type":"Feature","id":"w704773144","properties":{"type":"yes","address":"Sucha 17b","residential":true,"residents_est":3,"h3_10":"8a1e2e695427fff","h3_11":"8b1e2e695426fff"},"geometry":{"type":"Polygon","coordinates":[[[19.93771,50.023364],[19.937887,50.023355],[19.937898,50.023434],[19.937806,50.023439],[19.937809,50.02346],[19.937763,50.023463],[19.93776,50.023443],[19.93772,50.023444],[19.93771,50.023364]]]}},{"type":"Feature","id":"w704773145","properties":{"type":"yes","residential":true,"residents_est":5,"h3_10":"8a1e2e695427fff","h3_11":"8b1e2e695426fff"},"geometry":{"type":"Polygon","coordinates":[[[19.937348,50.02344],[19.937446,50.023434],[19.937444,50.023421],[19.937544,50.023415],[19.93756,50.023541],[19.937526,50.023542],[19.937527,50.023553],[19.937464,50.023557],[19.937466,50.02357],[19.9374,50.023574],[19.937399,50.023563],[19.937364,50.023564],[19.937348,50.02344]]]}},{"type":"Feature","id":"w704773146","properties":{"type":"yes","residential":true,"residents_est":2,"h3_10":"8a1e2e69551ffff","h3_11":"8b1e2e69551bfff"},"geometry":{"type":"Polygon","coordinates":[[[19.937107,50.023448],[19.937157,50.023445],[19.937159,50.023454],[19.937228,50.023449],[19.937243,50.023541],[19.937123,50.023549],[19.937107,50.023448]]]}},{"type":"Feature","id":"w704773147","properties":{"type":"yes","address":"Sucha 15a","residential":true,"residents_est":3,"h3_10":"8a1e2e69551ffff","h3_11":"8b1e2e695519fff"},"geometry":{"type":"Polygon","coordinates":[[[19.937384,50.023823],[19.937494,50.023816],[19.937513,50.023931],[19.937403,50.023939],[19.937384,50.023823]]]}},{"type":"Feature","id":"w704773148","properties":{"type":"semidetached_house","residential":true,"residents_est":4,"h3_10":"8a1e2e69551ffff","h3_11":"8b1e2e695518fff"},"geometry":{"type":"Polygon","coordinates":[[[19.936554,50.023901],[19.936658,50.023894],[19.93667,50.023979],[19.936566,50.023985],[19.936554,50.023901]]]}},{"type":"Feature","id":"w704773149","properties":{"type":"yes","residential":false,"residents_est":0,"h3_10":"8a1e2e69551ffff","h3_11":"8b1e2e695518fff"},"geometry":{"type":"Polygon","coordinates":[[[19.936136,50.023819],[19.936169,50.023817],[19.936176,50.023876],[19.936144,50.023878],[19.936136,50.023819]]]}},{"type":"Feature","id":"w704773150","properties":{"type":"yes","residential":true,"residents_est":1,"h3_10":"8a1e2e69551ffff","h3_11":"8b1e2e695518fff"},"geometry":{"type":"Polygon","coordinates":[[[19.936144,50.023878],[19.936176,50.023876],[19.936169,50.023817],[19.93623,50.023815],[19.936241,50.0239],[19.936147,50.023905],[19.936144,50.023878]]]}},{"type":"Feature","id":"w704773151","properties":{"type":"yes","residential":false,"residents_est":0,"h3_10":"8a1e2e69551ffff","h3_11":"8b1e2e695518fff"},"geometry":{"type":"Polygon","coordinates":[[[19.93634,50.023913],[19.936371,50.023911],[19.93637,50.023904],[19.936383,50.023904],[19.936393,50.02399],[19.93635,50.023992],[19.93634,50.023913]]]}},{"type":"Feature","id":"w704773152","properties":{"type":"yes","residential":true,"residents_est":2,"h3_10":"8a1e2e69551ffff","h3_11":"8b1e2e695518fff"},"geometry":{"type":"Polygon","coordinates":[[[19.936241,50.0239],[19.936337,50.023896],[19.93635,50.023998],[19.936254,50.024004],[19.936241,50.0239]]]}},{"type":"Feature","id":"w704773153","properties":{"type":"garages","residential":false,"residents_est":0,"h3_10":"8a1e2e695517fff","h3_11":"8b1e2e695512fff"},"geometry":{"type":"Polygon","coordinates":[[[19.934565,50.023597],[19.934648,50.023592],[19.934673,50.02377],[19.934685,50.023769],[19.93471,50.023946],[19.934628,50.023951],[19.934603,50.023773],[19.93459,50.023774],[19.934565,50.023597]]]}},{"type":"Feature","id":"w704773156","properties":{"type":"service","residential":false,"residents_est":0,"h3_10":"8a1e2e695517fff","h3_11":"8b1e2e695511fff"},"geometry":{"type":"Polygon","coordinates":[[[19.935176,50.023955],[19.935251,50.023951],[19.935259,50.024027],[19.935184,50.024031],[19.935176,50.023955]]]}},{"type":"Feature","id":"w704773157","properties":{"type":"yes","residential":false,"residents_est":0,"h3_10":"8a1e2e69551ffff","h3_11":"8b1e2e695518fff"},"geometry":{"type":"Polygon","coordinates":[[[19.936271,50.023716],[19.93631,50.023715],[19.936313,50.023768],[19.936275,50.023769],[19.936271,50.023716]]]}},{"type":"Feature","id":"w704773158","properties":{"type":"yes","residential":true,"residents_est":4,"h3_10":"8a1e2e69551ffff","h3_11":"8b1e2e695519fff"},"geometry":{"type":"Polygon","coordinates":[[[19.937059,50.023715],[19.937265,50.023703],[19.937276,50.023788],[19.93707,50.0238],[19.937059,50.023715]]]}},{"type":"Feature","id":"w704773159","properties":{"type":"yes","residential":true,"residents_est":4,"h3_10":"8a1e2e69551ffff","h3_11":"8b1e2e69551bfff"},"geometry":{"type":"Polygon","coordinates":[[[19.936702,50.023558],[19.936723,50.023556],[19.936718,50.023529],[19.936863,50.023519],[19.936883,50.023635],[19.936739,50.023645],[19.936734,50.023618],[19.936712,50.02362],[19.936702,50.023558]]]}},{"type":"Feature","id":"w704773160","properties":{"type":"yes","residential":true,"residents_est":4,"h3_10":"8a1e2e69551ffff","h3_11":"8b1e2e695518fff"},"geometry":{"type":"Polygon","coordinates":[[[19.936721,50.023673],[19.936743,50.023671],[19.936739,50.023645],[19.936883,50.023635],[19.936903,50.023751],[19.936757,50.023761],[19.936753,50.023734],[19.936732,50.023735],[19.936721,50.023673]]]}},{"type":"Feature","id":"w704773165","properties":{"type":"yes","residential":false,"residents_est":0,"h3_10":"8a1e2e6954effff","h3_11":"8b1e2e6954e9fff"},"geometry":{"type":"Polygon","coordinates":[[[19.943057,50.020513],[19.943058,50.020484],[19.94312,50.020485],[19.943122,50.020516],[19.943057,50.020513]]]}},{"type":"Feature","id":"w704773166","properties":{"type":"yes","residential":true,"residents_est":2,"h3_10":"8a1e2e6954effff","h3_11":"8b1e2e6954e9fff"},"geometry":{"type":"Polygon","coordinates":[[[19.943058,50.020484],[19.943058,50.020443],[19.94328,50.020445],[19.943277,50.020483],[19.943058,50.020484]]]}},{"type":"Feature","id":"w704773167","properties":{"type":"yes","residential":false,"residents_est":0,"h3_10":"8a1e2e6954effff","h3_11":"8b1e2e6954e9fff"},"geometry":{"type":"Polygon","coordinates":[[[19.943142,50.020531],[19.943143,50.020486],[19.943218,50.020486],[19.943217,50.020532],[19.943142,50.020531]]]}},{"type":"Feature","id":"w704773170","properties":{"type":"apartments","address":"Generała Bolesława Roi 6b","residential":true,"residents_est":122,"h3_10":"8a1e2e69544ffff","h3_11":"8b1e2e69544afff"},"geometry":{"type":"Polygon","coordinates":[[[19.944355,50.021589],[19.944367,50.021513],[19.944388,50.021514],[19.944395,50.021471],[19.944583,50.021484],[19.944582,50.021491],[19.944628,50.021494],[19.944629,50.021487],[19.94484,50.021501],[19.944838,50.021508],[19.944884,50.021512],[19.944885,50.021504],[19.945131,50.021521],[19.945121,50.021582],[19.945147,50.021584],[19.94511,50.02181],[19.945053,50.021806],[19.945051,50.021817],[19.944975,50.021812],[19.944976,50.021801],[19.944919,50.021797],[19.944942,50.021658],[19.944952,50.021659],[19.944956,50.021637],[19.944931,50.021636],[19.944933,50.021628],[19.944758,50.021616],[19.944756,50.021624],[19.944671,50.021618],[19.944672,50.021611],[19.944502,50.021599],[19.9445,50.021607],[19.944415,50.021601],[19.944416,50.021593],[19.944355,50.021589]]]}},{"type":"Feature","id":"w704773171","properties":{"type":"apartments","address":"Generała Bolesława Roi 6a","residential":true,"residents_est":165,"h3_10":"8a1e2e69544ffff","h3_11":"8b1e2e69544efff"},"geometry":{"type":"Polygon","coordinates":[[[19.943951,50.022077],[19.943965,50.021991],[19.943983,50.021992],[19.943989,50.021959],[19.944267,50.021978],[19.944261,50.022014],[19.944316,50.022018],[19.944318,50.022008],[19.944443,50.022017],[19.944441,50.022026],[19.944517,50.022031],[19.944513,50.022058],[19.944572,50.022062],[19.944574,50.022053],[19.944698,50.022061],[19.944696,50.02207],[19.944773,50.022075],[19.94477,50.022093],[19.944886,50.022101],[19.944893,50.022054],[19.944878,50.022053],[19.944901,50.021911],[19.944958,50.021914],[19.94496,50.021903],[19.945093,50.021912],[19.94508,50.02199],[19.945087,50.021991],[19.945079,50.022046],[19.945072,50.022045],[19.945041,50.022232],[19.944831,50.022225],[19.944832,50.022218],[19.944743,50.022212],[19.944748,50.022185],[19.944666,50.022179],[19.944664,50.022187],[19.944492,50.022168],[19.944496,50.022141],[19.944411,50.022135],[19.944409,50.022143],[19.944324,50.022137],[19.944325,50.022129],[19.944236,50.022123],[19.94424,50.022097],[19.944159,50.022091],[19.944158,50.022099],[19.944072,50.022093],[19.944073,50.022085],[19.943951,50.022077]]]}},{"type":"Feature","id":"w749053096","properties":{"type":"apartments","address":"Aleksandra Fredry 6H","residential":true,"residents_est":66,"h3_10":"8a1e2e69556ffff","h3_11":"8b1e2e695568fff"},"geometry":{"type":"Polygon","coordinates":[[[19.942519,50.025645],[19.942527,50.025598],[19.942549,50.025599],[19.942554,50.025569],[19.942576,50.02557],[19.942581,50.025541],[19.942771,50.025555],[19.942777,50.025515],[19.942767,50.025514],[19.942779,50.025441],[19.942987,50.025455],[19.942949,50.025676],[19.942519,50.025645]]]}},{"type":"Feature","id":"w749053097","properties":{"type":"apartments","address":"Aleksandra Fredry 6G","residential":true,"residents_est":104,"h3_10":"8a1e2e69556ffff","h3_11":"8b1e2e69556dfff"},"geometry":{"type":"Polygon","coordinates":[[[19.94227,50.025953],[19.942286,50.02586],[19.942318,50.025862],[19.942338,50.025748],[19.942395,50.025752],[19.942397,50.025738],[19.942524,50.025747],[19.94251,50.025829],[19.942499,50.025828],[19.942491,50.025873],[19.942724,50.02589],[19.942732,50.025844],[19.942721,50.025844],[19.942735,50.025762],[19.942932,50.025776],[19.94292,50.025846],[19.9429,50.025844],[19.942895,50.02587],[19.942916,50.025871],[19.94291,50.025907],[19.942931,50.025908],[19.942926,50.025939],[19.942905,50.025937],[19.942899,50.025969],[19.94292,50.025971],[19.942915,50.025999],[19.94227,50.025953]]]}},{"type":"Feature","id":"w749053098","properties":{"type":"apartments","levels":4.0,"address":"Aleksandra Fredry 6D","residential":true,"residents_est":30,"h3_10":"8a1e2e69556ffff","h3_11":"8b1e2e69556afff"},"geometry":{"type":"Polygon","coordinates":[[[19.942062,50.025459],[19.942126,50.025302],[19.942148,50.025305],[19.942162,50.025269],[19.942265,50.025285],[19.942262,50.025294],[19.942295,50.025299],[19.942285,50.025326],[19.942308,50.025329],[19.942292,50.025373],[19.942315,50.025376],[19.942267,50.025495],[19.942062,50.025459]]]}},{"type":"Feature","id":"w749053099","properties":{"type":"apartments","levels":4.0,"address":"Aleksandra Fredry 6C","residential":true,"residents_est":27,"h3_10":"8a1e2e69556ffff","h3_11":"8b1e2e69556efff"},"geometry":{"type":"Polygon","coordinates":[[[19.942006,50.025631],[19.942043,50.025529],[19.942065,50.025533],[19.942077,50.0255],[19.942182,50.025512],[19.942179,50.025521],[19.942212,50.025526],[19.942202,50.025553],[19.942224,50.025557],[19.942209,50.0256],[19.942232,50.025603],[19.94221,50.025665],[19.942186,50.025661],[19.942169,50.02571],[19.942113,50.025701],[19.94211,50.02571],[19.942006,50.025695],[19.942028,50.025635],[19.942006,50.025631]]]}},{"type":"Feature","id":"w749053100","properties":{"type":"apartments","levels":4.0,"address":"Aleksandra Fredry 6B","residential":true,"residents_est":28,"h3_10":"8a1e2e69556ffff","h3_11":"8b1e2e69556cfff"},"geometry":{"type":"Polygon","coordinates":[[[19.941923,50.025859],[19.94196,50.025757],[19.941982,50.02576],[19.941995,50.025724],[19.942099,50.02574],[19.942096,50.025749],[19.942129,50.025754],[19.942119,50.025781],[19.942141,50.025784],[19.942125,50.025827],[19.942149,50.025831],[19.942127,50.025892],[19.942103,50.025889],[19.942082,50.025947],[19.941923,50.025922],[19.941945,50.025862],[19.941923,50.025859]]]}},{"type":"Feature","id":"w895492879","properties":{"type":"apartments","levels":4.0,"residential":true,"residents_est":32,"h3_10":"8a1e2e69556ffff","h3_11":"8b1e2e69556afff"},"geometry":{"type":"Polygon","coordinates":[[[19.942148,50.025233],[19.942219,50.025037],[19.942417,50.025059],[19.942344,50.025263],[19.942148,50.025233]]]}},{"type":"Feature","id":"w895492880","properties":{"type":"apartments","residential":true,"residents_est":66,"h3_10":"8a1e2e69556ffff","h3_11":"8b1e2e69556bfff"},"geometry":{"type":"Polygon","coordinates":[[[19.942571,50.025324],[19.942578,50.025271],[19.942606,50.025272],[19.942609,50.025246],[19.942635,50.025246],[19.942635,50.025219],[19.942829,50.025234],[19.942847,50.02512],[19.94304,50.025134],[19.943004,50.025357],[19.942571,50.025324]]]}},{"type":"Feature","id":"w1020035723","properties":{"type":"detached","levels":2.0,"address":"Ratajska 1","residential":true,"residents_est":5,"h3_10":"8a1e2e69541ffff","h3_11":"8b1e2e695418fff"},"geometry":{"type":"Polygon","coordinates":[[[19.939016,50.021292],[19.939158,50.021265],[19.939194,50.021342],[19.939135,50.021354],[19.939133,50.02135],[19.939053,50.02137],[19.939016,50.021292]]]}},{"type":"Feature","id":"w1039022188","properties":{"type":"outbuilding","levels":1.0,"residential":false,"residents_est":0,"h3_10":"8a1e2e695407fff","h3_11":"8b1e2e695402fff"},"geometry":{"type":"Polygon","coordinates":[[[19.938347,50.022013],[19.938485,50.022],[19.938494,50.022046],[19.938456,50.02205],[19.938453,50.022036],[19.938359,50.022045],[19.938347,50.022013]]]}},{"type":"Feature","id":"w1159648235","properties":{"type":"yes","residential":false,"residents_est":0,"h3_10":"8a1e2e695567fff","h3_11":"8b1e2e695563fff"},"geometry":{"type":"Polygon","coordinates":[[[19.940766,50.025645],[19.940779,50.025591],[19.94085,50.025598],[19.940837,50.025652],[19.940766,50.025645]]]}},{"type":"Feature","id":"w1159648236","properties":{"type":"yes","address":"Aleksandra Fredry 15C","residential":true,"residents_est":3,"h3_10":"8a1e2e695567fff","h3_11":"8b1e2e695562fff"},"geometry":{"type":"Polygon","coordinates":[[[19.940467,50.025708],[19.940489,50.025617],[19.940657,50.025634],[19.940635,50.025724],[19.940467,50.025708]]]}},{"type":"Feature","id":"w1159648237","properties":{"type":"yes","address":"Aleksandra Fredry 15B","residential":true,"residents_est":3,"h3_10":"8a1e2e695567fff","h3_11":"8b1e2e695562fff"},"geometry":{"type":"Polygon","coordinates":[[[19.940635,50.025724],[19.940657,50.025634],[19.940837,50.025652],[19.940815,50.025742],[19.940635,50.025724]]]}},{"type":"Feature","id":"w1159648239","properties":{"type":"yes","address":"Aleksandra Fredry 15","residential":true,"residents_est":3,"h3_10":"8a1e2e695567fff","h3_11":"8b1e2e695563fff"},"geometry":{"type":"Polygon","coordinates":[[[19.941262,50.025686],[19.941273,50.025645],[19.941302,50.025649],[19.941313,50.02561],[19.941439,50.025625],[19.941407,50.025743],[19.941281,50.025728],[19.941291,50.025689],[19.941262,50.025686]]]}},{"type":"Feature","id":"w1159648240","properties":{"type":"yes","address":"Aleksandra Fredry 13","residential":true,"residents_est":3,"h3_10":"8a1e2e695567fff","h3_11":"8b1e2e695563fff"},"geometry":{"type":"Polygon","coordinates":[[[19.94123,50.025822],[19.941256,50.025726],[19.941407,50.025743],[19.94138,50.025839],[19.94123,50.025822]]]}},{"type":"Feature","id":"w1159648241","properties":{"type":"yes","address":"Aleksandra Fredry 11","residential":true,"residents_est":3,"h3_10":"8a1e2e695567fff","h3_11":"8b1e2e695561fff"},"geometry":{"type":"Polygon","coordinates":[[[19.941227,50.025933],[19.941257,50.025825],[19.94138,50.025839],[19.941351,50.025947],[19.941227,50.025933]]]}},{"type":"Feature","id":"w1159648242","properties":{"type":"yes","address":"Urocza 14B","residential":true,"residents_est":5,"h3_10":"8a1e2e695567fff","h3_11":"8b1e2e695564fff"},"geometry":{"type":"Polygon","coordinates":[[[19.940324,50.026205],[19.940346,50.026117],[19.940631,50.026153],[19.940611,50.026234],[19.940324,50.026205]]]}},{"type":"Feature","id":"w1159648243","properties":{"type":"yes","address":"Aleksandra Fredry 9a","residential":true,"residents_est":2,"h3_10":"8a1e2e695567fff","h3_11":"8b1e2e695561fff"},"geometry":{"type":"Polygon","coordinates":[[[19.941157,50.025985],[19.941174,50.025926],[19.941316,50.025943],[19.941298,50.026002],[19.941157,50.025985]]]}},{"type":"Feature","id":"w1159648244","properties":{"type":"yes","address":"Aleksandra Fredry 9","residential":true,"residents_est":2,"h3_10":"8a1e2e695567fff","h3_11":"8b1e2e695561fff"},"geometry":{"type":"Polygon","coordinates":[[[19.94114,50.026042],[19.941157,50.025985],[19.941298,50.026002],[19.941282,50.026059],[19.94114,50.026042]]]}},{"type":"Feature","id":"w1159648245","properties":{"type":"yes","address":"Aleksandra Fredry 7","residential":true,"residents_est":2,"h3_10":"8a1e2e695567fff","h3_11":"8b1e2e695561fff"},"geometry":{"type":"Polygon","coordinates":[[[19.941115,50.026127],[19.94114,50.026042],[19.941282,50.026059],[19.94126,50.026133],[19.941194,50.026125],[19.941191,50.026136],[19.941115,50.026127]]]}},{"type":"Feature","id":"w1159648246","properties":{"type":"yes","address":"Aleksandra Fredry 3","residential":true,"residents_est":3,"h3_10":"8a1e2e695567fff","h3_11":"8b1e2e695565fff"},"geometry":{"type":"Polygon","coordinates":[[[19.940942,50.026355],[19.940964,50.026273],[19.941157,50.026294],[19.941135,50.026376],[19.940942,50.026355]]]}},{"type":"Feature","id":"w1159648247","properties":{"type":"yes","address":"Aleksandra Fredry 5","residential":true,"residents_est":2,"h3_10":"8a1e2e695567fff","h3_11":"8b1e2e695565fff"},"geometry":{"type":"Polygon","coordinates":[[[19.941026,50.02628],[19.941048,50.026198],[19.941179,50.026213],[19.941157,50.026294],[19.941026,50.02628]]]}},{"type":"Feature","id":"w1160050578","properties":{"type":"yes","address":"Sucha 17G","residential":true,"residents_est":4,"h3_10":"8a1e2e695427fff","h3_11":"8b1e2e695422fff"},"geometry":{"type":"Polygon","coordinates":[[[19.938012,50.023105],[19.938172,50.023096],[19.938188,50.023218],[19.938028,50.023227],[19.938012,50.023105]]]}},{"type":"Feature","id":"w1160050579","properties":{"type":"yes","address":"Sucha 17F","residential":true,"residents_est":4,"h3_10":"8a1e2e695427fff","h3_11":"8b1e2e695422fff"},"geometry":{"type":"Polygon","coordinates":[[[19.937997,50.022983],[19.938156,50.022974],[19.938172,50.023096],[19.938012,50.023105],[19.937997,50.022983]]]}},{"type":"Feature","id":"w1160050580","properties":{"type":"yes","address":"Sucha 17E","residential":true,"residents_est":4,"h3_10":"8a1e2e695427fff","h3_11":"8b1e2e695422fff"},"geometry":{"type":"Polygon","coordinates":[[[19.937634,50.023],[19.937786,50.022992],[19.937803,50.023115],[19.937651,50.023124],[19.937634,50.023]]]}},{"type":"Feature","id":"w1160050581","properties":{"type":"yes","address":"Sucha 17D","residential":true,"residents_est":4,"h3_10":"8a1e2e695427fff","h3_11":"8b1e2e695422fff"},"geometry":{"type":"Polygon","coordinates":[[[19.937651,50.023124],[19.937803,50.023115],[19.93782,50.023238],[19.937667,50.023247],[19.937651,50.023124]]]}},{"type":"Feature","id":"w1160050582","properties":{"type":"house","levels":2.0,"address":"Lechicka 8","residential":true,"residents_est":15,"h3_10":"8a1e2e69550ffff","h3_11":"8b1e2e69550cfff"},"geometry":{"type":"Polygon","coordinates":[[[19.937204,50.024933],[19.937215,50.024932],[19.937206,50.024881],[19.937332,50.024871],[19.937334,50.024884],[19.937408,50.024878],[19.937406,50.024865],[19.937532,50.024856],[19.937541,50.024907],[19.937552,50.024906],[19.937564,50.024968],[19.937468,50.024975],[19.937467,50.02497],[19.937435,50.024973],[19.937436,50.024981],[19.937344,50.024988],[19.937343,50.02498],[19.937215,50.024994],[19.937204,50.024933]]]}},{"type":"Feature","id":"w1160050641","properties":{"type":"yes","residential":true,"residents_est":1,"h3_10":"8a1e2e695567fff","h3_11":"8b1e2e695563fff"},"geometry":{"type":"Polygon","coordinates":[[[19.941067,50.025485],[19.941086,50.02539],[19.941148,50.025395],[19.941129,50.02549],[19.941067,50.025485]]]}},{"type":"Feature","id":"w1160050642","properties":{"type":"yes","address":"Włodarska 26","residential":true,"residents_est":2,"h3_10":"8a1e2e695567fff","h3_11":"8b1e2e695563fff"},"geometry":{"type":"Polygon","coordinates":[[[19.940966,50.025477],[19.940987,50.02537],[19.941088,50.025378],[19.941067,50.025485],[19.940966,50.025477]]]}},{"type":"Feature","id":"w1160050643","properties":{"type":"yes","address":"Włodarska 24","residential":true,"residents_est":2,"h3_10":"8a1e2e695547fff","h3_11":"8b1e2e695544fff"},"geometry":{"type":"Polygon","coordinates":[[[19.940863,50.025468],[19.940884,50.025362],[19.940987,50.02537],[19.940966,50.025477],[19.940863,50.025468]]]}},{"type":"Feature","id":"w1160050644","properties":{"type":"yes","address":"Włodarska 22","residential":true,"residents_est":2,"h3_10":"8a1e2e695547fff","h3_11":"8b1e2e695544fff"},"geometry":{"type":"Polygon","coordinates":[[[19.940754,50.025459],[19.940775,50.025353],[19.940884,50.025362],[19.940863,50.025468],[19.940754,50.025459]]]}},{"type":"Feature","id":"w1160050645","properties":{"type":"yes","address":"Włodarska 20","residential":true,"residents_est":2,"h3_10":"8a1e2e695547fff","h3_11":"8b1e2e695544fff"},"geometry":{"type":"Polygon","coordinates":[[[19.940653,50.025451],[19.940674,50.025345],[19.940775,50.025353],[19.940754,50.025459],[19.940653,50.025451]]]}},{"type":"Feature","id":"w1160050649","properties":{"type":"yes","address":"Włodarska 12","residential":true,"residents_est":4,"h3_10":"8a1e2e695577fff","h3_11":"8b1e2e695571fff"},"geometry":{"type":"Polygon","coordinates":[[[19.939879,50.025371],[19.939902,50.025262],[19.940087,50.025278],[19.940064,50.025387],[19.939879,50.025371]]]}},{"type":"Feature","id":"w1160050650","properties":{"type":"yes","address":"Włodarska 14","residential":true,"residents_est":3,"h3_10":"8a1e2e695577fff","h3_11":"8b1e2e695571fff"},"geometry":{"type":"Polygon","coordinates":[[[19.940064,50.025387],[19.940087,50.025278],[19.940221,50.025289],[19.940214,50.025322],[19.940235,50.025324],[19.940219,50.0254],[19.940064,50.025387]]]}},{"type":"Feature","id":"w1160050658","properties":{"type":"yes","residential":true,"residents_est":2,"h3_10":"8a1e2e695577fff","h3_11":"8b1e2e695575fff"},"geometry":{"type":"Polygon","coordinates":[[[19.939841,50.025528],[19.939864,50.025436],[19.93997,50.025447],[19.939947,50.025539],[19.939841,50.025528]]]}},{"type":"Feature","id":"w1160050659","properties":{"type":"yes","address":"Aleksandra Fredry 15F","residential":true,"residents_est":3,"h3_10":"8a1e2e695577fff","h3_11":"8b1e2e695575fff"},"geometry":{"type":"Polygon","coordinates":[[[19.939874,50.025674],[19.939906,50.025548],[19.940033,50.025562],[19.940004,50.025676],[19.939976,50.025673],[19.939973,50.025685],[19.939874,50.025674]]]}},{"type":"Feature","id":"w1160050660","properties":{"type":"yes","address":"Aleksandra Fredry 15E","residential":true,"residents_est":2,"h3_10":"8a1e2e695567fff","h3_11":"8b1e2e695562fff"},"geometry":{"type":"Polygon","coordinates":[[[19.940004,50.025676],[19.940033,50.025562],[19.940141,50.025573],[19.940117,50.025665],[19.940053,50.025658],[19.940047,50.025681],[19.940004,50.025676]]]}},{"type":"Feature","id":"w1160050661","properties":{"type":"yes","address":"Aleksandra Fredry 15d","residential":true,"residents_est":3,"h3_10":"8a1e2e695567fff","h3_11":"8b1e2e695562fff"},"geometry":{"type":"Polygon","coordinates":[[[19.940117,50.025665],[19.940141,50.025573],[19.940299,50.02559],[19.940275,50.025682],[19.940117,50.025665]]]}},{"type":"Feature","id":"w1161942685","properties":{"type":"yes","address":"Sucha 17A","residential":true,"residents_est":4,"h3_10":"8a1e2e695427fff","h3_11":"8b1e2e695424fff"},"geometry":{"type":"Polygon","coordinates":[[[19.937714,50.0236],[19.937811,50.023595],[19.937823,50.023687],[19.93797,50.023676],[19.937977,50.023735],[19.937737,50.023748],[19.937714,50.0236]]]}},{"type":"Feature","id":"w1197781496","properties":{"type":"outbuilding","levels":1.0,"residential":false,"residents_est":0,"h3_10":"8a1e2e695557fff","h3_11":"8b1e2e695551fff"},"geometry":{"type":"Polygon","coordinates":[[[19.94042,50.024222],[19.940426,50.024179],[19.94073,50.024197],[19.940724,50.024239],[19.94042,50.024222]]]}},{"type":"Feature","id":"w1197781511","properties":{"type":"garage","levels":1.0,"residential":false,"residents_est":0,"h3_10":"8a1e2e69545ffff","h3_11":"8b1e2e69545cfff"},"geometry":{"type":"Polygon","coordinates":[[[19.943143,50.02186],[19.943224,50.0214],[19.943446,50.021417],[19.943365,50.021876],[19.943143,50.02186]]]}},{"type":"Feature","id":"w1197781608","properties":{"type":"house","levels":2.0,"residential":true,"residents_est":4,"h3_10":"8a1e2e69555ffff","h3_11":"8b1e2e69555dfff"},"geometry":{"type":"Polygon","coordinates":[[[19.941534,50.023971],[19.94163,50.02397],[19.941634,50.024081],[19.941537,50.024082],[19.941534,50.023971]]]}},{"type":"Feature","id":"w1197781618","properties":{"type":"outbuilding","levels":1.0,"residential":false,"residents_est":0,"h3_10":"8a1e2e695547fff","h3_11":"8b1e2e695544fff"},"geometry":{"type":"Polygon","coordinates":[[[19.940672,50.025205],[19.94069,50.025113],[19.940742,50.025117],[19.940725,50.025209],[19.940672,50.025205]]]}},{"type":"Feature","id":"w1197781632","properties":{"type":"house","levels":2.0,"residential":true,"residents_est":6,"h3_10":"8a1e2e695407fff","h3_11":"8b1e2e695406fff"},"geometry":{"type":"Polygon","coordinates":[[[19.937628,50.022078],[19.937752,50.022064],[19.937775,50.022144],[19.937764,50.022146],[19.937778,50.022196],[19.937673,50.022208],[19.93766,50.022157],[19.937649,50.022159],[19.937628,50.022078]]]}},{"type":"Feature","id":"w1197781657","properties":{"type":"house","levels":1.0,"residential":false,"residents_est":0,"h3_10":"8a1e2e6954f7fff","h3_11":"8b1e2e6954f1fff"},"geometry":{"type":"Polygon","coordinates":[[[19.940178,50.020201],[19.94023,50.020192],[19.940243,50.020226],[19.940265,50.020222],[19.940271,50.020236],[19.940198,50.020249],[19.940178,50.020201]]]}},{"type":"Feature","id":"w1197781687","properties":{"type":"outbuilding","levels":1.0,"residential":false,"residents_est":0,"h3_10":"8a1e2e695537fff","h3_11":"8b1e2e695534fff"},"geometry":{"type":"Polygon","coordinates":[[[19.934086,50.025672],[19.934192,50.025653],[19.934212,50.025697],[19.934106,50.025717],[19.934086,50.025672]]]}},{"type":"Feature","id":"w1232169952","properties":{"type":"yes","address":"Zakopiańska 50A","residential":true,"residents_est":4,"h3_10":"8a1e2e695497fff","h3_11":"8b1e2e695494fff"},"geometry":{"type":"Polygon","coordinates":[[[19.933962,50.019518],[19.934251,50.019377],[19.934303,50.019421],[19.934014,50.019562],[19.933962,50.019518]]]}},{"type":"Feature","id":"w1304431234","properties":{"type":"yes","address":"Aleksandra Fredry 50","residential":true,"residents_est":4,"h3_10":"8a1e2e6954cffff","h3_11":"8b1e2e6954cdfff"},"geometry":{"type":"Polygon","coordinates":[[[19.943053,50.019823],[19.943065,50.019687],[19.943205,50.019692],[19.943192,50.019828],[19.943053,50.019823]]]}},{"type":"Feature","id":"w1316169458","properties":{"type":"yes","residential":true,"residents_est":0,"h3_10":"8a1e2e6954a7fff","h3_11":"8b1e2e6954a1fff"},"geometry":{"type":"Polygon","coordinates":[[[19.936485,50.020917],[19.936584,50.020866],[19.93663,50.020902],[19.93653,50.020953],[19.936485,50.020917]]]}},{"type":"Feature","id":"w1316169459","properties":{"type":"yes","residential":false,"residents_est":0,"h3_10":"8a1e2e6954f7fff","h3_11":"8b1e2e6954f4fff"},"geometry":{"type":"Polygon","coordinates":[[[19.938537,50.020579],[19.938603,50.020566],[19.938617,50.020594],[19.938584,50.020601],[19.93859,50.020613],[19.938552,50.020619],[19.938537,50.020579]]]}},{"type":"Feature","id":"w1316170427","properties":{"type":"yes","residential":false,"residents_est":0,"h3_10":"8a1e2e6954f7fff","h3_11":"8b1e2e6954f1fff"},"geometry":{"type":"Polygon","coordinates":[[[19.940013,50.020006],[19.940116,50.019985],[19.940132,50.020019],[19.94003,50.02004],[19.940013,50.020006]]]}},{"type":"Feature","id":"w1316170428","properties":{"type":"yes","residential":false,"residents_est":0,"h3_10":"8a1e2e6954c7fff","h3_11":"8b1e2e6954c0fff"},"geometry":{"type":"Polygon","coordinates":[[[19.940888,50.0198],[19.940983,50.019792],[19.94099,50.019822],[19.940895,50.01983],[19.940888,50.0198]]]}},{"type":"Feature","id":"w1316170431","properties":{"type":"yes","residential":false,"residents_est":0,"h3_10":"8a1e2e6954cffff","h3_11":"8b1e2e6954cefff"},"geometry":{"type":"Polygon","coordinates":[[[19.941919,50.019207],[19.941921,50.019169],[19.941988,50.01917],[19.941986,50.019208],[19.941919,50.019207]]]}},{"type":"Feature","id":"w1316170432","properties":{"type":"yes","residential":false,"residents_est":0,"h3_10":"8a1e2e6954dffff","h3_11":"8b1e2e6954ddfff"},"geometry":{"type":"Polygon","coordinates":[[[19.94168,50.019235],[19.941748,50.019233],[19.94175,50.019278],[19.941681,50.019279],[19.94168,50.019235]]]}},{"type":"Feature","id":"w1316170433","properties":{"type":"yes","residential":false,"residents_est":0,"h3_10":"8a1e2e6954c7fff","h3_11":"8b1e2e6954c3fff"},"geometry":{"type":"Polygon","coordinates":[[[19.941372,50.019385],[19.941434,50.019376],[19.941451,50.019421],[19.941389,50.019431],[19.941372,50.019385]]]}},{"type":"Feature","id":"w1316170434","properties":{"type":"yes","residential":false,"residents_est":0,"h3_10":"8a1e2e6954cffff","h3_11":"8b1e2e6954cafff"},"geometry":{"type":"Polygon","coordinates":[[[19.942373,50.018782],[19.942418,50.018779],[19.942428,50.01884],[19.942383,50.018843],[19.942373,50.018782]]]}},{"type":"Feature","id":"w1348765196","properties":{"type":"house","levels":2.0,"residential":true,"residents_est":2,"h3_10":"8a1e2e695457fff","h3_11":"8b1e2e695450fff"},"geometry":{"type":"Polygon","coordinates":[[[19.942275,50.021606],[19.942288,50.02155],[19.942393,50.021557],[19.942384,50.021605],[19.942361,50.021603],[19.942359,50.021612],[19.942275,50.021606]]]}},{"type":"Feature","id":"w1348765208","properties":{"type":"house","levels":1.0,"address":"Aleksandra Fredry 30","residential":true,"residents_est":3,"h3_10":"8a1e2e695457fff","h3_11":"8b1e2e695455fff"},"geometry":{"type":"Polygon","coordinates":[[[19.942658,50.022111],[19.942678,50.021997],[19.942815,50.022007],[19.942793,50.022121],[19.942658,50.022111]]]}},{"type":"Feature","id":"w1348765209","properties":{"type":"house","levels":2.0,"address":"Aleksandra Fredry 28","residential":true,"residents_est":3,"h3_10":"8a1e2e695447fff","h3_11":"8b1e2e695446fff"},"geometry":{"type":"Polygon","coordinates":[[[19.942647,50.022176],[19.942658,50.022111],[19.942793,50.022121],[19.942778,50.022186],[19.942647,50.022176]]]}},{"type":"Feature","id":"w1348765210","properties":{"type":"outbuilding","levels":1.0,"residential":false,"residents_est":0,"h3_10":"8a1e2e695457fff","h3_11":"8b1e2e695450fff"},"geometry":{"type":"Polygon","coordinates":[[[19.941916,50.021804],[19.941936,50.021734],[19.942036,50.021743],[19.942013,50.021813],[19.941916,50.021804]]]}},{"type":"Feature","id":"w1348765211","properties":{"type":"outbuilding","levels":1.0,"residential":false,"residents_est":0,"h3_10":"8a1e2e695457fff","h3_11":"8b1e2e695450fff"},"geometry":{"type":"Polygon","coordinates":[[[19.942008,50.021831],[19.942036,50.021743],[19.942095,50.021747],[19.942074,50.021835],[19.942008,50.021831]]]}},{"type":"Feature","id":"w1348765212","properties":{"type":"outbuilding","levels":1.0,"residential":false,"residents_est":0,"h3_10":"8a1e2e695457fff","h3_11":"8b1e2e695455fff"},"geometry":{"type":"Polygon","coordinates":[[[19.942075,50.021938],[19.942095,50.021836],[19.942171,50.021841],[19.942154,50.021917],[19.942101,50.021913],[19.942097,50.021939],[19.942075,50.021938]]]}},{"type":"Feature","id":"w1348765213","properties":{"type":"house","levels":2.0,"address":"Aleksandra Fredry 53","residential":true,"residents_est":4,"h3_10":"8a1e2e695457fff","h3_11":"8b1e2e695454fff"},"geometry":{"type":"Polygon","coordinates":[[[19.941985,50.021973],[19.942008,50.021831],[19.942095,50.021836],[19.942069,50.021966],[19.941985,50.021973]]]}},{"type":"Feature","id":"w1348765214","properties":{"type":"house","levels":2.0,"address":"Aleksandra Fredry 55","residential":true,"residents_est":4,"h3_10":"8a1e2e695457fff","h3_11":"8b1e2e695455fff"},"geometry":{"type":"Polygon","coordinates":[[[19.942259,50.021816],[19.942269,50.02176],[19.942445,50.021773],[19.942442,50.021816],[19.942435,50.021815],[19.942433,50.021828],[19.942259,50.021816]]]}},{"type":"Feature","id":"w1348765215","properties":{"type":"house","levels":2.0,"residential":true,"residents_est":3,"h3_10":"8a1e2e695457fff","h3_11":"8b1e2e695450fff"},"geometry":{"type":"Polygon","coordinates":[[[19.94218,50.021626],[19.942198,50.021544],[19.942288,50.02155],[19.942269,50.021634],[19.94218,50.021626]]]}},{"type":"Feature","id":"w1348765216","properties":{"type":"house","levels":2.0,"address":"Aleksandra Fredry 59","residential":true,"residents_est":3,"h3_10":"8a1e2e695457fff","h3_11":"8b1e2e695450fff"},"geometry":{"type":"Polygon","coordinates":[[[19.942382,50.021621],[19.942393,50.021557],[19.942514,50.021567],[19.942504,50.02163],[19.942382,50.021621]]]}},{"type":"Feature","id":"w1348765220","properties":{"type":"residential","levels":4.0,"address":"Aleksandra Fredry 32","residential":true,"residents_est":14,"h3_10":"8a1e2e695457fff","h3_11":"8b1e2e695451fff"},"geometry":{"type":"Polygon","coordinates":[[[19.942808,50.021547],[19.942831,50.021435],[19.942989,50.021449],[19.942967,50.02156],[19.942808,50.021547]]]}},{"type":"Feature","id":"w1384299056","properties":{"type":"retail","levels":3.0,"residential":false,"residents_est":0,"h3_10":"8a1e2e6954d7fff","h3_11":"8b1e2e6954d3fff"},"geometry":{"type":"Polygon","coordinates":[[[19.939168,50.018495],[19.939299,50.018427],[19.939446,50.018542],[19.939663,50.01843],[19.939672,50.018437],[19.939946,50.018295],[19.940002,50.018341],[19.93989,50.018398],[19.939982,50.018469],[19.939817,50.018554],[19.939847,50.018578],[19.939628,50.018688],[19.939649,50.018704],[19.939512,50.018775],[19.939434,50.018712],[19.939387,50.018739],[19.939321,50.018686],[19.93938,50.018654],[19.939357,50.018635],[19.939347,50.018641],[19.939168,50.018495]]]}},{"type":"Feature","id":"w1433745772","properties":{"type":"yes","residential":true,"residents_est":5,"h3_10":"8a1e2e6954effff","h3_11":"8b1e2e6954eafff"},"geometry":{"type":"Polygon","coordinates":[[[19.9418,50.020074],[19.941951,50.020045],[19.941987,50.020204],[19.941831,50.020215],[19.9418,50.020074]]]}},{"type":"Feature","id":"w1433745773","properties":{"type":"yes","residential":true,"residents_est":4,"h3_10":"8a1e2e6954c7fff","h3_11":"8b1e2e6954c1fff"},"geometry":{"type":"Polygon","coordinates":[[[19.941749,50.019835],[19.941899,50.019806],[19.941933,50.019966],[19.941783,50.019979],[19.941749,50.019835]]]}},{"type":"Feature","id":"w1434561618","properties":{"type":"house","address":"Sucha 35D","residential":true,"residents_est":8,"h3_10":"8a1e2e69555ffff","h3_11":"8b1e2e69555afff"},"geometry":{"type":"Polygon","coordinates":[[[19.940872,50.023583],[19.940874,50.023424],[19.941007,50.023429],[19.940993,50.023581],[19.940872,50.023583]]]}},{"type":"Feature","id":"w1482277760","properties":{"type":"apartments","address":"Do Wilgi 2A","residential":true,"residents_est":51,"h3_10":"8a1e2e6955b7fff","h3_11":"8b1e2e6955b0fff"},"geometry":{"type":"Polygon","coordinates":[[[19.931721,50.022619],[19.931758,50.022612],[19.931745,50.022585],[19.931771,50.022553],[19.931738,50.022543],[19.931729,50.022555],[19.931726,50.022548],[19.931766,50.022493],[19.931797,50.022487],[19.931787,50.022465],[19.931793,50.022456],[19.931889,50.022436],[19.931958,50.022575],[19.931934,50.02258],[19.931947,50.022606],[19.931971,50.022601],[19.932011,50.022682],[19.931776,50.022731],[19.931721,50.022619]]]}},{"type":"Feature","id":"w1482277761","properties":{"type":"apartments","address":"Do Wilgi 2","residential":true,"residents_est":114,"h3_10":"8a1e2e6955b7fff","h3_11":"8b1e2e6955b3fff"},"geometry":{"type":"Polygon","coordinates":[[[19.932029,50.02213],[19.93223,50.022089],[19.932261,50.022151],[19.932277,50.022148],[19.932294,50.022181],[19.932277,50.022185],[19.932324,50.022279],[19.932341,50.022275],[19.932372,50.022337],[19.932355,50.022341],[19.932379,50.022389],[19.932396,50.022386],[19.932426,50.022448],[19.93241,50.022451],[19.932424,50.02248],[19.932385,50.022488],[19.932417,50.022551],[19.93237,50.022561],[19.932392,50.022604],[19.932201,50.022643],[19.932144,50.02253],[19.932204,50.022518],[19.93219,50.022489],[19.932206,50.022486],[19.932195,50.022464],[19.932178,50.022467],[19.932162,50.022434],[19.932178,50.022431],[19.932155,50.022382],[19.932138,50.022386],[19.932124,50.022358],[19.93214,50.022354],[19.932115,50.022303],[19.932098,50.022306],[19.932084,50.022278],[19.932101,50.022274],[19.932077,50.022226],[19.93206,50.02223],[19.932044,50.022196],[19.932061,50.022193],[19.932029,50.02213]]]}},{"type":"Feature","id":"w1485443428","properties":{"type":"construction","residential":false,"residents_est":0,"h3_10":"8a1e2e695407fff","h3_11":"8b1e2e695404fff"},"geometry":{"type":"Polygon","coordinates":[[[19.938463,50.022764],[19.938602,50.022754],[19.938613,50.022816],[19.938593,50.022818],[19.938598,50.022846],[19.938479,50.022855],[19.938463,50.022764]]]}},{"type":"Feature","id":"w1485443429","properties":{"type":"construction","residential":false,"residents_est":0,"h3_10":"8a1e2e695407fff","h3_11":"8b1e2e695405fff"},"geometry":{"type":"Polygon","coordinates":[[[19.938775,50.022741],[19.938911,50.022731],[19.938923,50.022794],[19.938902,50.022796],[19.938907,50.022824],[19.938792,50.022832],[19.938775,50.022741]]]}},{"type":"Feature","id":"w1485443430","properties":{"type":"construction","residential":false,"residents_est":0,"h3_10":"8a1e2e695407fff","h3_11":"8b1e2e695405fff"},"geometry":{"type":"Polygon","coordinates":[[[19.939086,50.022719],[19.93922,50.022709],[19.939232,50.022771],[19.939211,50.022773],[19.939216,50.022801],[19.939103,50.02281],[19.939086,50.022719]]]}},{"type":"Feature","id":"w1485443431","properties":{"type":"construction","residential":false,"residents_est":0,"h3_10":"8a1e2e69542ffff","h3_11":"8b1e2e69542efff"},"geometry":{"type":"Polygon","coordinates":[[[19.939147,50.022938],[19.939234,50.022914],[19.939267,50.022962],[19.939276,50.022959],[19.939301,50.022996],[19.939205,50.023023],[19.939147,50.022938]]]}},{"type":"Feature","id":"w1485443432","properties":{"type":"construction","residential":false,"residents_est":0,"h3_10":"8a1e2e69542ffff","h3_11":"8b1e2e69542efff"},"geometry":{"type":"Polygon","coordinates":[[[19.938928,50.022997],[19.939013,50.022973],[19.939046,50.023021],[19.939055,50.023019],[19.93908,50.023056],[19.938985,50.023082],[19.938928,50.022997]]]}},{"type":"Feature","id":"w1485443433","properties":{"type":"construction","residential":false,"residents_est":0,"h3_10":"8a1e2e695407fff","h3_11":"8b1e2e695404fff"},"geometry":{"type":"Polygon","coordinates":[[[19.938331,50.022774],[19.938463,50.022764],[19.938479,50.022855],[19.93837,50.022863],[19.938365,50.022835],[19.938342,50.022837],[19.938331,50.022774]]]}},{"type":"Feature","id":"w1485443434","properties":{"type":"construction","residential":false,"residents_est":0,"h3_10":"8a1e2e695407fff","h3_11":"8b1e2e695405fff"},"geometry":{"type":"Polygon","coordinates":[[[19.93864,50.022752],[19.938775,50.022741],[19.938792,50.022832],[19.938679,50.022841],[19.938674,50.022813],[19.938651,50.022815],[19.93864,50.022752]]]}},{"type":"Feature","id":"w1485443435","properties":{"type":"construction","residential":false,"residents_est":0,"h3_10":"8a1e2e695407fff","h3_11":"8b1e2e695405fff"},"geometry":{"type":"Polygon","coordinates":[[[19.938949,50.022729],[19.939086,50.022719],[19.939103,50.02281],[19.938988,50.022818],[19.938983,50.02279],[19.938961,50.022792],[19.938949,50.022729]]]}},{"type":"Feature","id":"w1485443436","properties":{"type":"construction","residential":false,"residents_est":0,"h3_10":"8a1e2e69542ffff","h3_11":"8b1e2e69542efff"},"geometry":{"type":"Polygon","coordinates":[[[19.939059,50.022963],[19.939147,50.022938],[19.939205,50.023023],[19.939109,50.02305],[19.939085,50.023015],[19.939093,50.023013],[19.939059,50.022963]]]}},{"type":"Feature","id":"w1485443437","properties":{"type":"construction","residential":false,"residents_est":0,"h3_10":"8a1e2e695427fff","h3_11":"8b1e2e695423fff"},"geometry":{"type":"Polygon","coordinates":[[[19.938838,50.023023],[19.938928,50.022997],[19.938985,50.023082],[19.938888,50.02311],[19.938864,50.023075],[19.938872,50.023072],[19.938838,50.023023]]]}},{"type":"Feature","id":"w1486475863","properties":{"type":"house","levels":2.0,"address":"Lechicka 10","residential":true,"residents_est":12,"h3_10":"8a1e2e69552ffff","h3_11":"8b1e2e69552afff"},"geometry":{"type":"Polygon","coordinates":[[[19.937145,50.025071],[19.937368,50.025059],[19.937367,50.025053],[19.937448,50.025047],[19.937463,50.025123],[19.937446,50.025125],[19.937452,50.025157],[19.937351,50.025165],[19.93735,50.025157],[19.937315,50.025159],[19.93728,50.025162],[19.937282,50.02517],[19.937181,50.025178],[19.937175,50.025146],[19.937159,50.025147],[19.937145,50.025071]]]}},{"type":"Feature","id":"w1486475866","properties":{"type":"house","address":"Sowia 10","residential":true,"residents_est":4,"h3_10":"8a1e2e695407fff","h3_11":"8b1e2e695404fff"},"geometry":{"type":"Polygon","coordinates":[[[19.938018,50.022678],[19.938127,50.022668],[19.938151,50.022766],[19.938039,50.022776],[19.938018,50.022678]]]}},{"type":"Feature","id":"w1486475867","properties":{"type":"house","address":"Sowia 12","residential":true,"residents_est":4,"h3_10":"8a1e2e695407fff","h3_11":"8b1e2e695404fff"},"geometry":{"type":"Polygon","coordinates":[[[19.938039,50.022776],[19.938151,50.022766],[19.938171,50.022864],[19.938062,50.022874],[19.938039,50.022776]]]}},{"type":"Feature","id":"w1490505082","properties":{"type":"yes","address":"Włodarska 19","residential":true,"residents_est":3,"h3_10":"8a1e2e695547fff","h3_11":"8b1e2e695540fff"},"geometry":{"type":"Polygon","coordinates":[[[19.941083,50.025091],[19.941102,50.025002],[19.941197,50.02501],[19.941192,50.025034],[19.941246,50.025038],[19.941227,50.025135],[19.941131,50.025127],[19.941138,50.025096],[19.941083,50.025091]]]}},{"type":"Feature","id":"w1490505083","properties":{"type":"yes","residential":true,"residents_est":4,"h3_10":"8a1e2e695547fff","h3_11":"8b1e2e695541fff"},"geometry":{"type":"Polygon","coordinates":[[[19.941578,50.025031],[19.941584,50.024993],[19.941646,50.024999],[19.94167,50.024905],[19.941811,50.024915],[19.941762,50.025045],[19.941578,50.025031]]]}}]}