{"type":"FeatureCollection","features":[{"type":"Feature","id":"w25516318","properties":{"type":"tower","name":"Baszta Sandomierska","residential":false,"residents_est":0,"h3_10":"8a1e2e6b384ffff","h3_11":"8b1e2e6b384efff"},"geometry":{"type":"Polygon","coordinates":[[[19.934925,50.052837],[19.934963,50.052824],[19.935068,50.052763],[19.935075,50.052732],[19.935101,50.052738],[19.935094,50.052754],[19.935135,50.052778],[19.935155,50.052764],[19.935172,50.052774],[19.935153,50.052789],[19.935183,50.052806],[19.935213,50.052796],[19.935232,50.052814],[19.935187,50.052829],[19.935051,50.052903],[19.935045,50.052898],[19.93505,50.052895],[19.935036,50.052885],[19.935043,50.052879],[19.934992,50.052841],[19.934946,50.05286],[19.934925,50.052837]]]}},{"type":"Feature","id":"w25516319","properties":{"type":"yes","levels":3.0,"name":"Centrum Wystawowo-Konferencyjne Zamku Królewskiego","residential":true,"residents_est":19,"h3_10":"8a1e2e6b3847fff","h3_11":"8b1e2e6b3840fff"},"geometry":{"type":"Polygon","coordinates":[[[19.933912,50.053392],[19.934112,50.053301],[19.934123,50.053312],[19.934436,50.053173],[19.934424,50.053163],[19.934465,50.053144],[19.934505,50.053127],[19.934514,50.053135],[19.934829,50.053],[19.934817,50.052988],[19.935016,50.052898],[19.935163,50.053035],[19.934962,50.053125],[19.934952,50.053115],[19.934724,50.053217],[19.934775,50.053265],[19.93453,50.053374],[19.934478,50.053326],[19.934247,50.053428],[19.934258,50.053438],[19.934059,50.053528],[19.933912,50.053392]]]}},{"type":"Feature","id":"w25524811","properties":{"type":"yes","name":"Brama Bernardyńska","residential":false,"residents_est":0,"h3_10":"8a1e2e6b384ffff","h3_11":"8b1e2e6b384efff"},"geometry":{"type":"Polygon","coordinates":[[[19.935314,50.052922],[19.935358,50.052906],[19.935367,50.052911],[19.935423,50.052889],[19.935421,50.052882],[19.935453,50.052869],[19.935491,50.052881],[19.935477,50.052896],[19.935447,50.052907],[19.935431,50.0529],[19.935379,50.052921],[19.935379,50.052933],[19.935337,50.052948],[19.935314,50.052922]]]}},{"type":"Feature","id":"w52004195","properties":{"type":"retail","levels":9.0,"address":"Aleja Zygmunta Krasińskiego 1-3","residential":false,"residents_est":0,"h3_10":"8a1e2e6b392ffff","h3_11":"8b1e2e6b392afff"},"geometry":{"type":"Polygon","coordinates":[[[19.927397,50.055809],[19.92779,50.055518],[19.92835,50.055845],[19.92818,50.055955],[19.928019,50.055877],[19.927753,50.056061],[19.927601,50.055975],[19.927405,50.055937],[19.927451,50.05584],[19.927397,50.055809]]]}},{"type":"Feature","id":"w60420328","properties":{"type":"hotel","levels":5.0,"address":"Powiśle 7","name":"Sheraton","residential":false,"residents_est":0,"h3_10":"8a1e2e6b3947fff","h3_11":"8b1e2e6b3946fff"},"geometry":{"type":"Polygon","coordinates":[[[19.930316,50.055886],[19.930825,50.05573],[19.930831,50.055738],[19.930862,50.05573],[19.930866,50.055723],[19.930925,50.055709],[19.930919,50.055701],[19.931184,50.055624],[19.931191,50.055633],[19.931251,50.055647],[19.931293,50.055666],[19.931342,50.055704],[19.931359,50.055699],[19.931385,50.055733],[19.931422,50.055723],[19.931471,50.05579],[19.931428,50.055803],[19.931439,50.055819],[19.931414,50.055827],[19.931403,50.055823],[19.930982,50.056218],[19.931056,50.056248],[19.930998,50.056296],[19.930929,50.056267],[19.930888,50.056305],[19.930932,50.056365],[19.930719,50.05643],[19.930316,50.055886]]]}},{"type":"Feature","id":"w85151343","properties":{"type":"yes","name":"Baszta Szlachecka","residential":true,"residents_est":0,"h3_10":"8a1e2e6b386ffff","h3_11":"8b1e2e6b386bfff"},"geometry":{"type":"Polygon","coordinates":[[[19.935613,50.053466],[19.935686,50.053431],[19.935738,50.053474],[19.935667,50.053511],[19.935613,50.053466]]]}},{"type":"Feature","id":"w85151345","properties":{"type":"yes","name":"Baszta Kobieca","residential":true,"residents_est":0,"h3_10":"8a1e2e6b384ffff","h3_11":"8b1e2e6b384cfff"},"geometry":{"type":"Polygon","coordinates":[[[19.935398,50.053305],[19.93551,50.053279],[19.935532,50.053287],[19.935542,50.053302],[19.935523,50.053325],[19.935461,50.053365],[19.935398,50.053305]]]}},{"type":"Feature","id":"w104374958","properties":{"type":"yes","levels":3.0,"address":"Zamek Wawel 3","name":"Wikarówka","residential":true,"residents_est":5,"h3_10":"8a1e2e6b3867fff","h3_11":"8b1e2e6b3861fff"},"geometry":{"type":"Polygon","coordinates":[[[19.934554,50.05429],[19.934582,50.054246],[19.934593,50.05425],[19.934622,50.054227],[19.934686,50.054162],[19.935011,50.054243],[19.934946,50.054359],[19.93493,50.054355],[19.934933,50.054349],[19.934894,50.054339],[19.934875,50.054372],[19.93481,50.054355],[19.934763,50.054443],[19.934618,50.054413],[19.934666,50.05431],[19.93468,50.054313],[19.934678,50.054318],[19.934761,50.054339],[19.934815,50.054253],[19.934718,50.054226],[19.934678,50.054285],[19.934667,50.054282],[19.934648,50.054313],[19.934554,50.05429]]]}},{"type":"Feature","id":"w104374967","properties":{"type":"yes","name":"Baszta Złodziejska","residential":true,"residents_est":1,"h3_10":"8a1e2e6b3847fff","h3_11":"8b1e2e6b3844fff"},"geometry":{"type":"Polygon","coordinates":[[[19.933656,50.053638],[19.933716,50.053548],[19.933835,50.053583],[19.93378,50.053674],[19.933656,50.053638]]]}},{"type":"Feature","id":"w114721000","properties":{"type":"yes","levels":4.0,"address":"Floriana Straszewskiego 9","residential":true,"residents_est":3,"h3_10":"8a1e2e6b396ffff","h3_11":"8b1e2e6b3969fff"},"geometry":{"type":"Polygon","coordinates":[[[19.933916,50.05635],[19.933935,50.056315],[19.934015,50.056331],[19.934033,50.056309],[19.93401,50.056305],[19.934001,50.056293],[19.934007,50.056276],[19.934034,50.056267],[19.934045,50.056239],[19.934231,50.056277],[19.934177,50.056398],[19.933916,50.05635]]]}},{"type":"Feature","id":"w114721018","properties":{"type":"yes","levels":5.0,"address":"Floriana Straszewskiego 10","residential":true,"residents_est":6,"h3_10":"8a1e2e6b396ffff","h3_11":"8b1e2e6b3969fff"},"geometry":{"type":"Polygon","coordinates":[[[19.933904,50.056546],[19.933975,50.056383],[19.933909,50.056373],[19.933916,50.05635],[19.934177,50.056398],[19.934097,50.05658],[19.933904,50.056546]]]}},{"type":"Feature","id":"w114721027","properties":{"type":"yes","levels":3.0,"address":"Floriana Straszewskiego 11","residential":true,"residents_est":2,"h3_10":"8a1e2e6b396ffff","h3_11":"8b1e2e6b3969fff"},"geometry":{"type":"Polygon","coordinates":[[[19.933788,50.056662],[19.933808,50.056625],[19.933861,50.056634],[19.933904,50.056546],[19.934097,50.05658],[19.934037,50.056705],[19.933788,50.056662]]]}},{"type":"Feature","id":"w114721039","properties":{"type":"yes","levels":3.0,"address":"Floriana Straszewskiego 12","residential":true,"residents_est":4,"h3_10":"8a1e2e6b396ffff","h3_11":"8b1e2e6b396dfff"},"geometry":{"type":"Polygon","coordinates":[[[19.933701,50.05683],[19.933758,50.056717],[19.933832,50.05673],[19.933862,50.056675],[19.934037,50.056705],[19.933972,50.056854],[19.933924,50.056866],[19.933701,50.05683]]]}},{"type":"Feature","id":"w128396249","properties":{"type":"yes","residential":true,"residents_est":1,"h3_10":"8a1e2e6b384ffff","h3_11":"8b1e2e6b3849fff"},"geometry":{"type":"Polygon","coordinates":[[[19.93666,50.052635],[19.9368,50.052464],[19.936897,50.052498],[19.936757,50.052669],[19.93666,50.052635]]]}},{"type":"Feature","id":"w139558293","properties":{"type":"apartments","levels":3.0,"address":"Powiśle 3","residential":true,"residents_est":9,"h3_10":"8a1e2e6b3977fff","h3_11":"8b1e2e6b3976fff"},"geometry":{"type":"Polygon","coordinates":[[[19.929418,50.05603],[19.929738,50.055947],[19.92983,50.056084],[19.929633,50.056135],[19.929628,50.056128],[19.92961,50.056133],[19.929615,50.05614],[19.929585,50.056148],[19.929621,50.0562],[19.929555,50.056217],[19.929527,50.056177],[19.929515,50.056177],[19.929507,50.056169],[19.929418,50.05603]]]}},{"type":"Feature","id":"w139567430","properties":{"type":"apartments","levels":3.0,"address":"Powiśle 2","residential":true,"residents_est":4,"h3_10":"8a1e2e6b3977fff","h3_11":"8b1e2e6b3974fff"},"geometry":{"type":"Polygon","coordinates":[[[19.929417,50.056337],[19.929418,50.056176],[19.929527,50.056177],[19.929555,50.056217],[19.929555,50.056238],[19.929603,50.056238],[19.929603,50.056261],[19.929626,50.056262],[19.929626,50.05629],[19.929602,50.05629],[19.929606,50.056337],[19.929417,50.056337]]]}},{"type":"Feature","id":"w139567431","properties":{"type":"apartments","levels":3.0,"address":"Zwierzyniecka 34","residential":true,"residents_est":13,"h3_10":"8a1e2e6b3977fff","h3_11":"8b1e2e6b3974fff"},"geometry":{"type":"Polygon","coordinates":[[[19.929414,50.056466],[19.929417,50.056337],[19.929606,50.056337],[19.929967,50.056309],[19.92997,50.056369],[19.929691,50.05639],[19.929674,50.056387],[19.929674,50.056361],[19.929626,50.056367],[19.929624,50.056412],[19.929666,50.056449],[19.929656,50.056457],[19.929677,50.056468],[19.929737,50.056451],[19.929803,50.056452],[19.929801,50.056442],[19.929979,50.056435],[19.92998,50.056481],[19.92971,50.05649],[19.929545,50.056576],[19.929414,50.056466]]]}},{"type":"Feature","id":"w139567433","properties":{"type":"yes","levels":4.0,"address":"Tarłowska 8","residential":true,"residents_est":4,"h3_10":"8a1e2e6b3967fff","h3_11":"8b1e2e6b3960fff"},"geometry":{"type":"Polygon","coordinates":[[[19.9314,50.056903],[19.931446,50.056877],[19.931526,50.056938],[19.931644,50.056873],[19.931778,50.056971],[19.931612,50.057065],[19.9314,50.056903]]]}},{"type":"Feature","id":"w139567435","properties":{"type":"yes","levels":3.0,"address":"Tarłowska 4","residential":true,"residents_est":3,"h3_10":"8a1e2e6b3967fff","h3_11":"8b1e2e6b3961fff"},"geometry":{"type":"Polygon","coordinates":[[[19.931741,50.056709],[19.931785,50.056681],[19.931857,50.056739],[19.931854,50.056742],[19.931862,50.056749],[19.93188,50.056752],[19.93197,50.056703],[19.931957,50.056694],[19.931988,50.056678],[19.932127,50.056784],[19.931949,50.05688],[19.931741,50.056709]]]}},{"type":"Feature","id":"w139567436","properties":{"type":"yes","residential":true,"residents_est":0,"h3_10":"8a1e2e6b3967fff","h3_11":"8b1e2e6b3961fff"},"geometry":{"type":"Polygon","coordinates":[[[19.931843,50.056645],[19.931905,50.056609],[19.931988,50.056675],[19.931957,50.056693],[19.931919,50.056693],[19.931843,50.056645]]]}},{"type":"Feature","id":"w139567439","properties":{"type":"apartments","levels":4.0,"address":"Zwierzyniecka 24","residential":true,"residents_est":87,"h3_10":"8a1e2e6b3967fff","h3_11":"8b1e2e6b3966fff"},"geometry":{"type":"Polygon","coordinates":[[[19.929928,50.056889],[19.929937,50.056884],[19.929932,50.05688],[19.929977,50.056855],[19.929948,50.056833],[19.93009,50.056761],[19.930119,50.056785],[19.930274,50.056707],[19.930303,50.056719],[19.930314,50.056708],[19.930288,50.056697],[19.930371,50.056618],[19.930541,50.056641],[19.930515,50.056682],[19.930531,50.056687],[19.930466,50.05679],[19.930498,50.056805],[19.930484,50.056818],[19.930659,50.056895],[19.930674,50.056881],[19.93072,50.0569],[19.93104,50.0566],[19.931089,50.05662],[19.931103,50.056609],[19.93127,50.056679],[19.931168,50.056775],[19.931132,50.056759],[19.9309,50.056978],[19.930937,50.056996],[19.930874,50.057055],[19.930861,50.057049],[19.930806,50.057101],[19.930821,50.057107],[19.930816,50.057111],[19.930767,50.057091],[19.930595,50.057176],[19.930625,50.057202],[19.930482,50.057273],[19.930451,50.057251],[19.930408,50.057271],[19.930391,50.05727],[19.930387,50.057266],[19.930413,50.057253],[19.929958,50.056879],[19.929934,50.056892],[19.929928,50.056889]]]}},{"type":"Feature","id":"w139567441","properties":{"type":"apartments","levels":3.0,"address":"Zwierzyniecka 32","name":"Hotel 32","residential":false,"residents_est":0,"h3_10":"8a1e2e6b3977fff","h3_11":"8b1e2e6b3974fff"},"geometry":{"type":"Polygon","coordinates":[[[19.929545,50.056576],[19.929682,50.056503],[19.929801,50.056597],[19.929666,50.056674],[19.929545,50.056576]]]}},{"type":"Feature","id":"w139567445","properties":{"type":"yes","levels":4.0,"address":"Plac Na Groblach 3","residential":true,"residents_est":8,"h3_10":"8a1e2e6b3947fff","h3_11":"8b1e2e6b3944fff"},"geometry":{"type":"Polygon","coordinates":[[[19.931505,50.056058],[19.931484,50.056096],[19.931514,50.056135],[19.931587,50.056112],[19.931572,50.056092],[19.931585,50.056071],[19.931629,50.056058],[19.931662,50.056065],[19.931739,50.05617],[19.931728,50.056191],[19.931683,50.056204],[19.93165,50.056197],[19.931635,50.056178],[19.93156,50.0562],[19.931608,50.056265],[19.931938,50.056164],[19.931795,50.05597],[19.931687,50.056002],[19.931788,50.055971],[19.931731,50.055891],[19.931624,50.055922],[19.931684,50.056003],[19.931505,50.056058]],[[19.931685,50.056002],[19.931684,50.056003],[19.931684,50.056003],[19.931685,50.056002]],[[19.931686,50.056001],[19.931686,50.056002],[19.931685,50.056002],[19.931686,50.056001]]]}},{"type":"Feature","id":"w139567446","properties":{"type":"yes","levels":3.0,"address":"Tarłowska 10","residential":true,"residents_est":4,"h3_10":"8a1e2e6b3967fff","h3_11":"8b1e2e6b3964fff"},"geometry":{"type":"Polygon","coordinates":[[[19.931177,50.056994],[19.931235,50.056963],[19.931306,50.057018],[19.931297,50.057024],[19.931306,50.057031],[19.931304,50.05704],[19.931293,50.057046],[19.931308,50.057058],[19.931339,50.057052],[19.931398,50.057012],[19.931406,50.057015],[19.931435,50.056999],[19.931449,50.056979],[19.931435,50.056969],[19.931425,50.056975],[19.931401,50.056967],[19.931391,50.056973],[19.93132,50.056918],[19.931375,50.056886],[19.931612,50.057065],[19.931409,50.057176],[19.931177,50.056994]]]}},{"type":"Feature","id":"w139567450","properties":{"type":"yes","levels":3.0,"address":"Tarłowska 6","residential":true,"residents_est":5,"h3_10":"8a1e2e6b3967fff","h3_11":"8b1e2e6b3960fff"},"geometry":{"type":"Polygon","coordinates":[[[19.931411,50.056699],[19.931487,50.056627],[19.93174,50.056709],[19.931949,50.05688],[19.931781,50.056973],[19.931645,50.056873],[19.931691,50.056847],[19.9317,50.056854],[19.931722,50.056842],[19.931706,50.05683],[19.931724,50.056819],[19.931741,50.056831],[19.931792,50.056802],[19.931794,50.056789],[19.931748,50.056787],[19.931728,50.056793],[19.93166,50.05674],[19.931619,50.056765],[19.931411,50.056699]]]}},{"type":"Feature","id":"w139567452","properties":{"type":"yes","levels":3.0,"address":"Tarłowska 2","residential":true,"residents_est":5,"h3_10":"8a1e2e6b3967fff","h3_11":"8b1e2e6b3961fff"},"geometry":{"type":"Polygon","coordinates":[[[19.931988,50.056678],[19.932023,50.056658],[19.932047,50.056681],[19.932085,50.05666],[19.931994,50.056537],[19.932158,50.056467],[19.932308,50.056663],[19.932296,50.056691],[19.932126,50.056783],[19.931988,50.056678]]]}},{"type":"Feature","id":"w139567465","properties":{"type":"yes","levels":2.0,"address":"Tarłowska 12","residential":true,"residents_est":3,"h3_10":"8a1e2e6b3967fff","h3_11":"8b1e2e6b3964fff"},"geometry":{"type":"Polygon","coordinates":[[[19.930935,50.057182],[19.930938,50.057178],[19.930963,50.057189],[19.931175,50.056993],[19.931409,50.057176],[19.931401,50.05718],[19.931383,50.057166],[19.931344,50.057186],[19.931357,50.057196],[19.931367,50.057191],[19.931372,50.057196],[19.931333,50.057216],[19.931311,50.057199],[19.931286,50.057212],[19.931306,50.057228],[19.931292,50.057224],[19.931214,50.057283],[19.931082,50.057212],[19.931053,50.05724],[19.930935,50.057182]]]}},{"type":"Feature","id":"w139567468","properties":{"type":"yes","residential":true,"residents_est":1,"h3_10":"8a1e2e6b3977fff","h3_11":"8b1e2e6b3975fff"},"geometry":{"type":"Polygon","coordinates":[[[19.930043,50.056467],[19.930082,50.056467],[19.930081,50.056458],[19.930104,50.056458],[19.930161,50.056302],[19.930263,50.056296],[19.930203,50.056474],[19.930044,50.056478],[19.930043,50.056467]]]}},{"type":"Feature","id":"w139567470","properties":{"type":"yes","residential":true,"residents_est":7,"h3_10":"8a1e2e6b3977fff","h3_11":"8b1e2e6b3970fff"},"geometry":{"type":"Polygon","coordinates":[[[19.929896,50.056125],[19.930131,50.056072],[19.930158,50.056123],[19.930005,50.056159],[19.930044,50.05626],[19.930193,50.05625],[19.930244,50.056077],[19.930206,50.056054],[19.930159,50.055971],[19.930188,50.055963],[19.930345,50.056087],[19.930263,50.056296],[19.929967,50.056309],[19.929896,50.056125]]]}},{"type":"Feature","id":"w139567474","properties":{"type":"yes","levels":3.0,"residential":true,"residents_est":3,"h3_10":"8a1e2e6b3977fff","h3_11":"8b1e2e6b3974fff"},"geometry":{"type":"Polygon","coordinates":[[[19.92968,50.056165],[19.929908,50.056146],[19.929924,50.056196],[19.929862,50.056201],[19.929879,50.056269],[19.929951,50.056264],[19.929967,50.056309],[19.92973,50.056329],[19.92968,50.056165]]]}},{"type":"Feature","id":"w139578469","properties":{"type":"yes","levels":4.0,"address":"Podzamcze 20","residential":true,"residents_est":7,"h3_10":"8a1e2e6b394ffff","h3_11":"8b1e2e6b3949fff"},"geometry":{"type":"Polygon","coordinates":[[[19.933991,50.055572],[19.934157,50.055284],[19.934145,50.05528],[19.934175,50.055226],[19.934387,50.055273],[19.934282,50.055475],[19.934228,50.055459],[19.934257,50.055398],[19.934202,50.055387],[19.934107,50.05556],[19.934201,50.05561],[19.934156,50.055657],[19.933991,50.055572]]]}},{"type":"Feature","id":"w139578471","properties":{"type":"yes","levels":2.0,"address":"Plac Na Groblach 21","residential":true,"residents_est":4,"h3_10":"8a1e2e6b394ffff","h3_11":"8b1e2e6b394cfff"},"geometry":{"type":"Polygon","coordinates":[[[19.932953,50.055465],[19.933082,50.055417],[19.933112,50.055453],[19.933226,50.055412],[19.933203,50.055379],[19.933384,50.055337],[19.933446,50.055438],[19.933318,50.055488],[19.933316,50.055501],[19.933228,50.055532],[19.933253,50.055561],[19.933083,50.055621],[19.932953,50.055465]]]}},{"type":"Feature","id":"w139578478","properties":{"type":"apartments","levels":4.0,"address":"Podzamcze 22","residential":true,"residents_est":10,"h3_10":"8a1e2e6b394ffff","h3_11":"8b1e2e6b3949fff"},"geometry":{"type":"Polygon","coordinates":[[[19.933918,50.055536],[19.933942,50.055483],[19.933939,50.055477],[19.933986,50.055398],[19.934013,50.055409],[19.93405,50.055335],[19.933939,50.055312],[19.934003,50.055187],[19.934175,50.055226],[19.934145,50.05528],[19.934157,50.055284],[19.933991,50.055572],[19.933918,50.055536]]]}},{"type":"Feature","id":"w139578484","properties":{"type":"apartments","levels":4.0,"address":"Plac Na Groblach 15","residential":true,"residents_est":9,"h3_10":"8a1e2e6b396ffff","h3_11":"8b1e2e6b3969fff"},"geometry":{"type":"Polygon","coordinates":[[[19.933586,50.056488],[19.933664,50.056304],[19.933916,50.05635],[19.933909,50.056373],[19.933895,50.056372],[19.9339,50.056355],[19.933858,50.056348],[19.933779,50.056523],[19.933586,50.056488]]]}},{"type":"Feature","id":"w139578485","properties":{"type":"apartments","levels":4.0,"address":"Plac Na Groblach 14","residential":true,"residents_est":7,"h3_10":"8a1e2e6b396ffff","h3_11":"8b1e2e6b396dfff"},"geometry":{"type":"Polygon","coordinates":[[[19.933528,50.056614],[19.933586,50.056488],[19.933779,50.056523],[19.93374,50.056614],[19.933808,50.056625],[19.933788,50.056662],[19.933528,50.056614]]]}},{"type":"Feature","id":"w139578489","properties":{"type":"yes","levels":3.0,"address":"Plac Na Groblach 19","residential":true,"residents_est":7,"h3_10":"8a1e2e6b394ffff","h3_11":"8b1e2e6b394cfff"},"geometry":{"type":"Polygon","coordinates":[[[19.933194,50.055748],[19.933732,50.055564],[19.933898,50.055772],[19.933797,50.055797],[19.933689,50.055661],[19.933419,50.055746],[19.933512,50.055858],[19.933473,50.055876],[19.933329,50.055907],[19.933194,50.055748]]]}},{"type":"Feature","id":"w139578493","properties":{"type":"yes","levels":5.0,"address":"Powiśle 9","residential":true,"residents_est":4,"h3_10":"8a1e2e6b394ffff","h3_11":"8b1e2e6b394efff"},"geometry":{"type":"Polygon","coordinates":[[[19.932889,50.055193],[19.933053,50.055155],[19.933203,50.055379],[19.933136,50.055398],[19.933073,50.055304],[19.933018,50.055315],[19.933009,50.055302],[19.932987,50.055306],[19.932943,50.055243],[19.932926,50.055247],[19.932889,50.055193]]]}},{"type":"Feature","id":"w139578497","properties":{"type":"yes","levels":3.0,"address":"Plac Na Groblach 18","residential":true,"residents_est":4,"h3_10":"8a1e2e6b396ffff","h3_11":"8b1e2e6b396bfff"},"geometry":{"type":"Polygon","coordinates":[[[19.933329,50.055907],[19.933473,50.055876],[19.933583,50.055952],[19.933744,50.055903],[19.933784,50.055972],[19.933454,50.056055],[19.933329,50.055907]]]}},{"type":"Feature","id":"w139578503","properties":{"type":"yes","levels":3.0,"address":"Plac Na Groblach 20","residential":true,"residents_est":6,"h3_10":"8a1e2e6b394ffff","h3_11":"8b1e2e6b394cfff"},"geometry":{"type":"Polygon","coordinates":[[[19.933083,50.055621],[19.933253,50.055561],[19.933307,50.05563],[19.933518,50.055562],[19.93345,50.055482],[19.933613,50.05542],[19.933749,50.055555],[19.933194,50.055748],[19.933083,50.055621]]]}},{"type":"Feature","id":"w139578510","properties":{"type":"apartments","levels":3.0,"address":"Podzamcze 24","residential":true,"residents_est":7,"h3_10":"8a1e2e6b394ffff","h3_11":"8b1e2e6b3948fff"},"geometry":{"type":"Polygon","coordinates":[[[19.933663,50.055405],[19.933809,50.055142],[19.934003,50.055187],[19.933939,50.055312],[19.933813,50.055287],[19.933802,50.055318],[19.93381,50.055321],[19.933759,50.055415],[19.933784,50.055418],[19.933765,50.055455],[19.933663,50.055405]]]}},{"type":"Feature","id":"w139578516","properties":{"type":"apartments","levels":3.0,"address":"Plac Na Groblach 16","residential":true,"residents_est":6,"h3_10":"8a1e2e6b396ffff","h3_11":"8b1e2e6b3969fff"},"geometry":{"type":"Polygon","coordinates":[[[19.933563,50.056187],[19.933761,50.056144],[19.933875,50.056288],[19.93386,50.056295],[19.93387,50.056307],[19.933935,50.056315],[19.933916,50.05635],[19.933664,50.056304],[19.933563,50.056187]]]}},{"type":"Feature","id":"w139578523","properties":{"type":"yes","levels":5.0,"address":"Powiśle 12","residential":true,"residents_est":9,"h3_10":"8a1e2e6b394ffff","h3_11":"8b1e2e6b3948fff"},"geometry":{"type":"Polygon","coordinates":[[[19.933241,50.055111],[19.933452,50.055062],[19.933612,50.055099],[19.933535,50.05523],[19.933456,50.05521],[19.933382,50.055226],[19.933452,50.055343],[19.933494,50.055314],[19.933594,50.055367],[19.933567,50.055388],[19.933528,50.055396],[19.933557,50.055441],[19.933473,50.055474],[19.933241,50.055111]]]}},{"type":"Feature","id":"w139578530","properties":{"type":"apartments","levels":4.0,"address":"Plac Na Groblach 12","residential":true,"residents_est":10,"h3_10":"8a1e2e6b396ffff","h3_11":"8b1e2e6b396dfff"},"geometry":{"type":"Polygon","coordinates":[[[19.933452,50.056768],[19.933528,50.056614],[19.933698,50.056646],[19.933668,50.056703],[19.933758,50.056717],[19.933701,50.05683],[19.933477,50.056795],[19.933452,50.056768]]]}},{"type":"Feature","id":"w139578534","properties":{"type":"yes","levels":6.0,"address":"Plac Na Groblach 22","name":"Hotel pod Wawelem","residential":true,"residents_est":7,"h3_10":"8a1e2e6b394ffff","h3_11":"8b1e2e6b394efff"},"geometry":{"type":"Polygon","coordinates":[[[19.932749,50.055233],[19.932758,50.055225],[19.932889,50.055193],[19.932926,50.055247],[19.932943,50.055243],[19.932987,50.055306],[19.933082,50.055417],[19.932953,50.055465],[19.932749,50.055233]]]}},{"type":"Feature","id":"w139578537","properties":{"type":"apartments","levels":3.0,"address":"Plac Na Groblach 17","residential":true,"residents_est":7,"h3_10":"8a1e2e6b396ffff","h3_11":"8b1e2e6b396bfff"},"geometry":{"type":"Polygon","coordinates":[[[19.933454,50.056055],[19.933784,50.055972],[19.933808,50.056022],[19.933664,50.056057],[19.933688,50.056098],[19.93383,50.056065],[19.933849,50.056117],[19.933761,50.056144],[19.933563,50.056187],[19.933454,50.056055]]]}},{"type":"Feature","id":"w139578541","properties":{"type":"apartments","levels":4.0,"address":"Podzamcze 26","residential":true,"residents_est":7,"h3_10":"8a1e2e6b394ffff","h3_11":"8b1e2e6b3948fff"},"geometry":{"type":"Polygon","coordinates":[[[19.933546,50.055215],[19.933612,50.055099],[19.933808,50.055143],[19.933677,50.055381],[19.933621,50.055369],[19.933689,50.055246],[19.933546,50.055215]]]}},{"type":"Feature","id":"w139578544","properties":{"type":"yes","levels":4.0,"address":"Powiśle 10","residential":true,"residents_est":4,"h3_10":"8a1e2e6b394ffff","h3_11":"8b1e2e6b3948fff"},"geometry":{"type":"Polygon","coordinates":[[[19.933053,50.055155],[19.933241,50.055111],[19.933315,50.055224],[19.933185,50.05525],[19.933178,50.055267],[19.933188,50.055284],[19.933227,50.055275],[19.933285,50.055362],[19.933203,50.055379],[19.933053,50.055155]]]}},{"type":"Feature","id":"w139744992","properties":{"type":"apartments","levels":6.0,"address":"Kazimierza Morawskiego 4","residential":true,"residents_est":11,"h3_10":"8a1e2e6b392ffff","h3_11":"8b1e2e6b392efff"},"geometry":{"type":"Polygon","coordinates":[[[19.927491,50.05621],[19.927637,50.056108],[19.927811,50.056215],[19.927668,50.056312],[19.927491,50.05621]]]}},{"type":"Feature","id":"w139744994","properties":{"type":"yes","levels":7.0,"residential":true,"residents_est":12,"h3_10":"8a1e2e6b392ffff","h3_11":"8b1e2e6b392bfff"},"geometry":{"type":"Polygon","coordinates":[[[19.928127,50.056061],[19.92818,50.056025],[19.928196,50.056035],[19.928251,50.055998],[19.92818,50.055955],[19.928325,50.055864],[19.928536,50.056009],[19.928302,50.056164],[19.928127,50.056061]]]}},{"type":"Feature","id":"w139744999","properties":{"type":"office","levels":7.0,"address":"Kazimierza Morawskiego 6","residential":false,"residents_est":0,"h3_10":"8a1e2e6b3907fff","h3_11":"8b1e2e6b3905fff"},"geometry":{"type":"Polygon","coordinates":[[[19.927324,50.056111],[19.927405,50.055937],[19.927601,50.055975],[19.927558,50.05607],[19.927544,50.056068],[19.927531,50.056086],[19.9276,50.0561],[19.927601,50.056109],[19.927619,50.05612],[19.927491,50.05621],[19.927324,50.056111]]]}},{"type":"Feature","id":"w139745001","properties":{"type":"apartments","levels":7.0,"address":"Plac Juliusza Kossaka 2","residential":true,"residents_est":17,"h3_10":"8a1e2e6b392ffff","h3_11":"8b1e2e6b392afff"},"geometry":{"type":"Polygon","coordinates":[[[19.927919,50.056183],[19.92793,50.056176],[19.927944,50.056185],[19.928127,50.056061],[19.928302,50.056164],[19.928103,50.056292],[19.927919,50.056183]]]}},{"type":"Feature","id":"w139745002","properties":{"type":"apartments","levels":7.0,"address":"Kazimierza Morawskiego 2","residential":true,"residents_est":20,"h3_10":"8a1e2e6b392ffff","h3_11":"8b1e2e6b392efff"},"geometry":{"type":"Polygon","coordinates":[[[19.927668,50.056312],[19.927792,50.056231],[19.92786,50.056269],[19.927884,50.056268],[19.927933,50.056235],[19.927917,50.056224],[19.92795,50.056203],[19.928103,50.056292],[19.927876,50.056446],[19.927668,50.056312]]]}},{"type":"Feature","id":"w143905125","properties":{"type":"retail","levels":6.0,"address":"Aleja Zygmunta Krasińskiego 11A","residential":false,"residents_est":0,"h3_10":"8a1e2e6b3927fff","h3_11":"8b1e2e6b3925fff"},"geometry":{"type":"Polygon","coordinates":[[[19.926666,50.057408],[19.926789,50.057167],[19.926954,50.057202],[19.926994,50.057225],[19.926876,50.057453],[19.926666,50.057408]]]}},{"type":"Feature","id":"w143905144","properties":{"type":"apartments","levels":6.0,"address":"Aleja Zygmunta Krasińskiego 9","residential":true,"residents_est":17,"h3_10":"8a1e2e6b3927fff","h3_11":"8b1e2e6b3925fff"},"geometry":{"type":"Polygon","coordinates":[[[19.926789,50.057167],[19.9269,50.056956],[19.927111,50.057009],[19.927027,50.057165],[19.927012,50.057175],[19.927048,50.057197],[19.927004,50.057228],[19.926954,50.057202],[19.926789,50.057167]]]}},{"type":"Feature","id":"w143905149","properties":{"type":"apartments","levels":6.0,"address":"Aleja Zygmunta Krasińskiego 7","residential":true,"residents_est":13,"h3_10":"8a1e2e6b3927fff","h3_11":"8b1e2e6b3921fff"},"geometry":{"type":"Polygon","coordinates":[[[19.9269,50.056956],[19.926981,50.056799],[19.927194,50.056845],[19.927111,50.057009],[19.9269,50.056956]]]}},{"type":"Feature","id":"w152720904","properties":{"type":"pavilion","address":"Plac Na Groblach 23","residential":false,"residents_est":0,"h3_10":"8a1e2e6b396ffff","h3_11":"8b1e2e6b396cfff"},"geometry":{"type":"Polygon","coordinates":[[[19.932764,50.056684],[19.932776,50.056625],[19.932998,50.056641],[19.933084,50.056632],[19.933117,50.056619],[19.933167,50.056591],[19.933269,50.056468],[19.933357,50.056498],[19.933323,50.056561],[19.933267,50.056637],[19.933235,50.056662],[19.933134,50.056702],[19.93306,50.056712],[19.932972,50.056712],[19.932764,50.056684]]]}},{"type":"Feature","id":"w152721046","properties":{"type":"yes","levels":3.0,"residential":true,"residents_est":5,"h3_10":"8a1e2e6b3967fff","h3_11":"8b1e2e6b3961fff"},"geometry":{"type":"Polygon","coordinates":[[[19.932242,50.056891],[19.932424,50.05679],[19.932471,50.056784],[19.932726,50.05684],[19.932617,50.05696],[19.932472,50.056926],[19.932438,50.056946],[19.932435,50.056961],[19.932519,50.057024],[19.932461,50.057053],[19.932242,50.056891]]]}},{"type":"Feature","id":"w152721237","properties":{"type":"yes","levels":3.0,"address":"Tarłowska 5","residential":true,"residents_est":5,"h3_10":"8a1e2e6b3967fff","h3_11":"8b1e2e6b3965fff"},"geometry":{"type":"Polygon","coordinates":[[[19.931804,50.05716],[19.931811,50.057133],[19.932042,50.057004],[19.932166,50.057103],[19.932128,50.057121],[19.932112,50.057112],[19.932096,50.057122],[19.932125,50.057137],[19.932123,50.057166],[19.932102,50.057169],[19.932153,50.0572],[19.93206,50.057283],[19.931804,50.05716]]]}},{"type":"Feature","id":"w154244975","properties":{"type":"retail","levels":1.0,"address":"Rynek Dębnicki 16/4","residential":false,"residents_est":0,"h3_10":"8a1e2e6b38a7fff","h3_11":"8b1e2e6b38a1fff"},"geometry":{"type":"Polygon","coordinates":[[[19.92695,50.051562],[19.926991,50.051536],[19.927041,50.051568],[19.927,50.051594],[19.92695,50.051562]]]}},{"type":"Feature","id":"w154244978","properties":{"type":"retail","levels":1.0,"address":"Rynek Dębnicki 16/8","residential":false,"residents_est":0,"h3_10":"8a1e2e6b38a7fff","h3_11":"8b1e2e6b38a5fff"},"geometry":{"type":"Polygon","coordinates":[[[19.926778,50.051881],[19.926782,50.051836],[19.926852,50.051838],[19.926848,50.051884],[19.926778,50.051881]]]}},{"type":"Feature","id":"w154244981","properties":{"type":"retail","levels":1.0,"address":"Rynek Dębnicki 16/7","residential":false,"residents_est":0,"h3_10":"8a1e2e6b38a7fff","h3_11":"8b1e2e6b38a5fff"},"geometry":{"type":"Polygon","coordinates":[[[19.926786,50.05181],[19.92679,50.051764],[19.926859,50.051767],[19.926855,50.051812],[19.926786,50.05181]]]}},{"type":"Feature","id":"w154244991","properties":{"type":"roof","residential":false,"residents_est":0,"h3_10":"8a1e2e6b38a7fff","h3_11":"8b1e2e6b38a1fff"},"geometry":{"type":"Polygon","coordinates":[[[19.926855,50.051726],[19.926866,50.051635],[19.926892,50.051636],[19.926881,50.051728],[19.926855,50.051726]]]}},{"type":"Feature","id":"w154244995","properties":{"type":"retail","levels":1.0,"address":"Rynek Dębnicki 16/5","residential":false,"residents_est":0,"h3_10":"8a1e2e6b38a7fff","h3_11":"8b1e2e6b38a1fff"},"geometry":{"type":"Polygon","coordinates":[[[19.926809,50.051533],[19.926881,50.051514],[19.926911,50.051562],[19.926844,50.051583],[19.926809,50.051533]]]}},{"type":"Feature","id":"w154245009","properties":{"type":"roof","residential":false,"residents_est":0,"h3_10":"8a1e2e6b38a7fff","h3_11":"8b1e2e6b38a1fff"},"geometry":{"type":"Polygon","coordinates":[[[19.926924,50.051731],[19.926935,50.051639],[19.926983,50.051641],[19.926973,50.051733],[19.926924,50.051731]]]}},{"type":"Feature","id":"w154245013","properties":{"type":"retail","levels":1.0,"address":"Rynek Dębnicki 16/6","residential":false,"residents_est":0,"h3_10":"8a1e2e6b38a7fff","h3_11":"8b1e2e6b38a5fff"},"geometry":{"type":"Polygon","coordinates":[[[19.92688,50.051832],[19.926886,50.051786],[19.926955,50.051789],[19.926948,50.051836],[19.92688,50.051832]]]}},{"type":"Feature","id":"w154245021","properties":{"type":"retail","levels":1.0,"address":"Rynek Dębnicki 16/2","residential":false,"residents_est":0,"h3_10":"8a1e2e6b38a7fff","h3_11":"8b1e2e6b38a1fff"},"geometry":{"type":"Polygon","coordinates":[[[19.927102,50.051658],[19.927143,50.051632],[19.927193,50.051665],[19.927151,50.051691],[19.927102,50.051658]]]}},{"type":"Feature","id":"w154245025","properties":{"type":"retail","residential":false,"residents_est":0,"h3_10":"8a1e2e6b38a7fff","h3_11":"8b1e2e6b38a1fff"},"geometry":{"type":"Polygon","coordinates":[[[19.927019,50.051617],[19.927066,50.051584],[19.927118,50.051616],[19.927071,50.051648],[19.927019,50.051617]]]}},{"type":"Feature","id":"w154245075","properties":{"type":"yes","residential":false,"residents_est":0,"h3_10":"8a1e2e6b3817fff","h3_11":"8b1e2e6b3812fff"},"geometry":{"type":"Polygon","coordinates":[[[19.92716,50.051903],[19.927164,50.051873],[19.927211,50.051874],[19.927211,50.051887],[19.927239,50.051887],[19.927237,50.051905],[19.92716,50.051903]]]}},{"type":"Feature","id":"w167346954","properties":{"type":"yes","levels":5.0,"residential":true,"residents_est":5,"h3_10":"8a1e2e6b384ffff","h3_11":"8b1e2e6b384afff"},"geometry":{"type":"Polygon","coordinates":[[[19.935288,50.052254],[19.935347,50.05211],[19.935569,50.052145],[19.935571,50.052149],[19.935554,50.052146],[19.935546,50.052168],[19.935561,50.052171],[19.935522,50.052267],[19.935494,50.052261],[19.935486,50.052284],[19.9355,50.052286],[19.935496,50.05229],[19.935288,50.052254]]]}},{"type":"Feature","id":"w167346957","properties":{"type":"yes","levels":3.0,"residential":true,"residents_est":4,"h3_10":"8a1e2e6b384ffff","h3_11":"8b1e2e6b384afff"},"geometry":{"type":"Polygon","coordinates":[[[19.935592,50.052555],[19.935694,50.052448],[19.935755,50.052472],[19.935776,50.05245],[19.935792,50.052456],[19.93581,50.052448],[19.935823,50.05245],[19.935836,50.052467],[19.935812,50.052494],[19.935895,50.052526],[19.935918,50.052525],[19.93591,50.052499],[19.935934,50.05247],[19.935916,50.052462],[19.935989,50.052374],[19.936062,50.0524],[19.935852,50.052658],[19.935641,50.052579],[19.935592,50.052555]]]}},{"type":"Feature","id":"w167346958","properties":{"type":"yes","levels":4.5,"residential":true,"residents_est":5,"h3_10":"8a1e2e6b384ffff","h3_11":"8b1e2e6b384afff"},"geometry":{"type":"Polygon","coordinates":[[[19.935226,50.052399],[19.935286,50.052258],[19.935476,50.052287],[19.935451,50.052344],[19.93545,50.052359],[19.935493,50.052372],[19.935498,50.052395],[19.935411,50.05249],[19.935239,50.052423],[19.935226,50.052399]]]}},{"type":"Feature","id":"w167346965","properties":{"type":"yes","levels":3.0,"residential":true,"residents_est":5,"h3_10":"8a1e2e6b384ffff","h3_11":"8b1e2e6b3848fff"},"geometry":{"type":"Polygon","coordinates":[[[19.935852,50.052658],[19.936062,50.0524],[19.936138,50.052426],[19.936062,50.052521],[19.936048,50.05252],[19.936026,50.052542],[19.935998,50.052532],[19.935986,50.052549],[19.936216,50.052639],[19.936116,50.052762],[19.935852,50.052658]]]}},{"type":"Feature","id":"w167346967","properties":{"type":"school","levels":3.0,"residential":false,"residents_est":0,"h3_10":"8a1e2e6b384ffff","h3_11":"8b1e2e6b3849fff"},"geometry":{"type":"Polygon","coordinates":[[[19.936115,50.052763],[19.936216,50.052639],[19.936325,50.052681],[19.936332,50.052673],[19.936397,50.052698],[19.936389,50.052705],[19.936428,50.05272],[19.936564,50.052551],[19.936692,50.052596],[19.93645,50.052893],[19.936341,50.052851],[19.936338,50.052855],[19.936115,50.052763]]]}},{"type":"Feature","id":"w167346968","properties":{"type":"yes","levels":4.5,"residential":true,"residents_est":6,"h3_10":"8a1e2e6b384ffff","h3_11":"8b1e2e6b384afff"},"geometry":{"type":"Polygon","coordinates":[[[19.935412,50.052489],[19.935498,50.052395],[19.935493,50.052372],[19.935515,50.05237],[19.935525,50.05236],[19.935521,50.05235],[19.935566,50.052301],[19.935787,50.052337],[19.935784,50.052348],[19.935751,50.052384],[19.935676,50.052372],[19.935638,50.052415],[19.93563,50.052416],[19.935635,50.052428],[19.935694,50.052448],[19.935592,50.052555],[19.935412,50.052489]]]}},{"type":"Feature","id":"w167346971","properties":{"type":"yes","levels":6.5,"residential":true,"residents_est":6,"h3_10":"8a1e2e6b385ffff","h3_11":"8b1e2e6b3859fff"},"geometry":{"type":"Polygon","coordinates":[[[19.935346,50.052109],[19.935403,50.051977],[19.935636,50.052017],[19.935625,50.052043],[19.935639,50.052047],[19.935636,50.052086],[19.93561,50.052082],[19.935598,50.052115],[19.935582,50.052113],[19.935569,50.052145],[19.935346,50.052109]]]}},{"type":"Feature","id":"w181520073","properties":{"type":"roof","residential":false,"residents_est":0,"h3_10":"8a1e2e6b3917fff","h3_11":"8b1e2e6b3910fff"},"geometry":{"type":"Polygon","coordinates":[[[19.925177,50.055121],[19.925243,50.05505],[19.92538,50.055102],[19.925314,50.055173],[19.925177,50.055121]]]}},{"type":"Feature","id":"w201558320","properties":{"type":"garages","residential":false,"residents_est":0,"h3_10":"8a1e2e6b386ffff","h3_11":"8b1e2e6b3869fff"},"geometry":{"type":"Polygon","coordinates":[[[19.93614,50.053657],[19.936223,50.053643],[19.936656,50.053857],[19.936668,50.053881],[19.936649,50.053884],[19.936663,50.053922],[19.936608,50.054017],[19.936512,50.053986],[19.936552,50.053909],[19.936563,50.053905],[19.936545,50.053881],[19.936523,50.053888],[19.936505,50.05386],[19.936483,50.053867],[19.936466,50.053843],[19.936442,50.053847],[19.936428,50.053822],[19.936406,50.053829],[19.936391,50.053803],[19.936369,50.05381],[19.936354,50.053784],[19.936332,50.053792],[19.936317,50.053766],[19.936295,50.053773],[19.936281,50.053748],[19.936259,50.053755],[19.936244,50.053729],[19.936222,50.053736],[19.936207,50.053711],[19.936185,50.053718],[19.93614,50.053657]]]}},{"type":"Feature","id":"w201563826","properties":{"type":"yes","residential":true,"residents_est":1,"h3_10":"8a1e2e6b386ffff","h3_11":"8b1e2e6b386bfff"},"geometry":{"type":"Polygon","coordinates":[[[19.935461,50.053365],[19.935486,50.053349],[19.935613,50.053466],[19.935985,50.053774],[19.935962,50.053785],[19.935926,50.053766],[19.935605,50.053501],[19.935461,50.053365]]]}},{"type":"Feature","id":"w233092297","properties":{"type":"office","address":"Kazimierza Morawskiego 5","name":"Biprocemwap","residential":false,"residents_est":0,"h3_10":"8a1e2e6b3937fff","h3_11":"8b1e2e6b3932fff"},"geometry":{"type":"Polygon","coordinates":[[[19.9247,50.055707],[19.924834,50.055588],[19.925019,50.055673],[19.924975,50.055712],[19.925149,50.055795],[19.925259,50.055833],[19.9255,50.05589],[19.925452,50.055986],[19.92529,50.05595],[19.925204,50.05593],[19.925111,50.055898],[19.9247,50.055707]]]}},{"type":"Feature","id":"w233092312","properties":{"type":"office","address":"Tadeusza Kościuszki 37","residential":false,"residents_est":0,"h3_10":"8a1e2e6b39b7fff","h3_11":"8b1e2e6b39b4fff"},"geometry":{"type":"Polygon","coordinates":[[[19.922073,50.0538],[19.922176,50.053697],[19.922492,50.05383],[19.922434,50.053887],[19.922441,50.05389],[19.922416,50.053915],[19.922406,50.053911],[19.922396,50.053922],[19.922405,50.053925],[19.922391,50.05394],[19.922369,50.053934],[19.922347,50.053956],[19.922353,50.053958],[19.922348,50.053964],[19.922332,50.053966],[19.922087,50.053861],[19.92208,50.053852],[19.922091,50.053849],[19.92212,50.053821],[19.922073,50.0538]]]}},{"type":"Feature","id":"w233092330","properties":{"type":"yes","residential":true,"residents_est":1,"h3_10":"8a1e2e6b3937fff","h3_11":"8b1e2e6b3936fff"},"geometry":{"type":"Polygon","coordinates":[[[19.924401,50.056098],[19.924443,50.056059],[19.924534,50.056102],[19.924526,50.056109],[19.924566,50.056126],[19.924574,50.05612],[19.924584,50.056124],[19.924519,50.056182],[19.924414,50.056135],[19.924433,50.056116],[19.924401,50.056098]]]}},{"type":"Feature","id":"w233092333","properties":{"type":"yes","residential":true,"residents_est":5,"h3_10":"8a1e2e6b39b7fff","h3_11":"8b1e2e6b39b3fff"},"geometry":{"type":"Polygon","coordinates":[[[19.922469,50.052902],[19.922515,50.052791],[19.922846,50.052852],[19.922795,50.05298],[19.922657,50.052956],[19.922662,50.052943],[19.922672,50.052944],[19.922673,50.052937],[19.922469,50.052902]]]}},{"type":"Feature","id":"w233092346","properties":{"type":"yes","residential":true,"residents_est":1,"h3_10":"8a1e2e6b39b7fff","h3_11":"8b1e2e6b39b3fff"},"geometry":{"type":"Polygon","coordinates":[[[19.922819,50.052925],[19.922846,50.052852],[19.923093,50.052899],[19.923068,50.052969],[19.923005,50.052957],[19.923009,50.052948],[19.922952,50.052938],[19.922944,50.052955],[19.922819,50.052925]]]}},{"type":"Feature","id":"w233092351","properties":{"type":"yes","address":"Tadeusza Kościuszki 36","residential":true,"residents_est":1,"h3_10":"8a1e2e6b39b7fff","h3_11":"8b1e2e6b39b1fff"},"geometry":{"type":"Polygon","coordinates":[[[19.923118,50.053646],[19.923157,50.053572],[19.923417,50.05365],[19.923369,50.053712],[19.923118,50.053646]]]}},{"type":"Feature","id":"w233092369","properties":{"type":"apartments","levels":5.0,"address":"Władysława Syrokomli 7","residential":true,"residents_est":8,"h3_10":"8a1e2e6b3907fff","h3_11":"8b1e2e6b3906fff"},"geometry":{"type":"Polygon","coordinates":[[[19.925938,50.055593],[19.926071,50.055453],[19.926236,50.055537],[19.926207,50.055565],[19.926192,50.055559],[19.926113,50.055641],[19.925938,50.055593]]]}},{"type":"Feature","id":"w233092374","properties":{"type":"yes","residential":true,"residents_est":0,"h3_10":"8a1e2e6b39b7fff","h3_11":"8b1e2e6b39b1fff"},"geometry":{"type":"Polygon","coordinates":[[[19.923227,50.053597],[19.923245,50.05357],[19.923438,50.05362],[19.923417,50.05365],[19.923227,50.053597]]]}},{"type":"Feature","id":"w233092377","properties":{"type":"yes","address":"Tatarska 10","residential":true,"residents_est":1,"h3_10":"8a1e2e6b39a7fff","h3_11":"8b1e2e6b39a5fff"},"geometry":{"type":"Polygon","coordinates":[[[19.924214,50.054486],[19.92428,50.054411],[19.924342,50.054431],[19.924336,50.054441],[19.924362,50.054449],[19.924361,50.054459],[19.924415,50.054477],[19.924367,50.054534],[19.924214,50.054486]]]}},{"type":"Feature","id":"w233092384","properties":{"type":"apartments","address":"Aleja Zygmunta Krasińskiego 18","residential":true,"residents_est":9,"h3_10":"8a1e2e6b3927fff","h3_11":"8b1e2e6b3922fff"},"geometry":{"type":"Polygon","coordinates":[[[19.92622,50.056591],[19.926246,50.056541],[19.926256,50.056543],[19.926298,50.056463],[19.926288,50.056461],[19.926303,50.056431],[19.926481,50.056467],[19.9264,50.056628],[19.92622,50.056591]]]}},{"type":"Feature","id":"w233092387","properties":{"type":"apartments","residential":true,"residents_est":7,"h3_10":"8a1e2e6b39a7fff","h3_11":"8b1e2e6b39a6fff"},"geometry":{"type":"Polygon","coordinates":[[[19.923132,50.054127],[19.923166,50.054097],[19.923149,50.05409],[19.923172,50.054066],[19.923189,50.054074],[19.923223,50.05404],[19.923178,50.054021],[19.923264,50.053926],[19.923385,50.053961],[19.92339,50.053978],[19.923204,50.054158],[19.923132,50.054127]]]}},{"type":"Feature","id":"w233092389","properties":{"type":"yes","address":"Tadeusza Kościuszki 21","residential":true,"residents_est":1,"h3_10":"8a1e2e6b39a7fff","h3_11":"8b1e2e6b39a5fff"},"geometry":{"type":"Polygon","coordinates":[[[19.924342,50.054342],[19.924412,50.054257],[19.924564,50.0543],[19.924415,50.054477],[19.924361,50.054459],[19.924365,50.054455],[19.924359,50.054453],[19.924431,50.05437],[19.924342,50.054342]]]}},{"type":"Feature","id":"w233092395","properties":{"type":"apartments","address":"Aleja Zygmunta Krasińskiego 8","residential":true,"residents_est":11,"h3_10":"8a1e2e6b3907fff","h3_11":"8b1e2e6b3900fff"},"geometry":{"type":"Polygon","coordinates":[[[19.926515,50.055493],[19.926562,50.055445],[19.92696,50.055546],[19.926891,50.055663],[19.926666,50.055614],[19.926728,50.055512],[19.926693,50.055503],[19.92668,50.055522],[19.926658,50.055517],[19.926651,50.055527],[19.926515,50.055493]]]}},{"type":"Feature","id":"w233092404","properties":{"type":"apartments","residential":true,"residents_est":17,"h3_10":"8a1e2e6b3907fff","h3_11":"8b1e2e6b3903fff"},"geometry":{"type":"Polygon","coordinates":[[[19.926751,50.055233],[19.926858,50.055118],[19.927152,50.055246],[19.927038,50.055419],[19.926862,50.05537],[19.926898,50.055319],[19.926876,50.05529],[19.926841,50.055274],[19.926833,50.055282],[19.92678,50.055258],[19.926789,50.05525],[19.926751,50.055233]]]}},{"type":"Feature","id":"w233092408","properties":{"type":"yes","address":"Tadeusza Kościuszki 40","residential":true,"residents_est":3,"h3_10":"8a1e2e6b39b7fff","h3_11":"8b1e2e6b39b0fff"},"geometry":{"type":"Polygon","coordinates":[[[19.92236,50.053444],[19.922444,50.05332],[19.922483,50.053331],[19.922493,50.05335],[19.922667,50.053401],[19.92259,50.053512],[19.92236,50.053444]]]}},{"type":"Feature","id":"w233092410","properties":{"type":"yes","address":"Tadeusza Kościuszki 38","residential":true,"residents_est":5,"h3_10":"8a1e2e6b39b7fff","h3_11":"8b1e2e6b39b3fff"},"geometry":{"type":"Polygon","coordinates":[[[19.922513,50.053218],[19.922671,50.052959],[19.922778,50.052975],[19.922718,50.053122],[19.92276,50.053134],[19.922672,50.053263],[19.922513,50.053218]]]}},{"type":"Feature","id":"w233092417","properties":{"type":"yes","address":"Tadeusza Kościuszki 44","residential":true,"residents_est":1,"h3_10":"8a1e2e6b39b7fff","h3_11":"8b1e2e6b39b6fff"},"geometry":{"type":"Polygon","coordinates":[[[19.922003,50.053341],[19.922093,50.053214],[19.92223,50.053256],[19.92221,50.053284],[19.922252,50.053295],[19.922184,50.05339],[19.922003,50.053341]]]}},{"type":"Feature","id":"w233092424","properties":{"type":"yes","address":"Tadeusza Kościuszki 46","residential":true,"residents_est":4,"h3_10":"8a1e2e6b39b7fff","h3_11":"8b1e2e6b39b2fff"},"geometry":{"type":"Polygon","coordinates":[[[19.921811,50.053286],[19.92195,50.053057],[19.922024,50.053075],[19.921995,50.053123],[19.922011,50.053127],[19.921992,50.053159],[19.921972,50.053154],[19.921957,50.053179],[19.921967,50.053193],[19.922002,50.053203],[19.922011,50.05319],[19.922093,50.053213],[19.922003,50.053341],[19.921811,50.053286]]]}},{"type":"Feature","id":"w233092429","properties":{"type":"apartments","address":"Aleja Zygmunta Krasińskiego 6","residential":true,"residents_est":12,"h3_10":"8a1e2e6b3907fff","h3_11":"8b1e2e6b3900fff"},"geometry":{"type":"Polygon","coordinates":[[[19.926562,50.055445],[19.926593,50.055402],[19.926802,50.055453],[19.926797,50.055462],[19.926811,50.055462],[19.926836,50.055415],[19.926832,50.055406],[19.926723,50.05538],[19.92675,50.055343],[19.927038,50.055419],[19.92696,50.055546],[19.926562,50.055445]]]}},{"type":"Feature","id":"w233092431","properties":{"type":"yes","residential":true,"residents_est":1,"h3_10":"8a1e2e6b39affff","h3_11":"8b1e2e6b39a8fff"},"geometry":{"type":"Polygon","coordinates":[[[19.925657,50.053963],[19.925755,50.05387],[19.925767,50.053875],[19.925778,50.053864],[19.925819,50.053885],[19.925811,50.053894],[19.925847,50.053908],[19.925823,50.053936],[19.925785,50.053922],[19.925722,50.053989],[19.925657,50.053963]]]}},{"type":"Feature","id":"w233092438","properties":{"type":"yes","residential":true,"residents_est":1,"h3_10":"8a1e2e6b39b7fff","h3_11":"8b1e2e6b39b2fff"},"geometry":{"type":"Polygon","coordinates":[[[19.922427,50.053192],[19.922507,50.053075],[19.922585,50.053101],[19.922513,50.053218],[19.922427,50.053192]]]}},{"type":"Feature","id":"w233092441","properties":{"type":"apartments","levels":5.0,"address":"Aleja Zygmunta Krasińskiego 24b","residential":true,"residents_est":10,"h3_10":"8a1e2e6b3927fff","h3_11":"8b1e2e6b3924fff"},"geometry":{"type":"Polygon","coordinates":[[[19.925892,50.05724],[19.925909,50.057207],[19.925897,50.057204],[19.925918,50.057164],[19.925908,50.057161],[19.925925,50.05713],[19.925933,50.057133],[19.92595,50.057099],[19.925961,50.057101],[19.925986,50.057056],[19.926158,50.057093],[19.926062,50.057275],[19.925892,50.05724]]]}},{"type":"Feature","id":"w233092454","properties":{"type":"yes","residential":true,"residents_est":5,"h3_10":"8a1e2e6b39a7fff","h3_11":"8b1e2e6b39a0fff"},"geometry":{"type":"Polygon","coordinates":[[[19.923839,50.054367],[19.924017,50.054143],[19.924213,50.0542],[19.924147,50.054289],[19.9241,50.054276],[19.924094,50.054284],[19.924046,50.05427],[19.924052,50.054263],[19.92402,50.054254],[19.923964,50.054322],[19.924084,50.054361],[19.924033,50.054428],[19.923839,50.054367]]]}},{"type":"Feature","id":"w233092456","properties":{"type":"apartments","address":"Aleja Zygmunta Krasińskiego 22","residential":true,"residents_est":11,"h3_10":"8a1e2e6b3927fff","h3_11":"8b1e2e6b3926fff"},"geometry":{"type":"Polygon","coordinates":[[[19.925933,50.056843],[19.925952,50.056806],[19.926027,50.056822],[19.926041,50.056795],[19.926053,50.056797],[19.926067,50.056769],[19.926093,50.056766],[19.926109,50.056735],[19.926323,50.056779],[19.926255,50.056912],[19.925933,50.056843]]]}},{"type":"Feature","id":"w233092464","properties":{"type":"yes","residential":true,"residents_est":1,"h3_10":"8a1e2e6b39a7fff","h3_11":"8b1e2e6b39a6fff"},"geometry":{"type":"Polygon","coordinates":[[[19.922783,50.054181],[19.922926,50.054043],[19.922993,50.054072],[19.922849,50.054209],[19.922783,50.054181]]]}},{"type":"Feature","id":"w233092473","properties":{"type":"apartments","address":"Aleja Zygmunta Krasińskiego 16","residential":true,"residents_est":17,"h3_10":"8a1e2e6b3927fff","h3_11":"8b1e2e6b3922fff"},"geometry":{"type":"Polygon","coordinates":[[[19.926079,50.056385],[19.926147,50.056257],[19.926201,50.056268],[19.92622,50.056227],[19.926291,50.05624],[19.926271,50.056281],[19.926549,50.056337],[19.926481,50.056467],[19.926079,50.056385]]]}},{"type":"Feature","id":"w233092484","properties":{"type":"yes","address":"Tadeusza Kościuszki 22","residential":true,"residents_est":23,"h3_10":"8a1e2e6b39affff","h3_11":"8b1e2e6b39aefff"},"geometry":{"type":"Polygon","coordinates":[[[19.924768,50.054109],[19.92482,50.054038],[19.924881,50.054055],[19.924913,50.054012],[19.924906,50.05401],[19.925035,50.053839],[19.925051,50.053843],[19.925221,50.053617],[19.925521,50.053743],[19.925235,50.054117],[19.925296,50.054136],[19.925221,50.05424],[19.924768,50.054109]]]}},{"type":"Feature","id":"w233092489","properties":{"type":"apartments","address":"Aleja Zygmunta Krasińskiego 24a","residential":true,"residents_est":12,"h3_10":"8a1e2e6b3927fff","h3_11":"8b1e2e6b3924fff"},"geometry":{"type":"Polygon","coordinates":[[[19.925938,50.056869],[19.925949,50.056847],[19.926255,50.056912],[19.926158,50.057093],[19.925986,50.057056],[19.925999,50.057031],[19.925966,50.057023],[19.925993,50.056967],[19.926006,50.05697],[19.926039,50.056909],[19.925965,50.056892],[19.925974,50.056877],[19.925938,50.056869]]]}},{"type":"Feature","id":"w233092492","properties":{"type":"apartments","residential":true,"residents_est":13,"h3_10":"8a1e2e6b3907fff","h3_11":"8b1e2e6b3906fff"},"geometry":{"type":"Polygon","coordinates":[[[19.926135,50.055844],[19.926208,50.055697],[19.926333,50.055723],[19.926324,50.055742],[19.926397,50.055755],[19.926422,50.055713],[19.926501,50.05573],[19.926415,50.055903],[19.926264,50.055867],[19.92625,50.055869],[19.926135,50.055844]]]}},{"type":"Feature","id":"w233092498","properties":{"type":"yes","residential":true,"residents_est":1,"h3_10":"8a1e2e6b3987fff","h3_11":"8b1e2e6b3984fff"},"geometry":{"type":"Polygon","coordinates":[[[19.923627,50.053593],[19.923665,50.053544],[19.923652,50.053539],[19.923663,50.053525],[19.923678,50.05353],[19.923685,50.053519],[19.923672,50.053515],[19.923689,50.053493],[19.923714,50.0535],[19.923761,50.053441],[19.923839,50.053466],[19.923719,50.053622],[19.923627,50.053593]]]}},{"type":"Feature","id":"w233092505","properties":{"type":"yes","address":"Władysława Syrokomli 12","residential":true,"residents_est":2,"h3_10":"8a1e2e6b3937fff","h3_11":"8b1e2e6b3930fff"},"geometry":{"type":"Polygon","coordinates":[[[19.925142,50.056229],[19.925159,50.056193],[19.925186,50.056198],[19.925201,50.056152],[19.925215,50.056143],[19.925227,50.056114],[19.92521,50.056106],[19.9252,50.056114],[19.925187,50.056108],[19.925228,50.056075],[19.925407,50.056114],[19.925334,50.05627],[19.925142,50.056229]]]}},{"type":"Feature","id":"w233092512","properties":{"type":"apartments","address":"Marcina Borelowskiego-Lelewela 4","residential":true,"residents_est":6,"h3_10":"8a1e2e6b39a7fff","h3_11":"8b1e2e6b39a6fff"},"geometry":{"type":"Polygon","coordinates":[[[19.922914,50.05425],[19.922951,50.054215],[19.922991,50.054231],[19.923,50.054223],[19.923017,50.05423],[19.923026,50.054214],[19.923083,50.054165],[19.923067,50.054157],[19.923149,50.05409],[19.923166,50.054097],[19.923132,50.054127],[19.923204,50.054158],[19.923052,50.054306],[19.922914,50.05425]]]}},{"type":"Feature","id":"w233092516","properties":{"type":"yes","address":"Jaskółcza 6","residential":true,"residents_est":1,"h3_10":"8a1e2e6b3987fff","h3_11":"8b1e2e6b3986fff"},"geometry":{"type":"Polygon","coordinates":[[[19.92358,50.053153],[19.923625,50.053096],[19.923608,50.05309],[19.923643,50.053046],[19.923826,50.053106],[19.923744,50.053209],[19.923666,50.053184],[19.923658,50.053193],[19.923599,50.053174],[19.923608,50.053162],[19.92358,50.053153]]]}},{"type":"Feature","id":"w233092517","properties":{"type":"apartments","address":"Marcina Borelowskiego-Lelewela 7","residential":true,"residents_est":10,"h3_10":"8a1e2e6b39a7fff","h3_11":"8b1e2e6b39a4fff"},"geometry":{"type":"Polygon","coordinates":[[[19.923054,50.054565],[19.923164,50.054459],[19.92351,50.054605],[19.923457,50.054654],[19.923326,50.054596],[19.923325,50.054556],[19.923307,50.054555],[19.923274,50.054586],[19.923289,50.054591],[19.923236,50.05464],[19.923054,50.054565]]]}},{"type":"Feature","id":"w233092519","properties":{"type":"yes","residential":true,"residents_est":2,"h3_10":"8a1e2e6b39affff","h3_11":"8b1e2e6b39a8fff"},"geometry":{"type":"Polygon","coordinates":[[[19.925592,50.05376],[19.925651,50.053707],[19.925889,50.053829],[19.925879,50.053838],[19.925903,50.053849],[19.925848,50.05389],[19.92583,50.053881],[19.925824,50.053887],[19.925648,50.053797],[19.925654,50.053793],[19.925592,50.05376]]]}},{"type":"Feature","id":"w233092526","properties":{"type":"apartments","address":"Tadeusza Kościuszki 31","residential":true,"residents_est":6,"h3_10":"8a1e2e6b39a7fff","h3_11":"8b1e2e6b39a6fff"},"geometry":{"type":"Polygon","coordinates":[[[19.922991,50.05398],[19.923074,50.053884],[19.923105,50.053896],[19.923112,50.053891],[19.9232,50.053925],[19.923204,50.053919],[19.923247,50.053936],[19.923259,50.053924],[19.923264,50.053926],[19.923169,50.05403],[19.923132,50.054014],[19.92312,50.054026],[19.923067,50.053995],[19.923051,50.054008],[19.923026,50.053989],[19.922991,50.05398]]]}},{"type":"Feature","id":"w233092527","properties":{"type":"apartments","address":"Aleja Zygmunta Krasińskiego 20","residential":true,"residents_est":14,"h3_10":"8a1e2e6b3927fff","h3_11":"8b1e2e6b3920fff"},"geometry":{"type":"Polygon","coordinates":[[[19.925862,50.056683],[19.925883,50.056636],[19.926078,50.056678],[19.926102,50.056703],[19.926125,50.056694],[19.926135,50.056674],[19.926115,50.056662],[19.926144,50.056605],[19.926159,50.0566],[19.926197,50.056607],[19.926206,50.056588],[19.9264,50.056628],[19.926323,50.056779],[19.925862,50.056683]]]}},{"type":"Feature","id":"w233092529","properties":{"type":"apartments","address":"Władysława Syrokomli 13","residential":true,"residents_est":10,"h3_10":"8a1e2e6b3927fff","h3_11":"8b1e2e6b3922fff"},"geometry":{"type":"Polygon","coordinates":[[[19.925954,50.056507],[19.926,50.056398],[19.926052,50.056409],[19.926065,50.056382],[19.926204,50.056411],[19.926181,50.056454],[19.92623,50.056464],[19.92622,50.056486],[19.92628,50.056497],[19.926264,50.056527],[19.926207,50.056514],[19.926192,50.056543],[19.926144,50.056533],[19.926125,50.056571],[19.925984,50.056542],[19.925998,50.056516],[19.925954,50.056507]]]}},{"type":"Feature","id":"w233092531","properties":{"type":"yes","residential":true,"residents_est":11,"h3_10":"8a1e2e6b3917fff","h3_11":"8b1e2e6b3912fff"},"geometry":{"type":"Polygon","coordinates":[[[19.924367,50.054534],[19.924564,50.0543],[19.92489,50.054396],[19.924714,50.054647],[19.924367,50.054534]]]}},{"type":"Feature","id":"w233092541","properties":{"type":"yes","residential":true,"residents_est":5,"h3_10":"8a1e2e6b39a7fff","h3_11":"8b1e2e6b39a5fff"},"geometry":{"type":"Polygon","coordinates":[[[19.924033,50.054428],[19.924213,50.0542],[19.924412,50.054257],[19.924342,50.054342],[19.924297,50.054328],[19.924287,50.054341],[19.924241,50.054326],[19.924251,50.054312],[19.924218,50.054301],[19.924196,50.054307],[19.924188,50.054318],[19.924199,50.054322],[19.924152,50.054382],[19.924179,50.054391],[19.924194,50.054382],[19.92428,50.054411],[19.924214,50.054486],[19.924033,50.054428]]]}},{"type":"Feature","id":"w233092542","properties":{"type":"yes","address":"Tadeusza Kościuszki 18","residential":true,"residents_est":3,"h3_10":"8a1e2e6b39affff","h3_11":"8b1e2e6b39acfff"},"geometry":{"type":"Polygon","coordinates":[[[19.925221,50.05424],[19.925296,50.054136],[19.925353,50.054153],[19.925364,50.05414],[19.925423,50.054157],[19.925414,50.05417],[19.925457,50.054183],[19.925498,50.05418],[19.925509,50.054165],[19.925485,50.054156],[19.925499,50.05414],[19.925508,50.054144],[19.925501,50.054153],[19.925553,50.054172],[19.925452,50.054308],[19.925221,50.05424]]]}},{"type":"Feature","id":"w233092547","properties":{"type":"yes","address":"Władysława Syrokomli 11","residential":true,"residents_est":5,"h3_10":"8a1e2e6b3937fff","h3_11":"8b1e2e6b3931fff"},"geometry":{"type":"Polygon","coordinates":[[[19.92565,50.056157],[19.925757,50.055954],[19.925752,50.055953],[19.92576,50.055939],[19.925963,50.055979],[19.925933,50.05603],[19.925953,50.056034],[19.925898,50.056145],[19.925879,50.056142],[19.925858,50.056185],[19.925863,50.056187],[19.925857,50.056199],[19.92565,50.056157]]]}},{"type":"Feature","id":"w233092553","properties":{"type":"yes","residential":true,"residents_est":7,"h3_10":"8a1e2e6b39a7fff","h3_11":"8b1e2e6b39a0fff"},"geometry":{"type":"Polygon","coordinates":[[[19.9234,50.054091],[19.923502,50.053995],[19.923911,50.054113],[19.923794,50.054269],[19.923681,50.054236],[19.923704,50.054203],[19.923725,50.054208],[19.923734,50.054197],[19.923664,50.054175],[19.923654,50.054188],[19.9236,50.054172],[19.923607,50.054164],[19.923473,50.054123],[19.9234,50.054091]]]}},{"type":"Feature","id":"w233092554","properties":{"type":"apartments","levels":5.0,"residential":true,"residents_est":48,"h3_10":"8a1e2e6b3917fff","h3_11":"8b1e2e6b3916fff"},"geometry":{"type":"Polygon","coordinates":[[[19.92451,50.055268],[19.924674,50.055123],[19.924616,50.055099],[19.924708,50.054993],[19.924733,50.055],[19.925123,50.054468],[19.925321,50.05452],[19.92512,50.054783],[19.925078,50.05477],[19.925029,50.054837],[19.92507,50.05485],[19.925016,50.054929],[19.924972,50.054916],[19.924872,50.055049],[19.92486,50.055045],[19.924833,50.055072],[19.92489,50.055095],[19.924642,50.055344],[19.92451,50.055268]]]}},{"type":"Feature","id":"w233092557","properties":{"type":"apartments","address":"Tadeusza Kościuszki 32","residential":true,"residents_est":14,"h3_10":"8a1e2e6b39a7fff","h3_11":"8b1e2e6b39a2fff"},"geometry":{"type":"Polygon","coordinates":[[[19.923601,50.053777],[19.92373,50.053607],[19.923786,50.053626],[19.923791,50.053619],[19.923799,50.053622],[19.923808,50.053609],[19.923944,50.053649],[19.923933,50.053666],[19.923997,50.053687],[19.923871,50.05386],[19.923801,50.053839],[19.923835,50.053795],[19.923847,50.05379],[19.923843,50.053776],[19.923734,50.053747],[19.92373,50.053741],[19.923704,50.053747],[19.923708,50.053754],[19.923676,50.0538],[19.923601,50.053777]]]}},{"type":"Feature","id":"w233092558","properties":{"type":"yes","address":"Tadeusza Kościuszki 42","residential":true,"residents_est":4,"h3_10":"8a1e2e6b39b7fff","h3_11":"8b1e2e6b39b0fff"},"geometry":{"type":"Polygon","coordinates":[[[19.922182,50.053393],[19.922289,50.05325],[19.922337,50.053168],[19.922513,50.053218],[19.922475,50.053273],[19.922438,50.053263],[19.922444,50.053252],[19.922421,50.053246],[19.922416,50.053254],[19.922392,50.053247],[19.922398,50.053239],[19.922342,50.053223],[19.922321,50.053256],[19.92233,50.053258],[19.92229,50.053312],[19.922424,50.053349],[19.92236,50.053444],[19.922182,50.053393]]]}},{"type":"Feature","id":"w233092560","properties":{"type":"hotel","levels":7.0,"residential":false,"residents_est":0,"h3_10":"8a1e2e6b3917fff","h3_11":"8b1e2e6b3915fff"},"geometry":{"type":"Polygon","coordinates":[[[19.925292,50.055375],[19.92535,50.05532],[19.925324,50.055309],[19.925525,50.055094],[19.925542,50.055095],[19.925577,50.055051],[19.925563,50.055041],[19.925697,50.054891],[19.925628,50.054866],[19.925659,50.054836],[19.925562,50.054793],[19.925615,50.054721],[19.92566,50.054646],[19.925863,50.054713],[19.926359,50.05491],[19.926013,50.055209],[19.925992,50.055198],[19.925902,50.0553],[19.925747,50.055443],[19.925669,50.055406],[19.92563,50.055437],[19.925534,50.055399],[19.925478,50.055455],[19.925292,50.055375]]]}},{"type":"Feature","id":"w233092564","properties":{"type":"apartments","address":"Władysława Syrokomli 3","residential":true,"residents_est":10,"h3_10":"8a1e2e6b3907fff","h3_11":"8b1e2e6b3902fff"},"geometry":{"type":"Polygon","coordinates":[[[19.926245,50.05531],[19.926377,50.0552],[19.926589,50.055309],[19.926549,50.05534],[19.926509,50.055324],[19.92647,50.055317],[19.926448,50.055335],[19.926451,50.055356],[19.926527,50.0554],[19.92652,50.055416],[19.926502,50.055422],[19.926476,50.055415],[19.926466,50.055422],[19.926245,50.05531]]]}},{"type":"Feature","id":"w233092573","properties":{"type":"residential","address":"Tadeusza Kościuszki 39","residential":true,"residents_est":8,"h3_10":"8a1e2e6b39b7fff","h3_11":"8b1e2e6b39b6fff"},"geometry":{"type":"Polygon","coordinates":[[[19.921495,50.053587],[19.921582,50.053465],[19.921828,50.053536],[19.921695,50.053645],[19.921495,50.053587]]]}},{"type":"Feature","id":"w233092604","properties":{"type":"service","residential":false,"residents_est":0,"h3_10":"8a1e2e6b3917fff","h3_11":"8b1e2e6b3912fff"},"geometry":{"type":"Polygon","coordinates":[[[19.924749,50.054597],[19.924781,50.054551],[19.924856,50.054574],[19.924824,50.05462],[19.924749,50.054597]]]}},{"type":"Feature","id":"w233092615","properties":{"type":"yes","residential":true,"residents_est":1,"h3_10":"8a1e2e6b39b7fff","h3_11":"8b1e2e6b39b2fff"},"geometry":{"type":"Polygon","coordinates":[[[19.921972,50.052964],[19.922019,50.052849],[19.922211,50.052881],[19.922164,50.052996],[19.921972,50.052964]]]}},{"type":"Feature","id":"w233092631","properties":{"type":"yes","address":"Władysława Syrokomli 16","residential":true,"residents_est":4,"h3_10":"8a1e2e6b3937fff","h3_11":"8b1e2e6b3935fff"},"geometry":{"type":"Polygon","coordinates":[[[19.925006,50.056477],[19.925075,50.056334],[19.925283,50.056379],[19.925209,50.056521],[19.925006,50.056477]]]}},{"type":"Feature","id":"w233092634","properties":{"type":"yes","address":"Władysława Syrokomli 15","residential":true,"residents_est":4,"h3_10":"8a1e2e6b3937fff","h3_11":"8b1e2e6b3935fff"},"geometry":{"type":"Polygon","coordinates":[[[19.925511,50.056438],[19.925589,50.056285],[19.925786,50.056325],[19.925701,50.056477],[19.925511,50.056438]]]}},{"type":"Feature","id":"w233092649","properties":{"type":"yes","address":"Władysława Syrokomli 19a","residential":true,"residents_est":2,"h3_10":"8a1e2e6b3927fff","h3_11":"8b1e2e6b3926fff"},"geometry":{"type":"Polygon","coordinates":[[[19.925306,50.056849],[19.925378,50.056705],[19.92556,50.056743],[19.92549,50.056888],[19.925306,50.056849]]]}},{"type":"Feature","id":"w233092652","properties":{"type":"retail","levels":1.0,"address":"Włóczków 3","residential":false,"residents_est":0,"h3_10":"8a1e2e6b3917fff","h3_11":"8b1e2e6b3914fff"},"geometry":{"type":"Polygon","coordinates":[[[19.925024,50.055265],[19.925124,50.055163],[19.925238,50.055209],[19.925138,50.055311],[19.925024,50.055265]]]}},{"type":"Feature","id":"w233092653","properties":{"type":"yes","residential":true,"residents_est":1,"h3_10":"8a1e2e6b3937fff","h3_11":"8b1e2e6b3934fff"},"geometry":{"type":"Polygon","coordinates":[[[19.924543,50.056189],[19.924599,50.056143],[19.924839,50.056263],[19.924785,50.056309],[19.924543,50.056189]]]}},{"type":"Feature","id":"w233092664","properties":{"type":"yes","residential":true,"residents_est":0,"h3_10":"8a1e2e6b3987fff","h3_11":"8b1e2e6b3980fff"},"geometry":{"type":"Polygon","coordinates":[[[19.924054,50.053218],[19.924065,50.053193],[19.924327,50.053266],[19.924309,50.053291],[19.924054,50.053218]]]}},{"type":"Feature","id":"w233092666","properties":{"type":"yes","residential":true,"residents_est":1,"h3_10":"8a1e2e6b39affff","h3_11":"8b1e2e6b39a8fff"},"geometry":{"type":"Polygon","coordinates":[[[19.925534,50.053905],[19.925627,50.053809],[19.925716,50.053844],[19.925622,50.05394],[19.925534,50.053905]]]}},{"type":"Feature","id":"w233092683","properties":{"type":"yes","address":"Władysława Syrokomli 19","residential":true,"residents_est":4,"h3_10":"8a1e2e6b3927fff","h3_11":"8b1e2e6b3926fff"},"geometry":{"type":"Polygon","coordinates":[[[19.925378,50.056705],[19.925451,50.056559],[19.925655,50.0566],[19.925582,50.056748],[19.925378,50.056705]]]}},{"type":"Feature","id":"w233092685","properties":{"type":"yes","residential":true,"residents_est":1,"h3_10":"8a1e2e6b3937fff","h3_11":"8b1e2e6b3934fff"},"geometry":{"type":"Polygon","coordinates":[[[19.92436,50.05632],[19.924461,50.056227],[19.924624,50.056308],[19.924526,50.056404],[19.92436,50.05632]]]}},{"type":"Feature","id":"w233092701","properties":{"type":"yes","residential":true,"residents_est":1,"h3_10":"8a1e2e6b3937fff","h3_11":"8b1e2e6b3934fff"},"geometry":{"type":"Polygon","coordinates":[[[19.924526,50.056404],[19.924624,50.056308],[19.924792,50.056391],[19.924693,50.056489],[19.924526,50.056404]]]}},{"type":"Feature","id":"w233092713","properties":{"type":"yes","residential":true,"residents_est":1,"h3_10":"8a1e2e6b39b7fff","h3_11":"8b1e2e6b39b2fff"},"geometry":{"type":"Polygon","coordinates":[[[19.922121,50.053169],[19.922155,50.053115],[19.922337,50.053168],[19.922297,50.053223],[19.922121,50.053169]]]}},{"type":"Feature","id":"w233092723","properties":{"type":"yes","residential":true,"residents_est":1,"h3_10":"8a1e2e6b3937fff","h3_11":"8b1e2e6b3934fff"},"geometry":{"type":"Polygon","coordinates":[[[19.924671,50.056509],[19.924763,50.056424],[19.924858,50.056445],[19.924748,50.056544],[19.924671,50.056509]]]}},{"type":"Feature","id":"w233092732","properties":{"type":"yes","residential":true,"residents_est":1,"h3_10":"8a1e2e6b39b7fff","h3_11":"8b1e2e6b39b2fff"},"geometry":{"type":"Polygon","coordinates":[[[19.922266,50.053146],[19.922303,50.05309],[19.922468,50.053134],[19.922427,50.053192],[19.922266,50.053146]]]}},{"type":"Feature","id":"w233092739","properties":{"type":"yes","address":"Władysława Syrokomli 10","residential":true,"residents_est":1,"h3_10":"8a1e2e6b3937fff","h3_11":"8b1e2e6b3930fff"},"geometry":{"type":"Polygon","coordinates":[[[19.925228,50.056075],[19.92529,50.05595],[19.925452,50.055986],[19.925391,50.056104],[19.925411,50.056108],[19.925407,50.056114],[19.925228,50.056075]]]}},{"type":"Feature","id":"w233092742","properties":{"type":"apartments","address":"Tadeusza Kościuszki 35","residential":true,"residents_est":6,"h3_10":"8a1e2e6b39b7fff","h3_11":"8b1e2e6b39b5fff"},"geometry":{"type":"Polygon","coordinates":[[[19.922664,50.053904],[19.922774,50.053798],[19.922925,50.053842],[19.922813,50.053962],[19.922664,50.053904]]]}},{"type":"Feature","id":"w233092745","properties":{"type":"yes","address":"Tadeusza Kościuszki 17","residential":true,"residents_est":1,"h3_10":"8a1e2e6b3917fff","h3_11":"8b1e2e6b3912fff"},"geometry":{"type":"Polygon","coordinates":[[[19.924839,50.054469],[19.92489,50.054396],[19.925126,50.054465],[19.925073,50.054537],[19.924839,50.054469]]]}},{"type":"Feature","id":"w233092749","properties":{"type":"yes","residential":true,"residents_est":1,"h3_10":"8a1e2e6b3997fff","h3_11":"8b1e2e6b3994fff"},"geometry":{"type":"Polygon","coordinates":[[[19.922076,50.052783],[19.922095,50.052739],[19.922498,50.052808],[19.922458,50.052914],[19.922427,50.052908],[19.922452,50.052847],[19.922076,50.052783]]]}},{"type":"Feature","id":"w233092752","properties":{"type":"yes","address":"Włóczków 7","residential":true,"residents_est":2,"h3_10":"8a1e2e6b3937fff","h3_11":"8b1e2e6b3936fff"},"geometry":{"type":"Polygon","coordinates":[[[19.924189,50.056045],[19.924316,50.055928],[19.924494,50.056011],[19.924373,50.056121],[19.924189,50.056045]]]}},{"type":"Feature","id":"w233092762","properties":{"type":"yes","address":"Tadeusza Kościuszki 16","residential":false,"residents_est":0,"h3_10":"8a1e2e6b39affff","h3_11":"8b1e2e6b39acfff"},"geometry":{"type":"Polygon","coordinates":[[[19.925462,50.054293],[19.925498,50.054245],[19.925574,50.054269],[19.925541,50.054317],[19.925462,50.054293]]]}},{"type":"Feature","id":"w233092768","properties":{"type":"yes","address":"Jaskółcza 4","residential":true,"residents_est":2,"h3_10":"8a1e2e6b39b7fff","h3_11":"8b1e2e6b39b1fff"},"geometry":{"type":"Polygon","coordinates":[[[19.923329,50.05331],[19.923428,50.05318],[19.923596,50.053225],[19.923499,50.053358],[19.923329,50.05331]]]}},{"type":"Feature","id":"w233092769","properties":{"type":"yes","residential":true,"residents_est":0,"h3_10":"8a1e2e6b3917fff","h3_11":"8b1e2e6b3912fff"},"geometry":{"type":"Polygon","coordinates":[[[19.924781,50.054551],[19.924839,50.054469],[19.92492,50.054493],[19.924861,50.054576],[19.924781,50.054551]]]}},{"type":"Feature","id":"w233092770","properties":{"type":"yes","address":"Włóczków 11a","residential":true,"residents_est":2,"h3_10":"8a1e2e6b3937fff","h3_11":"8b1e2e6b3936fff"},"geometry":{"type":"Polygon","coordinates":[[[19.924055,50.056173],[19.924189,50.056045],[19.924373,50.056121],[19.924285,50.056203],[19.924248,50.056188],[19.924205,50.056232],[19.924055,50.056173]]]}},{"type":"Feature","id":"w233092781","properties":{"type":"yes","residential":true,"residents_est":1,"h3_10":"8a1e2e6b3917fff","h3_11":"8b1e2e6b3916fff"},"geometry":{"type":"Polygon","coordinates":[[[19.924437,50.054848],[19.924564,50.054765],[19.924673,50.054836],[19.924545,50.054919],[19.924437,50.054848]]]}},{"type":"Feature","id":"w233092788","properties":{"type":"yes","address":"Władysława Syrokomli 14","residential":true,"residents_est":2,"h3_10":"8a1e2e6b3937fff","h3_11":"8b1e2e6b3935fff"},"geometry":{"type":"Polygon","coordinates":[[[19.925056,50.05633],[19.925112,50.056222],[19.925334,50.05627],[19.925283,50.056379],[19.925056,50.05633]]]}},{"type":"Feature","id":"w233092789","properties":{"type":"yes","residential":true,"residents_est":0,"h3_10":"8a1e2e6b39affff","h3_11":"8b1e2e6b39acfff"},"geometry":{"type":"Polygon","coordinates":[[[19.92538,50.054017],[19.925433,50.053941],[19.925512,50.053967],[19.925459,50.054041],[19.92538,50.054017]]]}},{"type":"Feature","id":"w233092793","properties":{"type":"yes","residential":false,"residents_est":0,"h3_10":"8a1e2e6b3937fff","h3_11":"8b1e2e6b3934fff"},"geometry":{"type":"Polygon","coordinates":[[[19.924785,50.056309],[19.924839,50.056263],[19.924921,50.056306],[19.924899,50.056324],[19.924852,50.056301],[19.92482,50.056327],[19.924785,50.056309]]]}},{"type":"Feature","id":"w233092798","properties":{"type":"yes","residential":true,"residents_est":1,"h3_10":"8a1e2e6b3917fff","h3_11":"8b1e2e6b3916fff"},"geometry":{"type":"Polygon","coordinates":[[[19.924284,50.054902],[19.924322,50.054876],[19.924297,50.054861],[19.924501,50.054723],[19.924564,50.054765],[19.924318,50.054924],[19.924284,50.054902]]]}},{"type":"Feature","id":"w233092821","properties":{"type":"yes","address":"Marcina Borelowskiego-Lelewela 3","residential":true,"residents_est":2,"h3_10":"8a1e2e6b39a7fff","h3_11":"8b1e2e6b39a4fff"},"geometry":{"type":"Polygon","coordinates":[[[19.923293,50.054352],[19.923366,50.054282],[19.923668,50.054414],[19.923598,50.054482],[19.923293,50.054352]]]}},{"type":"Feature","id":"w233092822","properties":{"type":"apartments","levels":5.0,"address":"Władysława Syrokomli 5","residential":true,"residents_est":10,"h3_10":"8a1e2e6b3907fff","h3_11":"8b1e2e6b3906fff"},"geometry":{"type":"Polygon","coordinates":[[[19.926071,50.055453],[19.926245,50.05531],[19.926405,50.055391],[19.926259,50.055506],[19.926275,50.055516],[19.926247,50.055543],[19.926071,50.055453]]]}},{"type":"Feature","id":"w233092824","properties":{"type":"yes","residential":true,"residents_est":1,"h3_10":"8a1e2e6b39b7fff","h3_11":"8b1e2e6b39b1fff"},"geometry":{"type":"Polygon","coordinates":[[[19.923287,50.053368],[19.923329,50.05331],[19.923481,50.053355],[19.923441,50.05341],[19.923287,50.053368]]]}},{"type":"Feature","id":"w233092834","properties":{"type":"yes","address":"Władysława Syrokomli 17","residential":true,"residents_est":4,"h3_10":"8a1e2e6b3927fff","h3_11":"8b1e2e6b3926fff"},"geometry":{"type":"Polygon","coordinates":[[[19.925451,50.056559],[19.925511,50.056438],[19.925701,50.056477],[19.925663,50.056555],[19.9259,50.056607],[19.925877,50.056647],[19.925451,50.056559]]]}},{"type":"Feature","id":"w233092841","properties":{"type":"yes","address":"Tadeusza Kościuszki 16c","residential":true,"residents_est":0,"h3_10":"8a1e2e6b39affff","h3_11":"8b1e2e6b39acfff"},"geometry":{"type":"Polygon","coordinates":[[[19.925498,50.054245],[19.925555,50.054167],[19.925633,50.054189],[19.925574,50.054269],[19.925498,50.054245]]]}},{"type":"Feature","id":"w233092845","properties":{"type":"yes","residential":true,"residents_est":1,"h3_10":"8a1e2e6b3907fff","h3_11":"8b1e2e6b3902fff"},"geometry":{"type":"Polygon","coordinates":[[[19.926572,50.055299],[19.926674,50.055209],[19.926744,50.05524],[19.926641,50.055336],[19.926572,50.055299]]]}},{"type":"Feature","id":"w233092863","properties":{"type":"yes","residential":true,"residents_est":5,"h3_10":"8a1e2e6b3907fff","h3_11":"8b1e2e6b3902fff"},"geometry":{"type":"Polygon","coordinates":[[[19.926471,50.055122],[19.926604,50.055015],[19.926858,50.055118],[19.926744,50.05524],[19.926471,50.055122]]]}},{"type":"Feature","id":"w233092866","properties":{"type":"apartments","levels":5.0,"address":"Aleja Zygmunta Krasińskiego 12","residential":true,"residents_est":15,"h3_10":"8a1e2e6b3907fff","h3_11":"8b1e2e6b3904fff"},"geometry":{"type":"Polygon","coordinates":[[[19.926415,50.055903],[19.926473,50.055786],[19.926596,50.05581],[19.926598,50.055816],[19.926609,50.055818],[19.92664,50.05575],[19.926826,50.055791],[19.926735,50.055969],[19.926415,50.055903]]]}},{"type":"Feature","id":"w233092870","properties":{"type":"apartments","levels":6.0,"address":"Tadeusza Kościuszki 30","residential":true,"residents_est":10,"h3_10":"8a1e2e6b39a7fff","h3_11":"8b1e2e6b39a3fff"},"geometry":{"type":"Polygon","coordinates":[[[19.923878,50.053851],[19.923968,50.053728],[19.924159,50.053783],[19.924073,50.053905],[19.923878,50.053851]]]}},{"type":"Feature","id":"w233092871","properties":{"type":"yes","residential":true,"residents_est":1,"h3_10":"8a1e2e6b3987fff","h3_11":"8b1e2e6b3984fff"},"geometry":{"type":"Polygon","coordinates":[[[19.923497,50.05354],[19.923606,50.053406],[19.923681,50.05343],[19.923575,50.053565],[19.923497,50.05354]]]}},{"type":"Feature","id":"w233092877","properties":{"type":"yes","address":"Tadeusza Kościuszki 14","residential":true,"residents_est":2,"h3_10":"8a1e2e6b39affff","h3_11":"8b1e2e6b39adfff"},"geometry":{"type":"Polygon","coordinates":[[[19.925855,50.05413],[19.925902,50.054083],[19.925873,50.05407],[19.925918,50.054023],[19.92599,50.054049],[19.926015,50.054022],[19.926144,50.054071],[19.926029,50.054195],[19.925855,50.05413]]]}},{"type":"Feature","id":"w233092886","properties":{"type":"apartments","address":"Tadeusza Kościuszki 33","residential":true,"residents_est":8,"h3_10":"8a1e2e6b39b7fff","h3_11":"8b1e2e6b39b5fff"},"geometry":{"type":"Polygon","coordinates":[[[19.922825,50.053949],[19.922925,50.053842],[19.923074,50.053884],[19.922991,50.05398],[19.922876,50.054093],[19.92283,50.054072],[19.922924,50.053977],[19.922825,50.053949]]]}},{"type":"Feature","id":"w233092888","properties":{"type":"yes","residential":true,"residents_est":0,"h3_10":"8a1e2e6b39a7fff","h3_11":"8b1e2e6b39a4fff"},"geometry":{"type":"Polygon","coordinates":[[[19.923574,50.054637],[19.923635,50.054577],[19.923648,50.054574],[19.923667,50.054556],[19.923734,50.054584],[19.923648,50.054669],[19.923574,50.054637]]]}},{"type":"Feature","id":"w233092892","properties":{"type":"yes","residential":true,"residents_est":6,"h3_10":"8a1e2e6b3907fff","h3_11":"8b1e2e6b3906fff"},"geometry":{"type":"Polygon","coordinates":[[[19.925835,50.055783],[19.925938,50.055593],[19.926113,50.055641],[19.926075,50.055696],[19.92608,50.055703],[19.926193,50.055728],[19.926135,50.055844],[19.925835,50.055783]]]}},{"type":"Feature","id":"w233092896","properties":{"type":"yes","residential":true,"residents_est":1,"h3_10":"8a1e2e6b39b7fff","h3_11":"8b1e2e6b39b1fff"},"geometry":{"type":"Polygon","coordinates":[[[19.923441,50.05341],[19.923481,50.053355],[19.923614,50.053395],[19.923572,50.053448],[19.923441,50.05341]]]}},{"type":"Feature","id":"w233092897","properties":{"type":"yes","address":"Jaskółcza 2","residential":true,"residents_est":1,"h3_10":"8a1e2e6b39b7fff","h3_11":"8b1e2e6b39b1fff"},"geometry":{"type":"Polygon","coordinates":[[[19.923157,50.053572],[19.923207,50.053478],[19.923255,50.053413],[19.923338,50.05344],[19.923297,50.053499],[19.92332,50.053505],[19.923288,50.053537],[19.923274,50.053534],[19.923231,50.053591],[19.923157,50.053572]]]}},{"type":"Feature","id":"w233092914","properties":{"type":"apartments","levels":5.0,"address":"Aleja Zygmunta Krasińskiego 10","residential":true,"residents_est":8,"h3_10":"8a1e2e6b3907fff","h3_11":"8b1e2e6b3900fff"},"geometry":{"type":"Polygon","coordinates":[[[19.926631,50.055701],[19.926671,50.055622],[19.926663,50.05562],[19.926666,50.055614],[19.926891,50.055663],[19.926826,50.055791],[19.926633,50.055749],[19.926652,50.055705],[19.926631,50.055701]]]}},{"type":"Feature","id":"w233092915","properties":{"type":"yes","address":"Władysława Syrokomli 11a","residential":true,"residents_est":2,"h3_10":"8a1e2e6b3927fff","h3_11":"8b1e2e6b3922fff"},"geometry":{"type":"Polygon","coordinates":[[[19.925589,50.056285],[19.925654,50.056157],[19.925842,50.056196],[19.925822,50.056244],[19.925831,50.056246],[19.925808,50.056294],[19.925822,50.056298],[19.925808,50.05633],[19.925589,50.056285]]]}},{"type":"Feature","id":"w233092917","properties":{"type":"yes","address":"Marcina Borelowskiego-Lelewela 5","residential":true,"residents_est":2,"h3_10":"8a1e2e6b39a7fff","h3_11":"8b1e2e6b39a4fff"},"geometry":{"type":"Polygon","coordinates":[[[19.923164,50.054459],[19.923277,50.054345],[19.923444,50.054417],[19.923426,50.05444],[19.923444,50.054449],[19.923372,50.054518],[19.923355,50.05451],[19.923332,50.054532],[19.923164,50.054459]]]}},{"type":"Feature","id":"w233092921","properties":{"type":"apartments","levels":3.0,"address":"Aleja Zygmunta Krasińskiego 14","residential":true,"residents_est":5,"h3_10":"8a1e2e6b3907fff","h3_11":"8b1e2e6b3904fff"},"geometry":{"type":"Polygon","coordinates":[[[19.926328,50.056257],[19.926372,50.056171],[19.926423,50.056181],[19.926431,50.056164],[19.926613,50.056203],[19.926549,50.056337],[19.926408,50.056309],[19.926421,50.056278],[19.926328,50.056257]]]}},{"type":"Feature","id":"w233092923","properties":{"type":"yes","residential":true,"residents_est":2,"h3_10":"8a1e2e6b3937fff","h3_11":"8b1e2e6b3930fff"},"geometry":{"type":"Polygon","coordinates":[[[19.924845,50.056266],[19.925082,50.056055],[19.925165,50.056095],[19.92516,50.0561],[19.925183,50.056112],[19.92515,50.056138],[19.925128,50.056128],[19.924925,50.056308],[19.924845,50.056266]]]}},{"type":"Feature","id":"w233092929","properties":{"type":"yes","address":"Tatarska 11","residential":true,"residents_est":1,"h3_10":"8a1e2e6b39a7fff","h3_11":"8b1e2e6b39a4fff"},"geometry":{"type":"Polygon","coordinates":[[[19.923575,50.054505],[19.923668,50.054414],[19.923835,50.054485],[19.923734,50.054584],[19.923677,50.05456],[19.923689,50.054548],[19.923666,50.054539],[19.923659,50.054544],[19.923575,50.054505]]]}},{"type":"Feature","id":"w233092931","properties":{"type":"apartments","address":"Tadeusza Kościuszki 34","residential":true,"residents_est":10,"h3_10":"8a1e2e6b39a7fff","h3_11":"8b1e2e6b39a2fff"},"geometry":{"type":"Polygon","coordinates":[[[19.923369,50.053712],[19.923458,50.053595],[19.923622,50.053647],[19.923656,50.053602],[19.923719,50.053622],[19.923601,50.053777],[19.923369,50.053712]]]}},{"type":"Feature","id":"w233371471","properties":{"type":"yes","levels":1.0,"residential":true,"residents_est":1,"h3_10":"8a1e2e6b381ffff","h3_11":"8b1e2e6b3818fff"},"geometry":{"type":"Polygon","coordinates":[[[19.929334,50.052114],[19.929505,50.051907],[19.929663,50.05196],[19.929493,50.052168],[19.929334,50.052114]]]}},{"type":"Feature","id":"w233371573","properties":{"type":"church","address":"Konfederacka 6","name":"Kościół pw. Świętego Stanisława Kostki","residential":false,"residents_est":0,"h3_10":"8a1e2e6b389ffff","h3_11":"8b1e2e6b389dfff"},"geometry":{"type":"Polygon","coordinates":[[[19.926892,50.049773],[19.926997,50.049695],[19.926977,50.049684],[19.926987,50.049678],[19.926993,50.049682],[19.927017,50.049667],[19.927009,50.049661],[19.92702,50.049655],[19.927026,50.049659],[19.927049,50.049645],[19.927041,50.04964],[19.927044,50.049633],[19.92706,50.049637],[19.927082,50.049622],[19.927073,50.049611],[19.927091,50.049608],[19.927117,50.049628],[19.927132,50.049619],[19.927164,50.049639],[19.927177,50.04963],[19.927186,50.049635],[19.927205,50.049622],[19.927196,50.049617],[19.927207,50.049609],[19.927215,50.049614],[19.927234,50.049602],[19.927226,50.049597],[19.927261,50.049582],[19.927253,50.049577],[19.927264,50.04957],[19.927272,50.049574],[19.927291,50.049562],[19.927283,50.049556],[19.927293,50.049549],[19.927301,50.049554],[19.927319,50.049542],[19.927311,50.049537],[19.927321,50.049531],[19.927329,50.049536],[19.927347,50.049524],[19.927337,50.049518],[19.927373,50.049503],[19.927366,50.049498],[19.927379,50.04949],[19.92743,50.049517],[19.927416,50.049526],[19.927434,50.049537],[19.927444,50.049531],[19.927452,50.049536],[19.927444,50.049541],[19.927467,50.049556],[19.927476,50.049551],[19.927482,50.049555],[19.927473,50.049561],[19.927492,50.049573],[19.927508,50.049562],[19.927513,50.049566],[19.927509,50.049568],[19.92755,50.049595],[19.927539,50.049602],[19.927532,50.049598],[19.927517,50.049607],[19.927523,50.049611],[19.92751,50.04962],[19.927504,50.049616],[19.927487,50.049627],[19.927494,50.049632],[19.927482,50.049639],[19.927475,50.049635],[19.927457,50.049647],[19.927464,50.049652],[19.927451,50.04966],[19.927444,50.049656],[19.927428,50.049667],[19.927437,50.049672],[19.927423,50.049681],[19.927416,50.049676],[19.927399,50.049686],[19.927407,50.049692],[19.92737,50.049707],[19.92738,50.049713],[19.927368,50.049721],[19.92736,50.049716],[19.927341,50.049728],[19.927349,50.049733],[19.927336,50.049742],[19.927368,50.049763],[19.927354,50.049772],[19.927391,50.04979],[19.927375,50.0498],[19.927369,50.049796],[19.927348,50.04981],[19.927355,50.049814],[19.927343,50.049821],[19.927337,50.049817],[19.927315,50.049831],[19.927323,50.049836],[19.927311,50.049844],[19.927305,50.049839],[19.927284,50.049853],[19.927291,50.049858],[19.927283,50.049867],[19.927272,50.049868],[19.927257,50.049853],[19.927239,50.049865],[19.927244,50.049868],[19.927209,50.049885],[19.927214,50.049889],[19.927182,50.049904],[19.927189,50.049908],[19.927177,50.049916],[19.92717,50.049911],[19.927146,50.049926],[19.926892,50.049773]]]}},{"type":"Feature","id":"w233371578","properties":{"type":"civic","levels":1.5,"address":"Marii Konopnickiej 26","name":"Muzeum Sztuki i Techniki Japońskiej Manggha","residential":false,"residents_est":0,"h3_10":"8a1e2e6b38c7fff","h3_11":"8b1e2e6b38c4fff"},"geometry":{"type":"Polygon","coordinates":[[[19.931413,50.051188],[19.931503,50.051041],[19.931527,50.050975],[19.931523,50.050913],[19.931499,50.050906],[19.931511,50.050886],[19.931454,50.050763],[19.931449,50.050731],[19.931456,50.050677],[19.931472,50.050641],[19.931573,50.050481],[19.931686,50.050525],[19.931865,50.050976],[19.931903,50.050987],[19.931732,50.051269],[19.931413,50.051188]]]}},{"type":"Feature","id":"w233371747","properties":{"type":"yes","levels":2.0,"residential":true,"residents_est":1,"h3_10":"8a1e2e6b38e7fff","h3_11":"8b1e2e6b38e0fff"},"geometry":{"type":"Polygon","coordinates":[[[19.931268,50.051687],[19.931272,50.051584],[19.931483,50.051587],[19.931461,50.051685],[19.931268,50.051687]]]}},{"type":"Feature","id":"w233371785","properties":{"type":"apartments","levels":3.0,"address":"Generała Kazimierza Pułaskiego 11","residential":true,"residents_est":5,"h3_10":"8a1e2e6b388ffff","h3_11":"8b1e2e6b388efff"},"geometry":{"type":"Polygon","coordinates":[[[19.927917,50.050009],[19.928039,50.049934],[19.928241,50.050078],[19.928109,50.050155],[19.928102,50.05015],[19.928109,50.050145],[19.927917,50.050009]]]}},{"type":"Feature","id":"w233371786","properties":{"type":"apartments","levels":2.0,"residential":true,"residents_est":5,"h3_10":"8a1e2e6b3807fff","h3_11":"8b1e2e6b3802fff"},"geometry":{"type":"Polygon","coordinates":[[[19.92862,50.052871],[19.928697,50.052785],[19.928777,50.052811],[19.928752,50.052844],[19.928781,50.052853],[19.928847,50.052771],[19.92902,50.052829],[19.928921,50.052948],[19.928879,50.052953],[19.92862,50.052871]]]}},{"type":"Feature","id":"w233371811","properties":{"type":"yes","levels":3.0,"residential":true,"residents_est":2,"h3_10":"8a1e2e6b38e7fff","h3_11":"8b1e2e6b38e2fff"},"geometry":{"type":"Polygon","coordinates":[[[19.930983,50.051303],[19.931237,50.051291],[19.931199,50.051372],[19.930983,50.051381],[19.930983,50.051303]]]}},{"type":"Feature","id":"w233371813","properties":{"type":"apartments","levels":5.0,"residential":true,"residents_est":28,"h3_10":"8a1e2e6b388ffff","h3_11":"8b1e2e6b388bfff"},"geometry":{"type":"Polygon","coordinates":[[[19.928619,50.049981],[19.928726,50.049897],[19.928768,50.049927],[19.928757,50.049933],[19.928799,50.049964],[19.929229,50.049711],[19.929353,50.049799],[19.928867,50.050085],[19.928858,50.050079],[19.928804,50.050111],[19.928619,50.049981]]]}},{"type":"Feature","id":"w233371821","properties":{"type":"apartments","levels":3.0,"residential":true,"residents_est":4,"h3_10":"8a1e2e6b38affff","h3_11":"8b1e2e6b38aafff"},"geometry":{"type":"Polygon","coordinates":[[[19.927609,50.050807],[19.927648,50.050779],[19.927621,50.050761],[19.927659,50.050738],[19.927678,50.05075],[19.927734,50.050722],[19.927856,50.050804],[19.927732,50.050889],[19.927609,50.050807]]]}},{"type":"Feature","id":"w233371845","properties":{"type":"yes","levels":2.0,"residential":true,"residents_est":1,"h3_10":"8a1e2e6b38b7fff","h3_11":"8b1e2e6b38b6fff"},"geometry":{"type":"Polygon","coordinates":[[[19.924087,50.05097],[19.924115,50.050934],[19.924093,50.050926],[19.924117,50.050896],[19.924138,50.050903],[19.924167,50.050867],[19.924301,50.050911],[19.924218,50.051015],[19.924087,50.05097]]]}},{"type":"Feature","id":"w233371846","properties":{"type":"apartments","levels":3.0,"address":"Zamkowa 4","residential":true,"residents_est":4,"h3_10":"8a1e2e6b3807fff","h3_11":"8b1e2e6b3801fff"},"geometry":{"type":"Polygon","coordinates":[[[19.929899,50.05321],[19.930033,50.053085],[19.930175,50.053128],[19.93017,50.053159],[19.930153,50.053154],[19.930136,50.053184],[19.930126,50.053182],[19.930111,50.053207],[19.930096,50.053203],[19.930063,50.053256],[19.929899,50.05321]]]}},{"type":"Feature","id":"w233371885","properties":{"type":"kiosk","residential":false,"residents_est":0,"h3_10":"8a1e2e6b38a7fff","h3_11":"8b1e2e6b38a1fff"},"geometry":{"type":"Polygon","coordinates":[[[19.92704,50.05178],[19.927091,50.051733],[19.927125,50.05173],[19.927198,50.051761],[19.92718,50.051779],[19.927188,50.051795],[19.927165,50.051817],[19.92714,50.051816],[19.927122,50.051833],[19.927045,50.0518],[19.92704,50.05178]]]}},{"type":"Feature","id":"w233371927","properties":{"type":"apartments","levels":2.0,"address":"Konfederacka 7","residential":true,"residents_est":2,"h3_10":"8a1e2e6b389ffff","h3_11":"8b1e2e6b3898fff"},"geometry":{"type":"Polygon","coordinates":[[[19.926756,50.049343],[19.92681,50.049305],[19.926811,50.049289],[19.926842,50.049283],[19.926899,50.049241],[19.927,50.049303],[19.926857,50.049403],[19.926756,50.049343]]]}},{"type":"Feature","id":"w233371938","properties":{"type":"yes","levels":2.0,"residential":true,"residents_est":1,"h3_10":"8a1e2e6b3887fff","h3_11":"8b1e2e6b3885fff"},"geometry":{"type":"Polygon","coordinates":[[[19.926694,50.051026],[19.926855,50.050928],[19.92696,50.051003],[19.926801,50.051096],[19.926694,50.051026]]]}},{"type":"Feature","id":"w233371944","properties":{"type":"yes","levels":2.0,"address":"Zamkowa 15","name":"Apartments Zamkowa15","residential":true,"residents_est":1,"h3_10":"8a1e2e6b381ffff","h3_11":"8b1e2e6b3819fff"},"geometry":{"type":"Polygon","coordinates":[[[19.930119,50.052259],[19.93019,50.052133],[19.93034,50.052167],[19.930266,50.052296],[19.930119,50.052259]]]}},{"type":"Feature","id":"w233371972","properties":{"type":"garage","residential":false,"residents_est":0,"h3_10":"8a1e2e6b38b7fff","h3_11":"8b1e2e6b38b6fff"},"geometry":{"type":"Polygon","coordinates":[[[19.924319,50.050972],[19.92435,50.050933],[19.924364,50.050938],[19.924369,50.050931],[19.924356,50.050927],[19.924377,50.0509],[19.924419,50.050914],[19.924358,50.050986],[19.924319,50.050972]]]}},{"type":"Feature","id":"w233371979","properties":{"type":"apartments","address":"Antoniego Józefa Madalińskiego 18","residential":true,"residents_est":10,"h3_10":"8a1e2e6b3817fff","h3_11":"8b1e2e6b3812fff"},"geometry":{"type":"Polygon","coordinates":[[[19.927554,50.051907],[19.927668,50.051732],[19.927788,50.051727],[19.927733,50.051829],[19.927704,50.051836],[19.927795,50.05186],[19.92772,50.051971],[19.927564,50.05193],[19.927554,50.051907]]]}},{"type":"Feature","id":"w233372007","properties":{"type":"garage","residential":false,"residents_est":0,"h3_10":"8a1e2e6b38b7fff","h3_11":"8b1e2e6b38b4fff"},"geometry":{"type":"Polygon","coordinates":[[[19.92456,50.051074],[19.924594,50.05103],[19.924642,50.051045],[19.924663,50.051019],[19.924688,50.051027],[19.924709,50.051],[19.924783,50.051024],[19.924708,50.051121],[19.92456,50.051074]]]}},{"type":"Feature","id":"w233372014","properties":{"type":"apartments","levels":3.0,"residential":true,"residents_est":5,"h3_10":"8a1e2e6b3817fff","h3_11":"8b1e2e6b3815fff"},"geometry":{"type":"Polygon","coordinates":[[[19.928274,50.052579],[19.928324,50.052474],[19.928575,50.052551],[19.92854,50.052602],[19.92851,50.052594],[19.928479,50.052639],[19.928349,50.052607],[19.928352,50.052603],[19.928274,50.052579]]]}},{"type":"Feature","id":"w233372016","properties":{"type":"apartments","levels":4.0,"residential":true,"residents_est":7,"h3_10":"8a1e2e6b388ffff","h3_11":"8b1e2e6b388bfff"},"geometry":{"type":"Polygon","coordinates":[[[19.92844,50.049853],[19.928573,50.049766],[19.928742,50.049884],[19.928617,50.049983],[19.92844,50.049853]]]}},{"type":"Feature","id":"w233372023","properties":{"type":"yes","residential":true,"residents_est":1,"h3_10":"8a1e2e6b398ffff","h3_11":"8b1e2e6b398bfff"},"geometry":{"type":"Polygon","coordinates":[[[19.926527,50.0523],[19.926649,50.05219],[19.926731,50.052212],[19.926595,50.052337],[19.926527,50.0523]]]}},{"type":"Feature","id":"w233372031","properties":{"type":"yes","residential":true,"residents_est":5,"h3_10":"8a1e2e6b3887fff","h3_11":"8b1e2e6b3884fff"},"geometry":{"type":"Polygon","coordinates":[[[19.926001,50.050826],[19.926233,50.050784],[19.926286,50.050904],[19.92631,50.0509],[19.926326,50.050938],[19.926066,50.050978],[19.926001,50.050826]]]}},{"type":"Feature","id":"w233372065","properties":{"type":"apartments","levels":3.0,"residential":true,"residents_est":6,"h3_10":"8a1e2e6b3817fff","h3_11":"8b1e2e6b3810fff"},"geometry":{"type":"Polygon","coordinates":[[[19.92751,50.052288],[19.927577,50.05223],[19.927702,50.052137],[19.927893,50.052224],[19.927894,50.052242],[19.927785,50.052329],[19.927621,50.052241],[19.927617,50.052263],[19.927554,50.052312],[19.92751,50.052288]]]}},{"type":"Feature","id":"w233372090","properties":{"type":"apartments","levels":1.0,"address":"Jana Kilińskiego 3","residential":true,"residents_est":2,"h3_10":"8a1e2e6b38d7fff","h3_11":"8b1e2e6b38d3fff"},"geometry":{"type":"Polygon","coordinates":[[[19.930357,50.049534],[19.930433,50.049531],[19.930432,50.049482],[19.930579,50.049481],[19.930586,50.049628],[19.930433,50.049632],[19.93043,50.049586],[19.930363,50.049589],[19.930357,50.049534]]]}},{"type":"Feature","id":"w233372112","properties":{"type":"apartments","levels":3.0,"residential":true,"residents_est":3,"h3_10":"8a1e2e6b38d7fff","h3_11":"8b1e2e6b38d5fff"},"geometry":{"type":"Polygon","coordinates":[[[19.930125,50.050039],[19.930219,50.049982],[19.930353,50.050077],[19.930295,50.050112],[19.930319,50.050128],[19.930285,50.050151],[19.930125,50.050039]]]}},{"type":"Feature","id":"w233372122","properties":{"type":"yes","levels":3.0,"residential":true,"residents_est":2,"h3_10":"8a1e2e6b38a7fff","h3_11":"8b1e2e6b38a4fff"},"geometry":{"type":"Polygon","coordinates":[[[19.925677,50.051883],[19.925727,50.05177],[19.925908,50.051804],[19.925898,50.05184],[19.92598,50.051852],[19.925962,50.051923],[19.925876,50.051919],[19.925677,50.051883]]]}},{"type":"Feature","id":"w233372152","properties":{"type":"apartments","levels":2.0,"residential":true,"residents_est":2,"h3_10":"8a1e2e6b38affff","h3_11":"8b1e2e6b38aefff"},"geometry":{"type":"Polygon","coordinates":[[[19.927446,50.051195],[19.927579,50.051115],[19.927678,50.051181],[19.927585,50.051238],[19.927695,50.051312],[19.92766,50.051334],[19.927446,50.051195]]]}},{"type":"Feature","id":"w233372154","properties":{"type":"apartments","levels":2.0,"address":"Zduńska 8","residential":true,"residents_est":2,"h3_10":"8a1e2e6b38f7fff","h3_11":"8b1e2e6b38f5fff"},"geometry":{"type":"Polygon","coordinates":[[[19.930131,50.051228],[19.930313,50.051206],[19.930318,50.05123],[19.930285,50.051233],[19.930303,50.051328],[19.930152,50.051344],[19.930131,50.051228]]]}},{"type":"Feature","id":"w233372157","properties":{"type":"apartments","levels":3.0,"address":"Zduńska 16","residential":true,"residents_est":3,"h3_10":"8a1e2e6b38f7fff","h3_11":"8b1e2e6b38f0fff"},"geometry":{"type":"Polygon","coordinates":[[[19.930039,50.050755],[19.930209,50.050755],[19.930214,50.05079],[19.93024,50.050791],[19.930244,50.050812],[19.930224,50.050817],[19.930231,50.050856],[19.930065,50.050874],[19.930039,50.050755]]]}},{"type":"Feature","id":"w233372186","properties":{"type":"yes","residential":true,"residents_est":1,"h3_10":"8a1e2e6b3887fff","h3_11":"8b1e2e6b3882fff"},"geometry":{"type":"Polygon","coordinates":[[[19.926274,50.050178],[19.926339,50.050136],[19.926293,50.050104],[19.926407,50.050036],[19.926473,50.050082],[19.926483,50.050075],[19.926483,50.050068],[19.926547,50.050032],[19.926573,50.050055],[19.926293,50.050217],[19.926274,50.050178]]]}},{"type":"Feature","id":"w233372226","properties":{"type":"apartments","levels":1.0,"residential":true,"residents_est":1,"h3_10":"8a1e2e6b3817fff","h3_11":"8b1e2e6b3813fff"},"geometry":{"type":"Polygon","coordinates":[[[19.92798,50.051869],[19.928009,50.051829],[19.928085,50.05185],[19.928087,50.051867],[19.928075,50.051881],[19.928112,50.051891],[19.928176,50.051812],[19.928305,50.051853],[19.928237,50.051935],[19.92798,50.051869]]]}},{"type":"Feature","id":"w233372265","properties":{"type":"yes","address":"Michała Bałuckiego 8","residential":true,"residents_est":5,"h3_10":"8a1e2e6b3887fff","h3_11":"8b1e2e6b3883fff"},"geometry":{"type":"Polygon","coordinates":[[[19.926778,50.050253],[19.926884,50.050189],[19.927154,50.050379],[19.926993,50.050475],[19.926898,50.050409],[19.926954,50.050374],[19.926778,50.050253]]]}},{"type":"Feature","id":"w233372294","properties":{"type":"apartments","levels":2.0,"address":"Zamkowa 20","residential":true,"residents_est":3,"h3_10":"8a1e2e6b380ffff","h3_11":"8b1e2e6b380afff"},"geometry":{"type":"Polygon","coordinates":[[[19.930851,50.052201],[19.93109,50.052191],[19.931097,50.05231],[19.930926,50.052314],[19.930926,50.052329],[19.930892,50.052329],[19.930892,50.052317],[19.930853,50.052317],[19.930851,50.052201]]]}},{"type":"Feature","id":"w233372308","properties":{"type":"yes","levels":3.0,"address":"Sandomierska 6","name":"Hotel Poleski","residential":true,"residents_est":3,"h3_10":"8a1e2e6b38e7fff","h3_11":"8b1e2e6b38e5fff"},"geometry":{"type":"Polygon","coordinates":[[[19.931342,50.052003],[19.931362,50.051818],[19.931542,50.051819],[19.931554,50.051803],[19.931604,50.051816],[19.931483,50.052],[19.931452,50.051992],[19.931441,50.052009],[19.931342,50.052003]]]}},{"type":"Feature","id":"w233372353","properties":{"type":"apartments","levels":2.0,"address":"Jana Kilińskiego 5","residential":true,"residents_est":4,"h3_10":"8a1e2e6b38d7fff","h3_11":"8b1e2e6b38d3fff"},"geometry":{"type":"Polygon","coordinates":[[[19.930316,50.049408],[19.930327,50.049363],[19.930423,50.049362],[19.930423,50.049357],[19.930437,50.049356],[19.930432,50.04931],[19.930566,50.049308],[19.930579,50.049481],[19.930432,50.049482],[19.930429,50.049447],[19.930333,50.04945],[19.930316,50.049408]]]}},{"type":"Feature","id":"w233372372","properties":{"type":"apartments","levels":3.0,"address":"Zamkowa 18","residential":true,"residents_est":7,"h3_10":"8a1e2e6b380ffff","h3_11":"8b1e2e6b380afff"},"geometry":{"type":"Polygon","coordinates":[[[19.93042,50.052307],[19.930437,50.052287],[19.930553,50.052224],[19.930624,50.052206],[19.930851,50.052201],[19.930853,50.052307],[19.93063,50.052314],[19.93063,50.052333],[19.93042,50.052307]]]}},{"type":"Feature","id":"w233372389","properties":{"type":"apartments","levels":3.0,"residential":true,"residents_est":4,"h3_10":"8a1e2e6b388ffff","h3_11":"8b1e2e6b388cfff"},"geometry":{"type":"Polygon","coordinates":[[[19.928171,50.05046],[19.92823,50.050425],[19.928218,50.050417],[19.928224,50.050413],[19.928259,50.050393],[19.928269,50.0504],[19.928316,50.050374],[19.928431,50.050453],[19.928288,50.050544],[19.928171,50.05046]]]}},{"type":"Feature","id":"w233372405","properties":{"type":"apartments","levels":3.0,"address":"Zamkowa 11","residential":true,"residents_est":3,"h3_10":"8a1e2e6b381ffff","h3_11":"8b1e2e6b381dfff"},"geometry":{"type":"Polygon","coordinates":[[[19.92994,50.05257],[19.929973,50.052488],[19.929994,50.052491],[19.930006,50.052465],[19.930048,50.052472],[19.930043,50.052486],[19.930083,50.052492],[19.930079,50.052503],[19.930157,50.052515],[19.930117,50.0526],[19.92994,50.05257]]]}},{"type":"Feature","id":"w233372418","properties":{"type":"yes","address":"Zamkowa 2","residential":true,"residents_est":1,"h3_10":"8a1e2e6b380ffff","h3_11":"8b1e2e6b380cfff"},"geometry":{"type":"Polygon","coordinates":[[[19.930573,50.052908],[19.930617,50.052789],[19.930767,50.052817],[19.930764,50.052822],[19.930787,50.052827],[19.930775,50.052849],[19.930753,50.052844],[19.930683,50.052972],[19.930592,50.052951],[19.930608,50.052914],[19.930573,50.052908]]]}},{"type":"Feature","id":"w233372431","properties":{"type":"apartments","levels":3.0,"address":"Zamkowa 16","residential":true,"residents_est":5,"h3_10":"8a1e2e6b380ffff","h3_11":"8b1e2e6b380afff"},"geometry":{"type":"Polygon","coordinates":[[[19.930343,50.052469],[19.930388,50.052364],[19.93042,50.052307],[19.930594,50.052328],[19.930557,50.052411],[19.930587,50.052416],[19.930582,50.052429],[19.93055,50.052424],[19.930519,50.0525],[19.930343,50.052469]]]}},{"type":"Feature","id":"w233372443","properties":{"type":"yes","residential":true,"residents_est":4,"h3_10":"8a1e2e6b3887fff","h3_11":"8b1e2e6b3882fff"},"geometry":{"type":"Polygon","coordinates":[[[19.926358,50.05034],[19.92655,50.050225],[19.926556,50.050228],[19.926552,50.050232],[19.926608,50.050271],[19.926737,50.050191],[19.926799,50.05024],[19.926592,50.050364],[19.926532,50.050325],[19.926421,50.050385],[19.926358,50.05034]]]}},{"type":"Feature","id":"w233372455","properties":{"type":"apartments","levels":4.0,"residential":true,"residents_est":6,"h3_10":"8a1e2e6b3807fff","h3_11":"8b1e2e6b3806fff"},"geometry":{"type":"Polygon","coordinates":[[[19.928322,50.053052],[19.928445,50.052959],[19.928647,50.053038],[19.928527,50.053131],[19.928484,50.05311],[19.928322,50.053052]]]}},{"type":"Feature","id":"w233372456","properties":{"type":"apartments","levels":3.0,"residential":true,"residents_est":4,"h3_10":"8a1e2e6b381ffff","h3_11":"8b1e2e6b381cfff"},"geometry":{"type":"Polygon","coordinates":[[[19.928903,50.052312],[19.928989,50.0522],[19.92916,50.052248],[19.929034,50.05241],[19.928977,50.052392],[19.92902,50.052334],[19.929017,50.052321],[19.928962,50.052305],[19.928949,50.052324],[19.928903,50.052312]]]}},{"type":"Feature","id":"w233372473","properties":{"type":"apartments","levels":2.0,"residential":true,"residents_est":4,"h3_10":"8a1e2e6b388ffff","h3_11":"8b1e2e6b388cfff"},"geometry":{"type":"Polygon","coordinates":[[[19.927908,50.050442],[19.928036,50.050366],[19.92809,50.050402],[19.92803,50.050439],[19.928026,50.050451],[19.92808,50.050489],[19.92808,50.050497],[19.928058,50.05051],[19.928093,50.050535],[19.928192,50.050477],[19.928288,50.050544],[19.928155,50.050626],[19.927908,50.050442]]]}},{"type":"Feature","id":"w233372479","properties":{"type":"yes","residential":false,"residents_est":0,"h3_10":"8a1e2e6b38affff","h3_11":"8b1e2e6b38adfff"},"geometry":{"type":"Polygon","coordinates":[[[19.928162,50.05157],[19.928193,50.051543],[19.928336,50.051589],[19.928308,50.051599],[19.928286,50.051592],[19.928278,50.051602],[19.92826,50.051605],[19.928162,50.05157]]]}},{"type":"Feature","id":"w233372499","properties":{"type":"apartments","levels":2.0,"residential":true,"residents_est":4,"h3_10":"8a1e2e6b3807fff","h3_11":"8b1e2e6b3801fff"},"geometry":{"type":"Polygon","coordinates":[[[19.929439,50.053142],[19.929529,50.053049],[19.92964,50.053095],[19.929689,50.053056],[19.929791,50.053113],[19.929653,50.053213],[19.929619,50.053216],[19.929574,50.053197],[19.929577,50.053194],[19.929439,50.053142]]]}},{"type":"Feature","id":"w233372506","properties":{"type":"yes","address":"Michała Bałuckiego 12","residential":true,"residents_est":1,"h3_10":"8a1e2e6b3887fff","h3_11":"8b1e2e6b3882fff"},"geometry":{"type":"Polygon","coordinates":[[[19.926293,50.050217],[19.926427,50.050139],[19.926482,50.05018],[19.926504,50.050168],[19.926522,50.050181],[19.926501,50.050193],[19.92655,50.050225],[19.926347,50.050346],[19.926327,50.050298],[19.926364,50.050289],[19.926376,50.050273],[19.926293,50.050217]]]}},{"type":"Feature","id":"w233372508","properties":{"type":"apartments","levels":3.0,"address":"Zamkowa 3","residential":true,"residents_est":4,"h3_10":"8a1e2e6b3807fff","h3_11":"8b1e2e6b3801fff"},"geometry":{"type":"Polygon","coordinates":[[[19.929661,50.053019],[19.929717,50.052974],[19.929707,50.052968],[19.929721,50.052972],[19.929731,50.052964],[19.929719,50.052958],[19.929731,50.052959],[19.929749,50.052944],[19.92991,50.053007],[19.929861,50.053052],[19.92984,50.053062],[19.929842,50.053068],[19.929791,50.053113],[19.929672,50.053046],[19.929692,50.05303],[19.929661,50.053019]]]}},{"type":"Feature","id":"w233372517","properties":{"type":"apartments","levels":3.0,"address":"Generała Kazimierza Pułaskiego 13","residential":true,"residents_est":6,"h3_10":"8a1e2e6b388ffff","h3_11":"8b1e2e6b388afff"},"geometry":{"type":"Polygon","coordinates":[[[19.927704,50.049867],[19.927835,50.04979],[19.928039,50.049934],[19.92791,50.050013],[19.927903,50.050009],[19.92791,50.050005],[19.927719,50.049869],[19.927712,50.049873],[19.927704,50.049867]]]}},{"type":"Feature","id":"w233372546","properties":{"type":"apartments","levels":2.0,"residential":true,"residents_est":4,"h3_10":"8a1e2e6b38affff","h3_11":"8b1e2e6b38a9fff"},"geometry":{"type":"Polygon","coordinates":[[[19.928442,50.051315],[19.92849,50.05125],[19.928739,50.051334],[19.928611,50.051484],[19.928475,50.051438],[19.928574,50.051322],[19.928574,50.05131],[19.928558,50.051306],[19.928528,50.051315],[19.928478,50.051297],[19.928459,50.05132],[19.928442,50.051315]]]}},{"type":"Feature","id":"w233372548","properties":{"type":"apartments","address":"Konfederacka 3","residential":true,"residents_est":7,"h3_10":"8a1e2e6b389ffff","h3_11":"8b1e2e6b389efff"},"geometry":{"type":"Polygon","coordinates":[[[19.926447,50.04952],[19.926533,50.04945],[19.92654,50.049454],[19.926585,50.049422],[19.926718,50.049499],[19.926612,50.049576],[19.926571,50.049599],[19.926447,50.04952]]]}},{"type":"Feature","id":"w233372549","properties":{"type":"apartments","levels":2.0,"residential":true,"residents_est":4,"h3_10":"8a1e2e6b38affff","h3_11":"8b1e2e6b38aefff"},"geometry":{"type":"Polygon","coordinates":[[[19.927098,50.051433],[19.927101,50.051406],[19.927296,50.051286],[19.927403,50.051359],[19.927303,50.051423],[19.927321,50.051435],[19.92734,50.051429],[19.92737,50.05145],[19.927252,50.051529],[19.927098,50.051433]]]}},{"type":"Feature","id":"w233372552","properties":{"type":"apartments","address":"Antoniego Józefa Madalińskiego 16","residential":true,"residents_est":10,"h3_10":"8a1e2e6b3817fff","h3_11":"8b1e2e6b3813fff"},"geometry":{"type":"Polygon","coordinates":[[[19.92772,50.051971],[19.927888,50.051724],[19.927969,50.051747],[19.927913,50.051829],[19.927922,50.051832],[19.927902,50.051861],[19.927853,50.051848],[19.927839,50.051868],[19.927979,50.051906],[19.9279,50.052017],[19.92772,50.051971]]]}},{"type":"Feature","id":"w233372562","properties":{"type":"apartments","levels":3.0,"address":"Antoniego Józefa Madalińskiego 11","residential":true,"residents_est":5,"h3_10":"8a1e2e6b3817fff","h3_11":"8b1e2e6b3810fff"},"geometry":{"type":"Polygon","coordinates":[[[19.927729,50.052505],[19.928006,50.052343],[19.928013,50.052344],[19.928051,50.0525],[19.927938,50.052561],[19.92792,50.052548],[19.927899,50.05256],[19.92788,50.052547],[19.927901,50.052534],[19.927842,50.052493],[19.927771,50.052535],[19.927729,50.052505]]]}},{"type":"Feature","id":"w233372580","properties":{"type":"apartments","levels":4.0,"address":"Zamkowa 5","residential":true,"residents_est":5,"h3_10":"8a1e2e6b3807fff","h3_11":"8b1e2e6b3801fff"},"geometry":{"type":"Polygon","coordinates":[[[19.929771,50.052924],[19.929828,50.052839],[19.929835,50.052841],[19.929832,50.052846],[19.929857,50.052853],[19.92987,50.052832],[19.930016,50.05287],[19.929997,50.052903],[19.929979,50.052926],[19.929973,50.052924],[19.929964,50.052937],[19.929969,50.052939],[19.929927,50.052987],[19.929771,50.052924]]]}},{"type":"Feature","id":"w233372618","properties":{"type":"apartments","levels":4.0,"residential":true,"residents_est":7,"h3_10":"8a1e2e6b38d7fff","h3_11":"8b1e2e6b38d5fff"},"geometry":{"type":"Polygon","coordinates":[[[19.930405,50.050281],[19.930414,50.050266],[19.930496,50.050217],[19.930777,50.050258],[19.930763,50.050298],[19.930794,50.050302],[19.930777,50.050358],[19.930665,50.050349],[19.930674,50.050327],[19.930472,50.0503],[19.930437,50.050306],[19.930408,50.050292],[19.930405,50.050281]]]}},{"type":"Feature","id":"w233372673","properties":{"type":"house","levels":1.0,"residential":true,"residents_est":1,"h3_10":"8a1e2e6b38a7fff","h3_11":"8b1e2e6b38a4fff"},"geometry":{"type":"Polygon","coordinates":[[[19.926047,50.052094],[19.926082,50.052093],[19.92608,50.05205],[19.92616,50.052049],[19.926159,50.052038],[19.926201,50.052038],[19.926201,50.052049],[19.92626,50.052045],[19.926264,50.052147],[19.926084,50.05215],[19.926082,50.052118],[19.926048,50.052118],[19.926047,50.052094]]]}},{"type":"Feature","id":"w233372693","properties":{"type":"yes","levels":1.0,"residential":true,"residents_est":1,"h3_10":"8a1e2e6b3887fff","h3_11":"8b1e2e6b3886fff"},"geometry":{"type":"Polygon","coordinates":[[[19.925839,50.050543],[19.925902,50.05049],[19.925897,50.050488],[19.92596,50.050452],[19.925967,50.050455],[19.9261,50.050431],[19.926171,50.050591],[19.92609,50.050606],[19.92606,50.050636],[19.925977,50.050601],[19.926016,50.05056],[19.92599,50.05055],[19.925953,50.050591],[19.925839,50.050543]]]}},{"type":"Feature","id":"w233372732","properties":{"type":"residential","levels":3.0,"residential":true,"residents_est":8,"h3_10":"8a1e2e6b38b7fff","h3_11":"8b1e2e6b38b4fff"},"geometry":{"type":"Polygon","coordinates":[[[19.924339,50.051383],[19.924449,50.051278],[19.924443,50.051276],[19.924457,50.051263],[19.92453,50.051296],[19.924519,50.051306],[19.924705,50.05139],[19.924593,50.051497],[19.924526,50.051467],[19.924468,50.051523],[19.924405,50.051497],[19.924463,50.051439],[19.924339,50.051383]]]}},{"type":"Feature","id":"w233372733","properties":{"type":"yes","levels":2.0,"residential":true,"residents_est":1,"h3_10":"8a1e2e6b38f7fff","h3_11":"8b1e2e6b38f3fff"},"geometry":{"type":"Polygon","coordinates":[[[19.93036,50.050461],[19.930385,50.050367],[19.930503,50.050377],[19.930504,50.050373],[19.930608,50.050387],[19.9306,50.050418],[19.930594,50.050417],[19.93059,50.050431],[19.930574,50.05043],[19.930568,50.05045],[19.930561,50.050449],[19.930555,50.050481],[19.93036,50.050461]]]}},{"type":"Feature","id":"w233372759","properties":{"type":"apartments","levels":4.0,"name":"Ericpol Telecom","residential":true,"residents_est":7,"h3_10":"8a1e2e6b3817fff","h3_11":"8b1e2e6b3815fff"},"geometry":{"type":"Polygon","coordinates":[[[19.927637,50.052854],[19.927765,50.052777],[19.927819,50.052808],[19.927831,50.0528],[19.927848,50.05281],[19.92787,50.052794],[19.927898,50.052811],[19.927876,50.052827],[19.927893,50.052837],[19.927881,50.052845],[19.927946,50.052883],[19.927828,50.052964],[19.927637,50.052854]]]}},{"type":"Feature","id":"w233372810","properties":{"type":"yes","levels":2.0,"residential":true,"residents_est":1,"h3_10":"8a1e2e6b388ffff","h3_11":"8b1e2e6b388dfff"},"geometry":{"type":"Polygon","coordinates":[[[19.928562,50.05054],[19.928645,50.050487],[19.928627,50.050477],[19.928687,50.050439],[19.92882,50.050527],[19.928773,50.050557],[19.928767,50.050553],[19.928694,50.050609],[19.928669,50.05061],[19.928562,50.05054]]]}},{"type":"Feature","id":"w233372812","properties":{"type":"apartments","levels":3.0,"residential":true,"residents_est":5,"h3_10":"8a1e2e6b38a7fff","h3_11":"8b1e2e6b38a5fff"},"geometry":{"type":"Polygon","coordinates":[[[19.926644,50.052021],[19.926829,50.052018],[19.926833,50.052147],[19.926814,50.052147],[19.926814,50.05214],[19.926739,50.052141],[19.926742,50.052191],[19.926757,50.052192],[19.926754,50.052216],[19.926677,50.0522],[19.926644,50.052021]]]}},{"type":"Feature","id":"w233372831","properties":{"type":"apartments","levels":2.0,"residential":true,"residents_est":3,"h3_10":"8a1e2e6b38affff","h3_11":"8b1e2e6b38aafff"},"geometry":{"type":"Polygon","coordinates":[[[19.927694,50.051038],[19.927823,50.050954],[19.927927,50.051031],[19.927917,50.051031],[19.927834,50.051085],[19.927851,50.051095],[19.927863,50.051087],[19.927917,50.051122],[19.927928,50.051114],[19.92796,50.051134],[19.927944,50.051144],[19.927997,50.051178],[19.927946,50.051209],[19.927694,50.051038]]]}},{"type":"Feature","id":"w233372840","properties":{"type":"yes","residential":true,"residents_est":1,"h3_10":"8a1e2e6b388ffff","h3_11":"8b1e2e6b388dfff"},"geometry":{"type":"Polygon","coordinates":[[[19.928632,50.050609],[19.92865,50.050597],[19.928669,50.05061],[19.928694,50.050609],[19.928767,50.050553],[19.928773,50.050557],[19.92882,50.050527],[19.9288,50.050514],[19.92882,50.050501],[19.92881,50.050495],[19.928916,50.050429],[19.928959,50.050458],[19.928943,50.050467],[19.928957,50.050477],[19.928972,50.050468],[19.929009,50.050494],[19.928933,50.050546],[19.928895,50.050521],[19.928849,50.050552],[19.928888,50.050576],[19.928834,50.050612],[19.928794,50.050585],[19.928692,50.050649],[19.928632,50.050609]]]}},{"type":"Feature","id":"w233372845","properties":{"type":"apartments","levels":4.0,"address":"Konfederacka 1","residential":true,"residents_est":4,"h3_10":"8a1e2e6b389ffff","h3_11":"8b1e2e6b389efff"},"geometry":{"type":"Polygon","coordinates":[[[19.926385,50.049608],[19.926414,50.049581],[19.926405,50.049576],[19.926467,50.049532],[19.926576,50.049602],[19.926449,50.049691],[19.926391,50.049658],[19.926421,50.049635],[19.92639,50.049617],[19.926385,50.049608]]]}},{"type":"Feature","id":"w233372850","properties":{"type":"yes","address":"Skwerowa 30","residential":true,"residents_est":4,"h3_10":"8a1e2e6b389ffff","h3_11":"8b1e2e6b389efff"},"geometry":{"type":"Polygon","coordinates":[[[19.92618,50.049317],[19.92626,50.049249],[19.926283,50.049238],[19.92628,50.049231],[19.926356,50.049163],[19.926499,50.049231],[19.92643,50.049292],[19.926439,50.049296],[19.926409,50.049323],[19.926399,50.049318],[19.926324,50.049385],[19.92618,50.049317]]]}},{"type":"Feature","id":"w233372864","properties":{"type":"apartments","levels":5.0,"residential":true,"residents_est":22,"h3_10":"8a1e2e6b38a7fff","h3_11":"8b1e2e6b38a0fff"},"geometry":{"type":"Polygon","coordinates":[[[19.926195,50.051326],[19.926204,50.051228],[19.926498,50.05124],[19.926478,50.051442],[19.926453,50.051614],[19.926265,50.051607],[19.926271,50.051537],[19.926261,50.051537],[19.926265,50.051505],[19.926281,50.051506],[19.926298,50.051345],[19.926321,50.051346],[19.926323,50.051332],[19.926195,50.051326]]]}},{"type":"Feature","id":"w233372872","properties":{"type":"apartments","levels":2.0,"residential":true,"residents_est":3,"h3_10":"8a1e2e6b38affff","h3_11":"8b1e2e6b38aefff"},"geometry":{"type":"Polygon","coordinates":[[[19.927579,50.051115],[19.927694,50.051038],[19.927946,50.051209],[19.927831,50.051284],[19.927791,50.051256],[19.927823,50.051235],[19.927852,50.051239],[19.927878,50.051221],[19.927788,50.051158],[19.927783,50.051136],[19.927796,50.051127],[19.927781,50.051117],[19.927678,50.051181],[19.927579,50.051115]]]}},{"type":"Feature","id":"w233372877","properties":{"type":"yes","levels":4.0,"address":"Zduńska 18","residential":true,"residents_est":4,"h3_10":"8a1e2e6b38f7fff","h3_11":"8b1e2e6b38f3fff"},"geometry":{"type":"Polygon","coordinates":[[[19.930047,50.050688],[19.930055,50.050688],[19.930054,50.050654],[19.930157,50.050653],[19.930157,50.050632],[19.930222,50.050625],[19.930251,50.050632],[19.930252,50.050652],[19.930332,50.050652],[19.930335,50.050754],[19.930059,50.050755],[19.930058,50.050723],[19.930048,50.050723],[19.930047,50.050688]]]}},{"type":"Feature","id":"w233372884","properties":{"type":"yes","levels":4.0,"residential":true,"residents_est":3,"h3_10":"8a1e2e6b38a7fff","h3_11":"8b1e2e6b38a0fff"},"geometry":{"type":"Polygon","coordinates":[[[19.926008,50.051564],[19.926025,50.051451],[19.926062,50.051453],[19.926065,50.051428],[19.926036,50.051427],[19.926041,50.05138],[19.926161,50.051385],[19.926155,50.051432],[19.926178,50.051434],[19.926168,50.051509],[19.926154,50.051509],[19.926151,50.051528],[19.926165,50.051528],[19.926156,50.051603],[19.926057,50.051597],[19.92606,50.051566],[19.926008,50.051564]]]}},{"type":"Feature","id":"w233372920","properties":{"type":"yes","levels":5.0,"address":"Sandomierska 4","residential":true,"residents_est":4,"h3_10":"8a1e2e6b38e7fff","h3_11":"8b1e2e6b38e0fff"},"geometry":{"type":"Polygon","coordinates":[[[19.930987,50.051777],[19.931071,50.051777],[19.93107,50.051798],[19.931137,50.0518],[19.931138,50.051778],[19.931214,50.051778],[19.931214,50.051799],[19.931282,50.051799],[19.931282,50.051777],[19.931368,50.051777],[19.931359,50.051855],[19.931052,50.051855],[19.931043,50.051865],[19.931008,50.051865],[19.931008,50.051855],[19.930988,50.051855],[19.930987,50.051777]]]}},{"type":"Feature","id":"w233372932","properties":{"type":"apartments","levels":2.0,"residential":true,"residents_est":4,"h3_10":"8a1e2e6b388ffff","h3_11":"8b1e2e6b3889fff"},"geometry":{"type":"Polygon","coordinates":[[[19.928973,50.050232],[19.929201,50.050095],[19.929256,50.050131],[19.929207,50.05016],[19.929178,50.050158],[19.929141,50.050181],[19.929153,50.05019],[19.92918,50.050191],[19.929188,50.050186],[19.929194,50.05019],[19.929189,50.050193],[19.929284,50.050261],[19.929136,50.05035],[19.928973,50.050232]]]}},{"type":"Feature","id":"w233372934","properties":{"type":"yes","levels":2.0,"residential":true,"residents_est":2,"h3_10":"8a1e2e6b3887fff","h3_11":"8b1e2e6b3885fff"},"geometry":{"type":"Polygon","coordinates":[[[19.926921,50.051027],[19.926996,50.050981],[19.927162,50.051097],[19.927225,50.051059],[19.927204,50.051045],[19.927223,50.051033],[19.927357,50.051126],[19.927204,50.051219],[19.926921,50.051027]]]}},{"type":"Feature","id":"w233372958","properties":{"type":"yes","levels":3.0,"residential":true,"residents_est":3,"h3_10":"8a1e2e6b38f7fff","h3_11":"8b1e2e6b38f3fff"},"geometry":{"type":"Polygon","coordinates":[[[19.930342,50.050533],[19.93036,50.050461],[19.930555,50.050481],[19.930548,50.050505],[19.930668,50.050517],[19.930656,50.050563],[19.930629,50.05056],[19.93062,50.05059],[19.93063,50.050592],[19.93062,50.050633],[19.930433,50.05061],[19.930439,50.050587],[19.930358,50.050579],[19.930369,50.050536],[19.930342,50.050533]]]}},{"type":"Feature","id":"w233372960","properties":{"type":"house","levels":2.0,"residential":true,"residents_est":2,"h3_10":"8a1e2e6b38b7fff","h3_11":"8b1e2e6b38b2fff"},"geometry":{"type":"Polygon","coordinates":[[[19.92435,50.050615],[19.92439,50.050567],[19.924452,50.050589],[19.924488,50.050546],[19.924563,50.050569],[19.924544,50.050592],[19.92458,50.050604],[19.924561,50.050627],[19.924567,50.050629],[19.924528,50.050676],[19.924485,50.050661],[19.924482,50.050665],[19.92435,50.050615]]]}},{"type":"Feature","id":"w233372968","properties":{"type":"retail","levels":1.0,"residential":false,"residents_est":0,"h3_10":"8a1e2e6b3817fff","h3_11":"8b1e2e6b3811fff"},"geometry":{"type":"Polygon","coordinates":[[[19.928384,50.052196],[19.928458,50.052079],[19.928514,50.052064],[19.928749,50.052132],[19.928711,50.052181],[19.928687,50.052173],[19.928676,50.052187],[19.928591,50.05216],[19.928601,50.052146],[19.928583,50.05214],[19.928546,50.052192],[19.92865,50.052225],[19.928665,50.052206],[19.928686,50.052212],[19.928637,50.052275],[19.928384,50.052196]]]}},{"type":"Feature","id":"w233372976","properties":{"type":"apartments","levels":2.0,"address":"Zamkowa 12","residential":true,"residents_est":5,"h3_10":"8a1e2e6b380ffff","h3_11":"8b1e2e6b380efff"},"geometry":{"type":"Polygon","coordinates":[[[19.930251,50.052695],[19.930295,50.052585],[19.930501,50.052619],[19.930489,50.052646],[19.930467,50.052642],[19.930442,50.052701],[19.930456,50.052712],[19.930484,50.052717],[19.930493,50.052696],[19.930505,50.052698],[19.930512,50.052683],[19.930652,50.052707],[19.930584,50.05288],[19.930506,50.052868],[19.930549,50.052754],[19.930251,50.052695]]]}},{"type":"Feature","id":"w233372977","properties":{"type":"yes","levels":3.0,"residential":true,"residents_est":3,"h3_10":"8a1e2e6b38f7fff","h3_11":"8b1e2e6b38f2fff"},"geometry":{"type":"Polygon","coordinates":[[[19.929041,50.050408],[19.929157,50.050337],[19.929198,50.050366],[19.929204,50.050362],[19.929288,50.050429],[19.929307,50.050402],[19.92943,50.050354],[19.929543,50.050399],[19.929389,50.05043],[19.929195,50.050513],[19.929041,50.050408]]]}},{"type":"Feature","id":"w233372979","properties":{"type":"apartments","levels":2.0,"residential":true,"residents_est":5,"h3_10":"8a1e2e6b38a7fff","h3_11":"8b1e2e6b38a4fff"},"geometry":{"type":"Polygon","coordinates":[[[19.926143,50.051932],[19.926147,50.051823],[19.926165,50.051824],[19.926164,50.051841],[19.926174,50.051841],[19.926172,50.05186],[19.926228,50.051862],[19.926241,50.051753],[19.926435,50.051758],[19.926415,50.051909],[19.926409,50.051915],[19.926414,50.051921],[19.926409,50.051925],[19.926143,50.051932]]]}},{"type":"Feature","id":"w233372995","properties":{"type":"apartments","levels":3.0,"residential":true,"residents_est":6,"h3_10":"8a1e2e6b38d7fff","h3_11":"8b1e2e6b38d5fff"},"geometry":{"type":"Polygon","coordinates":[[[19.930496,50.050217],[19.930604,50.050158],[19.93063,50.050176],[19.930669,50.050183],[19.930677,50.050195],[19.930694,50.050197],[19.930705,50.05016],[19.930724,50.050162],[19.930733,50.050133],[19.93071,50.05013],[19.93072,50.050105],[19.930921,50.050135],[19.930912,50.050159],[19.930928,50.050162],[19.930906,50.050223],[19.930888,50.050221],[19.930878,50.05025],[19.930783,50.050236],[19.930777,50.050258],[19.930496,50.050217]]]}},{"type":"Feature","id":"w233372999","properties":{"type":"apartments","levels":4.0,"residential":true,"residents_est":6,"h3_10":"8a1e2e6b38a7fff","h3_11":"8b1e2e6b38a5fff"},"geometry":{"type":"Polygon","coordinates":[[[19.926829,50.052018],[19.927027,50.052032],[19.926933,50.052254],[19.926866,50.052239],[19.92689,50.052181],[19.926916,50.052174],[19.926929,50.052151],[19.926913,50.05214],[19.926844,50.052142],[19.926833,50.052147],[19.926829,50.052018]]]}},{"type":"Feature","id":"w233373035","properties":{"type":"commercial","levels":2.0,"residential":false,"residents_est":0,"h3_10":"8a1e2e6b3897fff","h3_11":"8b1e2e6b3893fff"},"geometry":{"type":"Polygon","coordinates":[[[19.925517,50.049373],[19.925603,50.049186],[19.925571,50.049179],[19.925587,50.049145],[19.925643,50.049156],[19.92565,50.049141],[19.925656,50.049141],[19.925803,50.04917],[19.925783,50.049214],[19.925802,50.049218],[19.925782,50.049262],[19.925803,50.049266],[19.925784,50.049309],[19.925804,50.049313],[19.925784,50.049357],[19.925804,50.049361],[19.925784,50.049405],[19.925804,50.049409],[19.925782,50.049457],[19.925772,50.049455],[19.925699,50.049501],[19.925579,50.049433],[19.925595,50.049421],[19.925517,50.049373]]]}},{"type":"Feature","id":"w233373037","properties":{"type":"apartments","levels":3.0,"residential":true,"residents_est":12,"h3_10":"8a1e2e6b38d7fff","h3_11":"8b1e2e6b38d0fff"},"geometry":{"type":"Polygon","coordinates":[[[19.930089,50.049773],[19.93015,50.049641],[19.930153,50.049606],[19.930234,50.049609],[19.930232,50.049643],[19.930575,50.049651],[19.930563,50.049663],[19.930555,50.04966],[19.930534,50.04968],[19.930543,50.049684],[19.930309,50.049915],[19.930178,50.04983],[19.930222,50.049787],[19.930208,50.049781],[19.930235,50.049754],[19.930248,50.049759],[19.930339,50.049673],[19.930277,50.049672],[19.930138,50.049805],[19.930089,50.049773]]]}},{"type":"Feature","id":"w233373042","properties":{"type":"apartments","levels":3.0,"address":"Zamkowa 2a","residential":true,"residents_est":7,"h3_10":"8a1e2e6b382ffff","h3_11":"8b1e2e6b382afff"},"geometry":{"type":"Polygon","coordinates":[[[19.929833,50.053439],[19.929954,50.053262],[19.929873,50.053232],[19.929899,50.05321],[19.930063,50.053256],[19.930035,50.05329],[19.930094,50.053308],[19.9301,50.053299],[19.93016,50.053316],[19.930154,50.053325],[19.930189,50.053334],[19.930082,50.053395],[19.929964,50.053436],[19.929859,50.053454],[19.929847,50.05345],[19.929851,50.053444],[19.929833,50.053439]]]}},{"type":"Feature","id":"w233373045","properties":{"type":"hotel","address":"Michała Bałuckiego 6","residential":false,"residents_est":0,"h3_10":"8a1e2e6b3887fff","h3_11":"8b1e2e6b3880fff"},"geometry":{"type":"Polygon","coordinates":[[[19.926565,50.050637],[19.926775,50.050608],[19.926773,50.050602],[19.926844,50.050591],[19.926862,50.050654],[19.92687,50.050652],[19.926883,50.050682],[19.926816,50.050694],[19.926814,50.050689],[19.926604,50.050733],[19.926591,50.050703],[19.926599,50.050702],[19.926585,50.050666],[19.926577,50.050667],[19.926565,50.050637]]]}},{"type":"Feature","id":"w233373063","properties":{"type":"apartments","levels":4.0,"residential":true,"residents_est":7,"h3_10":"8a1e2e6b3817fff","h3_11":"8b1e2e6b3811fff"},"geometry":{"type":"Polygon","coordinates":[[[19.928264,50.052456],[19.928291,50.052349],[19.928516,50.052419],[19.928502,50.052437],[19.92847,50.052427],[19.928442,50.052463],[19.928432,50.052467],[19.928438,50.052475],[19.928465,50.052479],[19.928472,50.05247],[19.928504,50.052466],[19.928617,50.052505],[19.92858,50.052552],[19.928264,50.052456]]]}},{"type":"Feature","id":"w233373064","properties":{"type":"apartments","levels":2.0,"address":"Zamkowa 14","residential":true,"residents_est":4,"h3_10":"8a1e2e6b380ffff","h3_11":"8b1e2e6b380afff"},"geometry":{"type":"Polygon","coordinates":[[[19.930295,50.052585],[19.930343,50.052469],[19.930543,50.052504],[19.930554,50.052477],[19.930561,50.052474],[19.930621,50.052483],[19.930609,50.052515],[19.93072,50.052531],[19.930695,50.052587],[19.930661,50.052582],[19.93065,50.052613],[19.930616,50.052607],[19.930628,50.052578],[19.930547,50.052564],[19.93056,50.052532],[19.930528,50.052526],[19.930512,50.052531],[19.930489,50.052585],[19.930513,50.052589],[19.930501,50.052619],[19.930295,50.052585]]]}},{"type":"Feature","id":"w233373065","properties":{"type":"industrial","levels":1.0,"residential":false,"residents_est":0,"h3_10":"8a1e2e6b381ffff","h3_11":"8b1e2e6b381afff"},"geometry":{"type":"Polygon","coordinates":[[[19.928815,50.051561],[19.929065,50.051274],[19.929156,50.051305],[19.929151,50.05131],[19.929174,50.051318],[19.929152,50.051345],[19.929129,50.051337],[19.929123,50.051344],[19.929361,50.051424],[19.929335,50.051453],[19.929715,50.051566],[19.92953,50.05182],[19.929124,50.051697],[19.929119,50.051703],[19.929031,50.051677],[19.929022,50.051663],[19.929044,50.051635],[19.928815,50.051561]]]}},{"type":"Feature","id":"w233373069","properties":{"type":"chapel","address":"Antoniego Józefa Madalińskiego 13","name":"Kaplica pw. Świętego Piotra i Świętego Pawła","residential":false,"residents_est":0,"h3_10":"8a1e2e6b3817fff","h3_11":"8b1e2e6b3810fff"},"geometry":{"type":"Polygon","coordinates":[[[19.92788,50.052294],[19.927898,50.052287],[19.9279,50.052278],[19.927918,50.052263],[19.927969,50.052256],[19.927981,50.052256],[19.927986,50.052262],[19.927979,50.052265],[19.927996,50.052285],[19.928005,50.052282],[19.928009,50.052287],[19.927971,50.052317],[19.927918,50.052328],[19.92788,50.052294]]]}},{"type":"Feature","id":"w233373073","properties":{"type":"apartments","levels":2.0,"residential":true,"residents_est":3,"h3_10":"8a1e2e6b3817fff","h3_11":"8b1e2e6b3813fff"},"geometry":{"type":"Polygon","coordinates":[[[19.9279,50.052017],[19.92796,50.051933],[19.928037,50.051963],[19.928031,50.051971],[19.928051,50.051976],[19.928059,50.051991],[19.928082,50.051987],[19.928076,50.051972],[19.92809,50.051952],[19.928081,50.051949],[19.92809,50.051916],[19.928103,50.0519],[19.928237,50.051935],[19.928156,50.052032],[19.928149,50.052029],[19.92814,50.05204],[19.928147,50.052043],[19.928102,50.052097],[19.928073,50.052067],[19.928059,50.052063],[19.928065,50.052054],[19.928048,50.05205],[19.928043,50.052059],[19.9279,50.052017]]]}},{"type":"Feature","id":"w233373087","properties":{"type":"apartments","levels":2.0,"residential":true,"residents_est":4,"h3_10":"8a1e2e6b38affff","h3_11":"8b1e2e6b38adfff"},"geometry":{"type":"Polygon","coordinates":[[[19.927889,50.051681],[19.927937,50.051637],[19.928156,50.051714],[19.928189,50.051678],[19.928237,50.051695],[19.928246,50.051684],[19.928198,50.051667],[19.928227,50.051634],[19.928433,50.051708],[19.928362,50.051786],[19.928217,50.051735],[19.928198,50.051757],[19.928188,50.051753],[19.928168,50.051761],[19.92813,50.051748],[19.928096,50.051787],[19.92805,50.051773],[19.92807,50.051747],[19.928003,50.051721],[19.927993,50.051732],[19.927943,50.051714],[19.927953,50.051704],[19.927889,50.051681]]]}},{"type":"Feature","id":"w233373090","properties":{"type":"yes","levels":2.0,"residential":true,"residents_est":6,"h3_10":"8a1e2e6b38f7fff","h3_11":"8b1e2e6b38f4fff"},"geometry":{"type":"Polygon","coordinates":[[[19.929252,50.051076],[19.929324,50.050995],[19.929301,50.050987],[19.929326,50.050957],[19.929406,50.050987],[19.929398,50.050996],[19.929458,50.051019],[19.929605,50.050854],[19.929749,50.050905],[19.929712,50.050947],[19.929749,50.050961],[19.929728,50.050987],[19.929702,50.051014],[19.929665,50.051],[19.929626,50.051045],[19.929662,50.051058],[19.929544,50.051189],[19.929526,50.051182],[19.929441,50.051279],[19.92926,50.051212],[19.929349,50.051112],[19.929252,50.051076]]]}},{"type":"Feature","id":"w233373096","properties":{"type":"apartments","levels":5.0,"residential":true,"residents_est":16,"h3_10":"8a1e2e6b3807fff","h3_11":"8b1e2e6b3801fff"},"geometry":{"type":"Polygon","coordinates":[[[19.930033,50.053085],[19.930072,50.053043],[19.930094,50.053042],[19.930116,50.053025],[19.930128,50.053026],[19.930135,50.053008],[19.930122,50.053006],[19.930135,50.052976],[19.930141,50.052977],[19.930174,50.052931],[19.93015,50.052926],[19.930205,50.05281],[19.930394,50.052847],[19.930376,50.0529],[19.930354,50.052895],[19.930344,50.052916],[19.930387,50.052924],[19.930367,50.052968],[19.93026,50.052948],[19.93025,50.05297],[19.930311,50.052985],[19.930288,50.053025],[19.930349,50.053043],[19.930308,50.053091],[19.930296,50.053087],[19.93028,50.053106],[19.930294,50.05311],[19.930289,50.053116],[19.930203,50.05309],[19.930175,50.053128],[19.930033,50.053085]]]}},{"type":"Feature","id":"w233373109","properties":{"type":"yes","levels":2.0,"residential":true,"residents_est":1,"h3_10":"8a1e2e6b3887fff","h3_11":"8b1e2e6b3883fff"},"geometry":{"type":"Polygon","coordinates":[[[19.926687,50.050149],[19.926747,50.050118],[19.926792,50.050154],[19.926798,50.050165],[19.926825,50.050168],[19.926919,50.05011],[19.926919,50.050097],[19.926853,50.05005],[19.926908,50.050023],[19.927017,50.05011],[19.926799,50.05024],[19.926687,50.050149]]]}},{"type":"Feature","id":"w233373112","properties":{"type":"yes","levels":4.0,"address":"Zamkowa 19","residential":true,"residents_est":10,"h3_10":"8a1e2e6b38e7fff","h3_11":"8b1e2e6b38e4fff"},"geometry":{"type":"Polygon","coordinates":[[[19.930549,50.051809],[19.930584,50.051808],[19.930582,50.051784],[19.930624,50.051785],[19.930623,50.051779],[19.93077,50.051779],[19.93077,50.051785],[19.930801,50.051785],[19.9308,50.051875],[19.930713,50.051881],[19.930727,50.051985],[19.930965,50.051971],[19.930964,50.051954],[19.931021,50.05195],[19.931022,50.051967],[19.931086,50.051962],[19.931104,50.052066],[19.930793,50.05209],[19.930733,50.052089],[19.930718,50.052095],[19.930721,50.052078],[19.930605,50.052087],[19.930599,50.05205],[19.930587,50.052051],[19.930549,50.051809]]]}},{"type":"Feature","id":"w233373113","properties":{"type":"yes","residential":true,"residents_est":21,"h3_10":"8a1e2e6b38affff","h3_11":"8b1e2e6b38a8fff"},"geometry":{"type":"Polygon","coordinates":[[[19.927756,50.05144],[19.928015,50.051257],[19.927946,50.051209],[19.928211,50.051042],[19.928575,50.05079],[19.928589,50.050781],[19.928697,50.050831],[19.928618,50.050941],[19.928078,50.051299],[19.928247,50.05136],[19.928019,50.05156],[19.927813,50.051474],[19.927756,50.05144]]]}},{"type":"Feature","id":"w233373213","properties":{"type":"apartments","levels":2.0,"residential":true,"residents_est":2,"h3_10":"8a1e2e6b3807fff","h3_11":"8b1e2e6b3802fff"},"geometry":{"type":"Polygon","coordinates":[[[19.929009,50.05258],[19.929074,50.052498],[19.929247,50.052557],[19.929184,50.052636],[19.929009,50.05258]]]}},{"type":"Feature","id":"w233373291","properties":{"type":"yes","residential":true,"residents_est":0,"h3_10":"8a1e2e6b388ffff","h3_11":"8b1e2e6b388cfff"},"geometry":{"type":"Polygon","coordinates":[[[19.928036,50.050366],[19.928138,50.050305],[19.928193,50.050344],[19.92809,50.050402],[19.928036,50.050366]]]}},{"type":"Feature","id":"w233373294","properties":{"type":"yes","levels":1.0,"address":"Marii Konopnickiej 20","name":"Spartakus","residential":true,"residents_est":1,"h3_10":"8a1e2e6b381ffff","h3_11":"8b1e2e6b3819fff"},"geometry":{"type":"Polygon","coordinates":[[[19.930199,50.052117],[19.930267,50.051993],[19.930416,50.052027],[19.930349,50.05215],[19.930199,50.052117]]]}},{"type":"Feature","id":"w233373318","properties":{"type":"yes","residential":false,"residents_est":0,"h3_10":"8a1e2e6b3897fff","h3_11":"8b1e2e6b3892fff"},"geometry":{"type":"Polygon","coordinates":[[[19.92461,50.049434],[19.924676,50.049424],[19.924699,50.049487],[19.924631,50.049497],[19.92461,50.049434]]]}},{"type":"Feature","id":"w233373910","properties":{"type":"yes","residential":true,"residents_est":1,"h3_10":"8a1e2e6b38f7fff","h3_11":"8b1e2e6b38f0fff"},"geometry":{"type":"Polygon","coordinates":[[[19.929845,50.05098],[19.929925,50.050972],[19.929987,50.051226],[19.929907,50.051234],[19.929845,50.05098]]]}},{"type":"Feature","id":"w233373954","properties":{"type":"yes","residential":true,"residents_est":0,"h3_10":"8a1e2e6b388ffff","h3_11":"8b1e2e6b388efff"},"geometry":{"type":"Polygon","coordinates":[[[19.927664,50.050031],[19.927706,50.050007],[19.927803,50.050077],[19.927763,50.050101],[19.927664,50.050031]]]}},{"type":"Feature","id":"w233374014","properties":{"type":"apartments","levels":2.0,"residential":true,"residents_est":2,"h3_10":"8a1e2e6b388ffff","h3_11":"8b1e2e6b388dfff"},"geometry":{"type":"Polygon","coordinates":[[[19.928376,50.050614],[19.928507,50.050531],[19.928645,50.050622],[19.928518,50.050705],[19.928376,50.050614]]]}},{"type":"Feature","id":"w233374058","properties":{"type":"apartments","levels":5.0,"residential":true,"residents_est":4,"h3_10":"8a1e2e6b38a7fff","h3_11":"8b1e2e6b38a0fff"},"geometry":{"type":"Polygon","coordinates":[[[19.926257,50.051679],[19.926265,50.051607],[19.926453,50.051614],[19.926442,50.051685],[19.926257,50.051679]]]}},{"type":"Feature","id":"w233374199","properties":{"type":"apartments","levels":1.0,"residential":true,"residents_est":1,"h3_10":"8a1e2e6b3817fff","h3_11":"8b1e2e6b3813fff"},"geometry":{"type":"Polygon","coordinates":[[[19.928176,50.051812],[19.928235,50.051741],[19.928362,50.051786],[19.928305,50.051853],[19.928176,50.051812]]]}},{"type":"Feature","id":"w233374224","properties":{"type":"apartments","levels":1.0,"address":"Zduńska 14","residential":true,"residents_est":1,"h3_10":"8a1e2e6b38f7fff","h3_11":"8b1e2e6b38f0fff"},"geometry":{"type":"Polygon","coordinates":[[[19.930065,50.050874],[19.930231,50.050856],[19.93025,50.050965],[19.930082,50.050977],[19.930065,50.050874]]]}},{"type":"Feature","id":"w233374365","properties":{"type":"yes","residential":false,"residents_est":0,"h3_10":"8a1e2e6b3887fff","h3_11":"8b1e2e6b3882fff"},"geometry":{"type":"Polygon","coordinates":[[[19.926412,50.04998],[19.926451,50.049954],[19.926508,50.050001],[19.926469,50.050028],[19.926412,50.04998]]]}},{"type":"Feature","id":"w233374507","properties":{"type":"apartments","levels":4.0,"residential":true,"residents_est":6,"h3_10":"8a1e2e6b3807fff","h3_11":"8b1e2e6b3806fff"},"geometry":{"type":"Polygon","coordinates":[[[19.928145,50.052964],[19.928266,50.052872],[19.928445,50.052959],[19.928322,50.053052],[19.928145,50.052964]]]}},{"type":"Feature","id":"w233374546","properties":{"type":"yes","residential":false,"residents_est":0,"h3_10":"8a1e2e6b3887fff","h3_11":"8b1e2e6b3885fff"},"geometry":{"type":"Polygon","coordinates":[[[19.927022,50.050901],[19.927094,50.050858],[19.927144,50.050893],[19.927071,50.050935],[19.927022,50.050901]]]}},{"type":"Feature","id":"w233374575","properties":{"type":"yes","residential":true,"residents_est":1,"h3_10":"8a1e2e6b388ffff","h3_11":"8b1e2e6b388efff"},"geometry":{"type":"Polygon","coordinates":[[[19.927261,50.050195],[19.927348,50.050141],[19.927581,50.050298],[19.927493,50.050353],[19.927261,50.050195]]]}},{"type":"Feature","id":"w233374585","properties":{"type":"apartments","levels":3.0,"address":"Barska 9","residential":true,"residents_est":2,"h3_10":"8a1e2e6b38affff","h3_11":"8b1e2e6b38adfff"},"geometry":{"type":"Polygon","coordinates":[[[19.92829,50.051656],[19.928345,50.051592],[19.928484,50.051639],[19.928429,50.051706],[19.92829,50.051656]]]}},{"type":"Feature","id":"w233374638","properties":{"type":"apartments","levels":5.0,"residential":true,"residents_est":38,"h3_10":"8a1e2e6b3897fff","h3_11":"8b1e2e6b3895fff"},"geometry":{"type":"Polygon","coordinates":[[[19.924898,50.050471],[19.925714,50.049926],[19.925844,50.050009],[19.925029,50.05055],[19.924898,50.050471]]]}},{"type":"Feature","id":"w233374680","properties":{"type":"yes","levels":2.0,"residential":true,"residents_est":1,"h3_10":"8a1e2e6b389ffff","h3_11":"8b1e2e6b389afff"},"geometry":{"type":"Polygon","coordinates":[[[19.926765,50.048881],[19.926858,50.048803],[19.927007,50.04888],[19.926925,50.048952],[19.926765,50.048881]]]}},{"type":"Feature","id":"w233374711","properties":{"type":"apartments","levels":3.0,"residential":true,"residents_est":3,"h3_10":"8a1e2e6b38affff","h3_11":"8b1e2e6b38adfff"},"geometry":{"type":"Polygon","coordinates":[[[19.928745,50.051666],[19.928815,50.051561],[19.928978,50.051614],[19.928907,50.051719],[19.928745,50.051666]]]}},{"type":"Feature","id":"w233374720","properties":{"type":"yes","residential":true,"residents_est":2,"h3_10":"8a1e2e6b3887fff","h3_11":"8b1e2e6b3883fff"},"geometry":{"type":"Polygon","coordinates":[[[19.927034,50.050294],[19.927218,50.050185],[19.927346,50.050266],[19.927154,50.050379],[19.927034,50.050294]]]}},{"type":"Feature","id":"w233374817","properties":{"type":"apartments","levels":2.0,"residential":true,"residents_est":2,"h3_10":"8a1e2e6b38d7fff","h3_11":"8b1e2e6b38d4fff"},"geometry":{"type":"Polygon","coordinates":[[[19.929811,50.050311],[19.929948,50.050238],[19.930036,50.05031],[19.929901,50.050384],[19.929811,50.050311]]]}},{"type":"Feature","id":"w233374915","properties":{"type":"yes","residential":true,"residents_est":0,"h3_10":"8a1e2e6b38e7fff","h3_11":"8b1e2e6b38e0fff"},"geometry":{"type":"Polygon","coordinates":[[[19.931465,50.051667],[19.93148,50.051601],[19.931558,50.051607],[19.931544,50.051672],[19.931465,50.051667]]]}},{"type":"Feature","id":"w233374972","properties":{"type":"apartments","levels":2.0,"residential":true,"residents_est":2,"h3_10":"8a1e2e6b3807fff","h3_11":"8b1e2e6b3802fff"},"geometry":{"type":"Polygon","coordinates":[[[19.928944,50.052664],[19.929009,50.05258],[19.929184,50.052636],[19.929115,50.052718],[19.928944,50.052664]]]}},{"type":"Feature","id":"w233375020","properties":{"type":"apartments","levels":6.0,"residential":true,"residents_est":62,"h3_10":"8a1e2e6b3897fff","h3_11":"8b1e2e6b3894fff"},"geometry":{"type":"Polygon","coordinates":[[[19.924338,50.050254],[19.925579,50.049433],[19.925699,50.049501],[19.924457,50.050324],[19.924338,50.050254]]]}},{"type":"Feature","id":"w233375041","properties":{"type":"yes","residential":false,"residents_est":0,"h3_10":"8a1e2e6b388ffff","h3_11":"8b1e2e6b3888fff"},"geometry":{"type":"Polygon","coordinates":[[[19.928334,50.050189],[19.928368,50.050168],[19.928441,50.050221],[19.928404,50.050243],[19.928334,50.050189]]]}},{"type":"Feature","id":"w233375167","properties":{"type":"apartments","levels":5.0,"residential":true,"residents_est":4,"h3_10":"8a1e2e6b38a7fff","h3_11":"8b1e2e6b38a0fff"},"geometry":{"type":"Polygon","coordinates":[[[19.926247,50.05175],[19.926257,50.051679],[19.926442,50.051685],[19.926435,50.051758],[19.926247,50.05175]]]}},{"type":"Feature","id":"w233375193","properties":{"type":"garage","residential":false,"residents_est":0,"h3_10":"8a1e2e6b3887fff","h3_11":"8b1e2e6b3885fff"},"geometry":{"type":"Polygon","coordinates":[[[19.927203,50.050858],[19.927296,50.050803],[19.927349,50.05084],[19.927257,50.050894],[19.927203,50.050858]]]}},{"type":"Feature","id":"w233375281","properties":{"type":"yes","residential":false,"residents_est":0,"h3_10":"8a1e2e6b382ffff","h3_11":"8b1e2e6b382afff"},"geometry":{"type":"Polygon","coordinates":[[[19.930218,50.053345],[19.930224,50.053305],[19.930333,50.053298],[19.930336,50.053341],[19.930218,50.053345]]]}},{"type":"Feature","id":"w233375310","properties":{"type":"apartments","levels":3.0,"residential":true,"residents_est":3,"h3_10":"8a1e2e6b38affff","h3_11":"8b1e2e6b38a9fff"},"geometry":{"type":"Polygon","coordinates":[[[19.928674,50.051164],[19.928754,50.051073],[19.928914,50.051129],[19.928834,50.051224],[19.928674,50.051164]]]}},{"type":"Feature","id":"w233375337","properties":{"type":"yes","residential":false,"residents_est":0,"h3_10":"8a1e2e6b38affff","h3_11":"8b1e2e6b38acfff"},"geometry":{"type":"Polygon","coordinates":[[[19.927831,50.051636],[19.927869,50.05155],[19.927911,50.051559],[19.927871,50.051644],[19.927831,50.051636]]]}},{"type":"Feature","id":"w233375351","properties":{"type":"apartments","levels":1.0,"residential":true,"residents_est":1,"h3_10":"8a1e2e6b38affff","h3_11":"8b1e2e6b38abfff"},"geometry":{"type":"Polygon","coordinates":[[[19.928243,50.050695],[19.928334,50.050641],[19.928376,50.050672],[19.928396,50.050661],[19.928427,50.050684],[19.928407,50.050695],[19.928431,50.050712],[19.928337,50.050766],[19.928243,50.050695]]]}},{"type":"Feature","id":"w233375360","properties":{"type":"apartments","levels":2.0,"residential":true,"residents_est":3,"h3_10":"8a1e2e6b3807fff","h3_11":"8b1e2e6b3802fff"},"geometry":{"type":"Polygon","coordinates":[[[19.928847,50.052771],[19.928944,50.052664],[19.929115,50.052718],[19.92902,50.052829],[19.928847,50.052771]]]}},{"type":"Feature","id":"w233375462","properties":{"type":"apartments","address":"Konfederacka 5","residential":true,"residents_est":7,"h3_10":"8a1e2e6b389ffff","h3_11":"8b1e2e6b3898fff"},"geometry":{"type":"Polygon","coordinates":[[[19.926585,50.049422],[19.926732,50.049326],[19.926857,50.049403],[19.926718,50.049499],[19.926585,50.049422]]]}},{"type":"Feature","id":"w233375496","properties":{"type":"apartments","levels":4.0,"residential":true,"residents_est":6,"h3_10":"8a1e2e6b38f7fff","h3_11":"8b1e2e6b38f6fff"},"geometry":{"type":"Polygon","coordinates":[[[19.928812,50.050969],[19.928918,50.050852],[19.929095,50.050914],[19.928994,50.051034],[19.928812,50.050969]]]}},{"type":"Feature","id":"w233375505","properties":{"type":"yes","levels":3.0,"residential":true,"residents_est":1,"h3_10":"8a1e2e6b389ffff","h3_11":"8b1e2e6b389bfff"},"geometry":{"type":"Polygon","coordinates":[[[19.927246,50.04898],[19.927335,50.048917],[19.927437,50.048975],[19.92735,50.049038],[19.927246,50.04898]]]}},{"type":"Feature","id":"w233375509","properties":{"type":"apartments","levels":4.0,"residential":true,"residents_est":6,"h3_10":"8a1e2e6b38c7fff","h3_11":"8b1e2e6b38c2fff"},"geometry":{"type":"Polygon","coordinates":[[[19.930744,50.050105],[19.930919,50.050011],[19.931056,50.050078],[19.931132,50.050102],[19.93111,50.050161],[19.931068,50.050158],[19.931088,50.05011],[19.931037,50.050091],[19.930973,50.050144],[19.930744,50.050105]]]}},{"type":"Feature","id":"w233375572","properties":{"type":"yes","residential":false,"residents_est":0,"h3_10":"8a1e2e6b38affff","h3_11":"8b1e2e6b38acfff"},"geometry":{"type":"Polygon","coordinates":[[[19.927788,50.051727],[19.927903,50.051622],[19.927937,50.051637],[19.927845,50.05172],[19.927788,50.051727]]]}},{"type":"Feature","id":"w233375602","properties":{"type":"apartments","levels":3.0,"residential":true,"residents_est":3,"h3_10":"8a1e2e6b38affff","h3_11":"8b1e2e6b38aafff"},"geometry":{"type":"Polygon","coordinates":[[[19.927367,50.05097],[19.927488,50.050894],[19.927603,50.050973],[19.927477,50.051054],[19.927367,50.05097]]]}},{"type":"Feature","id":"w233375614","properties":{"type":"house","levels":1.0,"residential":true,"residents_est":1,"h3_10":"8a1e2e6b38b7fff","h3_11":"8b1e2e6b38b6fff"},"geometry":{"type":"Polygon","coordinates":[[[19.924068,50.050794],[19.924166,50.050679],[19.924305,50.050727],[19.924207,50.050842],[19.924068,50.050794]]]}},{"type":"Feature","id":"w233375618","properties":{"type":"yes","residential":true,"residents_est":1,"h3_10":"8a1e2e6b38b7fff","h3_11":"8b1e2e6b38b6fff"},"geometry":{"type":"Polygon","coordinates":[[[19.924043,50.051024],[19.924087,50.05097],[19.924357,50.051062],[19.924313,50.051116],[19.924043,50.051024]]]}},{"type":"Feature","id":"w233375627","properties":{"type":"apartments","levels":1.0,"residential":true,"residents_est":1,"h3_10":"8a1e2e6b38affff","h3_11":"8b1e2e6b38aefff"},"geometry":{"type":"Polygon","coordinates":[[[19.927296,50.051286],[19.927446,50.051195],[19.927563,50.051275],[19.927411,50.051368],[19.927296,50.051286]]]}},{"type":"Feature","id":"w233375717","properties":{"type":"yes","levels":1.0,"residential":true,"residents_est":1,"h3_10":"8a1e2e6b381ffff","h3_11":"8b1e2e6b381cfff"},"geometry":{"type":"Polygon","coordinates":[[[19.928774,50.052472],[19.928846,50.052381],[19.929012,50.052434],[19.92894,50.052528],[19.928774,50.052472]]]}},{"type":"Feature","id":"w233375720","properties":{"type":"yes","residential":true,"residents_est":1,"h3_10":"8a1e2e6b3887fff","h3_11":"8b1e2e6b3881fff"},"geometry":{"type":"Polygon","coordinates":[[[19.927498,50.05035],[19.927581,50.050298],[19.927778,50.05043],[19.927692,50.050481],[19.927498,50.05035]]]}},{"type":"Feature","id":"w233375730","properties":{"type":"yes","residential":true,"residents_est":0,"h3_10":"8a1e2e6b380ffff","h3_11":"8b1e2e6b3808fff"},"geometry":{"type":"Polygon","coordinates":[[[19.930617,50.052789],[19.930652,50.052707],[19.930722,50.05272],[19.930686,50.052802],[19.930617,50.052789]]]}},{"type":"Feature","id":"w233375804","properties":{"type":"apartments","levels":3.0,"residential":true,"residents_est":3,"h3_10":"8a1e2e6b3817fff","h3_11":"8b1e2e6b3812fff"},"geometry":{"type":"Polygon","coordinates":[[[19.927293,50.052151],[19.927345,50.052045],[19.927533,50.052081],[19.927453,50.052178],[19.927293,50.052151]]]}},{"type":"Feature","id":"w233375807","properties":{"type":"apartments","levels":3.0,"residential":true,"residents_est":3,"h3_10":"8a1e2e6b38affff","h3_11":"8b1e2e6b38aefff"},"geometry":{"type":"Polygon","coordinates":[[[19.927245,50.051048],[19.927367,50.05097],[19.927477,50.051054],[19.927357,50.051126],[19.927245,50.051048]]]}},{"type":"Feature","id":"w233375812","properties":{"type":"yes","levels":1.0,"residential":true,"residents_est":0,"h3_10":"8a1e2e6b3887fff","h3_11":"8b1e2e6b3885fff"},"geometry":{"type":"Polygon","coordinates":[[[19.926855,50.050928],[19.926896,50.050903],[19.927001,50.050978],[19.92696,50.051003],[19.926855,50.050928]]]}},{"type":"Feature","id":"w233375815","properties":{"type":"yes","residential":true,"residents_est":1,"h3_10":"8a1e2e6b3887fff","h3_11":"8b1e2e6b3881fff"},"geometry":{"type":"Polygon","coordinates":[[[19.92746,50.050705],[19.927595,50.050623],[19.927654,50.050667],[19.92752,50.050748],[19.92746,50.050705]]]}},{"type":"Feature","id":"w233375885","properties":{"type":"yes","levels":2.0,"residential":true,"residents_est":1,"h3_10":"8a1e2e6b38b7fff","h3_11":"8b1e2e6b38b2fff"},"geometry":{"type":"Polygon","coordinates":[[[19.924449,50.05072],[19.924495,50.050665],[19.924528,50.050676],[19.924546,50.050655],[19.924629,50.050683],[19.924553,50.050756],[19.924449,50.05072]]]}},{"type":"Feature","id":"w233375894","properties":{"type":"apartments","levels":2.0,"residential":true,"residents_est":2,"h3_10":"8a1e2e6b38d7fff","h3_11":"8b1e2e6b38d4fff"},"geometry":{"type":"Polygon","coordinates":[[[19.930074,50.050173],[19.930208,50.050094],[19.930297,50.05016],[19.930163,50.05024],[19.930074,50.050173]]]}},{"type":"Feature","id":"w233375938","properties":{"type":"yes","residential":true,"residents_est":1,"h3_10":"8a1e2e6b38b7fff","h3_11":"8b1e2e6b38b4fff"},"geometry":{"type":"Polygon","coordinates":[[[19.9246,50.051159],[19.924643,50.051111],[19.924915,50.051215],[19.924871,50.051262],[19.9246,50.051159]]]}},{"type":"Feature","id":"w233376022","properties":{"type":"apartments","levels":1.0,"residential":true,"residents_est":1,"h3_10":"8a1e2e6b38affff","h3_11":"8b1e2e6b38abfff"},"geometry":{"type":"Polygon","coordinates":[[[19.928109,50.050777],[19.928243,50.050695],[19.928337,50.050766],[19.928234,50.050825],[19.928284,50.050862],[19.92825,50.050881],[19.928109,50.050777]]]}},{"type":"Feature","id":"w233376046","properties":{"type":"yes","levels":1.0,"residential":true,"residents_est":0,"h3_10":"8a1e2e6b38f7fff","h3_11":"8b1e2e6b38f2fff"},"geometry":{"type":"Polygon","coordinates":[[[19.929467,50.050415],[19.929543,50.050399],[19.929672,50.050504],[19.929614,50.050534],[19.929467,50.050415]]]}},{"type":"Feature","id":"w233376049","properties":{"type":"yes","residential":true,"residents_est":0,"h3_10":"8a1e2e6b389ffff","h3_11":"8b1e2e6b389bfff"},"geometry":{"type":"Polygon","coordinates":[[[19.92707,50.048986],[19.927153,50.048923],[19.927199,50.048951],[19.927116,50.049013],[19.92707,50.048986]]]}},{"type":"Feature","id":"w233376073","properties":{"type":"yes","levels":2.0,"residential":true,"residents_est":0,"h3_10":"8a1e2e6b38b7fff","h3_11":"8b1e2e6b38b2fff"},"geometry":{"type":"Polygon","coordinates":[[[19.924593,50.050615],[19.924623,50.05058],[19.9246,50.050571],[19.924629,50.050538],[19.924735,50.050576],[19.924671,50.050643],[19.924593,50.050615]]]}},{"type":"Feature","id":"w233376090","properties":{"type":"garage","residential":false,"residents_est":0,"h3_10":"8a1e2e6b3887fff","h3_11":"8b1e2e6b3881fff"},"geometry":{"type":"Polygon","coordinates":[[[19.927325,50.050783],[19.927453,50.0507],[19.927494,50.05073],[19.927365,50.050811],[19.927325,50.050783]]]}},{"type":"Feature","id":"w233376093","properties":{"type":"yes","address":"Skwerowa 7","residential":true,"residents_est":1,"h3_10":"8a1e2e6b3897fff","h3_11":"8b1e2e6b3896fff"},"geometry":{"type":"Polygon","coordinates":[[[19.924285,50.049876],[19.924316,50.049856],[19.924329,50.049865],[19.924365,50.049842],[19.924509,50.049939],[19.924438,50.049982],[19.924285,50.049876]]]}},{"type":"Feature","id":"w233376110","properties":{"type":"yes","levels":2.0,"residential":true,"residents_est":1,"h3_10":"8a1e2e6b38a7fff","h3_11":"8b1e2e6b38a3fff"},"geometry":{"type":"Polygon","coordinates":[[[19.927,50.051212],[19.927077,50.051168],[19.927052,50.05115],[19.927079,50.051133],[19.927204,50.051219],[19.927102,50.051286],[19.927,50.051212]]]}},{"type":"Feature","id":"w233376115","properties":{"type":"yes","residential":false,"residents_est":0,"h3_10":"8a1e2e6b380ffff","h3_11":"8b1e2e6b3808fff"},"geometry":{"type":"Polygon","coordinates":[[[19.930868,50.052878],[19.930932,50.052781],[19.930946,50.052785],[19.930936,50.0528],[19.930969,50.052809],[19.930915,50.052891],[19.930868,50.052878]]]}},{"type":"Feature","id":"w233376125","properties":{"type":"apartments","levels":5.0,"residential":true,"residents_est":5,"h3_10":"8a1e2e6b38d7fff","h3_11":"8b1e2e6b38d0fff"},"geometry":{"type":"Polygon","coordinates":[[[19.930212,50.049976],[19.930313,50.049919],[19.930461,50.050017],[19.930353,50.050077],[19.930212,50.049976]]]}},{"type":"Feature","id":"w233376159","properties":{"type":"yes","residential":true,"residents_est":1,"h3_10":"8a1e2e6b3887fff","h3_11":"8b1e2e6b3885fff"},"geometry":{"type":"Polygon","coordinates":[[[19.927079,50.050848],[19.927297,50.050716],[19.927364,50.050758],[19.927144,50.050893],[19.927079,50.050848]]]}},{"type":"Feature","id":"w233376249","properties":{"type":"apartments","residential":true,"residents_est":2,"h3_10":"8a1e2e6b38affff","h3_11":"8b1e2e6b38acfff"},"geometry":{"type":"Polygon","coordinates":[[[19.92752,50.051669],[19.927601,50.051588],[19.927648,50.051607],[19.927641,50.051614],[19.927652,50.051618],[19.927576,50.051694],[19.92752,50.051669]]]}},{"type":"Feature","id":"w233376258","properties":{"type":"apartments","levels":3.0,"residential":true,"residents_est":3,"h3_10":"8a1e2e6b38d7fff","h3_11":"8b1e2e6b38d1fff"},"geometry":{"type":"Polygon","coordinates":[[[19.930919,50.050011],[19.931033,50.049922],[19.931134,50.049973],[19.931094,50.050005],[19.931125,50.050021],[19.931056,50.050078],[19.930919,50.050011]]]}},{"type":"Feature","id":"w233376288","properties":{"type":"apartments","address":"Konfederacka 9","residential":true,"residents_est":6,"h3_10":"8a1e2e6b389ffff","h3_11":"8b1e2e6b3898fff"},"geometry":{"type":"Polygon","coordinates":[[[19.926893,50.049212],[19.927009,50.049131],[19.927139,50.049207],[19.927,50.049303],[19.926899,50.049241],[19.926919,50.049228],[19.926893,50.049212]]]}},{"type":"Feature","id":"w233376324","properties":{"type":"apartments","levels":2.0,"address":"Zduńska 12","residential":true,"residents_est":2,"h3_10":"8a1e2e6b38f7fff","h3_11":"8b1e2e6b38f0fff"},"geometry":{"type":"Polygon","coordinates":[[[19.930082,50.050977],[19.93025,50.050965],[19.930271,50.051072],[19.930293,50.05107],[19.930295,50.051084],[19.930108,50.051101],[19.930082,50.050977]]]}},{"type":"Feature","id":"w233376325","properties":{"type":"garage","residential":false,"residents_est":0,"h3_10":"8a1e2e6b381ffff","h3_11":"8b1e2e6b3818fff"},"geometry":{"type":"Polygon","coordinates":[[[19.929464,50.051843],[19.92949,50.051808],[19.929642,50.051853],[19.929616,50.051889],[19.929464,50.051843]]]}},{"type":"Feature","id":"w233376384","properties":{"type":"apartments","levels":4.0,"residential":true,"residents_est":5,"h3_10":"8a1e2e6b3817fff","h3_11":"8b1e2e6b3811fff"},"geometry":{"type":"Polygon","coordinates":[[[19.928291,50.052349],[19.928384,50.052196],[19.928501,50.052233],[19.928408,50.052386],[19.928291,50.052349]]]}},{"type":"Feature","id":"w233376410","properties":{"type":"yes","residential":true,"residents_est":0,"h3_10":"8a1e2e6b38b7fff","h3_11":"8b1e2e6b38b4fff"},"geometry":{"type":"Polygon","coordinates":[[[19.924346,50.051097],[19.924371,50.051071],[19.924515,50.05113],[19.924481,50.051163],[19.92441,50.051134],[19.924417,50.051127],[19.924346,50.051097]]]}},{"type":"Feature","id":"w233376738","properties":{"type":"yes","levels":2.0,"residential":true,"residents_est":1,"h3_10":"8a1e2e6b38f7fff","h3_11":"8b1e2e6b38f2fff"},"geometry":{"type":"Polygon","coordinates":[[[19.929542,50.050395],[19.929571,50.050381],[19.929606,50.05041],[19.929597,50.050415],[19.929601,50.050418],[19.929693,50.050371],[19.929787,50.050445],[19.929672,50.050504],[19.929553,50.05041],[19.929542,50.050395]]]}},{"type":"Feature","id":"w233376760","properties":{"type":"school","levels":3.0,"address":"Tyniecka 6","residential":false,"residents_est":0,"h3_10":"8a1e2e6b38b7fff","h3_11":"8b1e2e6b38b1fff"},"geometry":{"type":"Polygon","coordinates":[[[19.924607,50.050921],[19.924661,50.050846],[19.925233,50.051017],[19.925311,50.050911],[19.925276,50.0509],[19.925297,50.05088],[19.925293,50.050879],[19.925314,50.050856],[19.925309,50.050854],[19.925367,50.050782],[19.925362,50.05078],[19.925372,50.050776],[19.925387,50.050756],[19.925381,50.050754],[19.925385,50.050749],[19.925671,50.050838],[19.925632,50.050884],[19.925636,50.050886],[19.925632,50.050891],[19.925627,50.050889],[19.925612,50.050909],[19.925617,50.050911],[19.925592,50.050937],[19.925559,50.050987],[19.925496,50.050967],[19.925456,50.05102],[19.925824,50.051134],[19.92577,50.051206],[19.925403,50.051093],[19.925082,50.051524],[19.924892,50.051469],[19.925171,50.051089],[19.924607,50.050921]]]}},{"type":"Feature","id":"w233376827","properties":{"type":"yes","levels":1.0,"residential":true,"residents_est":0,"h3_10":"8a1e2e6b38affff","h3_11":"8b1e2e6b38acfff"},"geometry":{"type":"Polygon","coordinates":[[[19.927647,50.051603],[19.927687,50.051515],[19.927869,50.05155],[19.927822,50.051654],[19.927786,50.051647],[19.927793,50.051631],[19.927647,50.051603]]]}},{"type":"Feature","id":"w233376843","properties":{"type":"apartments","levels":5.0,"residential":true,"residents_est":7,"h3_10":"8a1e2e6b3817fff","h3_11":"8b1e2e6b3811fff"},"geometry":{"type":"Polygon","coordinates":[[[19.928729,50.052258],[19.92881,50.052149],[19.928989,50.0522],[19.928899,50.052317],[19.928763,50.052277],[19.928769,50.052269],[19.928729,50.052258]]]}},{"type":"Feature","id":"w233376873","properties":{"type":"apartments","levels":4.0,"residential":true,"residents_est":4,"h3_10":"8a1e2e6b3817fff","h3_11":"8b1e2e6b3816fff"},"geometry":{"type":"Polygon","coordinates":[[[19.92698,50.052145],[19.927024,50.052043],[19.927166,50.052045],[19.927156,50.052162],[19.927139,50.052162],[19.92714,50.052148],[19.92698,50.052145]]]}},{"type":"Feature","id":"w233376977","properties":{"type":"yes","residential":true,"residents_est":1,"h3_10":"8a1e2e6b388ffff","h3_11":"8b1e2e6b3888fff"},"geometry":{"type":"Polygon","coordinates":[[[19.92807,50.05026],[19.92833,50.050114],[19.928387,50.050157],[19.928138,50.050305],[19.92807,50.05026]]]}},{"type":"Feature","id":"w233377032","properties":{"type":"yes","residential":true,"residents_est":1,"h3_10":"8a1e2e6b381ffff","h3_11":"8b1e2e6b381efff"},"geometry":{"type":"Polygon","coordinates":[[[19.928905,50.051885],[19.928997,50.051765],[19.929056,50.051784],[19.928951,50.051919],[19.928909,50.051905],[19.928914,50.051899],[19.928905,50.051885]]]}},{"type":"Feature","id":"w233377066","properties":{"type":"apartments","levels":2.0,"residential":true,"residents_est":2,"h3_10":"8a1e2e6b381ffff","h3_11":"8b1e2e6b381cfff"},"geometry":{"type":"Polygon","coordinates":[[[19.929074,50.052498],[19.929133,50.052421],[19.929303,50.052478],[19.929268,50.05252],[19.929274,50.052522],[19.929247,50.052557],[19.929074,50.052498]]]}},{"type":"Feature","id":"w233377069","properties":{"type":"yes","residential":true,"residents_est":1,"h3_10":"8a1e2e6b3807fff","h3_11":"8b1e2e6b3802fff"},"geometry":{"type":"Polygon","coordinates":[[[19.928642,50.052699],[19.928662,50.052673],[19.928656,50.052671],[19.928701,50.052612],[19.928795,50.052642],[19.928729,50.052727],[19.928642,50.052699]]]}},{"type":"Feature","id":"w233377078","properties":{"type":"apartments","levels":4.0,"residential":true,"residents_est":4,"h3_10":"8a1e2e6b38d7fff","h3_11":"8b1e2e6b38d4fff"},"geometry":{"type":"Polygon","coordinates":[[[19.929693,50.050371],[19.929786,50.050323],[19.929761,50.050301],[19.929786,50.050289],[19.929901,50.050384],[19.929787,50.050445],[19.929693,50.050371]]]}},{"type":"Feature","id":"w233377127","properties":{"type":"yes","residential":true,"residents_est":0,"h3_10":"8a1e2e6b3817fff","h3_11":"8b1e2e6b3811fff"},"geometry":{"type":"Polygon","coordinates":[[[19.928506,50.052411],[19.928529,50.052377],[19.928585,50.052393],[19.92859,50.052386],[19.928667,50.052408],[19.928638,50.052449],[19.928506,50.052411]]]}},{"type":"Feature","id":"w233377135","properties":{"type":"apartments","levels":3.0,"address":"Rynek Dębnicki 10","residential":true,"residents_est":5,"h3_10":"8a1e2e6b38a7fff","h3_11":"8b1e2e6b38a3fff"},"geometry":{"type":"Polygon","coordinates":[[[19.926681,50.051167],[19.926797,50.051094],[19.926921,50.051027],[19.926972,50.051061],[19.926897,50.051105],[19.926873,50.051105],[19.926843,50.051123],[19.926924,50.051175],[19.926822,50.051252],[19.926681,50.051167]]]}},{"type":"Feature","id":"w233377169","properties":{"type":"apartments","levels":4.0,"address":"Konfederacka 1","residential":true,"residents_est":15,"h3_10":"8a1e2e6b389ffff","h3_11":"8b1e2e6b389efff"},"geometry":{"type":"Polygon","coordinates":[[[19.92613,50.049379],[19.926148,50.049376],[19.926147,50.049354],[19.92618,50.049317],[19.926324,50.049385],[19.926315,50.049384],[19.926306,50.049391],[19.926307,50.049398],[19.926284,50.049398],[19.926302,50.049718],[19.926352,50.049748],[19.926266,50.049808],[19.926202,50.049769],[19.926182,50.049783],[19.926153,50.049782],[19.926151,50.049762],[19.926199,50.049729],[19.926158,50.04973],[19.926162,50.049726],[19.926144,50.049434],[19.926146,50.049379],[19.92613,50.049379]]]}},{"type":"Feature","id":"w233377225","properties":{"type":"house","levels":3.0,"residential":true,"residents_est":4,"h3_10":"8a1e2e6b388ffff","h3_11":"8b1e2e6b3888fff"},"geometry":{"type":"Polygon","coordinates":[[[19.928316,50.050374],[19.928341,50.05036],[19.928331,50.050352],[19.928391,50.050313],[19.9284,50.050319],[19.928462,50.050283],[19.928573,50.050363],[19.928431,50.050453],[19.928316,50.050374]]]}},{"type":"Feature","id":"w233377240","properties":{"type":"school","levels":4.0,"residential":false,"residents_est":0,"h3_10":"8a1e2e6b38b7fff","h3_11":"8b1e2e6b38b0fff"},"geometry":{"type":"Polygon","coordinates":[[[19.924684,50.050815],[19.924804,50.050648],[19.924994,50.050705],[19.924872,50.050874],[19.924847,50.050867],[19.924826,50.050896],[19.924699,50.050858],[19.924722,50.050826],[19.924684,50.050815]]]}},{"type":"Feature","id":"w233377241","properties":{"type":"yes","levels":2.0,"residential":true,"residents_est":1,"h3_10":"8a1e2e6b38a7fff","h3_11":"8b1e2e6b38a6fff"},"geometry":{"type":"Polygon","coordinates":[[[19.925424,50.051751],[19.925472,50.051683],[19.925491,50.051689],[19.925539,50.051623],[19.925643,50.051653],[19.925614,50.051693],[19.925633,50.051699],[19.925565,50.051793],[19.925424,50.051751]]]}},{"type":"Feature","id":"w233377281","properties":{"type":"yes","levels":2.0,"address":"Barska 45","residential":true,"residents_est":3,"h3_10":"8a1e2e6b38dffff","h3_11":"8b1e2e6b38defff"},"geometry":{"type":"Polygon","coordinates":[[[19.930861,50.049535],[19.930926,50.049391],[19.93092,50.04939],[19.930938,50.049349],[19.930945,50.04935],[19.930975,50.049285],[19.931172,50.049322],[19.931059,50.049572],[19.930861,50.049535]]]}},{"type":"Feature","id":"w233377301","properties":{"type":"apartments","levels":2.0,"address":"Zamkowa 13","residential":true,"residents_est":2,"h3_10":"8a1e2e6b381ffff","h3_11":"8b1e2e6b381dfff"},"geometry":{"type":"Polygon","coordinates":[[[19.930048,50.052386],[19.930119,50.052259],[19.930266,50.052296],[19.930194,50.052422],[19.930048,50.052386]]]}},{"type":"Feature","id":"w233377336","properties":{"type":"yes","levels":1.0,"residential":true,"residents_est":0,"h3_10":"8a1e2e6b3807fff","h3_11":"8b1e2e6b3806fff"},"geometry":{"type":"Polygon","coordinates":[[[19.928333,50.05321],[19.928448,50.053118],[19.928484,50.05311],[19.928527,50.053131],[19.928394,50.053238],[19.928333,50.05321]]]}},{"type":"Feature","id":"w233377350","properties":{"type":"apartments","levels":4.0,"residential":true,"residents_est":6,"h3_10":"8a1e2e6b38affff","h3_11":"8b1e2e6b38a9fff"},"geometry":{"type":"Polygon","coordinates":[[[19.928579,50.051282],[19.928606,50.051248],[19.928593,50.051243],[19.928635,50.051195],[19.928646,50.051199],[19.928674,50.051164],[19.928834,50.051224],[19.928739,50.051334],[19.928579,50.051282]]]}},{"type":"Feature","id":"w233377417","properties":{"type":"yes","levels":4.0,"residential":true,"residents_est":1,"h3_10":"8a1e2e6b388ffff","h3_11":"8b1e2e6b388dfff"},"geometry":{"type":"Polygon","coordinates":[[[19.928904,50.050567],[19.929005,50.050497],[19.929082,50.050554],[19.928952,50.05062],[19.928928,50.050602],[19.92894,50.050594],[19.928904,50.050567]]]}},{"type":"Feature","id":"w233377449","properties":{"type":"yes","residential":true,"residents_est":0,"h3_10":"8a1e2e6b3887fff","h3_11":"8b1e2e6b3884fff"},"geometry":{"type":"Polygon","coordinates":[[[19.926053,50.050982],[19.926063,50.050972],[19.926066,50.050978],[19.926163,50.05096],[19.926185,50.05101],[19.926073,50.051028],[19.926053,50.050982]]]}},{"type":"Feature","id":"w233377457","properties":{"type":"apartments","levels":1.0,"address":"Zduńska 10","residential":true,"residents_est":1,"h3_10":"8a1e2e6b38f7fff","h3_11":"8b1e2e6b38f5fff"},"geometry":{"type":"Polygon","coordinates":[[[19.930108,50.051101],[19.930295,50.051084],[19.930298,50.0511],[19.930268,50.051103],[19.930281,50.051211],[19.930131,50.051228],[19.930108,50.051101]]]}},{"type":"Feature","id":"w233377468","properties":{"type":"apartments","levels":2.0,"residential":true,"residents_est":3,"h3_10":"8a1e2e6b38a7fff","h3_11":"8b1e2e6b38a5fff"},"geometry":{"type":"Polygon","coordinates":[[[19.926381,50.052076],[19.926651,50.05206],[19.926669,50.05216],[19.926498,50.05217],[19.9265,50.052181],[19.926449,50.052184],[19.926447,50.052172],[19.926393,50.052175],[19.926381,50.052076]]]}},{"type":"Feature","id":"w233377473","properties":{"type":"apartments","levels":4.0,"residential":true,"residents_est":4,"h3_10":"8a1e2e6b3817fff","h3_11":"8b1e2e6b3812fff"},"geometry":{"type":"Polygon","coordinates":[[[19.927156,50.052162],[19.927166,50.052045],[19.927345,50.052045],[19.927293,50.052151],[19.927175,50.052151],[19.927175,50.052163],[19.927156,50.052162]]]}},{"type":"Feature","id":"w233377546","properties":{"type":"apartments","levels":2.0,"residential":true,"residents_est":2,"h3_10":"8a1e2e6b3817fff","h3_11":"8b1e2e6b3812fff"},"geometry":{"type":"Polygon","coordinates":[[[19.927453,50.052178],[19.927533,50.052081],[19.927702,50.052137],[19.927589,50.052221],[19.927543,50.052207],[19.927535,50.052218],[19.927506,50.052209],[19.927513,50.0522],[19.927453,50.052178]]]}},{"type":"Feature","id":"w233377582","properties":{"type":"garage","residential":false,"residents_est":0,"h3_10":"8a1e2e6b3817fff","h3_11":"8b1e2e6b3816fff"},"geometry":{"type":"Polygon","coordinates":[[[19.927245,50.052288],[19.927268,50.052226],[19.927311,50.052233],[19.927316,50.052219],[19.927357,50.052226],[19.927353,50.052238],[19.9274,50.052246],[19.927379,50.052281],[19.927245,50.052288]]]}},{"type":"Feature","id":"w233377592","properties":{"type":"apartments","levels":2.0,"residential":true,"residents_est":2,"h3_10":"8a1e2e6b38d7fff","h3_11":"8b1e2e6b38d4fff"},"geometry":{"type":"Polygon","coordinates":[[[19.929948,50.050238],[19.930074,50.050173],[19.930163,50.05024],[19.930036,50.05031],[19.929948,50.050238]]]}},{"type":"Feature","id":"w233377597","properties":{"type":"apartments","levels":1.0,"address":"Jana Kilińskiego 7","residential":true,"residents_est":1,"h3_10":"8a1e2e6b38d7fff","h3_11":"8b1e2e6b38d3fff"},"geometry":{"type":"Polygon","coordinates":[[[19.930388,50.049243],[19.930564,50.049236],[19.930566,50.049308],[19.930432,50.04931],[19.930429,50.049278],[19.930392,50.049279],[19.930388,50.049243]]]}},{"type":"Feature","id":"w233377604","properties":{"type":"house","levels":2.0,"address":"Zduńska 6","residential":true,"residents_est":1,"h3_10":"8a1e2e6b38f7fff","h3_11":"8b1e2e6b38f5fff"},"geometry":{"type":"Polygon","coordinates":[[[19.930152,50.051344],[19.930266,50.051332],[19.930276,50.051383],[19.930298,50.051381],[19.930301,50.051395],[19.930164,50.051406],[19.930152,50.051344]]]}},{"type":"Feature","id":"w233377654","properties":{"type":"apartments","levels":1.0,"residential":true,"residents_est":4,"h3_10":"8a1e2e6b38e7fff","h3_11":"8b1e2e6b38e6fff"},"geometry":{"type":"Polygon","coordinates":[[[19.930622,50.051605],[19.930854,50.05131],[19.930983,50.051303],[19.930983,50.051381],[19.930977,50.051381],[19.930976,50.051353],[19.930927,50.051353],[19.930926,50.051382],[19.930906,50.051381],[19.930907,50.051394],[19.930926,50.051394],[19.930927,50.051462],[19.930907,50.051462],[19.930907,50.051491],[19.930927,50.051492],[19.930927,50.05156],[19.930907,50.05156],[19.930908,50.051645],[19.930928,50.051645],[19.930927,50.051682],[19.930787,50.051682],[19.930786,50.051659],[19.930622,50.051605]]]}},{"type":"Feature","id":"w233377658","properties":{"type":"garage","residential":false,"residents_est":0,"h3_10":"8a1e2e6b3887fff","h3_11":"8b1e2e6b3885fff"},"geometry":{"type":"Polygon","coordinates":[[[19.927296,50.050803],[19.927325,50.050783],[19.92738,50.050821],[19.927349,50.05084],[19.927296,50.050803]]]}},{"type":"Feature","id":"w233377659","properties":{"type":"yes","address":"Zagrody 9a","residential":true,"residents_est":1,"h3_10":"8a1e2e6b3897fff","h3_11":"8b1e2e6b3892fff"},"geometry":{"type":"Polygon","coordinates":[[[19.924861,50.049422],[19.924984,50.049408],[19.924996,50.049453],[19.925011,50.049451],[19.925017,50.049474],[19.925002,50.049476],[19.925017,50.049536],[19.924894,50.04955],[19.924861,50.049422]]]}},{"type":"Feature","id":"w233377770","properties":{"type":"house","levels":2.0,"residential":true,"residents_est":3,"h3_10":"8a1e2e6b388ffff","h3_11":"8b1e2e6b3888fff"},"geometry":{"type":"Polygon","coordinates":[[[19.928446,50.050161],[19.928496,50.050132],[19.928692,50.050273],[19.928692,50.050289],[19.928573,50.050363],[19.928462,50.050283],[19.928536,50.050235],[19.928536,50.050224],[19.928446,50.050161]]]}},{"type":"Feature","id":"w233377818","properties":{"type":"apartments","levels":2.0,"residential":true,"residents_est":2,"h3_10":"8a1e2e6b38affff","h3_11":"8b1e2e6b38aafff"},"geometry":{"type":"Polygon","coordinates":[[[19.927823,50.050954],[19.927972,50.050857],[19.928066,50.050927],[19.927917,50.051024],[19.927823,50.050954]]]}},{"type":"Feature","id":"w233377820","properties":{"type":"retail","levels":1.0,"residential":false,"residents_est":0,"h3_10":"8a1e2e6b3807fff","h3_11":"8b1e2e6b3806fff"},"geometry":{"type":"Polygon","coordinates":[[[19.928505,50.053148],[19.928604,50.053071],[19.928673,50.053108],[19.928684,50.0531],[19.928712,50.053115],[19.928702,50.053123],[19.928769,50.053158],[19.928681,50.053228],[19.928505,50.053148]]]}},{"type":"Feature","id":"w233377827","properties":{"type":"apartments","levels":2.0,"address":"Zamkowa 7","residential":true,"residents_est":3,"h3_10":"8a1e2e6b3807fff","h3_11":"8b1e2e6b3803fff"},"geometry":{"type":"Polygon","coordinates":[[[19.929843,50.052824],[19.929881,50.052711],[19.929863,50.052708],[19.929868,50.052694],[19.930072,50.052734],[19.930016,50.05287],[19.929843,50.052824]]]}},{"type":"Feature","id":"w233377831","properties":{"type":"yes","levels":2.0,"address":"Zamkowa 21","residential":true,"residents_est":2,"h3_10":"8a1e2e6b38e7fff","h3_11":"8b1e2e6b38e4fff"},"geometry":{"type":"Polygon","coordinates":[[[19.931085,50.051955],[19.931351,50.051938],[19.931342,50.052003],[19.931341,50.052039],[19.931347,50.05204],[19.931346,50.052048],[19.931104,50.052066],[19.931085,50.051955]]]}},{"type":"Feature","id":"w233377833","properties":{"type":"yes","residential":false,"residents_est":0,"h3_10":"8a1e2e6b398ffff","h3_11":"8b1e2e6b398bfff"},"geometry":{"type":"Polygon","coordinates":[[[19.926209,50.052216],[19.926234,50.052191],[19.926309,50.052229],[19.926329,50.052209],[19.926386,50.052235],[19.926362,50.052257],[19.92631,50.052234],[19.926291,50.052252],[19.926209,50.052216]]]}},{"type":"Feature","id":"w233377857","properties":{"type":"yes","levels":1.0,"residential":true,"residents_est":1,"h3_10":"8a1e2e6b389ffff","h3_11":"8b1e2e6b389bfff"},"geometry":{"type":"Polygon","coordinates":[[[19.927116,50.049013],[19.927199,50.048951],[19.92735,50.049038],[19.927272,50.049094],[19.927172,50.049036],[19.927164,50.049042],[19.927116,50.049013]]]}},{"type":"Feature","id":"w233377877","properties":{"type":"yes","levels":2.0,"residential":true,"residents_est":1,"h3_10":"8a1e2e6b38affff","h3_11":"8b1e2e6b38abfff"},"geometry":{"type":"Polygon","coordinates":[[[19.928589,50.050781],[19.928708,50.050697],[19.928768,50.050726],[19.928756,50.050738],[19.92878,50.050749],[19.928743,50.050779],[19.928697,50.050831],[19.928589,50.050781]]]}},{"type":"Feature","id":"w233377897","properties":{"type":"apartments","levels":2.0,"residential":true,"residents_est":5,"h3_10":"8a1e2e6b381ffff","h3_11":"8b1e2e6b381cfff"},"geometry":{"type":"Polygon","coordinates":[[[19.929076,50.052355],[19.92916,50.052248],[19.929432,50.052326],[19.929303,50.052478],[19.929164,50.052432],[19.929194,50.052393],[19.929076,50.052355]]]}},{"type":"Feature","id":"w233377901","properties":{"type":"apartments","levels":2.0,"address":"Zamkowa 22","residential":true,"residents_est":2,"h3_10":"8a1e2e6b380ffff","h3_11":"8b1e2e6b380bfff"},"geometry":{"type":"Polygon","coordinates":[[[19.93109,50.052193],[19.931223,50.052187],[19.931217,50.052315],[19.931097,50.05231],[19.93109,50.052193]]]}},{"type":"Feature","id":"w233377935","properties":{"type":"apartments","levels":3.0,"residential":true,"residents_est":5,"h3_10":"8a1e2e6b381ffff","h3_11":"8b1e2e6b381efff"},"geometry":{"type":"Polygon","coordinates":[[[19.928556,50.051934],[19.928587,50.051893],[19.928591,50.051895],[19.928642,50.051822],[19.928885,50.051892],[19.928803,50.05201],[19.928556,50.051934]]]}},{"type":"Feature","id":"w233377942","properties":{"type":"apartments","levels":2.0,"residential":true,"residents_est":2,"h3_10":"8a1e2e6b388ffff","h3_11":"8b1e2e6b388cfff"},"geometry":{"type":"Polygon","coordinates":[[[19.927874,50.050591],[19.927899,50.050576],[19.927957,50.050618],[19.928061,50.050556],[19.928155,50.050626],[19.928019,50.05071],[19.927879,50.050602],[19.927885,50.050599],[19.927874,50.050591]]]}},{"type":"Feature","id":"w233377944","properties":{"type":"apartments","levels":6.0,"residential":true,"residents_est":16,"h3_10":"8a1e2e6b38f7fff","h3_11":"8b1e2e6b38f6fff"},"geometry":{"type":"Polygon","coordinates":[[[19.928909,50.050849],[19.929027,50.050707],[19.929026,50.050698],[19.928981,50.050669],[19.929099,50.050599],[19.929196,50.050661],[19.929208,50.050721],[19.929047,50.050898],[19.928909,50.050849]]]}},{"type":"Feature","id":"w233377973","properties":{"type":"yes","levels":3.0,"residential":true,"residents_est":1,"h3_10":"8a1e2e6b38a7fff","h3_11":"8b1e2e6b38a4fff"},"geometry":{"type":"Polygon","coordinates":[[[19.925924,50.051789],[19.925926,50.051743],[19.926136,50.051747],[19.926133,50.051799],[19.925987,50.051792],[19.925986,50.051797],[19.92596,50.051796],[19.92596,50.051791],[19.925924,50.051789]]]}},{"type":"Feature","id":"w233378008","properties":{"type":"yes","residential":false,"residents_est":0,"h3_10":"8a1e2e6b3817fff","h3_11":"8b1e2e6b3816fff"},"geometry":{"type":"Polygon","coordinates":[[[19.927379,50.052281],[19.927406,50.052237],[19.927433,50.052246],[19.927447,50.052225],[19.927487,50.052236],[19.927472,50.052257],[19.927499,50.052265],[19.92748,50.052286],[19.927379,50.052281]]]}},{"type":"Feature","id":"w233378011","properties":{"type":"apartments","residential":true,"residents_est":8,"h3_10":"8a1e2e6b389ffff","h3_11":"8b1e2e6b389afff"},"geometry":{"type":"Polygon","coordinates":[[[19.926484,50.049053],[19.926632,50.048928],[19.926779,50.048995],[19.92672,50.04905],[19.926738,50.049058],[19.926698,50.049095],[19.926676,50.049085],[19.926635,50.049122],[19.926484,50.049053]]]}},{"type":"Feature","id":"w233378019","properties":{"type":"apartments","levels":2.0,"residential":true,"residents_est":3,"h3_10":"8a1e2e6b38affff","h3_11":"8b1e2e6b38aafff"},"geometry":{"type":"Polygon","coordinates":[[[19.927728,50.050717],[19.927826,50.050657],[19.927805,50.050643],[19.927825,50.05063],[19.927847,50.050646],[19.927897,50.050616],[19.928019,50.05071],[19.927856,50.050804],[19.927728,50.050717]]]}},{"type":"Feature","id":"w233378034","properties":{"type":"apartments","residential":true,"residents_est":1,"h3_10":"8a1e2e6b3817fff","h3_11":"8b1e2e6b3815fff"},"geometry":{"type":"Polygon","coordinates":[[[19.927951,50.052554],[19.928051,50.0525],[19.928065,50.052554],[19.928002,50.05259],[19.927951,50.052554]]]}},{"type":"Feature","id":"w233378072","properties":{"type":"apartments","levels":5.0,"residential":true,"residents_est":7,"h3_10":"8a1e2e6b38affff","h3_11":"8b1e2e6b38a9fff"},"geometry":{"type":"Polygon","coordinates":[[[19.928734,50.051066],[19.928771,50.051019],[19.928751,50.051012],[19.928764,50.050995],[19.928785,50.051003],[19.928812,50.050969],[19.928994,50.051034],[19.928914,50.051129],[19.928734,50.051066]]]}},{"type":"Feature","id":"w233378080","properties":{"type":"apartments","levels":2.0,"residential":true,"residents_est":3,"h3_10":"8a1e2e6b38a7fff","h3_11":"8b1e2e6b38a3fff"},"geometry":{"type":"Polygon","coordinates":[[[19.926822,50.051252],[19.926898,50.051195],[19.926954,50.051232],[19.926976,50.051227],[19.926972,50.051219],[19.927,50.051212],[19.927102,50.051286],[19.926995,50.051347],[19.926963,50.051346],[19.926822,50.051252]]]}},{"type":"Feature","id":"w233378093","properties":{"type":"apartments","levels":2.0,"residential":true,"residents_est":3,"h3_10":"8a1e2e6b3807fff","h3_11":"8b1e2e6b3802fff"},"geometry":{"type":"Polygon","coordinates":[[[19.928457,50.052808],[19.928549,50.052689],[19.928637,50.052718],[19.928626,50.052734],[19.92871,50.052762],[19.928697,50.052785],[19.92862,50.052871],[19.928457,50.052808]]]}},{"type":"Feature","id":"w233378098","properties":{"type":"yes","residential":true,"residents_est":4,"h3_10":"8a1e2e6b380ffff","h3_11":"8b1e2e6b3808fff"},"geometry":{"type":"Polygon","coordinates":[[[19.930652,50.052707],[19.930719,50.052534],[19.930799,50.05255],[19.930776,50.052601],[19.930941,50.05263],[19.930875,50.052748],[19.930652,50.052707]]]}},{"type":"Feature","id":"w233378123","properties":{"type":"yes","residential":true,"residents_est":1,"h3_10":"8a1e2e6b3887fff","h3_11":"8b1e2e6b3881fff"},"geometry":{"type":"Polygon","coordinates":[[[19.92768,50.050521],[19.927769,50.050468],[19.927811,50.050498],[19.92777,50.050524],[19.927847,50.050579],[19.927793,50.05061],[19.92768,50.050521]]]}},{"type":"Feature","id":"w233378142","properties":{"type":"apartments","levels":2.0,"residential":true,"residents_est":3,"h3_10":"8a1e2e6b38affff","h3_11":"8b1e2e6b38abfff"},"geometry":{"type":"Polygon","coordinates":[[[19.927972,50.050857],[19.928109,50.050777],[19.928295,50.050915],[19.928238,50.05095],[19.928157,50.050888],[19.92818,50.050874],[19.928165,50.050864],[19.928066,50.050927],[19.927972,50.050857]]]}},{"type":"Feature","id":"w233378161","properties":{"type":"apartments","levels":2.0,"residential":true,"residents_est":3,"h3_10":"8a1e2e6b38affff","h3_11":"8b1e2e6b38adfff"},"geometry":{"type":"Polygon","coordinates":[[[19.92834,50.05159],[19.928441,50.051463],[19.92835,50.051433],[19.928372,50.051405],[19.928611,50.051484],[19.928484,50.051639],[19.92834,50.05159]]]}},{"type":"Feature","id":"w233378173","properties":{"type":"apartments","levels":3.0,"residential":true,"residents_est":4,"h3_10":"8a1e2e6b38affff","h3_11":"8b1e2e6b38aafff"},"geometry":{"type":"Polygon","coordinates":[[[19.927483,50.05089],[19.927502,50.050879],[19.92749,50.05087],[19.927529,50.050844],[19.927542,50.050852],[19.927609,50.050807],[19.927732,50.050889],[19.927603,50.050973],[19.927483,50.05089]]]}},{"type":"Feature","id":"w233378197","properties":{"type":"yes","levels":1.0,"residential":true,"residents_est":1,"h3_10":"8a1e2e6b3887fff","h3_11":"8b1e2e6b3886fff"},"geometry":{"type":"Polygon","coordinates":[[[19.925785,50.050694],[19.925898,50.050568],[19.926065,50.050639],[19.925977,50.050735],[19.925953,50.050726],[19.925929,50.050751],[19.925785,50.050694]]]}},{"type":"Feature","id":"w233378205","properties":{"type":"apartments","levels":2.0,"address":"Zamkowa 10","residential":true,"residents_est":3,"h3_10":"8a1e2e6b380ffff","h3_11":"8b1e2e6b380efff"},"geometry":{"type":"Polygon","coordinates":[[[19.930205,50.05281],[19.930251,50.052695],[19.930509,50.052748],[19.930498,50.052772],[19.930467,50.052766],[19.930456,50.052752],[19.930427,50.052759],[19.930394,50.052847],[19.930205,50.05281]]]}},{"type":"Feature","id":"w233378207","properties":{"type":"apartments","levels":3.0,"address":"Zamkowa 9","residential":true,"residents_est":4,"h3_10":"8a1e2e6b380ffff","h3_11":"8b1e2e6b380efff"},"geometry":{"type":"Polygon","coordinates":[[[19.929884,50.052656],[19.929894,50.052631],[19.929914,50.052634],[19.92994,50.05257],[19.930121,50.0526],[19.930072,50.052734],[19.929889,50.052697],[19.929904,50.052659],[19.929884,50.052656]]]}},{"type":"Feature","id":"w233378216","properties":{"type":"apartments","residential":true,"residents_est":6,"h3_10":"8a1e2e6b38a7fff","h3_11":"8b1e2e6b38a1fff"},"geometry":{"type":"Polygon","coordinates":[[[19.927252,50.051529],[19.92737,50.05145],[19.927419,50.051482],[19.92741,50.051488],[19.927438,50.051506],[19.927439,50.051484],[19.927514,50.051434],[19.927558,50.051464],[19.927364,50.051592],[19.927252,50.051529]]]}},{"type":"Feature","id":"w233378217","properties":{"type":"yes","residential":true,"residents_est":1,"h3_10":"8a1e2e6b38b7fff","h3_11":"8b1e2e6b38b6fff"},"geometry":{"type":"Polygon","coordinates":[[[19.924387,50.050838],[19.924477,50.05073],[19.924553,50.050756],[19.924461,50.050864],[19.924387,50.050838]]]}},{"type":"Feature","id":"w245269526","properties":{"type":"yes","levels":4.0,"address":"Powiśle 4","residential":true,"residents_est":5,"h3_10":"8a1e2e6b3977fff","h3_11":"8b1e2e6b3970fff"},"geometry":{"type":"Polygon","coordinates":[[[19.929738,50.055947],[19.93003,50.055869],[19.930135,50.056033],[19.930074,50.056051],[19.930058,50.056024],[19.92983,50.056084],[19.929738,50.055947]]]}},{"type":"Feature","id":"w295295938","properties":{"type":"yes","levels":2.0,"residential":true,"residents_est":0,"h3_10":"8a1e2e6b3867fff","h3_11":"8b1e2e6b3862fff"},"geometry":{"type":"Polygon","coordinates":[[[19.933623,50.053782],[19.933631,50.053719],[19.933683,50.053646],[19.933741,50.053663],[19.93369,50.053739],[19.933687,50.053785],[19.933623,50.053782]]]}},{"type":"Feature","id":"w295295939","properties":{"type":"yes","levels":5.0,"address":"Zamek Wawel 8","residential":true,"residents_est":11,"h3_10":"8a1e2e6b3867fff","h3_11":"8b1e2e6b3862fff"},"geometry":{"type":"Polygon","coordinates":[[[19.933622,50.053995],[19.933623,50.053782],[19.933816,50.053799],[19.933805,50.053957],[19.933794,50.053964],[19.933795,50.053977],[19.933808,50.053983],[19.933832,50.054098],[19.933875,50.054136],[19.933728,50.054222],[19.933679,50.054173],[19.933659,50.054174],[19.933643,50.054159],[19.933637,50.054129],[19.933649,50.054127],[19.933622,50.053995]]]}},{"type":"Feature","id":"w295295940","properties":{"type":"yes","levels":4.0,"address":"Zamek Wawel 7","residential":true,"residents_est":14,"h3_10":"8a1e2e6b3867fff","h3_11":"8b1e2e6b3865fff"},"geometry":{"type":"Polygon","coordinates":[[[19.933724,50.054226],[19.933878,50.054134],[19.934096,50.054258],[19.934112,50.054248],[19.934121,50.054254],[19.934109,50.054262],[19.934247,50.054347],[19.934253,50.054341],[19.93432,50.054391],[19.934281,50.054407],[19.934453,50.054576],[19.934375,50.054687],[19.934358,50.054697],[19.93422,50.054585],[19.934169,50.054536],[19.934092,50.054452],[19.934109,50.054447],[19.93405,50.0544],[19.933749,50.054242],[19.933742,50.054245],[19.933724,50.054226]]]}},{"type":"Feature","id":"w295295941","properties":{"type":"yes","residential":false,"residents_est":0,"h3_10":"8a1e2e6b3867fff","h3_11":"8b1e2e6b3861fff"},"geometry":{"type":"Polygon","coordinates":[[[19.934701,50.05425],[19.934718,50.054226],[19.934815,50.054253],[19.934797,50.054277],[19.934701,50.05425]]]}},{"type":"Feature","id":"w295381707","properties":{"type":"wall","residential":false,"residents_est":0,"h3_10":"8a1e2e6b384ffff","h3_11":"8b1e2e6b384efff"},"geometry":{"type":"Polygon","coordinates":[[[19.935106,50.052895],[19.935223,50.052833],[19.935226,50.052837],[19.935118,50.052895],[19.93512,50.052901],[19.935191,50.052963],[19.935287,50.052921],[19.935303,50.052935],[19.935322,50.052932],[19.9353,50.052941],[19.935285,50.052928],[19.935186,50.052971],[19.935106,50.052895]]]}},{"type":"Feature","id":"w295393286","properties":{"type":"yes","residential":false,"residents_est":0,"h3_10":"8a1e2e6b3847fff","h3_11":"8b1e2e6b3841fff"},"geometry":{"type":"Polygon","coordinates":[[[19.935205,50.053112],[19.935238,50.053098],[19.935321,50.053178],[19.935289,50.053192],[19.935205,50.053112]]]}},{"type":"Feature","id":"w295393287","properties":{"type":"yes","residential":false,"residents_est":0,"h3_10":"8a1e2e6b384ffff","h3_11":"8b1e2e6b384cfff"},"geometry":{"type":"Polygon","coordinates":[[[19.935325,50.053225],[19.935356,50.053211],[19.935443,50.053292],[19.935403,50.053304],[19.935325,50.053225]]]}},{"type":"Feature","id":"w295688063","properties":{"type":"yes","residential":true,"residents_est":1,"h3_10":"8a1e2e6b384ffff","h3_11":"8b1e2e6b3849fff"},"geometry":{"type":"Polygon","coordinates":[[[19.936582,50.052731],[19.93666,50.052635],[19.936756,50.05267],[19.936688,50.052751],[19.936749,50.052779],[19.936734,50.052793],[19.936582,50.052731]]]}},{"type":"Feature","id":"w295688068","properties":{"type":"yes","residential":true,"residents_est":5,"h3_10":"8a1e2e6b384ffff","h3_11":"8b1e2e6b384bfff"},"geometry":{"type":"Polygon","coordinates":[[[19.936366,50.052464],[19.936449,50.052364],[19.936788,50.052478],[19.936692,50.052596],[19.936577,50.052556],[19.936591,50.05254],[19.936366,50.052464]]]}},{"type":"Feature","id":"w295688086","properties":{"type":"yes","residential":false,"residents_est":0,"h3_10":"8a1e2e6b384ffff","h3_11":"8b1e2e6b384bfff"},"geometry":{"type":"Polygon","coordinates":[[[19.936188,50.052606],[19.936231,50.052555],[19.936271,50.052571],[19.93623,50.05262],[19.936188,50.052606]]]}},{"type":"Feature","id":"w295688102","properties":{"type":"yes","residential":false,"residents_est":0,"h3_10":"8a1e2e6b384ffff","h3_11":"8b1e2e6b384bfff"},"geometry":{"type":"Polygon","coordinates":[[[19.936215,50.052549],[19.936264,50.052488],[19.936322,50.052508],[19.936271,50.052571],[19.936215,50.052549]]]}},{"type":"Feature","id":"w302891052","properties":{"type":"apartments","levels":4.0,"residential":true,"residents_est":9,"h3_10":"8a1e2e6b3817fff","h3_11":"8b1e2e6b3815fff"},"geometry":{"type":"Polygon","coordinates":[[[19.927831,50.052962],[19.928136,50.052753],[19.928187,50.052824],[19.928218,50.052848],[19.928266,50.052872],[19.928145,50.052964],[19.928042,50.052898],[19.927892,50.053],[19.927831,50.052962]]]}},{"type":"Feature","id":"w302891057","properties":{"type":"yes","residential":false,"residents_est":0,"h3_10":"8a1e2e6b380ffff","h3_11":"8b1e2e6b380bfff"},"geometry":{"type":"Polygon","coordinates":[[[19.931266,50.052315],[19.931284,50.052262],[19.931342,50.05227],[19.931309,50.052321],[19.931266,50.052315]]]}},{"type":"Feature","id":"w302891063","properties":{"type":"yes","residential":false,"residents_est":0,"h3_10":"8a1e2e6b380ffff","h3_11":"8b1e2e6b380bfff"},"geometry":{"type":"Polygon","coordinates":[[[19.931044,50.05242],[19.931075,50.052355],[19.931108,50.05236],[19.931076,50.052428],[19.931044,50.05242]]]}},{"type":"Feature","id":"w302891065","properties":{"type":"shed","residential":false,"residents_est":0,"h3_10":"8a1e2e6b38a7fff","h3_11":"8b1e2e6b38a6fff"},"geometry":{"type":"Polygon","coordinates":[[[19.925852,50.05165],[19.925871,50.051622],[19.925946,50.051644],[19.925926,50.051671],[19.925852,50.05165]]]}},{"type":"Feature","id":"w302891066","properties":{"type":"garage","residential":false,"residents_est":0,"h3_10":"8a1e2e6b380ffff","h3_11":"8b1e2e6b380bfff"},"geometry":{"type":"Polygon","coordinates":[[[19.931165,50.052444],[19.931198,50.052402],[19.931235,50.052414],[19.931203,50.052456],[19.931165,50.052444]]]}},{"type":"Feature","id":"w302891068","properties":{"type":"service","residential":false,"residents_est":0,"h3_10":"8a1e2e6b380ffff","h3_11":"8b1e2e6b380bfff"},"geometry":{"type":"Polygon","coordinates":[[[19.931046,50.052482],[19.931065,50.05244],[19.931133,50.052452],[19.931114,50.052495],[19.931046,50.052482]]]}},{"type":"Feature","id":"w302891071","properties":{"type":"yes","residential":false,"residents_est":0,"h3_10":"8a1e2e6b380ffff","h3_11":"8b1e2e6b380afff"},"geometry":{"type":"Polygon","coordinates":[[[19.930636,50.052347],[19.930742,50.05235],[19.930739,50.052372],[19.930646,50.052369],[19.930636,50.052347]]]}},{"type":"Feature","id":"w302891075","properties":{"type":"yes","levels":2.0,"residential":true,"residents_est":1,"h3_10":"8a1e2e6b3807fff","h3_11":"8b1e2e6b3806fff"},"geometry":{"type":"Polygon","coordinates":[[[19.92816,50.053179],[19.928322,50.053052],[19.928369,50.053069],[19.92835,50.053086],[19.928353,50.053102],[19.928302,50.053144],[19.928328,50.053157],[19.928246,50.053224],[19.92816,50.053179]]]}},{"type":"Feature","id":"w302914915","properties":{"type":"retail","name":"Kolporter","residential":false,"residents_est":0,"h3_10":"8a1e2e6b3817fff","h3_11":"8b1e2e6b3812fff"},"geometry":{"type":"Polygon","coordinates":[[[19.927496,50.051774],[19.927517,50.051751],[19.927549,50.051763],[19.927557,50.051782],[19.927538,50.051803],[19.927503,50.051791],[19.927496,50.051774]]]}},{"type":"Feature","id":"w302914922","properties":{"type":"garage","residential":false,"residents_est":0,"h3_10":"8a1e2e6b38affff","h3_11":"8b1e2e6b38acfff"},"geometry":{"type":"Polygon","coordinates":[[[19.92805,50.051533],[19.9281,50.051489],[19.928139,50.051507],[19.928089,50.051551],[19.92805,50.051533]]]}},{"type":"Feature","id":"w302914924","properties":{"type":"garage","residential":false,"residents_est":0,"h3_10":"8a1e2e6b38affff","h3_11":"8b1e2e6b38acfff"},"geometry":{"type":"Polygon","coordinates":[[[19.927917,50.051556],[19.927944,50.051529],[19.928019,50.05156],[19.927989,50.051587],[19.927917,50.051556]]]}},{"type":"Feature","id":"w302914926","properties":{"type":"garage","residential":false,"residents_est":0,"h3_10":"8a1e2e6b38affff","h3_11":"8b1e2e6b38a8fff"},"geometry":{"type":"Polygon","coordinates":[[[19.928148,50.051446],[19.928213,50.051389],[19.928257,50.05141],[19.928191,50.051467],[19.928148,50.051446]]]}},{"type":"Feature","id":"w302914927","properties":{"type":"apartments","residential":true,"residents_est":3,"h3_10":"8a1e2e6b38affff","h3_11":"8b1e2e6b38aefff"},"geometry":{"type":"Polygon","coordinates":[[[19.927495,50.051417],[19.92764,50.051327],[19.927702,50.05137],[19.927558,50.051464],[19.927495,50.051417]]]}},{"type":"Feature","id":"w302914928","properties":{"type":"yes","residential":false,"residents_est":0,"h3_10":"8a1e2e6b38a7fff","h3_11":"8b1e2e6b38a3fff"},"geometry":{"type":"Polygon","coordinates":[[[19.926993,50.051202],[19.927048,50.051171],[19.927006,50.051142],[19.92705,50.051113],[19.927079,50.051133],[19.927052,50.05115],[19.927077,50.051168],[19.927004,50.05121],[19.926993,50.051202]]]}},{"type":"Feature","id":"w302920787","properties":{"type":"yes","residential":false,"residents_est":0,"h3_10":"8a1e2e6b38affff","h3_11":"8b1e2e6b38abfff"},"geometry":{"type":"Polygon","coordinates":[[[19.928509,50.05075],[19.928539,50.050728],[19.928606,50.050768],[19.928575,50.05079],[19.928509,50.05075]]]}},{"type":"Feature","id":"w302935280","properties":{"type":"garage","residential":false,"residents_est":0,"h3_10":"8a1e2e6b3887fff","h3_11":"8b1e2e6b3883fff"},"geometry":{"type":"Polygon","coordinates":[[[19.926717,50.050291],[19.926778,50.050253],[19.926832,50.050289],[19.926809,50.050305],[19.926815,50.050309],[19.926808,50.050314],[19.9268,50.050309],[19.926775,50.050326],[19.926717,50.050291]]]}},{"type":"Feature","id":"w302957234","properties":{"type":"yes","residential":true,"residents_est":8,"h3_10":"8a1e2e6b381ffff","h3_11":"8b1e2e6b381bfff"},"geometry":{"type":"Polygon","coordinates":[[[19.929601,50.051841],[19.929782,50.051592],[19.929765,50.051587],[19.929769,50.051581],[19.930015,50.051655],[19.930022,50.051677],[19.929841,50.051912],[19.929601,50.051841]]]}},{"type":"Feature","id":"w302960812","properties":{"type":"yes","residential":false,"residents_est":0,"h3_10":"8a1e2e6b388ffff","h3_11":"8b1e2e6b388bfff"},"geometry":{"type":"Polygon","coordinates":[[[19.928826,50.049609],[19.928862,50.049586],[19.928918,50.049623],[19.928882,50.049646],[19.928826,50.049609]]]}},{"type":"Feature","id":"w302960814","properties":{"type":"yes","residential":false,"residents_est":0,"h3_10":"8a1e2e6b388ffff","h3_11":"8b1e2e6b388bfff"},"geometry":{"type":"Polygon","coordinates":[[[19.928715,50.049681],[19.928753,50.049656],[19.928814,50.049692],[19.928776,50.049719],[19.928715,50.049681]]]}},{"type":"Feature","id":"w302960824","properties":{"type":"apartments","levels":5.0,"address":"Generała Kazimierza Pułaskiego 14","residential":true,"residents_est":11,"h3_10":"8a1e2e6b388ffff","h3_11":"8b1e2e6b388afff"},"geometry":{"type":"Polygon","coordinates":[[[19.928205,50.049686],[19.928336,50.049609],[19.928565,50.049771],[19.92844,50.049853],[19.928205,50.049686]]]}},{"type":"Feature","id":"w302960827","properties":{"type":"apartments","levels":6.0,"residential":true,"residents_est":10,"h3_10":"8a1e2e6b388ffff","h3_11":"8b1e2e6b388afff"},"geometry":{"type":"Polygon","coordinates":[[[19.928123,50.049628],[19.92813,50.049525],[19.92822,50.049472],[19.928339,50.049556],[19.928336,50.049609],[19.928205,50.049686],[19.928123,50.049628]]]}},{"type":"Feature","id":"w303079077","properties":{"type":"yes","levels":1.0,"residential":false,"residents_est":0,"h3_10":"8a1e2e6b38b7fff","h3_11":"8b1e2e6b38b2fff"},"geometry":{"type":"Polygon","coordinates":[[[19.924581,50.050423],[19.924614,50.050398],[19.924686,50.050439],[19.924653,50.050463],[19.924581,50.050423]]]}},{"type":"Feature","id":"w303079107","properties":{"type":"yes","residential":false,"residents_est":0,"h3_10":"8a1e2e6b38b7fff","h3_11":"8b1e2e6b38b6fff"},"geometry":{"type":"Polygon","coordinates":[[[19.924368,50.05104],[19.924433,50.05097],[19.924481,50.050988],[19.924417,50.051059],[19.924368,50.05104]]]}},{"type":"Feature","id":"w303079124","properties":{"type":"yes","levels":1.0,"residential":true,"residents_est":0,"h3_10":"8a1e2e6b38b7fff","h3_11":"8b1e2e6b38b6fff"},"geometry":{"type":"Polygon","coordinates":[[[19.924207,50.050842],[19.92425,50.050791],[19.924461,50.050864],[19.924419,50.050914],[19.924207,50.050842]]]}},{"type":"Feature","id":"w329340248","properties":{"type":"apartments","levels":5.0,"address":"Tatarska 6","residential":true,"residents_est":21,"h3_10":"8a1e2e6b39a7fff","h3_11":"8b1e2e6b39a4fff"},"geometry":{"type":"Polygon","coordinates":[[[19.923514,50.054854],[19.923779,50.054594],[19.923739,50.054579],[19.923835,50.054485],[19.924041,50.054576],[19.923613,50.054901],[19.923514,50.054854]]]}},{"type":"Feature","id":"w378540425","properties":{"type":"commercial","levels":0.0,"address":"Powiśle 11","residential":false,"residents_est":0,"h3_10":"8a1e2e6b395ffff","h3_11":"8b1e2e6b3959fff"},"geometry":{"type":"Polygon","coordinates":[[[19.933004,50.05446],[19.933024,50.05443],[19.933176,50.054391],[19.933471,50.054866],[19.933286,50.054913],[19.933004,50.05446]]]}},{"type":"Feature","id":"w611246379","properties":{"type":"office","residential":false,"residents_est":0,"h3_10":"8a1e2e6b3937fff","h3_11":"8b1e2e6b3936fff"},"geometry":{"type":"Polygon","coordinates":[[[19.924428,50.05598],[19.924621,50.055789],[19.924712,50.055713],[19.9248,50.055756],[19.924494,50.056011],[19.924428,50.05598]]]}},{"type":"Feature","id":"w617685488","properties":{"type":"hotel","address":"Plac Na Groblach 5","residential":false,"residents_est":0,"h3_10":"8a1e2e6b3967fff","h3_11":"8b1e2e6b3963fff"},"geometry":{"type":"Polygon","coordinates":[[[19.931608,50.056265],[19.931934,50.056166],[19.932158,50.056467],[19.931994,50.056537],[19.931921,50.056513],[19.931862,50.056435],[19.931799,50.056408],[19.93172,50.056303],[19.931652,50.056323],[19.931608,50.056265]]]}},{"type":"Feature","id":"w628147988","properties":{"type":"commercial","residential":false,"residents_est":0,"h3_10":"8a1e2e6b38e7fff","h3_11":"8b1e2e6b38e2fff"},"geometry":{"type":"Polygon","coordinates":[[[19.930772,50.051312],[19.930965,50.051071],[19.930981,50.051076],[19.931039,50.051006],[19.931318,50.051076],[19.931324,50.051068],[19.931371,50.05108],[19.931373,50.051085],[19.931262,50.051266],[19.931249,50.051263],[19.931237,50.051291],[19.930772,50.051312]]]}},{"type":"Feature","id":"w692459254","properties":{"type":"yes","residential":false,"residents_est":0,"h3_10":"8a1e2e6b39a7fff","h3_11":"8b1e2e6b39a4fff"},"geometry":{"type":"Polygon","coordinates":[[[19.923483,50.054594],[19.923524,50.054554],[19.923572,50.054574],[19.923532,50.054614],[19.923483,50.054594]]]}},{"type":"Feature","id":"w692459263","properties":{"type":"apartments","address":"Tadeusza Kościuszki 24","residential":true,"residents_est":30,"h3_10":"8a1e2e6b3987fff","h3_11":"8b1e2e6b3985fff"},"geometry":{"type":"Polygon","coordinates":[[[19.924339,50.05347],[19.924435,50.053337],[19.924771,50.053433],[19.92511,50.053567],[19.925076,50.053613],[19.925044,50.053598],[19.925013,50.053634],[19.925024,50.05366],[19.924996,50.053692],[19.924794,50.053612],[19.924802,50.053603],[19.924765,50.053586],[19.924748,50.053598],[19.924601,50.053547],[19.924611,50.053532],[19.924563,50.053519],[19.924555,50.053536],[19.924339,50.05347]]]}},{"type":"Feature","id":"w692459264","properties":{"type":"apartments","residential":true,"residents_est":26,"h3_10":"8a1e2e6b39affff","h3_11":"8b1e2e6b39aefff"},"geometry":{"type":"Polygon","coordinates":[[[19.924419,50.054009],[19.924503,50.05389],[19.924544,50.053906],[19.924536,50.053919],[19.92456,50.053924],[19.924569,50.053911],[19.924582,50.053916],[19.924589,50.053907],[19.924578,50.053903],[19.92461,50.053854],[19.924635,50.053858],[19.924657,50.053827],[19.924632,50.053821],[19.924661,50.05378],[19.924627,50.05377],[19.924695,50.053669],[19.924919,50.053733],[19.924886,50.053783],[19.924781,50.053753],[19.92475,50.053801],[19.924852,50.053832],[19.924717,50.054023],[19.924811,50.05405],[19.924768,50.054109],[19.924419,50.054009]]]}},{"type":"Feature","id":"w692459265","properties":{"type":"apartments","address":"Tadeusza Kościuszki 26","name":"Vistula Boutique Apartments","residential":true,"residents_est":7,"h3_10":"8a1e2e6b39a7fff","h3_11":"8b1e2e6b39a3fff"},"geometry":{"type":"Polygon","coordinates":[[[19.924297,50.053974],[19.92441,50.053811],[19.924533,50.053846],[19.924419,50.054009],[19.924297,50.053974]]]}},{"type":"Feature","id":"w692459266","properties":{"type":"apartments","address":"Tadeusza Kościuszki 28","residential":true,"residents_est":11,"h3_10":"8a1e2e6b39a7fff","h3_11":"8b1e2e6b39a3fff"},"geometry":{"type":"Polygon","coordinates":[[[19.924073,50.053905],[19.924176,50.053758],[19.924326,50.053801],[19.924314,50.053819],[19.924345,50.053828],[19.924358,50.053807],[19.924401,50.053822],[19.924297,50.053974],[19.924214,50.05395],[19.924226,50.053934],[19.924203,50.053927],[19.924195,50.053939],[19.924147,50.053925],[19.924157,50.053911],[19.924134,50.053904],[19.924125,50.053917],[19.924073,50.053905]]]}},{"type":"Feature","id":"w692459267","properties":{"type":"yes","residential":false,"residents_est":0,"h3_10":"8a1e2e6b3987fff","h3_11":"8b1e2e6b3986fff"},"geometry":{"type":"Polygon","coordinates":[[[19.923637,50.053235],[19.923656,50.053213],[19.923678,50.053206],[19.923737,50.053223],[19.923713,50.053254],[19.923637,50.053235]]]}},{"type":"Feature","id":"w692459269","properties":{"type":"yes","residential":true,"residents_est":0,"h3_10":"8a1e2e6b39b7fff","h3_11":"8b1e2e6b39b1fff"},"geometry":{"type":"Polygon","coordinates":[[[19.923423,50.053524],[19.923483,50.053454],[19.92355,50.053478],[19.923491,50.053548],[19.923423,50.053524]]]}},{"type":"Feature","id":"w692459270","properties":{"type":"yes","residential":true,"residents_est":0,"h3_10":"8a1e2e6b39b7fff","h3_11":"8b1e2e6b39b1fff"},"geometry":{"type":"Polygon","coordinates":[[[19.923375,50.053589],[19.923423,50.053524],[19.923491,50.053548],[19.923444,50.053612],[19.923375,50.053589]]]}},{"type":"Feature","id":"w692461080","properties":{"type":"yes","address":"Jaskółcza 3","residential":false,"residents_est":0,"h3_10":"8a1e2e6b39b7fff","h3_11":"8b1e2e6b39b1fff"},"geometry":{"type":"Polygon","coordinates":[[[19.922968,50.05351],[19.923005,50.053458],[19.923047,50.053471],[19.92301,50.053522],[19.922968,50.05351]]]}},{"type":"Feature","id":"w692826369","properties":{"type":"hotel","residential":false,"residents_est":0,"h3_10":"8a1e2e6b392ffff","h3_11":"8b1e2e6b392cfff"},"geometry":{"type":"Polygon","coordinates":[[[19.927671,50.057056],[19.927865,50.056995],[19.927899,50.056784],[19.928013,50.056709],[19.928168,50.056804],[19.928084,50.056868],[19.928074,50.057079],[19.927757,50.057176],[19.927671,50.057056]]]}},{"type":"Feature","id":"w692826370","properties":{"type":"house","address":"Plac Juliusza Kossaka 4","residential":true,"residents_est":4,"h3_10":"8a1e2e6b3927fff","h3_11":"8b1e2e6b3921fff"},"geometry":{"type":"Polygon","coordinates":[[[19.92721,50.056763],[19.927313,50.056664],[19.927324,50.056665],[19.927339,50.056649],[19.927448,50.056694],[19.927439,50.056701],[19.92754,50.056746],[19.927484,50.056799],[19.927448,50.056785],[19.927424,50.056808],[19.927412,50.056807],[19.927404,50.056816],[19.927439,50.056832],[19.927393,50.056872],[19.927317,50.056844],[19.927331,50.056834],[19.927294,50.056819],[19.927321,50.056795],[19.927302,50.056787],[19.927288,50.056799],[19.92721,50.056763]]]}},{"type":"Feature","id":"w692826379","properties":{"type":"yes","levels":1.0,"residential":true,"residents_est":0,"h3_10":"8a1e2e6b392ffff","h3_11":"8b1e2e6b392afff"},"geometry":{"type":"Polygon","coordinates":[[[19.928072,50.056027],[19.92818,50.055955],[19.928251,50.055998],[19.928196,50.056035],[19.92818,50.056025],[19.928127,50.056061],[19.928072,50.056027]]]}},{"type":"Feature","id":"w692826381","properties":{"type":"yes","residential":false,"residents_est":0,"h3_10":"8a1e2e6b3907fff","h3_11":"8b1e2e6b3902fff"},"geometry":{"type":"Polygon","coordinates":[[[19.926557,50.0552],[19.926587,50.055172],[19.926674,50.055209],[19.926644,50.055235],[19.926557,50.0552]]]}},{"type":"Feature","id":"w692830474","properties":{"type":"yes","residential":true,"residents_est":0,"h3_10":"8a1e2e6b3947fff","h3_11":"8b1e2e6b3944fff"},"geometry":{"type":"Polygon","coordinates":[[[19.931228,50.056251],[19.931304,50.056142],[19.931369,50.056161],[19.931297,50.056266],[19.931228,50.056251]]]}},{"type":"Feature","id":"w692830475","properties":{"type":"yes","residential":true,"residents_est":10,"h3_10":"8a1e2e6b3967fff","h3_11":"8b1e2e6b3963fff"},"geometry":{"type":"Polygon","coordinates":[[[19.931177,50.056439],[19.931254,50.056339],[19.931269,50.056344],[19.931277,50.056334],[19.931559,50.056425],[19.931574,50.056404],[19.931581,50.056407],[19.931575,50.056414],[19.931645,50.056436],[19.931651,50.056428],[19.931658,50.05643],[19.931655,50.056434],[19.931764,50.056499],[19.931783,50.056487],[19.931832,50.056555],[19.931733,50.056625],[19.931603,50.056584],[19.931549,50.056571],[19.93154,50.056581],[19.93146,50.056555],[19.931469,50.056542],[19.93139,50.056517],[19.931396,50.056508],[19.931369,50.0565],[19.931353,50.056505],[19.931187,50.056451],[19.931192,50.056444],[19.931177,50.056439]]]}},{"type":"Feature","id":"w692830476","properties":{"type":"yes","residential":true,"residents_est":1,"h3_10":"8a1e2e6b3967fff","h3_11":"8b1e2e6b3964fff"},"geometry":{"type":"Polygon","coordinates":[[[19.930625,50.057263],[19.930871,50.057161],[19.930938,50.057189],[19.930667,50.057304],[19.930625,50.057263]]]}},{"type":"Feature","id":"w692830477","properties":{"type":"yes","residential":false,"residents_est":0,"h3_10":"8a1e2e6b3977fff","h3_11":"8b1e2e6b3974fff"},"geometry":{"type":"Polygon","coordinates":[[[19.929979,50.056435],[19.930042,50.056434],[19.930044,50.056478],[19.92998,50.056481],[19.929979,50.056435]]]}},{"type":"Feature","id":"w692830479","properties":{"type":"yes","address":"Plac Na Groblach 2","residential":false,"residents_est":0,"h3_10":"8a1e2e6b3947fff","h3_11":"8b1e2e6b3944fff"},"geometry":{"type":"Polygon","coordinates":[[[19.931628,50.055895],[19.931651,50.055888],[19.931647,50.055883],[19.931709,50.055863],[19.931731,50.055891],[19.931644,50.055915],[19.931628,50.055895]]]}},{"type":"Feature","id":"w692830480","properties":{"type":"yes","residential":true,"residents_est":0,"h3_10":"8a1e2e6b3947fff","h3_11":"8b1e2e6b3940fff"},"geometry":{"type":"Polygon","coordinates":[[[19.931551,50.05576],[19.931589,50.055707],[19.93168,50.055826],[19.931637,50.05584],[19.931585,50.055772],[19.931564,50.055776],[19.931551,50.05576]]]}},{"type":"Feature","id":"w692835363","properties":{"type":"yes","residential":true,"residents_est":0,"h3_10":"8a1e2e6b394ffff","h3_11":"8b1e2e6b394dfff"},"geometry":{"type":"Polygon","coordinates":[[[19.933858,50.055876],[19.933953,50.055855],[19.933992,50.055934],[19.933903,50.055955],[19.933858,50.055876]]]}},{"type":"Feature","id":"w692835364","properties":{"type":"yes","residential":true,"residents_est":0,"h3_10":"8a1e2e6b394ffff","h3_11":"8b1e2e6b394dfff"},"geometry":{"type":"Polygon","coordinates":[[[19.933797,50.055797],[19.933898,50.055772],[19.933953,50.055855],[19.933898,50.055868],[19.933865,50.055813],[19.933815,50.055825],[19.933797,50.055797]]]}},{"type":"Feature","id":"r9631249","properties":{"type":"yes","levels":3.0,"address":"Floriana Straszewskiego 5","residential":true,"residents_est":8,"h3_10":"8a1e2e6b394ffff","h3_11":"8b1e2e6b394dfff"},"geometry":{"type":"Polygon","coordinates":[[[19.933732,50.055564],[19.933808,50.055538],[19.933864,50.055605],[19.933991,50.055572],[19.934156,50.055657],[19.934323,50.055783],[19.934445,50.055809],[19.934385,50.05594],[19.933953,50.055855],[19.933898,50.055772],[19.933732,50.055564]],[[19.933945,50.055728],[19.933959,50.055748],[19.933976,50.055745],[19.934026,50.055808],[19.93413,50.05583],[19.934123,50.055851],[19.934156,50.055851],[19.934153,50.055866],[19.934182,50.055869],[19.934232,50.055762],[19.934202,50.05576],[19.934112,50.055674],[19.933945,50.055728]]]}},{"type":"Feature","id":"w692836127","properties":{"type":"yes","residential":false,"residents_est":0,"h3_10":"8a1e2e6b385ffff","h3_11":"8b1e2e6b385dfff"},"geometry":{"type":"Polygon","coordinates":[[[19.934804,50.052212],[19.934863,50.052149],[19.935032,50.052214],[19.934973,50.052278],[19.934804,50.052212]]]}},{"type":"Feature","id":"w702120323","properties":{"type":"boat","address":"Bulwar Czerwieński 1","name":"Restauracja Wiślany Ogród & Statek Sobieski","residential":false,"residents_est":0,"h3_10":"8a1e2e6b3957fff","h3_11":"8b1e2e6b3956fff"},"geometry":{"type":"Polygon","coordinates":[[[19.929411,50.054937],[19.929433,50.05487],[19.929883,50.05493],[19.929864,50.054988],[19.929625,50.054956],[19.929622,50.054965],[19.929411,50.054937]]]}},{"type":"Feature","id":"w702120324","properties":{"type":"boat","residential":false,"residents_est":0,"h3_10":"8a1e2e6b390ffff","h3_11":"8b1e2e6b390bfff"},"geometry":{"type":"Polygon","coordinates":[[[19.928652,50.054755],[19.928699,50.054666],[19.929204,50.054791],[19.929157,50.054875],[19.928652,50.054755]]]}},{"type":"Feature","id":"w702853262","properties":{"type":"yes","residential":true,"residents_est":20,"h3_10":"8a1e2e6b38d7fff","h3_11":"8b1e2e6b38d6fff"},"geometry":{"type":"Polygon","coordinates":[[[19.929421,50.050201],[19.92952,50.050141],[19.929556,50.050166],[19.929574,50.050155],[19.929538,50.05013],[19.929603,50.050091],[19.929619,50.050103],[19.929654,50.050082],[19.929591,50.050039],[19.929546,50.050037],[19.929514,50.050015],[19.929538,50.05],[19.929604,50.049896],[19.929651,50.049867],[19.929691,50.049814],[19.929658,50.049777],[19.929502,50.049766],[19.929458,50.049736],[19.929465,50.049697],[19.92944,50.049695],[19.929445,50.049662],[19.92947,50.049664],[19.929476,50.049631],[19.930017,50.049668],[19.929959,50.04976],[19.929925,50.049757],[19.92992,50.049788],[19.929944,50.04979],[19.929917,50.049826],[19.929894,50.04982],[19.929877,50.049846],[19.929901,50.049853],[19.92988,50.049884],[19.929857,50.049878],[19.929816,50.049943],[19.929839,50.049949],[19.929746,50.050032],[19.929706,50.050056],[19.929773,50.050102],[19.929797,50.050088],[19.929806,50.050089],[19.929858,50.050125],[19.929745,50.050192],[19.929567,50.05028],[19.929491,50.050274],[19.929421,50.050201]]]}},{"type":"Feature","id":"w718787959","properties":{"type":"yes","residential":false,"residents_est":0,"h3_10":"8a1e2e6b39b7fff","h3_11":"8b1e2e6b39b2fff"},"geometry":{"type":"Polygon","coordinates":[[[19.922215,50.053004],[19.922262,50.052891],[19.922293,50.052896],[19.922248,50.053009],[19.922215,50.053004]]]}},{"type":"Feature","id":"w718787960","properties":{"type":"yes","residential":true,"residents_est":5,"h3_10":"8a1e2e6b39b7fff","h3_11":"8b1e2e6b39b2fff"},"geometry":{"type":"Polygon","coordinates":[[[19.922248,50.053009],[19.922293,50.052896],[19.922671,50.052959],[19.922585,50.053101],[19.922507,50.053075],[19.922521,50.053055],[19.922248,50.053009]]]}},{"type":"Feature","id":"w718787961","properties":{"type":"yes","residential":false,"residents_est":0,"h3_10":"8a1e2e6b39b7fff","h3_11":"8b1e2e6b39b0fff"},"geometry":{"type":"Polygon","coordinates":[[[19.922379,50.053336],[19.92242,50.05328],[19.922462,50.053292],[19.922424,50.053349],[19.922379,50.053336]]]}},{"type":"Feature","id":"w718787962","properties":{"type":"yes","residential":false,"residents_est":0,"h3_10":"8a1e2e6b39b7fff","h3_11":"8b1e2e6b39b0fff"},"geometry":{"type":"Polygon","coordinates":[[[19.922613,50.053481],[19.922659,50.053414],[19.922697,50.053425],[19.92265,50.053491],[19.922613,50.053481]]]}},{"type":"Feature","id":"w759983883","properties":{"type":"kiosk","residential":false,"residents_est":0,"h3_10":"8a1e2e6b392ffff","h3_11":"8b1e2e6b3929fff"},"geometry":{"type":"Polygon","coordinates":[[[19.928902,50.05634],[19.928946,50.056317],[19.929033,50.056387],[19.928989,50.05641],[19.928902,50.05634]]]}},{"type":"Feature","id":"w830132629","properties":{"type":"retail","levels":1.0,"address":"Marii Konopnickiej 1","residential":false,"residents_est":0,"h3_10":"8a1e2e6b3807fff","h3_11":"8b1e2e6b3804fff"},"geometry":{"type":"Polygon","coordinates":[[[19.92876,50.053306],[19.928785,50.053276],[19.928836,50.053294],[19.928811,50.053324],[19.92876,50.053306]]]}},{"type":"Feature","id":"w830135652","properties":{"type":"retail","levels":1.0,"residential":false,"residents_est":0,"h3_10":"8a1e2e6b391ffff","h3_11":"8b1e2e6b391dfff"},"geometry":{"type":"Polygon","coordinates":[[[19.927094,50.054799],[19.927127,50.054766],[19.927224,50.054805],[19.927191,50.054838],[19.927094,50.054799]]]}},{"type":"Feature","id":"w927834219","properties":{"type":"presbytery","address":"Konfederacka 6","residential":false,"residents_est":0,"h3_10":"8a1e2e6b3887fff","h3_11":"8b1e2e6b3883fff"},"geometry":{"type":"Polygon","coordinates":[[[19.926882,50.050001],[19.927036,50.049911],[19.926959,50.049862],[19.926994,50.049838],[19.927231,50.049981],[19.927064,50.05008],[19.92708,50.050091],[19.927127,50.050063],[19.927156,50.050083],[19.927028,50.05016],[19.927052,50.050177],[19.927045,50.050181],[19.927039,50.050177],[19.927016,50.050191],[19.927022,50.050195],[19.927008,50.050195],[19.926986,50.050208],[19.926992,50.050212],[19.926983,50.050218],[19.926976,50.050213],[19.926945,50.050231],[19.926884,50.050189],[19.927017,50.05011],[19.926882,50.050001]]]}},{"type":"Feature","id":"w940950518","properties":{"type":"yes","residential":true,"residents_est":5,"h3_10":"8a1e2e6b3887fff","h3_11":"8b1e2e6b3881fff"},"geometry":{"type":"Polygon","coordinates":[[[19.927114,50.050436],[19.927354,50.050296],[19.92748,50.050384],[19.92724,50.050525],[19.927114,50.050436]]]}},{"type":"Feature","id":"w948051516","properties":{"type":"apartments","residential":true,"residents_est":63,"h3_10":"8a1e2e6b3817fff","h3_11":"8b1e2e6b3816fff"},"geometry":{"type":"Polygon","coordinates":[[[19.926658,50.052345],[19.926755,50.052254],[19.926903,50.052286],[19.926908,50.052272],[19.926859,50.052248],[19.926866,50.052239],[19.926933,50.052254],[19.926959,50.052195],[19.927038,50.052193],[19.927035,50.052278],[19.927557,50.052619],[19.927616,50.052579],[19.927797,50.052706],[19.927725,50.052751],[19.927765,50.052777],[19.927637,50.052854],[19.927414,50.05273],[19.926658,50.052345]]]}},{"type":"Feature","id":"w948051517","properties":{"type":"yes","residential":false,"residents_est":0,"h3_10":"8a1e2e6b3817fff","h3_11":"8b1e2e6b3816fff"},"geometry":{"type":"Polygon","coordinates":[[[19.926959,50.052195],[19.92698,50.052145],[19.92704,50.052146],[19.927038,50.052193],[19.926959,50.052195]]]}},{"type":"Feature","id":"w972005228","properties":{"type":"yes","residential":true,"residents_est":1,"h3_10":"8a1e2e6b3887fff","h3_11":"8b1e2e6b3884fff"},"geometry":{"type":"Polygon","coordinates":[[[19.926206,50.050953],[19.926326,50.050938],[19.926374,50.051046],[19.926256,50.051068],[19.926206,50.050953]]]}},{"type":"Feature","id":"w1039863501","properties":{"type":"toilets","residential":false,"residents_est":0,"h3_10":"8a1e2e6b390ffff","h3_11":"8b1e2e6b390dfff"},"geometry":{"type":"Polygon","coordinates":[[[19.928976,50.055543],[19.928981,50.055473],[19.929094,50.055476],[19.92909,50.055546],[19.928976,50.055543]]]}},{"type":"Feature","id":"w1091082760","properties":{"type":"yes","levels":2.0,"residential":true,"residents_est":1,"h3_10":"8a1e2e6b3887fff","h3_11":"8b1e2e6b3882fff"},"geometry":{"type":"Polygon","coordinates":[[[19.926573,50.050055],[19.926634,50.050003],[19.926753,50.050101],[19.926753,50.050111],[19.926687,50.050149],[19.926573,50.050055]]]}},{"type":"Feature","id":"w1091082761","properties":{"type":"yes","levels":2.0,"address":"Konfederacka 4","residential":true,"residents_est":1,"h3_10":"8a1e2e6b389ffff","h3_11":"8b1e2e6b389cfff"},"geometry":{"type":"Polygon","coordinates":[[[19.926451,50.049954],[19.926579,50.049866],[19.926704,50.049967],[19.926634,50.050003],[19.926573,50.050055],[19.926451,50.049954]]]}},{"type":"Feature","id":"w1091082762","properties":{"type":"yes","residential":true,"residents_est":1,"h3_10":"8a1e2e6b389ffff","h3_11":"8b1e2e6b389cfff"},"geometry":{"type":"Polygon","coordinates":[[[19.926687,50.049917],[19.926741,50.049888],[19.926908,50.050023],[19.926838,50.050057],[19.926797,50.050023],[19.92681,50.050016],[19.926687,50.049917]]]}},{"type":"Feature","id":"w1181121673","properties":{"type":"boat","residential":false,"residents_est":0,"h3_10":"8a1e2e6b3957fff","h3_11":"8b1e2e6b3950fff"},"geometry":{"type":"Polygon","coordinates":[[[19.930418,50.054946],[19.930435,50.05493],[19.930455,50.054925],[19.930807,50.054909],[19.930814,50.054942],[19.93081,50.054953],[19.930461,50.05497],[19.930427,50.054961],[19.930418,50.054946]]]}},{"type":"Feature","id":"w1181121674","properties":{"type":"boat","residential":false,"residents_est":0,"h3_10":"8a1e2e6b395ffff","h3_11":"8b1e2e6b395cfff"},"geometry":{"type":"Polygon","coordinates":[[[19.931498,50.054767],[19.931994,50.054552],[19.932046,50.054605],[19.931546,50.054813],[19.931498,50.054767]]]}},{"type":"Feature","id":"w1303083896","properties":{"type":"roof","levels":1.0,"residential":false,"residents_est":0,"h3_10":"8a1e2e6b3907fff","h3_11":"8b1e2e6b3901fff"},"geometry":{"type":"Polygon","coordinates":[[[19.927389,50.055933],[19.927482,50.055738],[19.927555,50.055696],[19.92759,50.055714],[19.927462,50.055816],[19.927405,50.055937],[19.927389,50.055933]]]}},{"type":"Feature","id":"w1546132135","properties":{"type":"yes","name":"U Szwagra","residential":false,"residents_est":0,"h3_10":"8a1e2e6b392ffff","h3_11":"8b1e2e6b392bfff"},"geometry":{"type":"Polygon","coordinates":[[[19.928525,50.056069],[19.928584,50.056036],[19.928658,50.05609],[19.928598,50.056121],[19.928525,50.056069]]]}},{"type":"Feature","id":"w1552983218","properties":{"type":"yes","residential":false,"residents_est":0,"h3_10":"8a1e2e6b3947fff","h3_11":"8b1e2e6b3945fff"},"geometry":{"type":"Polygon","coordinates":[[[19.932213,50.056209],[19.932268,50.05619],[19.932312,50.056245],[19.932258,50.056264],[19.932213,50.056209]]]}},{"type":"Feature","id":"w1552983242","properties":{"type":"yes","residential":false,"residents_est":0,"h3_10":"8a1e2e6b3947fff","h3_11":"8b1e2e6b3943fff"},"geometry":{"type":"Polygon","coordinates":[[[19.932297,50.05543],[19.932341,50.055415],[19.932378,50.05546],[19.932335,50.055475],[19.932297,50.05543]]]}},{"type":"Feature","id":"w1552983253","properties":{"type":"yes","residential":false,"residents_est":0,"h3_10":"8a1e2e6b396ffff","h3_11":"8b1e2e6b396afff"},"geometry":{"type":"Polygon","coordinates":[[[19.932993,50.055912],[19.933047,50.055893],[19.933091,50.055946],[19.933037,50.055964],[19.932993,50.055912]]]}},{"type":"Feature","id":"w1552983254","properties":{"type":"yes","residential":false,"residents_est":0,"h3_10":"8a1e2e6b3947fff","h3_11":"8b1e2e6b3940fff"},"geometry":{"type":"Polygon","coordinates":[[[19.931926,50.05573],[19.931927,50.055675],[19.931983,50.055676],[19.931982,50.055731],[19.931926,50.05573]]]}}]}