{"type":"FeatureCollection","features":[{"type":"Feature","id":"w29321144","properties":{"type":"retail","levels":1.0,"address":"Powstańców 28","residential":false,"residents_est":0,"h3_10":"8a1e2e6a62cffff","h3_11":"8b1e2e6a62c8fff"},"geometry":{"type":"Polygon","coordinates":[[[19.966115,50.093909],[19.96641,50.093624],[19.966836,50.093806],[19.96654,50.094091],[19.966115,50.093909]]]}},{"type":"Feature","id":"w80316760","properties":{"type":"retail","levels":1.0,"residential":false,"residents_est":0,"h3_10":"8a1e2e6a6237fff","h3_11":"8b1e2e6a6236fff"},"geometry":{"type":"Polygon","coordinates":[[[19.95983,50.097353],[19.96027,50.09735],[19.96028,50.097512],[19.959842,50.097524],[19.95983,50.097353]]]}},{"type":"Feature","id":"w80316761","properties":{"type":"residential","address":"Kuźnicy Kołłątajowskiej 15","residential":true,"residents_est":92,"h3_10":"8a1e2e6a63a7fff","h3_11":"8b1e2e6a63a1fff"},"geometry":{"type":"Polygon","coordinates":[[[19.957617,50.097809],[19.95763,50.097809],[19.957622,50.097669],[19.957697,50.097658],[19.957796,50.097664],[19.957806,50.097814],[19.95785,50.097813],[19.957849,50.097804],[19.957955,50.097801],[19.957956,50.09781],[19.958055,50.097808],[19.958054,50.097799],[19.95816,50.097796],[19.958161,50.097805],[19.958204,50.097804],[19.958195,50.097662],[19.9583,50.097643],[19.958369,50.097652],[19.958378,50.097791],[19.95839,50.097792],[19.958393,50.097849],[19.958367,50.097849],[19.958371,50.097905],[19.958328,50.09791],[19.958253,50.097916],[19.958213,50.097907],[19.957808,50.097917],[19.95777,50.097927],[19.957651,50.097923],[19.957648,50.097867],[19.957621,50.097867],[19.957617,50.097809]]]}},{"type":"Feature","id":"w80316766","properties":{"type":"yes","address":"Kuźnicy Kołłątajowskiej 14","residential":true,"residents_est":2,"h3_10":"8a1e2e6a6307fff","h3_11":"8b1e2e6a6302fff"},"geometry":{"type":"Polygon","coordinates":[[[19.959437,50.099056],[19.959602,50.099056],[19.959602,50.099145],[19.959437,50.099146],[19.959437,50.099056]]]}},{"type":"Feature","id":"w80316772","properties":{"type":"apartments","levels":6.0,"address":"Kuźnicy Kołłątajowskiej 17I","residential":true,"residents_est":85,"h3_10":"8a1e2e6a63b7fff","h3_11":"8b1e2e6a63b4fff"},"geometry":{"type":"Polygon","coordinates":[[[19.955013,50.097325],[19.955166,50.097321],[19.955167,50.097339],[19.95531,50.097335],[19.955435,50.097331],[19.955434,50.097315],[19.95567,50.097306],[19.955681,50.097433],[19.955604,50.097436],[19.955605,50.097454],[19.955531,50.097457],[19.955529,50.097429],[19.955443,50.097432],[19.955444,50.097446],[19.955229,50.097454],[19.955227,50.097437],[19.955149,50.09744],[19.955151,50.097469],[19.955026,50.097474],[19.955013,50.097325]]]}},{"type":"Feature","id":"w80316776","properties":{"type":"residential","address":"Kuźnicy Kołłątajowskiej 15C","residential":true,"residents_est":104,"h3_10":"8a1e2e6a63a7fff","h3_11":"8b1e2e6a63a0fff"},"geometry":{"type":"Polygon","coordinates":[[[19.956356,50.097881],[19.956366,50.09788],[19.956358,50.097766],[19.95644,50.09775],[19.95653,50.097759],[19.956542,50.097882],[19.956584,50.09788],[19.956583,50.097871],[19.956689,50.097867],[19.956691,50.097877],[19.956785,50.097873],[19.956784,50.097864],[19.956891,50.09786],[19.956892,50.097869],[19.95699,50.097865],[19.956989,50.097857],[19.957095,50.097853],[19.957097,50.097862],[19.957141,50.09786],[19.957128,50.097716],[19.957239,50.097704],[19.957302,50.09771],[19.957313,50.097846],[19.957325,50.097845],[19.95733,50.097903],[19.957304,50.097904],[19.957309,50.09796],[19.957191,50.097972],[19.95719,50.097962],[19.956508,50.097986],[19.956509,50.097996],[19.956389,50.097993],[19.956385,50.097937],[19.95636,50.097938],[19.956356,50.097881]]]}},{"type":"Feature","id":"w80316779","properties":{"type":"residential","levels":4.0,"address":"Kuźnicy Kołłątajowskiej 6B","residential":true,"residents_est":56,"h3_10":"8a1e2e6a6327fff","h3_11":"8b1e2e6a6321fff"},"geometry":{"type":"Polygon","coordinates":[[[19.960365,50.10025],[19.960379,50.100252],[19.960374,50.100179],[19.960462,50.100176],[19.960462,50.100183],[19.960497,50.100182],[19.960496,50.100175],[19.960586,50.100172],[19.960591,50.100244],[19.96057,50.100245],[19.960579,50.100361],[19.960609,50.100361],[19.960614,50.10042],[19.960584,50.100421],[19.960589,50.100497],[19.960612,50.100496],[19.960617,50.100554],[19.960594,50.100555],[19.960597,50.100597],[19.960417,50.100602],[19.960413,50.100547],[19.960387,50.100549],[19.960385,50.100522],[19.96042,50.100523],[19.960411,50.100408],[19.960377,50.100411],[19.960375,50.100385],[19.96041,50.100386],[19.960401,50.100274],[19.960367,50.100277],[19.960365,50.10025]]]}},{"type":"Feature","id":"w80316780","properties":{"type":"yes","address":"Kuźnicy Kołłątajowskiej 23F","residential":true,"residents_est":19,"h3_10":"8a1e2e6a6387fff","h3_11":"8b1e2e6a6380fff"},"geometry":{"type":"Polygon","coordinates":[[[19.957125,50.096936],[19.957129,50.096891],[19.957144,50.096891],[19.957146,50.096867],[19.957229,50.096871],[19.957231,50.096861],[19.957261,50.096862],[19.957322,50.096865],[19.957321,50.096873],[19.957406,50.096876],[19.957381,50.097143],[19.957329,50.097141],[19.957327,50.09715],[19.957257,50.097147],[19.957258,50.097139],[19.95722,50.097137],[19.957224,50.097104],[19.957209,50.097103],[19.957216,50.097036],[19.957229,50.097036],[19.957235,50.096973],[19.957137,50.09697],[19.95714,50.096937],[19.957125,50.096936]]]}},{"type":"Feature","id":"w80316781","properties":{"type":"yes","address":"Kuźnicy Kołłątajowskiej 23Z","residential":true,"residents_est":0,"h3_10":"8a1e2e6a6397fff","h3_11":"8b1e2e6a6395fff"},"geometry":{"type":"Polygon","coordinates":[[[19.956285,50.096698],[19.956426,50.096693],[19.956437,50.096751],[19.956304,50.096762],[19.956285,50.096698]]]}},{"type":"Feature","id":"w80316782","properties":{"type":"yes","address":"Kuźnicy Kołłątajowskiej 23G","residential":true,"residents_est":36,"h3_10":"8a1e2e6a6387fff","h3_11":"8b1e2e6a6384fff"},"geometry":{"type":"Polygon","coordinates":[[[19.956703,50.097038],[19.956708,50.096981],[19.95673,50.096982],[19.956734,50.096948],[19.956748,50.096949],[19.956761,50.096839],[19.956935,50.096848],[19.956921,50.096961],[19.956893,50.096959],[19.956891,50.097009],[19.956883,50.09701],[19.956901,50.097111],[19.956915,50.09711],[19.956922,50.097143],[19.956936,50.097142],[19.956951,50.097208],[19.956937,50.09721],[19.956944,50.097243],[19.95693,50.097245],[19.956937,50.097274],[19.957033,50.097265],[19.95704,50.097298],[19.957055,50.097297],[19.957065,50.097342],[19.957051,50.097343],[19.957056,50.097368],[19.956972,50.097375],[19.956974,50.097384],[19.956884,50.097392],[19.956882,50.097383],[19.956798,50.097391],[19.95677,50.097255],[19.956781,50.097254],[19.956755,50.097127],[19.95674,50.097128],[19.956733,50.097095],[19.956714,50.097097],[19.956703,50.097038]]]}},{"type":"Feature","id":"w80316786","properties":{"type":"residential","address":"Kuźnicy Kołłątajowskiej 15A","residential":true,"residents_est":39,"h3_10":"8a1e2e6a6317fff","h3_11":"8b1e2e6a6313fff"},"geometry":{"type":"Polygon","coordinates":[[[19.958626,50.098205],[19.95864,50.098113],[19.959256,50.09815],[19.959243,50.098241],[19.958626,50.098205]]]}},{"type":"Feature","id":"w80316787","properties":{"type":"residential","address":"Kuźnicy Kołłątajowskiej 15B","residential":true,"residents_est":27,"h3_10":"8a1e2e6a6317fff","h3_11":"8b1e2e6a6312fff"},"geometry":{"type":"Polygon","coordinates":[[[19.958082,50.098196],[19.958089,50.098153],[19.958117,50.098154],[19.958121,50.098125],[19.958544,50.09815],[19.958531,50.098241],[19.958207,50.098222],[19.958207,50.098217],[19.958121,50.098211],[19.958123,50.098199],[19.958082,50.098196]]]}},{"type":"Feature","id":"w80316790","properties":{"type":"yes","address":"Kuźnicy Kołłątajowskiej 23H","residential":true,"residents_est":26,"h3_10":"8a1e2e6a6387fff","h3_11":"8b1e2e6a6380fff"},"geometry":{"type":"Polygon","coordinates":[[[19.957566,50.096749],[19.957861,50.096729],[19.957876,50.096819],[19.957851,50.096821],[19.957869,50.096927],[19.957894,50.096925],[19.957908,50.097007],[19.957882,50.097009],[19.957891,50.097062],[19.957722,50.097074],[19.957716,50.097041],[19.957691,50.097042],[19.95767,50.096919],[19.957695,50.096917],[19.957681,50.096833],[19.957582,50.09684],[19.957566,50.096749]]]}},{"type":"Feature","id":"w80316794","properties":{"type":"outbuilding","levels":1.0,"residential":false,"residents_est":0,"h3_10":"8a1e2e6a6237fff","h3_11":"8b1e2e6a6230fff"},"geometry":{"type":"Polygon","coordinates":[[[19.960452,50.097195],[19.960703,50.097193],[19.960703,50.097223],[19.960756,50.097223],[19.960757,50.097284],[19.960453,50.097286],[19.960452,50.097195]]]}},{"type":"Feature","id":"w80316801","properties":{"type":"residential","levels":4.0,"address":"Kuźnicy Kołłątajowskiej 6","residential":true,"residents_est":58,"h3_10":"8a1e2e6a6307fff","h3_11":"8b1e2e6a6301fff"},"geometry":{"type":"Polygon","coordinates":[[[19.960281,50.099167],[19.960295,50.099168],[19.960289,50.099095],[19.960377,50.099093],[19.960378,50.0991],[19.960412,50.099098],[19.960412,50.099092],[19.960501,50.099089],[19.960507,50.099161],[19.960486,50.099161],[19.960495,50.099278],[19.960525,50.099277],[19.960529,50.099336],[19.960499,50.099337],[19.960508,50.099456],[19.960529,50.099455],[19.960534,50.099526],[19.960444,50.099529],[19.960444,50.099523],[19.960409,50.099524],[19.96041,50.09953],[19.96032,50.099533],[19.960314,50.099463],[19.960303,50.099465],[19.960301,50.099438],[19.960336,50.099439],[19.960327,50.099324],[19.960293,50.099327],[19.960291,50.099301],[19.960325,50.099302],[19.960317,50.09919],[19.960283,50.099193],[19.960281,50.099167]]]}},{"type":"Feature","id":"w80316802","properties":{"type":"residential","levels":5.0,"address":"Kuźnicy Kołłątajowskiej 2","residential":true,"residents_est":138,"h3_10":"8a1e2e6a631ffff","h3_11":"8b1e2e6a6319fff"},"geometry":{"type":"Polygon","coordinates":[[[19.960126,50.098168],[19.960807,50.098163],[19.960807,50.098135],[19.961498,50.09813],[19.9615,50.098242],[19.96141,50.098242],[19.96141,50.098261],[19.961389,50.09827],[19.961365,50.098261],[19.961364,50.098243],[19.961182,50.098244],[19.961183,50.098264],[19.961167,50.098273],[19.96114,50.098268],[19.961137,50.098244],[19.960956,50.098246],[19.960957,50.098267],[19.96094,50.098276],[19.960914,50.098271],[19.960911,50.098246],[19.960809,50.098247],[19.960809,50.098275],[19.960725,50.098275],[19.960725,50.098293],[19.960709,50.098302],[19.960679,50.098294],[19.960679,50.098275],[19.960496,50.098277],[19.960496,50.098296],[19.96048,50.098305],[19.960454,50.0983],[19.960451,50.098277],[19.960268,50.098279],[19.960268,50.098297],[19.960241,50.098306],[19.960222,50.098297],[19.960222,50.098279],[19.960128,50.09828],[19.960126,50.098168]]]}},{"type":"Feature","id":"w80316803","properties":{"type":"yes","address":"Kuźnicy Kołłątajowskiej 23E","residential":true,"residents_est":18,"h3_10":"8a1e2e6a63a7fff","h3_11":"8b1e2e6a63a3fff"},"geometry":{"type":"Polygon","coordinates":[[[19.957222,50.097451],[19.957236,50.09745],[19.957231,50.097425],[19.957327,50.097417],[19.957321,50.097388],[19.957307,50.097389],[19.957283,50.097277],[19.957455,50.097262],[19.957507,50.097505],[19.957427,50.097512],[19.957428,50.097521],[19.957387,50.097525],[19.957338,50.097529],[19.957336,50.09752],[19.957253,50.097528],[19.957246,50.097495],[19.957232,50.097496],[19.957222,50.097451]]]}},{"type":"Feature","id":"w80316807","properties":{"type":"yes","residential":true,"residents_est":23,"h3_10":"8a1e2e6a638ffff","h3_11":"8b1e2e6a6389fff"},"geometry":{"type":"Polygon","coordinates":[[[19.959691,50.09669],[19.959709,50.096689],[19.959708,50.096616],[19.95981,50.096616],[19.95981,50.096597],[19.960064,50.096595],[19.960068,50.096789],[19.959813,50.096792],[19.959813,50.096781],[19.959693,50.096782],[19.959691,50.09669]]]}},{"type":"Feature","id":"w80316815","properties":{"type":"apartments","levels":6.0,"address":"Kuźnicy Kołłątajowskiej 17K","residential":true,"residents_est":87,"h3_10":"8a1e2e6a63b7fff","h3_11":"8b1e2e6a63b2fff"},"geometry":{"type":"Polygon","coordinates":[[[19.955328,50.096875],[19.955355,50.096874],[19.955343,50.096728],[19.955364,50.096728],[19.955363,50.096714],[19.955547,50.096707],[19.955549,50.096721],[19.95557,50.09672],[19.9556,50.097059],[19.955579,50.09706],[19.95558,50.097074],[19.955394,50.09708],[19.955393,50.097066],[19.955373,50.097067],[19.955359,50.096922],[19.955332,50.096923],[19.955328,50.096875]]]}},{"type":"Feature","id":"w80316817","properties":{"type":"retail","levels":1.0,"residential":false,"residents_est":0,"h3_10":"8a1e2e6a6237fff","h3_11":"8b1e2e6a6234fff"},"geometry":{"type":"Polygon","coordinates":[[[19.959872,50.097522],[19.960131,50.097516],[19.960142,50.097688],[19.959882,50.097689],[19.959872,50.097522]]]}},{"type":"Feature","id":"w80316818","properties":{"type":"residential","levels":5.0,"address":"Kuźnicy Kołłątajowskiej 4","residential":true,"residents_est":137,"h3_10":"8a1e2e6a631ffff","h3_11":"8b1e2e6a631dfff"},"geometry":{"type":"Polygon","coordinates":[[[19.96014,50.098671],[19.960821,50.098666],[19.960821,50.098638],[19.961512,50.098632],[19.961514,50.098744],[19.961424,50.098745],[19.961424,50.098763],[19.961403,50.098772],[19.961379,50.098763],[19.961378,50.098745],[19.961196,50.098746],[19.961197,50.098767],[19.961175,50.098776],[19.961151,50.098767],[19.961151,50.098747],[19.96097,50.098748],[19.96097,50.09877],[19.960949,50.098779],[19.960925,50.09877],[19.960925,50.098748],[19.960823,50.098749],[19.960823,50.098777],[19.960739,50.098778],[19.960739,50.098796],[19.960717,50.098805],[19.960693,50.098796],[19.960693,50.098778],[19.96051,50.098779],[19.96051,50.098799],[19.960489,50.098808],[19.960465,50.098799],[19.960465,50.09878],[19.960282,50.098781],[19.960279,50.098802],[19.960255,50.098808],[19.960236,50.0988],[19.960236,50.098781],[19.960142,50.098782],[19.96014,50.098671]]]}},{"type":"Feature","id":"w80316819","properties":{"type":"yes","levels":1.0,"residential":true,"residents_est":2,"h3_10":"8a1e2e6a63b7fff","h3_11":"8b1e2e6a63b4fff"},"geometry":{"type":"Polygon","coordinates":[[[19.955205,50.097716],[19.955372,50.097709],[19.955382,50.097844],[19.955216,50.097849],[19.955205,50.097716]]]}},{"type":"Feature","id":"w80316820","properties":{"type":"garage","residential":false,"residents_est":0,"h3_10":"8a1e2e6a631ffff","h3_11":"8b1e2e6a631cfff"},"geometry":{"type":"Polygon","coordinates":[[[19.959809,50.098711],[19.959894,50.09871],[19.959895,50.098802],[19.95981,50.098802],[19.959809,50.098711]]]}},{"type":"Feature","id":"w80316824","properties":{"type":"house","levels":1.0,"address":"Kuźnicy Kołłątajowskiej 11","residential":true,"residents_est":2,"h3_10":"8a1e2e6a631ffff","h3_11":"8b1e2e6a631bfff"},"geometry":{"type":"Polygon","coordinates":[[[19.960538,50.097793],[19.960677,50.097793],[19.96068,50.097889],[19.960541,50.097891],[19.960538,50.097793]]]}},{"type":"Feature","id":"w80316828","properties":{"type":"office","levels":2.0,"address":"Kuźnicy Kołłątajowskiej 11A","residential":false,"residents_est":0,"h3_10":"8a1e2e6a6237fff","h3_11":"8b1e2e6a6234fff"},"geometry":{"type":"Polygon","coordinates":[[[19.959878,50.097689],[19.960219,50.097688],[19.960222,50.097797],[19.959881,50.0978],[19.959878,50.097689]]]}},{"type":"Feature","id":"w80316829","properties":{"type":"retail","address":"Kuźnicy Kołłątajowskiej 5","residential":false,"residents_est":0,"h3_10":"8a1e2e6a6237fff","h3_11":"8b1e2e6a6233fff"},"geometry":{"type":"Polygon","coordinates":[[[19.960679,50.096837],[19.960845,50.096833],[19.960836,50.096635],[19.961452,50.096627],[19.961454,50.096668],[19.961478,50.096668],[19.96148,50.096726],[19.96146,50.096726],[19.96146,50.096744],[19.96131,50.096746],[19.961312,50.096783],[19.961505,50.096763],[19.961541,50.096906],[19.96127,50.096935],[19.96127,50.096948],[19.961286,50.096948],[19.961295,50.097141],[19.96086,50.097149],[19.960856,50.097057],[19.96069,50.097061],[19.960679,50.096837]]]}},{"type":"Feature","id":"w80316830","properties":{"type":"yes","residential":true,"residents_est":2,"h3_10":"8a1e2e6a6227fff","h3_11":"8b1e2e6a6226fff"},"geometry":{"type":"Polygon","coordinates":[[[19.961188,50.097812],[19.961354,50.097809],[19.961357,50.097868],[19.961191,50.097871],[19.961188,50.097812]]]}},{"type":"Feature","id":"w80316832","properties":{"type":"yes","address":"Kuźnicy Kołłątajowskiej 10","residential":true,"residents_est":2,"h3_10":"8a1e2e6a631ffff","h3_11":"8b1e2e6a631cfff"},"geometry":{"type":"Polygon","coordinates":[[[19.959733,50.098692],[19.959734,50.098568],[19.959844,50.098568],[19.959843,50.098692],[19.959733,50.098692]]]}},{"type":"Feature","id":"w80316835","properties":{"type":"residential","levels":4.0,"address":"Kuźnicy Kołłątajowskiej 6A","residential":true,"residents_est":58,"h3_10":"8a1e2e6a6307fff","h3_11":"8b1e2e6a6305fff"},"geometry":{"type":"Polygon","coordinates":[[[19.960326,50.099707],[19.96034,50.099709],[19.960335,50.099636],[19.960422,50.099633],[19.960423,50.09964],[19.960457,50.099639],[19.960457,50.099632],[19.960547,50.099629],[19.960552,50.099701],[19.960531,50.099702],[19.96054,50.099818],[19.96057,50.099818],[19.960575,50.099877],[19.960545,50.099878],[19.960553,50.099997],[19.960574,50.099996],[19.960579,50.100066],[19.96049,50.100069],[19.960489,50.100063],[19.960455,50.100065],[19.960455,50.10007],[19.960365,50.100073],[19.96036,50.100004],[19.960348,50.100006],[19.960346,50.099979],[19.960381,50.09998],[19.960372,50.099865],[19.960338,50.099868],[19.960336,50.099842],[19.960371,50.099843],[19.960362,50.099731],[19.960328,50.099734],[19.960326,50.099707]]]}},{"type":"Feature","id":"w80316836","properties":{"type":"retail","address":"Kuźnicy Kołłątajowskiej 13","residential":false,"residents_est":0,"h3_10":"8a1e2e6a63affff","h3_11":"8b1e2e6a63a8fff"},"geometry":{"type":"Polygon","coordinates":[[[19.959037,50.097777],[19.959038,50.097757],[19.959047,50.097757],[19.959048,50.097605],[19.959061,50.097605],[19.959063,50.097472],[19.95905,50.097472],[19.959051,50.097386],[19.959063,50.097387],[19.959064,50.097333],[19.959445,50.097335],[19.95944,50.097829],[19.959078,50.097827],[19.959078,50.097833],[19.959046,50.097833],[19.959046,50.097777],[19.959037,50.097777]]]}},{"type":"Feature","id":"w80316839","properties":{"type":"yes","address":"Kuźnicy Kołłątajowskiej 10A","residential":true,"residents_est":3,"h3_10":"8a1e2e6a6307fff","h3_11":"8b1e2e6a6302fff"},"geometry":{"type":"Polygon","coordinates":[[[19.959694,50.098986],[19.959838,50.098985],[19.95984,50.099096],[19.9597,50.099097],[19.959694,50.098986]]]}},{"type":"Feature","id":"w80316840","properties":{"type":"yes","residential":true,"residents_est":32,"h3_10":"8a1e2e6a6237fff","h3_11":"8b1e2e6a6232fff"},"geometry":{"type":"Polygon","coordinates":[[[19.960161,50.096562],[19.960384,50.096557],[19.960413,50.096967],[19.960186,50.096975],[19.960161,50.096562]]]}},{"type":"Feature","id":"w80316845","properties":{"type":"yes","residential":true,"residents_est":13,"h3_10":"8a1e2e6a63affff","h3_11":"8b1e2e6a63a9fff"},"geometry":{"type":"Polygon","coordinates":[[[19.959678,50.097355],[19.959819,50.097355],[19.959823,50.097624],[19.959682,50.097625],[19.959678,50.097355]]]}},{"type":"Feature","id":"w80316846","properties":{"type":"yes","residential":true,"residents_est":21,"h3_10":"8a1e2e6a6237fff","h3_11":"8b1e2e6a6232fff"},"geometry":{"type":"Polygon","coordinates":[[[19.959813,50.096792],[19.96009,50.096789],[19.960094,50.097015],[19.959818,50.097017],[19.959813,50.096792]]]}},{"type":"Feature","id":"w80366772","properties":{"type":"yes","levels":5.0,"address":"Adama Marczyńskiego 8","residential":true,"residents_est":34,"h3_10":"8a1e2e6a6337fff","h3_11":"8b1e2e6a6336fff"},"geometry":{"type":"Polygon","coordinates":[[[19.957345,50.09988],[19.957596,50.09987],[19.957625,50.100187],[19.957375,50.100197],[19.957345,50.09988]]]}},{"type":"Feature","id":"w80366774","properties":{"type":"yes","levels":5.0,"address":"Adama Marczyńskiego 3","residential":true,"residents_est":51,"h3_10":"8a1e2e6a6337fff","h3_11":"8b1e2e6a6333fff"},"geometry":{"type":"Polygon","coordinates":[[[19.958067,50.09934],[19.958219,50.099332],[19.95822,50.09934],[19.958285,50.099337],[19.958284,50.099329],[19.958363,50.099326],[19.958389,50.099595],[19.958477,50.099591],[19.958488,50.099693],[19.958104,50.09971],[19.958067,50.09934]]]}},{"type":"Feature","id":"w80366782","properties":{"type":"yes","levels":5.0,"address":"Adama Marczyńskiego 6","residential":true,"residents_est":34,"h3_10":"8a1e2e6a6337fff","h3_11":"8b1e2e6a6334fff"},"geometry":{"type":"Polygon","coordinates":[[[19.957864,50.099861],[19.958114,50.099852],[19.958144,50.100168],[19.957894,50.100178],[19.957864,50.099861]]]}},{"type":"Feature","id":"w80366785","properties":{"type":"yes","address":"Macieja Słomczyńskiego 2","residential":true,"residents_est":35,"h3_10":"8a1e2e6a6317fff","h3_11":"8b1e2e6a6315fff"},"geometry":{"type":"Polygon","coordinates":[[[19.958225,50.099111],[19.959011,50.098973],[19.959034,50.099027],[19.959058,50.099024],[19.959058,50.099186],[19.958942,50.099186],[19.958942,50.099121],[19.95895,50.099121],[19.958936,50.099095],[19.958861,50.099108],[19.958871,50.099131],[19.958846,50.099136],[19.958837,50.099112],[19.958644,50.099146],[19.958654,50.099169],[19.958628,50.099174],[19.958619,50.099151],[19.958275,50.099211],[19.958268,50.099192],[19.95823,50.099198],[19.958225,50.099111]]]}},{"type":"Feature","id":"w80366792","properties":{"type":"yes","address":"Adama Marczyńskiego 5","residential":true,"residents_est":39,"h3_10":"8a1e2e6a6337fff","h3_11":"8b1e2e6a6332fff"},"geometry":{"type":"Polygon","coordinates":[[[19.957532,50.099621],[19.957611,50.099618],[19.957585,50.099353],[19.957661,50.099354],[19.957878,50.099341],[19.957907,50.099705],[19.957544,50.099721],[19.957532,50.099621]]]}},{"type":"Feature","id":"w80366796","properties":{"type":"yes","levels":5.0,"address":"Adama Marczyńskiego 4","residential":true,"residents_est":34,"h3_10":"8a1e2e6a6337fff","h3_11":"8b1e2e6a6335fff"},"geometry":{"type":"Polygon","coordinates":[[[19.958382,50.09984],[19.958632,50.099831],[19.958662,50.100147],[19.958412,50.100157],[19.958382,50.09984]]]}},{"type":"Feature","id":"w80366801","properties":{"type":"yes","levels":5.0,"address":"Adama Marczyńskiego 2","residential":true,"residents_est":34,"h3_10":"8a1e2e6a6337fff","h3_11":"8b1e2e6a6331fff"},"geometry":{"type":"Polygon","coordinates":[[[19.958901,50.09982],[19.95915,50.09981],[19.95918,50.100128],[19.958931,50.100137],[19.958901,50.09982]]]}},{"type":"Feature","id":"w80366828","properties":{"type":"yes","address":"Macieja Słomczyńskiego 4","residential":true,"residents_est":14,"h3_10":"8a1e2e6a6317fff","h3_11":"8b1e2e6a6314fff"},"geometry":{"type":"Polygon","coordinates":[[[19.957822,50.09903],[19.957846,50.099029],[19.957845,50.099018],[19.958002,50.099014],[19.958017,50.099249],[19.957859,50.099253],[19.957859,50.09924],[19.957835,50.099241],[19.957829,50.09915],[19.957853,50.09915],[19.957849,50.099091],[19.957825,50.099092],[19.957822,50.09903]]]}},{"type":"Feature","id":"w80366833","properties":{"type":"yes","levels":5.0,"address":"Adama Marczyńskiego 1","residential":true,"residents_est":48,"h3_10":"8a1e2e6a6337fff","h3_11":"8b1e2e6a6333fff"},"geometry":{"type":"Polygon","coordinates":[[[19.958594,50.099589],[19.958673,50.099585],[19.958646,50.099324],[19.958788,50.099323],[19.958928,50.099311],[19.958967,50.099678],[19.958605,50.099693],[19.958594,50.099589]]]}},{"type":"Feature","id":"w80373621","properties":{"type":"garage","residential":false,"residents_est":0,"h3_10":"8a1e2e6a6227fff","h3_11":"8b1e2e6a6224fff"},"geometry":{"type":"Polygon","coordinates":[[[19.961704,50.098409],[19.9618,50.098405],[19.961818,50.0986],[19.961721,50.098604],[19.961704,50.098409]]]}},{"type":"Feature","id":"w80373639","properties":{"type":"garage","residential":false,"residents_est":0,"h3_10":"8a1e2e6a6227fff","h3_11":"8b1e2e6a6224fff"},"geometry":{"type":"Polygon","coordinates":[[[19.961856,50.098076],[19.961956,50.098075],[19.961991,50.098324],[19.961891,50.09833],[19.961856,50.098076]]]}},{"type":"Feature","id":"w80373640","properties":{"type":"yes","address":"Stanisława Kostki Potockiego 29","residential":true,"residents_est":2,"h3_10":"8a1e2e6a630ffff","h3_11":"8b1e2e6a6308fff"},"geometry":{"type":"Polygon","coordinates":[[[19.961632,50.098963],[19.961811,50.098959],[19.961813,50.099037],[19.961636,50.099041],[19.961632,50.098963]]]}},{"type":"Feature","id":"w80373642","properties":{"type":"yes","address":"Aleja 29 Listopada 178A","name":"NZOZ Przychodnia Zdrowia Rodziny","residential":false,"residents_est":0,"h3_10":"8a1e2e6a630ffff","h3_11":"8b1e2e6a630bfff"},"geometry":{"type":"Polygon","coordinates":[[[19.961914,50.098484],[19.962154,50.098485],[19.962153,50.098542],[19.962123,50.098564],[19.962114,50.098631],[19.961917,50.098635],[19.961914,50.098484]]]}},{"type":"Feature","id":"w80373648","properties":{"type":"garage","residential":false,"residents_est":0,"h3_10":"8a1e2e6a630ffff","h3_11":"8b1e2e6a630bfff"},"geometry":{"type":"Polygon","coordinates":[[[19.961734,50.098631],[19.961819,50.098627],[19.961849,50.098895],[19.961764,50.098899],[19.961734,50.098631]]]}},{"type":"Feature","id":"w80373650","properties":{"type":"yes","address":"Aleja 29 Listopada 180","name":"Kia Patecki","residential":true,"residents_est":68,"h3_10":"8a1e2e6a630ffff","h3_11":"8b1e2e6a630dfff"},"geometry":{"type":"Polygon","coordinates":[[[19.961927,50.099447],[19.962007,50.099442],[19.961971,50.099112],[19.962048,50.099107],[19.962031,50.098954],[19.962319,50.098947],[19.962333,50.099093],[19.962213,50.099099],[19.962245,50.099424],[19.962505,50.099412],[19.962536,50.099538],[19.961937,50.099569],[19.961927,50.099447]]]}},{"type":"Feature","id":"w80396196","properties":{"type":"yes","address":"Księdza Józefa Meiera 3","residential":true,"residents_est":3,"h3_10":"8a1e2e6a6207fff","h3_11":"8b1e2e6a6205fff"},"geometry":{"type":"Polygon","coordinates":[[[19.962667,50.097108],[19.96286,50.097105],[19.962863,50.097201],[19.962821,50.097201],[19.962821,50.097212],[19.962714,50.097213],[19.962714,50.097189],[19.96267,50.097189],[19.962667,50.097108]]]}},{"type":"Feature","id":"w80396200","properties":{"type":"yes","address":"Księdza Józefa Meiera 5","name":"u Jacka","residential":true,"residents_est":5,"h3_10":"8a1e2e6a6207fff","h3_11":"8b1e2e6a6201fff"},"geometry":{"type":"Polygon","coordinates":[[[19.96298,50.097103],[19.96302,50.097102],[19.963011,50.096951],[19.963141,50.096948],[19.963151,50.097146],[19.962983,50.097151],[19.96298,50.097103]]]}},{"type":"Feature","id":"w80396203","properties":{"type":"office","address":"Księdza Józefa Meiera 11","residential":false,"residents_est":0,"h3_10":"8a1e2e6a620ffff","h3_11":"8b1e2e6a620cfff"},"geometry":{"type":"Polygon","coordinates":[[[19.963759,50.096748],[19.964033,50.096744],[19.964029,50.096649],[19.96417,50.096646],[19.964183,50.096904],[19.964102,50.096938],[19.964029,50.096916],[19.963944,50.096901],[19.963767,50.096898],[19.963759,50.096748]]]}},{"type":"Feature","id":"w80427518","properties":{"type":"yes","address":"Księdza Józefa Meiera 20","residential":true,"residents_est":18,"h3_10":"8a1e2e6a635ffff","h3_11":"8b1e2e6a635cfff"},"geometry":{"type":"Polygon","coordinates":[[[19.964627,50.098461],[19.964986,50.098456],[19.964986,50.098604],[19.964894,50.098606],[19.964893,50.098597],[19.96486,50.098598],[19.964862,50.098616],[19.964817,50.098617],[19.964816,50.098598],[19.964759,50.098594],[19.964731,50.098595],[19.964733,50.098609],[19.964635,50.098611],[19.964627,50.098461]]]}},{"type":"Feature","id":"w80427519","properties":{"type":"apartments","address":"Księdza Józefa Meiera 30","residential":true,"residents_est":23,"h3_10":"8a1e2e6a6277fff","h3_11":"8b1e2e6a6271fff"},"geometry":{"type":"Polygon","coordinates":[[[19.966186,50.096994],[19.966524,50.096985],[19.966527,50.097066],[19.966192,50.097074],[19.966186,50.096994]]]}},{"type":"Feature","id":"w80427522","properties":{"type":"yes","residential":true,"residents_est":3,"h3_10":"8a1e2e6a622ffff","h3_11":"8b1e2e6a622dfff"},"geometry":{"type":"Polygon","coordinates":[[[19.964265,50.097775],[19.964395,50.097773],[19.964398,50.097893],[19.964271,50.097894],[19.964265,50.097775]]]}},{"type":"Feature","id":"w80427524","properties":{"type":"yes","address":"Księdza Józefa Meiera 26","name":"Meiera 26","residential":false,"residents_est":0,"h3_10":"8a1e2e6a6277fff","h3_11":"8b1e2e6a6273fff"},"geometry":{"type":"Polygon","coordinates":[[[19.96584,50.096942],[19.965943,50.09694],[19.965946,50.097035],[19.965843,50.097036],[19.96584,50.096942]]]}},{"type":"Feature","id":"w80427525","properties":{"type":"yes","address":"Ignacego Grabczaka 3","residential":true,"residents_est":15,"h3_10":"8a1e2e6a6277fff","h3_11":"8b1e2e6a6275fff"},"geometry":{"type":"Polygon","coordinates":[[[19.965575,50.097488],[19.965712,50.097485],[19.965706,50.09737],[19.965885,50.097364],[19.965888,50.097479],[19.965944,50.097478],[19.965947,50.097541],[19.965578,50.097548],[19.965575,50.097488]]]}},{"type":"Feature","id":"w80427529","properties":{"type":"yes","address":"Księdza Józefa Meiera 8","residential":true,"residents_est":2,"h3_10":"8a1e2e6a622ffff","h3_11":"8b1e2e6a6228fff"},"geometry":{"type":"Polygon","coordinates":[[[19.96345,50.097664],[19.96357,50.097662],[19.963579,50.097778],[19.963459,50.097783],[19.96345,50.097664]]]}},{"type":"Feature","id":"w80427534","properties":{"type":"yes","address":"Ignacego Grabczaka 4","residential":true,"residents_est":3,"h3_10":"8a1e2e6a6277fff","h3_11":"8b1e2e6a6271fff"},"geometry":{"type":"Polygon","coordinates":[[[19.966261,50.09714],[19.96644,50.097136],[19.966442,50.097249],[19.966266,50.097252],[19.966261,50.09714]]]}},{"type":"Feature","id":"w80427535","properties":{"type":"yes","address":"Księdza Józefa Meiera 18","residential":true,"residents_est":1,"h3_10":"8a1e2e6a6277fff","h3_11":"8b1e2e6a6276fff"},"geometry":{"type":"Polygon","coordinates":[[[19.964679,50.097168],[19.964752,50.097166],[19.96476,50.097275],[19.964685,50.097278],[19.964679,50.097168]]]}},{"type":"Feature","id":"w80427538","properties":{"type":"yes","address":"Aleja 29 Listopada 165","residential":true,"residents_est":14,"h3_10":"8a1e2e6a6207fff","h3_11":"8b1e2e6a6200fff"},"geometry":{"type":"Polygon","coordinates":[[[19.962337,50.096955],[19.962511,50.09695],[19.962528,50.09718],[19.962354,50.097186],[19.962337,50.096955]]]}},{"type":"Feature","id":"w80427539","properties":{"type":"yes","address":"Księdza Józefa Meiera 22","residential":true,"residents_est":5,"h3_10":"8a1e2e6a6277fff","h3_11":"8b1e2e6a6274fff"},"geometry":{"type":"Polygon","coordinates":[[[19.965236,50.097446],[19.965314,50.097444],[19.96531,50.097395],[19.965465,50.09739],[19.965474,50.09751],[19.965364,50.097513],[19.965365,50.09753],[19.965242,50.097534],[19.965236,50.097446]]]}},{"type":"Feature","id":"w80427543","properties":{"type":"yes","address":"Księdza Józefa Meiera 18B","residential":true,"residents_est":15,"h3_10":"8a1e2e6a622ffff","h3_11":"8b1e2e6a6229fff"},"geometry":{"type":"Polygon","coordinates":[[[19.964686,50.097434],[19.965061,50.097422],[19.965069,50.097534],[19.96493,50.097539],[19.964932,50.097564],[19.964833,50.097567],[19.964832,50.097543],[19.964694,50.097547],[19.964686,50.097434]]]}},{"type":"Feature","id":"w80427544","properties":{"type":"yes","address":"Księdza Józefa Meiera 6","residential":true,"residents_est":4,"h3_10":"8a1e2e6a622ffff","h3_11":"8b1e2e6a622efff"},"geometry":{"type":"Polygon","coordinates":[[[19.963126,50.097496],[19.963352,50.097489],[19.963359,50.097601],[19.963133,50.097607],[19.963126,50.097496]]]}},{"type":"Feature","id":"w80427545","properties":{"type":"yes","residential":true,"residents_est":3,"h3_10":"8a1e2e6a622ffff","h3_11":"8b1e2e6a622cfff"},"geometry":{"type":"Polygon","coordinates":[[[19.96318,50.097847],[19.963387,50.097839],[19.963391,50.097917],[19.963186,50.097924],[19.96318,50.097847]]]}},{"type":"Feature","id":"w80427547","properties":{"type":"yes","residential":true,"residents_est":3,"h3_10":"8a1e2e6a6277fff","h3_11":"8b1e2e6a6274fff"},"geometry":{"type":"Polygon","coordinates":[[[19.965255,50.097743],[19.965428,50.097737],[19.965426,50.097711],[19.96551,50.097708],[19.965517,50.097801],[19.96526,50.097809],[19.965255,50.097743]]]}},{"type":"Feature","id":"w80427550","properties":{"type":"yes","address":"Księdza Józefa Meiera 16","residential":true,"residents_est":4,"h3_10":"8a1e2e6a622ffff","h3_11":"8b1e2e6a6229fff"},"geometry":{"type":"Polygon","coordinates":[[[19.964308,50.097417],[19.964463,50.097414],[19.964467,50.097549],[19.964312,50.097552],[19.964308,50.097417]]]}},{"type":"Feature","id":"w80427551","properties":{"type":"yes","address":"Arcybiskupa Zygmunta Szczęsnego Felińskiego 6","residential":true,"residents_est":12,"h3_10":"8a1e2e6a6267fff","h3_11":"8b1e2e6a6263fff"},"geometry":{"type":"Polygon","coordinates":[[[19.967015,50.097631],[19.967236,50.097627],[19.967243,50.097787],[19.967022,50.097791],[19.967015,50.097631]]]}},{"type":"Feature","id":"w80427555","properties":{"type":"yes","address":"Ignacego Grabczaka 6","residential":true,"residents_est":4,"h3_10":"8a1e2e6a6277fff","h3_11":"8b1e2e6a6271fff"},"geometry":{"type":"Polygon","coordinates":[[[19.966252,50.097369],[19.966468,50.097364],[19.966474,50.097479],[19.966259,50.097484],[19.966252,50.097369]]]}},{"type":"Feature","id":"w80427558","properties":{"type":"yes","name":"F1","residential":false,"residents_est":0,"h3_10":"8a1e2e6a6207fff","h3_11":"8b1e2e6a6200fff"},"geometry":{"type":"Polygon","coordinates":[[[19.962248,50.096657],[19.962339,50.096655],[19.962359,50.096849],[19.96227,50.096853],[19.962248,50.096657]]]}},{"type":"Feature","id":"w80427560","properties":{"type":"yes","address":"Księdza Józefa Meiera 12","residential":true,"residents_est":4,"h3_10":"8a1e2e6a622ffff","h3_11":"8b1e2e6a6228fff"},"geometry":{"type":"Polygon","coordinates":[[[19.963639,50.097468],[19.963692,50.097467],[19.963691,50.09745],[19.963824,50.097444],[19.963832,50.097584],[19.963648,50.097591],[19.963639,50.097468]]]}},{"type":"Feature","id":"w80427561","properties":{"type":"yes","address":"Arcybiskupa Zygmunta Szczęsnego Felińskiego 4","residential":true,"residents_est":12,"h3_10":"8a1e2e6a6247fff","h3_11":"8b1e2e6a6244fff"},"geometry":{"type":"Polygon","coordinates":[[[19.966994,50.097416],[19.967215,50.097412],[19.967222,50.097571],[19.967001,50.097575],[19.966994,50.097416]]]}},{"type":"Feature","id":"w80427563","properties":{"type":"house","levels":2.0,"address":"Księdza Józefa Meiera 9","residential":true,"residents_est":4,"h3_10":"8a1e2e6a620ffff","h3_11":"8b1e2e6a620cfff"},"geometry":{"type":"Polygon","coordinates":[[[19.963532,50.096985],[19.963661,50.096983],[19.963667,50.097068],[19.963536,50.097071],[19.963532,50.096985]]]}},{"type":"Feature","id":"w80427565","properties":{"type":"yes","residential":true,"residents_est":4,"h3_10":"8a1e2e6a622ffff","h3_11":"8b1e2e6a622efff"},"geometry":{"type":"Polygon","coordinates":[[[19.962968,50.097733],[19.963106,50.097729],[19.963114,50.097876],[19.962978,50.097879],[19.962968,50.097733]]]}},{"type":"Feature","id":"w80427566","properties":{"type":"yes","address":"Arcybiskupa Zygmunta Szczęsnego Felińskiego 10","residential":true,"residents_est":12,"h3_10":"8a1e2e6a6267fff","h3_11":"8b1e2e6a6260fff"},"geometry":{"type":"Polygon","coordinates":[[[19.967035,50.09808],[19.967257,50.098076],[19.967264,50.098236],[19.967042,50.098239],[19.967035,50.09808]]]}},{"type":"Feature","id":"w80427567","properties":{"type":"yes","address":"Arcybiskupa Zygmunta Szczęsnego Felińskiego 8","residential":true,"residents_est":12,"h3_10":"8a1e2e6a6267fff","h3_11":"8b1e2e6a6260fff"},"geometry":{"type":"Polygon","coordinates":[[[19.967033,50.097855],[19.967254,50.097851],[19.967261,50.098011],[19.967039,50.098014],[19.967033,50.097855]]]}},{"type":"Feature","id":"w80427569","properties":{"type":"yes","address":"Księdza Józefa Meiera 24","residential":true,"residents_est":4,"h3_10":"8a1e2e6a6277fff","h3_11":"8b1e2e6a6270fff"},"geometry":{"type":"Polygon","coordinates":[[[19.965481,50.097168],[19.965498,50.097168],[19.965496,50.097142],[19.965627,50.097139],[19.965629,50.097164],[19.965648,50.097164],[19.965655,50.097273],[19.965487,50.097276],[19.965481,50.097168]]]}},{"type":"Feature","id":"w80427570","properties":{"type":"house","address":"Księdza Józefa Meiera 17","residential":true,"residents_est":4,"h3_10":"8a1e2e6a6257fff","h3_11":"8b1e2e6a6254fff"},"geometry":{"type":"Polygon","coordinates":[[[19.965595,50.096685],[19.965698,50.09668],[19.965705,50.096785],[19.965604,50.09679],[19.965595,50.096685]]]}},{"type":"Feature","id":"w80427571","properties":{"type":"yes","address":"Księdza Józefa Meiera 14","residential":true,"residents_est":3,"h3_10":"8a1e2e6a622ffff","h3_11":"8b1e2e6a6228fff"},"geometry":{"type":"Polygon","coordinates":[[[19.963985,50.097435],[19.964169,50.09743],[19.964173,50.097534],[19.96399,50.097538],[19.963985,50.097435]]]}},{"type":"Feature","id":"w80427573","properties":{"type":"yes","address":"Arcybiskupa Zygmunta Szczęsnego Felińskiego 12","residential":true,"residents_est":12,"h3_10":"8a1e2e6a6267fff","h3_11":"8b1e2e6a6265fff"},"geometry":{"type":"Polygon","coordinates":[[[19.967069,50.0983],[19.967291,50.098296],[19.967298,50.098456],[19.967076,50.09846],[19.967069,50.0983]]]}},{"type":"Feature","id":"w80427575","properties":{"type":"hotel","levels":6.0,"address":"Aleja 29 Listopada 189","name":"WM Hotel System","residential":false,"residents_est":0,"h3_10":"8a1e2e6a6377fff","h3_11":"8b1e2e6a6373fff"},"geometry":{"type":"Polygon","coordinates":[[[19.963083,50.099371],[19.963264,50.09935],[19.96331,50.099502],[19.963412,50.099464],[19.963433,50.099464],[19.963453,50.099479],[19.963469,50.099815],[19.963411,50.099815],[19.963502,50.100095],[19.963326,50.100119],[19.963083,50.099371]]]}},{"type":"Feature","id":"w80433652","properties":{"type":"presbytery","address":"Aleja 29 Listopada 195","name":"Plebania","residential":false,"residents_est":0,"h3_10":"8a1e2e6a636ffff","h3_11":"8b1e2e6a636cfff"},"geometry":{"type":"Polygon","coordinates":[[[19.965609,50.100456],[19.965615,50.100456],[19.965616,50.100465],[19.965736,50.100462],[19.965867,50.100458],[19.965867,50.100449],[19.965872,50.100449],[19.965879,50.100595],[19.965747,50.100599],[19.965744,50.100545],[19.965648,50.100548],[19.965648,50.100533],[19.965613,50.100534],[19.965609,50.100456]]]}},{"type":"Feature","id":"w80433653","properties":{"type":"apartments","address":"Księdza Józefa Meiera 20F","residential":true,"residents_est":66,"h3_10":"8a1e2e6a6347fff","h3_11":"8b1e2e6a6340fff"},"geometry":{"type":"Polygon","coordinates":[[[19.964619,50.099351],[19.96484,50.099346],[19.964842,50.099365],[19.965177,50.099357],[19.965183,50.099469],[19.965009,50.099473],[19.965008,50.099459],[19.964847,50.099462],[19.964851,50.099531],[19.96463,50.099536],[19.964619,50.099351]]]}},{"type":"Feature","id":"w80433655","properties":{"type":"apartments","levels":8.0,"address":"Księdza Józefa Meiera 20G","residential":true,"residents_est":83,"h3_10":"8a1e2e6a6347fff","h3_11":"8b1e2e6a6344fff"},"geometry":{"type":"Polygon","coordinates":[[[19.964822,50.099719],[19.965041,50.099715],[19.965054,50.099987],[19.964833,50.099992],[19.964822,50.099719]]]}},{"type":"Feature","id":"w80433664","properties":{"type":"yes","address":"Księdza Józefa Meiera 20D","residential":true,"residents_est":18,"h3_10":"8a1e2e6a6347fff","h3_11":"8b1e2e6a6341fff"},"geometry":{"type":"Polygon","coordinates":[[[19.965402,50.099505],[19.965751,50.099497],[19.965759,50.099646],[19.965667,50.099648],[19.965666,50.09964],[19.965633,50.09964],[19.965634,50.099659],[19.96559,50.09966],[19.965589,50.099641],[19.965542,50.099637],[19.9655,50.099638],[19.965501,50.099652],[19.965409,50.099654],[19.965402,50.099505]]]}},{"type":"Feature","id":"w80433665","properties":{"type":"yes","address":"Arcybiskupa Zygmunta Szczęsnego Felińskiego 17A","residential":true,"residents_est":36,"h3_10":"8a1e2e6a634ffff","h3_11":"8b1e2e6a6348fff"},"geometry":{"type":"Polygon","coordinates":[[[19.966535,50.098982],[19.966799,50.098976],[19.966803,50.099073],[19.966791,50.099074],[19.966802,50.09929],[19.966815,50.09929],[19.966821,50.099388],[19.966555,50.099392],[19.96655,50.099297],[19.966562,50.099297],[19.966553,50.099079],[19.966539,50.099079],[19.966535,50.098982]]]}},{"type":"Feature","id":"w80433679","properties":{"type":"yes","address":"Arcybiskupa Zygmunta Szczęsnego Felińskiego 19","residential":true,"residents_est":16,"h3_10":"8a1e2e6a634ffff","h3_11":"8b1e2e6a6349fff"},"geometry":{"type":"Polygon","coordinates":[[[19.967019,50.099241],[19.96707,50.09924],[19.967068,50.099211],[19.967147,50.099209],[19.967147,50.099217],[19.967217,50.099216],[19.967216,50.099208],[19.967291,50.099207],[19.967293,50.099238],[19.967342,50.099237],[19.967346,50.099364],[19.967029,50.099369],[19.967019,50.099241]]]}},{"type":"Feature","id":"w80433683","properties":{"type":"apartments","address":"Arcybiskupa Zygmunta Szczęsnego Felińskiego 23","residential":true,"residents_est":106,"h3_10":"8a1e2e6a636ffff","h3_11":"8b1e2e6a636bfff"},"geometry":{"type":"Polygon","coordinates":[[[19.966216,50.09984],[19.966233,50.09984],[19.966226,50.099719],[19.966245,50.099718],[19.966242,50.099674],[19.966259,50.099673],[19.966286,50.099655],[19.966285,50.099644],[19.966352,50.099642],[19.966351,50.099631],[19.966764,50.09962],[19.966763,50.099609],[19.966878,50.099606],[19.96688,50.099627],[19.966919,50.099626],[19.966926,50.099725],[19.966889,50.099726],[19.966891,50.099751],[19.966768,50.099755],[19.966767,50.099745],[19.966439,50.099754],[19.966424,50.099764],[19.966429,50.099839],[19.966444,50.099839],[19.966449,50.099916],[19.966417,50.099917],[19.966418,50.09994],[19.966256,50.099945],[19.966255,50.09992],[19.966221,50.099921],[19.966216,50.09984]]]}},{"type":"Feature","id":"w80433684","properties":{"type":"apartments","levels":3.0,"address":"Arcybiskupa Zygmunta Szczęsnego Felińskiego 25","residential":true,"residents_est":50,"h3_10":"8a1e2e6a636ffff","h3_11":"8b1e2e6a6368fff"},"geometry":{"type":"Polygon","coordinates":[[[19.966245,50.10011],[19.966258,50.100109],[19.966256,50.100072],[19.966934,50.100056],[19.966936,50.10009],[19.966946,50.10009],[19.966951,50.100167],[19.966941,50.100167],[19.966943,50.1002],[19.96682,50.100203],[19.96682,50.100194],[19.966378,50.100205],[19.966378,50.100215],[19.966263,50.100218],[19.966261,50.100183],[19.966249,50.100183],[19.966245,50.10011]]]}},{"type":"Feature","id":"w80433687","properties":{"type":"retail","address":"Księdza Józefa Meiera 20B","residential":false,"residents_est":0,"h3_10":"8a1e2e6a6347fff","h3_11":"8b1e2e6a6342fff"},"geometry":{"type":"Polygon","coordinates":[[[19.964647,50.098925],[19.96487,50.098917],[19.964886,50.099213],[19.964667,50.099219],[19.964647,50.098925]]]}},{"type":"Feature","id":"w80433691","properties":{"type":"apartments","address":"Arcybiskupa Zygmunta Szczęsnego Felińskiego 29","residential":true,"residents_est":102,"h3_10":"8a1e2e6a636ffff","h3_11":"8b1e2e6a636dfff"},"geometry":{"type":"Polygon","coordinates":[[[19.966262,50.100687],[19.966282,50.100686],[19.966281,50.100653],[19.9663,50.100652],[19.966298,50.100603],[19.966277,50.100604],[19.966275,50.100563],[19.966291,50.100563],[19.966289,50.100518],[19.966303,50.100518],[19.966329,50.1005],[19.966328,50.100488],[19.966396,50.100486],[19.966395,50.100473],[19.966466,50.100471],[19.966467,50.100485],[19.966569,50.100482],[19.966568,50.100467],[19.966663,50.100464],[19.966664,50.100479],[19.966753,50.100477],[19.966752,50.100458],[19.966804,50.100457],[19.966804,50.100452],[19.966923,50.100448],[19.966924,50.100467],[19.966959,50.100466],[19.966966,50.100572],[19.966932,50.100573],[19.966933,50.100593],[19.966813,50.100597],[19.966812,50.100589],[19.966503,50.100597],[19.96647,50.100603],[19.966475,50.100682],[19.966485,50.100682],[19.966488,50.100755],[19.966455,50.100756],[19.966456,50.100779],[19.966305,50.100783],[19.966304,50.100761],[19.966265,50.100762],[19.966262,50.100687]]]}},{"type":"Feature","id":"w80433692","properties":{"type":"yes","address":"Księdza Józefa Meiera 20C","residential":true,"residents_est":18,"h3_10":"8a1e2e6a6347fff","h3_11":"8b1e2e6a6343fff"},"geometry":{"type":"Polygon","coordinates":[[[19.965349,50.099068],[19.9657,50.099061],[19.965707,50.099209],[19.965614,50.099211],[19.965614,50.099202],[19.965581,50.099203],[19.965582,50.099221],[19.965538,50.099222],[19.965537,50.099204],[19.965507,50.099204],[19.965506,50.099199],[19.965448,50.099201],[19.965449,50.099215],[19.965357,50.099217],[19.965349,50.099068]]]}},{"type":"Feature","id":"w80433695","properties":{"type":"yes","address":"Księdza Józefa Meiera 20E","residential":true,"residents_est":27,"h3_10":"8a1e2e6a636ffff","h3_11":"8b1e2e6a636efff"},"geometry":{"type":"Polygon","coordinates":[[[19.965531,50.099867],[19.965783,50.099863],[19.965793,50.10018],[19.965546,50.100183],[19.965531,50.099867]]]}},{"type":"Feature","id":"w117259021","properties":{"type":"apartments","levels":3.0,"address":"Jakuba Majora 60","residential":true,"residents_est":19,"h3_10":"8a1e2e6a62dffff","h3_11":"8b1e2e6a62dbfff"},"geometry":{"type":"Polygon","coordinates":[[[19.96571,50.093016],[19.965729,50.092788],[19.965887,50.092793],[19.965868,50.093021],[19.96571,50.093016]]]}},{"type":"Feature","id":"w117259024","properties":{"type":"apartments","levels":11.0,"address":"Powstańców 26","residential":true,"residents_est":386,"h3_10":"8a1e2e6a62dffff","h3_11":"8b1e2e6a62d8fff"},"geometry":{"type":"Polygon","coordinates":[[[19.964161,50.092786],[19.964238,50.092712],[19.966136,50.093523],[19.966058,50.093597],[19.964161,50.092786]]]}},{"type":"Feature","id":"w126822291","properties":{"type":"residential","levels":5.0,"address":"Kuźnicy Kołłątajowskiej 16A","residential":true,"residents_est":68,"h3_10":"8a1e2e6a6327fff","h3_11":"8b1e2e6a6326fff"},"geometry":{"type":"Polygon","coordinates":[[[19.958917,50.100506],[19.959166,50.100498],[19.959193,50.100814],[19.958943,50.100822],[19.958917,50.100506]]]}},{"type":"Feature","id":"w126822303","properties":{"type":"yes","address":"Stanisława Kostki Potockiego 26","residential":true,"residents_est":3,"h3_10":"8a1e2e6a632ffff","h3_11":"8b1e2e6a632afff"},"geometry":{"type":"Polygon","coordinates":[[[19.9611,50.099714],[19.961281,50.09971],[19.961284,50.09979],[19.961106,50.099794],[19.9611,50.099714]]]}},{"type":"Feature","id":"w126829723","properties":{"type":"yes","levels":4.0,"address":"Stefana Banacha 7A","residential":true,"residents_est":19,"h3_10":"8a1e2e6a632ffff","h3_11":"8b1e2e6a632dfff"},"geometry":{"type":"Polygon","coordinates":[[[19.962018,50.100272],[19.962157,50.100268],[19.962185,50.100671],[19.962046,50.100676],[19.962018,50.100272]]]}},{"type":"Feature","id":"w127011334","properties":{"type":"yes","residential":true,"residents_est":14,"h3_10":"8a1e2e6a62b7fff","h3_11":"8b1e2e6a62b2fff"},"geometry":{"type":"Polygon","coordinates":[[[19.957716,50.094149],[19.957897,50.094127],[19.957963,50.09434],[19.957782,50.094364],[19.957716,50.094149]]]}},{"type":"Feature","id":"w191316622","properties":{"type":"residential","address":"Kuźnicy Kołłątajowskiej 13D","residential":true,"residents_est":30,"h3_10":"8a1e2e6a63affff","h3_11":"8b1e2e6a63aafff"},"geometry":{"type":"Polygon","coordinates":[[[19.95834,50.097266],[19.958409,50.097266],[19.958409,50.097274],[19.958436,50.097274],[19.958437,50.097265],[19.958442,50.097265],[19.958443,50.097273],[19.958471,50.097273],[19.958472,50.097265],[19.958538,50.097265],[19.95854,50.097366],[19.958535,50.097367],[19.958542,50.097491],[19.958475,50.097492],[19.958474,50.097484],[19.958447,50.097484],[19.958446,50.097492],[19.95844,50.097492],[19.958438,50.097484],[19.958413,50.097484],[19.958412,50.097492],[19.958343,50.097493],[19.95834,50.097266]]]}},{"type":"Feature","id":"w276692112","properties":{"type":"retail","levels":2.0,"address":"Powstańców 63","residential":false,"residents_est":0,"h3_10":"8a1e2e6a624ffff","h3_11":"8b1e2e6a6249fff"},"geometry":{"type":"Polygon","coordinates":[[[19.969527,50.096514],[19.96953,50.096425],[19.969728,50.096427],[19.969726,50.096516],[19.969527,50.096514]]]}},{"type":"Feature","id":"w287677795","properties":{"type":"supermarket","levels":1.0,"address":"Księdza Józefa Meiera 13","name":"Biedronka","residential":false,"residents_est":0,"h3_10":"8a1e2e6a620ffff","h3_11":"8b1e2e6a620dfff"},"geometry":{"type":"Polygon","coordinates":[[[19.96434,50.096636],[19.964602,50.096631],[19.964604,50.096677],[19.964945,50.096672],[19.964954,50.096897],[19.964351,50.096907],[19.96434,50.096636]]]}},{"type":"Feature","id":"w299426935","properties":{"type":"commercial","levels":4.0,"address":"Aleja 29 Listopada 155C","name":"Delta","residential":false,"residents_est":0,"h3_10":"8a1e2e6a621ffff","h3_11":"8b1e2e6a6218fff"},"geometry":{"type":"Polygon","coordinates":[[[19.962389,50.095697],[19.962464,50.095665],[19.962506,50.09563],[19.962527,50.095591],[19.962532,50.095568],[19.962528,50.095542],[19.962618,50.095531],[19.962738,50.095948],[19.962398,50.095937],[19.962389,50.095697]]]}},{"type":"Feature","id":"w299434055","properties":{"type":"commercial","levels":2.0,"address":"Aleja 29 Listopada 155b","residential":false,"residents_est":0,"h3_10":"8a1e2e6a621ffff","h3_11":"8b1e2e6a621afff"},"geometry":{"type":"Polygon","coordinates":[[[19.96224,50.095235],[19.962294,50.095197],[19.962456,50.095193],[19.962458,50.095182],[19.962471,50.095396],[19.962467,50.095386],[19.962306,50.09539],[19.962248,50.095356],[19.96224,50.095235]]]}},{"type":"Feature","id":"w300219084","properties":{"type":"chapel","address":"Aleja 29 Listopada 195","residential":false,"residents_est":0,"h3_10":"8a1e2e6a636ffff","h3_11":"8b1e2e6a636cfff"},"geometry":{"type":"Polygon","coordinates":[[[19.965563,50.100639],[19.965577,50.100639],[19.965576,50.100608],[19.965614,50.100608],[19.965615,50.100601],[19.965879,50.100595],[19.96587,50.100627],[19.96588,50.100626],[19.965882,50.100659],[19.965872,50.100659],[19.965883,50.100677],[19.965883,50.100689],[19.965618,50.100698],[19.965618,50.100692],[19.965583,50.100692],[19.965581,50.100662],[19.965564,50.100663],[19.965563,50.100639]]]}},{"type":"Feature","id":"w300775646","properties":{"type":"service","residential":false,"residents_est":0,"h3_10":"8a1e2e6a62d7fff","h3_11":"8b1e2e6a62d4fff"},"geometry":{"type":"Polygon","coordinates":[[[19.962829,50.094114],[19.963198,50.093809],[19.963304,50.093862],[19.962934,50.094167],[19.962829,50.094114]]]}},{"type":"Feature","id":"w300775647","properties":{"type":"service","residential":false,"residents_est":0,"h3_10":"8a1e2e6a62d7fff","h3_11":"8b1e2e6a62d4fff"},"geometry":{"type":"Polygon","coordinates":[[[19.963198,50.093809],[19.963307,50.093721],[19.963479,50.093808],[19.96337,50.093896],[19.963198,50.093809]]]}},{"type":"Feature","id":"w300785145","properties":{"type":"roof","residential":false,"residents_est":0,"h3_10":"8a1e2e6a62d7fff","h3_11":"8b1e2e6a62d5fff"},"geometry":{"type":"Polygon","coordinates":[[[19.963652,50.094044],[19.963695,50.094008],[19.963731,50.094026],[19.963688,50.094062],[19.963652,50.094044]]]}},{"type":"Feature","id":"w338965913","properties":{"type":"detached","address":"Powstańców 59","residential":true,"residents_est":5,"h3_10":"8a1e2e6a624ffff","h3_11":"8b1e2e6a624bfff"},"geometry":{"type":"Polygon","coordinates":[[[19.969089,50.096268],[19.969095,50.096155],[19.969238,50.096158],[19.969232,50.096271],[19.969089,50.096268]]]}},{"type":"Feature","id":"w338965914","properties":{"type":"detached","address":"Powstańców 59A","residential":true,"residents_est":6,"h3_10":"8a1e2e6a624ffff","h3_11":"8b1e2e6a6248fff"},"geometry":{"type":"Polygon","coordinates":[[[19.969106,50.096326],[19.969239,50.096326],[19.969241,50.096451],[19.96912,50.096452],[19.969119,50.096362],[19.969106,50.096362],[19.969106,50.096326]]]}},{"type":"Feature","id":"w338965915","properties":{"type":"detached","address":"Powstańców 61","residential":true,"residents_est":6,"h3_10":"8a1e2e6a624ffff","h3_11":"8b1e2e6a624bfff"},"geometry":{"type":"Polygon","coordinates":[[[19.969251,50.096386],[19.969254,50.096301],[19.969277,50.096301],[19.969278,50.096276],[19.969321,50.096276],[19.969322,50.096249],[19.969403,50.096251],[19.9694,50.096367],[19.969327,50.096366],[19.969326,50.096387],[19.969251,50.096386]]]}},{"type":"Feature","id":"w339714532","properties":{"type":"retail","levels":2.0,"address":"Aleja 29 Listopada 154","name":"AKA-LAK","residential":false,"residents_est":0,"h3_10":"8a1e2e6a629ffff","h3_11":"8b1e2e6a629bfff"},"geometry":{"type":"Polygon","coordinates":[[[19.96029,50.092927],[19.960356,50.092919],[19.960358,50.092925],[19.960443,50.092913],[19.960457,50.092953],[19.96044,50.092957],[19.960446,50.092974],[19.96043,50.092976],[19.960394,50.092995],[19.960354,50.092999],[19.960351,50.092991],[19.96031,50.092995],[19.96029,50.092927]]]}},{"type":"Feature","id":"w339714897","properties":{"type":"retail","levels":2.0,"address":"Aleja 29 Listopada 152","residential":false,"residents_est":0,"h3_10":"8a1e2e6a629ffff","h3_11":"8b1e2e6a629bfff"},"geometry":{"type":"Polygon","coordinates":[[[19.960247,50.092783],[19.960369,50.092768],[19.96038,50.092805],[19.960403,50.092803],[19.960443,50.092913],[19.960358,50.092925],[19.960356,50.092919],[19.96029,50.092927],[19.960247,50.092783]]]}},{"type":"Feature","id":"w353885907","properties":{"type":"residential","address":"Kuźnicy Kołłątajowskiej 13A","residential":true,"residents_est":74,"h3_10":"8a1e2e6a638ffff","h3_11":"8b1e2e6a638dfff"},"geometry":{"type":"Polygon","coordinates":[[[19.959287,50.097116],[19.959294,50.096676],[19.959535,50.096655],[19.959528,50.097114],[19.959287,50.097116]]]}},{"type":"Feature","id":"w353885908","properties":{"type":"retail","levels":1.0,"residential":false,"residents_est":0,"h3_10":"8a1e2e6a6237fff","h3_11":"8b1e2e6a6236fff"},"geometry":{"type":"Polygon","coordinates":[[[19.959687,50.097335],[19.959688,50.097156],[19.960181,50.097161],[19.960177,50.097332],[19.959687,50.097335]]]}},{"type":"Feature","id":"w353885911","properties":{"type":"residential","address":"Kuźnicy Kołłątajowskiej 13B","residential":true,"residents_est":64,"h3_10":"8a1e2e6a638ffff","h3_11":"8b1e2e6a638cfff"},"geometry":{"type":"Polygon","coordinates":[[[19.958745,50.097122],[19.958747,50.09671],[19.958968,50.096697],[19.958967,50.097121],[19.958745,50.097122]]]}},{"type":"Feature","id":"w353885913","properties":{"type":"yes","residential":true,"residents_est":2,"h3_10":"8a1e2e6a6227fff","h3_11":"8b1e2e6a6224fff"},"geometry":{"type":"Polygon","coordinates":[[[19.961854,50.098409],[19.962067,50.098407],[19.962069,50.098464],[19.961855,50.098465],[19.961854,50.098409]]]}},{"type":"Feature","id":"w353885914","properties":{"type":"yes","residential":false,"residents_est":0,"h3_10":"8a1e2e6a6227fff","h3_11":"8b1e2e6a6226fff"},"geometry":{"type":"Polygon","coordinates":[[[19.961076,50.098022],[19.961168,50.098022],[19.961168,50.098068],[19.961076,50.098069],[19.961076,50.098022]]]}},{"type":"Feature","id":"w353885915","properties":{"type":"yes","address":"Aleja 29 Listopada 178","name":"Diagnostyka","residential":false,"residents_est":0,"h3_10":"8a1e2e6a630ffff","h3_11":"8b1e2e6a630bfff"},"geometry":{"type":"Polygon","coordinates":[[[19.961905,50.098689],[19.96204,50.098686],[19.962045,50.098717],[19.962148,50.098713],[19.962163,50.098915],[19.961924,50.098924],[19.961905,50.098689]]]}},{"type":"Feature","id":"w353885917","properties":{"type":"residential","address":"Kuźnicy Kołłątajowskiej 13C","residential":true,"residents_est":61,"h3_10":"8a1e2e6a6387fff","h3_11":"8b1e2e6a6381fff"},"geometry":{"type":"Polygon","coordinates":[[[19.95818,50.097121],[19.958191,50.09675],[19.958417,50.096731],[19.958424,50.097118],[19.95818,50.097121]]]}},{"type":"Feature","id":"w353922580","properties":{"type":"yes","address":"Kuźnicy Kołłątajowskiej 4A","name":"Trzy Kawki","residential":false,"residents_est":0,"h3_10":"8a1e2e6a631ffff","h3_11":"8b1e2e6a631cfff"},"geometry":{"type":"Polygon","coordinates":[[[19.960101,50.098516],[19.960196,50.098514],[19.960199,50.098571],[19.960102,50.098573],[19.960101,50.098516]]]}},{"type":"Feature","id":"w353922583","properties":{"type":"yes","address":"Kuźnicy Kołłątajowskiej 2A","name":"MEAH Kebab","residential":false,"residents_est":0,"h3_10":"8a1e2e6a631ffff","h3_11":"8b1e2e6a6318fff"},"geometry":{"type":"Polygon","coordinates":[[[19.960108,50.098431],[19.960198,50.09843],[19.960198,50.098494],[19.960109,50.098496],[19.960108,50.098431]]]}},{"type":"Feature","id":"w353926559","properties":{"type":"yes","residential":false,"residents_est":0,"h3_10":"8a1e2e6a631ffff","h3_11":"8b1e2e6a6319fff"},"geometry":{"type":"Polygon","coordinates":[[[19.960857,50.098375],[19.960918,50.098374],[19.96092,50.098409],[19.960859,50.098411],[19.960857,50.098375]]]}},{"type":"Feature","id":"w354056529","properties":{"type":"yes","residential":false,"residents_est":0,"h3_10":"8a1e2e6a630ffff","h3_11":"8b1e2e6a630efff"},"geometry":{"type":"Polygon","coordinates":[[[19.960903,50.098872],[19.960967,50.098872],[19.960967,50.098905],[19.960904,50.098906],[19.960903,50.098872]]]}},{"type":"Feature","id":"w354192061","properties":{"type":"yes","address":"Stanisława Kostki Potockiego 24","residential":true,"residents_est":2,"h3_10":"8a1e2e6a632ffff","h3_11":"8b1e2e6a632afff"},"geometry":{"type":"Polygon","coordinates":[[[19.961106,50.099794],[19.961284,50.09979],[19.961288,50.09987],[19.961109,50.099873],[19.961106,50.099794]]]}},{"type":"Feature","id":"w354881159","properties":{"type":"yes","address":"Kuźnicy Kołłątajowskiej 23B","residential":true,"residents_est":2,"h3_10":"8a1e2e6a63affff","h3_11":"8b1e2e6a63aefff"},"geometry":{"type":"Polygon","coordinates":[[[19.957833,50.09747],[19.95799,50.097466],[19.957995,50.097516],[19.957989,50.097522],[19.95799,50.09754],[19.95795,50.097542],[19.957948,50.097519],[19.957838,50.097523],[19.957833,50.09747]]]}},{"type":"Feature","id":"w354881160","properties":{"type":"yes","address":"Kuźnicy Kołłątajowskiej 23A","residential":true,"residents_est":2,"h3_10":"8a1e2e6a63affff","h3_11":"8b1e2e6a63aefff"},"geometry":{"type":"Polygon","coordinates":[[[19.958041,50.097422],[19.958156,50.097415],[19.958167,50.097515],[19.958055,50.097519],[19.958041,50.097422]]]}},{"type":"Feature","id":"w354881161","properties":{"type":"yes","residential":true,"residents_est":1,"h3_10":"8a1e2e6a63affff","h3_11":"8b1e2e6a63aefff"},"geometry":{"type":"Polygon","coordinates":[[[19.957983,50.097398],[19.958037,50.097395],[19.958055,50.097515],[19.957995,50.097516],[19.957983,50.097398]]]}},{"type":"Feature","id":"w357218531","properties":{"type":"house","address":"Księdza Józefa Meiera 50A","residential":true,"residents_est":8,"h3_10":"8a1e2e6a626ffff","h3_11":"8b1e2e6a626efff"},"geometry":{"type":"Polygon","coordinates":[[[19.967927,50.097766],[19.967967,50.097766],[19.967966,50.097749],[19.968097,50.09775],[19.968097,50.097766],[19.968143,50.097766],[19.968143,50.097854],[19.968103,50.097855],[19.968104,50.09787],[19.967973,50.09787],[19.967972,50.097855],[19.96793,50.097856],[19.967927,50.097766]]]}},{"type":"Feature","id":"w357218534","properties":{"type":"shed","residential":false,"residents_est":0,"h3_10":"8a1e2e6a626ffff","h3_11":"8b1e2e6a626cfff"},"geometry":{"type":"Polygon","coordinates":[[[19.968107,50.097921],[19.968153,50.09792],[19.968154,50.097992],[19.968107,50.097993],[19.968107,50.097921]]]}},{"type":"Feature","id":"w357218535","properties":{"type":"yes","residential":false,"residents_est":0,"h3_10":"8a1e2e6a626ffff","h3_11":"8b1e2e6a626cfff"},"geometry":{"type":"Polygon","coordinates":[[[19.968154,50.097927],[19.968197,50.097927],[19.968196,50.097986],[19.968154,50.097987],[19.968154,50.097927]]]}},{"type":"Feature","id":"w357229833","properties":{"type":"yes","residential":true,"residents_est":3,"h3_10":"8a1e2e6a6267fff","h3_11":"8b1e2e6a6265fff"},"geometry":{"type":"Polygon","coordinates":[[[19.967349,50.098114],[19.967453,50.098112],[19.967461,50.098286],[19.967356,50.098288],[19.967349,50.098114]]]}},{"type":"Feature","id":"w357373872","properties":{"type":"yes","residential":false,"residents_est":0,"h3_10":"8a1e2e6a634ffff","h3_11":"8b1e2e6a634dfff"},"geometry":{"type":"Polygon","coordinates":[[[19.967092,50.099505],[19.967175,50.099504],[19.967177,50.099549],[19.967093,50.09955],[19.967092,50.099505]]]}},{"type":"Feature","id":"w370402846","properties":{"type":"commercial","levels":1.0,"residential":false,"residents_est":0,"h3_10":"8a1e2e6a62d7fff","h3_11":"8b1e2e6a62d3fff"},"geometry":{"type":"Polygon","coordinates":[[[19.963706,50.093435],[19.963708,50.093407],[19.963723,50.093404],[19.963791,50.09341],[19.963835,50.093407],[19.963834,50.093412],[19.963858,50.093413],[19.963856,50.093445],[19.963719,50.09344],[19.963719,50.093435],[19.963706,50.093435]]]}},{"type":"Feature","id":"w370402848","properties":{"type":"commercial","levels":1.0,"residential":false,"residents_est":0,"h3_10":"8a1e2e6a62d7fff","h3_11":"8b1e2e6a62d1fff"},"geometry":{"type":"Polygon","coordinates":[[[19.963832,50.093468],[19.963835,50.093444],[19.963856,50.093445],[19.963859,50.093409],[19.96392,50.093414],[19.963911,50.09347],[19.963832,50.093468]]]}},{"type":"Feature","id":"w385559334","properties":{"type":"detached","address":"Powstańców 19","residential":true,"residents_est":5,"h3_10":"8a1e2e6a62d7fff","h3_11":"8b1e2e6a62d6fff"},"geometry":{"type":"Polygon","coordinates":[[[19.96292,50.093505],[19.962986,50.093422],[19.963113,50.093464],[19.963047,50.093547],[19.96292,50.093505]]]}},{"type":"Feature","id":"w385559335","properties":{"type":"detached","address":"Powstańców 23","residential":true,"residents_est":5,"h3_10":"8a1e2e6a62d7fff","h3_11":"8b1e2e6a62d0fff"},"geometry":{"type":"Polygon","coordinates":[[[19.963217,50.093408],[19.963258,50.093329],[19.963408,50.093362],[19.963409,50.093449],[19.963217,50.093408]]]}},{"type":"Feature","id":"w385559336","properties":{"type":"house","levels":1.0,"address":"Powstańców 23a","residential":true,"residents_est":2,"h3_10":"8a1e2e6a62d7fff","h3_11":"8b1e2e6a62d0fff"},"geometry":{"type":"Polygon","coordinates":[[[19.963456,50.093399],[19.963538,50.093398],[19.963543,50.093528],[19.96346,50.093529],[19.963456,50.093399]]]}},{"type":"Feature","id":"w385559337","properties":{"type":"house","levels":1.0,"address":"Powstańców 23C","residential":true,"residents_est":2,"h3_10":"8a1e2e6a62d7fff","h3_11":"8b1e2e6a62d0fff"},"geometry":{"type":"Polygon","coordinates":[[[19.96354,50.093456],[19.963623,50.093455],[19.963627,50.093579],[19.963544,50.09358],[19.96354,50.093456]]]}},{"type":"Feature","id":"w385559338","properties":{"type":"detached","address":"Powstańców 23b","residential":true,"residents_est":4,"h3_10":"8a1e2e6a62d7fff","h3_11":"8b1e2e6a62d1fff"},"geometry":{"type":"Polygon","coordinates":[[[19.963788,50.093685],[19.963794,50.093601],[19.963933,50.093605],[19.963928,50.093688],[19.963788,50.093685]]]}},{"type":"Feature","id":"w385559339","properties":{"type":"detached","address":"Powstańców 25","residential":true,"residents_est":5,"h3_10":"8a1e2e6a62d7fff","h3_11":"8b1e2e6a62d1fff"},"geometry":{"type":"Polygon","coordinates":[[[19.964335,50.093723],[19.964423,50.093643],[19.964539,50.093697],[19.96445,50.093775],[19.964335,50.093723]]]}},{"type":"Feature","id":"w385559340","properties":{"type":"commercial","address":"Powstańców 25a","residential":false,"residents_est":0,"h3_10":"8a1e2e6a62c7fff","h3_11":"8b1e2e6a62c2fff"},"geometry":{"type":"Polygon","coordinates":[[[19.96457,50.094055],[19.964573,50.094004],[19.964585,50.093972],[19.964619,50.093932],[19.964658,50.093908],[19.964716,50.093886],[19.964773,50.093876],[19.964884,50.093877],[19.964877,50.094009],[19.964832,50.094068],[19.964827,50.094167],[19.964683,50.094164],[19.964688,50.094057],[19.96457,50.094055]]]}},{"type":"Feature","id":"w385559341","properties":{"type":"detached","address":"Powstańców 27","residential":true,"residents_est":6,"h3_10":"8a1e2e6a62c7fff","h3_11":"8b1e2e6a62c3fff"},"geometry":{"type":"Polygon","coordinates":[[[19.96513,50.094162],[19.965171,50.094079],[19.965358,50.094116],[19.965318,50.0942],[19.96513,50.094162]]]}},{"type":"Feature","id":"w385559342","properties":{"type":"detached","address":"Powstańców 29","residential":true,"residents_est":5,"h3_10":"8a1e2e6a62c7fff","h3_11":"8b1e2e6a62c1fff"},"geometry":{"type":"Polygon","coordinates":[[[19.965546,50.094245],[19.965691,50.094243],[19.965692,50.094343],[19.965549,50.094345],[19.965546,50.094245]]]}},{"type":"Feature","id":"w385559343","properties":{"type":"yes","residential":true,"residents_est":4,"h3_10":"8a1e2e6a62c7fff","h3_11":"8b1e2e6a62c0fff"},"geometry":{"type":"Polygon","coordinates":[[[19.964934,50.094312],[19.964945,50.094078],[19.965021,50.094079],[19.965014,50.094135],[19.965035,50.094135],[19.965034,50.094152],[19.965015,50.094152],[19.965011,50.094239],[19.965068,50.09424],[19.965065,50.094312],[19.964934,50.094312]]]}},{"type":"Feature","id":"w385559345","properties":{"type":"yes","residential":false,"residents_est":0,"h3_10":"8a1e2e6a62d7fff","h3_11":"8b1e2e6a62d0fff"},"geometry":{"type":"Polygon","coordinates":[[[19.96306,50.093641],[19.963078,50.093618],[19.963152,50.093615],[19.963104,50.093657],[19.96306,50.093641]]]}},{"type":"Feature","id":"w385559346","properties":{"type":"yes","residential":false,"residents_est":0,"h3_10":"8a1e2e6a62d7fff","h3_11":"8b1e2e6a62d0fff"},"geometry":{"type":"Polygon","coordinates":[[[19.963153,50.093518],[19.963209,50.093517],[19.963214,50.093578],[19.963161,50.093579],[19.963153,50.093518]]]}},{"type":"Feature","id":"w385559349","properties":{"type":"yes","residential":false,"residents_est":0,"h3_10":"8a1e2e6a62d7fff","h3_11":"8b1e2e6a62d1fff"},"geometry":{"type":"Polygon","coordinates":[[[19.963787,50.093714],[19.963788,50.093685],[19.963922,50.093688],[19.96392,50.093721],[19.963787,50.093714]]]}},{"type":"Feature","id":"w385559350","properties":{"type":"yes","residential":false,"residents_est":0,"h3_10":"8a1e2e6a62d7fff","h3_11":"8b1e2e6a62d0fff"},"geometry":{"type":"Polygon","coordinates":[[[19.963109,50.09352],[19.963153,50.093518],[19.963161,50.093579],[19.963115,50.093581],[19.963109,50.09352]]]}},{"type":"Feature","id":"w385559352","properties":{"type":"detached","address":"Powstańców 31","residential":true,"residents_est":5,"h3_10":"8a1e2e6a62c7fff","h3_11":"8b1e2e6a62c1fff"},"geometry":{"type":"Polygon","coordinates":[[[19.965744,50.094473],[19.96575,50.094338],[19.965873,50.094357],[19.965831,50.09447],[19.965744,50.094473]]]}},{"type":"Feature","id":"w385559353","properties":{"type":"yes","residential":false,"residents_est":0,"h3_10":"8a1e2e6a62d7fff","h3_11":"8b1e2e6a62d0fff"},"geometry":{"type":"Polygon","coordinates":[[[19.963086,50.093497],[19.963113,50.093464],[19.963153,50.093472],[19.963153,50.093518],[19.963123,50.093519],[19.963119,50.093504],[19.963086,50.093497]]]}},{"type":"Feature","id":"w385559354","properties":{"type":"yes","residential":false,"residents_est":0,"h3_10":"8a1e2e6a62d7fff","h3_11":"8b1e2e6a62d0fff"},"geometry":{"type":"Polygon","coordinates":[[[19.963161,50.093579],[19.963235,50.093578],[19.963236,50.093614],[19.963163,50.093617],[19.963161,50.093579]]]}},{"type":"Feature","id":"w385559355","properties":{"type":"yes","residential":false,"residents_est":0,"h3_10":"8a1e2e6a62d7fff","h3_11":"8b1e2e6a62d0fff"},"geometry":{"type":"Polygon","coordinates":[[[19.963074,50.093583],[19.963161,50.093579],[19.963162,50.093615],[19.963078,50.093618],[19.963074,50.093583]]]}},{"type":"Feature","id":"w386535404","properties":{"type":"detached","address":"Powstańców 57B","residential":true,"residents_est":5,"h3_10":"8a1e2e6a624ffff","h3_11":"8b1e2e6a6248fff"},"geometry":{"type":"Polygon","coordinates":[[[19.96879,50.096514],[19.968797,50.096433],[19.968946,50.096438],[19.968946,50.096443],[19.96899,50.096445],[19.968984,50.096516],[19.96894,50.096515],[19.968939,50.09652],[19.96879,50.096514]]]}},{"type":"Feature","id":"w396995966","properties":{"type":"apartments","levels":9.0,"address":"Aleja 29 Listopada 193C","residential":true,"residents_est":104,"h3_10":"8a1e2e6a6367fff","h3_11":"8b1e2e6a6363fff"},"geometry":{"type":"Polygon","coordinates":[[[19.964769,50.100173],[19.965016,50.100166],[19.965036,50.100437],[19.964789,50.100444],[19.964773,50.100283],[19.964777,50.100278],[19.964769,50.100173]]]}},{"type":"Feature","id":"w396995980","properties":{"type":"house","levels":3.0,"address":"Stanisława Kostki Potockiego 11","residential":true,"residents_est":8,"h3_10":"8a1e2e6a632ffff","h3_11":"8b1e2e6a632dfff"},"geometry":{"type":"Polygon","coordinates":[[[19.961641,50.100485],[19.961662,50.100484],[19.961661,50.100466],[19.961811,50.100464],[19.961814,50.100557],[19.961644,50.10056],[19.961641,50.100485]]]}},{"type":"Feature","id":"w396995982","properties":{"type":"house","levels":2.0,"address":"Stanisława Kostki Potockiego 15","residential":true,"residents_est":8,"h3_10":"8a1e2e6a632ffff","h3_11":"8b1e2e6a6328fff"},"geometry":{"type":"Polygon","coordinates":[[[19.961617,50.100185],[19.961768,50.100183],[19.961771,50.100243],[19.961808,50.100243],[19.96181,50.10031],[19.961622,50.100313],[19.961617,50.100185]]]}},{"type":"Feature","id":"w396995984","properties":{"type":"house","levels":2.0,"address":"Stanisława Kostki Potockiego 17","residential":true,"residents_est":9,"h3_10":"8a1e2e6a632ffff","h3_11":"8b1e2e6a632bfff"},"geometry":{"type":"Polygon","coordinates":[[[19.961588,50.100001],[19.961627,50.100001],[19.961623,50.099941],[19.961772,50.099938],[19.96178,50.100087],[19.961592,50.100092],[19.961588,50.100001]]]}},{"type":"Feature","id":"w396995986","properties":{"type":"kindergarten","levels":3.0,"address":"Stanisława Kostki Potockiego 19","residential":false,"residents_est":0,"h3_10":"8a1e2e6a632ffff","h3_11":"8b1e2e6a632bfff"},"geometry":{"type":"Polygon","coordinates":[[[19.961663,50.099686],[19.961872,50.099682],[19.961877,50.099848],[19.961673,50.099852],[19.961663,50.099686]]]}},{"type":"Feature","id":"w396996493","properties":{"type":"yes","address":"Aleja 29 Listopada 184","residential":true,"residents_est":3,"h3_10":"8a1e2e6a632ffff","h3_11":"8b1e2e6a632bfff"},"geometry":{"type":"Polygon","coordinates":[[[19.962016,50.099767],[19.96211,50.099765],[19.962112,50.099814],[19.962172,50.099812],[19.962174,50.099875],[19.962021,50.099877],[19.962016,50.099767]]]}},{"type":"Feature","id":"w396996494","properties":{"type":"yes","residential":true,"residents_est":4,"h3_10":"8a1e2e6a630ffff","h3_11":"8b1e2e6a630dfff"},"geometry":{"type":"Polygon","coordinates":[[[19.961969,50.099594],[19.962164,50.099592],[19.962167,50.099709],[19.961972,50.099711],[19.961969,50.099594]]]}},{"type":"Feature","id":"w398981819","properties":{"type":"retail","address":"Aleja 29 Listopada 149","name":"Autoremo","residential":false,"residents_est":0,"h3_10":"8a1e2e6a628ffff","h3_11":"8b1e2e6a628bfff"},"geometry":{"type":"Polygon","coordinates":[[[19.961661,50.09341],[19.962437,50.093016],[19.962628,50.093171],[19.962656,50.093157],[19.962719,50.093209],[19.962732,50.093393],[19.962059,50.093735],[19.962005,50.093691],[19.961942,50.093723],[19.961777,50.093589],[19.961841,50.093557],[19.961661,50.09341]]]}},{"type":"Feature","id":"w420778859","properties":{"type":"yes","residential":false,"residents_est":0,"h3_10":"8a1e2e6a6307fff","h3_11":"8b1e2e6a6306fff"},"geometry":{"type":"Polygon","coordinates":[[[19.959124,50.09957],[19.959162,50.099569],[19.959167,50.099626],[19.959129,50.099627],[19.959124,50.09957]]]}},{"type":"Feature","id":"w585496376","properties":{"type":"yes","address":"Kuźnicy Kołłątajowskiej 22A","residential":true,"residents_est":5,"h3_10":"8a1e2e6a6317fff","h3_11":"8b1e2e6a6310fff"},"geometry":{"type":"Polygon","coordinates":[[[19.958534,50.098521],[19.958787,50.09854],[19.958871,50.09854],[19.959007,50.09856],[19.959011,50.098594],[19.958545,50.098614],[19.958534,50.098521]]]}},{"type":"Feature","id":"w587668800","properties":{"type":"apartments","levels":8.0,"address":"Bociana 6B","residential":true,"residents_est":184,"h3_10":"8a1e2e6a6297fff","h3_11":"8b1e2e6a6296fff"},"geometry":{"type":"Polygon","coordinates":[[[19.957307,50.093903],[19.957414,50.093887],[19.957403,50.093842],[19.957418,50.093824],[19.957445,50.093814],[19.95788,50.093753],[19.957801,50.093522],[19.957981,50.093497],[19.958007,50.093572],[19.958053,50.093565],[19.958063,50.093595],[19.958017,50.093602],[19.958058,50.09372],[19.958104,50.093714],[19.958114,50.093744],[19.957961,50.09377],[19.957974,50.093809],[19.958008,50.093804],[19.958097,50.093854],[19.957326,50.093963],[19.957307,50.093903]]]}},{"type":"Feature","id":"w587668801","properties":{"type":"apartments","levels":8.0,"address":"Bociana 6C","residential":true,"residents_est":221,"h3_10":"8a1e2e6a6297fff","h3_11":"8b1e2e6a6290fff"},"geometry":{"type":"Polygon","coordinates":[[[19.957759,50.0934],[19.958338,50.093319],[19.958324,50.093279],[19.95841,50.093267],[19.958522,50.093423],[19.958528,50.093423],[19.958648,50.093776],[19.958469,50.093801],[19.958452,50.093751],[19.958427,50.093755],[19.958409,50.093701],[19.958387,50.093704],[19.958376,50.093674],[19.958423,50.093668],[19.958383,50.09355],[19.958337,50.093557],[19.958326,50.093527],[19.958372,50.09352],[19.958349,50.093449],[19.958007,50.093497],[19.958002,50.093479],[19.957928,50.09349],[19.957922,50.093473],[19.957791,50.093491],[19.957759,50.0934]]]}},{"type":"Feature","id":"w587671318","properties":{"type":"house","levels":3.0,"address":"Stanisława Kostki Potockiego 13","residential":true,"residents_est":8,"h3_10":"8a1e2e6a632ffff","h3_11":"8b1e2e6a632dfff"},"geometry":{"type":"Polygon","coordinates":[[[19.961637,50.100373],[19.961808,50.10037],[19.961811,50.100464],[19.961661,50.100466],[19.961661,50.100447],[19.96164,50.100448],[19.961637,50.100373]]]}},{"type":"Feature","id":"w589493051","properties":{"type":"house","address":"Powstańców 53","residential":true,"residents_est":4,"h3_10":"8a1e2e6a625ffff","h3_11":"8b1e2e6a625bfff"},"geometry":{"type":"Polygon","coordinates":[[[19.967868,50.09534],[19.967997,50.095337],[19.968003,50.095433],[19.967873,50.095435],[19.967868,50.09534]]]}},{"type":"Feature","id":"w589493052","properties":{"type":"industrial","residential":false,"residents_est":0,"h3_10":"8a1e2e6a625ffff","h3_11":"8b1e2e6a625afff"},"geometry":{"type":"Polygon","coordinates":[[[19.967109,50.095217],[19.967296,50.095214],[19.967296,50.095163],[19.967358,50.095158],[19.967362,50.095241],[19.967349,50.095241],[19.967363,50.095483],[19.967287,50.095485],[19.967293,50.095532],[19.967367,50.095528],[19.967369,50.09558],[19.96713,50.095585],[19.967109,50.095217]]]}},{"type":"Feature","id":"w589493053","properties":{"type":"detached","address":"Powstańców 41","residential":true,"residents_est":3,"h3_10":"8a1e2e6a62effff","h3_11":"8b1e2e6a62ebfff"},"geometry":{"type":"Polygon","coordinates":[[[19.96683,50.094878],[19.96683,50.094802],[19.966954,50.094805],[19.966956,50.094877],[19.96683,50.094878]]]}},{"type":"Feature","id":"w589493054","properties":{"type":"apartments","address":"Powstańców 37","residential":true,"residents_est":17,"h3_10":"8a1e2e6a62effff","h3_11":"8b1e2e6a62ebfff"},"geometry":{"type":"Polygon","coordinates":[[[19.966318,50.094582],[19.966452,50.09458],[19.966455,50.094679],[19.966416,50.094679],[19.966415,50.094666],[19.966384,50.094667],[19.966385,50.094709],[19.966408,50.094709],[19.96641,50.094768],[19.966323,50.094769],[19.966318,50.094582]]]}},{"type":"Feature","id":"w589493055","properties":{"type":"apartments","address":"Powstańców 35","residential":true,"residents_est":19,"h3_10":"8a1e2e6a62effff","h3_11":"8b1e2e6a62eafff"},"geometry":{"type":"Polygon","coordinates":[[[19.966168,50.094634],[19.966169,50.094582],[19.966318,50.094582],[19.966321,50.094738],[19.96619,50.094738],[19.966191,50.094682],[19.966185,50.094681],[19.966184,50.094634],[19.966168,50.094634]]]}},{"type":"Feature","id":"w592336571","properties":{"type":"residential","address":"Księdza Józefa Meiera 46","residential":true,"residents_est":12,"h3_10":"8a1e2e6a6267fff","h3_11":"8b1e2e6a6261fff"},"geometry":{"type":"Polygon","coordinates":[[[19.967377,50.097915],[19.967553,50.097912],[19.967558,50.098009],[19.967381,50.098011],[19.967377,50.097915]]]}},{"type":"Feature","id":"w592724354","properties":{"type":"apartments","address":"Liliowa 44","residential":true,"residents_est":9,"h3_10":"8a1e2e6a62f7fff","h3_11":"8b1e2e6a62f1fff"},"geometry":{"type":"Polygon","coordinates":[[[19.964088,50.094711],[19.964174,50.094711],[19.964175,50.094827],[19.964146,50.094827],[19.964145,50.094845],[19.964089,50.094846],[19.964088,50.094711]]]}},{"type":"Feature","id":"w592724355","properties":{"type":"apartments","address":"Liliowa 42","residential":true,"residents_est":11,"h3_10":"8a1e2e6a62f7fff","h3_11":"8b1e2e6a62f1fff"},"geometry":{"type":"Polygon","coordinates":[[[19.964063,50.094614],[19.96419,50.094612],[19.964193,50.094709],[19.964065,50.094711],[19.964063,50.094614]]]}},{"type":"Feature","id":"w592724356","properties":{"type":"apartments","address":"Powstańców 64","residential":true,"residents_est":7,"h3_10":"8a1e2e6a6247fff","h3_11":"8b1e2e6a6242fff"},"geometry":{"type":"Polygon","coordinates":[[[19.966959,50.09629],[19.967066,50.096289],[19.967063,50.096365],[19.96696,50.096364],[19.966959,50.09629]]]}},{"type":"Feature","id":"w592735485","properties":{"type":"detached","address":"Powstańców 45A","residential":true,"residents_est":6,"h3_10":"8a1e2e6a625ffff","h3_11":"8b1e2e6a625efff"},"geometry":{"type":"Polygon","coordinates":[[[19.967288,50.095825],[19.967468,50.095819],[19.967475,50.095908],[19.967356,50.095912],[19.967357,50.095926],[19.967304,50.095928],[19.967303,50.095915],[19.967295,50.095915],[19.967288,50.095825]]]}},{"type":"Feature","id":"w592735486","properties":{"type":"detached","address":"Powstańców 39","residential":true,"residents_est":3,"h3_10":"8a1e2e6a62effff","h3_11":"8b1e2e6a62e9fff"},"geometry":{"type":"Polygon","coordinates":[[[19.966665,50.094936],[19.966759,50.094935],[19.966766,50.095026],[19.966671,50.095028],[19.966665,50.094936]]]}},{"type":"Feature","id":"w592735487","properties":{"type":"apartments","address":"Powstańców 33","residential":true,"residents_est":19,"h3_10":"8a1e2e6a62effff","h3_11":"8b1e2e6a62eafff"},"geometry":{"type":"Polygon","coordinates":[[[19.965949,50.094413],[19.966054,50.094409],[19.966057,50.094441],[19.966045,50.094442],[19.966047,50.094468],[19.96606,50.094468],[19.966062,50.094499],[19.966051,50.0945],[19.966055,50.094554],[19.966067,50.094554],[19.966069,50.094585],[19.966057,50.094585],[19.966059,50.094612],[19.966072,50.094612],[19.966075,50.094643],[19.965969,50.094648],[19.965967,50.094617],[19.965977,50.094616],[19.965975,50.094588],[19.965964,50.094589],[19.965961,50.094557],[19.965972,50.094557],[19.965968,50.094503],[19.965957,50.094503],[19.965954,50.094472],[19.965965,50.094472],[19.965961,50.094444],[19.965951,50.094445],[19.965949,50.094413]]]}},{"type":"Feature","id":"w613903504","properties":{"type":"residential","levels":9.0,"address":"Księdza Józefa Meiera 16C","residential":true,"residents_est":216,"h3_10":"8a1e2e6a6357fff","h3_11":"8b1e2e6a6353fff"},"geometry":{"type":"Polygon","coordinates":[[[19.963801,50.098111],[19.964074,50.098108],[19.964077,50.098363],[19.964223,50.098568],[19.963972,50.098637],[19.963808,50.098399],[19.963801,50.098111]]]}},{"type":"Feature","id":"w669250477","properties":{"type":"residential","levels":5.0,"address":"Stefana Banacha 29A","residential":true,"residents_est":92,"h3_10":"8a1e2e6a6327fff","h3_11":"8b1e2e6a6325fff"},"geometry":{"type":"Polygon","coordinates":[[[19.95966,50.100745],[19.959898,50.100737],[19.959935,50.101184],[19.959697,50.101192],[19.95966,50.100745]]]}},{"type":"Feature","id":"w669250478","properties":{"type":"residential","levels":5.0,"address":"Stefana Banacha 29B","residential":true,"residents_est":93,"h3_10":"8a1e2e6a6327fff","h3_11":"8b1e2e6a6323fff"},"geometry":{"type":"Polygon","coordinates":[[[19.959617,50.100161],[19.959857,50.100153],[19.959892,50.1006],[19.959652,50.100608],[19.959617,50.100161]]]}},{"type":"Feature","id":"w713398139","properties":{"type":"apartments","levels":8.0,"residential":true,"residents_est":116,"h3_10":"8a1e2e6a6297fff","h3_11":"8b1e2e6a6292fff"},"geometry":{"type":"Polygon","coordinates":[[[19.957728,50.093045],[19.957764,50.093024],[19.95777,50.093028],[19.958132,50.092795],[19.95812,50.092781],[19.958178,50.092745],[19.958183,50.092748],[19.958171,50.092756],[19.958281,50.092827],[19.958292,50.09284],[19.958287,50.092864],[19.95818,50.092933],[19.958191,50.09294],[19.958145,50.092969],[19.958133,50.092962],[19.958064,50.093006],[19.95809,50.093023],[19.958056,50.093045],[19.958022,50.093023],[19.957968,50.093057],[19.957976,50.093062],[19.957964,50.09306],[19.957909,50.093094],[19.957944,50.093117],[19.957909,50.093139],[19.957882,50.093121],[19.95781,50.093166],[19.957766,50.093138],[19.957759,50.093119],[19.957753,50.09312],[19.957748,50.093111],[19.957755,50.09311],[19.957728,50.093045]]]}},{"type":"Feature","id":"w713398144","properties":{"type":"yes","residential":false,"residents_est":0,"h3_10":"8a1e2e6a62b7fff","h3_11":"8b1e2e6a62b0fff"},"geometry":{"type":"Polygon","coordinates":[[[19.957831,50.094503],[19.957875,50.094497],[19.95789,50.094549],[19.957846,50.094554],[19.957831,50.094503]]]}},{"type":"Feature","id":"w713398145","properties":{"type":"yes","residential":true,"residents_est":2,"h3_10":"8a1e2e6a62b7fff","h3_11":"8b1e2e6a62b6fff"},"geometry":{"type":"Polygon","coordinates":[[[19.957284,50.094614],[19.957411,50.094598],[19.957431,50.094661],[19.957303,50.094678],[19.957284,50.094614]]]}},{"type":"Feature","id":"w713398146","properties":{"type":"yes","residential":true,"residents_est":3,"h3_10":"8a1e2e6a62b7fff","h3_11":"8b1e2e6a62b6fff"},"geometry":{"type":"Polygon","coordinates":[[[19.957191,50.094507],[19.957347,50.094486],[19.957382,50.094601],[19.957226,50.094621],[19.957191,50.094507]]]}},{"type":"Feature","id":"w713398147","properties":{"type":"yes","residential":true,"residents_est":3,"h3_10":"8a1e2e6a62b7fff","h3_11":"8b1e2e6a62b2fff"},"geometry":{"type":"Polygon","coordinates":[[[19.957504,50.094176],[19.957557,50.09417],[19.957654,50.094496],[19.957602,50.094503],[19.957504,50.094176]]]}},{"type":"Feature","id":"w713398150","properties":{"type":"apartments","levels":8.0,"address":"Siewna 2D","residential":true,"residents_est":142,"h3_10":"8a1e2e6a62b7fff","h3_11":"8b1e2e6a62b3fff"},"geometry":{"type":"Polygon","coordinates":[[[19.958117,50.094036],[19.95825,50.094017],[19.958253,50.094025],[19.958307,50.094017],[19.958305,50.09401],[19.958408,50.093995],[19.958444,50.094086],[19.958425,50.094089],[19.958431,50.094107],[19.958446,50.094105],[19.958456,50.094134],[19.958497,50.094128],[19.958514,50.094178],[19.958385,50.094197],[19.958461,50.09442],[19.95826,50.094448],[19.958249,50.094417],[19.958269,50.094414],[19.958254,50.09437],[19.958234,50.094373],[19.958213,50.094309],[19.958233,50.094307],[19.958218,50.094263],[19.958198,50.094266],[19.958187,50.094234],[19.958203,50.094232],[19.958194,50.094205],[19.958172,50.094208],[19.958152,50.09415],[19.958173,50.094147],[19.958157,50.094099],[19.958139,50.094101],[19.958117,50.094036]]]}},{"type":"Feature","id":"w713405735","properties":{"type":"yes","residential":false,"residents_est":0,"h3_10":"8a1e2e6a6217fff","h3_11":"8b1e2e6a6210fff"},"geometry":{"type":"Polygon","coordinates":[[[19.961287,50.096024],[19.961354,50.096024],[19.961354,50.096077],[19.961287,50.096077],[19.961287,50.096024]]]}},{"type":"Feature","id":"w713405736","properties":{"type":"yes","residential":false,"residents_est":0,"h3_10":"8a1e2e6a6217fff","h3_11":"8b1e2e6a6213fff"},"geometry":{"type":"Polygon","coordinates":[[[19.961213,50.095769],[19.961296,50.095768],[19.961297,50.095804],[19.961213,50.095805],[19.961213,50.095769]]]}},{"type":"Feature","id":"w713405737","properties":{"type":"yes","residential":true,"residents_est":1,"h3_10":"8a1e2e6a6217fff","h3_11":"8b1e2e6a6212fff"},"geometry":{"type":"Polygon","coordinates":[[[19.960928,50.095702],[19.960995,50.095699],[19.961008,50.095812],[19.960941,50.095815],[19.960928,50.095702]]]}},{"type":"Feature","id":"w713405738","properties":{"type":"yes","residential":false,"residents_est":0,"h3_10":"8a1e2e6a62affff","h3_11":"8b1e2e6a62acfff"},"geometry":{"type":"Polygon","coordinates":[[[19.960915,50.09561],[19.960979,50.095607],[19.960986,50.095671],[19.960922,50.095674],[19.960915,50.09561]]]}},{"type":"Feature","id":"w713405741","properties":{"type":"yes","residential":false,"residents_est":0,"h3_10":"8a1e2e6a6217fff","h3_11":"8b1e2e6a6213fff"},"geometry":{"type":"Polygon","coordinates":[[[19.961105,50.095785],[19.961106,50.095756],[19.961188,50.095757],[19.961187,50.095785],[19.961105,50.095785]]]}},{"type":"Feature","id":"w713405742","properties":{"type":"yes","residential":true,"residents_est":1,"h3_10":"8a1e2e6a6217fff","h3_11":"8b1e2e6a6212fff"},"geometry":{"type":"Polygon","coordinates":[[[19.960654,50.095687],[19.960723,50.095686],[19.960729,50.095762],[19.960658,50.095764],[19.960654,50.095687]]]}},{"type":"Feature","id":"w713405743","properties":{"type":"yes","residential":true,"residents_est":2,"h3_10":"8a1e2e6a6217fff","h3_11":"8b1e2e6a6212fff"},"geometry":{"type":"Polygon","coordinates":[[[19.960648,50.095765],[19.960729,50.095762],[19.960737,50.095925],[19.960656,50.095926],[19.960648,50.095765]]]}},{"type":"Feature","id":"w713405744","properties":{"type":"yes","residential":true,"residents_est":2,"h3_10":"8a1e2e6a6217fff","h3_11":"8b1e2e6a6212fff"},"geometry":{"type":"Polygon","coordinates":[[[19.960655,50.095927],[19.96077,50.095926],[19.960769,50.096016],[19.960704,50.096018],[19.960707,50.09608],[19.960664,50.096079],[19.960655,50.095927]]]}},{"type":"Feature","id":"w713405745","properties":{"type":"yes","residential":false,"residents_est":0,"h3_10":"8a1e2e6a6217fff","h3_11":"8b1e2e6a6210fff"},"geometry":{"type":"Polygon","coordinates":[[[19.96118,50.096082],[19.96118,50.096019],[19.961239,50.096018],[19.961238,50.096082],[19.96118,50.096082]]]}},{"type":"Feature","id":"w713405746","properties":{"type":"yes","residential":true,"residents_est":5,"h3_10":"8a1e2e6a6217fff","h3_11":"8b1e2e6a6210fff"},"geometry":{"type":"Polygon","coordinates":[[[19.960704,50.096018],[19.96118,50.096019],[19.96118,50.096082],[19.960707,50.09608],[19.960704,50.096018]]]}},{"type":"Feature","id":"w713405747","properties":{"type":"yes","residential":false,"residents_est":0,"h3_10":"8a1e2e6a62affff","h3_11":"8b1e2e6a62a8fff"},"geometry":{"type":"Polygon","coordinates":[[[19.960988,50.094947],[19.96105,50.094945],[19.961054,50.094996],[19.960992,50.094998],[19.960988,50.094947]]]}},{"type":"Feature","id":"w713405748","properties":{"type":"yes","residential":true,"residents_est":0,"h3_10":"8a1e2e6a62affff","h3_11":"8b1e2e6a62aefff"},"geometry":{"type":"Polygon","coordinates":[[[19.960815,50.095055],[19.960912,50.095053],[19.960915,50.095114],[19.960818,50.095116],[19.960815,50.095055]]]}},{"type":"Feature","id":"w713405749","properties":{"type":"yes","residential":true,"residents_est":0,"h3_10":"8a1e2e6a62affff","h3_11":"8b1e2e6a62a8fff"},"geometry":{"type":"Polygon","coordinates":[[[19.960998,50.095146],[19.961067,50.095144],[19.961072,50.095222],[19.961003,50.095224],[19.960998,50.095146]]]}},{"type":"Feature","id":"w713405756","properties":{"type":"yes","levels":2.0,"address":"Aleja 29 Listopada 153","residential":true,"residents_est":3,"h3_10":"8a1e2e6a62affff","h3_11":"8b1e2e6a62abfff"},"geometry":{"type":"Polygon","coordinates":[[[19.961778,50.094586],[19.96196,50.094583],[19.961964,50.094676],[19.961781,50.09468],[19.961778,50.094586]]]}},{"type":"Feature","id":"w713405757","properties":{"type":"yes","residential":true,"residents_est":3,"h3_10":"8a1e2e6a62affff","h3_11":"8b1e2e6a62abfff"},"geometry":{"type":"Polygon","coordinates":[[[19.961773,50.094476],[19.961955,50.094473],[19.96196,50.094583],[19.961778,50.094586],[19.961773,50.094476]]]}},{"type":"Feature","id":"w713405758","properties":{"type":"yes","residential":false,"residents_est":0,"h3_10":"8a1e2e6a62affff","h3_11":"8b1e2e6a62abfff"},"geometry":{"type":"Polygon","coordinates":[[[19.961786,50.094716],[19.961801,50.094715],[19.9618,50.094706],[19.961837,50.094705],[19.96184,50.094758],[19.961788,50.09476],[19.961786,50.094716]]]}},{"type":"Feature","id":"w713405759","properties":{"type":"yes","address":"Aleja 29 Listopada 155a","residential":true,"residents_est":6,"h3_10":"8a1e2e6a62affff","h3_11":"8b1e2e6a62a9fff"},"geometry":{"type":"Polygon","coordinates":[[[19.961799,50.095006],[19.961917,50.095059],[19.96199,50.095279],[19.961943,50.095323],[19.961864,50.095288],[19.961799,50.095006]]]}},{"type":"Feature","id":"w713405760","properties":{"type":"yes","residential":true,"residents_est":2,"h3_10":"8a1e2e6a62affff","h3_11":"8b1e2e6a62a9fff"},"geometry":{"type":"Polygon","coordinates":[[[19.961758,50.094961],[19.961963,50.094929],[19.962082,50.094925],[19.962086,50.094975],[19.9618,50.094985],[19.961758,50.094961]]]}},{"type":"Feature","id":"w713405761","properties":{"type":"yes","residential":false,"residents_est":0,"h3_10":"8a1e2e6a62affff","h3_11":"8b1e2e6a62a9fff"},"geometry":{"type":"Polygon","coordinates":[[[19.962012,50.095076],[19.962094,50.095071],[19.962099,50.095115],[19.962037,50.095118],[19.962015,50.095105],[19.962012,50.095076]]]}},{"type":"Feature","id":"w713405762","properties":{"type":"yes","levels":1.0,"residential":true,"residents_est":2,"h3_10":"8a1e2e6a62affff","h3_11":"8b1e2e6a62a9fff"},"geometry":{"type":"Polygon","coordinates":[[[19.9618,50.094985],[19.962086,50.094975],[19.962094,50.095071],[19.961965,50.095076],[19.961803,50.095002],[19.9618,50.094985]]]}},{"type":"Feature","id":"w713405763","properties":{"type":"yes","residential":false,"residents_est":0,"h3_10":"8a1e2e6a62e7fff","h3_11":"8b1e2e6a62e2fff"},"geometry":{"type":"Polygon","coordinates":[[[19.964113,50.094958],[19.964114,50.094941],[19.964137,50.094941],[19.964138,50.094967],[19.964222,50.094967],[19.964221,50.095003],[19.964216,50.095007],[19.964113,50.094958]]]}},{"type":"Feature","id":"w713405764","properties":{"type":"yes","residential":false,"residents_est":0,"h3_10":"8a1e2e6a62e7fff","h3_11":"8b1e2e6a62e2fff"},"geometry":{"type":"Polygon","coordinates":[[[19.964138,50.094967],[19.964138,50.094913],[19.964224,50.094913],[19.964223,50.094967],[19.964138,50.094967]]]}},{"type":"Feature","id":"w713405765","properties":{"type":"yes","residential":true,"residents_est":2,"h3_10":"8a1e2e6a62c7fff","h3_11":"8b1e2e6a62c6fff"},"geometry":{"type":"Polygon","coordinates":[[[19.964103,50.094524],[19.964111,50.094406],[19.964193,50.094409],[19.964185,50.094527],[19.964103,50.094524]]]}},{"type":"Feature","id":"w727060611","properties":{"type":"yes","residential":false,"residents_est":0,"h3_10":"8a1e2e6a6347fff","h3_11":"8b1e2e6a6341fff"},"geometry":{"type":"Polygon","coordinates":[[[19.965687,50.099346],[19.96576,50.099345],[19.965763,50.099396],[19.965689,50.099397],[19.965687,50.099346]]]}},{"type":"Feature","id":"w727060614","properties":{"type":"yes","residential":false,"residents_est":0,"h3_10":"8a1e2e6a622ffff","h3_11":"8b1e2e6a622dfff"},"geometry":{"type":"Polygon","coordinates":[[[19.964305,50.097893],[19.964364,50.097893],[19.964364,50.097946],[19.964305,50.097946],[19.964305,50.097893]]]}},{"type":"Feature","id":"w727060619","properties":{"type":"greenhouse","residential":false,"residents_est":0,"h3_10":"8a1e2e6a622ffff","h3_11":"8b1e2e6a6228fff"},"geometry":{"type":"Polygon","coordinates":[[[19.963831,50.097631],[19.963875,50.09763],[19.963881,50.097735],[19.963837,50.097736],[19.963831,50.097631]]]}},{"type":"Feature","id":"w727060648","properties":{"type":"yes","residential":true,"residents_est":5,"h3_10":"8a1e2e6a632ffff","h3_11":"8b1e2e6a6329fff"},"geometry":{"type":"Polygon","coordinates":[[[19.962025,50.099959],[19.96235,50.099954],[19.962355,50.100038],[19.962029,50.100044],[19.962025,50.099959]]]}},{"type":"Feature","id":"w727060649","properties":{"type":"yes","residential":true,"residents_est":1,"h3_10":"8a1e2e6a632ffff","h3_11":"8b1e2e6a632bfff"},"geometry":{"type":"Polygon","coordinates":[[[19.962022,50.0999],[19.962143,50.099898],[19.962146,50.099957],[19.962025,50.099959],[19.962022,50.0999]]]}},{"type":"Feature","id":"w727060650","properties":{"type":"yes","residential":true,"residents_est":18,"h3_10":"8a1e2e6a630ffff","h3_11":"8b1e2e6a630cfff"},"geometry":{"type":"Polygon","coordinates":[[[19.9615,50.099459],[19.961927,50.099447],[19.961937,50.099569],[19.961504,50.09958],[19.9615,50.099459]]]}},{"type":"Feature","id":"w727060651","properties":{"type":"yes","address":"Stanisława Kostki Potockiego 30","residential":true,"residents_est":2,"h3_10":"8a1e2e6a630ffff","h3_11":"8b1e2e6a630cfff"},"geometry":{"type":"Polygon","coordinates":[[[19.961056,50.099514],[19.961246,50.099508],[19.961251,50.099579],[19.961061,50.099584],[19.961056,50.099514]]]}},{"type":"Feature","id":"w727073611","properties":{"type":"yes","residential":false,"residents_est":0,"h3_10":"8a1e2e6a6257fff","h3_11":"8b1e2e6a6251fff"},"geometry":{"type":"Polygon","coordinates":[[[19.966863,50.096286],[19.966865,50.096232],[19.966931,50.096232],[19.966929,50.096287],[19.966863,50.096286]]]}},{"type":"Feature","id":"w727073612","properties":{"type":"yes","residential":false,"residents_est":0,"h3_10":"8a1e2e6a6247fff","h3_11":"8b1e2e6a6242fff"},"geometry":{"type":"Polygon","coordinates":[[[19.967063,50.096365],[19.967066,50.096289],[19.967118,50.09629],[19.967116,50.096366],[19.967063,50.096365]]]}},{"type":"Feature","id":"w727073614","properties":{"type":"yes","residential":true,"residents_est":1,"h3_10":"8a1e2e6a625ffff","h3_11":"8b1e2e6a625bfff"},"geometry":{"type":"Polygon","coordinates":[[[19.96794,50.095514],[19.968012,50.095513],[19.96802,50.095593],[19.967948,50.095595],[19.96794,50.095514]]]}},{"type":"Feature","id":"w727073615","properties":{"type":"yes","residential":true,"residents_est":1,"h3_10":"8a1e2e6a625ffff","h3_11":"8b1e2e6a625bfff"},"geometry":{"type":"Polygon","coordinates":[[[19.967935,50.095435],[19.968003,50.095433],[19.968003,50.095412],[19.968029,50.095411],[19.968036,50.095511],[19.96794,50.095514],[19.967935,50.095435]]]}},{"type":"Feature","id":"w727073617","properties":{"type":"yes","residential":false,"residents_est":0,"h3_10":"8a1e2e6a62effff","h3_11":"8b1e2e6a62e8fff"},"geometry":{"type":"Polygon","coordinates":[[[19.966513,50.095137],[19.966557,50.095136],[19.96656,50.095181],[19.966515,50.095181],[19.966513,50.095137]]]}},{"type":"Feature","id":"w727073619","properties":{"type":"yes","residential":false,"residents_est":0,"h3_10":"8a1e2e6a62d7fff","h3_11":"8b1e2e6a62d1fff"},"geometry":{"type":"Polygon","coordinates":[[[19.963819,50.093758],[19.963822,50.093716],[19.96392,50.093721],[19.963918,50.093761],[19.963819,50.093758]]]}},{"type":"Feature","id":"w727073620","properties":{"type":"yes","residential":true,"residents_est":1,"h3_10":"8a1e2e6a62effff","h3_11":"8b1e2e6a62eafff"},"geometry":{"type":"Polygon","coordinates":[[[19.965764,50.094606],[19.965843,50.094606],[19.965846,50.094677],[19.965768,50.094678],[19.965764,50.094606]]]}},{"type":"Feature","id":"w727073621","properties":{"type":"yes","residential":true,"residents_est":1,"h3_10":"8a1e2e6a62effff","h3_11":"8b1e2e6a62eafff"},"geometry":{"type":"Polygon","coordinates":[[[19.965749,50.094534],[19.96585,50.094533],[19.965853,50.094605],[19.965752,50.094606],[19.965749,50.094534]]]}},{"type":"Feature","id":"w727073622","properties":{"type":"yes","residential":false,"residents_est":0,"h3_10":"8a1e2e6a62effff","h3_11":"8b1e2e6a62eafff"},"geometry":{"type":"Polygon","coordinates":[[[19.966119,50.094592],[19.966168,50.094591],[19.966168,50.094634],[19.966184,50.094634],[19.966185,50.094681],[19.966126,50.094683],[19.966119,50.094592]]]}},{"type":"Feature","id":"w727073623","properties":{"type":"yes","residential":false,"residents_est":0,"h3_10":"8a1e2e6a62effff","h3_11":"8b1e2e6a62e9fff"},"geometry":{"type":"Polygon","coordinates":[[[19.966834,50.09495],[19.966911,50.094949],[19.96691,50.09498],[19.966837,50.094981],[19.966834,50.09495]]]}},{"type":"Feature","id":"w727073624","properties":{"type":"yes","residential":true,"residents_est":1,"h3_10":"8a1e2e6a62effff","h3_11":"8b1e2e6a62e8fff"},"geometry":{"type":"Polygon","coordinates":[[[19.966557,50.095136],[19.966685,50.095131],[19.966688,50.095196],[19.966563,50.095207],[19.966557,50.095136]]]}},{"type":"Feature","id":"w727073625","properties":{"type":"yes","address":"Powstańców 45","residential":true,"residents_est":1,"h3_10":"8a1e2e6a62effff","h3_11":"8b1e2e6a62e9fff"},"geometry":{"type":"Polygon","coordinates":[[[19.96718,50.095148],[19.967304,50.095146],[19.967305,50.095163],[19.967296,50.095163],[19.967296,50.095214],[19.967183,50.095216],[19.96718,50.095148]]]}},{"type":"Feature","id":"w727094487","properties":{"type":"yes","address":"Kuźnicy Kołłątajowskiej 23T","residential":true,"residents_est":1,"h3_10":"8a1e2e6a63b7fff","h3_11":"8b1e2e6a63b3fff"},"geometry":{"type":"Polygon","coordinates":[[[19.956325,50.096908],[19.956331,50.096907],[19.956326,50.096878],[19.956458,50.096867],[19.956469,50.096925],[19.95633,50.096937],[19.956325,50.096908]]]}},{"type":"Feature","id":"w727094488","properties":{"type":"yes","address":"Kuźnicy Kołłątajowskiej 23S","residential":true,"residents_est":0,"h3_10":"8a1e2e6a6387fff","h3_11":"8b1e2e6a6386fff"},"geometry":{"type":"Polygon","coordinates":[[[19.95633,50.096937],[19.956469,50.096925],[19.95648,50.096984],[19.956348,50.096994],[19.95633,50.096937]]]}},{"type":"Feature","id":"w727094489","properties":{"type":"yes","address":"Kuźnicy Kołłątajowskiej 23R","residential":true,"residents_est":1,"h3_10":"8a1e2e6a63b7fff","h3_11":"8b1e2e6a63b1fff"},"geometry":{"type":"Polygon","coordinates":[[[19.956346,50.097024],[19.956353,50.097023],[19.956348,50.096994],[19.95648,50.096984],[19.956491,50.097042],[19.956352,50.097053],[19.956346,50.097024]]]}},{"type":"Feature","id":"w727094490","properties":{"type":"yes","address":"Kuźnicy Kołłątajowskiej 23P","residential":true,"residents_est":1,"h3_10":"8a1e2e6a63b7fff","h3_11":"8b1e2e6a63b1fff"},"geometry":{"type":"Polygon","coordinates":[[[19.956352,50.097053],[19.956491,50.097042],[19.956502,50.097099],[19.956369,50.09711],[19.956352,50.097053]]]}},{"type":"Feature","id":"w727094491","properties":{"type":"yes","address":"Kuźnicy Kołłątajowskiej 23N","residential":true,"residents_est":1,"h3_10":"8a1e2e6a63b7fff","h3_11":"8b1e2e6a63b1fff"},"geometry":{"type":"Polygon","coordinates":[[[19.956368,50.097139],[19.956374,50.097139],[19.956369,50.09711],[19.956502,50.097099],[19.956512,50.097158],[19.956373,50.097169],[19.956368,50.097139]]]}},{"type":"Feature","id":"w727094492","properties":{"type":"yes","address":"Kuźnicy Kołłątajowskiej 23M","residential":true,"residents_est":1,"h3_10":"8a1e2e6a63b7fff","h3_11":"8b1e2e6a63b1fff"},"geometry":{"type":"Polygon","coordinates":[[[19.956373,50.097169],[19.956512,50.097158],[19.956523,50.097215],[19.956391,50.097226],[19.956373,50.097169]]]}},{"type":"Feature","id":"w727094493","properties":{"type":"yes","address":"Kuźnicy Kołłątajowskiej 23L","residential":true,"residents_est":1,"h3_10":"8a1e2e6a63b7fff","h3_11":"8b1e2e6a63b1fff"},"geometry":{"type":"Polygon","coordinates":[[[19.956389,50.097256],[19.956396,50.097255],[19.956391,50.097226],[19.956523,50.097215],[19.956534,50.097274],[19.956395,50.097285],[19.956389,50.097256]]]}},{"type":"Feature","id":"w727094494","properties":{"type":"yes","address":"Kuźnicy Kołłątajowskiej 23K","residential":true,"residents_est":1,"h3_10":"8a1e2e6a63b7fff","h3_11":"8b1e2e6a63b1fff"},"geometry":{"type":"Polygon","coordinates":[[[19.956395,50.097285],[19.956534,50.097274],[19.956545,50.097332],[19.956413,50.097342],[19.956407,50.097315],[19.9564,50.097315],[19.956395,50.097285]]]}},{"type":"Feature","id":"w727094495","properties":{"type":"yes","address":"Kuźnicy Kołłątajowskiej 23J","residential":true,"residents_est":1,"h3_10":"8a1e2e6a63b7fff","h3_11":"8b1e2e6a63b1fff"},"geometry":{"type":"Polygon","coordinates":[[[19.956411,50.097372],[19.956418,50.097372],[19.956413,50.097342],[19.956545,50.097332],[19.956556,50.09739],[19.956416,50.097401],[19.956411,50.097372]]]}},{"type":"Feature","id":"w727094496","properties":{"type":"yes","address":"Kuźnicy Kołłątajowskiej 23I","residential":true,"residents_est":4,"h3_10":"8a1e2e6a63a7fff","h3_11":"8b1e2e6a63a2fff"},"geometry":{"type":"Polygon","coordinates":[[[19.956416,50.097401],[19.956556,50.09739],[19.95659,50.097571],[19.95645,50.097578],[19.956429,50.09743],[19.956422,50.097431],[19.956416,50.097401]]]}},{"type":"Feature","id":"w727094497","properties":{"type":"yes","address":"Kuźnicy Kołłątajowskiej 23U","residential":true,"residents_est":1,"h3_10":"8a1e2e6a63b7fff","h3_11":"8b1e2e6a63b3fff"},"geometry":{"type":"Polygon","coordinates":[[[19.956308,50.096821],[19.956447,50.096809],[19.956458,50.096867],[19.956326,50.096878],[19.956308,50.096821]]]}},{"type":"Feature","id":"w727094498","properties":{"type":"yes","address":"Kuźnicy Kołłątajowskiej 23W","residential":true,"residents_est":1,"h3_10":"8a1e2e6a63b7fff","h3_11":"8b1e2e6a63b3fff"},"geometry":{"type":"Polygon","coordinates":[[[19.956303,50.096791],[19.95631,50.096791],[19.956304,50.096762],[19.956437,50.096751],[19.956447,50.096809],[19.956308,50.096821],[19.956303,50.096791]]]}},{"type":"Feature","id":"w727094499","properties":{"type":"yes","residential":false,"residents_est":0,"h3_10":"8a1e2e6a63a7fff","h3_11":"8b1e2e6a63a2fff"},"geometry":{"type":"Polygon","coordinates":[[[19.956755,50.097523],[19.956822,50.097518],[19.956829,50.097556],[19.956761,50.097561],[19.956755,50.097523]]]}},{"type":"Feature","id":"w727094501","properties":{"type":"yes","residential":false,"residents_est":0,"h3_10":"8a1e2e6a63affff","h3_11":"8b1e2e6a63aafff"},"geometry":{"type":"Polygon","coordinates":[[[19.958148,50.097304],[19.958221,50.0973],[19.95823,50.097368],[19.958178,50.097372],[19.958176,50.097365],[19.958161,50.097366],[19.958148,50.097304]]]}},{"type":"Feature","id":"w744505698","properties":{"type":"retail","address":"Powstańców 28D","residential":false,"residents_est":0,"h3_10":"8a1e2e6a62cffff","h3_11":"8b1e2e6a62c9fff"},"geometry":{"type":"Polygon","coordinates":[[[19.967243,50.093975],[19.967309,50.093975],[19.967308,50.09403],[19.967244,50.09403],[19.967243,50.093975]]]}},{"type":"Feature","id":"w744505699","properties":{"type":"retail","address":"Powstańców 28C","residential":false,"residents_est":0,"h3_10":"8a1e2e6a62cffff","h3_11":"8b1e2e6a62c9fff"},"geometry":{"type":"Polygon","coordinates":[[[19.96718,50.093972],[19.96723,50.093972],[19.967232,50.094037],[19.96718,50.094037],[19.96718,50.093972]]]}},{"type":"Feature","id":"w744505700","properties":{"type":"retail","address":"Powstańców 28B","residential":false,"residents_est":0,"h3_10":"8a1e2e6a62cffff","h3_11":"8b1e2e6a62c9fff"},"geometry":{"type":"Polygon","coordinates":[[[19.967051,50.094065],[19.967053,50.094038],[19.967087,50.094039],[19.967091,50.093992],[19.967156,50.093994],[19.96715,50.09407],[19.967051,50.094065]]]}},{"type":"Feature","id":"w921842907","properties":{"type":"yes","residential":false,"residents_est":0,"h3_10":"8a1e2e6a636ffff","h3_11":"8b1e2e6a6369fff"},"geometry":{"type":"Polygon","coordinates":[[[19.96718,50.100341],[19.967233,50.100339],[19.967235,50.10038],[19.967182,50.100381],[19.96718,50.100341]]]}},{"type":"Feature","id":"w926863121","properties":{"type":"apartments","levels":9.0,"address":"Aleja 29 Listopada 193B","residential":true,"residents_est":103,"h3_10":"8a1e2e6a6367fff","h3_11":"8b1e2e6a6365fff"},"geometry":{"type":"Polygon","coordinates":[[[19.964798,50.100577],[19.965044,50.10057],[19.965067,50.100841],[19.96482,50.100848],[19.964798,50.100577]]]}},{"type":"Feature","id":"w968860971","properties":{"type":"school","address":"Księdza Józefa Meiera 16D","residential":false,"residents_est":0,"h3_10":"8a1e2e6a6357fff","h3_11":"8b1e2e6a6355fff"},"geometry":{"type":"Polygon","coordinates":[[[19.963575,50.099094],[19.963582,50.098758],[19.964284,50.098763],[19.964278,50.099097],[19.963575,50.099094]]]}},{"type":"Feature","id":"w968860973","properties":{"type":"yes","residential":true,"residents_est":3,"h3_10":"8a1e2e6a622ffff","h3_11":"8b1e2e6a622dfff"},"geometry":{"type":"Polygon","coordinates":[[[19.96407,50.097812],[19.964266,50.097809],[19.964271,50.097894],[19.964075,50.097898],[19.96407,50.097812]]]}},{"type":"Feature","id":"w978129454","properties":{"type":"apartments","levels":9.0,"address":"Aleja 29 Listopada 193A","residential":true,"residents_est":104,"h3_10":"8a1e2e6a6367fff","h3_11":"8b1e2e6a6365fff"},"geometry":{"type":"Polygon","coordinates":[[[19.964833,50.100983],[19.965079,50.100976],[19.965102,50.101246],[19.964854,50.101254],[19.964833,50.100983]]]}},{"type":"Feature","id":"w992545906","properties":{"type":"service","residential":false,"residents_est":0,"h3_10":"8a1e2e6a62dffff","h3_11":"8b1e2e6a62ddfff"},"geometry":{"type":"Polygon","coordinates":[[[19.965796,50.093712],[19.965833,50.093674],[19.965894,50.093699],[19.965857,50.093736],[19.965796,50.093712]]]}},{"type":"Feature","id":"w1038790247","properties":{"type":"residential","levels":10.0,"address":"Księdza Józefa Meiera 16E","residential":true,"residents_est":485,"h3_10":"8a1e2e6a6377fff","h3_11":"8b1e2e6a6371fff"},"geometry":{"type":"Polygon","coordinates":[[[19.963604,50.09934],[19.963677,50.099339],[19.963677,50.099351],[19.963715,50.099349],[19.963714,50.099336],[19.963803,50.099334],[19.963803,50.099346],[19.963919,50.099344],[19.96392,50.099329],[19.964007,50.099328],[19.964008,50.099339],[19.964126,50.099332],[19.964134,50.099474],[19.964119,50.099486],[19.964124,50.099552],[19.964141,50.099561],[19.964147,50.09964],[19.964131,50.099654],[19.964138,50.099721],[19.964153,50.099729],[19.964161,50.099811],[19.964143,50.09982],[19.964149,50.099887],[19.964167,50.099897],[19.964173,50.09998],[19.964157,50.099989],[19.964161,50.100056],[19.96418,50.100067],[19.964191,50.10022],[19.964111,50.100224],[19.964109,50.10021],[19.963688,50.100224],[19.963684,50.100164],[19.963749,50.100162],[19.963744,50.100091],[19.963758,50.100091],[19.963757,50.100078],[19.963825,50.100076],[19.963826,50.100089],[19.963908,50.100086],[19.963907,50.100074],[19.963944,50.100073],[19.963943,50.100054],[19.963927,50.100055],[19.963885,50.099473],[19.963687,50.099479],[19.963687,50.099492],[19.963614,50.099495],[19.963611,50.099445],[19.96363,50.099444],[19.963627,50.099391],[19.963606,50.099392],[19.963604,50.09934]]]}},{"type":"Feature","id":"w1049554549","properties":{"type":"office","levels":2.0,"address":"Powstańców 65","residential":false,"residents_est":0,"h3_10":"8a1e2e6a624ffff","h3_11":"8b1e2e6a624dfff"},"geometry":{"type":"Polygon","coordinates":[[[19.969552,50.096799],[19.969555,50.09664],[19.969639,50.096643],[19.969641,50.09666],[19.969727,50.096662],[19.96981,50.096685],[19.969807,50.096841],[19.969716,50.096841],[19.969716,50.09682],[19.969632,50.096819],[19.969632,50.096801],[19.969552,50.096799]]]}},{"type":"Feature","id":"w1049554550","properties":{"type":"outbuilding","levels":1.0,"residential":false,"residents_est":0,"h3_10":"8a1e2e6a6377fff","h3_11":"8b1e2e6a6376fff"},"geometry":{"type":"Polygon","coordinates":[[[19.962295,50.099743],[19.962423,50.099742],[19.962424,50.099787],[19.962295,50.099788],[19.962295,50.099743]]]}},{"type":"Feature","id":"w1049554652","properties":{"type":"outbuilding","levels":1.0,"residential":false,"residents_est":0,"h3_10":"8a1e2e6a6237fff","h3_11":"8b1e2e6a6230fff"},"geometry":{"type":"Polygon","coordinates":[[[19.96036,50.097341],[19.960361,50.097287],[19.960395,50.097286],[19.960393,50.097229],[19.960427,50.097228],[19.960428,50.097342],[19.96036,50.097341]]]}},{"type":"Feature","id":"w1049554654","properties":{"type":"detached","levels":2.0,"residential":true,"residents_est":12,"h3_10":"8a1e2e6a625ffff","h3_11":"8b1e2e6a625dfff"},"geometry":{"type":"Polygon","coordinates":[[[19.967808,50.096017],[19.96802,50.096012],[19.968031,50.09617],[19.967818,50.096175],[19.967808,50.096017]]]}},{"type":"Feature","id":"w1049554660","properties":{"type":"warehouse","levels":1.0,"residential":false,"residents_est":0,"h3_10":"8a1e2e6a6377fff","h3_11":"8b1e2e6a6374fff"},"geometry":{"type":"Polygon","coordinates":[[[19.962522,50.10018],[19.962634,50.100177],[19.962642,50.100345],[19.962531,50.100348],[19.962522,50.10018]]]}},{"type":"Feature","id":"w1049554661","properties":{"type":"outbuilding","levels":1.0,"residential":false,"residents_est":0,"h3_10":"8a1e2e6a625ffff","h3_11":"8b1e2e6a625efff"},"geometry":{"type":"Polygon","coordinates":[[[19.96713,50.095585],[19.967369,50.095581],[19.967376,50.095731],[19.967137,50.095735],[19.96713,50.095585]]]}},{"type":"Feature","id":"w1049554685","properties":{"type":"yes","levels":1.0,"residential":true,"residents_est":2,"h3_10":"8a1e2e6a632ffff","h3_11":"8b1e2e6a632dfff"},"geometry":{"type":"Polygon","coordinates":[[[19.96173,50.10064],[19.961899,50.100636],[19.961905,50.100752],[19.961739,50.100756],[19.96173,50.10064]]]}},{"type":"Feature","id":"w1107306043","properties":{"type":"apartments","address":"Siewna 2C","residential":true,"residents_est":111,"h3_10":"8a1e2e6a62b7fff","h3_11":"8b1e2e6a62b1fff"},"geometry":{"type":"Polygon","coordinates":[[[19.958259,50.094473],[19.958272,50.09447],[19.95826,50.094448],[19.958437,50.094424],[19.958456,50.094472],[19.958498,50.094464],[19.958501,50.094478],[19.958559,50.094471],[19.958561,50.094459],[19.958605,50.094453],[19.958612,50.094461],[19.958628,50.094458],[19.958625,50.094444],[19.958719,50.094432],[19.958723,50.094446],[19.958918,50.094417],[19.958898,50.09436],[19.959071,50.094334],[19.959118,50.094468],[19.959135,50.094466],[19.959154,50.09451],[19.959039,50.094525],[19.959043,50.094535],[19.958961,50.094545],[19.958959,50.094536],[19.958807,50.094556],[19.958808,50.094566],[19.958673,50.094586],[19.95867,50.094577],[19.958503,50.094599],[19.958507,50.094611],[19.958424,50.09462],[19.958425,50.094608],[19.958306,50.094628],[19.958297,50.094585],[19.95831,50.094581],[19.958295,50.094533],[19.958277,50.094532],[19.958259,50.094473]]]}},{"type":"Feature","id":"w1107306044","properties":{"type":"apartments","address":"Siewna 2B","residential":true,"residents_est":89,"h3_10":"8a1e2e6a6297fff","h3_11":"8b1e2e6a6295fff"},"geometry":{"type":"Polygon","coordinates":[[[19.958735,50.093949],[19.958835,50.093934],[19.95884,50.093944],[19.95886,50.093939],[19.958858,50.093932],[19.959025,50.093908],[19.959044,50.093969],[19.959029,50.093974],[19.959045,50.094022],[19.959064,50.094021],[19.959083,50.094079],[19.959067,50.094084],[19.959076,50.094141],[19.95906,50.094146],[19.959068,50.094188],[19.959092,50.094186],[19.959112,50.094249],[19.959094,50.09425],[19.959108,50.094295],[19.959127,50.094294],[19.959136,50.094325],[19.958939,50.094354],[19.958863,50.09413],[19.958752,50.094145],[19.958735,50.094098],[19.958766,50.094093],[19.958757,50.094065],[19.958777,50.094058],[19.958735,50.093949]]]}},{"type":"Feature","id":"w1152213713","properties":{"type":"yes","residential":false,"residents_est":0,"h3_10":"8a1e2e6a63a7fff","h3_11":"8b1e2e6a63a0fff"},"geometry":{"type":"Polygon","coordinates":[[[19.957162,50.098128],[19.95725,50.098125],[19.957251,50.098161],[19.957164,50.098163],[19.957162,50.098128]]]}},{"type":"Feature","id":"w1206233481","properties":{"type":"service","residential":false,"residents_est":0,"h3_10":"8a1e2e6a6397fff","h3_11":"8b1e2e6a6393fff"},"geometry":{"type":"Polygon","coordinates":[[[19.956116,50.095671],[19.956239,50.095657],[19.956294,50.095856],[19.956171,50.09587],[19.956116,50.095671]]]}},{"type":"Feature","id":"w1211607752","properties":{"type":"yes","residential":true,"residents_est":13,"h3_10":"8a1e2e6a6397fff","h3_11":"8b1e2e6a6391fff"},"geometry":{"type":"Polygon","coordinates":[[[19.956391,50.095947],[19.956816,50.095917],[19.956832,50.096006],[19.956407,50.096037],[19.956391,50.095947]]]}},{"type":"Feature","id":"w1227382268","properties":{"type":"construction","address":"Siewna 2A","residential":false,"residents_est":0,"h3_10":"8a1e2e6a6287fff","h3_11":"8b1e2e6a6282fff"},"geometry":{"type":"Polygon","coordinates":[[[19.959142,50.093767],[19.959349,50.093652],[19.959792,50.093979],[19.959657,50.094054],[19.959595,50.09401],[19.95957,50.094023],[19.959494,50.093968],[19.95952,50.093953],[19.959335,50.093816],[19.959262,50.093857],[19.959142,50.093767]]]}},{"type":"Feature","id":"w1228390904","properties":{"type":"yes","residential":false,"residents_est":0,"h3_10":"8a1e2e6a63affff","h3_11":"8b1e2e6a63abfff"},"geometry":{"type":"Polygon","coordinates":[[[19.959084,50.097159],[19.959168,50.097159],[19.959167,50.097184],[19.959084,50.097185],[19.959084,50.097159]]]}},{"type":"Feature","id":"w1228390913","properties":{"type":"commercial","address":"Kuźnicy Kołłątajowskiej 3","name":"KFC","residential":false,"residents_est":0,"h3_10":"8a1e2e6a6227fff","h3_11":"8b1e2e6a6222fff"},"geometry":{"type":"Polygon","coordinates":[[[19.961541,50.097482],[19.961682,50.097479],[19.961684,50.097507],[19.961707,50.097507],[19.961715,50.097658],[19.96155,50.097662],[19.961541,50.097482]]]}},{"type":"Feature","id":"w1229029013","properties":{"type":"yes","residential":true,"residents_est":5,"h3_10":"8a1e2e6a638ffff","h3_11":"8b1e2e6a638dfff"},"geometry":{"type":"Polygon","coordinates":[[[19.959664,50.096843],[19.959814,50.096839],[19.959818,50.097017],[19.959664,50.097018],[19.959664,50.096843]]]}},{"type":"Feature","id":"w1229762986","properties":{"type":"service","residential":false,"residents_est":0,"h3_10":"8a1e2e6a6337fff","h3_11":"8b1e2e6a6331fff"},"geometry":{"type":"Polygon","coordinates":[[[19.958742,50.099815],[19.958785,50.099813],[19.95879,50.099871],[19.958749,50.099873],[19.958742,50.099815]]]}},{"type":"Feature","id":"w1230077668","properties":{"type":"yes","address":"Kuźnicy Kołłątajowskiej 10","name":"Mirosław Szczerba Usługi Szewskie i Kaletnicze","residential":false,"residents_est":0,"h3_10":"8a1e2e6a631ffff","h3_11":"8b1e2e6a631efff"},"geometry":{"type":"Polygon","coordinates":[[[19.959647,50.098509],[19.959707,50.098508],[19.959707,50.098566],[19.959647,50.098566],[19.959647,50.098509]]]}},{"type":"Feature","id":"w1230148551","properties":{"type":"residential","address":"Kuźnicy Kołłątajowskiej 12B","residential":true,"residents_est":9,"h3_10":"8a1e2e6a6317fff","h3_11":"8b1e2e6a6311fff"},"geometry":{"type":"Polygon","coordinates":[[[19.959391,50.098737],[19.959544,50.098734],[19.959549,50.098821],[19.959394,50.098824],[19.959391,50.098737]]]}},{"type":"Feature","id":"w1230148552","properties":{"type":"residential","address":"Kuźnicy Kołłątajowskiej 12A","residential":true,"residents_est":8,"h3_10":"8a1e2e6a6317fff","h3_11":"8b1e2e6a6311fff"},"geometry":{"type":"Polygon","coordinates":[[[19.95939,50.098656],[19.959543,50.098653],[19.959544,50.098734],[19.959391,50.098737],[19.95939,50.098656]]]}},{"type":"Feature","id":"w1230148553","properties":{"type":"residential","address":"Kuźnicy Kołłątajowskiej 12","residential":true,"residents_est":9,"h3_10":"8a1e2e6a6317fff","h3_11":"8b1e2e6a6311fff"},"geometry":{"type":"Polygon","coordinates":[[[19.959387,50.098567],[19.959542,50.098564],[19.959543,50.098653],[19.95939,50.098656],[19.959387,50.098567]]]}},{"type":"Feature","id":"w1231943449","properties":{"type":"yes","residential":true,"residents_est":2,"h3_10":"8a1e2e6a6377fff","h3_11":"8b1e2e6a6374fff"},"geometry":{"type":"Polygon","coordinates":[[[19.962517,50.10008],[19.962614,50.100077],[19.962618,50.100178],[19.962522,50.10018],[19.962517,50.10008]]]}},{"type":"Feature","id":"w1263920185","properties":{"type":"service","residential":false,"residents_est":0,"h3_10":"8a1e2e6a6227fff","h3_11":"8b1e2e6a6224fff"},"geometry":{"type":"Polygon","coordinates":[[[19.961669,50.098193],[19.961746,50.098189],[19.961751,50.09824],[19.961674,50.098243],[19.961669,50.098193]]]}},{"type":"Feature","id":"w1264332592","properties":{"type":"service","residential":false,"residents_est":0,"h3_10":"8a1e2e6a6317fff","h3_11":"8b1e2e6a6314fff"},"geometry":{"type":"Polygon","coordinates":[[[19.958103,50.099022],[19.958148,50.099021],[19.958151,50.099069],[19.958106,50.099071],[19.958103,50.099022]]]}},{"type":"Feature","id":"w1268118476","properties":{"type":"apartments","address":"Bociana 8D","residential":true,"residents_est":43,"h3_10":"8a1e2e6a639ffff","h3_11":"8b1e2e6a639efff"},"geometry":{"type":"Polygon","coordinates":[[[19.956886,50.095684],[19.957061,50.095662],[19.957142,50.095937],[19.956971,50.095959],[19.956886,50.095684]]]}},{"type":"Feature","id":"w1274391196","properties":{"type":"yes","residential":false,"residents_est":0,"h3_10":"8a1e2e6a620ffff","h3_11":"8b1e2e6a620dfff"},"geometry":{"type":"Polygon","coordinates":[[[19.964224,50.09703],[19.964301,50.097016],[19.964312,50.097042],[19.964235,50.097057],[19.964224,50.09703]]]}},{"type":"Feature","id":"w1274412230","properties":{"type":"yes","residential":true,"residents_est":11,"h3_10":"8a1e2e6a6207fff","h3_11":"8b1e2e6a6200fff"},"geometry":{"type":"Polygon","coordinates":[[[19.962362,50.09671],[19.962493,50.096706],[19.962511,50.09695],[19.962381,50.096954],[19.962362,50.09671]]]}},{"type":"Feature","id":"w1274412234","properties":{"type":"yes","residential":false,"residents_est":0,"h3_10":"8a1e2e6a6207fff","h3_11":"8b1e2e6a6201fff"},"geometry":{"type":"Polygon","coordinates":[[[19.962802,50.096936],[19.962857,50.096934],[19.96286,50.096992],[19.962806,50.096994],[19.962802,50.096936]]]}},{"type":"Feature","id":"w1274412235","properties":{"type":"yes","residential":false,"residents_est":0,"h3_10":"8a1e2e6a6207fff","h3_11":"8b1e2e6a6200fff"},"geometry":{"type":"Polygon","coordinates":[[[19.962728,50.09691],[19.962782,50.096909],[19.962787,50.096994],[19.962733,50.096995],[19.962728,50.09691]]]}},{"type":"Feature","id":"w1274412240","properties":{"type":"garage","residential":false,"residents_est":0,"h3_10":"8a1e2e6a620ffff","h3_11":"8b1e2e6a620efff"},"geometry":{"type":"Polygon","coordinates":[[[19.963368,50.096567],[19.963421,50.096571],[19.963424,50.096652],[19.963372,50.096652],[19.963368,50.096567]]]}},{"type":"Feature","id":"w1274480400","properties":{"type":"apartments","levels":11.0,"address":"Aleja 29 Listopada 191","residential":true,"residents_est":201,"h3_10":"8a1e2e6a6367fff","h3_11":"8b1e2e6a6366fff"},"geometry":{"type":"Polygon","coordinates":[[[19.963749,50.100546],[19.963757,50.100546],[19.963754,50.100488],[19.963863,50.100486],[19.963863,50.100493],[19.963898,50.100492],[19.963896,50.100463],[19.963991,50.100461],[19.964,50.100625],[19.964093,50.100623],[19.964091,50.100585],[19.964173,50.100583],[19.964174,50.1006],[19.964367,50.100596],[19.964374,50.10072],[19.964281,50.100722],[19.964282,50.100735],[19.964007,50.100741],[19.964006,50.100729],[19.963955,50.10073],[19.963954,50.100716],[19.963911,50.100718],[19.96391,50.100701],[19.963885,50.100701],[19.963885,50.100711],[19.963766,50.100714],[19.963763,50.10066],[19.963756,50.10066],[19.963749,50.100546]]]}},{"type":"Feature","id":"w1274595850","properties":{"type":"yes","residential":false,"residents_est":0,"h3_10":"8a1e2e6a6347fff","h3_11":"8b1e2e6a6346fff"},"geometry":{"type":"Polygon","coordinates":[[[19.96418,50.099238],[19.964183,50.099195],[19.964279,50.099196],[19.964279,50.099238],[19.96418,50.099238]]]}},{"type":"Feature","id":"w1274595857","properties":{"type":"yes","residential":false,"residents_est":0,"h3_10":"8a1e2e6a635ffff","h3_11":"8b1e2e6a635efff"},"geometry":{"type":"Polygon","coordinates":[[[19.964276,50.09834],[19.96434,50.09834],[19.964341,50.098387],[19.964277,50.098387],[19.964276,50.09834]]]}},{"type":"Feature","id":"w1274595886","properties":{"type":"yes","residential":true,"residents_est":2,"h3_10":"8a1e2e6a622ffff","h3_11":"8b1e2e6a6228fff"},"geometry":{"type":"Polygon","coordinates":[[[19.963824,50.097444],[19.963898,50.097441],[19.963906,50.097582],[19.963832,50.097584],[19.963824,50.097444]]]}},{"type":"Feature","id":"w1274595892","properties":{"type":"garage","residential":false,"residents_est":0,"h3_10":"8a1e2e6a622ffff","h3_11":"8b1e2e6a622cfff"},"geometry":{"type":"Polygon","coordinates":[[[19.963497,50.098012],[19.963601,50.098009],[19.963606,50.098094],[19.963502,50.098098],[19.963497,50.098012]]]}},{"type":"Feature","id":"w1274595893","properties":{"type":"yes","residential":true,"residents_est":2,"h3_10":"8a1e2e6a622ffff","h3_11":"8b1e2e6a622cfff"},"geometry":{"type":"Polygon","coordinates":[[[19.963466,50.097836],[19.963568,50.097832],[19.96357,50.097909],[19.963554,50.09791],[19.963544,50.097937],[19.963471,50.09794],[19.963466,50.097836]]]}},{"type":"Feature","id":"w1274722416","properties":{"type":"yes","residential":true,"residents_est":1,"h3_10":"8a1e2e6a622ffff","h3_11":"8b1e2e6a622cfff"},"geometry":{"type":"Polygon","coordinates":[[[19.963387,50.097839],[19.963466,50.097836],[19.96347,50.097913],[19.963391,50.097917],[19.963387,50.097839]]]}},{"type":"Feature","id":"w1275850555","properties":{"type":"yes","address":"Księdza Józefa Meiera 18C","residential":true,"residents_est":1,"h3_10":"8a1e2e6a6277fff","h3_11":"8b1e2e6a6276fff"},"geometry":{"type":"Polygon","coordinates":[[[19.964752,50.097166],[19.964827,50.097163],[19.964834,50.097273],[19.96476,50.097275],[19.964752,50.097166]]]}},{"type":"Feature","id":"w1275850556","properties":{"type":"yes","address":"Księdza Józefa Meiera 18D","residential":true,"residents_est":1,"h3_10":"8a1e2e6a6277fff","h3_11":"8b1e2e6a6276fff"},"geometry":{"type":"Polygon","coordinates":[[[19.964827,50.097163],[19.964904,50.09716],[19.964909,50.09727],[19.964834,50.097273],[19.964827,50.097163]]]}},{"type":"Feature","id":"w1275850557","properties":{"type":"yes","address":"Księdza Józefa Meiera 18E","residential":true,"residents_est":1,"h3_10":"8a1e2e6a6277fff","h3_11":"8b1e2e6a6276fff"},"geometry":{"type":"Polygon","coordinates":[[[19.964904,50.09716],[19.964979,50.097158],[19.964984,50.097268],[19.964909,50.09727],[19.964904,50.09716]]]}},{"type":"Feature","id":"w1275850558","properties":{"type":"yes","address":"Księdza Józefa Meiera 18F","residential":true,"residents_est":1,"h3_10":"8a1e2e6a6277fff","h3_11":"8b1e2e6a6276fff"},"geometry":{"type":"Polygon","coordinates":[[[19.964979,50.097158],[19.965056,50.097155],[19.965059,50.097265],[19.964984,50.097268],[19.964979,50.097158]]]}},{"type":"Feature","id":"w1275850577","properties":{"type":"yes","address":"Księdza Józefa Meiera 18A","residential":true,"residents_est":16,"h3_10":"8a1e2e6a635ffff","h3_11":"8b1e2e6a635afff"},"geometry":{"type":"Polygon","coordinates":[[[19.964687,50.097892],[19.965085,50.097881],[19.965093,50.097993],[19.964936,50.097998],[19.964937,50.098023],[19.964838,50.098025],[19.964837,50.098001],[19.964694,50.098004],[19.964687,50.097892]]]}},{"type":"Feature","id":"w1275850578","properties":{"type":"yes","address":"Księdza Józefa Meiera 20A","residential":true,"residents_est":18,"h3_10":"8a1e2e6a635ffff","h3_11":"8b1e2e6a635dfff"},"geometry":{"type":"Polygon","coordinates":[[[19.965337,50.098548],[19.965693,50.098541],[19.965702,50.098691],[19.965609,50.098693],[19.965608,50.098684],[19.965576,50.098685],[19.965577,50.098703],[19.965532,50.098704],[19.965531,50.098686],[19.965447,50.098682],[19.965447,50.098696],[19.965346,50.098699],[19.965337,50.098548]]]}},{"type":"Feature","id":"w1275850579","properties":{"type":"shed","residential":false,"residents_est":0,"h3_10":"8a1e2e6a635ffff","h3_11":"8b1e2e6a635cfff"},"geometry":{"type":"Polygon","coordinates":[[[19.965051,50.098664],[19.965152,50.098663],[19.965152,50.098697],[19.965051,50.098699],[19.965051,50.098664]]]}},{"type":"Feature","id":"w1275850588","properties":{"type":"residential","address":"Arcybiskupa Zygmunta Szczęsnego Felińskiego 17","residential":true,"residents_est":33,"h3_10":"8a1e2e6a634ffff","h3_11":"8b1e2e6a634afff"},"geometry":{"type":"Polygon","coordinates":[[[19.966258,50.098724],[19.966302,50.098723],[19.966301,50.098692],[19.966504,50.098688],[19.966515,50.098894],[19.966306,50.098899],[19.966304,50.098871],[19.966266,50.098871],[19.966265,50.098821],[19.966276,50.098821],[19.966275,50.098776],[19.96626,50.098775],[19.966258,50.098724]]]}},{"type":"Feature","id":"w1275850589","properties":{"type":"residential","address":"Arcybiskupa Zygmunta Szczęsnego Felińskiego 15","residential":true,"residents_est":33,"h3_10":"8a1e2e6a635ffff","h3_11":"8b1e2e6a6359fff"},"geometry":{"type":"Polygon","coordinates":[[[19.966243,50.098419],[19.966287,50.098418],[19.966286,50.098388],[19.966489,50.098383],[19.9665,50.09859],[19.966292,50.098594],[19.966289,50.098566],[19.966251,50.098566],[19.96625,50.098516],[19.966262,50.098516],[19.96626,50.098471],[19.966245,50.098471],[19.966243,50.098419]]]}},{"type":"Feature","id":"w1275850590","properties":{"type":"residential","address":"Ignacego Grabczaka 7","residential":true,"residents_est":39,"h3_10":"8a1e2e6a635ffff","h3_11":"8b1e2e6a6359fff"},"geometry":{"type":"Polygon","coordinates":[[[19.96585,50.098074],[19.965872,50.098074],[19.965872,50.09806],[19.965934,50.098058],[19.965935,50.098072],[19.966015,50.09807],[19.966018,50.098123],[19.966043,50.098122],[19.966044,50.098167],[19.966077,50.098167],[19.966077,50.098192],[19.966062,50.098192],[19.966065,50.098302],[19.966036,50.098302],[19.966037,50.098314],[19.966005,50.098315],[19.966007,50.098373],[19.965868,50.098376],[19.96585,50.098074]]]}},{"type":"Feature","id":"w1275850591","properties":{"type":"residential","address":"Ignacego Grabczaka 20","residential":true,"residents_est":8,"h3_10":"8a1e2e6a6267fff","h3_11":"8b1e2e6a6266fff"},"geometry":{"type":"Polygon","coordinates":[[[19.966329,50.098094],[19.966517,50.09809],[19.966521,50.098152],[19.966333,50.098157],[19.966329,50.098094]]]}},{"type":"Feature","id":"w1275850592","properties":{"type":"residential","address":"Ignacego Grabczaka 18","residential":true,"residents_est":8,"h3_10":"8a1e2e6a6267fff","h3_11":"8b1e2e6a6266fff"},"geometry":{"type":"Polygon","coordinates":[[[19.966325,50.098032],[19.966513,50.098028],[19.966517,50.09809],[19.966329,50.098094],[19.966325,50.098032]]]}},{"type":"Feature","id":"w1275850593","properties":{"type":"residential","address":"Ignacego Grabczaka 16","residential":true,"residents_est":8,"h3_10":"8a1e2e6a6267fff","h3_11":"8b1e2e6a6266fff"},"geometry":{"type":"Polygon","coordinates":[[[19.966322,50.097969],[19.96651,50.097964],[19.966513,50.098028],[19.966325,50.098032],[19.966322,50.097969]]]}},{"type":"Feature","id":"w1275850594","properties":{"type":"residential","address":"Ignacego Grabczaka 14","residential":true,"residents_est":8,"h3_10":"8a1e2e6a6267fff","h3_11":"8b1e2e6a6266fff"},"geometry":{"type":"Polygon","coordinates":[[[19.966318,50.097906],[19.966506,50.0979],[19.96651,50.097964],[19.966322,50.097969],[19.966318,50.097906]]]}},{"type":"Feature","id":"w1275850595","properties":{"type":"residential","address":"Ignacego Grabczaka 12","residential":true,"residents_est":8,"h3_10":"8a1e2e6a6267fff","h3_11":"8b1e2e6a6266fff"},"geometry":{"type":"Polygon","coordinates":[[[19.966314,50.097842],[19.966502,50.097837],[19.966506,50.0979],[19.966318,50.097906],[19.966314,50.097842]]]}},{"type":"Feature","id":"w1275850596","properties":{"type":"residential","address":"Ignacego Grabczaka 10","residential":true,"residents_est":8,"h3_10":"8a1e2e6a6267fff","h3_11":"8b1e2e6a6266fff"},"geometry":{"type":"Polygon","coordinates":[[[19.966311,50.09778],[19.966498,50.097775],[19.966502,50.097837],[19.966314,50.097842],[19.966311,50.09778]]]}},{"type":"Feature","id":"w1275850597","properties":{"type":"shed","residential":false,"residents_est":0,"h3_10":"8a1e2e6a6277fff","h3_11":"8b1e2e6a6274fff"},"geometry":{"type":"Polygon","coordinates":[[[19.965542,50.09756],[19.965617,50.097559],[19.965618,50.097588],[19.965543,50.097589],[19.965542,50.09756]]]}},{"type":"Feature","id":"w1275850598","properties":{"type":"carport","residential":false,"residents_est":0,"h3_10":"8a1e2e6a6277fff","h3_11":"8b1e2e6a6275fff"},"geometry":{"type":"Polygon","coordinates":[[[19.965717,50.097545],[19.965885,50.097542],[19.965884,50.097585],[19.965719,50.097587],[19.965717,50.097545]]]}},{"type":"Feature","id":"w1275850602","properties":{"type":"residential","address":"Księdza Józefa Meiera 26","residential":true,"residents_est":20,"h3_10":"8a1e2e6a6277fff","h3_11":"8b1e2e6a6273fff"},"geometry":{"type":"Polygon","coordinates":[[[19.96572,50.096946],[19.96584,50.096942],[19.965844,50.097054],[19.965954,50.097052],[19.965956,50.097125],[19.96573,50.097128],[19.96572,50.096946]]]}},{"type":"Feature","id":"w1275850613","properties":{"type":"shed","residential":false,"residents_est":0,"h3_10":"8a1e2e6a6277fff","h3_11":"8b1e2e6a6274fff"},"geometry":{"type":"Polygon","coordinates":[[[19.965512,50.097737],[19.965577,50.097735],[19.96558,50.097794],[19.965517,50.097796],[19.965512,50.097737]]]}},{"type":"Feature","id":"w1275858353","properties":{"type":"carport","residential":false,"residents_est":0,"h3_10":"8a1e2e6a6277fff","h3_11":"8b1e2e6a6271fff"},"geometry":{"type":"Polygon","coordinates":[[[19.966266,50.097252],[19.966442,50.097249],[19.966442,50.097284],[19.966267,50.097287],[19.966266,50.097252]]]}},{"type":"Feature","id":"w1276513406","properties":{"type":"yes","residential":false,"residents_est":0,"h3_10":"8a1e2e6a6347fff","h3_11":"8b1e2e6a6344fff"},"geometry":{"type":"Polygon","coordinates":[[[19.964634,50.099617],[19.964716,50.099615],[19.964719,50.099672],[19.964636,50.099675],[19.964634,50.099617]]]}},{"type":"Feature","id":"w1276783557","properties":{"type":"garage","residential":false,"residents_est":0,"h3_10":"8a1e2e6a630ffff","h3_11":"8b1e2e6a6308fff"},"geometry":{"type":"Polygon","coordinates":[[[19.961636,50.099041],[19.961748,50.099038],[19.96175,50.099068],[19.961637,50.099071],[19.961636,50.099041]]]}},{"type":"Feature","id":"w1276783558","properties":{"type":"yes","residential":true,"residents_est":2,"h3_10":"8a1e2e6a630ffff","h3_11":"8b1e2e6a6308fff"},"geometry":{"type":"Polygon","coordinates":[[[19.961561,50.099114],[19.961681,50.099113],[19.961685,50.099183],[19.961565,50.099185],[19.961561,50.099114]]]}},{"type":"Feature","id":"w1295193079","properties":{"type":"construction","residential":false,"residents_est":0,"h3_10":"8a1e2e6a6307fff","h3_11":"8b1e2e6a6306fff"},"geometry":{"type":"Polygon","coordinates":[[[19.95952,50.099288],[19.959788,50.099278],[19.959816,50.099691],[19.959542,50.099702],[19.95954,50.099633],[19.959585,50.09963],[19.959567,50.099359],[19.959527,50.099361],[19.95952,50.099288]]]}},{"type":"Feature","id":"w1295193080","properties":{"type":"construction","residential":false,"residents_est":0,"h3_10":"8a1e2e6a6307fff","h3_11":"8b1e2e6a6304fff"},"geometry":{"type":"Polygon","coordinates":[[[19.959594,50.099761],[19.959816,50.099751],[19.959832,50.099924],[19.959806,50.099925],[19.959813,50.100008],[19.959839,50.100007],[19.959843,50.100036],[19.959614,50.100046],[19.959594,50.099761]]]}},{"type":"Feature","id":"w1303344685","properties":{"type":"apartments","address":"Macieja Słomczyńskiego 1A","residential":true,"residents_est":34,"h3_10":"8a1e2e6a6317fff","h3_11":"8b1e2e6a6316fff"},"geometry":{"type":"Polygon","coordinates":[[[19.957435,50.098801],[19.957458,50.098801],[19.957455,50.098749],[19.957764,50.098741],[19.957767,50.09879],[19.957793,50.09879],[19.957797,50.098857],[19.957439,50.098866],[19.957435,50.098801]]]}},{"type":"Feature","id":"w1303344687","properties":{"type":"apartments","address":"Macieja Słomczyńskiego 1","residential":true,"residents_est":34,"h3_10":"8a1e2e6a6317fff","h3_11":"8b1e2e6a6316fff"},"geometry":{"type":"Polygon","coordinates":[[[19.958006,50.098785],[19.958032,50.098785],[19.958029,50.098734],[19.958336,50.098726],[19.958339,50.098779],[19.958366,50.098779],[19.95837,50.098842],[19.958011,50.098852],[19.958006,50.098785]]]}},{"type":"Feature","id":"w1303344688","properties":{"type":"apartments","address":"Macieja Słomczyńskiego 1","residential":true,"residents_est":45,"h3_10":"8a1e2e6a6317fff","h3_11":"8b1e2e6a6310fff"},"geometry":{"type":"Polygon","coordinates":[[[19.958573,50.098773],[19.958606,50.098773],[19.958603,50.098722],[19.959017,50.098711],[19.95902,50.098761],[19.959049,50.09876],[19.959053,50.098826],[19.958577,50.098838],[19.958573,50.098773]]]}},{"type":"Feature","id":"w1434170577","properties":{"type":"yes","residential":false,"residents_est":0,"h3_10":"8a1e2e6a6227fff","h3_11":"8b1e2e6a6222fff"},"geometry":{"type":"Polygon","coordinates":[[[19.961617,50.097376],[19.961707,50.097374],[19.961709,50.097403],[19.961619,50.097405],[19.961617,50.097376]]]}},{"type":"Feature","id":"w1434396027","properties":{"type":"construction","residential":false,"residents_est":0,"h3_10":"8a1e2e6a6267fff","h3_11":"8b1e2e6a6262fff"},"geometry":{"type":"Polygon","coordinates":[[[19.966346,50.097584],[19.966631,50.097575],[19.966642,50.097713],[19.966358,50.097723],[19.966346,50.097584]]]}},{"type":"Feature","id":"w1534251498","properties":{"type":"apartments","address":"Siewna 2","residential":true,"residents_est":23,"h3_10":"8a1e2e6a6297fff","h3_11":"8b1e2e6a6293fff"},"geometry":{"type":"Polygon","coordinates":[[[19.95842,50.093147],[19.958546,50.093082],[19.958727,50.093222],[19.958639,50.09327],[19.958577,50.093221],[19.958546,50.093243],[19.95842,50.093147]]]}},{"type":"Feature","id":"w1553513172","properties":{"type":"construction","residential":false,"residents_est":0,"h3_10":"8a1e2e6a63a7fff","h3_11":"8b1e2e6a63a4fff"},"geometry":{"type":"Polygon","coordinates":[[[19.956542,50.098318],[19.956711,50.098313],[19.956712,50.098337],[19.956826,50.098334],[19.956837,50.098474],[19.956813,50.098474],[19.956816,50.098506],[19.957027,50.0985],[19.957035,50.098605],[19.956866,50.09861],[19.956868,50.09864],[19.956635,50.098647],[19.956629,50.098577],[19.9566,50.098578],[19.956591,50.098458],[19.956552,50.098459],[19.956542,50.098318]]]}},{"type":"Feature","id":"w1553513173","properties":{"type":"construction","residential":false,"residents_est":0,"h3_10":"8a1e2e6a63a7fff","h3_11":"8b1e2e6a63a5fff"},"geometry":{"type":"Polygon","coordinates":[[[19.957137,50.098507],[19.957214,50.098505],[19.95721,50.098457],[19.957289,50.098454],[19.957288,50.098444],[19.957375,50.098442],[19.957376,50.09845],[19.957462,50.098447],[19.957467,50.098498],[19.957542,50.098495],[19.95755,50.098588],[19.957384,50.098594],[19.957383,50.098584],[19.957307,50.098587],[19.957308,50.098597],[19.957144,50.098603],[19.957137,50.098507]]]}},{"type":"Feature","id":"w1553513174","properties":{"type":"construction","residential":false,"residents_est":0,"h3_10":"8a1e2e6a6317fff","h3_11":"8b1e2e6a6316fff"},"geometry":{"type":"Polygon","coordinates":[[[19.957642,50.098492],[19.957719,50.098489],[19.957715,50.098441],[19.957794,50.098438],[19.957971,50.098467],[19.957971,50.098482],[19.958047,50.09848],[19.958055,50.098572],[19.957889,50.098578],[19.957888,50.098569],[19.957812,50.098571],[19.957813,50.098581],[19.957649,50.098587],[19.957642,50.098492]]]}}]}