{"type":"FeatureCollection","features":[{"type":"Feature","id":"r1742282","properties":{"type":"resort","address":"Kąpielowa 70","name":"Główny Dom Zdrojowy","residential":false,"residents_est":0,"h3_10":"8a1e2e693caffff","h3_11":"8b1e2e693cabfff"},"geometry":{"type":"Polygon","coordinates":[[[19.934075,49.991717],[19.934236,49.991714],[19.934241,49.991792],[19.934802,49.991782],[19.934797,49.991705],[19.934956,49.9917],[19.934981,49.992087],[19.934824,49.992092],[19.934818,49.992019],[19.934568,49.992026],[19.934571,49.992103],[19.934496,49.992105],[19.934494,49.992023],[19.93425,49.992027],[19.934254,49.992103],[19.934096,49.992108],[19.934075,49.991717]],[[19.934242,49.991875],[19.934244,49.991943],[19.934403,49.99194],[19.9344,49.991872],[19.934242,49.991875]],[[19.934582,49.991869],[19.934586,49.991936],[19.934811,49.991933],[19.934808,49.991865],[19.934582,49.991869]]]}},{"type":"Feature","id":"w129371162","properties":{"type":"yes","address":"Kazimierza Moszyńskiego 9","residential":true,"residents_est":5,"h3_10":"8a1e2e693d9ffff","h3_11":"8b1e2e693d9bfff"},"geometry":{"type":"Polygon","coordinates":[[[19.931158,49.992517],[19.931429,49.992446],[19.931479,49.992525],[19.93121,49.992596],[19.931158,49.992517]]]}},{"type":"Feature","id":"w129371172","properties":{"type":"yes","residential":true,"residents_est":21,"h3_10":"8a1e2e693cb7fff","h3_11":"8b1e2e693cb5fff"},"geometry":{"type":"Polygon","coordinates":[[[19.931376,49.992317],[19.931568,49.992267],[19.93171,49.992495],[19.931518,49.992545],[19.931376,49.992317]]]}},{"type":"Feature","id":"w203439385","properties":{"type":"chapel","address":"Piłkarska 9","name":"Kaplica pw. Opatrzności Bożej","residential":false,"residents_est":0,"h3_10":"8a1e2e693ca7fff","h3_11":"8b1e2e693ca6fff"},"geometry":{"type":"Polygon","coordinates":[[[19.932091,49.992689],[19.932109,49.992574],[19.932241,49.992583],[19.932226,49.992671],[19.932144,49.992666],[19.932141,49.992685],[19.932107,49.992683],[19.932106,49.99269],[19.932091,49.992689]]]}},{"type":"Feature","id":"w203439386","properties":{"type":"convent","address":"Piłkarska 7","name":"Zgromadzenie Sióstr Opatrzności Bożej w Krakowie","residential":false,"residents_est":0,"h3_10":"8a1e2e693ca7fff","h3_11":"8b1e2e693ca4fff"},"geometry":{"type":"Polygon","coordinates":[[[19.932081,49.99283],[19.932107,49.992683],[19.932141,49.992685],[19.932144,49.992666],[19.932199,49.99267],[19.932172,49.992837],[19.932153,49.992852],[19.932095,49.992848],[19.932081,49.99283]]]}},{"type":"Feature","id":"w262574865","properties":{"type":"house","levels":3.0,"address":"Wypoczynkowa 17","residential":true,"residents_est":14,"h3_10":"8a1e2e693d07fff","h3_11":"8b1e2e693d02fff"},"geometry":{"type":"Polygon","coordinates":[[[19.932495,49.996335],[19.93252,49.996308],[19.932541,49.996316],[19.93255,49.996304],[19.932505,49.996287],[19.932575,49.99621],[19.932758,49.99628],[19.932689,49.996356],[19.932618,49.99633],[19.932581,49.996368],[19.932495,49.996335]]]}},{"type":"Feature","id":"w299839252","properties":{"type":"terrace","levels":1.0,"address":"Piłkarska 2","residential":true,"residents_est":3,"h3_10":"8a1e2e693d9ffff","h3_11":"8b1e2e693d98fff"},"geometry":{"type":"Polygon","coordinates":[[[19.930918,49.992928],[19.930927,49.992876],[19.930959,49.992878],[19.930966,49.992837],[19.931056,49.992843],[19.931051,49.992875],[19.931101,49.992879],[19.931088,49.992955],[19.930948,49.992945],[19.930951,49.99293],[19.930918,49.992928]]]}},{"type":"Feature","id":"w299839253","properties":{"type":"yes","address":"Piłkarska 3","name":"Pawilon \"Słońce\"","residential":true,"residents_est":13,"h3_10":"8a1e2e693d8ffff","h3_11":"8b1e2e693d8afff"},"geometry":{"type":"Polygon","coordinates":[[[19.931758,49.993306],[19.931765,49.993202],[19.931834,49.993204],[19.931834,49.993198],[19.931888,49.993196],[19.931956,49.993198],[19.931955,49.993207],[19.932043,49.99321],[19.932035,49.993323],[19.931885,49.993325],[19.931886,49.993317],[19.931758,49.993306]]]}},{"type":"Feature","id":"w299839255","properties":{"type":"garage","residential":false,"residents_est":0,"h3_10":"8a1e2e693d9ffff","h3_11":"8b1e2e693d98fff"},"geometry":{"type":"Polygon","coordinates":[[[19.930849,49.992789],[19.930923,49.992785],[19.930929,49.992813],[19.930853,49.992817],[19.930849,49.992789]]]}},{"type":"Feature","id":"w299839256","properties":{"type":"yes","residential":false,"residents_est":0,"h3_10":"8a1e2e693d9ffff","h3_11":"8b1e2e693d99fff"},"geometry":{"type":"Polygon","coordinates":[[[19.93184,49.993097],[19.931841,49.993048],[19.93188,49.993048],[19.93188,49.993097],[19.93184,49.993097]]]}},{"type":"Feature","id":"w299839259","properties":{"type":"yes","levels":1.0,"residential":true,"residents_est":1,"h3_10":"8a1e2e693d9ffff","h3_11":"8b1e2e693d99fff"},"geometry":{"type":"Polygon","coordinates":[[[19.931783,49.992775],[19.931788,49.992745],[19.931817,49.992747],[19.931819,49.992737],[19.931926,49.992746],[19.931913,49.992821],[19.931805,49.992814],[19.931812,49.992777],[19.931783,49.992775]]]}},{"type":"Feature","id":"w299839261","properties":{"type":"yes","levels":1.0,"address":"Piłkarska 9","residential":true,"residents_est":0,"h3_10":"8a1e2e693ca7fff","h3_11":"8b1e2e693ca6fff"},"geometry":{"type":"Polygon","coordinates":[[[19.931913,49.992821],[19.931928,49.992733],[19.932095,49.992745],[19.932081,49.99283],[19.931913,49.992821]]]}},{"type":"Feature","id":"w299839262","properties":{"type":"yes","address":"Piłkarska 5","residential":true,"residents_est":3,"h3_10":"8a1e2e693d9ffff","h3_11":"8b1e2e693d99fff"},"geometry":{"type":"Polygon","coordinates":[[[19.931686,49.993104],[19.931686,49.993046],[19.931721,49.993046],[19.931722,49.993004],[19.931842,49.993005],[19.93184,49.993105],[19.931686,49.993104]]]}},{"type":"Feature","id":"w299839263","properties":{"type":"terrace","levels":1.0,"address":"Piłkarska 2A","residential":true,"residents_est":4,"h3_10":"8a1e2e693d9ffff","h3_11":"8b1e2e693d98fff"},"geometry":{"type":"Polygon","coordinates":[[[19.931088,49.992955],[19.931103,49.992863],[19.931172,49.992867],[19.931173,49.992858],[19.931211,49.992861],[19.93121,49.99287],[19.931287,49.992876],[19.931272,49.992967],[19.931088,49.992955]]]}},{"type":"Feature","id":"w299841389","properties":{"type":"detached","levels":1.0,"address":"Kąpielowa 49","residential":true,"residents_est":5,"h3_10":"8a1e2e693da7fff","h3_11":"8b1e2e693da4fff"},"geometry":{"type":"Polygon","coordinates":[[[19.929906,49.995384],[19.929994,49.995346],[19.929978,49.995329],[19.930015,49.995314],[19.930032,49.995331],[19.930136,49.995286],[19.93016,49.995308],[19.930188,49.995295],[19.930214,49.99532],[19.930185,49.995332],[19.9302,49.995346],[19.929974,49.995445],[19.929906,49.995384]]]}},{"type":"Feature","id":"w299841390","properties":{"type":"yes","residential":true,"residents_est":13,"h3_10":"8a1e2e693d87fff","h3_11":"8b1e2e693d80fff"},"geometry":{"type":"Polygon","coordinates":[[[19.930694,49.994112],[19.930706,49.994003],[19.930803,49.994011],[19.930808,49.99399],[19.930866,49.993995],[19.930891,49.993979],[19.930927,49.994017],[19.931021,49.994023],[19.931003,49.994101],[19.93092,49.994093],[19.930914,49.994116],[19.930789,49.994104],[19.930785,49.994121],[19.930694,49.994112]]]}},{"type":"Feature","id":"w299841392","properties":{"type":"yes","address":"Kazimierza Moszyńskiego 3","residential":true,"residents_est":22,"h3_10":"8a1e2e693d8ffff","h3_11":"8b1e2e693d8efff"},"geometry":{"type":"Polygon","coordinates":[[[19.931414,49.993617],[19.931587,49.993614],[19.931588,49.993622],[19.9318,49.993619],[19.931801,49.993627],[19.931818,49.993638],[19.931818,49.993654],[19.931802,49.993665],[19.931803,49.993674],[19.931771,49.993674],[19.931775,49.993778],[19.931805,49.993778],[19.931806,49.993786],[19.931823,49.993797],[19.931823,49.993812],[19.931808,49.993823],[19.931807,49.993832],[19.931595,49.993835],[19.931592,49.993787],[19.931582,49.993787],[19.931581,49.993743],[19.931591,49.993742],[19.931589,49.993674],[19.931416,49.993677],[19.931414,49.993617]]]}},{"type":"Feature","id":"w299841402","properties":{"type":"yes","residential":true,"residents_est":2,"h3_10":"8a1e2e693d97fff","h3_11":"8b1e2e693d90fff"},"geometry":{"type":"Polygon","coordinates":[[[19.929386,49.993237],[19.92946,49.993204],[19.929548,49.993285],[19.929474,49.993318],[19.929386,49.993237]]]}},{"type":"Feature","id":"w299841404","properties":{"type":"yes","address":"Kazimierza Moszyńskiego 24a","residential":true,"residents_est":2,"h3_10":"8a1e2e693d9ffff","h3_11":"8b1e2e693d9efff"},"geometry":{"type":"Polygon","coordinates":[[[19.930102,49.993027],[19.930213,49.993017],[19.930232,49.9931],[19.93012,49.99311],[19.930102,49.993027]]]}},{"type":"Feature","id":"w299841405","properties":{"type":"yes","address":"Kazimierza Moszyńskiego 12","residential":true,"residents_est":2,"h3_10":"8a1e2e693d87fff","h3_11":"8b1e2e693d81fff"},"geometry":{"type":"Polygon","coordinates":[[[19.931041,49.993869],[19.931042,49.993797],[19.931192,49.9938],[19.931187,49.993872],[19.931041,49.993869]]]}},{"type":"Feature","id":"w299841406","properties":{"type":"yes","residential":false,"residents_est":0,"h3_10":"8a1e2e693da7fff","h3_11":"8b1e2e693da4fff"},"geometry":{"type":"Polygon","coordinates":[[[19.930021,49.995468],[19.930063,49.995436],[19.93014,49.995481],[19.930103,49.995509],[19.930021,49.995468]]]}},{"type":"Feature","id":"w299841409","properties":{"type":"yes","residential":false,"residents_est":0,"h3_10":"8a1e2e693d9ffff","h3_11":"8b1e2e693d9dfff"},"geometry":{"type":"Polygon","coordinates":[[[19.931415,49.993308],[19.93146,49.993306],[19.931466,49.993355],[19.93142,49.993357],[19.931415,49.993308]]]}},{"type":"Feature","id":"w299841410","properties":{"type":"yes","residential":false,"residents_est":0,"h3_10":"8a1e2e693d9ffff","h3_11":"8b1e2e693d9efff"},"geometry":{"type":"Polygon","coordinates":[[[19.930205,49.992883],[19.930255,49.992867],[19.930288,49.992911],[19.930239,49.992927],[19.930205,49.992883]]]}},{"type":"Feature","id":"w299841411","properties":{"type":"yes","residential":false,"residents_est":0,"h3_10":"8a1e2e693d97fff","h3_11":"8b1e2e693d95fff"},"geometry":{"type":"Polygon","coordinates":[[[19.929288,49.993525],[19.929332,49.993524],[19.929334,49.993608],[19.92929,49.993608],[19.929288,49.993525]]]}},{"type":"Feature","id":"w299841412","properties":{"type":"yes","residential":true,"residents_est":1,"h3_10":"8a1e2e693d97fff","h3_11":"8b1e2e693d95fff"},"geometry":{"type":"Polygon","coordinates":[[[19.929456,49.993522],[19.92952,49.993522],[19.929522,49.993605],[19.929459,49.993605],[19.929456,49.993522]]]}},{"type":"Feature","id":"w299841413","properties":{"type":"yes","residential":false,"residents_est":0,"h3_10":"8a1e2e693db7fff","h3_11":"8b1e2e693db3fff"},"geometry":{"type":"Polygon","coordinates":[[[19.929388,49.994004],[19.929415,49.993952],[19.929501,49.99397],[19.929475,49.994023],[19.929388,49.994004]]]}},{"type":"Feature","id":"w299841414","properties":{"type":"yes","address":"Kazimierza Moszyńskiego 10","residential":true,"residents_est":2,"h3_10":"8a1e2e693d87fff","h3_11":"8b1e2e693d83fff"},"geometry":{"type":"Polygon","coordinates":[[[19.930908,49.993865],[19.930912,49.993793],[19.931042,49.993797],[19.931041,49.993869],[19.930908,49.993865]]]}},{"type":"Feature","id":"w299841415","properties":{"type":"yes","address":"Kazimierza Moszyńskiego 6","residential":true,"residents_est":2,"h3_10":"8a1e2e693d87fff","h3_11":"8b1e2e693d86fff"},"geometry":{"type":"Polygon","coordinates":[[[19.929587,49.993986],[19.929627,49.99391],[19.929761,49.993939],[19.929721,49.994015],[19.929587,49.993986]]]}},{"type":"Feature","id":"w299841416","properties":{"type":"yes","address":"Kazimierza Moszyńskiego 5","residential":true,"residents_est":3,"h3_10":"8a1e2e693d9ffff","h3_11":"8b1e2e693d9dfff"},"geometry":{"type":"Polygon","coordinates":[[[19.931162,49.993287],[19.931328,49.993273],[19.931346,49.993361],[19.931181,49.993374],[19.931162,49.993287]]]}},{"type":"Feature","id":"w299841419","properties":{"type":"yes","residential":false,"residents_est":0,"h3_10":"8a1e2e693d9ffff","h3_11":"8b1e2e693d9cfff"},"geometry":{"type":"Polygon","coordinates":[[[19.930656,49.993405],[19.930718,49.993404],[19.930719,49.993475],[19.930657,49.993476],[19.930656,49.993405]]]}},{"type":"Feature","id":"w299841423","properties":{"type":"yes","residential":false,"residents_est":0,"h3_10":"8a1e2e693d9ffff","h3_11":"8b1e2e693d9dfff"},"geometry":{"type":"Polygon","coordinates":[[[19.931076,49.993384],[19.931181,49.993374],[19.931188,49.993406],[19.931082,49.993414],[19.931076,49.993384]]]}},{"type":"Feature","id":"w299841427","properties":{"type":"yes","residential":true,"residents_est":1,"h3_10":"8a1e2e693d8ffff","h3_11":"8b1e2e693d8efff"},"geometry":{"type":"Polygon","coordinates":[[[19.931402,49.99348],[19.931523,49.993476],[19.931528,49.993524],[19.931407,49.993529],[19.931402,49.99348]]]}},{"type":"Feature","id":"w299841445","properties":{"type":"yes","residential":true,"residents_est":1,"h3_10":"8a1e2e693d97fff","h3_11":"8b1e2e693d93fff"},"geometry":{"type":"Polygon","coordinates":[[[19.929506,49.992706],[19.929585,49.992679],[19.929627,49.99273],[19.929548,49.992757],[19.929506,49.992706]]]}},{"type":"Feature","id":"w299841449","properties":{"type":"yes","address":"Kazimierza Moszyńskiego 5b","residential":true,"residents_est":2,"h3_10":"8a1e2e693d87fff","h3_11":"8b1e2e693d83fff"},"geometry":{"type":"Polygon","coordinates":[[[19.931112,49.99351],[19.931196,49.993491],[19.931242,49.993579],[19.931158,49.993597],[19.931112,49.99351]]]}},{"type":"Feature","id":"w299841453","properties":{"type":"yes","residential":false,"residents_est":0,"h3_10":"8a1e2e693d8ffff","h3_11":"8b1e2e693d8cfff"},"geometry":{"type":"Polygon","coordinates":[[[19.931828,49.993928],[19.93187,49.993922],[19.931888,49.993975],[19.931848,49.993981],[19.931828,49.993928]]]}},{"type":"Feature","id":"w299841456","properties":{"type":"yes","address":"Kazimierza Moszyńskiego 5a","residential":true,"residents_est":2,"h3_10":"8a1e2e693d9ffff","h3_11":"8b1e2e693d9dfff"},"geometry":{"type":"Polygon","coordinates":[[[19.931057,49.993297],[19.931162,49.993287],[19.931181,49.993374],[19.931075,49.993384],[19.931057,49.993297]]]}},{"type":"Feature","id":"w299841459","properties":{"type":"yes","residential":false,"residents_est":0,"h3_10":"8a1e2e693d97fff","h3_11":"8b1e2e693d90fff"},"geometry":{"type":"Polygon","coordinates":[[[19.929282,49.993316],[19.929351,49.993291],[19.929375,49.993319],[19.929306,49.993344],[19.929282,49.993316]]]}},{"type":"Feature","id":"w299841460","properties":{"type":"yes","residential":true,"residents_est":5,"h3_10":"8a1e2e693da7fff","h3_11":"8b1e2e693da5fff"},"geometry":{"type":"Polygon","coordinates":[[[19.930714,49.995286],[19.930759,49.995254],[19.931194,49.995511],[19.931147,49.995543],[19.930714,49.995286]]]}},{"type":"Feature","id":"w299841464","properties":{"type":"yes","residential":false,"residents_est":0,"h3_10":"8a1e2e693d87fff","h3_11":"8b1e2e693d82fff"},"geometry":{"type":"Polygon","coordinates":[[[19.930115,49.99372],[19.930132,49.993662],[19.930209,49.993671],[19.930192,49.99373],[19.930115,49.99372]]]}},{"type":"Feature","id":"w299841465","properties":{"type":"garages","residential":false,"residents_est":0,"h3_10":"8a1e2e693d8ffff","h3_11":"8b1e2e693d8cfff"},"geometry":{"type":"Polygon","coordinates":[[[19.932112,49.993932],[19.932236,49.993922],[19.932251,49.993968],[19.932124,49.993976],[19.932112,49.993932]]]}},{"type":"Feature","id":"w299841466","properties":{"type":"yes","residential":false,"residents_est":0,"h3_10":"8a1e2e693d97fff","h3_11":"8b1e2e693d90fff"},"geometry":{"type":"Polygon","coordinates":[[[19.929332,49.99327],[19.929383,49.993251],[19.929425,49.9933],[19.929375,49.993319],[19.929332,49.99327]]]}},{"type":"Feature","id":"w299841469","properties":{"type":"yes","address":"Kazimierza Moszyńskiego 22","residential":true,"residents_est":4,"h3_10":"8a1e2e693d97fff","h3_11":"8b1e2e693d91fff"},"geometry":{"type":"Polygon","coordinates":[[[19.929475,49.99314],[19.929525,49.993117],[19.929543,49.993133],[19.929627,49.993095],[19.92969,49.993153],[19.929712,49.993143],[19.929741,49.99317],[19.929718,49.99318],[19.929754,49.993213],[19.929654,49.993257],[19.929615,49.99322],[19.929589,49.993233],[19.929583,49.99323],[19.929567,49.993213],[19.929594,49.993201],[19.929557,49.993165],[19.929518,49.993181],[19.929475,49.99314]]]}},{"type":"Feature","id":"w299841470","properties":{"type":"yes","address":"Kąpielowa 51","name":"WLKS Krakus","residential":true,"residents_est":58,"h3_10":"8a1e2e693d17fff","h3_11":"8b1e2e693d12fff"},"geometry":{"type":"Polygon","coordinates":[[[19.930759,49.995254],[19.930934,49.995131],[19.931555,49.995498],[19.93138,49.995621],[19.930759,49.995254]]]}},{"type":"Feature","id":"w299841471","properties":{"type":"yes","residential":true,"residents_est":3,"h3_10":"8a1e2e693d9ffff","h3_11":"8b1e2e693d9efff"},"geometry":{"type":"Polygon","coordinates":[[[19.930254,49.992866],[19.930347,49.992836],[19.930433,49.992948],[19.930339,49.992978],[19.930254,49.992866]]]}},{"type":"Feature","id":"w299841474","properties":{"type":"yes","address":"Kazimierza Moszyńskiego 14","residential":true,"residents_est":3,"h3_10":"8a1e2e693d87fff","h3_11":"8b1e2e693d83fff"},"geometry":{"type":"Polygon","coordinates":[[[19.930641,49.993637],[19.930776,49.993637],[19.930777,49.993736],[19.930642,49.993736],[19.930641,49.993637]]]}},{"type":"Feature","id":"w299841475","properties":{"type":"yes","residential":true,"residents_est":2,"h3_10":"8a1e2e693da7fff","h3_11":"8b1e2e693da4fff"},"geometry":{"type":"Polygon","coordinates":[[[19.92993,49.995536],[19.930021,49.995468],[19.930121,49.99552],[19.93006,49.995565],[19.930029,49.995548],[19.929996,49.995572],[19.92993,49.995536]]]}},{"type":"Feature","id":"w299841477","properties":{"type":"yes","address":"Kazimierza Moszyńskiego 20","residential":true,"residents_est":2,"h3_10":"8a1e2e693d97fff","h3_11":"8b1e2e693d95fff"},"geometry":{"type":"Polygon","coordinates":[[[19.929332,49.993524],[19.929456,49.993522],[19.929459,49.993605],[19.929334,49.993608],[19.929332,49.993524]]]}},{"type":"Feature","id":"w299841478","properties":{"type":"yes","residential":true,"residents_est":3,"h3_10":"8a1e2e693d9ffff","h3_11":"8b1e2e693d9cfff"},"geometry":{"type":"Polygon","coordinates":[[[19.930541,49.993121],[19.930612,49.993022],[19.930738,49.99306],[19.930666,49.993159],[19.930622,49.993146],[19.930616,49.993154],[19.930582,49.993144],[19.930588,49.993135],[19.930541,49.993121]]]}},{"type":"Feature","id":"w299841479","properties":{"type":"yes","address":"Kazimierza Moszyńskiego 18","residential":true,"residents_est":3,"h3_10":"8a1e2e693d97fff","h3_11":"8b1e2e693d91fff"},"geometry":{"type":"Polygon","coordinates":[[[19.929903,49.993466],[19.929968,49.99339],[19.930108,49.993438],[19.930043,49.993515],[19.929903,49.993466]]]}},{"type":"Feature","id":"w299841480","properties":{"type":"yes","residential":true,"residents_est":3,"h3_10":"8a1e2e693d97fff","h3_11":"8b1e2e693d95fff"},"geometry":{"type":"Polygon","coordinates":[[[19.929043,49.993569],[19.929147,49.993528],[19.929179,49.99356],[19.929147,49.993573],[19.929181,49.993609],[19.929213,49.993596],[19.929246,49.99363],[19.929142,49.993672],[19.929043,49.993569]]]}},{"type":"Feature","id":"w299841482","properties":{"type":"yes","address":"Kazimierza Moszyńskiego 26","residential":true,"residents_est":3,"h3_10":"8a1e2e693d9ffff","h3_11":"8b1e2e693d9cfff"},"geometry":{"type":"Polygon","coordinates":[[[19.930666,49.993159],[19.930738,49.99306],[19.930862,49.993097],[19.930791,49.993196],[19.930744,49.993182],[19.930738,49.993191],[19.930704,49.99318],[19.93071,49.993172],[19.930666,49.993159]]]}},{"type":"Feature","id":"w299841483","properties":{"type":"yes","residential":true,"residents_est":2,"h3_10":"8a1e2e693d97fff","h3_11":"8b1e2e693d93fff"},"geometry":{"type":"Polygon","coordinates":[[[19.929274,49.992883],[19.929382,49.992844],[19.929414,49.992881],[19.929396,49.992888],[19.929433,49.992929],[19.929352,49.992959],[19.92934,49.992946],[19.929332,49.992949],[19.929274,49.992883]]]}},{"type":"Feature","id":"w299841484","properties":{"type":"detached","levels":1.0,"address":"Kąpielowa 47","residential":true,"residents_est":3,"h3_10":"8a1e2e693da7fff","h3_11":"8b1e2e693da4fff"},"geometry":{"type":"Polygon","coordinates":[[[19.929707,49.995469],[19.929756,49.995449],[19.929742,49.995436],[19.929796,49.995413],[19.929809,49.995426],[19.929857,49.995405],[19.929925,49.995472],[19.929775,49.995535],[19.929707,49.995469]]]}},{"type":"Feature","id":"w299841485","properties":{"type":"yes","address":"Kazimierza Moszyńskiego 16","residential":true,"residents_est":3,"h3_10":"8a1e2e693d9ffff","h3_11":"8b1e2e693d9cfff"},"geometry":{"type":"Polygon","coordinates":[[[19.930718,49.993403],[19.93091,49.993402],[19.930911,49.993474],[19.930846,49.993474],[19.930846,49.993493],[19.930786,49.993494],[19.930786,49.993475],[19.930719,49.993475],[19.930718,49.993403]]]}},{"type":"Feature","id":"w299842901","properties":{"type":"resort","name":"Sanatorium \"Szwajcarka\"","residential":false,"residents_est":0,"h3_10":"8a1e2e693c1ffff","h3_11":"8b1e2e693c18fff"},"geometry":{"type":"Polygon","coordinates":[[[19.935706,49.993099],[19.935716,49.99301],[19.93587,49.993015],[19.935871,49.993005],[19.935964,49.993008],[19.935962,49.993019],[19.936115,49.993024],[19.936109,49.993113],[19.935954,49.993107],[19.935953,49.993118],[19.93586,49.993115],[19.935861,49.993104],[19.935706,49.993099]]]}},{"type":"Feature","id":"w299842903","properties":{"type":"resort","residential":false,"residents_est":0,"h3_10":"8a1e2e693caffff","h3_11":"8b1e2e693cabfff"},"geometry":{"type":"Polygon","coordinates":[[[19.93424,49.991764],[19.934345,49.991763],[19.934343,49.991713],[19.934481,49.991711],[19.934483,49.991736],[19.934493,49.991736],[19.934493,49.991719],[19.934511,49.991718],[19.934538,49.991718],[19.934538,49.991735],[19.934549,49.991735],[19.934548,49.991709],[19.934688,49.991707],[19.93469,49.991756],[19.9348,49.991754],[19.934802,49.991782],[19.934241,49.991792],[19.93424,49.991764]]]}},{"type":"Feature","id":"w299842905","properties":{"type":"commercial","residential":false,"residents_est":0,"h3_10":"8a1e2e693cf7fff","h3_11":"8b1e2e693cf4fff"},"geometry":{"type":"Polygon","coordinates":[[[19.935696,49.992198],[19.935769,49.991981],[19.935857,49.991994],[19.935846,49.992029],[19.935983,49.992048],[19.935952,49.99214],[19.936048,49.992156],[19.936082,49.992079],[19.936059,49.992075],[19.93607,49.992051],[19.936092,49.992055],[19.936107,49.992021],[19.936205,49.992037],[19.936127,49.992216],[19.935976,49.992195],[19.935964,49.992232],[19.935696,49.992198]]]}},{"type":"Feature","id":"w299842908","properties":{"type":"garage","residential":false,"residents_est":0,"h3_10":"8a1e2e693caffff","h3_11":"8b1e2e693caefff"},"geometry":{"type":"Polygon","coordinates":[[[19.933964,49.992083],[19.934017,49.99208],[19.934025,49.992123],[19.933973,49.992127],[19.933964,49.992083]]]}},{"type":"Feature","id":"w299842909","properties":{"type":"garage","residential":false,"residents_est":0,"h3_10":"8a1e2e693caffff","h3_11":"8b1e2e693caafff"},"geometry":{"type":"Polygon","coordinates":[[[19.934015,49.991966],[19.934086,49.991964],[19.934093,49.992025],[19.934018,49.992025],[19.934015,49.991966]]]}},{"type":"Feature","id":"w299842912","properties":{"type":"yes","residential":false,"residents_est":0,"h3_10":"8a1e2e693cf7fff","h3_11":"8b1e2e693cf4fff"},"geometry":{"type":"Polygon","coordinates":[[[19.935946,49.99238],[19.935969,49.992322],[19.936018,49.992329],[19.935995,49.992388],[19.935946,49.99238]]]}},{"type":"Feature","id":"w299842913","properties":{"type":"yes","residential":false,"residents_est":0,"h3_10":"8a1e2e693caffff","h3_11":"8b1e2e693caefff"},"geometry":{"type":"Polygon","coordinates":[[[19.933454,49.992144],[19.933463,49.992124],[19.933493,49.992114],[19.933525,49.992119],[19.93354,49.992139],[19.933532,49.99216],[19.933502,49.992169],[19.93347,49.992163],[19.933454,49.992144]]]}},{"type":"Feature","id":"w299844527","properties":{"type":"yes","address":"Wypoczynkowa 25","residential":true,"residents_est":2,"h3_10":"8a1e2e693d07fff","h3_11":"8b1e2e693d04fff"},"geometry":{"type":"Polygon","coordinates":[[[19.932553,49.997016],[19.932606,49.996955],[19.932658,49.996973],[19.932668,49.996963],[19.932706,49.996977],[19.932697,49.996988],[19.932738,49.997003],[19.932713,49.997033],[19.932742,49.997043],[19.932713,49.997076],[19.932553,49.997016]]]}},{"type":"Feature","id":"w299844528","properties":{"type":"yes","residential":true,"residents_est":4,"h3_10":"8a1e2e693d07fff","h3_11":"8b1e2e693d02fff"},"geometry":{"type":"Polygon","coordinates":[[[19.932883,49.996152],[19.932916,49.996115],[19.932897,49.996108],[19.932941,49.996061],[19.933001,49.996084],[19.93301,49.996074],[19.933006,49.996063],[19.933018,49.996048],[19.933038,49.996046],[19.933077,49.996061],[19.933082,49.996073],[19.933076,49.99608],[19.933104,49.996092],[19.933002,49.996198],[19.932883,49.996152]]]}},{"type":"Feature","id":"w299844529","properties":{"type":"yes","address":"Wypoczynkowa 11","residential":true,"residents_est":2,"h3_10":"8a1e2e693d07fff","h3_11":"8b1e2e693d03fff"},"geometry":{"type":"Polygon","coordinates":[[[19.933329,49.996043],[19.933393,49.995965],[19.933501,49.996002],[19.933435,49.996079],[19.933329,49.996043]]]}},{"type":"Feature","id":"w299844530","properties":{"type":"yes","address":"Wypoczynkowa 21","residential":true,"residents_est":1,"h3_10":"8a1e2e693d07fff","h3_11":"8b1e2e693d04fff"},"geometry":{"type":"Polygon","coordinates":[[[19.932764,49.996913],[19.932818,49.996852],[19.932881,49.996875],[19.932828,49.996937],[19.932764,49.996913]]]}},{"type":"Feature","id":"w299844531","properties":{"type":"yes","address":"Wypoczynkowa 15","residential":true,"residents_est":3,"h3_10":"8a1e2e693d07fff","h3_11":"8b1e2e693d00fff"},"geometry":{"type":"Polygon","coordinates":[[[19.932982,49.996406],[19.933053,49.996326],[19.93319,49.99638],[19.933118,49.996459],[19.932982,49.996406]]]}},{"type":"Feature","id":"w299844532","properties":{"type":"yes","residential":false,"residents_est":0,"h3_10":"8a1e2e693d07fff","h3_11":"8b1e2e693d06fff"},"geometry":{"type":"Polygon","coordinates":[[[19.932624,49.996587],[19.932645,49.996561],[19.932704,49.996583],[19.932681,49.996609],[19.932624,49.996587]]]}},{"type":"Feature","id":"w299844534","properties":{"type":"yes","residential":false,"residents_est":0,"h3_10":"8a1e2e693d07fff","h3_11":"8b1e2e693d04fff"},"geometry":{"type":"Polygon","coordinates":[[[19.932729,49.996952],[19.932764,49.996913],[19.932828,49.996937],[19.932794,49.996976],[19.932729,49.996952]]]}},{"type":"Feature","id":"w299844536","properties":{"type":"yes","residential":true,"residents_est":1,"h3_10":"8a1e2e693d37fff","h3_11":"8b1e2e693d31fff"},"geometry":{"type":"Polygon","coordinates":[[[19.932028,49.997045],[19.932064,49.996972],[19.932136,49.996988],[19.932099,49.99706],[19.932028,49.997045]]]}},{"type":"Feature","id":"w299844537","properties":{"type":"yes","address":"Wypoczynkowa 13","residential":true,"residents_est":4,"h3_10":"8a1e2e693d07fff","h3_11":"8b1e2e693d03fff"},"geometry":{"type":"Polygon","coordinates":[[[19.933072,49.996228],[19.933145,49.99615],[19.933303,49.996212],[19.93323,49.996289],[19.933072,49.996228]]]}},{"type":"Feature","id":"w299844539","properties":{"type":"yes","address":"Wypoczynkowa 21A","residential":false,"residents_est":0,"h3_10":"8a1e2e693d07fff","h3_11":"8b1e2e693d04fff"},"geometry":{"type":"Polygon","coordinates":[[[19.932703,49.996891],[19.932757,49.99683],[19.932818,49.996852],[19.932764,49.996913],[19.932703,49.996891]]]}},{"type":"Feature","id":"w299844540","properties":{"type":"yes","address":"Wypoczynkowa 21B","residential":true,"residents_est":2,"h3_10":"8a1e2e693d07fff","h3_11":"8b1e2e693d04fff"},"geometry":{"type":"Polygon","coordinates":[[[19.932575,49.996895],[19.932608,49.996856],[19.932764,49.996913],[19.932729,49.996952],[19.932575,49.996895]]]}},{"type":"Feature","id":"w299844541","properties":{"type":"yes","address":"Wypoczynkowa 25a","residential":true,"residents_est":3,"h3_10":"8a1e2e693d37fff","h3_11":"8b1e2e693d31fff"},"geometry":{"type":"Polygon","coordinates":[[[19.932206,49.997015],[19.932267,49.996902],[19.932394,49.996933],[19.93232,49.997054],[19.932263,49.99704],[19.932268,49.99703],[19.932206,49.997015]]]}},{"type":"Feature","id":"w299844542","properties":{"type":"yes","address":"Wypoczynkowa 19","residential":true,"residents_est":3,"h3_10":"8a1e2e693d07fff","h3_11":"8b1e2e693d00fff"},"geometry":{"type":"Polygon","coordinates":[[[19.932794,49.996733],[19.932861,49.996653],[19.933002,49.996702],[19.932935,49.996782],[19.932923,49.996778],[19.932905,49.996797],[19.932834,49.996773],[19.932851,49.996753],[19.932794,49.996733]]]}},{"type":"Feature","id":"w299844543","properties":{"type":"yes","address":"Wypoczynkowa 23","residential":true,"residents_est":2,"h3_10":"8a1e2e693d07fff","h3_11":"8b1e2e693d06fff"},"geometry":{"type":"Polygon","coordinates":[[[19.932095,49.996691],[19.932106,49.996679],[19.932121,49.996684],[19.932182,49.996615],[19.932291,49.996655],[19.93223,49.996726],[19.932193,49.996713],[19.932181,49.996724],[19.932095,49.996691]]]}},{"type":"Feature","id":"w299852111","properties":{"type":"yes","residential":true,"residents_est":18,"h3_10":"8a1e2e693c37fff","h3_11":"8b1e2e693c30fff"},"geometry":{"type":"Polygon","coordinates":[[[19.933947,49.994411],[19.933995,49.994318],[19.934031,49.994326],[19.934043,49.994304],[19.934006,49.994296],[19.934054,49.994202],[19.934231,49.994239],[19.934099,49.9945],[19.934021,49.994484],[19.934053,49.994418],[19.934035,49.994414],[19.933968,49.994425],[19.933955,49.994422],[19.933947,49.994411]]]}},{"type":"Feature","id":"w299852115","properties":{"type":"yes","residential":true,"residents_est":2,"h3_10":"8a1e2e693d17fff","h3_11":"8b1e2e693d10fff"},"geometry":{"type":"Polygon","coordinates":[[[19.931551,49.995781],[19.931556,49.995735],[19.931726,49.995742],[19.931721,49.995788],[19.931551,49.995781]]]}},{"type":"Feature","id":"w299852122","properties":{"type":"yes","residential":false,"residents_est":0,"h3_10":"8a1e2e693daffff","h3_11":"8b1e2e693daefff"},"geometry":{"type":"Polygon","coordinates":[[[19.931297,49.994848],[19.931352,49.994845],[19.93136,49.994897],[19.931303,49.994899],[19.931297,49.994848]]]}},{"type":"Feature","id":"w299852127","properties":{"type":"yes","residential":true,"residents_est":1,"h3_10":"8a1e2e693d17fff","h3_11":"8b1e2e693d10fff"},"geometry":{"type":"Polygon","coordinates":[[[19.931756,49.995744],[19.931882,49.995744],[19.931881,49.995802],[19.931756,49.995801],[19.931756,49.995744]]]}},{"type":"Feature","id":"w299852130","properties":{"type":"yes","residential":true,"residents_est":1,"h3_10":"8a1e2e693d17fff","h3_11":"8b1e2e693d13fff"},"geometry":{"type":"Polygon","coordinates":[[[19.931884,49.995603],[19.932027,49.995579],[19.932046,49.995622],[19.931904,49.995647],[19.931884,49.995603]]]}},{"type":"Feature","id":"w299852138","properties":{"type":"yes","address":"Borowinowa 2","residential":true,"residents_est":23,"h3_10":"8a1e2e693daffff","h3_11":"8b1e2e693dabfff"},"geometry":{"type":"Polygon","coordinates":[[[19.932456,49.994422],[19.932494,49.994402],[19.932489,49.994397],[19.932589,49.994346],[19.932745,49.994439],[19.932886,49.994552],[19.932723,49.994636],[19.932456,49.994422]]]}},{"type":"Feature","id":"w299852140","properties":{"type":"yes","residential":true,"residents_est":6,"h3_10":"8a1e2e693d17fff","h3_11":"8b1e2e693d13fff"},"geometry":{"type":"Polygon","coordinates":[[[19.931628,49.995541],[19.931879,49.995428],[19.931931,49.995472],[19.931926,49.995474],[19.931966,49.995512],[19.931714,49.995624],[19.931628,49.995541]]]}},{"type":"Feature","id":"w299855719","properties":{"type":"yes","address":"Wypoczynkowa 27","residential":true,"residents_est":3,"h3_10":"8a1e2e693d27fff","h3_11":"8b1e2e693d22fff"},"geometry":{"type":"Polygon","coordinates":[[[19.932274,49.997525],[19.93232,49.997464],[19.932333,49.997467],[19.932362,49.997432],[19.932498,49.997477],[19.932441,49.997554],[19.932379,49.997534],[19.932362,49.997553],[19.932274,49.997525]]]}},{"type":"Feature","id":"w299855721","properties":{"type":"yes","address":"Borowinowa 13","residential":true,"residents_est":3,"h3_10":"8a1e2e693d1ffff","h3_11":"8b1e2e693d1dfff"},"geometry":{"type":"Polygon","coordinates":[[[19.933946,49.995983],[19.934017,49.995941],[19.933992,49.995924],[19.934053,49.995887],[19.934117,49.995931],[19.934126,49.995925],[19.934165,49.995953],[19.934024,49.996038],[19.933946,49.995983]]]}},{"type":"Feature","id":"w299855723","properties":{"type":"yes","address":"Borowinowa 17","residential":true,"residents_est":4,"h3_10":"8a1e2e693d0ffff","h3_11":"8b1e2e693d0efff"},"geometry":{"type":"Polygon","coordinates":[[[19.934231,49.996227],[19.934264,49.996188],[19.934281,49.996195],[19.934344,49.996123],[19.934469,49.996168],[19.934393,49.996254],[19.934386,49.996252],[19.934345,49.996294],[19.934272,49.996268],[19.934288,49.996249],[19.934231,49.996227]]]}},{"type":"Feature","id":"w299855724","properties":{"type":"yes","address":"Wypoczynkowa 36","residential":true,"residents_est":3,"h3_10":"8a1e2e693d07fff","h3_11":"8b1e2e693d00fff"},"geometry":{"type":"Polygon","coordinates":[[[19.933334,49.996622],[19.933424,49.996497],[19.933437,49.996501],[19.933461,49.996468],[19.933539,49.996491],[19.933492,49.996559],[19.933464,49.996551],[19.933398,49.996642],[19.933334,49.996622]]]}},{"type":"Feature","id":"w299855725","properties":{"type":"yes","address":"Borowinowa 33a","residential":true,"residents_est":6,"h3_10":"8a1e2e693d77fff","h3_11":"8b1e2e693d74fff"},"geometry":{"type":"Polygon","coordinates":[[[19.935572,49.997402],[19.935622,49.997299],[19.935635,49.997291],[19.935679,49.9973],[19.935695,49.997294],[19.935717,49.997297],[19.935739,49.997254],[19.935759,49.997248],[19.935831,49.99726],[19.935839,49.997272],[19.935769,49.997417],[19.935659,49.997396],[19.935649,49.997417],[19.935572,49.997402]]]}},{"type":"Feature","id":"w299855726","properties":{"type":"yes","address":"Wypoczynkowa 44","residential":true,"residents_est":3,"h3_10":"8a1e2e693d27fff","h3_11":"8b1e2e693d23fff"},"geometry":{"type":"Polygon","coordinates":[[[19.933221,49.997485],[19.933234,49.997466],[19.933222,49.997462],[19.933237,49.997439],[19.933251,49.997443],[19.933275,49.99741],[19.933321,49.997424],[19.933339,49.997419],[19.933364,49.997426],[19.933371,49.99744],[19.933358,49.997458],[19.933395,49.99747],[19.93336,49.997519],[19.933322,49.997507],[19.933318,49.997515],[19.933221,49.997485]]]}},{"type":"Feature","id":"w299855727","properties":{"type":"yes","address":"Borowinowa 39a","residential":true,"residents_est":5,"h3_10":"8a1e2e693d77fff","h3_11":"8b1e2e693d75fff"},"geometry":{"type":"Polygon","coordinates":[[[19.936402,49.997294],[19.936356,49.997284],[19.93636,49.997274],[19.936332,49.997265],[19.936303,49.997264],[19.936299,49.997273],[19.936252,49.997265],[19.936239,49.997294],[19.93621,49.997289],[19.936193,49.997329],[19.936212,49.997333],[19.9362,49.997361],[19.93621,49.997363],[19.936201,49.997386],[19.936237,49.997392],[19.936225,49.997424],[19.936317,49.99744],[19.936339,49.997386],[19.936363,49.99739],[19.936377,49.997357],[19.936367,49.997355],[19.93638,49.997323],[19.93639,49.997325],[19.936402,49.997294]]]}},{"type":"Feature","id":"w299855728","properties":{"type":"yes","residential":true,"residents_est":1,"h3_10":"8a1e2e693d67fff","h3_11":"8b1e2e693d63fff"},"geometry":{"type":"Polygon","coordinates":[[[19.937764,49.997439],[19.937786,49.997372],[19.937875,49.997384],[19.937854,49.997451],[19.937764,49.997439]]]}},{"type":"Feature","id":"w299855729","properties":{"type":"yes","residential":true,"residents_est":1,"h3_10":"8a1e2e693d0ffff","h3_11":"8b1e2e693d0cfff"},"geometry":{"type":"Polygon","coordinates":[[[19.934526,49.996476],[19.93458,49.996425],[19.934656,49.996459],[19.934603,49.99651],[19.934526,49.996476]]]}},{"type":"Feature","id":"w299855731","properties":{"type":"yes","residential":true,"residents_est":1,"h3_10":"8a1e2e693d07fff","h3_11":"8b1e2e693d01fff"},"geometry":{"type":"Polygon","coordinates":[[[19.933778,49.99646],[19.933834,49.996404],[19.93391,49.996436],[19.933853,49.996492],[19.933778,49.99646]]]}},{"type":"Feature","id":"w299855732","properties":{"type":"yes","address":"Borowinowa 23","residential":true,"residents_est":2,"h3_10":"8a1e2e693d0ffff","h3_11":"8b1e2e693d0cfff"},"geometry":{"type":"Polygon","coordinates":[[[19.934633,49.9966],[19.934722,49.996513],[19.934803,49.996547],[19.934714,49.996634],[19.934633,49.9966]]]}},{"type":"Feature","id":"w299855733","properties":{"type":"yes","address":"Borowinowa 29","residential":true,"residents_est":3,"h3_10":"8a1e2e693d0ffff","h3_11":"8b1e2e693d0dfff"},"geometry":{"type":"Polygon","coordinates":[[[19.935402,49.996666],[19.935474,49.996574],[19.935603,49.996617],[19.935529,49.996709],[19.935402,49.996666]]]}},{"type":"Feature","id":"w299855735","properties":{"type":"yes","address":"Borowinowa 25","residential":true,"residents_est":2,"h3_10":"8a1e2e693d0ffff","h3_11":"8b1e2e693d0dfff"},"geometry":{"type":"Polygon","coordinates":[[[19.93497,49.996482],[19.935036,49.996403],[19.935147,49.996441],[19.935081,49.99652],[19.93497,49.996482]]]}},{"type":"Feature","id":"w299855736","properties":{"type":"yes","residential":false,"residents_est":0,"h3_10":"8a1e2e693d37fff","h3_11":"8b1e2e693d35fff"},"geometry":{"type":"Polygon","coordinates":[[[19.931754,49.997562],[19.931781,49.997506],[19.931827,49.997515],[19.931801,49.997572],[19.931754,49.997562]]]}},{"type":"Feature","id":"w299855737","properties":{"type":"yes","residential":false,"residents_est":0,"h3_10":"8a1e2e693d0ffff","h3_11":"8b1e2e693d0dfff"},"geometry":{"type":"Polygon","coordinates":[[[19.935392,49.996786],[19.935415,49.996752],[19.935492,49.996774],[19.93547,49.996808],[19.935392,49.996786]]]}},{"type":"Feature","id":"w299855743","properties":{"type":"yes","residential":false,"residents_est":0,"h3_10":"8a1e2e693d27fff","h3_11":"8b1e2e693d26fff"},"geometry":{"type":"Polygon","coordinates":[[[19.932294,49.997803],[19.932336,49.997746],[19.932378,49.997759],[19.932339,49.997816],[19.932294,49.997803]]]}},{"type":"Feature","id":"w299855745","properties":{"type":"yes","residential":true,"residents_est":1,"h3_10":"8a1e2e693d77fff","h3_11":"8b1e2e693d70fff"},"geometry":{"type":"Polygon","coordinates":[[[19.936036,49.997009],[19.936062,49.996957],[19.936184,49.996983],[19.936157,49.997035],[19.936036,49.997009]]]}},{"type":"Feature","id":"w299855746","properties":{"type":"yes","address":"Borowinowa 25a","residential":true,"residents_est":4,"h3_10":"8a1e2e693d0ffff","h3_11":"8b1e2e693d0dfff"},"geometry":{"type":"Polygon","coordinates":[[[19.9348,49.996674],[19.934898,49.996552],[19.935012,49.996589],[19.934944,49.996675],[19.934938,49.996673],[19.9349,49.99672],[19.934866,49.996708],[19.934874,49.996699],[19.9348,49.996674]]]}},{"type":"Feature","id":"w299855747","properties":{"type":"yes","residential":false,"residents_est":0,"h3_10":"8a1e2e693d27fff","h3_11":"8b1e2e693d23fff"},"geometry":{"type":"Polygon","coordinates":[[[19.93307,49.997486],[19.933104,49.997437],[19.933156,49.997451],[19.933124,49.997502],[19.93307,49.997486]]]}},{"type":"Feature","id":"w299855753","properties":{"type":"yes","address":"Borowinowa 31","residential":true,"residents_est":3,"h3_10":"8a1e2e693d77fff","h3_11":"8b1e2e693d76fff"},"geometry":{"type":"Polygon","coordinates":[[[19.935606,49.996827],[19.935666,49.996732],[19.935814,49.99677],[19.935751,49.996869],[19.935606,49.996827]]]}},{"type":"Feature","id":"w299855759","properties":{"type":"yes","residential":false,"residents_est":0,"h3_10":"8a1e2e693d77fff","h3_11":"8b1e2e693d71fff"},"geometry":{"type":"Polygon","coordinates":[[[19.936799,49.997175],[19.936811,49.997146],[19.936889,49.997158],[19.936878,49.997188],[19.936799,49.997175]]]}},{"type":"Feature","id":"w299855768","properties":{"type":"yes","residential":true,"residents_est":2,"h3_10":"8a1e2e693d77fff","h3_11":"8b1e2e693d76fff"},"geometry":{"type":"Polygon","coordinates":[[[19.935671,49.997102],[19.935711,49.997037],[19.935823,49.997071],[19.935785,49.997136],[19.935671,49.997102]]]}},{"type":"Feature","id":"w299855770","properties":{"type":"yes","address":"Borowinowa 43","residential":true,"residents_est":2,"h3_10":"8a1e2e693d77fff","h3_11":"8b1e2e693d75fff"},"geometry":{"type":"Polygon","coordinates":[[[19.936764,49.997263],[19.936799,49.997175],[19.936927,49.997196],[19.936892,49.997284],[19.936764,49.997263]]]}},{"type":"Feature","id":"w299855773","properties":{"type":"yes","address":"Wypoczynkowa 38","residential":true,"residents_est":3,"h3_10":"8a1e2e693d07fff","h3_11":"8b1e2e693d01fff"},"geometry":{"type":"Polygon","coordinates":[[[19.933699,49.99678],[19.933761,49.996709],[19.933944,49.996776],[19.933917,49.996807],[19.933849,49.996782],[19.933813,49.996823],[19.933699,49.99678]]]}},{"type":"Feature","id":"w299855775","properties":{"type":"yes","address":"Borowinowa 27","residential":true,"residents_est":4,"h3_10":"8a1e2e693d0ffff","h3_11":"8b1e2e693d0dfff"},"geometry":{"type":"Polygon","coordinates":[[[19.935116,49.996592],[19.935218,49.996466],[19.935332,49.996504],[19.93525,49.996604],[19.935225,49.996596],[19.935204,49.996622],[19.935116,49.996592]]]}},{"type":"Feature","id":"w299855776","properties":{"type":"yes","address":"Borowinowa 35","residential":true,"residents_est":4,"h3_10":"8a1e2e693d77fff","h3_11":"8b1e2e693d70fff"},"geometry":{"type":"Polygon","coordinates":[[[19.936122,49.996907],[19.936187,49.996759],[19.93625,49.996771],[19.936246,49.996782],[19.936305,49.996792],[19.93627,49.996876],[19.936227,49.996868],[19.936203,49.996923],[19.936122,49.996907]]]}},{"type":"Feature","id":"w299855778","properties":{"type":"yes","residential":false,"residents_est":0,"h3_10":"8a1e2e693d27fff","h3_11":"8b1e2e693d20fff"},"geometry":{"type":"Polygon","coordinates":[[[19.932826,49.997629],[19.932849,49.997595],[19.932915,49.997613],[19.932892,49.997647],[19.932826,49.997629]]]}},{"type":"Feature","id":"w299855779","properties":{"type":"yes","residential":false,"residents_est":0,"h3_10":"8a1e2e693d27fff","h3_11":"8b1e2e693d26fff"},"geometry":{"type":"Polygon","coordinates":[[[19.932072,49.997796],[19.932101,49.997757],[19.932145,49.997771],[19.932112,49.99781],[19.932072,49.997796]]]}},{"type":"Feature","id":"w299855780","properties":{"type":"yes","address":"Wypoczynkowa 48","residential":true,"residents_est":2,"h3_10":"8a1e2e693d27fff","h3_11":"8b1e2e693d20fff"},"geometry":{"type":"Polygon","coordinates":[[[19.932637,49.997696],[19.932684,49.997628],[19.932821,49.997667],[19.932774,49.997735],[19.932637,49.997696]]]}},{"type":"Feature","id":"w299855781","properties":{"type":"yes","residential":false,"residents_est":0,"h3_10":"8a1e2e693d27fff","h3_11":"8b1e2e693d26fff"},"geometry":{"type":"Polygon","coordinates":[[[19.931923,49.997728],[19.931946,49.997696],[19.931957,49.997706],[19.932004,49.997721],[19.931986,49.997747],[19.931923,49.997728]]]}},{"type":"Feature","id":"w299855782","properties":{"type":"yes","residential":true,"residents_est":1,"h3_10":"8a1e2e693d07fff","h3_11":"8b1e2e693d01fff"},"geometry":{"type":"Polygon","coordinates":[[[19.93344,49.996585],[19.933464,49.996551],[19.933493,49.99656],[19.933516,49.996525],[19.933578,49.996543],[19.933529,49.996612],[19.93344,49.996585]]]}},{"type":"Feature","id":"w299855783","properties":{"type":"yes","address":"Borowinowa 21","residential":true,"residents_est":2,"h3_10":"8a1e2e693d0ffff","h3_11":"8b1e2e693d08fff"},"geometry":{"type":"Polygon","coordinates":[[[19.934648,49.996361],[19.934709,49.996288],[19.934824,49.996327],[19.934762,49.996401],[19.934648,49.996361]]]}},{"type":"Feature","id":"w299855784","properties":{"type":"yes","address":"Borowinowa 19","residential":true,"residents_est":3,"h3_10":"8a1e2e693d0ffff","h3_11":"8b1e2e693d08fff"},"geometry":{"type":"Polygon","coordinates":[[[19.934452,49.996292],[19.934518,49.996212],[19.934645,49.996255],[19.934582,49.996331],[19.9346,49.996338],[19.934586,49.996355],[19.934533,49.996338],[19.934545,49.996324],[19.934452,49.996292]]]}},{"type":"Feature","id":"w299855787","properties":{"type":"yes","residential":false,"residents_est":0,"h3_10":"8a1e2e693d07fff","h3_11":"8b1e2e693d03fff"},"geometry":{"type":"Polygon","coordinates":[[[19.933613,49.996236],[19.933636,49.99622],[19.933721,49.996271],[19.933705,49.996282],[19.933679,49.996266],[19.933671,49.996272],[19.933613,49.996236]]]}},{"type":"Feature","id":"w299855788","properties":{"type":"yes","residential":false,"residents_est":0,"h3_10":"8a1e2e693d77fff","h3_11":"8b1e2e693d76fff"},"geometry":{"type":"Polygon","coordinates":[[[19.935682,49.996927],[19.935706,49.996889],[19.935772,49.996906],[19.935727,49.996977],[19.935691,49.996968],[19.935711,49.996935],[19.935682,49.996927]]]}},{"type":"Feature","id":"w299855789","properties":{"type":"yes","address":"Wypoczynkowa 46","residential":true,"residents_est":2,"h3_10":"8a1e2e693d27fff","h3_11":"8b1e2e693d23fff"},"geometry":{"type":"Polygon","coordinates":[[[19.93288,49.997449],[19.932928,49.997381],[19.933058,49.997421],[19.93301,49.997488],[19.93288,49.997449]]]}},{"type":"Feature","id":"w299855790","properties":{"type":"yes","address":"Wypoczynkowa 52","residential":true,"residents_est":5,"h3_10":"8a1e2e693d27fff","h3_11":"8b1e2e693d24fff"},"geometry":{"type":"Polygon","coordinates":[[[19.932233,49.998238],[19.932321,49.998149],[19.932549,49.998244],[19.932474,49.998319],[19.932306,49.998251],[19.932293,49.998263],[19.932233,49.998238]]]}},{"type":"Feature","id":"w299855791","properties":{"type":"yes","address":"Borowinowa 31a","residential":true,"residents_est":6,"h3_10":"8a1e2e693d2ffff","h3_11":"8b1e2e693d29fff"},"geometry":{"type":"Polygon","coordinates":[[[19.935273,49.99743],[19.935344,49.997301],[19.935422,49.997319],[19.935453,49.997262],[19.935535,49.997282],[19.935431,49.997466],[19.935273,49.99743]]]}},{"type":"Feature","id":"w299855793","properties":{"type":"yes","address":"Wypoczynkowa 31","residential":true,"residents_est":3,"h3_10":"8a1e2e693d27fff","h3_11":"8b1e2e693d26fff"},"geometry":{"type":"Polygon","coordinates":[[[19.932101,49.997757],[19.93215,49.99769],[19.932336,49.997746],[19.932287,49.997812],[19.932101,49.997757]]]}},{"type":"Feature","id":"w299855794","properties":{"type":"yes","address":"Borowinowa 47","residential":true,"residents_est":3,"h3_10":"8a1e2e693d67fff","h3_11":"8b1e2e693d63fff"},"geometry":{"type":"Polygon","coordinates":[[[19.937786,49.997372],[19.937819,49.997269],[19.937891,49.997278],[19.937888,49.99729],[19.937942,49.997297],[19.937914,49.997388],[19.937786,49.997372]]]}},{"type":"Feature","id":"w299855797","properties":{"type":"yes","address":"Borowinowa 15","residential":true,"residents_est":3,"h3_10":"8a1e2e693d0ffff","h3_11":"8b1e2e693d0efff"},"geometry":{"type":"Polygon","coordinates":[[[19.934025,49.996038],[19.934165,49.995953],[19.934203,49.995976],[19.934193,49.995983],[19.934229,49.996006],[19.934238,49.996001],[19.934264,49.996018],[19.934193,49.996061],[19.934171,49.996045],[19.934098,49.996089],[19.934025,49.996038]]]}},{"type":"Feature","id":"w299855798","properties":{"type":"yes","address":"Wypoczynkowa 34","residential":true,"residents_est":2,"h3_10":"8a1e2e693d07fff","h3_11":"8b1e2e693d03fff"},"geometry":{"type":"Polygon","coordinates":[[[19.933535,49.996289],[19.933613,49.996236],[19.933671,49.996272],[19.933679,49.996266],[19.933718,49.99629],[19.933632,49.996348],[19.933535,49.996289]]]}},{"type":"Feature","id":"w299855799","properties":{"type":"yes","address":"Wypoczynkowa 32","residential":true,"residents_est":3,"h3_10":"8a1e2e693d0ffff","h3_11":"8b1e2e693d0efff"},"geometry":{"type":"Polygon","coordinates":[[[19.933731,49.996153],[19.933834,49.996084],[19.93394,49.996148],[19.933812,49.996235],[19.933746,49.996195],[19.933771,49.996178],[19.933731,49.996153]]]}},{"type":"Feature","id":"w299855800","properties":{"type":"yes","address":"Wypoczynkowa 50","residential":true,"residents_est":2,"h3_10":"8a1e2e693d27fff","h3_11":"8b1e2e693d20fff"},"geometry":{"type":"Polygon","coordinates":[[[19.932988,49.997776],[19.933024,49.997721],[19.933131,49.997749],[19.933083,49.997823],[19.932994,49.997799],[19.933005,49.99778],[19.932988,49.997776]]]}},{"type":"Feature","id":"w299855803","properties":{"type":"yes","residential":true,"residents_est":2,"h3_10":"8a1e2e693d0ffff","h3_11":"8b1e2e693d0efff"},"geometry":{"type":"Polygon","coordinates":[[[19.934131,49.996313],[19.934239,49.996197],[19.934252,49.996201],[19.934231,49.996227],[19.934288,49.996249],[19.934223,49.996319],[19.934192,49.996306],[19.93417,49.996329],[19.934131,49.996313]]]}},{"type":"Feature","id":"w299855805","properties":{"type":"yes","address":"Wypoczynkowa 29","residential":true,"residents_est":4,"h3_10":"8a1e2e693d27fff","h3_11":"8b1e2e693d26fff"},"geometry":{"type":"Polygon","coordinates":[[[19.93195,49.997644],[19.932012,49.99756],[19.932143,49.9976],[19.932092,49.99767],[19.93211,49.997675],[19.932079,49.997717],[19.931989,49.99769],[19.932008,49.997662],[19.93195,49.997644]]]}},{"type":"Feature","id":"w314245526","properties":{"type":"yes","address":"Edmunda Neussera 7","residential":true,"residents_est":3,"h3_10":"8a1e2e693ceffff","h3_11":"8b1e2e693ce8fff"},"geometry":{"type":"Polygon","coordinates":[[[19.93915,49.992083],[19.939286,49.992065],[19.939316,49.992163],[19.939181,49.992181],[19.93915,49.992083]]]}},{"type":"Feature","id":"w337258048","properties":{"type":"yes","address":"Borowinowa 10a","residential":true,"residents_est":3,"h3_10":"8a1e2e693d0ffff","h3_11":"8b1e2e693d0afff"},"geometry":{"type":"Polygon","coordinates":[[[19.934668,49.995893],[19.934725,49.995813],[19.934867,49.995857],[19.93481,49.995936],[19.934668,49.995893]]]}},{"type":"Feature","id":"w337258049","properties":{"type":"yes","address":"Rabczańska 7","residential":true,"residents_est":3,"h3_10":"8a1e2e693d57fff","h3_11":"8b1e2e693d51fff"},"geometry":{"type":"Polygon","coordinates":[[[19.936994,49.99581],[19.937029,49.995744],[19.937012,49.99574],[19.937043,49.995683],[19.937153,49.995706],[19.937131,49.995748],[19.93715,49.995752],[19.937137,49.995775],[19.937119,49.995771],[19.937088,49.99583],[19.936994,49.99581]]]}},{"type":"Feature","id":"w337258050","properties":{"type":"yes","address":"Wypoczynkowa 16b","residential":true,"residents_est":4,"h3_10":"8a1e2e693c2ffff","h3_11":"8b1e2e693c28fff"},"geometry":{"type":"Polygon","coordinates":[[[19.936649,49.994816],[19.936688,49.994739],[19.936869,49.994778],[19.936859,49.994798],[19.936884,49.994804],[19.936855,49.994857],[19.936828,49.994851],[19.936818,49.994871],[19.936696,49.994845],[19.936705,49.994827],[19.936649,49.994816]]]}},{"type":"Feature","id":"w337258052","properties":{"type":"yes","address":"Mariusza Zaruskiego 11","residential":true,"residents_est":4,"h3_10":"8a1e2e693c2ffff","h3_11":"8b1e2e693c2dfff"},"geometry":{"type":"Polygon","coordinates":[[[19.937603,49.995204],[19.937623,49.995169],[19.9376,49.995163],[19.937628,49.995116],[19.937509,49.995087],[19.937492,49.995115],[19.937457,49.995106],[19.937425,49.99516],[19.937452,49.995167],[19.937435,49.995196],[19.937523,49.995217],[19.93754,49.995189],[19.937603,49.995204]],[[19.937602,49.995203],[19.937602,49.995202],[19.937603,49.995203],[19.937602,49.995203]]]}},{"type":"Feature","id":"w337258053","properties":{"type":"yes","address":"Borowinowa 8","residential":true,"residents_est":4,"h3_10":"8a1e2e693d0ffff","h3_11":"8b1e2e693d0afff"},"geometry":{"type":"Polygon","coordinates":[[[19.934411,49.995735],[19.934458,49.995658],[19.934516,49.995672],[19.934505,49.995691],[19.934588,49.995711],[19.934593,49.995703],[19.934662,49.995719],[19.934606,49.995815],[19.934442,49.995776],[19.934459,49.995747],[19.934411,49.995735]]]}},{"type":"Feature","id":"w337258054","properties":{"type":"yes","address":"Borowinowa 14","residential":true,"residents_est":2,"h3_10":"8a1e2e693d57fff","h3_11":"8b1e2e693d56fff"},"geometry":{"type":"Polygon","coordinates":[[[19.935657,49.995918],[19.935705,49.995823],[19.935765,49.995836],[19.935708,49.99595],[19.935674,49.995943],[19.935684,49.995923],[19.935657,49.995918]]]}},{"type":"Feature","id":"w337258055","properties":{"type":"yes","address":"Borowinowa 10","residential":true,"residents_est":4,"h3_10":"8a1e2e693d0ffff","h3_11":"8b1e2e693d0bfff"},"geometry":{"type":"Polygon","coordinates":[[[19.93489,49.995958],[19.934947,49.995879],[19.935012,49.995896],[19.935035,49.995864],[19.935104,49.995884],[19.935023,49.995997],[19.934978,49.995984],[19.934962,49.996005],[19.934958,49.996004],[19.934896,49.995985],[19.93491,49.995964],[19.93489,49.995958]]]}},{"type":"Feature","id":"w337258056","properties":{"type":"yes","address":"Mariusza Zaruskiego 8","residential":true,"residents_est":3,"h3_10":"8a1e2e693d5ffff","h3_11":"8b1e2e693d5afff"},"geometry":{"type":"Polygon","coordinates":[[[19.937754,49.995279],[19.937793,49.995213],[19.937787,49.995212],[19.937808,49.99517],[19.937936,49.995197],[19.937918,49.995233],[19.937937,49.995237],[19.9379,49.99531],[19.937754,49.995279]]]}},{"type":"Feature","id":"w337258057","properties":{"type":"yes","address":"Wypoczynkowa 2","residential":true,"residents_est":5,"h3_10":"8a1e2e693c0ffff","h3_11":"8b1e2e693c09fff"},"geometry":{"type":"Polygon","coordinates":[[[19.937963,49.993582],[19.937991,49.993578],[19.938015,49.993525],[19.938072,49.993536],[19.93808,49.993519],[19.93817,49.993536],[19.938163,49.993552],[19.938222,49.993564],[19.9382,49.993615],[19.93814,49.993604],[19.938096,49.993701],[19.938008,49.993685],[19.938034,49.993629],[19.938009,49.993624],[19.938022,49.993597],[19.938005,49.993594],[19.937985,49.993608],[19.937963,49.993582]]]}},{"type":"Feature","id":"w337258059","properties":{"type":"yes","address":"Mariusza Zaruskiego 4","residential":true,"residents_est":14,"h3_10":"8a1e2e693c77fff","h3_11":"8b1e2e693c74fff"},"geometry":{"type":"Polygon","coordinates":[[[19.938221,49.994966],[19.938249,49.994904],[19.938274,49.994896],[19.9383,49.994901],[19.938314,49.994917],[19.93835,49.994923],[19.93842,49.994898],[19.938435,49.994901],[19.93844,49.99489],[19.938464,49.994882],[19.938494,49.994888],[19.938505,49.994903],[19.9385,49.994914],[19.938515,49.994917],[19.938499,49.994952],[19.938486,49.994949],[19.938471,49.994984],[19.938458,49.994982],[19.938451,49.994998],[19.938476,49.995003],[19.938435,49.995093],[19.938342,49.995076],[19.938357,49.995041],[19.938257,49.995022],[19.938278,49.994977],[19.938221,49.994966]]]}},{"type":"Feature","id":"w337258060","properties":{"type":"yes","residential":true,"residents_est":3,"h3_10":"8a1e2e693d87fff","h3_11":"8b1e2e693d80fff"},"geometry":{"type":"Polygon","coordinates":[[[19.930325,49.994031],[19.930346,49.993964],[19.930517,49.99398],[19.930508,49.994008],[19.930517,49.994016],[19.930512,49.994031],[19.9305,49.994037],[19.930493,49.994057],[19.930325,49.994031]]]}},{"type":"Feature","id":"w337258061","properties":{"type":"yes","residential":true,"residents_est":1,"h3_10":"8a1e2e693d47fff","h3_11":"8b1e2e693d46fff"},"geometry":{"type":"Polygon","coordinates":[[[19.937594,49.996767],[19.937619,49.996713],[19.937707,49.996731],[19.937681,49.996785],[19.937594,49.996767]]]}},{"type":"Feature","id":"w337258062","properties":{"type":"yes","address":"Borowinowa 20","residential":true,"residents_est":3,"h3_10":"8a1e2e693d57fff","h3_11":"8b1e2e693d54fff"},"geometry":{"type":"Polygon","coordinates":[[[19.935944,49.996308],[19.935983,49.996228],[19.936132,49.996259],[19.936121,49.996281],[19.936138,49.996285],[19.93611,49.996342],[19.935944,49.996308]]]}},{"type":"Feature","id":"w337258063","properties":{"type":"yes","address":"Borowinowa 28","residential":true,"residents_est":3,"h3_10":"8a1e2e693d77fff","h3_11":"8b1e2e693d73fff"},"geometry":{"type":"Polygon","coordinates":[[[19.936845,49.996515],[19.936883,49.996435],[19.937056,49.996469],[19.937018,49.996549],[19.936845,49.996515]]]}},{"type":"Feature","id":"w337258064","properties":{"type":"yes","residential":true,"residents_est":1,"h3_10":"8a1e2e693c2ffff","h3_11":"8b1e2e693c28fff"},"geometry":{"type":"Polygon","coordinates":[[[19.93697,49.994609],[19.937015,49.994523],[19.937068,49.994535],[19.937024,49.994621],[19.93697,49.994609]]]}},{"type":"Feature","id":"w337258066","properties":{"type":"yes","residential":true,"residents_est":1,"h3_10":"8a1e2e693c2ffff","h3_11":"8b1e2e693c2cfff"},"geometry":{"type":"Polygon","coordinates":[[[19.936595,49.995197],[19.936629,49.995133],[19.936721,49.995154],[19.936685,49.995219],[19.936595,49.995197]]]}},{"type":"Feature","id":"w337258067","properties":{"type":"yes","residential":true,"residents_est":1,"h3_10":"8a1e2e693d47fff","h3_11":"8b1e2e693d46fff"},"geometry":{"type":"Polygon","coordinates":[[[19.937038,49.996537],[19.93708,49.996449],[19.93714,49.996462],[19.937099,49.99655],[19.937038,49.996537]]]}},{"type":"Feature","id":"w337258068","properties":{"type":"yes","residential":false,"residents_est":0,"h3_10":"8a1e2e693d0ffff","h3_11":"8b1e2e693d0bfff"},"geometry":{"type":"Polygon","coordinates":[[[19.934871,49.995803],[19.934904,49.995749],[19.934961,49.995763],[19.934928,49.995817],[19.934871,49.995803]]]}},{"type":"Feature","id":"w337258069","properties":{"type":"yes","address":"Wypoczynkowa 14","residential":true,"residents_est":4,"h3_10":"8a1e2e693c2ffff","h3_11":"8b1e2e693c2bfff"},"geometry":{"type":"Polygon","coordinates":[[[19.937209,49.994471],[19.937246,49.9944],[19.937424,49.994434],[19.937449,49.994434],[19.937409,49.994514],[19.937209,49.994471]]]}},{"type":"Feature","id":"w337258070","properties":{"type":"yes","address":"Tytusa Chałubińskiego 4","residential":true,"residents_est":3,"h3_10":"8a1e2e693d47fff","h3_11":"8b1e2e693d43fff"},"geometry":{"type":"Polygon","coordinates":[[[19.938146,49.996206],[19.93819,49.996105],[19.93834,49.996133],[19.938295,49.996233],[19.938146,49.996206]]]}},{"type":"Feature","id":"w337258071","properties":{"type":"yes","address":"Borowinowa 30a","residential":true,"residents_est":2,"h3_10":"8a1e2e693d47fff","h3_11":"8b1e2e693d46fff"},"geometry":{"type":"Polygon","coordinates":[[[19.937127,49.996584],[19.937187,49.996468],[19.93726,49.996483],[19.937201,49.9966],[19.937127,49.996584]]]}},{"type":"Feature","id":"w337258072","properties":{"type":"yes","address":"Wypoczynkowa 26","residential":true,"residents_est":3,"h3_10":"8a1e2e693c27fff","h3_11":"8b1e2e693c24fff"},"geometry":{"type":"Polygon","coordinates":[[[19.934759,49.995458],[19.934827,49.995385],[19.934958,49.995436],[19.934891,49.995509],[19.934759,49.995458]]]}},{"type":"Feature","id":"w337258075","properties":{"type":"yes","residential":false,"residents_est":0,"h3_10":"8a1e2e693d0ffff","h3_11":"8b1e2e693d08fff"},"geometry":{"type":"Polygon","coordinates":[[[19.934976,49.99607],[19.935009,49.996011],[19.935074,49.996025],[19.935041,49.996084],[19.934976,49.99607]]]}},{"type":"Feature","id":"w337258077","properties":{"type":"yes","address":"Tytusa Chałubińskiego 26a","residential":true,"residents_est":3,"h3_10":"8a1e2e693c77fff","h3_11":"8b1e2e693c76fff"},"geometry":{"type":"Polygon","coordinates":[[[19.938215,49.994419],[19.938237,49.994328],[19.938409,49.994345],[19.938387,49.994437],[19.938215,49.994419]]]}},{"type":"Feature","id":"w337258078","properties":{"type":"yes","residential":true,"residents_est":1,"h3_10":"8a1e2e693c77fff","h3_11":"8b1e2e693c74fff"},"geometry":{"type":"Polygon","coordinates":[[[19.938645,49.994862],[19.93866,49.994821],[19.938793,49.994842],[19.938778,49.994883],[19.938645,49.994862]]]}},{"type":"Feature","id":"w337258080","properties":{"type":"yes","address":"Wczasowa 4","residential":true,"residents_est":3,"h3_10":"8a1e2e693d57fff","h3_11":"8b1e2e693d52fff"},"geometry":{"type":"Polygon","coordinates":[[[19.935933,49.995688],[19.935977,49.995602],[19.936109,49.99563],[19.936066,49.995715],[19.935933,49.995688]]]}},{"type":"Feature","id":"w337258081","properties":{"type":"yes","address":"Wypoczynkowa 18a","residential":true,"residents_est":3,"h3_10":"8a1e2e693c2ffff","h3_11":"8b1e2e693c2efff"},"geometry":{"type":"Polygon","coordinates":[[[19.9362,49.994969],[19.936242,49.994882],[19.936378,49.99491],[19.936335,49.994997],[19.9362,49.994969]]]}},{"type":"Feature","id":"w337258083","properties":{"type":"yes","address":"Wypoczynkowa 22","residential":true,"residents_est":5,"h3_10":"8a1e2e693c27fff","h3_11":"8b1e2e693c20fff"},"geometry":{"type":"Polygon","coordinates":[[[19.935224,49.994995],[19.935256,49.994964],[19.935237,49.994956],[19.935293,49.994903],[19.93531,49.99491],[19.93534,49.994882],[19.93538,49.994899],[19.935388,49.994893],[19.935423,49.994908],[19.935416,49.994915],[19.935454,49.994932],[19.935424,49.994961],[19.935467,49.994979],[19.935412,49.995032],[19.935369,49.995013],[19.935337,49.995044],[19.935224,49.994995]]]}},{"type":"Feature","id":"w337258085","properties":{"type":"yes","address":"Wczasowa 7","residential":true,"residents_est":3,"h3_10":"8a1e2e693d57fff","h3_11":"8b1e2e693d52fff"},"geometry":{"type":"Polygon","coordinates":[[[19.936298,49.99562],[19.936344,49.995532],[19.93651,49.995567],[19.936465,49.995656],[19.936298,49.99562]]]}},{"type":"Feature","id":"w337258087","properties":{"type":"yes","residential":false,"residents_est":0,"h3_10":"8a1e2e693d57fff","h3_11":"8b1e2e693d53fff"},"geometry":{"type":"Polygon","coordinates":[[[19.936816,49.995424],[19.936837,49.995376],[19.936923,49.995392],[19.936901,49.995441],[19.936816,49.995424]]]}},{"type":"Feature","id":"w337258088","properties":{"type":"yes","address":"Wypoczynkowa 16","residential":true,"residents_est":3,"h3_10":"8a1e2e693c0ffff","h3_11":"8b1e2e693c0cfff"},"geometry":{"type":"Polygon","coordinates":[[[19.936924,49.994264],[19.936965,49.994175],[19.937102,49.994202],[19.937061,49.99429],[19.936924,49.994264]]]}},{"type":"Feature","id":"w337258090","properties":{"type":"yes","residential":false,"residents_est":0,"h3_10":"8a1e2e693c77fff","h3_11":"8b1e2e693c76fff"},"geometry":{"type":"Polygon","coordinates":[[[19.937877,49.994311],[19.937892,49.994266],[19.937997,49.994281],[19.937981,49.994326],[19.937877,49.994311]]]}},{"type":"Feature","id":"w337258091","properties":{"type":"yes","residential":true,"residents_est":2,"h3_10":"8a1e2e693d57fff","h3_11":"8b1e2e693d50fff"},"geometry":{"type":"Polygon","coordinates":[[[19.936777,49.996095],[19.936829,49.995992],[19.936916,49.996011],[19.936864,49.996113],[19.936777,49.996095]]]}},{"type":"Feature","id":"w337258093","properties":{"type":"yes","address":"Mariusza Zaruskiego 5","residential":true,"residents_est":3,"h3_10":"8a1e2e693c77fff","h3_11":"8b1e2e693c76fff"},"geometry":{"type":"Polygon","coordinates":[[[19.937644,49.994382],[19.937654,49.994359],[19.937646,49.994357],[19.937677,49.994284],[19.937826,49.99431],[19.937797,49.994383],[19.937745,49.994375],[19.937735,49.994398],[19.937644,49.994382]]]}},{"type":"Feature","id":"w337258094","properties":{"type":"yes","address":"Wypoczynkowa 12","residential":true,"residents_est":2,"h3_10":"8a1e2e693c2ffff","h3_11":"8b1e2e693c2bfff"},"geometry":{"type":"Polygon","coordinates":[[[19.937312,49.994237],[19.937324,49.99421],[19.937339,49.994212],[19.937359,49.994167],[19.937385,49.994172],[19.937395,49.994148],[19.937477,49.994163],[19.937435,49.994263],[19.937312,49.994237]]]}},{"type":"Feature","id":"w337258095","properties":{"type":"yes","residential":true,"residents_est":2,"h3_10":"8a1e2e693d5ffff","h3_11":"8b1e2e693d5afff"},"geometry":{"type":"Polygon","coordinates":[[[19.938043,49.99522],[19.938106,49.995108],[19.938181,49.995123],[19.938158,49.995172],[19.93813,49.995173],[19.938102,49.995232],[19.938043,49.99522]]]}},{"type":"Feature","id":"w337258096","properties":{"type":"yes","address":"Borowinowa 32","residential":true,"residents_est":3,"h3_10":"8a1e2e693d47fff","h3_11":"8b1e2e693d46fff"},"geometry":{"type":"Polygon","coordinates":[[[19.937437,49.996602],[19.937461,49.996551],[19.937651,49.99659],[19.937608,49.99668],[19.937521,49.996663],[19.937527,49.996649],[19.937478,49.99664],[19.937491,49.996613],[19.937437,49.996602]]]}},{"type":"Feature","id":"w337258097","properties":{"type":"yes","address":"Kąpielowa 71","residential":true,"residents_est":4,"h3_10":"8a1e2e693c77fff","h3_11":"8b1e2e693c72fff"},"geometry":{"type":"Polygon","coordinates":[[[19.938408,49.993888],[19.938425,49.993825],[19.938507,49.993834],[19.938512,49.993812],[19.938655,49.993827],[19.938635,49.993911],[19.938652,49.993913],[19.938647,49.993934],[19.938575,49.993927],[19.938578,49.993907],[19.938408,49.993888]]]}},{"type":"Feature","id":"w337258098","properties":{"type":"yes","address":"Rabczańska 6","residential":true,"residents_est":3,"h3_10":"8a1e2e693d57fff","h3_11":"8b1e2e693d50fff"},"geometry":{"type":"Polygon","coordinates":[[[19.936429,49.996002],[19.936465,49.995933],[19.936604,49.995964],[19.936539,49.996081],[19.936454,49.996062],[19.93648,49.996012],[19.936429,49.996002]]]}},{"type":"Feature","id":"w337258099","properties":{"type":"yes","address":"Wypoczynkowa 8","residential":true,"residents_est":4,"h3_10":"8a1e2e693c0ffff","h3_11":"8b1e2e693c09fff"},"geometry":{"type":"Polygon","coordinates":[[[19.938,49.993833],[19.938019,49.993781],[19.938157,49.993801],[19.93816,49.993796],[19.938195,49.993801],[19.938191,49.993809],[19.938226,49.993815],[19.938207,49.993865],[19.938176,49.993861],[19.938153,49.993913],[19.938011,49.993887],[19.938026,49.99385],[19.938036,49.993851],[19.938041,49.99384],[19.938,49.993833]]]}},{"type":"Feature","id":"w337258100","properties":{"type":"yes","address":"Borowinowa 32a","residential":true,"residents_est":5,"h3_10":"8a1e2e693d47fff","h3_11":"8b1e2e693d42fff"},"geometry":{"type":"Polygon","coordinates":[[[19.937641,49.996394],[19.937677,49.996316],[19.93778,49.996336],[19.9378,49.996291],[19.937892,49.996309],[19.937827,49.996448],[19.937706,49.996425],[19.937714,49.996408],[19.937641,49.996394]]]}},{"type":"Feature","id":"w337258101","properties":{"type":"yes","address":"Wypoczynkowa 20","residential":true,"residents_est":3,"h3_10":"8a1e2e693c27fff","h3_11":"8b1e2e693c23fff"},"geometry":{"type":"Polygon","coordinates":[[[19.935455,49.994714],[19.93553,49.994625],[19.935659,49.99467],[19.935601,49.994738],[19.935573,49.994729],[19.935557,49.994749],[19.935455,49.994714]]]}},{"type":"Feature","id":"w337258102","properties":{"type":"yes","address":"Wypoczynkowa 6","residential":true,"residents_est":2,"h3_10":"8a1e2e693c0ffff","h3_11":"8b1e2e693c09fff"},"geometry":{"type":"Polygon","coordinates":[[[19.937587,49.993804],[19.937607,49.993751],[19.937727,49.99377],[19.937717,49.993796],[19.937756,49.993796],[19.937744,49.993831],[19.937587,49.993804]]]}},{"type":"Feature","id":"w337258103","properties":{"type":"yes","address":"Wczasowa 3","residential":true,"residents_est":4,"h3_10":"8a1e2e693d57fff","h3_11":"8b1e2e693d56fff"},"geometry":{"type":"Polygon","coordinates":[[[19.936071,49.996068],[19.9361,49.996001],[19.936107,49.996002],[19.93613,49.99595],[19.936272,49.995976],[19.936246,49.996032],[19.936214,49.996026],[19.936188,49.996089],[19.936071,49.996068]]]}},{"type":"Feature","id":"w337258104","properties":{"type":"yes","address":"Wczasowa 5","residential":true,"residents_est":3,"h3_10":"8a1e2e693d57fff","h3_11":"8b1e2e693d56fff"},"geometry":{"type":"Polygon","coordinates":[[[19.936187,49.995848],[19.936241,49.995731],[19.93638,49.995755],[19.936359,49.99581],[19.936326,49.995804],[19.9363,49.995867],[19.936187,49.995848]]]}},{"type":"Feature","id":"w337258105","properties":{"type":"yes","address":"Tytusa Chałubińskiego 26","residential":true,"residents_est":2,"h3_10":"8a1e2e693c77fff","h3_11":"8b1e2e693c70fff"},"geometry":{"type":"Polygon","coordinates":[[[19.938714,49.994469],[19.93874,49.994386],[19.938865,49.994403],[19.93885,49.994451],[19.938828,49.994448],[19.938818,49.994483],[19.938714,49.994469]]]}},{"type":"Feature","id":"w337258106","properties":{"type":"yes","address":"Mariusza Zaruskiego 6","residential":true,"residents_est":4,"h3_10":"8a1e2e693c77fff","h3_11":"8b1e2e693c74fff"},"geometry":{"type":"Polygon","coordinates":[[[19.937996,49.994887],[19.938044,49.994792],[19.938106,49.994804],[19.938101,49.994814],[19.938215,49.994836],[19.938174,49.994924],[19.938081,49.994905],[19.938074,49.994921],[19.938036,49.994914],[19.938043,49.994898],[19.937996,49.994887]]]}},{"type":"Feature","id":"w337258107","properties":{"type":"yes","address":"Wypoczynkowa 24","residential":true,"residents_est":3,"h3_10":"8a1e2e693c27fff","h3_11":"8b1e2e693c20fff"},"geometry":{"type":"Polygon","coordinates":[[[19.934946,49.995255],[19.935015,49.995169],[19.935143,49.995213],[19.935073,49.995298],[19.934946,49.995255]]]}},{"type":"Feature","id":"w337258108","properties":{"type":"yes","address":"Wypoczynkowa 18b","residential":true,"residents_est":3,"h3_10":"8a1e2e693c0ffff","h3_11":"8b1e2e693c0cfff"},"geometry":{"type":"Polygon","coordinates":[[[19.936625,49.994132],[19.936672,49.994043],[19.936747,49.994059],[19.936736,49.994079],[19.93683,49.994099],[19.93679,49.994173],[19.936625,49.994132]]]}},{"type":"Feature","id":"w337258109","properties":{"type":"yes","address":"Borowinowa 16","residential":true,"residents_est":4,"h3_10":"8a1e2e693d0ffff","h3_11":"8b1e2e693d09fff"},"geometry":{"type":"Polygon","coordinates":[[[19.935619,49.996185],[19.935684,49.996047],[19.935806,49.996072],[19.935753,49.996186],[19.935701,49.996176],[19.935689,49.9962],[19.935619,49.996185]]]}},{"type":"Feature","id":"w337258110","properties":{"type":"yes","address":"Wypoczynkowa 10","residential":true,"residents_est":3,"h3_10":"8a1e2e693c0ffff","h3_11":"8b1e2e693c0cfff"},"geometry":{"type":"Polygon","coordinates":[[[19.937127,49.993947],[19.93717,49.993854],[19.937258,49.993873],[19.937248,49.993892],[19.937346,49.993911],[19.937311,49.993988],[19.937127,49.993947]]]}},{"type":"Feature","id":"w337258111","properties":{"type":"yes","address":"Rabczańska 10","residential":true,"residents_est":3,"h3_10":"8a1e2e693d57fff","h3_11":"8b1e2e693d53fff"},"geometry":{"type":"Polygon","coordinates":[[[19.936639,49.995635],[19.93668,49.995558],[19.9368,49.995585],[19.936758,49.995661],[19.936748,49.995659],[19.936734,49.995686],[19.93665,49.995667],[19.936664,49.995641],[19.936639,49.995635]]]}},{"type":"Feature","id":"w337258112","properties":{"type":"yes","address":"Rabczańska 8","residential":true,"residents_est":3,"h3_10":"8a1e2e693d57fff","h3_11":"8b1e2e693d50fff"},"geometry":{"type":"Polygon","coordinates":[[[19.936487,49.99585],[19.936502,49.995819],[19.936519,49.995823],[19.936527,49.995807],[19.936511,49.995804],[19.93654,49.995748],[19.936669,49.995776],[19.936639,49.995832],[19.936628,49.995829],[19.93662,49.995844],[19.936631,49.995847],[19.936615,49.995878],[19.936487,49.99585]]]}},{"type":"Feature","id":"w337258113","properties":{"type":"yes","address":"Rabczańska 16","residential":true,"residents_est":4,"h3_10":"8a1e2e693c2ffff","h3_11":"8b1e2e693c28fff"},"geometry":{"type":"Polygon","coordinates":[[[19.936975,49.994915],[19.937014,49.994837],[19.93703,49.994841],[19.937055,49.994792],[19.937175,49.994817],[19.937165,49.994835],[19.937217,49.994846],[19.937194,49.994892],[19.937142,49.994881],[19.937111,49.994943],[19.936975,49.994915]]]}},{"type":"Feature","id":"w337258114","properties":{"type":"yes","address":"Wypoczynkowa 18","residential":true,"residents_est":4,"h3_10":"8a1e2e693c2ffff","h3_11":"8b1e2e693c2afff"},"geometry":{"type":"Polygon","coordinates":[[[19.936479,49.994322],[19.936505,49.994273],[19.936529,49.994278],[19.936532,49.994272],[19.936731,49.994315],[19.936695,49.994389],[19.936494,49.994355],[19.936507,49.994328],[19.936479,49.994322]]]}},{"type":"Feature","id":"w337258115","properties":{"type":"yes","address":"Wczasowa 8","residential":true,"residents_est":4,"h3_10":"8a1e2e693c2ffff","h3_11":"8b1e2e693c2cfff"},"geometry":{"type":"Polygon","coordinates":[[[19.936417,49.995339],[19.936469,49.995251],[19.936552,49.995271],[19.93654,49.995292],[19.936634,49.995314],[19.936591,49.995387],[19.936417,49.995339]]]}},{"type":"Feature","id":"w337258116","properties":{"type":"church","address":"Kąpielowa 61","name":"Kościół pw. Opatrzności Bożej","residential":false,"residents_est":0,"h3_10":"8a1e2e693c37fff","h3_11":"8b1e2e693c32fff"},"geometry":{"type":"Polygon","coordinates":[[[19.933373,49.993993],[19.93343,49.993994],[19.933501,49.993986],[19.933489,49.993971],[19.93349,49.993955],[19.933502,49.993964],[19.933551,49.993943],[19.933542,49.993932],[19.933578,49.993945],[19.933584,49.99396],[19.933663,49.993905],[19.933657,49.993913],[19.933708,49.993955],[19.933714,49.993952],[19.933722,49.993961],[19.933717,49.993964],[19.933726,49.993972],[19.933732,49.99397],[19.933744,49.99399],[19.93375,49.993987],[19.93376,49.993996],[19.933754,49.993999],[19.933762,49.994007],[19.933768,49.994005],[19.933775,49.994012],[19.933789,49.993999],[19.933848,49.994056],[19.933825,49.994059],[19.933832,49.994066],[19.933826,49.994069],[19.93385,49.994083],[19.933845,49.994085],[19.933867,49.994107],[19.933873,49.994104],[19.933887,49.994118],[19.933881,49.99412],[19.93392,49.994158],[19.933671,49.994266],[19.933683,49.994257],[19.933666,49.99424],[19.933653,49.994245],[19.933613,49.994217],[19.933695,49.994181],[19.933674,49.99416],[19.933593,49.994195],[19.93356,49.994158],[19.933539,49.994166],[19.933549,49.994161],[19.933524,49.994138],[19.933512,49.994141],[19.933534,49.994132],[19.933526,49.994124],[19.933519,49.994126],[19.933507,49.994106],[19.933501,49.994109],[19.933492,49.9941],[19.933497,49.994097],[19.933473,49.994082],[19.933478,49.994079],[19.93347,49.994071],[19.933464,49.994074],[19.933431,49.994037],[19.933415,49.994051],[19.933373,49.993993]]]}},{"type":"Feature","id":"w337258117","properties":{"type":"yes","address":"Rabczańska 5","residential":true,"residents_est":3,"h3_10":"8a1e2e693d57fff","h3_11":"8b1e2e693d50fff"},"geometry":{"type":"Polygon","coordinates":[[[19.936885,49.995975],[19.936934,49.995881],[19.937014,49.99589],[19.937018,49.995898],[19.937007,49.995918],[19.937063,49.99593],[19.937024,49.996005],[19.936885,49.995975]]]}},{"type":"Feature","id":"w337258118","properties":{"type":"yes","address":"Mariusza Zaruskiego 7","residential":true,"residents_est":3,"h3_10":"8a1e2e693c2ffff","h3_11":"8b1e2e693c29fff"},"geometry":{"type":"Polygon","coordinates":[[[19.937496,49.994783],[19.937535,49.994709],[19.93759,49.994722],[19.937601,49.994701],[19.937614,49.994695],[19.937652,49.994703],[19.937655,49.994713],[19.937684,49.99472],[19.937634,49.994814],[19.937496,49.994783]]]}},{"type":"Feature","id":"w337261450","properties":{"type":"detached","address":"Merkuriusza Polskiego 22","residential":true,"residents_est":7,"h3_10":"8a1e2e693c47fff","h3_11":"8b1e2e693c43fff"},"geometry":{"type":"Polygon","coordinates":[[[19.940996,49.99367],[19.941053,49.993597],[19.941233,49.993654],[19.94118,49.993727],[19.940996,49.99367]]]}},{"type":"Feature","id":"w337261452","properties":{"type":"yes","address":"Jeździecka 11a","residential":true,"residents_est":4,"h3_10":"8a1e2e693d4ffff","h3_11":"8b1e2e693d4afff"},"geometry":{"type":"Polygon","coordinates":[[[19.939634,49.995867],[19.939755,49.995863],[19.939757,49.995872],[19.939825,49.995871],[19.939823,49.995846],[19.939891,49.995843],[19.939895,49.995909],[19.939881,49.99591],[19.939883,49.995935],[19.939837,49.995936],[19.939838,49.995952],[19.9397,49.995956],[19.939698,49.995925],[19.939638,49.995926],[19.939634,49.995867]]]}},{"type":"Feature","id":"w337261454","properties":{"type":"yes","address":"Merkuriusza Polskiego 18","residential":true,"residents_est":4,"h3_10":"8a1e2e693c47fff","h3_11":"8b1e2e693c41fff"},"geometry":{"type":"Polygon","coordinates":[[[19.940773,49.994205],[19.940817,49.994113],[19.940909,49.994132],[19.940913,49.994124],[19.940977,49.994136],[19.940924,49.994244],[19.940827,49.99423],[19.940832,49.994217],[19.940773,49.994205]]]}},{"type":"Feature","id":"w337261457","properties":{"type":"yes","address":"Kąpielowa 50a","residential":true,"residents_est":3,"h3_10":"8a1e2e693ce7fff","h3_11":"8b1e2e693ce1fff"},"geometry":{"type":"Polygon","coordinates":[[[19.938035,49.992576],[19.938063,49.992485],[19.938103,49.992491],[19.938106,49.992482],[19.938146,49.992487],[19.938143,49.992496],[19.938197,49.992503],[19.938178,49.992565],[19.938159,49.992562],[19.938151,49.99259],[19.938035,49.992576]]]}},{"type":"Feature","id":"w337261458","properties":{"type":"yes","address":"Tytusa Chałubińskiego 5","residential":true,"residents_est":3,"h3_10":"8a1e2e693d5ffff","h3_11":"8b1e2e693d5dfff"},"geometry":{"type":"Polygon","coordinates":[[[19.939039,49.995986],[19.939053,49.995935],[19.939042,49.995934],[19.939046,49.995916],[19.939069,49.995919],[19.939086,49.995857],[19.939214,49.995871],[19.939187,49.995973],[19.939151,49.995969],[19.939144,49.995998],[19.939039,49.995986]]]}},{"type":"Feature","id":"w337261466","properties":{"type":"yes","address":"Merkuriusza Polskiego 26","residential":true,"residents_est":3,"h3_10":"8a1e2e693c47fff","h3_11":"8b1e2e693c42fff"},"geometry":{"type":"Polygon","coordinates":[[[19.940015,49.993579],[19.940038,49.993538],[19.94007,49.993546],[19.940088,49.99351],[19.940197,49.993532],[19.940139,49.993642],[19.940131,49.99364],[19.940114,49.99367],[19.940046,49.993656],[19.940062,49.993626],[19.940031,49.993619],[19.940048,49.993586],[19.940015,49.993579]]]}},{"type":"Feature","id":"w337261468","properties":{"type":"yes","residential":true,"residents_est":3,"h3_10":"8a1e2e693c5ffff","h3_11":"8b1e2e693c5afff"},"geometry":{"type":"Polygon","coordinates":[[[19.940648,49.992444],[19.940763,49.992436],[19.940772,49.992485],[19.940787,49.992484],[19.940794,49.992533],[19.940748,49.992536],[19.940738,49.992544],[19.940709,49.992539],[19.940664,49.992542],[19.940648,49.992444]]]}},{"type":"Feature","id":"w337261474","properties":{"type":"yes","address":"Merkuriusza Polskiego 22A","residential":true,"residents_est":2,"h3_10":"8a1e2e693c4ffff","h3_11":"8b1e2e693c4efff"},"geometry":{"type":"Polygon","coordinates":[[[19.941425,49.99371],[19.94145,49.993685],[19.941434,49.993678],[19.941461,49.99365],[19.9415,49.993665],[19.941531,49.993636],[19.941615,49.99367],[19.941557,49.99373],[19.941492,49.993704],[19.941472,49.993727],[19.941425,49.99371]]]}},{"type":"Feature","id":"w337261476","properties":{"type":"yes","address":"Jana Aleksandra Gorczyna 17","residential":true,"residents_est":4,"h3_10":"8a1e2e693d4ffff","h3_11":"8b1e2e693d49fff"},"geometry":{"type":"Polygon","coordinates":[[[19.940763,49.996412],[19.940763,49.996383],[19.940776,49.996383],[19.940776,49.996328],[19.9409,49.996329],[19.940897,49.996406],[19.94094,49.996407],[19.940938,49.996466],[19.940774,49.996465],[19.940775,49.996412],[19.940763,49.996412]]]}},{"type":"Feature","id":"w337261477","properties":{"type":"yes","address":"Lusińska 20a","residential":true,"residents_est":2,"h3_10":"8a1e2e693cc7fff","h3_11":"8b1e2e693cc1fff"},"geometry":{"type":"Polygon","coordinates":[[[19.938838,49.991554],[19.93887,49.991473],[19.938991,49.991491],[19.938956,49.991575],[19.938838,49.991554]]]}},{"type":"Feature","id":"w337261481","properties":{"type":"yes","address":"Lusińska 7","residential":true,"residents_est":3,"h3_10":"8a1e2e693ccffff","h3_11":"8b1e2e693cc8fff"},"geometry":{"type":"Polygon","coordinates":[[[19.939515,49.991066],[19.939636,49.991063],[19.939642,49.991164],[19.939522,49.991168],[19.939515,49.991066]]]}},{"type":"Feature","id":"w337261482","properties":{"type":"detached","address":"Kąpielowa 54a","residential":true,"residents_est":7,"h3_10":"8a1e2e693c57fff","h3_11":"8b1e2e693c53fff"},"geometry":{"type":"Polygon","coordinates":[[[19.939126,49.992925],[19.939139,49.992857],[19.939317,49.992867],[19.939309,49.992908],[19.939341,49.992911],[19.939334,49.992945],[19.939307,49.992943],[19.939303,49.992965],[19.939185,49.992956],[19.93919,49.99293],[19.939126,49.992925]]]}},{"type":"Feature","id":"w337261483","properties":{"type":"yes","address":"Jeździecka 1","residential":true,"residents_est":3,"h3_10":"8a1e2e693c6ffff","h3_11":"8b1e2e693c6bfff"},"geometry":{"type":"Polygon","coordinates":[[[19.942061,49.994375],[19.942087,49.994342],[19.942074,49.994337],[19.942114,49.994288],[19.94223,49.994325],[19.942224,49.994334],[19.942273,49.99435],[19.942212,49.994425],[19.942164,49.99441],[19.942159,49.994417],[19.942113,49.994401],[19.942118,49.994394],[19.942061,49.994375]]]}},{"type":"Feature","id":"w337261484","properties":{"type":"detached","address":"Merkuriusza Polskiego 37","residential":true,"residents_est":6,"h3_10":"8a1e2e693c5ffff","h3_11":"8b1e2e693c5cfff"},"geometry":{"type":"Polygon","coordinates":[[[19.94022,49.993275],[19.940259,49.993209],[19.940317,49.993225],[19.940333,49.993201],[19.940367,49.993211],[19.940351,49.993236],[19.940443,49.993261],[19.940406,49.993321],[19.940312,49.993297],[19.940301,49.993315],[19.940264,49.993306],[19.940275,49.99329],[19.94022,49.993275]]]}},{"type":"Feature","id":"w337261486","properties":{"type":"yes","address":"Jeździecka 13","residential":true,"residents_est":3,"h3_10":"8a1e2e693d4ffff","h3_11":"8b1e2e693d4efff"},"geometry":{"type":"Polygon","coordinates":[[[19.939367,49.996195],[19.939368,49.996173],[19.939382,49.996168],[19.93942,49.99617],[19.939428,49.996164],[19.939429,49.996137],[19.93957,49.996138],[19.939569,49.996182],[19.939551,49.996182],[19.93955,49.996227],[19.939508,49.996227],[19.939507,49.996219],[19.939481,49.996219],[19.93948,49.996227],[19.939381,49.996227],[19.939382,49.9962],[19.939367,49.996195]]]}},{"type":"Feature","id":"w337261488","properties":{"type":"yes","address":"Lusińska 3","residential":true,"residents_est":3,"h3_10":"8a1e2e693ccffff","h3_11":"8b1e2e693cc8fff"},"geometry":{"type":"Polygon","coordinates":[[[19.939939,49.991103],[19.939948,49.99102],[19.940053,49.99103],[19.940054,49.991024],[19.940103,49.991027],[19.940094,49.99111],[19.940083,49.991109],[19.940082,49.99112],[19.939995,49.991116],[19.939996,49.991105],[19.939939,49.991103]]]}},{"type":"Feature","id":"w337261490","properties":{"type":"yes","address":"Tytusa Chałubińskiego 7","residential":true,"residents_est":4,"h3_10":"8a1e2e693d5ffff","h3_11":"8b1e2e693d59fff"},"geometry":{"type":"Polygon","coordinates":[[[19.939124,49.995672],[19.939134,49.995608],[19.939196,49.995612],[19.9392,49.995593],[19.939298,49.9956],[19.939295,49.995618],[19.939337,49.99562],[19.939327,49.995684],[19.939223,49.995677],[19.939215,49.995726],[19.939132,49.995721],[19.939139,49.995673],[19.939124,49.995672]]]}},{"type":"Feature","id":"w337261494","properties":{"type":"yes","residential":true,"residents_est":3,"h3_10":"8a1e2e693ccffff","h3_11":"8b1e2e693cc9fff"},"geometry":{"type":"Polygon","coordinates":[[[19.940328,49.991369],[19.940351,49.991258],[19.940529,49.991273],[19.940514,49.991349],[19.940467,49.991345],[19.940464,49.99136],[19.940396,49.991354],[19.940398,49.991343],[19.940371,49.991341],[19.940365,49.991372],[19.940328,49.991369]]]}},{"type":"Feature","id":"w337261497","properties":{"type":"yes","address":"Merkuriusza Polskiego 16b","residential":true,"residents_est":4,"h3_10":"8a1e2e693c6ffff","h3_11":"8b1e2e693c6efff"},"geometry":{"type":"Polygon","coordinates":[[[19.94117,49.994647],[19.941212,49.994562],[19.94124,49.994567],[19.941246,49.994552],[19.941307,49.994563],[19.941302,49.994574],[19.941412,49.994593],[19.941396,49.99463],[19.941378,49.994626],[19.941355,49.99468],[19.94117,49.994647]]]}},{"type":"Feature","id":"w337261502","properties":{"type":"yes","address":"Tytusa Chałubińskiego 32","residential":true,"residents_est":3,"h3_10":"8a1e2e693c77fff","h3_11":"8b1e2e693c73fff"},"geometry":{"type":"Polygon","coordinates":[[[19.93909,49.993926],[19.939104,49.993841],[19.939112,49.993841],[19.939122,49.993807],[19.939227,49.993818],[19.939218,49.993853],[19.939243,49.993855],[19.939225,49.993931],[19.939175,49.993926],[19.939173,49.993934],[19.93909,49.993926]]]}},{"type":"Feature","id":"w337261504","properties":{"type":"yes","address":"Edmunda Neussera 4a","residential":true,"residents_est":3,"h3_10":"8a1e2e693ceffff","h3_11":"8b1e2e693ceefff"},"geometry":{"type":"Polygon","coordinates":[[[19.93855,49.99241],[19.938571,49.992328],[19.938614,49.992333],[19.938616,49.992324],[19.938675,49.99233],[19.938673,49.992338],[19.938716,49.992343],[19.938699,49.992407],[19.938682,49.992405],[19.938663,49.992453],[19.938567,49.992442],[19.938574,49.992412],[19.93855,49.99241]]]}},{"type":"Feature","id":"w337261507","properties":{"type":"yes","address":"Emiliana Czyrniańskiego 19","residential":true,"residents_est":3,"h3_10":"8a1e2e693cdffff","h3_11":"8b1e2e693cdbfff"},"geometry":{"type":"Polygon","coordinates":[[[19.938756,49.990009],[19.938765,49.989978],[19.938791,49.989975],[19.938796,49.989957],[19.938865,49.989965],[19.938869,49.989953],[19.938942,49.989962],[19.938913,49.990066],[19.938826,49.990051],[19.938825,49.990056],[19.93877,49.990049],[19.938779,49.990019],[19.938756,49.990009]]]}},{"type":"Feature","id":"w337261509","properties":{"type":"yes","address":"Emiliana Czyrniańskiego 26","residential":true,"residents_est":3,"h3_10":"8a1e2e693cdffff","h3_11":"8b1e2e693cdafff"},"geometry":{"type":"Polygon","coordinates":[[[19.937744,49.990123],[19.937773,49.990047],[19.937935,49.990072],[19.937906,49.99015],[19.937846,49.99014],[19.937837,49.990165],[19.937782,49.990157],[19.937792,49.990131],[19.937744,49.990123]]]}},{"type":"Feature","id":"w337261512","properties":{"type":"yes","address":"Tytusa Chałubińskiego 42","residential":true,"residents_est":4,"h3_10":"8a1e2e693ceffff","h3_11":"8b1e2e693ce9fff"},"geometry":{"type":"Polygon","coordinates":[[[19.940244,49.992141],[19.940268,49.992055],[19.940343,49.992064],[19.940348,49.992045],[19.940398,49.992051],[19.940393,49.992067],[19.940459,49.992075],[19.940435,49.992163],[19.940244,49.992141]]]}},{"type":"Feature","id":"w337261513","properties":{"type":"yes","address":"Lusińska 13","residential":true,"residents_est":4,"h3_10":"8a1e2e693cc7fff","h3_11":"8b1e2e693cc3fff"},"geometry":{"type":"Polygon","coordinates":[[[19.938121,49.991181],[19.93815,49.991123],[19.938224,49.991138],[19.938246,49.991096],[19.938269,49.991079],[19.938327,49.991092],[19.938314,49.991119],[19.938358,49.991128],[19.938323,49.991199],[19.938301,49.991195],[19.938293,49.991211],[19.938121,49.991181]]]}},{"type":"Feature","id":"w337261520","properties":{"type":"detached","address":"Kąpielowa 50","residential":true,"residents_est":6,"h3_10":"8a1e2e693ce7fff","h3_11":"8b1e2e693ce5fff"},"geometry":{"type":"Polygon","coordinates":[[[19.93791,49.992741],[19.937938,49.992657],[19.938078,49.992675],[19.93807,49.992701],[19.938088,49.992703],[19.938101,49.992716],[19.938096,49.992731],[19.938077,49.992738],[19.938059,49.992736],[19.93805,49.992761],[19.93796,49.992753],[19.937962,49.992748],[19.93791,49.992741]]]}},{"type":"Feature","id":"w337261522","properties":{"type":"yes","address":"Topiarnia 3","residential":true,"residents_est":6,"h3_10":"8a1e2e693c4ffff","h3_11":"8b1e2e693c4bfff"},"geometry":{"type":"Polygon","coordinates":[[[19.942355,49.993477],[19.942372,49.993406],[19.94243,49.993412],[19.94244,49.993371],[19.942513,49.993378],[19.94251,49.99339],[19.94257,49.993396],[19.942573,49.993384],[19.942658,49.993393],[19.942647,49.993434],[19.942629,49.993432],[19.942622,49.993461],[19.94264,49.993463],[19.942631,49.993505],[19.942557,49.993497],[19.942553,49.99351],[19.94247,49.993502],[19.942473,49.993489],[19.942355,49.993477]]]}},{"type":"Feature","id":"w337261523","properties":{"type":"detached","levels":1.0,"address":"Tytusa Chałubińskiego 40","residential":true,"residents_est":5,"h3_10":"8a1e2e693ceffff","h3_11":"8b1e2e693cedfff"},"geometry":{"type":"Polygon","coordinates":[[[19.939892,49.992531],[19.939916,49.992435],[19.939898,49.992423],[19.939902,49.992404],[19.939924,49.992396],[19.93993,49.992375],[19.94003,49.992379],[19.940035,49.992386],[19.940086,49.992391],[19.940078,49.992424],[19.940066,49.992423],[19.940063,49.992438],[19.940074,49.992439],[19.940066,49.992472],[19.940045,49.99247],[19.940027,49.992544],[19.939892,49.992531]]]}},{"type":"Feature","id":"w337261525","properties":{"type":"detached","address":"Kąpielowa 50b","residential":true,"residents_est":9,"h3_10":"8a1e2e693c57fff","h3_11":"8b1e2e693c52fff"},"geometry":{"type":"Polygon","coordinates":[[[19.938432,49.9928],[19.938435,49.992779],[19.938458,49.99277],[19.93846,49.992751],[19.938512,49.992754],[19.93853,49.992741],[19.938564,49.992743],[19.938579,49.992757],[19.938629,49.99276],[19.938618,49.992839],[19.938588,49.992838],[19.938578,49.992917],[19.93847,49.992912],[19.938477,49.992852],[19.938498,49.992853],[19.9385,49.992833],[19.93845,49.99283],[19.938452,49.992812],[19.938432,49.9928]]]}},{"type":"Feature","id":"w337261533","properties":{"type":"retail","address":"Kąpielowa 75","residential":false,"residents_est":0,"h3_10":"8a1e2e693c57fff","h3_11":"8b1e2e693c50fff"},"geometry":{"type":"Polygon","coordinates":[[[19.939028,49.993242],[19.939046,49.993155],[19.9393,49.993172],[19.93929,49.99326],[19.939028,49.993242]]]}},{"type":"Feature","id":"w337261534","properties":{"type":"yes","address":"Tytusa Chałubińskiego 34a","residential":true,"residents_est":3,"h3_10":"8a1e2e693c57fff","h3_11":"8b1e2e693c55fff"},"geometry":{"type":"Polygon","coordinates":[[[19.93928,49.993694],[19.939327,49.993588],[19.939431,49.993607],[19.939384,49.993713],[19.93928,49.993694]]]}},{"type":"Feature","id":"w337261536","properties":{"type":"yes","address":"Tytusa Chałubińskiego 14","residential":true,"residents_est":3,"h3_10":"8a1e2e693d5ffff","h3_11":"8b1e2e693d5bfff"},"geometry":{"type":"Polygon","coordinates":[[[19.93872,49.995152],[19.938746,49.995063],[19.938899,49.995082],[19.938872,49.995171],[19.938831,49.995166],[19.938826,49.99518],[19.938749,49.995171],[19.938753,49.995157],[19.93872,49.995152]]]}},{"type":"Feature","id":"w337261538","properties":{"type":"yes","address":"Kąpielowa 48","residential":true,"residents_est":3,"h3_10":"8a1e2e693cc7fff","h3_11":"8b1e2e693cc5fff"},"geometry":{"type":"Polygon","coordinates":[[[19.938075,49.992064],[19.938094,49.991985],[19.938272,49.992003],[19.938252,49.992082],[19.938075,49.992064]]]}},{"type":"Feature","id":"w337261540","properties":{"type":"yes","address":"Jeździecka 9","residential":true,"residents_est":3,"h3_10":"8a1e2e693c67fff","h3_11":"8b1e2e693c64fff"},"geometry":{"type":"Polygon","coordinates":[[[19.940002,49.995668],[19.940003,49.995585],[19.940151,49.995586],[19.94015,49.995669],[19.940002,49.995668]]]}},{"type":"Feature","id":"w337261543","properties":{"type":"yes","address":"Tytusa Chałubińskiego 25a","residential":true,"residents_est":4,"h3_10":"8a1e2e693c5ffff","h3_11":"8b1e2e693c5bfff"},"geometry":{"type":"Polygon","coordinates":[[[19.940932,49.992518],[19.941023,49.992397],[19.941142,49.992434],[19.94105,49.992555],[19.940932,49.992518]]]}},{"type":"Feature","id":"w337261545","properties":{"type":"yes","residential":false,"residents_est":0,"h3_10":"8a1e2e693ce7fff","h3_11":"8b1e2e693ce2fff"},"geometry":{"type":"Polygon","coordinates":[[[19.937277,49.99219],[19.937292,49.992099],[19.937344,49.992103],[19.93733,49.992194],[19.937277,49.99219]]]}},{"type":"Feature","id":"w337261546","properties":{"type":"yes","residential":true,"residents_est":2,"h3_10":"8a1e2e693ccffff","h3_11":"8b1e2e693cc9fff"},"geometry":{"type":"Polygon","coordinates":[[[19.94052,49.991067],[19.940529,49.991018],[19.94068,49.99103],[19.94067,49.991079],[19.94052,49.991067]]]}},{"type":"Feature","id":"w337261547","properties":{"type":"detached","address":"Kąpielowa 56","residential":true,"residents_est":6,"h3_10":"8a1e2e693c57fff","h3_11":"8b1e2e693c53fff"},"geometry":{"type":"Polygon","coordinates":[[[19.939607,49.992961],[19.939643,49.992873],[19.939799,49.992899],[19.939764,49.992987],[19.939607,49.992961]]]}},{"type":"Feature","id":"w337261549","properties":{"type":"yes","address":"Merkuriusza Polskiego 20a","residential":true,"residents_est":4,"h3_10":"8a1e2e693c47fff","h3_11":"8b1e2e693c41fff"},"geometry":{"type":"Polygon","coordinates":[[[19.941424,49.993995],[19.941441,49.993928],[19.941546,49.993939],[19.941559,49.993929],[19.941612,49.993956],[19.941689,49.993964],[19.941674,49.994022],[19.941566,49.994011],[19.941552,49.994003],[19.941531,49.99402],[19.941485,49.993995],[19.941478,49.994001],[19.941424,49.993995]]]}},{"type":"Feature","id":"w337261553","properties":{"type":"garage","residential":false,"residents_est":0,"h3_10":"8a1e2e693c57fff","h3_11":"8b1e2e693c53fff"},"geometry":{"type":"Polygon","coordinates":[[[19.939443,49.992868],[19.939462,49.992811],[19.939553,49.992823],[19.939534,49.99288],[19.939443,49.992868]]]}},{"type":"Feature","id":"w337261555","properties":{"type":"yes","address":"Niedźwiedziny 28","residential":true,"residents_est":3,"h3_10":"8a1e2e693d6ffff","h3_11":"8b1e2e693d69fff"},"geometry":{"type":"Polygon","coordinates":[[[19.940263,49.997309],[19.940396,49.997308],[19.940398,49.997403],[19.940265,49.997404],[19.940263,49.997309]]]}},{"type":"Feature","id":"w337261557","properties":{"type":"commercial","residential":false,"residents_est":0,"h3_10":"8a1e2e693c57fff","h3_11":"8b1e2e693c50fff"},"geometry":{"type":"Polygon","coordinates":[[[19.938827,49.993431],[19.938837,49.993364],[19.939094,49.993377],[19.939084,49.993463],[19.939061,49.993462],[19.939064,49.993443],[19.938827,49.993431]]]}},{"type":"Feature","id":"w337261558","properties":{"type":"yes","address":"Borowinowa 49","name":"Pizza Chata","residential":false,"residents_est":0,"h3_10":"8a1e2e693d67fff","h3_11":"8b1e2e693d65fff"},"geometry":{"type":"Polygon","coordinates":[[[19.937986,49.998006],[19.938153,49.997993],[19.938161,49.998037],[19.937994,49.99805],[19.937986,49.998006]]]}},{"type":"Feature","id":"w337261559","properties":{"type":"yes","residential":true,"residents_est":1,"h3_10":"8a1e2e693c5ffff","h3_11":"8b1e2e693c59fff"},"geometry":{"type":"Polygon","coordinates":[[[19.941302,49.992871],[19.941328,49.992807],[19.941415,49.992823],[19.941387,49.992885],[19.941302,49.992871]]]}},{"type":"Feature","id":"w337261562","properties":{"type":"yes","address":"Tytusa Chałubińskiego 15","residential":true,"residents_est":3,"h3_10":"8a1e2e693c77fff","h3_11":"8b1e2e693c71fff"},"geometry":{"type":"Polygon","coordinates":[[[19.939385,49.994397],[19.939409,49.994308],[19.939535,49.994324],[19.939512,49.994411],[19.939385,49.994397]]]}},{"type":"Feature","id":"w337261566","properties":{"type":"yes","address":"Tytusa Chałubińskiego 10","residential":true,"residents_est":3,"h3_10":"8a1e2e693d5ffff","h3_11":"8b1e2e693d59fff"},"geometry":{"type":"Polygon","coordinates":[[[19.93877,49.995546],[19.938794,49.99547],[19.938964,49.995494],[19.93894,49.99557],[19.938915,49.995566],[19.938909,49.995585],[19.93884,49.995576],[19.938845,49.995556],[19.93877,49.995546]]]}},{"type":"Feature","id":"w337261568","properties":{"type":"yes","address":"Tytusa Chałubińskiego 30","residential":true,"residents_est":2,"h3_10":"8a1e2e693c77fff","h3_11":"8b1e2e693c73fff"},"geometry":{"type":"Polygon","coordinates":[[[19.938812,49.993942],[19.938832,49.993862],[19.938969,49.993877],[19.93896,49.993915],[19.938987,49.993918],[19.938977,49.993959],[19.938812,49.993942]]]}},{"type":"Feature","id":"w337261571","properties":{"type":"yes","address":"Lusińska 10","residential":true,"residents_est":2,"h3_10":"8a1e2e693ccffff","h3_11":"8b1e2e693cccfff"},"geometry":{"type":"Polygon","coordinates":[[[19.93917,49.991543],[19.939204,49.991467],[19.939339,49.991493],[19.939304,49.991569],[19.93917,49.991543]]]}},{"type":"Feature","id":"w337261574","properties":{"type":"yes","address":"Jeździecka 5","residential":true,"residents_est":2,"h3_10":"8a1e2e693c67fff","h3_11":"8b1e2e693c61fff"},"geometry":{"type":"Polygon","coordinates":[[[19.940936,49.995123],[19.940937,49.99506],[19.941101,49.99506],[19.941102,49.995068],[19.941134,49.995068],[19.941135,49.995121],[19.940936,49.995123]]]}},{"type":"Feature","id":"w337261581","properties":{"type":"yes","residential":true,"residents_est":1,"h3_10":"8a1e2e693c77fff","h3_11":"8b1e2e693c71fff"},"geometry":{"type":"Polygon","coordinates":[[[19.9397,49.99437],[19.939711,49.99429],[19.939796,49.994295],[19.939784,49.994376],[19.9397,49.99437]]]}},{"type":"Feature","id":"w337261582","properties":{"type":"detached","address":"Kąpielowa 46","residential":true,"residents_est":6,"h3_10":"8a1e2e693ce7fff","h3_11":"8b1e2e693ce0fff"},"geometry":{"type":"Polygon","coordinates":[[[19.937541,49.992719],[19.937562,49.992628],[19.937719,49.992644],[19.937693,49.99275],[19.937621,49.992744],[19.937625,49.992726],[19.937541,49.992719]]]}},{"type":"Feature","id":"w337261587","properties":{"type":"yes","residential":true,"residents_est":1,"h3_10":"8a1e2e693ce7fff","h3_11":"8b1e2e693ce1fff"},"geometry":{"type":"Polygon","coordinates":[[[19.938278,49.992761],[19.938288,49.992697],[19.938368,49.992702],[19.938358,49.992767],[19.938278,49.992761]]]}},{"type":"Feature","id":"w337261589","properties":{"type":"yes","residential":true,"residents_est":1,"h3_10":"8a1e2e693ceffff","h3_11":"8b1e2e693ce9fff"},"geometry":{"type":"Polygon","coordinates":[[[19.94033,49.992279],[19.940348,49.99223],[19.940481,49.992249],[19.940463,49.992299],[19.94033,49.992279]]]}},{"type":"Feature","id":"w337261590","properties":{"type":"yes","address":"Tytusa Chałubińskiego 9a","residential":true,"residents_est":2,"h3_10":"8a1e2e693c67fff","h3_11":"8b1e2e693c66fff"},"geometry":{"type":"Polygon","coordinates":[[[19.939476,49.995349],[19.939498,49.995273],[19.939617,49.995287],[19.939596,49.995363],[19.939476,49.995349]]]}},{"type":"Feature","id":"w337261591","properties":{"type":"detached","address":"Merkuriusza Polskiego 33","residential":true,"residents_est":6,"h3_10":"8a1e2e693c4ffff","h3_11":"8b1e2e693c48fff"},"geometry":{"type":"Polygon","coordinates":[[[19.941948,49.993792],[19.941981,49.993684],[19.942107,49.993699],[19.942074,49.993807],[19.941948,49.993792]]]}},{"type":"Feature","id":"w337261595","properties":{"type":"yes","address":"Merkuriusza Polskiego 33A","residential":true,"residents_est":3,"h3_10":"8a1e2e693c4ffff","h3_11":"8b1e2e693c4afff"},"geometry":{"type":"Polygon","coordinates":[[[19.94188,49.993265],[19.941919,49.993175],[19.942061,49.9932],[19.942022,49.993291],[19.94188,49.993265]]]}},{"type":"Feature","id":"w337261598","properties":{"type":"yes","residential":true,"residents_est":3,"h3_10":"8a1e2e693c67fff","h3_11":"8b1e2e693c60fff"},"geometry":{"type":"Polygon","coordinates":[[[19.940255,49.995185],[19.940267,49.995132],[19.940347,49.99514],[19.940345,49.995149],[19.940476,49.99516],[19.940478,49.995151],[19.940551,49.995158],[19.940539,49.995211],[19.940255,49.995185]]]}},{"type":"Feature","id":"w337261599","properties":{"type":"yes","address":"Tytusa Chałubińskiego 18","residential":true,"residents_est":3,"h3_10":"8a1e2e693c77fff","h3_11":"8b1e2e693c75fff"},"geometry":{"type":"Polygon","coordinates":[[[19.938824,49.994787],[19.938849,49.994708],[19.938986,49.994726],[19.938981,49.994745],[19.939034,49.994753],[19.939015,49.994807],[19.938824,49.994787]]]}},{"type":"Feature","id":"w337261600","properties":{"type":"yes","address":"Emiliana Czyrniańskiego 24","residential":true,"residents_est":3,"h3_10":"8a1e2e693cdffff","h3_11":"8b1e2e693cd8fff"},"geometry":{"type":"Polygon","coordinates":[[[19.938184,49.990224],[19.938212,49.990138],[19.938366,49.990159],[19.938339,49.990245],[19.938184,49.990224]]]}},{"type":"Feature","id":"w337261603","properties":{"type":"yes","residential":true,"residents_est":1,"h3_10":"8a1e2e693c4ffff","h3_11":"8b1e2e693c4dfff"},"geometry":{"type":"Polygon","coordinates":[[[19.942343,49.99394],[19.942367,49.993872],[19.942452,49.993884],[19.942429,49.993952],[19.942343,49.99394]]]}},{"type":"Feature","id":"w337261604","properties":{"type":"yes","residential":true,"residents_est":2,"h3_10":"8a1e2e693c67fff","h3_11":"8b1e2e693c61fff"},"geometry":{"type":"Polygon","coordinates":[[[19.940938,49.99526],[19.94095,49.99521],[19.941121,49.995227],[19.941111,49.995276],[19.940938,49.99526]]]}},{"type":"Feature","id":"w337261609","properties":{"type":"yes","residential":false,"residents_est":0,"h3_10":"8a1e2e693c5ffff","h3_11":"8b1e2e693c5bfff"},"geometry":{"type":"Polygon","coordinates":[[[19.94092,49.992576],[19.94095,49.992537],[19.941042,49.992566],[19.941012,49.992606],[19.94092,49.992576]]]}},{"type":"Feature","id":"w337261610","properties":{"type":"yes","residential":false,"residents_est":0,"h3_10":"8a1e2e693c67fff","h3_11":"8b1e2e693c65fff"},"geometry":{"type":"Polygon","coordinates":[[[19.94069,49.995586],[19.940704,49.995532],[19.94076,49.995538],[19.940747,49.995591],[19.94069,49.995586]]]}},{"type":"Feature","id":"w337261612","properties":{"type":"yes","address":"Tytusa Chałubińskiego 11","residential":true,"residents_est":2,"h3_10":"8a1e2e693c67fff","h3_11":"8b1e2e693c66fff"},"geometry":{"type":"Polygon","coordinates":[[[19.939237,49.995008],[19.939246,49.994927],[19.939357,49.994931],[19.939349,49.995012],[19.939237,49.995008]]]}},{"type":"Feature","id":"w337261614","properties":{"type":"yes","residential":false,"residents_est":0,"h3_10":"8a1e2e693ce7fff","h3_11":"8b1e2e693ce3fff"},"geometry":{"type":"Polygon","coordinates":[[[19.938233,49.992248],[19.938249,49.992189],[19.938307,49.992195],[19.938291,49.992255],[19.938233,49.992248]]]}},{"type":"Feature","id":"w337261616","properties":{"type":"yes","residential":true,"residents_est":1,"h3_10":"8a1e2e693c47fff","h3_11":"8b1e2e693c42fff"},"geometry":{"type":"Polygon","coordinates":[[[19.939778,49.993617],[19.939796,49.993573],[19.939938,49.993596],[19.939923,49.993639],[19.939778,49.993617]]]}},{"type":"Feature","id":"w337261621","properties":{"type":"yes","residential":true,"residents_est":1,"h3_10":"8a1e2e693d4ffff","h3_11":"8b1e2e693d4afff"},"geometry":{"type":"Polygon","coordinates":[[[19.939371,49.995813],[19.939379,49.995764],[19.93949,49.995771],[19.939482,49.99582],[19.939371,49.995813]]]}},{"type":"Feature","id":"w337261622","properties":{"type":"yes","address":"Tytusa Chałubińskiego 3","residential":true,"residents_est":2,"h3_10":"8a1e2e693d47fff","h3_11":"8b1e2e693d41fff"},"geometry":{"type":"Polygon","coordinates":[[[19.938771,49.996636],[19.938783,49.996556],[19.938914,49.996565],[19.938909,49.996606],[19.938942,49.996608],[19.938937,49.996647],[19.938771,49.996636]]]}},{"type":"Feature","id":"w337261628","properties":{"type":"yes","residential":false,"residents_est":0,"h3_10":"8a1e2e693ceffff","h3_11":"8b1e2e693cecfff"},"geometry":{"type":"Polygon","coordinates":[[[19.938943,49.992779],[19.938952,49.99273],[19.939051,49.992737],[19.939041,49.992786],[19.938943,49.992779]]]}},{"type":"Feature","id":"w337261629","properties":{"type":"yes","address":"Tytusa Chałubińskiego 8","residential":true,"residents_est":4,"h3_10":"8a1e2e693d47fff","h3_11":"8b1e2e693d43fff"},"geometry":{"type":"Polygon","coordinates":[[[19.93854,49.996209],[19.938588,49.996089],[19.93869,49.996107],[19.938676,49.996142],[19.938719,49.996149],[19.938708,49.996176],[19.938722,49.996178],[19.938711,49.996206],[19.938697,49.996203],[19.938685,49.996234],[19.93854,49.996209]]]}},{"type":"Feature","id":"w337261632","properties":{"type":"yes","address":"Jeździecka 2b","residential":true,"residents_est":3,"h3_10":"8a1e2e693c6ffff","h3_11":"8b1e2e693c69fff"},"geometry":{"type":"Polygon","coordinates":[[[19.94246,49.994773],[19.942592,49.994762],[19.942612,49.994861],[19.942543,49.994867],[19.942539,49.994846],[19.942475,49.994852],[19.94246,49.994773]]]}},{"type":"Feature","id":"w337261639","properties":{"type":"yes","address":"Tytusa Chałubińskiego 6","residential":true,"residents_est":4,"h3_10":"8a1e2e693d47fff","h3_11":"8b1e2e693d43fff"},"geometry":{"type":"Polygon","coordinates":[[[19.938359,49.99643],[19.938396,49.996356],[19.938624,49.996401],[19.938594,49.996462],[19.938569,49.996457],[19.938565,49.996466],[19.938502,49.996453],[19.938506,49.996444],[19.938491,49.996441],[19.938476,49.996478],[19.938365,49.996453],[19.938376,49.996434],[19.938359,49.99643]]]}},{"type":"Feature","id":"w337261649","properties":{"type":"yes","residential":false,"residents_est":0,"h3_10":"8a1e2e693ccffff","h3_11":"8b1e2e693cc9fff"},"geometry":{"type":"Polygon","coordinates":[[[19.940371,49.991039],[19.940379,49.990982],[19.940423,49.990985],[19.940415,49.991041],[19.940371,49.991039]]]}},{"type":"Feature","id":"w337261656","properties":{"type":"yes","address":"Merkuriusza Polskiego 20","residential":true,"residents_est":3,"h3_10":"8a1e2e693c47fff","h3_11":"8b1e2e693c41fff"},"geometry":{"type":"Polygon","coordinates":[[[19.941326,49.994222],[19.941355,49.994143],[19.941444,49.994158],[19.94144,49.994169],[19.941554,49.994187],[19.941528,49.994255],[19.941326,49.994222]]]}},{"type":"Feature","id":"w337261657","properties":{"type":"yes","address":"Jeździecka 14","residential":true,"residents_est":2,"h3_10":"8a1e2e693d4ffff","h3_11":"8b1e2e693d4dfff"},"geometry":{"type":"Polygon","coordinates":[[[19.940188,49.996449],[19.940253,49.996381],[19.940281,49.996391],[19.940302,49.996385],[19.940338,49.9964],[19.940262,49.996479],[19.940188,49.996449]]]}},{"type":"Feature","id":"w337261658","properties":{"type":"yes","residential":true,"residents_est":4,"h3_10":"8a1e2e693ceffff","h3_11":"8b1e2e693ce9fff"},"geometry":{"type":"Polygon","coordinates":[[[19.939872,49.992111],[19.939898,49.991969],[19.940024,49.991977],[19.939997,49.992119],[19.939872,49.992111]]]}},{"type":"Feature","id":"w337261660","properties":{"type":"yes","address":"Jeździecka 9a","residential":true,"residents_est":3,"h3_10":"8a1e2e693d4ffff","h3_11":"8b1e2e693d4bfff"},"geometry":{"type":"Polygon","coordinates":[[[19.940268,49.995758],[19.940462,49.995756],[19.940463,49.995798],[19.940477,49.995798],[19.940478,49.995833],[19.94027,49.995835],[19.940268,49.995758]]]}},{"type":"Feature","id":"w337261662","properties":{"type":"yes","address":"Jeździecka 12","residential":true,"residents_est":3,"h3_10":"8a1e2e693d4ffff","h3_11":"8b1e2e693d49fff"},"geometry":{"type":"Polygon","coordinates":[[[19.94041,49.996274],[19.940442,49.996186],[19.94059,49.996209],[19.940562,49.996285],[19.940503,49.996276],[19.940499,49.996288],[19.94041,49.996274]]]}},{"type":"Feature","id":"w337261665","properties":{"type":"yes","address":"Tytusa Chałubińskiego 48","residential":true,"residents_est":3,"h3_10":"8a1e2e693ccffff","h3_11":"8b1e2e693ccdfff"},"geometry":{"type":"Polygon","coordinates":[[[19.940106,49.99147],[19.940129,49.991399],[19.940314,49.991424],[19.940301,49.991463],[19.940291,49.991462],[19.940281,49.991493],[19.940106,49.99147]]]}},{"type":"Feature","id":"w337261667","properties":{"type":"yes","residential":false,"residents_est":0,"h3_10":"8a1e2e693d77fff","h3_11":"8b1e2e693d75fff"},"geometry":{"type":"Polygon","coordinates":[[[19.936876,49.997411],[19.936881,49.997346],[19.936965,49.997348],[19.936961,49.997397],[19.936914,49.997395],[19.936913,49.997412],[19.936876,49.997411]]]}},{"type":"Feature","id":"w337261668","properties":{"type":"yes","address":"Merkuriusza Polskiego 35","residential":true,"residents_est":5,"h3_10":"8a1e2e693c5ffff","h3_11":"8b1e2e693c59fff"},"geometry":{"type":"Polygon","coordinates":[[[19.941416,49.992988],[19.94144,49.992916],[19.941516,49.992926],[19.941519,49.992914],[19.941711,49.99294],[19.941678,49.993038],[19.941486,49.993012],[19.94149,49.993],[19.941416,49.992988]]]}},{"type":"Feature","id":"w337261669","properties":{"type":"yes","address":"Tytusa Chałubińskiego 34","residential":true,"residents_est":2,"h3_10":"8a1e2e693c57fff","h3_11":"8b1e2e693c55fff"},"geometry":{"type":"Polygon","coordinates":[[[19.939369,49.993514],[19.939405,49.993434],[19.939542,49.993459],[19.939512,49.993527],[19.93943,49.993513],[19.939425,49.993526],[19.939369,49.993514]]]}},{"type":"Feature","id":"w337261671","properties":{"type":"yes","address":"Tytusa Chałubińskiego 17A","residential":true,"residents_est":4,"h3_10":"8a1e2e693c47fff","h3_11":"8b1e2e693c42fff"},"geometry":{"type":"Polygon","coordinates":[[[19.939697,49.993784],[19.939738,49.993693],[19.939843,49.993712],[19.939836,49.993728],[19.939956,49.993749],[19.93992,49.993826],[19.939697,49.993784]]]}},{"type":"Feature","id":"w337261673","properties":{"type":"yes","address":"Jeździecka 11b","residential":true,"residents_est":4,"h3_10":"8a1e2e693d4ffff","h3_11":"8b1e2e693d4bfff"},"geometry":{"type":"Polygon","coordinates":[[[19.940009,49.995901],[19.940172,49.995898],[19.940176,49.995983],[19.940117,49.995984],[19.940118,49.996016],[19.940014,49.996019],[19.940009,49.995901]]]}},{"type":"Feature","id":"w337261678","properties":{"type":"retail","residential":false,"residents_est":0,"h3_10":"8a1e2e693c5ffff","h3_11":"8b1e2e693c5efff"},"geometry":{"type":"Polygon","coordinates":[[[19.940049,49.993189],[19.940077,49.993124],[19.94018,49.993143],[19.940163,49.993184],[19.940097,49.993172],[19.940086,49.993196],[19.940049,49.993189]]]}},{"type":"Feature","id":"w337261680","properties":{"type":"yes","address":"Lusińska 20c","residential":true,"residents_est":3,"h3_10":"8a1e2e693cc7fff","h3_11":"8b1e2e693cc5fff"},"geometry":{"type":"Polygon","coordinates":[[[19.938048,49.991762],[19.938054,49.991738],[19.938095,49.991742],[19.938114,49.991666],[19.938267,49.991682],[19.938246,49.991769],[19.938091,49.991753],[19.938087,49.991766],[19.938048,49.991762]]]}},{"type":"Feature","id":"w337261682","properties":{"type":"hotel","address":"Lusińska 9b","residential":false,"residents_est":0,"h3_10":"8a1e2e693ccffff","h3_11":"8b1e2e693ccefff"},"geometry":{"type":"Polygon","coordinates":[[[19.93877,49.99111],[19.938909,49.991097],[19.938921,49.991151],[19.938936,49.99115],[19.938948,49.991209],[19.938859,49.991217],[19.938863,49.991241],[19.93881,49.991247],[19.938796,49.99119],[19.938781,49.991191],[19.938775,49.991165],[19.938782,49.991164],[19.93877,49.99111]]]}},{"type":"Feature","id":"w337261683","properties":{"type":"detached","address":"Merkuriusza Polskiego 29","residential":true,"residents_est":7,"h3_10":"8a1e2e693c4ffff","h3_11":"8b1e2e693c48fff"},"geometry":{"type":"Polygon","coordinates":[[[19.942142,49.993788],[19.94217,49.993705],[19.942238,49.993715],[19.942241,49.993704],[19.942358,49.993722],[19.942323,49.993825],[19.942207,49.993806],[19.94221,49.993798],[19.942142,49.993788]]]}},{"type":"Feature","id":"w337261685","properties":{"type":"yes","residential":true,"residents_est":2,"h3_10":"8a1e2e693c67fff","h3_11":"8b1e2e693c60fff"},"geometry":{"type":"Polygon","coordinates":[[[19.940175,49.995144],[19.940267,49.995002],[19.940332,49.995018],[19.940268,49.995115],[19.940248,49.995109],[19.940217,49.995156],[19.940175,49.995144]]]}},{"type":"Feature","id":"w337261687","properties":{"type":"yes","address":"Lusińska 22","residential":true,"residents_est":4,"h3_10":"8a1e2e693ce7fff","h3_11":"8b1e2e693ce2fff"},"geometry":{"type":"Polygon","coordinates":[[[19.937288,49.992026],[19.937304,49.991948],[19.937454,49.991962],[19.937448,49.991997],[19.937506,49.992002],[19.937486,49.992083],[19.937359,49.99207],[19.937365,49.992034],[19.937288,49.992026]]]}},{"type":"Feature","id":"w337261689","properties":{"type":"yes","address":"Tytusa Chałubińskiego 13","residential":true,"residents_est":4,"h3_10":"8a1e2e693c77fff","h3_11":"8b1e2e693c75fff"},"geometry":{"type":"Polygon","coordinates":[[[19.939309,49.994673],[19.939333,49.994576],[19.939507,49.994594],[19.939488,49.994692],[19.939415,49.994685],[19.939412,49.994696],[19.939357,49.99469],[19.93936,49.994679],[19.939309,49.994673]]]}},{"type":"Feature","id":"w337261691","properties":{"type":"yes","address":"Tytusa Chałubińskiego 21","residential":true,"residents_est":2,"h3_10":"8a1e2e693c5ffff","h3_11":"8b1e2e693c5efff"},"geometry":{"type":"Polygon","coordinates":[[[19.940034,49.993084],[19.940082,49.992991],[19.940193,49.993014],[19.940146,49.993108],[19.940034,49.993084]]]}},{"type":"Feature","id":"w337261692","properties":{"type":"yes","address":"Emiliana Czyrniańskiego 18","residential":true,"residents_est":4,"h3_10":"8a1e2e693cdffff","h3_11":"8b1e2e693cd9fff"},"geometry":{"type":"Polygon","coordinates":[[[19.939053,49.990347],[19.939113,49.990278],[19.939269,49.990335],[19.939203,49.990411],[19.939176,49.990415],[19.939146,49.990443],[19.939066,49.990404],[19.939105,49.990367],[19.939053,49.990347]]]}},{"type":"Feature","id":"w337261695","properties":{"type":"detached","address":"Kąpielowa 73","residential":true,"residents_est":8,"h3_10":"8a1e2e693c57fff","h3_11":"8b1e2e693c56fff"},"geometry":{"type":"Polygon","coordinates":[[[19.938631,49.993227],[19.938647,49.993126],[19.938819,49.993137],[19.938803,49.993238],[19.938737,49.993234],[19.938734,49.993256],[19.938633,49.99325],[19.938637,49.993227],[19.938631,49.993227]]]}},{"type":"Feature","id":"w337261697","properties":{"type":"yes","address":"Jeździecka 15a","residential":true,"residents_est":3,"h3_10":"8a1e2e693d4ffff","h3_11":"8b1e2e693d4efff"},"geometry":{"type":"Polygon","coordinates":[[[19.939189,49.996466],[19.9392,49.996406],[19.939227,49.996408],[19.939239,49.996347],[19.939364,49.996357],[19.93935,49.996422],[19.939338,49.99642],[19.939326,49.996476],[19.939189,49.996466]]]}},{"type":"Feature","id":"w337261701","properties":{"type":"yes","address":"Edmunda Neussera 4","residential":true,"residents_est":3,"h3_10":"8a1e2e693ceffff","h3_11":"8b1e2e693ceefff"},"geometry":{"type":"Polygon","coordinates":[[[19.938472,49.992183],[19.938497,49.9921],[19.938568,49.992109],[19.938573,49.992091],[19.938613,49.992096],[19.938608,49.992115],[19.938674,49.992123],[19.938649,49.992205],[19.938472,49.992183]]]}},{"type":"Feature","id":"w337261702","properties":{"type":"yes","address":"Tytusa Chałubińskiego 23","residential":true,"residents_est":2,"h3_10":"8a1e2e693c5ffff","h3_11":"8b1e2e693c5afff"},"geometry":{"type":"Polygon","coordinates":[[[19.940572,49.992747],[19.940591,49.992689],[19.940701,49.992705],[19.940673,49.992782],[19.940615,49.992774],[19.940622,49.992754],[19.940572,49.992747]]]}},{"type":"Feature","id":"w337261703","properties":{"type":"yes","address":"Tytusa Chałubińskiego 12","residential":true,"residents_est":4,"h3_10":"8a1e2e693d5ffff","h3_11":"8b1e2e693d5bfff"},"geometry":{"type":"Polygon","coordinates":[[[19.938784,49.995348],[19.938823,49.995237],[19.938968,49.995258],[19.93893,49.99537],[19.938784,49.995348]]]}},{"type":"Feature","id":"w337261706","properties":{"type":"detached","address":"Kąpielowa 54","residential":true,"residents_est":6,"h3_10":"8a1e2e693c57fff","h3_11":"8b1e2e693c52fff"},"geometry":{"type":"Polygon","coordinates":[[[19.9388,49.992934],[19.938815,49.992858],[19.938992,49.99287],[19.938977,49.992948],[19.9388,49.992934]]]}},{"type":"Feature","id":"w337261710","properties":{"type":"yes","address":"Tytusa Chałubińskiego 3a","residential":true,"residents_est":3,"h3_10":"8a1e2e693d4ffff","h3_11":"8b1e2e693d4efff"},"geometry":{"type":"Polygon","coordinates":[[[19.938951,49.996377],[19.938986,49.996258],[19.939092,49.996277],[19.939069,49.996356],[19.939098,49.99636],[19.939088,49.996394],[19.938951,49.996377]]]}},{"type":"Feature","id":"w337261711","properties":{"type":"yes","residential":false,"residents_est":0,"h3_10":"8a1e2e693c4ffff","h3_11":"8b1e2e693c4efff"},"geometry":{"type":"Polygon","coordinates":[[[19.94122,49.993845],[19.941226,49.993818],[19.941301,49.993824],[19.941293,49.993852],[19.94122,49.993845]]]}},{"type":"Feature","id":"w337261712","properties":{"type":"yes","address":"Tytusa Chałubińskiego 17","residential":true,"residents_est":4,"h3_10":"8a1e2e693c47fff","h3_11":"8b1e2e693c46fff"},"geometry":{"type":"Polygon","coordinates":[[[19.939589,49.994025],[19.939607,49.993948],[19.93974,49.99396],[19.939729,49.994001],[19.939825,49.994012],[19.939809,49.99407],[19.939615,49.994047],[19.93962,49.994028],[19.939589,49.994025]]]}},{"type":"Feature","id":"w337261714","properties":{"type":"yes","residential":true,"residents_est":1,"h3_10":"8a1e2e693cdffff","h3_11":"8b1e2e693cd8fff"},"geometry":{"type":"Polygon","coordinates":[[[19.938128,49.990346],[19.938142,49.990278],[19.938198,49.990283],[19.93817,49.990395],[19.938128,49.990391],[19.938137,49.990347],[19.938128,49.990346]]]}},{"type":"Feature","id":"w337261715","properties":{"type":"yes","address":"Jeździecka 11","residential":true,"residents_est":3,"h3_10":"8a1e2e693d4ffff","h3_11":"8b1e2e693d48fff"},"geometry":{"type":"Polygon","coordinates":[[[19.939872,49.996162],[19.939876,49.996104],[19.939944,49.996106],[19.939942,49.996131],[19.940006,49.996132],[19.940004,49.996237],[19.939896,49.996236],[19.939895,49.996163],[19.939872,49.996162]]]}},{"type":"Feature","id":"w337261716","properties":{"type":"yes","address":"Merkuriusza Polskiego 27","residential":true,"residents_est":3,"h3_10":"8a1e2e693c4ffff","h3_11":"8b1e2e693c4dfff"},"geometry":{"type":"Polygon","coordinates":[[[19.942558,49.993907],[19.942578,49.993845],[19.942646,49.993854],[19.942642,49.993866],[19.942708,49.993874],[19.942683,49.993956],[19.942562,49.993941],[19.942572,49.993909],[19.942558,49.993907]]]}},{"type":"Feature","id":"w337261722","properties":{"type":"yes","address":"Lusińska 8","residential":true,"residents_est":3,"h3_10":"8a1e2e693ccffff","h3_11":"8b1e2e693ccdfff"},"geometry":{"type":"Polygon","coordinates":[[[19.939823,49.99134],[19.939967,49.991337],[19.939972,49.991428],[19.939829,49.991431],[19.939823,49.99134]]]}},{"type":"Feature","id":"w337261723","properties":{"type":"yes","residential":true,"residents_est":3,"h3_10":"8a1e2e693cf7fff","h3_11":"8b1e2e693cf2fff"},"geometry":{"type":"Polygon","coordinates":[[[19.935874,49.991401],[19.935935,49.991321],[19.935966,49.991329],[19.935959,49.99134],[19.936101,49.991382],[19.93605,49.991453],[19.935874,49.991401]]]}},{"type":"Feature","id":"w337261724","properties":{"type":"yes","address":"Jeździecka 17","residential":true,"residents_est":5,"h3_10":"8a1e2e693d4ffff","h3_11":"8b1e2e693d4cfff"},"geometry":{"type":"Polygon","coordinates":[[[19.939421,49.996737],[19.939436,49.996675],[19.939453,49.996676],[19.939459,49.996647],[19.939442,49.996645],[19.939458,49.996572],[19.939613,49.996586],[19.939601,49.996642],[19.939621,49.996644],[19.93961,49.996693],[19.939539,49.996686],[19.939525,49.996747],[19.939421,49.996737]]]}},{"type":"Feature","id":"w337261727","properties":{"type":"yes","address":"Tytusa Chałubińskiego 11a","residential":true,"residents_est":4,"h3_10":"8a1e2e693c67fff","h3_11":"8b1e2e693c60fff"},"geometry":{"type":"Polygon","coordinates":[[[19.939875,49.995089],[19.93988,49.995064],[19.939902,49.995066],[19.939916,49.995],[19.940006,49.995008],[19.94,49.995037],[19.940057,49.995043],[19.940055,49.995056],[19.940092,49.99506],[19.940077,49.995127],[19.939892,49.995111],[19.939897,49.995091],[19.939875,49.995089]]]}},{"type":"Feature","id":"w337261728","properties":{"type":"yes","address":"Tytusa Chałubińskiego 28","residential":true,"residents_est":4,"h3_10":"8a1e2e693c77fff","h3_11":"8b1e2e693c73fff"},"geometry":{"type":"Polygon","coordinates":[[[19.938902,49.99418],[19.938936,49.994056],[19.939074,49.994072],[19.939061,49.99412],[19.939085,49.994123],[19.939076,49.994154],[19.939052,49.994152],[19.939038,49.994197],[19.938902,49.99418]]]}},{"type":"Feature","id":"w337261729","properties":{"type":"detached","address":"Kąpielowa 46a","residential":true,"residents_est":4,"h3_10":"8a1e2e693ce7fff","h3_11":"8b1e2e693ce6fff"},"geometry":{"type":"Polygon","coordinates":[[[19.93721,49.992669],[19.937224,49.99259],[19.937344,49.992599],[19.93733,49.992678],[19.93721,49.992669]]]}},{"type":"Feature","id":"w337261732","properties":{"type":"yes","address":"Lusińska 15","residential":true,"residents_est":3,"h3_10":"8a1e2e693cc7fff","h3_11":"8b1e2e693cc2fff"},"geometry":{"type":"Polygon","coordinates":[[[19.937857,49.991135],[19.937885,49.99106],[19.937877,49.991059],[19.93789,49.991023],[19.937977,49.991037],[19.937964,49.991072],[19.938033,49.991082],[19.938006,49.991158],[19.937857,49.991135]]]}},{"type":"Feature","id":"w337261736","properties":{"type":"yes","address":"Tytusa Chałubińskiego 8a","residential":true,"residents_est":2,"h3_10":"8a1e2e693d5ffff","h3_11":"8b1e2e693d5dfff"},"geometry":{"type":"Polygon","coordinates":[[[19.938699,49.995965],[19.938729,49.99586],[19.938849,49.995877],[19.938828,49.995935],[19.938807,49.995932],[19.938792,49.995978],[19.938699,49.995965]]]}},{"type":"Feature","id":"w337261737","properties":{"type":"yes","address":"Lusińska 17","residential":true,"residents_est":5,"h3_10":"8a1e2e693cd7fff","h3_11":"8b1e2e693cd5fff"},"geometry":{"type":"Polygon","coordinates":[[[19.93681,49.991014],[19.936863,49.990936],[19.937141,49.99101],[19.937095,49.99109],[19.93681,49.991014]]]}},{"type":"Feature","id":"w337261738","properties":{"type":"yes","address":"Jeździecka 15b","residential":true,"residents_est":3,"h3_10":"8a1e2e693d4ffff","h3_11":"8b1e2e693d4cfff"},"geometry":{"type":"Polygon","coordinates":[[[19.939494,49.996472],[19.939514,49.996388],[19.939564,49.996393],[19.939567,49.996377],[19.939615,49.996381],[19.939612,49.996392],[19.939676,49.996397],[19.939657,49.996482],[19.939494,49.996472]]]}},{"type":"Feature","id":"w337261741","properties":{"type":"yes","address":"Lusińska 20d","residential":true,"residents_est":4,"h3_10":"8a1e2e693cc7fff","h3_11":"8b1e2e693cc4fff"},"geometry":{"type":"Polygon","coordinates":[[[19.937539,49.991766],[19.937559,49.991664],[19.937713,49.991676],[19.937692,49.991778],[19.937539,49.991766]]]}},{"type":"Feature","id":"w337261743","properties":{"type":"yes","address":"Tytusa Chałubińskiego 19","residential":true,"residents_est":3,"h3_10":"8a1e2e693c57fff","h3_11":"8b1e2e693c51fff"},"geometry":{"type":"Polygon","coordinates":[[[19.939809,49.993472],[19.939851,49.993391],[19.940013,49.993429],[19.939972,49.993506],[19.939921,49.993495],[19.939906,49.993522],[19.93985,49.99351],[19.939864,49.993484],[19.939809,49.993472]]]}},{"type":"Feature","id":"w337261745","properties":{"type":"yes","address":"Niedźwiedziny 34","residential":true,"residents_est":3,"h3_10":"8a1e2e693d6ffff","h3_11":"8b1e2e693d68fff"},"geometry":{"type":"Polygon","coordinates":[[[19.939752,49.997371],[19.939755,49.997282],[19.939807,49.997283],[19.939806,49.997292],[19.939944,49.997293],[19.939943,49.997372],[19.939752,49.997371]]]}},{"type":"Feature","id":"w337583386","properties":{"type":"yes","address":"Kazimierza Moszyńskiego 19a","residential":true,"residents_est":2,"h3_10":"8a1e2e693c9ffff","h3_11":"8b1e2e693c9efff"},"geometry":{"type":"Polygon","coordinates":[[[19.932541,49.99033],[19.932661,49.99031],[19.932689,49.99038],[19.932664,49.990384],[19.932667,49.990392],[19.932572,49.990409],[19.932541,49.99033]]]}},{"type":"Feature","id":"w337583803","properties":{"type":"yes","address":"Kazimierza Moszyńskiego 19c","residential":true,"residents_est":2,"h3_10":"8a1e2e693c97fff","h3_11":"8b1e2e693c93fff"},"geometry":{"type":"Polygon","coordinates":[[[19.931788,49.990176],[19.93191,49.990132],[19.93198,49.990212],[19.931858,49.990256],[19.931788,49.990176]]]}},{"type":"Feature","id":"w337583839","properties":{"type":"yes","residential":true,"residents_est":1,"h3_10":"8a1e2e693c97fff","h3_11":"8b1e2e693c96fff"},"geometry":{"type":"Polygon","coordinates":[[[19.930741,49.990911],[19.930746,49.99083],[19.930829,49.990831],[19.930826,49.990913],[19.930741,49.990911]]]}},{"type":"Feature","id":"w337583874","properties":{"type":"yes","address":"Kazimierza Moszyńskiego 19b","residential":true,"residents_est":3,"h3_10":"8a1e2e693c97fff","h3_11":"8b1e2e693c93fff"},"geometry":{"type":"Polygon","coordinates":[[[19.931561,49.990261],[19.931687,49.990215],[19.931758,49.990297],[19.931632,49.990342],[19.931561,49.990261]]]}},{"type":"Feature","id":"w337584010","properties":{"type":"yes","address":"Kazimierza Moszyńskiego 19","residential":true,"residents_est":4,"h3_10":"8a1e2e693c97fff","h3_11":"8b1e2e693c92fff"},"geometry":{"type":"Polygon","coordinates":[[[19.931206,49.990473],[19.931254,49.990462],[19.931262,49.990448],[19.931349,49.990429],[19.931355,49.990439],[19.931406,49.990428],[19.931442,49.990494],[19.93138,49.990508],[19.931386,49.990519],[19.931248,49.99055],[19.931206,49.990473]]]}},{"type":"Feature","id":"w337584749","properties":{"type":"yes","address":"Kazimierza Moszyńskiego 17","residential":true,"residents_est":4,"h3_10":"8a1e2e693c97fff","h3_11":"8b1e2e693c96fff"},"geometry":{"type":"Polygon","coordinates":[[[19.930425,49.990843],[19.930429,49.990771],[19.93068,49.990776],[19.930676,49.990848],[19.930629,49.990847],[19.930627,49.990874],[19.93054,49.990873],[19.930541,49.990845],[19.930473,49.990844],[19.930471,49.990864],[19.930439,49.990863],[19.93044,49.990844],[19.930425,49.990843]]]}},{"type":"Feature","id":"w340893321","properties":{"type":"yes","address":"Jeździecka 4","residential":true,"residents_est":2,"h3_10":"8a1e2e693c6ffff","h3_11":"8b1e2e693c6dfff"},"geometry":{"type":"Polygon","coordinates":[[[19.94218,49.995031],[19.942194,49.994942],[19.942236,49.994944],[19.942238,49.99493],[19.942317,49.994935],[19.942301,49.995039],[19.942249,49.995036],[19.942251,49.995028],[19.942222,49.995026],[19.942221,49.995034],[19.94218,49.995031]]]}},{"type":"Feature","id":"w340893350","properties":{"type":"retail","address":"Merkuriusza Polskiego 27A","residential":false,"residents_est":0,"h3_10":"8a1e2e693c4ffff","h3_11":"8b1e2e693c4dfff"},"geometry":{"type":"Polygon","coordinates":[[[19.942591,49.994076],[19.942605,49.99403],[19.942666,49.994038],[19.942648,49.994099],[19.942601,49.994093],[19.942591,49.994076]]]}},{"type":"Feature","id":"w340893357","properties":{"type":"yes","residential":true,"residents_est":2,"h3_10":"8a1e2e693c6ffff","h3_11":"8b1e2e693c6efff"},"geometry":{"type":"Polygon","coordinates":[[[19.941204,49.994677],[19.941213,49.994655],[19.941355,49.99468],[19.941372,49.994643],[19.941482,49.994663],[19.941458,49.994722],[19.941204,49.994677]]]}},{"type":"Feature","id":"w372214439","properties":{"type":"yes","residential":true,"residents_est":4,"h3_10":"8a1e2e693d17fff","h3_11":"8b1e2e693d13fff"},"geometry":{"type":"Polygon","coordinates":[[[19.932264,49.995483],[19.932379,49.995444],[19.932495,49.995588],[19.932379,49.995627],[19.932264,49.995483]]]}},{"type":"Feature","id":"w372214442","properties":{"type":"yes","residential":true,"residents_est":18,"h3_10":"8a1e2e693d1ffff","h3_11":"8b1e2e693d1efff"},"geometry":{"type":"Polygon","coordinates":[[[19.93249,49.995317],[19.932601,49.995257],[19.932914,49.9955],[19.932803,49.995559],[19.93249,49.995317]]]}},{"type":"Feature","id":"w372214444","properties":{"type":"yes","residential":true,"residents_est":2,"h3_10":"8a1e2e693daffff","h3_11":"8b1e2e693dacfff"},"geometry":{"type":"Polygon","coordinates":[[[19.931632,49.995151],[19.931702,49.995116],[19.931805,49.995204],[19.931734,49.995238],[19.931632,49.995151]]]}},{"type":"Feature","id":"w708514062","properties":{"type":"yes","residential":false,"residents_est":0,"h3_10":"8a1e2e693c9ffff","h3_11":"8b1e2e693c9efff"},"geometry":{"type":"Polygon","coordinates":[[[19.932557,49.990412],[19.932618,49.990401],[19.932633,49.990435],[19.932571,49.990446],[19.932557,49.990412]]]}},{"type":"Feature","id":"w708514063","properties":{"type":"yes","residential":false,"residents_est":0,"h3_10":"8a1e2e693c9ffff","h3_11":"8b1e2e693c9efff"},"geometry":{"type":"Polygon","coordinates":[[[19.932466,49.990428],[19.932557,49.990412],[19.932572,49.990449],[19.932481,49.990464],[19.932466,49.990428]]]}},{"type":"Feature","id":"w708514064","properties":{"type":"yes","address":"Kazimierza Moszyńskiego 19d","residential":true,"residents_est":2,"h3_10":"8a1e2e693c9ffff","h3_11":"8b1e2e693c9efff"},"geometry":{"type":"Polygon","coordinates":[[[19.932428,49.99035],[19.932541,49.99033],[19.932572,49.990409],[19.932466,49.990428],[19.932428,49.99035]]]}},{"type":"Feature","id":"w708514066","properties":{"type":"yes","address":"Kazimierza Moszyńskiego 17b","residential":true,"residents_est":4,"h3_10":"8a1e2e693c97fff","h3_11":"8b1e2e693c90fff"},"geometry":{"type":"Polygon","coordinates":[[[19.931178,49.990827],[19.931291,49.99082],[19.931289,49.990806],[19.931333,49.990804],[19.931336,49.990817],[19.931402,49.990812],[19.931406,49.990834],[19.931426,49.990833],[19.931431,49.990871],[19.931412,49.990872],[19.931416,49.990894],[19.931241,49.990905],[19.931239,49.990893],[19.931189,49.990896],[19.931178,49.990827]]]}},{"type":"Feature","id":"w708514067","properties":{"type":"yes","address":"Kazimierza Moszyńskiego 17c","residential":true,"residents_est":4,"h3_10":"8a1e2e693c97fff","h3_11":"8b1e2e693c90fff"},"geometry":{"type":"Polygon","coordinates":[[[19.931407,49.990613],[19.931591,49.99057],[19.931605,49.990598],[19.931673,49.990582],[19.93171,49.990648],[19.93165,49.990662],[19.931655,49.990672],[19.931545,49.990697],[19.931518,49.990649],[19.931437,49.990668],[19.931407,49.990613]]]}},{"type":"Feature","id":"w708514068","properties":{"type":"yes","residential":false,"residents_est":0,"h3_10":"8a1e2e693c97fff","h3_11":"8b1e2e693c93fff"},"geometry":{"type":"Polygon","coordinates":[[[19.931678,49.990394],[19.931771,49.990361],[19.9318,49.990394],[19.931707,49.990428],[19.931678,49.990394]]]}},{"type":"Feature","id":"w708514069","properties":{"type":"yes","residential":false,"residents_est":0,"h3_10":"8a1e2e693c97fff","h3_11":"8b1e2e693c93fff"},"geometry":{"type":"Polygon","coordinates":[[[19.931969,49.990265],[19.932036,49.99024],[19.932071,49.99028],[19.932002,49.990301],[19.931969,49.990265]]]}},{"type":"Feature","id":"w708514070","properties":{"type":"yes","address":"Kazimierza Moszyńskiego 17a","residential":true,"residents_est":3,"h3_10":"8a1e2e693c97fff","h3_11":"8b1e2e693c96fff"},"geometry":{"type":"Polygon","coordinates":[[[19.930568,49.990627],[19.930572,49.990542],[19.930704,49.990544],[19.930701,49.990629],[19.930677,49.99063],[19.930674,49.99069],[19.930581,49.990688],[19.930583,49.990628],[19.930568,49.990627]]]}},{"type":"Feature","id":"w708514142","properties":{"type":"yes","residential":false,"residents_est":0,"h3_10":"8a1e2e693cdffff","h3_11":"8b1e2e693cdafff"},"geometry":{"type":"Polygon","coordinates":[[[19.938222,49.989909],[19.938228,49.989859],[19.938277,49.989862],[19.93827,49.989912],[19.938222,49.989909]]]}},{"type":"Feature","id":"w708514144","properties":{"type":"yes","residential":true,"residents_est":2,"h3_10":"8a1e2e693cdffff","h3_11":"8b1e2e693cdafff"},"geometry":{"type":"Polygon","coordinates":[[[19.937575,49.990058],[19.937593,49.990013],[19.937704,49.990031],[19.9377,49.990041],[19.937722,49.990044],[19.937696,49.990115],[19.937608,49.990101],[19.937622,49.990066],[19.937575,49.990058]]]}},{"type":"Feature","id":"w708514145","properties":{"type":"yes","residential":false,"residents_est":0,"h3_10":"8a1e2e693cdffff","h3_11":"8b1e2e693cdafff"},"geometry":{"type":"Polygon","coordinates":[[[19.937696,49.990115],[19.937725,49.99004],[19.937772,49.990048],[19.937744,49.990123],[19.937696,49.990115]]]}},{"type":"Feature","id":"w708514146","properties":{"type":"yes","residential":false,"residents_est":0,"h3_10":"8a1e2e693c67fff","h3_11":"8b1e2e693c65fff"},"geometry":{"type":"Polygon","coordinates":[[[19.940515,49.995625],[19.940516,49.995576],[19.940604,49.995577],[19.940603,49.995626],[19.940515,49.995625]]]}},{"type":"Feature","id":"w708514147","properties":{"type":"yes","residential":false,"residents_est":0,"h3_10":"8a1e2e693c67fff","h3_11":"8b1e2e693c64fff"},"geometry":{"type":"Polygon","coordinates":[[[19.939743,49.99565],[19.939743,49.995614],[19.939808,49.995614],[19.939807,49.99565],[19.939743,49.99565]]]}},{"type":"Feature","id":"w708514169","properties":{"type":"detached","address":"Kąpielowa 34","residential":true,"residents_est":4,"h3_10":"8a1e2e693d8ffff","h3_11":"8b1e2e693d8cfff"},"geometry":{"type":"Polygon","coordinates":[[[19.931871,49.994005],[19.932001,49.993995],[19.932006,49.994019],[19.932034,49.994017],[19.932041,49.994064],[19.931882,49.994074],[19.931871,49.994005]]]}},{"type":"Feature","id":"w708514171","properties":{"type":"yes","residential":false,"residents_est":0,"h3_10":"8a1e2e693d87fff","h3_11":"8b1e2e693d83fff"},"geometry":{"type":"Polygon","coordinates":[[[19.930641,49.993637],[19.930641,49.993606],[19.930776,49.993605],[19.930776,49.993637],[19.930641,49.993637]]]}},{"type":"Feature","id":"w708514172","properties":{"type":"yes","residential":true,"residents_est":1,"h3_10":"8a1e2e693d97fff","h3_11":"8b1e2e693d95fff"},"geometry":{"type":"Polygon","coordinates":[[[19.92972,49.993526],[19.929764,49.993474],[19.929845,49.993502],[19.929801,49.993554],[19.92972,49.993526]]]}},{"type":"Feature","id":"w708514173","properties":{"type":"yes","residential":true,"residents_est":3,"h3_10":"8a1e2e693d87fff","h3_11":"8b1e2e693d80fff"},"geometry":{"type":"Polygon","coordinates":[[[19.930152,49.993986],[19.930157,49.99397],[19.93017,49.993965],[19.930179,49.993937],[19.930299,49.993952],[19.930297,49.993957],[19.930346,49.993964],[19.930325,49.994031],[19.930155,49.994014],[19.93016,49.993994],[19.930152,49.993986]]]}},{"type":"Feature","id":"w708514174","properties":{"type":"yes","address":"Kazimierza Moszyńskiego 16A","residential":true,"residents_est":3,"h3_10":"8a1e2e693d9ffff","h3_11":"8b1e2e693d9cfff"},"geometry":{"type":"Polygon","coordinates":[[[19.930321,49.993457],[19.930341,49.993375],[19.930469,49.993389],[19.930466,49.993399],[19.930545,49.993407],[19.93053,49.993467],[19.93045,49.993459],[19.930447,49.993471],[19.930321,49.993457]]]}},{"type":"Feature","id":"w708514178","properties":{"type":"yes","address":"Niedźwiedziny 29","residential":true,"residents_est":2,"h3_10":"8a1e2e693d6ffff","h3_11":"8b1e2e693d6bfff"},"geometry":{"type":"Polygon","coordinates":[[[19.940021,49.997004],[19.940134,49.997003],[19.940136,49.997076],[19.940022,49.997077],[19.940021,49.997004]]]}},{"type":"Feature","id":"w708514179","properties":{"type":"yes","address":"Niedźwiedziny 30","residential":true,"residents_est":3,"h3_10":"8a1e2e693d6ffff","h3_11":"8b1e2e693d69fff"},"geometry":{"type":"Polygon","coordinates":[[[19.940132,49.99731],[19.940263,49.997309],[19.940265,49.997404],[19.940249,49.997404],[19.940248,49.99743],[19.940146,49.99743],[19.940145,49.997403],[19.940134,49.997403],[19.940132,49.99731]]]}},{"type":"Feature","id":"w708514232","properties":{"type":"yes","address":"Tytusa Chałubińskiego 9","residential":true,"residents_est":2,"h3_10":"8a1e2e693c67fff","h3_11":"8b1e2e693c66fff"},"geometry":{"type":"Polygon","coordinates":[[[19.939498,49.995273],[19.939518,49.995196],[19.939639,49.99521],[19.939617,49.995287],[19.939498,49.995273]]]}},{"type":"Feature","id":"w708514233","properties":{"type":"yes","residential":true,"residents_est":1,"h3_10":"8a1e2e693c67fff","h3_11":"8b1e2e693c60fff"},"geometry":{"type":"Polygon","coordinates":[[[19.940086,49.995149],[19.940092,49.995116],[19.940135,49.995115],[19.940168,49.995057],[19.94022,49.99507],[19.940168,49.995147],[19.940086,49.995149]]]}},{"type":"Feature","id":"w708514234","properties":{"type":"yes","residential":true,"residents_est":2,"h3_10":"8a1e2e693c47fff","h3_11":"8b1e2e693c41fff"},"geometry":{"type":"Polygon","coordinates":[[[19.941094,49.993902],[19.94111,49.993821],[19.941208,49.99383],[19.941192,49.993911],[19.941094,49.993902]]]}},{"type":"Feature","id":"w708514235","properties":{"type":"yes","residential":false,"residents_est":0,"h3_10":"8a1e2e693c4ffff","h3_11":"8b1e2e693c4efff"},"geometry":{"type":"Polygon","coordinates":[[[19.941359,49.993648],[19.941412,49.993593],[19.941444,49.993606],[19.941392,49.993659],[19.941359,49.993648]]]}},{"type":"Feature","id":"w708514236","properties":{"type":"yes","residential":true,"residents_est":1,"h3_10":"8a1e2e693c4ffff","h3_11":"8b1e2e693c4efff"},"geometry":{"type":"Polygon","coordinates":[[[19.941392,49.993662],[19.941447,49.993603],[19.941531,49.993636],[19.9415,49.993665],[19.941461,49.99365],[19.941434,49.993678],[19.941392,49.993662]]]}},{"type":"Feature","id":"w708514238","properties":{"type":"yes","residential":false,"residents_est":0,"h3_10":"8a1e2e693d27fff","h3_11":"8b1e2e693d22fff"},"geometry":{"type":"Polygon","coordinates":[[[19.932223,49.997508],[19.93227,49.997448],[19.93232,49.997464],[19.932274,49.997525],[19.932223,49.997508]]]}},{"type":"Feature","id":"w708514239","properties":{"type":"yes","address":"Wypoczynkowa 25b","residential":true,"residents_est":4,"h3_10":"8a1e2e693d37fff","h3_11":"8b1e2e693d31fff"},"geometry":{"type":"Polygon","coordinates":[[[19.931868,49.996879],[19.931903,49.996806],[19.931913,49.996809],[19.931926,49.996783],[19.931969,49.996792],[19.931983,49.996764],[19.932019,49.996771],[19.932023,49.996763],[19.932073,49.996777],[19.932057,49.99681],[19.932136,49.996826],[19.932108,49.996884],[19.932028,49.996867],[19.932018,49.996887],[19.931974,49.996879],[19.931964,49.996899],[19.931955,49.996897],[19.931959,49.99689],[19.931931,49.996885],[19.931928,49.996891],[19.931868,49.996879]]]}},{"type":"Feature","id":"w708514240","properties":{"type":"yes","residential":false,"residents_est":0,"h3_10":"8a1e2e693c07fff","h3_11":"8b1e2e693c05fff"},"geometry":{"type":"Polygon","coordinates":[[[19.935887,49.99431],[19.935918,49.99426],[19.935995,49.994279],[19.935965,49.994329],[19.935887,49.99431]]]}},{"type":"Feature","id":"w708514241","properties":{"type":"yes","residential":false,"residents_est":0,"h3_10":"8a1e2e693c27fff","h3_11":"8b1e2e693c23fff"},"geometry":{"type":"Polygon","coordinates":[[[19.935732,49.994669],[19.935761,49.994619],[19.935813,49.994631],[19.935787,49.994682],[19.935732,49.994669]]]}},{"type":"Feature","id":"w708514242","properties":{"type":"yes","residential":true,"residents_est":2,"h3_10":"8a1e2e693c27fff","h3_11":"8b1e2e693c23fff"},"geometry":{"type":"Polygon","coordinates":[[[19.93553,49.994625],[19.935587,49.994557],[19.935717,49.994603],[19.935659,49.99467],[19.93553,49.994625]]]}},{"type":"Feature","id":"w708514243","properties":{"type":"yes","address":"Wypoczynkowa 24A","residential":true,"residents_est":2,"h3_10":"8a1e2e693c27fff","h3_11":"8b1e2e693c20fff"},"geometry":{"type":"Polygon","coordinates":[[[19.934911,49.995191],[19.934991,49.995096],[19.935082,49.995127],[19.935039,49.995177],[19.935015,49.995169],[19.934979,49.995214],[19.934911,49.995191]]]}},{"type":"Feature","id":"w708514244","properties":{"type":"yes","residential":false,"residents_est":0,"h3_10":"8a1e2e693c27fff","h3_11":"8b1e2e693c20fff"},"geometry":{"type":"Polygon","coordinates":[[[19.935046,49.99533],[19.935066,49.995307],[19.935084,49.995313],[19.935102,49.995289],[19.935161,49.995308],[19.935122,49.995357],[19.935046,49.99533]]]}},{"type":"Feature","id":"w708514245","properties":{"type":"yes","residential":false,"residents_est":0,"h3_10":"8a1e2e693d0ffff","h3_11":"8b1e2e693d0afff"},"geometry":{"type":"Polygon","coordinates":[[[19.934643,49.99577],[19.934684,49.9957],[19.934726,49.995709],[19.934683,49.99578],[19.934643,49.99577]]]}},{"type":"Feature","id":"w708514246","properties":{"type":"yes","residential":false,"residents_est":0,"h3_10":"8a1e2e693d0ffff","h3_11":"8b1e2e693d0afff"},"geometry":{"type":"Polygon","coordinates":[[[19.934679,49.995789],[19.934702,49.99575],[19.934758,49.995767],[19.934731,49.995805],[19.934679,49.995789]]]}},{"type":"Feature","id":"w708514247","properties":{"type":"yes","residential":false,"residents_est":0,"h3_10":"8a1e2e693d0ffff","h3_11":"8b1e2e693d0afff"},"geometry":{"type":"Polygon","coordinates":[[[19.934725,49.995813],[19.934749,49.995781],[19.934807,49.995797],[19.934782,49.99583],[19.934725,49.995813]]]}},{"type":"Feature","id":"w708514248","properties":{"type":"yes","residential":false,"residents_est":0,"h3_10":"8a1e2e693d0ffff","h3_11":"8b1e2e693d09fff"},"geometry":{"type":"Polygon","coordinates":[[[19.935458,49.996141],[19.935491,49.996084],[19.935531,49.996094],[19.935499,49.99615],[19.935458,49.996141]]]}},{"type":"Feature","id":"w708514249","properties":{"type":"yes","address":"Borowinowa 14A","residential":true,"residents_est":2,"h3_10":"8a1e2e693d57fff","h3_11":"8b1e2e693d56fff"},"geometry":{"type":"Polygon","coordinates":[[[19.935582,49.995934],[19.935645,49.995809],[19.935705,49.995823],[19.935657,49.995918],[19.935633,49.995913],[19.935619,49.995942],[19.935582,49.995934]]]}},{"type":"Feature","id":"w708514250","properties":{"type":"yes","residential":false,"residents_est":0,"h3_10":"8a1e2e693d57fff","h3_11":"8b1e2e693d56fff"},"geometry":{"type":"Polygon","coordinates":[[[19.935855,49.995721],[19.935887,49.995663],[19.935924,49.995672],[19.93591,49.995696],[19.935947,49.995706],[19.935928,49.995737],[19.935855,49.995721]]]}},{"type":"Feature","id":"w708514251","properties":{"type":"yes","address":"Rabczańska 4","residential":true,"residents_est":3,"h3_10":"8a1e2e693d57fff","h3_11":"8b1e2e693d54fff"},"geometry":{"type":"Polygon","coordinates":[[[19.936254,49.996383],[19.936322,49.996255],[19.936365,49.996264],[19.936371,49.996252],[19.936438,49.996266],[19.936421,49.996298],[19.936441,49.996302],[19.936426,49.99633],[19.936406,49.996326],[19.936392,49.996354],[19.936372,49.996349],[19.936344,49.996403],[19.936254,49.996383]]]}},{"type":"Feature","id":"w708514252","properties":{"type":"yes","address":"Borowinowa 30b","residential":true,"residents_est":2,"h3_10":"8a1e2e693d47fff","h3_11":"8b1e2e693d46fff"},"geometry":{"type":"Polygon","coordinates":[[[19.937201,49.9966],[19.93726,49.996483],[19.937334,49.996499],[19.937274,49.996616],[19.937201,49.9966]]]}},{"type":"Feature","id":"w708514253","properties":{"type":"yes","residential":true,"residents_est":3,"h3_10":"8a1e2e693d47fff","h3_11":"8b1e2e693d42fff"},"geometry":{"type":"Polygon","coordinates":[[[19.937567,49.99638],[19.937623,49.996256],[19.937768,49.996285],[19.937748,49.996329],[19.937677,49.996316],[19.937641,49.996394],[19.937567,49.99638]]]}},{"type":"Feature","id":"w708514254","properties":{"type":"yes","residential":true,"residents_est":2,"h3_10":"8a1e2e693d47fff","h3_11":"8b1e2e693d42fff"},"geometry":{"type":"Polygon","coordinates":[[[19.937953,49.996387],[19.938004,49.99627],[19.938098,49.996287],[19.938048,49.996404],[19.937953,49.996387]]]}},{"type":"Feature","id":"w708514255","properties":{"type":"yes","residential":false,"residents_est":0,"h3_10":"8a1e2e693d47fff","h3_11":"8b1e2e693d40fff"},"geometry":{"type":"Polygon","coordinates":[[[19.93824,49.996555],[19.938257,49.996516],[19.938337,49.996528],[19.938322,49.996566],[19.93824,49.996555]]]}},{"type":"Feature","id":"w708514256","properties":{"type":"yes","residential":false,"residents_est":0,"h3_10":"8a1e2e693d47fff","h3_11":"8b1e2e693d40fff"},"geometry":{"type":"Polygon","coordinates":[[[19.938361,49.996535],[19.938387,49.996486],[19.93843,49.996496],[19.938405,49.996544],[19.938361,49.996535]]]}},{"type":"Feature","id":"w708514257","properties":{"type":"yes","residential":false,"residents_est":0,"h3_10":"8a1e2e693d47fff","h3_11":"8b1e2e693d41fff"},"geometry":{"type":"Polygon","coordinates":[[[19.939007,49.996713],[19.939013,49.996663],[19.939063,49.996666],[19.939055,49.996715],[19.939007,49.996713]]]}},{"type":"Feature","id":"w708514258","properties":{"type":"yes","residential":false,"residents_est":0,"h3_10":"8a1e2e693d4ffff","h3_11":"8b1e2e693d4cfff"},"geometry":{"type":"Polygon","coordinates":[[[19.939507,49.996838],[19.939514,49.996807],[19.939584,49.996813],[19.939577,49.996844],[19.939507,49.996838]]]}},{"type":"Feature","id":"w708514259","properties":{"type":"yes","residential":false,"residents_est":0,"h3_10":"8a1e2e693d47fff","h3_11":"8b1e2e693d43fff"},"geometry":{"type":"Polygon","coordinates":[[[19.938374,49.99626],[19.938393,49.996215],[19.938415,49.996219],[19.938419,49.996208],[19.938456,49.996214],[19.938434,49.996271],[19.938374,49.99626]]]}},{"type":"Feature","id":"w708514260","properties":{"type":"yes","residential":false,"residents_est":0,"h3_10":"8a1e2e693d4ffff","h3_11":"8b1e2e693d4afff"},"geometry":{"type":"Polygon","coordinates":[[[19.939274,49.996052],[19.939277,49.996024],[19.93936,49.996027],[19.939356,49.996055],[19.939274,49.996052]]]}},{"type":"Feature","id":"w708514261","properties":{"type":"yes","address":"Tytusa Chałubińskiego 8b","residential":true,"residents_est":2,"h3_10":"8a1e2e693d5ffff","h3_11":"8b1e2e693d5dfff"},"geometry":{"type":"Polygon","coordinates":[[[19.938581,49.995947],[19.938612,49.995858],[19.938725,49.995873],[19.938695,49.995978],[19.938652,49.995971],[19.938656,49.995958],[19.938581,49.995947]]]}},{"type":"Feature","id":"w708514262","properties":{"type":"yes","residential":false,"residents_est":0,"h3_10":"8a1e2e693d4ffff","h3_11":"8b1e2e693d4afff"},"geometry":{"type":"Polygon","coordinates":[[[19.939482,49.99582],[19.93949,49.995771],[19.939532,49.995774],[19.939524,49.995822],[19.939482,49.99582]]]}},{"type":"Feature","id":"w708514263","properties":{"type":"yes","residential":false,"residents_est":0,"h3_10":"8a1e2e693d5ffff","h3_11":"8b1e2e693d5bfff"},"geometry":{"type":"Polygon","coordinates":[[[19.938974,49.995086],[19.938989,49.995039],[19.939035,49.995045],[19.93902,49.995092],[19.938974,49.995086]]]}},{"type":"Feature","id":"w708514265","properties":{"type":"yes","address":"Mariusza Zaruskiego 9","residential":true,"residents_est":3,"h3_10":"8a1e2e693c2ffff","h3_11":"8b1e2e693c29fff"},"geometry":{"type":"Polygon","coordinates":[[[19.937429,49.994955],[19.937473,49.994879],[19.937618,49.994915],[19.937591,49.994959],[19.937603,49.994962],[19.937585,49.994993],[19.937553,49.994985],[19.93753,49.995023],[19.937439,49.995],[19.937461,49.994963],[19.937429,49.994955]]]}},{"type":"Feature","id":"w708514268","properties":{"type":"yes","residential":false,"residents_est":0,"h3_10":"8a1e2e693c2ffff","h3_11":"8b1e2e693c2bfff"},"geometry":{"type":"Polygon","coordinates":[[[19.936967,49.994337],[19.936983,49.994298],[19.937049,49.994312],[19.937031,49.99435],[19.936967,49.994337]]]}},{"type":"Feature","id":"w708514270","properties":{"type":"yes","residential":true,"residents_est":25,"h3_10":"8a1e2e693cdffff","h3_11":"8b1e2e693cddfff"},"geometry":{"type":"Polygon","coordinates":[[[19.93874,49.990806],[19.938771,49.990607],[19.939076,49.990631],[19.939044,49.990831],[19.93874,49.990806]]]}},{"type":"Feature","id":"w708514271","properties":{"type":"yes","residential":true,"residents_est":1,"h3_10":"8a1e2e693cdffff","h3_11":"8b1e2e693cddfff"},"geometry":{"type":"Polygon","coordinates":[[[19.938815,49.990863],[19.938822,49.990814],[19.938934,49.990822],[19.938925,49.99087],[19.938815,49.990863]]]}},{"type":"Feature","id":"w708514272","properties":{"type":"yes","residential":false,"residents_est":0,"h3_10":"8a1e2e693ccffff","h3_11":"8b1e2e693ccefff"},"geometry":{"type":"Polygon","coordinates":[[[19.939094,49.991079],[19.939165,49.991071],[19.939168,49.991061],[19.93915,49.99106],[19.939156,49.991035],[19.939211,49.99104],[19.939206,49.991067],[19.93921,49.991083],[19.939099,49.991096],[19.939094,49.991079]]]}},{"type":"Feature","id":"w708514273","properties":{"type":"yes","address":"Lusińska 9a","residential":true,"residents_est":4,"h3_10":"8a1e2e693ccffff","h3_11":"8b1e2e693ccefff"},"geometry":{"type":"Polygon","coordinates":[[[19.939082,49.991162],[19.939104,49.991159],[19.939086,49.991098],[19.939224,49.991082],[19.939252,49.991195],[19.93916,49.991206],[19.939167,49.991231],[19.939113,49.991237],[19.939082,49.991162]]]}},{"type":"Feature","id":"w708514274","properties":{"type":"yes","residential":true,"residents_est":3,"h3_10":"8a1e2e693ccffff","h3_11":"8b1e2e693ccefff"},"geometry":{"type":"Polygon","coordinates":[[[19.938788,49.990979],[19.938815,49.990863],[19.938954,49.990873],[19.938937,49.990965],[19.938887,49.990961],[19.938881,49.990987],[19.938788,49.990979]]]}},{"type":"Feature","id":"w708514276","properties":{"type":"yes","residential":false,"residents_est":0,"h3_10":"8a1e2e693ccffff","h3_11":"8b1e2e693ccefff"},"geometry":{"type":"Polygon","coordinates":[[[19.93878,49.991092],[19.93889,49.991081],[19.938894,49.991098],[19.938784,49.991108],[19.93878,49.991092]]]}},{"type":"Feature","id":"w708514277","properties":{"type":"yes","residential":false,"residents_est":0,"h3_10":"8a1e2e693ccffff","h3_11":"8b1e2e693ccefff"},"geometry":{"type":"Polygon","coordinates":[[[19.938807,49.991088],[19.938842,49.990985],[19.938881,49.990987],[19.938873,49.991011],[19.938907,49.991014],[19.938903,49.991038],[19.938864,49.991035],[19.938846,49.991085],[19.938807,49.991088]]]}},{"type":"Feature","id":"w708514278","properties":{"type":"yes","residential":true,"residents_est":4,"h3_10":"8a1e2e693ccffff","h3_11":"8b1e2e693ccefff"},"geometry":{"type":"Polygon","coordinates":[[[19.938903,49.991038],[19.938911,49.990995],[19.938955,49.990999],[19.93899,49.990981],[19.939086,49.990989],[19.939114,49.991012],[19.939159,49.991016],[19.93915,49.99106],[19.939103,49.991056],[19.9391,49.991071],[19.939067,49.991088],[19.938972,49.991079],[19.938947,49.991059],[19.938949,49.991042],[19.938903,49.991038]]]}},{"type":"Feature","id":"w708514282","properties":{"type":"yes","address":"Lusińska 20","residential":false,"residents_est":0,"h3_10":"8a1e2e693cc7fff","h3_11":"8b1e2e693cc1fff"},"geometry":{"type":"Polygon","coordinates":[[[19.938745,49.991534],[19.938759,49.991496],[19.938854,49.991512],[19.938839,49.99155],[19.938745,49.991534]]]}},{"type":"Feature","id":"w708514283","properties":{"type":"yes","residential":false,"residents_est":0,"h3_10":"8a1e2e693ceffff","h3_11":"8b1e2e693ce8fff"},"geometry":{"type":"Polygon","coordinates":[[[19.939141,49.992054],[19.939277,49.992036],[19.939286,49.992065],[19.93915,49.992083],[19.939141,49.992054]]]}},{"type":"Feature","id":"w708514284","properties":{"type":"yes","residential":false,"residents_est":0,"h3_10":"8a1e2e693ce7fff","h3_11":"8b1e2e693ce3fff"},"geometry":{"type":"Polygon","coordinates":[[[19.93822,49.992291],[19.938231,49.992249],[19.938287,49.992255],[19.938276,49.992297],[19.93822,49.992291]]]}},{"type":"Feature","id":"w708514285","properties":{"type":"yes","residential":false,"residents_est":0,"h3_10":"8a1e2e693ceffff","h3_11":"8b1e2e693ceefff"},"geometry":{"type":"Polygon","coordinates":[[[19.938353,49.992207],[19.938366,49.992156],[19.938407,49.99216],[19.938394,49.992212],[19.938353,49.992207]]]}},{"type":"Feature","id":"w708514288","properties":{"type":"yes","address":"Lusińska 20b","residential":true,"residents_est":3,"h3_10":"8a1e2e693cc7fff","h3_11":"8b1e2e693cc5fff"},"geometry":{"type":"Polygon","coordinates":[[[19.938246,49.991769],[19.938268,49.991679],[19.938423,49.991695],[19.938401,49.991784],[19.938246,49.991769]]]}},{"type":"Feature","id":"w708514289","properties":{"type":"yes","residential":true,"residents_est":1,"h3_10":"8a1e2e693cc7fff","h3_11":"8b1e2e693cc4fff"},"geometry":{"type":"Polygon","coordinates":[[[19.937695,49.991766],[19.937711,49.991688],[19.93779,49.991694],[19.937775,49.991773],[19.937695,49.991766]]]}},{"type":"Feature","id":"w708514290","properties":{"type":"yes","residential":false,"residents_est":0,"h3_10":"8a1e2e693ce7fff","h3_11":"8b1e2e693ce2fff"},"geometry":{"type":"Polygon","coordinates":[[[19.937031,49.992092],[19.937038,49.992046],[19.937119,49.99205],[19.937107,49.992097],[19.937031,49.992092]]]}},{"type":"Feature","id":"w708514291","properties":{"type":"garage","residential":false,"residents_est":0,"h3_10":"8a1e2e693ce7fff","h3_11":"8b1e2e693ce6fff"},"geometry":{"type":"Polygon","coordinates":[[[19.937143,49.992675],[19.937158,49.992594],[19.937222,49.992599],[19.937207,49.99268],[19.937143,49.992675]]]}},{"type":"Feature","id":"w708514293","properties":{"type":"garage","residential":false,"residents_est":0,"h3_10":"8a1e2e693ce7fff","h3_11":"8b1e2e693ce0fff"},"geometry":{"type":"Polygon","coordinates":[[[19.937861,49.99273],[19.937885,49.992659],[19.937935,49.992666],[19.937913,49.992732],[19.937871,49.992726],[19.937861,49.99273]]]}},{"type":"Feature","id":"w708514294","properties":{"type":"yes","address":"Kąpielowa 52","residential":false,"residents_est":0,"h3_10":"8a1e2e693ceffff","h3_11":"8b1e2e693cecfff"},"geometry":{"type":"Polygon","coordinates":[[[19.939041,49.992786],[19.939051,49.992737],[19.939112,49.992742],[19.939109,49.992759],[19.939157,49.992763],[19.939151,49.992795],[19.939041,49.992786]]]}},{"type":"Feature","id":"w708514296","properties":{"type":"yes","residential":false,"residents_est":0,"h3_10":"8a1e2e693c57fff","h3_11":"8b1e2e693c51fff"},"geometry":{"type":"Polygon","coordinates":[[[19.939858,49.993288],[19.939879,49.993266],[19.939941,49.993291],[19.939911,49.993322],[19.93988,49.993309],[19.939888,49.9933],[19.939858,49.993288]]]}},{"type":"Feature","id":"w708514298","properties":{"type":"detached","address":"Merkuriusza Polskiego 37B","residential":true,"residents_est":11,"h3_10":"8a1e2e693c5ffff","h3_11":"8b1e2e693c58fff"},"geometry":{"type":"Polygon","coordinates":[[[19.940613,49.993187],[19.940658,49.993099],[19.940639,49.993095],[19.940667,49.99304],[19.940687,49.993044],[19.940702,49.993013],[19.940783,49.99303],[19.940772,49.993053],[19.940846,49.993069],[19.94082,49.99312],[19.940829,49.993122],[19.9408,49.99318],[19.940719,49.993157],[19.940694,49.993204],[19.940613,49.993187]]]}},{"type":"Feature","id":"w708514299","properties":{"type":"yes","address":"Merkuriusza Polskiego 37a","residential":true,"residents_est":2,"h3_10":"8a1e2e693c5ffff","h3_11":"8b1e2e693c5efff"},"geometry":{"type":"Polygon","coordinates":[[[19.940407,49.992969],[19.940436,49.992899],[19.940547,49.992917],[19.940519,49.992988],[19.940407,49.992969]]]}},{"type":"Feature","id":"w708514351","properties":{"type":"yes","residential":false,"residents_est":0,"h3_10":"8a1e2e693ccffff","h3_11":"8b1e2e693cc8fff"},"geometry":{"type":"Polygon","coordinates":[[[19.939991,49.991151],[19.939995,49.991116],[19.940082,49.99112],[19.940078,49.991155],[19.939991,49.991151]]]}},{"type":"Feature","id":"w708514352","properties":{"type":"yes","residential":false,"residents_est":0,"h3_10":"8a1e2e693ccffff","h3_11":"8b1e2e693cc9fff"},"geometry":{"type":"Polygon","coordinates":[[[19.940474,49.990923],[19.940479,49.990895],[19.94055,49.9909],[19.940545,49.990927],[19.940474,49.990923]]]}},{"type":"Feature","id":"w708514353","properties":{"type":"yes","residential":false,"residents_est":0,"h3_10":"8a1e2e693ccffff","h3_11":"8b1e2e693cc9fff"},"geometry":{"type":"Polygon","coordinates":[[[19.940468,49.990956],[19.940473,49.990923],[19.940607,49.990932],[19.940601,49.990965],[19.940468,49.990956]]]}},{"type":"Feature","id":"w708514354","properties":{"type":"yes","address":"Lusińska 2","residential":true,"residents_est":1,"h3_10":"8a1e2e693ccffff","h3_11":"8b1e2e693cc9fff"},"geometry":{"type":"Polygon","coordinates":[[[19.94026,49.991285],[19.940271,49.991233],[19.940354,49.99124],[19.940338,49.991318],[19.940284,49.991313],[19.94029,49.991287],[19.94026,49.991285]]]}},{"type":"Feature","id":"w708514359","properties":{"type":"yes","address":"Tytusa Chałubińskiego 25b","residential":true,"residents_est":5,"h3_10":"8a1e2e693c5ffff","h3_11":"8b1e2e693c5bfff"},"geometry":{"type":"Polygon","coordinates":[[[19.94115,49.992634],[19.941243,49.992506],[19.941298,49.992523],[19.94132,49.992493],[19.941399,49.992518],[19.941377,49.992548],[19.941385,49.99255],[19.941323,49.992633],[19.941304,49.992638],[19.941287,49.992633],[19.94125,49.992681],[19.941164,49.992654],[19.941174,49.992641],[19.94115,49.992634]]]}},{"type":"Feature","id":"w1039516970","properties":{"type":"outbuilding","levels":1.0,"residential":false,"residents_est":0,"h3_10":"8a1e2e693ccffff","h3_11":"8b1e2e693ccdfff"},"geometry":{"type":"Polygon","coordinates":[[[19.940389,49.991394],[19.940395,49.991354],[19.940509,49.991364],[19.9405,49.991404],[19.940389,49.991394]]]}},{"type":"Feature","id":"w1039516995","properties":{"type":"yes","levels":2.0,"address":"Emiliana Czyrniańskiego 20","residential":true,"residents_est":8,"h3_10":"8a1e2e693cdffff","h3_11":"8b1e2e693cd9fff"},"geometry":{"type":"Polygon","coordinates":[[[19.938613,49.990327],[19.938622,49.990297],[19.938614,49.990297],[19.938626,49.990255],[19.938634,49.990256],[19.938638,49.990241],[19.938707,49.990249],[19.9387,49.990274],[19.938771,49.990282],[19.938786,49.990227],[19.938897,49.99024],[19.938881,49.990294],[19.938903,49.990297],[19.938879,49.990384],[19.938857,49.990381],[19.938836,49.990456],[19.938778,49.990449],[19.93878,49.990442],[19.938727,49.990435],[19.938746,49.990367],[19.938648,49.990355],[19.938654,49.990332],[19.938613,49.990327]]]}},{"type":"Feature","id":"w1183694106","properties":{"type":"yes","address":"Tytusa Chałubińskiego 46a","residential":true,"residents_est":3,"h3_10":"8a1e2e693ccffff","h3_11":"8b1e2e693ccdfff"},"geometry":{"type":"Polygon","coordinates":[[[19.940276,49.991687],[19.94028,49.991595],[19.94042,49.991597],[19.940417,49.991689],[19.940276,49.991687]]]}},{"type":"Feature","id":"w1194832201","properties":{"type":"outbuilding","levels":1.0,"residential":false,"residents_est":0,"h3_10":"8a1e2e693d5ffff","h3_11":"8b1e2e693d5afff"},"geometry":{"type":"Polygon","coordinates":[[[19.937964,49.995133],[19.937992,49.995071],[19.93807,49.995085],[19.938042,49.995147],[19.937964,49.995133]]]}},{"type":"Feature","id":"w1194832372","properties":{"type":"outbuilding","levels":1.0,"residential":false,"residents_est":0,"h3_10":"8a1e2e693c77fff","h3_11":"8b1e2e693c72fff"},"geometry":{"type":"Polygon","coordinates":[[[19.938608,49.994209],[19.938628,49.994155],[19.93876,49.994176],[19.93874,49.994229],[19.938608,49.994209]]]}},{"type":"Feature","id":"w1288782340","properties":{"type":"service","residential":false,"residents_est":0,"h3_10":"8a1e2e693c8ffff","h3_11":"8b1e2e693c88fff"},"geometry":{"type":"Polygon","coordinates":[[[19.934431,49.991016],[19.934501,49.991006],[19.934514,49.991042],[19.934443,49.991052],[19.934431,49.991016]]]}},{"type":"Feature","id":"w1302505371","properties":{"type":"yes","residential":false,"residents_est":0,"h3_10":"8a1e2e693d9ffff","h3_11":"8b1e2e693d9dfff"},"geometry":{"type":"Polygon","coordinates":[[[19.931388,49.9934],[19.93147,49.9934],[19.93147,49.993447],[19.931388,49.993447],[19.931388,49.9934]]]}},{"type":"Feature","id":"w1302505383","properties":{"type":"yes","address":"Kazimierza Moszyńskiego 24","residential":true,"residents_est":1,"h3_10":"8a1e2e693d9ffff","h3_11":"8b1e2e693d9efff"},"geometry":{"type":"Polygon","coordinates":[[[19.930213,49.993017],[19.930296,49.993009],[19.930314,49.993093],[19.930232,49.9931],[19.930213,49.993017]]]}},{"type":"Feature","id":"w1305217087","properties":{"type":"yes","residential":true,"residents_est":2,"h3_10":"8a1e2e693c5ffff","h3_11":"8b1e2e693c5afff"},"geometry":{"type":"Polygon","coordinates":[[[19.940673,49.992782],[19.940701,49.9927],[19.940804,49.992713],[19.940776,49.992796],[19.940673,49.992782]]]}},{"type":"Feature","id":"w1305217088","properties":{"type":"yes","residential":false,"residents_est":0,"h3_10":"8a1e2e693ceffff","h3_11":"8b1e2e693cebfff"},"geometry":{"type":"Polygon","coordinates":[[[19.939898,49.991969],[19.939903,49.991938],[19.940029,49.991947],[19.940024,49.991977],[19.939898,49.991969]]]}},{"type":"Feature","id":"w1305217091","properties":{"type":"yes","residential":false,"residents_est":0,"h3_10":"8a1e2e693ccffff","h3_11":"8b1e2e693cc8fff"},"geometry":{"type":"Polygon","coordinates":[[[19.93936,49.991029],[19.939422,49.991026],[19.939426,49.991057],[19.939408,49.991058],[19.939414,49.991113],[19.939369,49.991114],[19.93936,49.991029]]]}},{"type":"Feature","id":"w1305217092","properties":{"type":"yes","address":"Lusińska 9","residential":true,"residents_est":2,"h3_10":"8a1e2e693ccffff","h3_11":"8b1e2e693cc8fff"},"geometry":{"type":"Polygon","coordinates":[[[19.939408,49.991058],[19.939516,49.991057],[19.939522,49.991168],[19.939417,49.99117],[19.939408,49.991058]]]}},{"type":"Feature","id":"w1305217093","properties":{"type":"yes","residential":true,"residents_est":4,"h3_10":"8a1e2e693cd7fff","h3_11":"8b1e2e693cd5fff"},"geometry":{"type":"Polygon","coordinates":[[[19.936607,49.991],[19.93666,49.990883],[19.936792,49.990907],[19.93674,49.991025],[19.936607,49.991]]]}},{"type":"Feature","id":"w1305219307","properties":{"type":"yes","residential":false,"residents_est":0,"h3_10":"8a1e2e693ccffff","h3_11":"8b1e2e693ccbfff"},"geometry":{"type":"Polygon","coordinates":[[[19.940104,49.990779],[19.940115,49.990744],[19.940171,49.990752],[19.940159,49.990786],[19.940104,49.990779]]]}},{"type":"Feature","id":"w1305268411","properties":{"type":"yes","residential":false,"residents_est":0,"h3_10":"8a1e2e693ce7fff","h3_11":"8b1e2e693ce0fff"},"geometry":{"type":"Polygon","coordinates":[[[19.937884,49.992475],[19.937901,49.992425],[19.937938,49.99243],[19.93792,49.99248],[19.937884,49.992475]]]}},{"type":"Feature","id":"w1305268419","properties":{"type":"yes","residential":false,"residents_est":0,"h3_10":"8a1e2e693ceffff","h3_11":"8b1e2e693ce9fff"},"geometry":{"type":"Polygon","coordinates":[[[19.94011,49.99202],[19.94012,49.991963],[19.940191,49.991968],[19.940182,49.992024],[19.94011,49.99202]]]}},{"type":"Feature","id":"w1305268424","properties":{"type":"yes","residential":true,"residents_est":0,"h3_10":"8a1e2e693ceffff","h3_11":"8b1e2e693cebfff"},"geometry":{"type":"Polygon","coordinates":[[[19.939812,49.991695],[19.939999,49.991685],[19.940002,49.991713],[19.939815,49.991723],[19.939812,49.991695]]]}},{"type":"Feature","id":"w1305415701","properties":{"type":"yes","address":"Jeździecka 2a","residential":true,"residents_est":1,"h3_10":"8a1e2e693c6ffff","h3_11":"8b1e2e693c69fff"},"geometry":{"type":"Polygon","coordinates":[[[19.942287,49.994823],[19.942289,49.994748],[19.942374,49.994749],[19.942372,49.994824],[19.942287,49.994823]]]}},{"type":"Feature","id":"w1305415702","properties":{"type":"yes","residential":false,"residents_est":0,"h3_10":"8a1e2e693c6ffff","h3_11":"8b1e2e693c69fff"},"geometry":{"type":"Polygon","coordinates":[[[19.942653,49.994786],[19.942719,49.994783],[19.942727,49.994842],[19.942661,49.994846],[19.942653,49.994786]]]}},{"type":"Feature","id":"w1305415703","properties":{"type":"yes","residential":false,"residents_est":0,"h3_10":"8a1e2e693c6ffff","h3_11":"8b1e2e693c68fff"},"geometry":{"type":"Polygon","coordinates":[[[19.941955,49.995011],[19.941959,49.994976],[19.942026,49.994979],[19.942021,49.995015],[19.941955,49.995011]]]}},{"type":"Feature","id":"w1305422769","properties":{"type":"yes","residential":true,"residents_est":2,"h3_10":"8a1e2e693d1ffff","h3_11":"8b1e2e693d1efff"},"geometry":{"type":"Polygon","coordinates":[[[19.932413,49.995336],[19.932465,49.995307],[19.932587,49.995398],[19.932535,49.995427],[19.932413,49.995336]]]}},{"type":"Feature","id":"w1305422770","properties":{"type":"yes","residential":true,"residents_est":2,"h3_10":"8a1e2e693d17fff","h3_11":"8b1e2e693d13fff"},"geometry":{"type":"Polygon","coordinates":[[[19.932123,49.995559],[19.932215,49.995533],[19.93227,49.995616],[19.932178,49.995641],[19.932123,49.995559]]]}},{"type":"Feature","id":"w1305422771","properties":{"type":"yes","residential":false,"residents_est":0,"h3_10":"8a1e2e693daffff","h3_11":"8b1e2e693dacfff"},"geometry":{"type":"Polygon","coordinates":[[[19.93158,49.995078],[19.931621,49.995058],[19.93167,49.9951],[19.931628,49.99512],[19.93158,49.995078]]]}},{"type":"Feature","id":"w1305422772","properties":{"type":"grandstand","residential":false,"residents_est":0,"h3_10":"8a1e2e693daffff","h3_11":"8b1e2e693dabfff"},"geometry":{"type":"Polygon","coordinates":[[[19.932077,49.994512],[19.932131,49.994483],[19.932301,49.994616],[19.932247,49.994645],[19.932077,49.994512]]]}},{"type":"Feature","id":"w1305422773","properties":{"type":"grandstand","residential":false,"residents_est":0,"h3_10":"8a1e2e693daffff","h3_11":"8b1e2e693da9fff"},"geometry":{"type":"Polygon","coordinates":[[[19.932384,49.994746],[19.932436,49.994717],[19.932611,49.994846],[19.932559,49.994875],[19.932384,49.994746]]]}},{"type":"Feature","id":"w1305510720","properties":{"type":"yes","residential":false,"residents_est":0,"h3_10":"8a1e2e693d67fff","h3_11":"8b1e2e693d62fff"},"geometry":{"type":"Polygon","coordinates":[[[19.937065,49.997246],[19.937094,49.997175],[19.937134,49.997182],[19.937104,49.997253],[19.937065,49.997246]]]}},{"type":"Feature","id":"w1305510723","properties":{"type":"yes","residential":false,"residents_est":0,"h3_10":"8a1e2e693d77fff","h3_11":"8b1e2e693d76fff"},"geometry":{"type":"Polygon","coordinates":[[[19.935785,49.997136],[19.935823,49.997071],[19.935889,49.997087],[19.935851,49.997152],[19.935785,49.997136]]]}},{"type":"Feature","id":"w1305510730","properties":{"type":"yes","residential":false,"residents_est":0,"h3_10":"8a1e2e693d0ffff","h3_11":"8b1e2e693d0cfff"},"geometry":{"type":"Polygon","coordinates":[[[19.934341,49.996739],[19.934387,49.996699],[19.934418,49.996714],[19.934372,49.996754],[19.934341,49.996739]]]}},{"type":"Feature","id":"w1305510731","properties":{"type":"yes","residential":false,"residents_est":0,"h3_10":"8a1e2e693d0ffff","h3_11":"8b1e2e693d0cfff"},"geometry":{"type":"Polygon","coordinates":[[[19.934307,49.996769],[19.934341,49.996739],[19.934407,49.996771],[19.934372,49.9968],[19.934307,49.996769]]]}},{"type":"Feature","id":"w1305510732","properties":{"type":"yes","residential":false,"residents_est":0,"h3_10":"8a1e2e693d0ffff","h3_11":"8b1e2e693d08fff"},"geometry":{"type":"Polygon","coordinates":[[[19.934932,49.996381],[19.934974,49.996329],[19.935022,49.996345],[19.934979,49.996397],[19.934932,49.996381]]]}},{"type":"Feature","id":"w1305510735","properties":{"type":"yes","residential":true,"residents_est":2,"h3_10":"8a1e2e693d2ffff","h3_11":"8b1e2e693d2afff"},"geometry":{"type":"Polygon","coordinates":[[[19.934282,49.996939],[19.93436,49.996865],[19.934446,49.996905],[19.93439,49.996958],[19.934329,49.996956],[19.934282,49.996939]]]}},{"type":"Feature","id":"w1305510742","properties":{"type":"yes","residential":false,"residents_est":0,"h3_10":"8a1e2e693d27fff","h3_11":"8b1e2e693d25fff"},"geometry":{"type":"Polygon","coordinates":[[[19.933125,49.997936],[19.933165,49.997878],[19.933231,49.997897],[19.933191,49.997955],[19.933125,49.997936]]]}},{"type":"Feature","id":"w1305575286","properties":{"type":"yes","residential":false,"residents_est":0,"h3_10":"8a1e2e693d4ffff","h3_11":"8b1e2e693d4dfff"},"geometry":{"type":"Polygon","coordinates":[[[19.940027,49.996533],[19.940058,49.996477],[19.940094,49.996485],[19.940063,49.996541],[19.940027,49.996533]]]}},{"type":"Feature","id":"w1305575322","properties":{"type":"yes","residential":false,"residents_est":0,"h3_10":"8a1e2e693d6ffff","h3_11":"8b1e2e693d69fff"},"geometry":{"type":"Polygon","coordinates":[[[19.940041,49.997317],[19.940088,49.997316],[19.940089,49.997366],[19.940042,49.997366],[19.940041,49.997317]]]}},{"type":"Feature","id":"w1305575325","properties":{"type":"yes","residential":false,"residents_est":0,"h3_10":"8a1e2e693d6ffff","h3_11":"8b1e2e693d68fff"},"geometry":{"type":"Polygon","coordinates":[[[19.939616,49.997371],[19.939697,49.997368],[19.939701,49.997418],[19.93962,49.997421],[19.939616,49.997371]]]}},{"type":"Feature","id":"w1305575331","properties":{"type":"yes","residential":false,"residents_est":0,"h3_10":"8a1e2e693d6ffff","h3_11":"8b1e2e693d6bfff"},"geometry":{"type":"Polygon","coordinates":[[[19.940124,49.996891],[19.94022,49.99689],[19.940221,49.996931],[19.940125,49.996933],[19.940124,49.996891]]]}},{"type":"Feature","id":"w1305575332","properties":{"type":"yes","address":"Niedźwiedziny 31","residential":true,"residents_est":1,"h3_10":"8a1e2e693d6ffff","h3_11":"8b1e2e693d6bfff"},"geometry":{"type":"Polygon","coordinates":[[[19.939815,49.996988],[19.939916,49.996988],[19.939917,49.997057],[19.939815,49.997058],[19.939815,49.996988]]]}},{"type":"Feature","id":"w1305926950","properties":{"type":"yes","residential":false,"residents_est":0,"h3_10":"8a1e2e693c5ffff","h3_11":"8b1e2e693c5efff"},"geometry":{"type":"Polygon","coordinates":[[[19.94016,49.99308],[19.940193,49.993014],[19.940228,49.993022],[19.940195,49.993087],[19.94016,49.99308]]]}},{"type":"Feature","id":"w1305926952","properties":{"type":"yes","residential":false,"residents_est":0,"h3_10":"8a1e2e693c5ffff","h3_11":"8b1e2e693c5efff"},"geometry":{"type":"Polygon","coordinates":[[[19.940297,49.993003],[19.940308,49.992979],[19.940381,49.992992],[19.940371,49.993016],[19.940297,49.993003]]]}},{"type":"Feature","id":"w1305926953","properties":{"type":"yes","residential":false,"residents_est":0,"h3_10":"8a1e2e693c5ffff","h3_11":"8b1e2e693c5efff"},"geometry":{"type":"Polygon","coordinates":[[[19.940267,49.993068],[19.940294,49.993009],[19.940346,49.993019],[19.940319,49.993078],[19.940267,49.993068]]]}},{"type":"Feature","id":"w1305926955","properties":{"type":"yes","residential":false,"residents_est":0,"h3_10":"8a1e2e693c5ffff","h3_11":"8b1e2e693c5cfff"},"geometry":{"type":"Polygon","coordinates":[[[19.940595,49.993283],[19.940644,49.993278],[19.940656,49.993321],[19.940607,49.993327],[19.940595,49.993283]]]}},{"type":"Feature","id":"w1305926963","properties":{"type":"yes","residential":false,"residents_est":0,"h3_10":"8a1e2e693c67fff","h3_11":"8b1e2e693c66fff"},"geometry":{"type":"Polygon","coordinates":[[[19.939429,49.995118],[19.939438,49.995091],[19.939529,49.995103],[19.93952,49.995131],[19.939429,49.995118]]]}},{"type":"Feature","id":"w1305926968","properties":{"type":"yes","residential":false,"residents_est":0,"h3_10":"8a1e2e693c67fff","h3_11":"8b1e2e693c64fff"},"geometry":{"type":"Polygon","coordinates":[[[19.939686,49.995726],[19.939687,49.995688],[19.939781,49.995688],[19.93978,49.995727],[19.939686,49.995726]]]}},{"type":"Feature","id":"w1305926969","properties":{"type":"yes","residential":false,"residents_est":0,"h3_10":"8a1e2e693d4ffff","h3_11":"8b1e2e693d4afff"},"geometry":{"type":"Polygon","coordinates":[[[19.939654,49.995789],[19.939657,49.995743],[19.939709,49.995745],[19.939706,49.995791],[19.939654,49.995789]]]}},{"type":"Feature","id":"w1305926970","properties":{"type":"yes","residential":false,"residents_est":0,"h3_10":"8a1e2e693d4ffff","h3_11":"8b1e2e693d4afff"},"geometry":{"type":"Polygon","coordinates":[[[19.939367,49.995839],[19.939371,49.995813],[19.939482,49.99582],[19.939478,49.995846],[19.939367,49.995839]]]}},{"type":"Feature","id":"w1305926974","properties":{"type":"yes","residential":true,"residents_est":4,"h3_10":"8a1e2e693c6ffff","h3_11":"8b1e2e693c6efff"},"geometry":{"type":"Polygon","coordinates":[[[19.941347,49.994875],[19.941616,49.994818],[19.941654,49.994891],[19.941385,49.994949],[19.941347,49.994875]]]}},{"type":"Feature","id":"w1305927006","properties":{"type":"yes","residential":false,"residents_est":0,"h3_10":"8a1e2e693c77fff","h3_11":"8b1e2e693c70fff"},"geometry":{"type":"Polygon","coordinates":[[[19.938523,49.994494],[19.938536,49.994452],[19.9386,49.99446],[19.938587,49.994503],[19.938523,49.994494]]]}},{"type":"Feature","id":"w1305927007","properties":{"type":"yes","residential":true,"residents_est":1,"h3_10":"8a1e2e693c77fff","h3_11":"8b1e2e693c70fff"},"geometry":{"type":"Polygon","coordinates":[[[19.93858,49.994526],[19.938603,49.994452],[19.938676,49.994461],[19.938653,49.994535],[19.93858,49.994526]]]}},{"type":"Feature","id":"w1305927010","properties":{"type":"yes","residential":false,"residents_est":0,"h3_10":"8a1e2e693d5ffff","h3_11":"8b1e2e693d5bfff"},"geometry":{"type":"Polygon","coordinates":[[[19.938924,49.99508],[19.938939,49.995033],[19.938989,49.995039],[19.938974,49.995086],[19.938924,49.99508]]]}},{"type":"Feature","id":"w1305927017","properties":{"type":"yes","residential":true,"residents_est":3,"h3_10":"8a1e2e693c47fff","h3_11":"8b1e2e693c46fff"},"geometry":{"type":"Polygon","coordinates":[[[19.939942,49.994],[19.939966,49.993918],[19.940157,49.993941],[19.940133,49.994023],[19.939942,49.994]]]}},{"type":"Feature","id":"w1305927018","properties":{"type":"yes","residential":false,"residents_est":0,"h3_10":"8a1e2e693c47fff","h3_11":"8b1e2e693c43fff"},"geometry":{"type":"Polygon","coordinates":[[[19.941051,49.993717],[19.94107,49.993693],[19.941135,49.993713],[19.941116,49.993737],[19.941051,49.993717]]]}},{"type":"Feature","id":"w1305927019","properties":{"type":"yes","address":"Tytusa Chałubińskiego 13B","residential":true,"residents_est":3,"h3_10":"8a1e2e693c67fff","h3_11":"8b1e2e693c63fff"},"geometry":{"type":"Polygon","coordinates":[[[19.940131,49.994889],[19.940161,49.994805],[19.940289,49.994824],[19.940259,49.994908],[19.94024,49.994905],[19.940229,49.994934],[19.940137,49.994921],[19.940148,49.994892],[19.940131,49.994889]]]}},{"type":"Feature","id":"w1305933897","properties":{"type":"yes","residential":false,"residents_est":0,"h3_10":"8a1e2e693c27fff","h3_11":"8b1e2e693c24fff"},"geometry":{"type":"Polygon","coordinates":[[[19.934911,49.995721],[19.934931,49.995686],[19.93498,49.995697],[19.934961,49.995732],[19.934911,49.995721]]]}},{"type":"Feature","id":"w1305933899","properties":{"type":"yes","residential":false,"residents_est":0,"h3_10":"8a1e2e693d0ffff","h3_11":"8b1e2e693d0afff"},"geometry":{"type":"Polygon","coordinates":[[[19.934708,49.995745],[19.93476,49.99566],[19.934784,49.995666],[19.934733,49.995751],[19.934708,49.995745]]]}},{"type":"Feature","id":"w1305933938","properties":{"type":"yes","residential":false,"residents_est":0,"h3_10":"8a1e2e693d57fff","h3_11":"8b1e2e693d55fff"},"geometry":{"type":"Polygon","coordinates":[[[19.937055,49.9964],[19.937087,49.996343],[19.937129,49.996353],[19.937097,49.99641],[19.937055,49.9964]]]}},{"type":"Feature","id":"w1305933939","properties":{"type":"yes","residential":false,"residents_est":0,"h3_10":"8a1e2e693d57fff","h3_11":"8b1e2e693d55fff"},"geometry":{"type":"Polygon","coordinates":[[[19.937111,49.996414],[19.937147,49.996353],[19.937181,49.996361],[19.937145,49.996422],[19.937111,49.996414]]]}},{"type":"Feature","id":"w1305933947","properties":{"type":"yes","residential":true,"residents_est":3,"h3_10":"8a1e2e693c57fff","h3_11":"8b1e2e693c54fff"},"geometry":{"type":"Polygon","coordinates":[[[19.938524,49.993525],[19.938558,49.993446],[19.938672,49.993466],[19.938675,49.993458],[19.938731,49.993467],[19.938706,49.993526],[19.938659,49.993518],[19.938647,49.993547],[19.938524,49.993525]]]}},{"type":"Feature","id":"w1305933948","properties":{"type":"yes","address":"Wypoczynkowa 16a","residential":true,"residents_est":3,"h3_10":"8a1e2e693c2ffff","h3_11":"8b1e2e693c2afff"},"geometry":{"type":"Polygon","coordinates":[[[19.936815,49.994585],[19.936872,49.994477],[19.937004,49.994506],[19.936946,49.994614],[19.936815,49.994585]]]}}]}