{"type":"FeatureCollection","features":[{"type":"Feature","id":"w29246492","properties":{"type":"church","address":"Warszawska 1b","name":"Bazylika Świętego Floriana","residential":false,"residents_est":0,"h3_10":"8a1e2e6b1897fff","h3_11":"8b1e2e6b1893fff"},"geometry":{"type":"Polygon","coordinates":[[[19.942954,50.067534],[19.942961,50.067534],[19.942958,50.067518],[19.942964,50.067514],[19.943034,50.067509],[19.943028,50.067479],[19.943038,50.067476],[19.943034,50.067437],[19.943039,50.067433],[19.94324,50.06743],[19.943238,50.06741],[19.943249,50.067414],[19.943337,50.067408],[19.94337,50.067427],[19.943371,50.067454],[19.943346,50.067472],[19.943349,50.0675],[19.943412,50.067498],[19.943411,50.06749],[19.943423,50.067489],[19.943424,50.067497],[19.94348,50.067495],[19.943479,50.067487],[19.943491,50.067487],[19.943492,50.067495],[19.943525,50.067494],[19.943531,50.067485],[19.943542,50.067488],[19.943537,50.067496],[19.943567,50.067513],[19.943588,50.067513],[19.943572,50.06752],[19.943575,50.067544],[19.943591,50.067551],[19.943583,50.067556],[19.943572,50.067553],[19.943597,50.067594],[19.943594,50.067599],[19.943562,50.067603],[19.943576,50.067633],[19.943585,50.067632],[19.943589,50.06764],[19.943581,50.067642],[19.943584,50.067649],[19.943575,50.067651],[19.943577,50.067655],[19.943564,50.067657],[19.943562,50.067652],[19.943466,50.067664],[19.943466,50.06767],[19.943456,50.06767],[19.943455,50.067665],[19.943361,50.06767],[19.943362,50.067676],[19.943349,50.067676],[19.943348,50.067671],[19.94327,50.067673],[19.94327,50.067679],[19.94326,50.067679],[19.943257,50.067654],[19.943059,50.067666],[19.943054,50.067663],[19.943054,50.067633],[19.94304,50.06762],[19.943041,50.067593],[19.942964,50.06759],[19.942964,50.067574],[19.942957,50.067568],[19.942965,50.067568],[19.942963,50.06754],[19.942955,50.06754],[19.942954,50.067534]]]}},{"type":"Feature","id":"w31766049","properties":{"type":"university","levels":5.0,"address":"Warszawska 24","name":"Wydział Inżynierii Lądowej","residential":false,"residents_est":0,"h3_10":"8a1e2e6b19affff","h3_11":"8b1e2e6b19abfff"},"geometry":{"type":"Polygon","coordinates":[[[19.943361,50.071344],[19.943478,50.071311],[19.943483,50.071317],[19.943716,50.071251],[19.943712,50.071244],[19.943829,50.071211],[19.943874,50.071277],[19.943867,50.071279],[19.94396,50.071415],[19.943984,50.071408],[19.94401,50.071446],[19.944007,50.071454],[19.944016,50.071468],[19.944025,50.071469],[19.944028,50.071474],[19.944023,50.071478],[19.944031,50.07149],[19.944047,50.071502],[19.944055,50.071525],[19.944067,50.07153],[19.944092,50.071568],[19.944068,50.071574],[19.944162,50.07171],[19.944169,50.071708],[19.944214,50.071774],[19.944098,50.071807],[19.944093,50.071801],[19.943859,50.071867],[19.943863,50.071874],[19.943746,50.071907],[19.943668,50.071793],[19.943785,50.07176],[19.943792,50.07177],[19.943908,50.071737],[19.943799,50.071564],[19.943665,50.071382],[19.94355,50.071415],[19.943579,50.071458],[19.943535,50.071471],[19.943512,50.071437],[19.943439,50.071458],[19.943361,50.071344]]]}},{"type":"Feature","id":"w31766107","properties":{"type":"university","levels":5.0,"name":"Wydział Inżynierii Elektrycznej i Komputerowej","residential":false,"residents_est":0,"h3_10":"8a1e2e6b1987fff","h3_11":"8b1e2e6b1981fff"},"geometry":{"type":"Polygon","coordinates":[[[19.942729,50.070755],[19.942926,50.0707],[19.943013,50.070827],[19.943113,50.070799],[19.94334,50.071129],[19.94324,50.071158],[19.943327,50.071285],[19.94313,50.071341],[19.943042,50.071212],[19.943063,50.071206],[19.94298,50.071085],[19.942944,50.071095],[19.942885,50.07101],[19.942922,50.071],[19.942839,50.070878],[19.942817,50.070885],[19.942729,50.070755]]]}},{"type":"Feature","id":"w43284638","properties":{"type":"university","levels":2.0,"name":"Pawilon Konferencyjno-Wystawowy Kotłownia","residential":false,"residents_est":0,"h3_10":"8a1e2e6b1917fff","h3_11":"8b1e2e6b1912fff"},"geometry":{"type":"Polygon","coordinates":[[[19.942556,50.072442],[19.942695,50.072402],[19.942921,50.072727],[19.942779,50.072767],[19.942556,50.072442]]]}},{"type":"Feature","id":"w43284640","properties":{"type":"university","levels":2.0,"address":"Szlak 42","name":"Międzywydziałowe Centrum Edukacyjno-Badawcze PK „Działownia\"","residential":false,"residents_est":0,"h3_10":"8a1e2e6b19b7fff","h3_11":"8b1e2e6b19b4fff"},"geometry":{"type":"Polygon","coordinates":[[[19.939808,50.071639],[19.94003,50.071599],[19.94028,50.07215],[19.94006,50.072191],[19.940017,50.072096],[19.939979,50.072103],[19.939966,50.072073],[19.940005,50.072066],[19.939906,50.071851],[19.939868,50.071858],[19.939856,50.071829],[19.939894,50.071822],[19.939808,50.071639]]]}},{"type":"Feature","id":"w43284642","properties":{"type":"university","levels":3.0,"name":"Studium Języków Obcych","residential":false,"residents_est":0,"h3_10":"8a1e2e6b1987fff","h3_11":"8b1e2e6b1984fff"},"geometry":{"type":"Polygon","coordinates":[[[19.94168,50.071162],[19.941821,50.071121],[19.94214,50.071587],[19.941999,50.071627],[19.94168,50.071162]]]}},{"type":"Feature","id":"w43284643","properties":{"type":"university","levels":3.0,"name":"Houston","residential":false,"residents_est":0,"h3_10":"8a1e2e6b19a7fff","h3_11":"8b1e2e6b19a4fff"},"geometry":{"type":"Polygon","coordinates":[[[19.940804,50.072467],[19.940997,50.072423],[19.940987,50.072406],[19.941011,50.0724],[19.941039,50.072394],[19.941049,50.072412],[19.941556,50.072296],[19.941546,50.072279],[19.941574,50.072272],[19.941598,50.072267],[19.941608,50.072285],[19.941765,50.072249],[19.941852,50.072406],[19.941693,50.072443],[19.941707,50.072468],[19.940985,50.072632],[19.94097,50.072606],[19.940891,50.072624],[19.940804,50.072467]]]}},{"type":"Feature","id":"w43284645","properties":{"type":"university","levels":3.0,"name":"Instytut Materiałów i Konstrukcji Budowlanych Wydział Inżynierii Lądowej Politechniki Krakowskiej","residential":false,"residents_est":0,"h3_10":"8a1e2e6b19b7fff","h3_11":"8b1e2e6b19b5fff"},"geometry":{"type":"Polygon","coordinates":[[[19.940508,50.071925],[19.940704,50.071881],[19.940694,50.071864],[19.940743,50.071853],[19.940753,50.07187],[19.941472,50.07171],[19.941557,50.071867],[19.941395,50.071903],[19.941409,50.07193],[19.940687,50.072092],[19.940673,50.072065],[19.940593,50.072082],[19.940508,50.071925]]]}},{"type":"Feature","id":"w43284647","properties":{"type":"university","levels":5.0,"name":"Wydział Architektury","residential":false,"residents_est":0,"h3_10":"8a1e2e6b19a7fff","h3_11":"8b1e2e6b19a3fff"},"geometry":{"type":"Polygon","coordinates":[[[19.94205,50.071703],[19.942247,50.071647],[19.942335,50.071776],[19.942314,50.071782],[19.942397,50.071903],[19.942434,50.071893],[19.942455,50.071924],[19.942451,50.071925],[19.94249,50.071975],[19.942492,50.071979],[19.942456,50.071989],[19.942538,50.07211],[19.942559,50.072104],[19.942648,50.072233],[19.942451,50.072289],[19.942363,50.07216],[19.942384,50.072154],[19.94228,50.072002],[19.942228,50.072017],[19.94221,50.071992],[19.942264,50.071977],[19.94216,50.071826],[19.942138,50.071832],[19.94205,50.071703]]]}},{"type":"Feature","id":"w43285296","properties":{"type":"university","levels":1.0,"name":"Czytelnia","residential":false,"residents_est":0,"h3_10":"8a1e2e6b19affff","h3_11":"8b1e2e6b19acfff"},"geometry":{"type":"Polygon","coordinates":[[[19.942767,50.072028],[19.94323,50.071896],[19.943302,50.072001],[19.942838,50.072132],[19.942767,50.072028]]]}},{"type":"Feature","id":"w87527968","properties":{"type":"yes","levels":1.0,"residential":true,"residents_est":0,"h3_10":"8a1e2e6b19a7fff","h3_11":"8b1e2e6b19a5fff"},"geometry":{"type":"Polygon","coordinates":[[[19.942045,50.072722],[19.942175,50.072686],[19.942249,50.072794],[19.942117,50.072831],[19.942045,50.072722]]]}},{"type":"Feature","id":"w87527969","properties":{"type":"yes","levels":1.0,"residential":true,"residents_est":0,"h3_10":"8a1e2e6b19a7fff","h3_11":"8b1e2e6b19a4fff"},"geometry":{"type":"Polygon","coordinates":[[[19.940935,50.072712],[19.941009,50.072686],[19.940994,50.072668],[19.941068,50.072642],[19.941145,50.072734],[19.940997,50.072786],[19.940935,50.072712]]]}},{"type":"Feature","id":"w87527970","properties":{"type":"retail","levels":3.0,"address":"Pawia 5","name":"Galeria Krakowska","residential":false,"residents_est":0,"h3_10":"8a1e2e6b188ffff","h3_11":"8b1e2e6b188bfff"},"geometry":{"type":"Polygon","coordinates":[[[19.945391,50.066258],[19.945408,50.066258],[19.945397,50.066069],[19.945982,50.066076],[19.945981,50.066116],[19.946192,50.066118],[19.946193,50.066079],[19.946895,50.066087],[19.946892,50.066271],[19.946911,50.066271],[19.946897,50.06668],[19.946728,50.066678],[19.946681,50.067898],[19.946751,50.0679],[19.946715,50.068836],[19.9467,50.068836],[19.946697,50.068901],[19.946669,50.068901],[19.946547,50.068929],[19.946397,50.068974],[19.946195,50.06906],[19.946119,50.069109],[19.946018,50.069108],[19.946017,50.069123],[19.945425,50.069114],[19.945535,50.068446],[19.945566,50.068447],[19.945616,50.06722],[19.945457,50.067218],[19.945391,50.066258]]]}},{"type":"Feature","id":"w87527972","properties":{"type":"university","levels":2.0,"name":"Biblioteka Główna","residential":false,"residents_est":0,"h3_10":"8a1e2e6b1987fff","h3_11":"8b1e2e6b1983fff"},"geometry":{"type":"Polygon","coordinates":[[[19.941695,50.07097],[19.94192,50.07092],[19.941908,50.070898],[19.942259,50.07082],[19.942272,50.070842],[19.942496,50.070792],[19.942523,50.070842],[19.942559,50.070834],[19.942571,50.070857],[19.942536,50.070865],[19.942551,50.070894],[19.942326,50.070944],[19.942338,50.070966],[19.941986,50.071044],[19.941974,50.071022],[19.94175,50.071072],[19.941695,50.07097]]]}},{"type":"Feature","id":"w87527975","properties":{"type":"university","levels":1.0,"name":"Muzeum Politechniki Krakowskiej","residential":false,"residents_est":0,"h3_10":"8a1e2e6b1917fff","h3_11":"8b1e2e6b1913fff"},"geometry":{"type":"Polygon","coordinates":[[[19.943044,50.072719],[19.94317,50.072683],[19.94318,50.072702],[19.943604,50.072582],[19.94359,50.072565],[19.943716,50.072529],[19.943803,50.072657],[19.943678,50.072693],[19.943667,50.072674],[19.943243,50.072794],[19.943257,50.072812],[19.943131,50.072847],[19.943044,50.072719]]]}},{"type":"Feature","id":"w87527977","properties":{"type":"yes","residential":true,"residents_est":6,"h3_10":"8a1e2e6b19a7fff","h3_11":"8b1e2e6b19a6fff"},"geometry":{"type":"Polygon","coordinates":[[[19.940621,50.072291],[19.940953,50.072215],[19.941001,50.072302],[19.94067,50.072377],[19.940621,50.072291]]]}},{"type":"Feature","id":"w87527980","properties":{"type":"church","address":"Warszawska 8","name":"Kościół pw. Najświętszego Serca Pana Jezusa","residential":false,"residents_est":0,"h3_10":"8a1e2e6b18b7fff","h3_11":"8b1e2e6b18b0fff"},"geometry":{"type":"Polygon","coordinates":[[[19.942447,50.068785],[19.942467,50.068782],[19.942482,50.06876],[19.942518,50.068741],[19.942505,50.068706],[19.942494,50.068707],[19.942491,50.068699],[19.9425,50.068697],[19.942497,50.068692],[19.94251,50.06869],[19.942515,50.068696],[19.942584,50.068684],[19.942576,50.068666],[19.942699,50.068645],[19.94272,50.068689],[19.942793,50.068677],[19.942791,50.068665],[19.942807,50.068662],[19.942814,50.068673],[19.94289,50.06866],[19.942888,50.068648],[19.942905,50.068645],[19.942909,50.068655],[19.942935,50.06865],[19.942931,50.068641],[19.942948,50.068638],[19.943002,50.068782],[19.942991,50.068784],[19.942987,50.068775],[19.942961,50.06878],[19.942965,50.068789],[19.942948,50.068792],[19.942941,50.068781],[19.942865,50.068795],[19.942868,50.068806],[19.942851,50.068809],[19.942844,50.068798],[19.942771,50.068811],[19.942768,50.068815],[19.942788,50.068856],[19.942665,50.068877],[19.942657,50.06886],[19.942588,50.068872],[19.942589,50.068879],[19.942577,50.068881],[19.942566,50.068877],[19.942563,50.068869],[19.942573,50.068866],[19.942559,50.068833],[19.942504,50.068826],[19.942481,50.068813],[19.942459,50.068817],[19.942447,50.068785]]]}},{"type":"Feature","id":"w87527989","properties":{"type":"university","levels":2.0,"name":"Galeria GIL","residential":false,"residents_est":0,"h3_10":"8a1e2e6b1917fff","h3_11":"8b1e2e6b1913fff"},"geometry":{"type":"Polygon","coordinates":[[[19.942885,50.072567],[19.942893,50.072565],[19.942899,50.072575],[19.942927,50.072567],[19.942921,50.072557],[19.942926,50.072556],[19.942886,50.072498],[19.943353,50.072368],[19.943347,50.072359],[19.943352,50.072357],[19.943361,50.072371],[19.943407,50.072358],[19.943397,50.072344],[19.943403,50.072343],[19.943409,50.072353],[19.943481,50.072329],[19.943489,50.072341],[19.943555,50.072322],[19.943674,50.072497],[19.943194,50.072632],[19.943199,50.072639],[19.943014,50.072683],[19.94301,50.072678],[19.942995,50.072683],[19.942978,50.072659],[19.942993,50.072655],[19.942984,50.072642],[19.942944,50.072653],[19.942885,50.072567]]]}},{"type":"Feature","id":"w108358508","properties":{"type":"apartments","levels":4.0,"residential":true,"residents_est":29,"h3_10":"8a1e2e6b1897fff","h3_11":"8b1e2e6b1895fff"},"geometry":{"type":"Polygon","coordinates":[[[19.943046,50.067889],[19.943351,50.067851],[19.943387,50.067969],[19.943289,50.067979],[19.943299,50.068005],[19.94333,50.068],[19.943336,50.068018],[19.943306,50.068023],[19.943317,50.06805],[19.943417,50.068037],[19.943444,50.068131],[19.943169,50.068167],[19.943046,50.067889]]]}},{"type":"Feature","id":"w131342410","properties":{"type":"yes","residential":true,"residents_est":54,"h3_10":"8a1e2e6b195ffff","h3_11":"8b1e2e6b195afff"},"geometry":{"type":"Polygon","coordinates":[[[19.948753,50.072085],[19.949303,50.071836],[19.949344,50.071874],[19.949405,50.071847],[19.94946,50.071896],[19.949398,50.071924],[19.949555,50.072069],[19.949464,50.072112],[19.949327,50.071987],[19.949277,50.07201],[19.949396,50.072119],[19.949104,50.07225],[19.949186,50.072325],[19.949531,50.072168],[19.949548,50.072183],[19.949637,50.072142],[19.949756,50.072251],[19.949206,50.0725],[19.948753,50.072085]]]}},{"type":"Feature","id":"w131342411","properties":{"type":"yes","residential":true,"residents_est":47,"h3_10":"8a1e2e6b1877fff","h3_11":"8b1e2e6b1874fff"},"geometry":{"type":"Polygon","coordinates":[[[19.949528,50.071734],[19.950033,50.071505],[19.950184,50.071643],[19.950235,50.071621],[19.950371,50.071747],[19.950134,50.071856],[19.950298,50.072003],[19.950169,50.072063],[19.950007,50.071913],[19.949824,50.071991],[19.949858,50.072022],[19.949801,50.072049],[19.949628,50.071895],[19.94968,50.071872],[19.949528,50.071734]]]}},{"type":"Feature","id":"w131342436","properties":{"type":"yes","residential":true,"residents_est":10,"h3_10":"8a1e2e6b184ffff","h3_11":"8b1e2e6b184cfff"},"geometry":{"type":"Polygon","coordinates":[[[19.953527,50.071104],[19.953573,50.07109],[19.953543,50.071048],[19.953657,50.071014],[19.95369,50.07106],[19.953685,50.071062],[19.953841,50.071276],[19.953847,50.071275],[19.95388,50.07132],[19.953719,50.071369],[19.953649,50.071272],[19.953701,50.071256],[19.953686,50.071235],[19.953646,50.071247],[19.953581,50.071159],[19.95357,50.071163],[19.953527,50.071104]]]}},{"type":"Feature","id":"w134835291","properties":{"type":"roof","residential":false,"residents_est":0,"h3_10":"8a1e2e6b18e7fff","h3_11":"8b1e2e6b18e6fff"},"geometry":{"type":"Polygon","coordinates":[[[19.947867,50.07026],[19.947957,50.070021],[19.948001,50.069876],[19.948033,50.069741],[19.94807,50.069502],[19.948086,50.069208],[19.948283,50.069211],[19.948266,50.069487],[19.948232,50.069712],[19.948195,50.069875],[19.948113,50.070125],[19.948043,50.070291],[19.94799,50.07031],[19.947904,50.070294],[19.947867,50.07026]]]}},{"type":"Feature","id":"w134835292","properties":{"type":"roof","residential":false,"residents_est":0,"h3_10":"8a1e2e6b181ffff","h3_11":"8b1e2e6b181bfff"},"geometry":{"type":"Polygon","coordinates":[[[19.947575,50.070267],[19.947632,50.070076],[19.947666,50.069938],[19.94771,50.06971],[19.94774,50.069488],[19.947756,50.069202],[19.947952,50.069205],[19.947936,50.069498],[19.947903,50.069725],[19.947851,50.069942],[19.94778,50.070162],[19.947731,50.070286],[19.947669,50.070306],[19.947614,50.070298],[19.947575,50.070267]]]}},{"type":"Feature","id":"w134835294","properties":{"type":"roof","residential":false,"residents_est":0,"h3_10":"8a1e2e6b18e7fff","h3_11":"8b1e2e6b18e6fff"},"geometry":{"type":"Polygon","coordinates":[[[19.948261,50.070267],[19.948352,50.070031],[19.948424,50.069777],[19.948469,50.069489],[19.948483,50.069214],[19.948678,50.069218],[19.948665,50.069432],[19.948643,50.069605],[19.948582,50.06987],[19.948501,50.070104],[19.948418,50.070295],[19.948359,50.070314],[19.9483,50.070303],[19.948261,50.070267]]]}},{"type":"Feature","id":"w134835339","properties":{"type":"roof","residential":false,"residents_est":0,"h3_10":"8a1e2e6b18d7fff","h3_11":"8b1e2e6b18d3fff"},"geometry":{"type":"Polygon","coordinates":[[[19.948546,50.067665],[19.948563,50.067181],[19.948615,50.067151],[19.948684,50.067152],[19.948713,50.067251],[19.948734,50.067381],[19.948743,50.067531],[19.948741,50.067669],[19.948546,50.067665]]]}},{"type":"Feature","id":"w134835341","properties":{"type":"roof","residential":false,"residents_est":0,"h3_10":"8a1e2e6b18d7fff","h3_11":"8b1e2e6b18d3fff"},"geometry":{"type":"Polygon","coordinates":[[[19.948148,50.067659],[19.948175,50.067],[19.948221,50.066975],[19.948306,50.066975],[19.948323,50.067005],[19.94835,50.067248],[19.948352,50.067503],[19.948345,50.067662],[19.948148,50.067659]]]}},{"type":"Feature","id":"w134835345","properties":{"type":"roof","residential":false,"residents_est":0,"h3_10":"8a1e2e6b181ffff","h3_11":"8b1e2e6b181afff"},"geometry":{"type":"Polygon","coordinates":[[[19.946954,50.070239],[19.946973,50.069934],[19.946997,50.069189],[19.947225,50.069193],[19.94721,50.069479],[19.947187,50.069719],[19.947156,50.069946],[19.947104,50.070241],[19.947056,50.070276],[19.94699,50.070272],[19.946954,50.070239]]]}},{"type":"Feature","id":"w134835346","properties":{"type":"roof","residential":false,"residents_est":0,"h3_10":"8a1e2e6b181ffff","h3_11":"8b1e2e6b181bfff"},"geometry":{"type":"Polygon","coordinates":[[[19.947332,50.070243],[19.947372,50.070029],[19.947395,50.069846],[19.947411,50.069594],[19.947422,50.069196],[19.947623,50.0692],[19.947612,50.069402],[19.947588,50.069623],[19.947548,50.069854],[19.947493,50.070082],[19.947442,50.070253],[19.947409,50.070277],[19.947355,50.070271],[19.947332,50.070243]]]}},{"type":"Feature","id":"w139517118","properties":{"type":"industrial","levels":1.0,"residential":false,"residents_est":0,"h3_10":"8a1e2e6b180ffff","h3_11":"8b1e2e6b180cfff"},"geometry":{"type":"Polygon","coordinates":[[[19.947922,50.071168],[19.948169,50.070947],[19.948305,50.07101],[19.948058,50.07123],[19.947922,50.071168]]]}},{"type":"Feature","id":"w152654166","properties":{"type":"apartments","levels":3.0,"residential":true,"residents_est":17,"h3_10":"8a1e2e6b18dffff","h3_11":"8b1e2e6b18d9fff"},"geometry":{"type":"Polygon","coordinates":[[[19.95004,50.067591],[19.95006,50.067421],[19.95009,50.067399],[19.950374,50.067354],[19.950426,50.06749],[19.950382,50.067498],[19.950374,50.067475],[19.950379,50.067464],[19.950354,50.067468],[19.950328,50.067458],[19.950277,50.067466],[19.950263,50.067479],[19.950263,50.067492],[19.950239,50.067508],[19.950224,50.067508],[19.950198,50.067496],[19.950178,50.067507],[19.950194,50.06752],[19.950192,50.067539],[19.95021,50.067552],[19.950316,50.067556],[19.950316,50.06755],[19.950372,50.067551],[19.950368,50.067601],[19.95004,50.067591]]]}},{"type":"Feature","id":"w152654167","properties":{"type":"yes","levels":2.0,"name":"Mały Kraków","residential":true,"residents_est":5,"h3_10":"8a1e2e6b189ffff","h3_11":"8b1e2e6b189efff"},"geometry":{"type":"Polygon","coordinates":[[[19.943962,50.067619],[19.944181,50.067605],[19.944165,50.067558],[19.944213,50.067557],[19.94423,50.067602],[19.944454,50.067587],[19.944472,50.06769],[19.94398,50.067722],[19.943962,50.067619]]]}},{"type":"Feature","id":"w152654173","properties":{"type":"palace","levels":2.5,"address":"Szlak 71","name":"Pałac Tarnowskich","residential":false,"residents_est":0,"h3_10":"8a1e2e6b199ffff","h3_11":"8b1e2e6b199cfff"},"geometry":{"type":"Polygon","coordinates":[[[19.941976,50.070392],[19.942085,50.070367],[19.942101,50.070395],[19.942437,50.070319],[19.942422,50.070292],[19.942533,50.070268],[19.942631,50.070454],[19.942523,50.070478],[19.942506,50.070448],[19.942171,50.070523],[19.942187,50.070553],[19.942078,50.070577],[19.941976,50.070392]]]}},{"type":"Feature","id":"w152654182","properties":{"type":"school","residential":false,"residents_est":0,"h3_10":"8a1e2e6b1997fff","h3_11":"8b1e2e6b1992fff"},"geometry":{"type":"Polygon","coordinates":[[[19.9398,50.07002],[19.940153,50.069948],[19.940157,50.069957],[19.940372,50.069913],[19.940369,50.069907],[19.94042,50.069896],[19.940451,50.069962],[19.940399,50.069972],[19.940473,50.070127],[19.939933,50.070237],[19.939861,50.070088],[19.93983,50.070094],[19.9398,50.07002]]]}},{"type":"Feature","id":"w152654183","properties":{"type":"apartments","levels":3.0,"residential":true,"residents_est":19,"h3_10":"8a1e2e6b189ffff","h3_11":"8b1e2e6b1898fff"},"geometry":{"type":"Polygon","coordinates":[[[19.944448,50.067326],[19.944761,50.067327],[19.944759,50.067405],[19.944751,50.067405],[19.944751,50.067425],[19.944723,50.067424],[19.944724,50.067406],[19.944656,50.067407],[19.944646,50.067396],[19.944532,50.067395],[19.944534,50.067436],[19.944613,50.067428],[19.944623,50.067472],[19.944707,50.067464],[19.94473,50.067565],[19.944763,50.067561],[19.944782,50.067628],[19.944668,50.067646],[19.944649,50.067547],[19.944595,50.067552],[19.944617,50.067651],[19.944523,50.067659],[19.944448,50.067326]]]}},{"type":"Feature","id":"w152654184","properties":{"type":"apartments","levels":3.0,"residential":true,"residents_est":6,"h3_10":"8a1e2e6b1997fff","h3_11":"8b1e2e6b1995fff"},"geometry":{"type":"Polygon","coordinates":[[[19.940685,50.070853],[19.940712,50.070847],[19.940701,50.070828],[19.940747,50.070819],[19.940766,50.07085],[19.940847,50.070832],[19.940908,50.070952],[19.940752,50.070987],[19.940685,50.070853]]]}},{"type":"Feature","id":"w152654186","properties":{"type":"apartments","levels":4.0,"residential":true,"residents_est":8,"h3_10":"8a1e2e6b19b7fff","h3_11":"8b1e2e6b19b2fff"},"geometry":{"type":"Polygon","coordinates":[[[19.939988,50.07102],[19.940064,50.071004],[19.940058,50.070993],[19.940142,50.070973],[19.940204,50.071107],[19.940049,50.071142],[19.939988,50.07102]]]}},{"type":"Feature","id":"w152654187","properties":{"type":"apartments","levels":4.0,"address":"Aleksandra Lubomirskiego 7a","residential":true,"residents_est":9,"h3_10":"8a1e2e6b18cffff","h3_11":"8b1e2e6b18cafff"},"geometry":{"type":"Polygon","coordinates":[[[19.951022,50.067861],[19.951225,50.067825],[19.951273,50.06793],[19.951074,50.067968],[19.951022,50.067861]]]}},{"type":"Feature","id":"w152654191","properties":{"type":"yes","residential":true,"residents_est":9,"h3_10":"8a1e2e6b1997fff","h3_11":"8b1e2e6b1996fff"},"geometry":{"type":"Polygon","coordinates":[[[19.939803,50.070264],[19.940059,50.070212],[19.940097,50.070296],[19.940106,50.070295],[19.940101,50.070284],[19.940169,50.070271],[19.94018,50.070303],[19.940186,50.070302],[19.940202,50.070338],[19.939868,50.070403],[19.939803,50.070264]]]}},{"type":"Feature","id":"w152654192","properties":{"type":"public","levels":4.0,"residential":false,"residents_est":0,"h3_10":"8a1e2e6b18a7fff","h3_11":"8b1e2e6b18a0fff"},"geometry":{"type":"Polygon","coordinates":[[[19.943804,50.069601],[19.944068,50.069569],[19.944124,50.069761],[19.943861,50.069793],[19.943804,50.069601]]]}},{"type":"Feature","id":"w152654194","properties":{"type":"roof","residential":false,"residents_est":0,"h3_10":"8a1e2e6b18dffff","h3_11":"8b1e2e6b18dcfff"},"geometry":{"type":"Polygon","coordinates":[[[19.949115,50.068085],[19.949143,50.067495],[19.949481,50.0675],[19.949455,50.06809],[19.949115,50.068085]]]}},{"type":"Feature","id":"w152654195","properties":{"type":"yes","levels":4.0,"residential":true,"residents_est":6,"h3_10":"8a1e2e6b18dffff","h3_11":"8b1e2e6b18d9fff"},"geometry":{"type":"Polygon","coordinates":[[[19.950617,50.067315],[19.950853,50.067276],[19.9509,50.067399],[19.95078,50.067414],[19.950784,50.067423],[19.950704,50.067435],[19.950701,50.067426],[19.950657,50.067434],[19.950617,50.067315]]]}},{"type":"Feature","id":"w152654199","properties":{"type":"apartments","levels":3.0,"residential":true,"residents_est":9,"h3_10":"8a1e2e6b18dffff","h3_11":"8b1e2e6b18ddfff"},"geometry":{"type":"Polygon","coordinates":[[[19.950001,50.06793],[19.950022,50.067761],[19.950206,50.067769],[19.950198,50.06784],[19.950206,50.067843],[19.950203,50.067865],[19.950195,50.067867],[19.950186,50.06794],[19.950001,50.06793]]]}},{"type":"Feature","id":"w152654203","properties":{"type":"yes","levels":4.0,"residential":true,"residents_est":6,"h3_10":"8a1e2e6b18dffff","h3_11":"8b1e2e6b18d9fff"},"geometry":{"type":"Polygon","coordinates":[[[19.950374,50.067354],[19.950617,50.067315],[19.950657,50.067435],[19.950617,50.067442],[19.950621,50.067451],[19.950542,50.067464],[19.950537,50.067455],[19.950477,50.067464],[19.950481,50.067473],[19.950423,50.067484],[19.950374,50.067354]]]}},{"type":"Feature","id":"w152654205","properties":{"type":"apartments","levels":2.0,"residential":true,"residents_est":7,"h3_10":"8a1e2e6b189ffff","h3_11":"8b1e2e6b189afff"},"geometry":{"type":"Polygon","coordinates":[[[19.944033,50.067026],[19.944066,50.067024],[19.944077,50.067073],[19.944368,50.067073],[19.944376,50.06719],[19.944067,50.067189],[19.944033,50.067026]]]}},{"type":"Feature","id":"w152654206","properties":{"type":"school","residential":false,"residents_est":0,"h3_10":"8a1e2e6b1997fff","h3_11":"8b1e2e6b1992fff"},"geometry":{"type":"Polygon","coordinates":[[[19.940184,50.069806],[19.940423,50.069757],[19.940445,50.069806],[19.94021,50.069854],[19.940184,50.069806]]]}},{"type":"Feature","id":"w152654207","properties":{"type":"school","residential":false,"residents_est":0,"h3_10":"8a1e2e6b1997fff","h3_11":"8b1e2e6b1992fff"},"geometry":{"type":"Polygon","coordinates":[[[19.939941,50.069888],[19.939969,50.069882],[19.939953,50.069854],[19.940098,50.069825],[19.940144,50.069925],[19.94001,50.069953],[19.939986,50.069911],[19.939957,50.069915],[19.939941,50.069888]]]}},{"type":"Feature","id":"w152654210","properties":{"type":"apartments","levels":3.0,"residential":true,"residents_est":6,"h3_10":"8a1e2e6b19b7fff","h3_11":"8b1e2e6b19b2fff"},"geometry":{"type":"Polygon","coordinates":[[[19.940148,50.070986],[19.940225,50.070968],[19.94022,50.070956],[19.940286,50.070938],[19.940355,50.071075],[19.940204,50.071107],[19.940148,50.070986]]]}},{"type":"Feature","id":"w152654211","properties":{"type":"apartments","levels":4.0,"residential":true,"residents_est":11,"h3_10":"8a1e2e6b18cffff","h3_11":"8b1e2e6b18cefff"},"geometry":{"type":"Polygon","coordinates":[[[19.950358,50.067979],[19.950586,50.067935],[19.950638,50.068052],[19.95041,50.068094],[19.950358,50.067979]]]}},{"type":"Feature","id":"w152654213","properties":{"type":"yes","levels":1.0,"residential":true,"residents_est":1,"h3_10":"8a1e2e6b1897fff","h3_11":"8b1e2e6b1895fff"},"geometry":{"type":"Polygon","coordinates":[[[19.943607,50.068108],[19.94372,50.068095],[19.943723,50.068106],[19.943708,50.068107],[19.943773,50.068327],[19.943676,50.06834],[19.943607,50.068108]]]}},{"type":"Feature","id":"w152654214","properties":{"type":"yes","levels":4.0,"address":"Szlak 67","residential":true,"residents_est":8,"h3_10":"8a1e2e6b1987fff","h3_11":"8b1e2e6b1982fff"},"geometry":{"type":"Polygon","coordinates":[[[19.94151,50.070589],[19.941543,50.070583],[19.941528,50.070557],[19.941682,50.070522],[19.941802,50.070747],[19.941763,50.070755],[19.941752,50.070735],[19.941608,50.070767],[19.94151,50.070589]]]}},{"type":"Feature","id":"w152654215","properties":{"type":"bus_station","levels":2.0,"address":"Bosacka 18","name":"Małopolski Dworzec Autobusowy w Krakowie","residential":false,"residents_est":0,"h3_10":"8a1e2e6b18dffff","h3_11":"8b1e2e6b18dcfff"},"geometry":{"type":"Polygon","coordinates":[[[19.949586,50.068247],[19.949594,50.068188],[19.949588,50.068188],[19.949587,50.068149],[19.949596,50.068149],[19.949621,50.067512],[19.949613,50.067512],[19.949624,50.067448],[19.949618,50.067447],[19.94962,50.067413],[19.949645,50.067414],[19.949646,50.067396],[19.949693,50.067396],[19.949692,50.067443],[19.94972,50.067444],[19.949722,50.067397],[19.949769,50.067399],[19.949769,50.067416],[19.949789,50.067416],[19.949792,50.067486],[19.949787,50.067486],[19.949774,50.067618],[19.949797,50.067617],[19.9498,50.067698],[19.949777,50.0677],[19.949772,50.067809],[19.949739,50.067811],[19.949737,50.067854],[19.94977,50.067857],[19.949766,50.067965],[19.949789,50.067968],[19.949778,50.068063],[19.949762,50.068062],[19.949758,50.06818],[19.949764,50.06818],[19.949756,50.068249],[19.949735,50.068249],[19.949734,50.068267],[19.949687,50.068266],[19.949688,50.068219],[19.94966,50.068219],[19.949658,50.068265],[19.94961,50.068264],[19.94961,50.068247],[19.949586,50.068247]]]}},{"type":"Feature","id":"w152654216","properties":{"type":"apartments","levels":4.0,"residential":true,"residents_est":8,"h3_10":"8a1e2e6b18cffff","h3_11":"8b1e2e6b18cbfff"},"geometry":{"type":"Polygon","coordinates":[[[19.951636,50.067737],[19.951776,50.067709],[19.951818,50.06773],[19.951852,50.067821],[19.951686,50.067853],[19.951636,50.067737]]]}},{"type":"Feature","id":"w152654217","properties":{"type":"yes","levels":3.0,"residential":true,"residents_est":8,"h3_10":"8a1e2e6b1997fff","h3_11":"8b1e2e6b1995fff"},"geometry":{"type":"Polygon","coordinates":[[[19.940847,50.070832],[19.94104,50.070787],[19.941032,50.070774],[19.941004,50.070779],[19.940973,50.070771],[19.940869,50.07053],[19.940958,50.070515],[19.941127,50.070902],[19.940908,50.070952],[19.940847,50.070832]]]}},{"type":"Feature","id":"w152654221","properties":{"type":"yes","levels":3.0,"residential":true,"residents_est":4,"h3_10":"8a1e2e6b1897fff","h3_11":"8b1e2e6b1891fff"},"geometry":{"type":"Polygon","coordinates":[[[19.943351,50.067851],[19.94358,50.067818],[19.943619,50.067937],[19.943387,50.067969],[19.943351,50.067851]]]}},{"type":"Feature","id":"w152654224","properties":{"type":"yes","levels":4.0,"name":"Zgromadzenie Sióstr Miłosierdzia","residential":false,"residents_est":0,"h3_10":"8a1e2e6b1887fff","h3_11":"8b1e2e6b1884fff"},"geometry":{"type":"Polygon","coordinates":[[[19.943703,50.068945],[19.944132,50.068873],[19.944175,50.068993],[19.943924,50.069036],[19.943984,50.0692],[19.943815,50.069228],[19.943703,50.068945]]]}},{"type":"Feature","id":"w152654227","properties":{"type":"yes","levels":2.0,"address":"Warszawska 15","residential":true,"residents_est":3,"h3_10":"8a1e2e6b18a7fff","h3_11":"8b1e2e6b18a0fff"},"geometry":{"type":"Polygon","coordinates":[[[19.943939,50.069486],[19.943954,50.06944],[19.944419,50.069385],[19.944433,50.069446],[19.944389,50.06945],[19.944391,50.06946],[19.944252,50.069477],[19.94425,50.06947],[19.944084,50.069492],[19.944085,50.069499],[19.94405,50.069504],[19.944052,50.069512],[19.943949,50.069525],[19.943939,50.069486]]]}},{"type":"Feature","id":"w152654229","properties":{"type":"apartments","levels":3.0,"residential":true,"residents_est":15,"h3_10":"8a1e2e6b1997fff","h3_11":"8b1e2e6b1994fff"},"geometry":{"type":"Polygon","coordinates":[[[19.940377,50.070619],[19.940544,50.070592],[19.94057,50.070646],[19.940525,50.070656],[19.940502,50.070652],[19.940486,50.070662],[19.940502,50.070672],[19.940618,50.070883],[19.940691,50.070867],[19.940752,50.070987],[19.9406,50.071021],[19.940377,50.070619]]]}},{"type":"Feature","id":"w152654230","properties":{"type":"office","levels":10.0,"residential":false,"residents_est":0,"h3_10":"8a1e2e6b1997fff","h3_11":"8b1e2e6b1995fff"},"geometry":{"type":"Polygon","coordinates":[[[19.941074,50.070779],[19.941201,50.07074],[19.941172,50.070685],[19.941197,50.070678],[19.941087,50.07047],[19.941292,50.070425],[19.941419,50.070664],[19.941396,50.070669],[19.941415,50.070705],[19.941436,50.070741],[19.941459,50.070736],[19.941504,50.070818],[19.941127,50.070902],[19.941074,50.070779]]]}},{"type":"Feature","id":"w152654233","properties":{"type":"apartments","levels":2.0,"name":"Zgromadzenia Sióstr Najświętszej Rodziny z Nazaretu","residential":false,"residents_est":0,"h3_10":"8a1e2e6b18a7fff","h3_11":"8b1e2e6b18a2fff"},"geometry":{"type":"Polygon","coordinates":[[[19.9436,50.069291],[19.943789,50.069265],[19.943855,50.069496],[19.943667,50.06952],[19.9436,50.069291]]]}},{"type":"Feature","id":"w152654234","properties":{"type":"yes","levels":2.0,"name":"Cracow Central Aparthotel","residential":true,"residents_est":5,"h3_10":"8a1e2e6b189ffff","h3_11":"8b1e2e6b189efff"},"geometry":{"type":"Polygon","coordinates":[[[19.943941,50.06739],[19.944462,50.067389],[19.944486,50.06749],[19.944193,50.067488],[19.944201,50.067519],[19.944153,50.067518],[19.944143,50.067488],[19.943961,50.067488],[19.943941,50.06739]]]}},{"type":"Feature","id":"w152654240","properties":{"type":"apartments","levels":3.0,"residential":true,"residents_est":13,"h3_10":"8a1e2e6b1997fff","h3_11":"8b1e2e6b1994fff"},"geometry":{"type":"Polygon","coordinates":[[[19.940222,50.070819],[19.940318,50.070797],[19.940372,50.0709],[19.940349,50.070924],[19.940328,50.070932],[19.940336,50.070945],[19.940432,50.070925],[19.940424,50.070912],[19.940483,50.070899],[19.94049,50.070912],[19.940533,50.070902],[19.9406,50.071021],[19.940355,50.071075],[19.940222,50.070819]]]}},{"type":"Feature","id":"w152654241","properties":{"type":"apartments","levels":4.0,"residential":true,"residents_est":11,"h3_10":"8a1e2e6b18cffff","h3_11":"8b1e2e6b18cbfff"},"geometry":{"type":"Polygon","coordinates":[[[19.951421,50.067768],[19.951597,50.067734],[19.951586,50.067709],[19.951621,50.067703],[19.951686,50.067853],[19.951476,50.067893],[19.951421,50.067768]]]}},{"type":"Feature","id":"w152654242","properties":{"type":"apartments","levels":4.0,"residential":true,"residents_est":22,"h3_10":"8a1e2e6b1887fff","h3_11":"8b1e2e6b1886fff"},"geometry":{"type":"Polygon","coordinates":[[[19.943275,50.068441],[19.943532,50.068399],[19.943788,50.068369],[19.943813,50.068448],[19.943541,50.068499],[19.943552,50.068519],[19.943505,50.068527],[19.943515,50.068548],[19.943329,50.068585],[19.943275,50.068441]]]}},{"type":"Feature","id":"w152654249","properties":{"type":"apartments","levels":4.0,"residential":true,"residents_est":25,"h3_10":"8a1e2e6b1897fff","h3_11":"8b1e2e6b1895fff"},"geometry":{"type":"Polygon","coordinates":[[[19.943169,50.068167],[19.943433,50.068132],[19.943453,50.068194],[19.943408,50.0682],[19.943461,50.068336],[19.943509,50.06833],[19.943532,50.068399],[19.943275,50.068441],[19.943169,50.068167]]]}},{"type":"Feature","id":"w152654253","properties":{"type":"apartments","levels":4.0,"residential":true,"residents_est":11,"h3_10":"8a1e2e6b18cffff","h3_11":"8b1e2e6b18cafff"},"geometry":{"type":"Polygon","coordinates":[[[19.950586,50.067935],[19.950824,50.067889],[19.950874,50.068007],[19.950638,50.068052],[19.950586,50.067935]]]}},{"type":"Feature","id":"w152654254","properties":{"type":"apartments","levels":4.0,"residential":true,"residents_est":9,"h3_10":"8a1e2e6b18cffff","h3_11":"8b1e2e6b18cafff"},"geometry":{"type":"Polygon","coordinates":[[[19.950825,50.067892],[19.951019,50.067856],[19.951074,50.067968],[19.950874,50.068007],[19.950825,50.067892]]]}},{"type":"Feature","id":"w152654255","properties":{"type":"apartments","levels":3.0,"residential":true,"residents_est":8,"h3_10":"8a1e2e6b19b7fff","h3_11":"8b1e2e6b19b2fff"},"geometry":{"type":"Polygon","coordinates":[[[19.939787,50.071069],[19.939845,50.071053],[19.939838,50.071037],[19.939915,50.071024],[19.939918,50.071037],[19.939988,50.07102],[19.940049,50.071142],[19.939829,50.07119],[19.939787,50.071069]]]}},{"type":"Feature","id":"w152654261","properties":{"type":"apartments","levels":5.0,"residential":true,"residents_est":31,"h3_10":"8a1e2e6b18dffff","h3_11":"8b1e2e6b18ddfff"},"geometry":{"type":"Polygon","coordinates":[[[19.949974,50.068149],[19.950001,50.06793],[19.950186,50.06794],[19.950169,50.068048],[19.950255,50.068032],[19.950244,50.068009],[19.950249,50.068003],[19.950359,50.067982],[19.95041,50.068094],[19.950014,50.068172],[19.949974,50.068149]]]}},{"type":"Feature","id":"r2063564","properties":{"type":"apartments","levels":4.0,"residential":true,"residents_est":25,"h3_10":"8a1e2e6b18dffff","h3_11":"8b1e2e6b18d9fff"},"geometry":{"type":"Polygon","coordinates":[[[19.950022,50.067761],[19.950042,50.067591],[19.950368,50.067601],[19.950368,50.067595],[19.950467,50.067598],[19.950488,50.067653],[19.95045,50.06765],[19.950436,50.067658],[19.95043,50.067709],[19.950445,50.067716],[19.950507,50.067701],[19.950519,50.067731],[19.950509,50.067743],[19.950367,50.067778],[19.950022,50.067761]],[[19.950209,50.067724],[19.950217,50.067734],[19.950237,50.067728],[19.950314,50.067732],[19.950328,50.067727],[19.950329,50.067716],[19.950308,50.067706],[19.950312,50.067669],[19.950335,50.067663],[19.950337,50.06765],[19.95024,50.067641],[19.95023,50.067635],[19.950217,50.067645],[19.950209,50.067724]]]}},{"type":"Feature","id":"w152979969","properties":{"type":"apartments","levels":4.0,"address":"Warszawska 6","residential":true,"residents_est":24,"h3_10":"8a1e2e6b18b7fff","h3_11":"8b1e2e6b18b3fff"},"geometry":{"type":"Polygon","coordinates":[[[19.94251,50.068354],[19.942654,50.068331],[19.94266,50.068349],[19.942998,50.068297],[19.94305,50.068434],[19.942881,50.06846],[19.94287,50.068431],[19.942559,50.06848],[19.94251,50.068354]]]}},{"type":"Feature","id":"w152979986","properties":{"type":"apartments","residential":true,"residents_est":4,"h3_10":"8a1e2e6b1897fff","h3_11":"8b1e2e6b1894fff"},"geometry":{"type":"Polygon","coordinates":[[[19.94273,50.068187],[19.942934,50.06815],[19.94295,50.068193],[19.942743,50.068225],[19.94273,50.068187]]]}},{"type":"Feature","id":"w152980005","properties":{"type":"apartments","levels":3.5,"address":"Warszawska 6a","residential":true,"residents_est":11,"h3_10":"8a1e2e6b18b7fff","h3_11":"8b1e2e6b18b3fff"},"geometry":{"type":"Polygon","coordinates":[[[19.942872,50.068532],[19.942906,50.068526],[19.942881,50.06846],[19.94305,50.068434],[19.943119,50.068616],[19.942951,50.068646],[19.942926,50.068579],[19.942892,50.068584],[19.942872,50.068532]]]}},{"type":"Feature","id":"w152980015","properties":{"type":"apartments","levels":4.5,"address":"Warszawska 18","residential":true,"residents_est":14,"h3_10":"8a1e2e6b18a7fff","h3_11":"8b1e2e6b18a4fff"},"geometry":{"type":"Polygon","coordinates":[[[19.943332,50.070045],[19.943359,50.070042],[19.943353,50.070017],[19.943549,50.069998],[19.943587,50.070149],[19.943387,50.070168],[19.943381,50.070142],[19.943354,50.070145],[19.943346,50.070108],[19.943339,50.070104],[19.943364,50.070102],[19.943361,50.070087],[19.943336,50.070089],[19.943341,50.070084],[19.943332,50.070045]]]}},{"type":"Feature","id":"w152980027","properties":{"type":"office","levels":5.0,"address":"Szlak 73a","name":"Centrum Powiadamiania Ratunkowego","residential":false,"residents_est":0,"h3_10":"8a1e2e6b199ffff","h3_11":"8b1e2e6b1999fff"},"geometry":{"type":"Polygon","coordinates":[[[19.94291,50.070066],[19.94308,50.070029],[19.943206,50.070267],[19.943037,50.070304],[19.94291,50.070066]]]}},{"type":"Feature","id":"w152980045","properties":{"type":"office","levels":6.0,"address":"Szlak 73","residential":false,"residents_est":0,"h3_10":"8a1e2e6b198ffff","h3_11":"8b1e2e6b198afff"},"geometry":{"type":"Polygon","coordinates":[[[19.94312,50.070302],[19.943254,50.070259],[19.94335,50.070384],[19.943218,50.070426],[19.94312,50.070302]]]}},{"type":"Feature","id":"w152980048","properties":{"type":"apartments","levels":4.0,"address":"Warszawska 12a","residential":true,"residents_est":9,"h3_10":"8a1e2e6b18a7fff","h3_11":"8b1e2e6b18a6fff"},"geometry":{"type":"Polygon","coordinates":[[[19.94322,50.069602],[19.943451,50.069569],[19.943452,50.069574],[19.943441,50.069576],[19.943445,50.069595],[19.943461,50.069599],[19.94348,50.069682],[19.943282,50.069703],[19.943275,50.069671],[19.943245,50.069674],[19.943234,50.069626],[19.943226,50.069627],[19.94322,50.069602]]]}},{"type":"Feature","id":"w152980051","properties":{"type":"apartments","levels":4.0,"address":"Warszawska 14","residential":true,"residents_est":14,"h3_10":"8a1e2e6b18a7fff","h3_11":"8b1e2e6b18a6fff"},"geometry":{"type":"Polygon","coordinates":[[[19.943256,50.069731],[19.943287,50.069728],[19.943281,50.069703],[19.943481,50.069684],[19.943517,50.069843],[19.943319,50.069864],[19.943313,50.069839],[19.943282,50.069842],[19.943268,50.069797],[19.943289,50.069792],[19.943286,50.069779],[19.943263,50.069779],[19.943256,50.069731]]]}},{"type":"Feature","id":"w152980076","properties":{"type":"apartments","levels":4.5,"address":"Warszawska 20","residential":true,"residents_est":21,"h3_10":"8a1e2e6b198ffff","h3_11":"8b1e2e6b198afff"},"geometry":{"type":"Polygon","coordinates":[[[19.943256,50.070261],[19.943313,50.070242],[19.943321,50.070253],[19.943378,50.070234],[19.94339,50.070218],[19.94338,50.070169],[19.943584,50.070151],[19.943614,50.070275],[19.943586,50.070307],[19.94335,50.070384],[19.943256,50.070261]]]}},{"type":"Feature","id":"w152980081","properties":{"type":"apartments","levels":4.0,"address":"Warszawska 16","residential":true,"residents_est":13,"h3_10":"8a1e2e6b199ffff","h3_11":"8b1e2e6b1999fff"},"geometry":{"type":"Polygon","coordinates":[[[19.943298,50.069893],[19.943325,50.06989],[19.943319,50.069864],[19.943516,50.069845],[19.943552,50.069996],[19.943353,50.070017],[19.943347,50.069991],[19.94332,50.069994],[19.943312,50.069955],[19.943305,50.069951],[19.943329,50.069949],[19.943326,50.069934],[19.943302,50.069936],[19.9433,50.069931],[19.943306,50.069931],[19.943298,50.069893]]]}},{"type":"Feature","id":"w152980123","properties":{"type":"apartments","levels":3.0,"residential":true,"residents_est":13,"h3_10":"8a1e2e6b1897fff","h3_11":"8b1e2e6b1896fff"},"geometry":{"type":"Polygon","coordinates":[[[19.94218,50.067772],[19.942419,50.067706],[19.942501,50.067824],[19.942364,50.067862],[19.942353,50.067857],[19.942303,50.067871],[19.942298,50.067884],[19.942327,50.067892],[19.942339,50.067909],[19.942355,50.067905],[19.94244,50.068041],[19.942361,50.068062],[19.94218,50.067772]]]}},{"type":"Feature","id":"w152980131","properties":{"type":"apartments","levels":3.0,"address":"Warszawska 10","residential":true,"residents_est":39,"h3_10":"8a1e2e6b18b7fff","h3_11":"8b1e2e6b18b1fff"},"geometry":{"type":"Polygon","coordinates":[[[19.942859,50.069122],[19.943129,50.069076],[19.943002,50.068782],[19.943008,50.068782],[19.943004,50.068772],[19.94303,50.068767],[19.943028,50.068762],[19.943169,50.068737],[19.943345,50.069153],[19.943314,50.069159],[19.94332,50.069174],[19.94331,50.069175],[19.94332,50.069199],[19.94323,50.069215],[19.943214,50.069175],[19.942947,50.069221],[19.942985,50.069268],[19.943031,50.069252],[19.943145,50.069398],[19.943124,50.069404],[19.943165,50.06946],[19.943098,50.069481],[19.943078,50.069453],[19.943048,50.069463],[19.942919,50.069289],[19.94295,50.069279],[19.94291,50.069227],[19.942902,50.069228],[19.942859,50.069122]]]}},{"type":"Feature","id":"w152980141","properties":{"type":"apartments","levels":3.0,"residential":true,"residents_est":23,"h3_10":"8a1e2e6b1897fff","h3_11":"8b1e2e6b1896fff"},"geometry":{"type":"Polygon","coordinates":[[[19.942418,50.067703],[19.942578,50.067658],[19.942574,50.067649],[19.94267,50.067634],[19.942677,50.067627],[19.942729,50.067647],[19.942722,50.067655],[19.942759,50.067731],[19.94275,50.067733],[19.942768,50.067776],[19.942782,50.067774],[19.942801,50.067809],[19.942828,50.067881],[19.942822,50.067881],[19.942854,50.067956],[19.942674,50.067987],[19.942654,50.067938],[19.942618,50.06794],[19.942593,50.067882],[19.942629,50.067873],[19.942607,50.067824],[19.942591,50.067827],[19.942563,50.067817],[19.942557,50.067808],[19.942501,50.067824],[19.942418,50.067703]]]}},{"type":"Feature","id":"w163994042","properties":{"type":"apartments","levels":3.0,"residential":true,"residents_est":6,"h3_10":"8a1e2e6b1897fff","h3_11":"8b1e2e6b1892fff"},"geometry":{"type":"Polygon","coordinates":[[[19.942198,50.067383],[19.942374,50.06734],[19.942442,50.06745],[19.942254,50.067491],[19.942198,50.067383]]]}},{"type":"Feature","id":"w166955403","properties":{"type":"office","address":"Rakowicka 18a","name":"Karmelitański Instytut Duchowości","residential":false,"residents_est":0,"h3_10":"8a1e2e6b18effff","h3_11":"8b1e2e6b18eefff"},"geometry":{"type":"Polygon","coordinates":[[[19.949998,50.069237],[19.950538,50.069068],[19.950541,50.069071],[19.950509,50.069081],[19.950584,50.06918],[19.950273,50.069279],[19.950298,50.069313],[19.95026,50.069325],[19.950404,50.069516],[19.950251,50.069564],[19.950265,50.069583],[19.95026,50.069585],[19.949998,50.069237]]]}},{"type":"Feature","id":"w182534011","properties":{"type":"yes","levels":5.0,"residential":true,"residents_est":13,"h3_10":"8a1e2e6b1897fff","h3_11":"8b1e2e6b1896fff"},"geometry":{"type":"Polygon","coordinates":[[[19.942021,50.067818],[19.94218,50.067772],[19.942361,50.068062],[19.942464,50.068203],[19.942307,50.068243],[19.942269,50.068183],[19.94235,50.068162],[19.942339,50.068144],[19.942319,50.068139],[19.942257,50.068049],[19.942245,50.068051],[19.942221,50.068012],[19.94223,50.068008],[19.942206,50.06797],[19.942228,50.067961],[19.942204,50.067923],[19.942207,50.067909],[19.942224,50.067903],[19.942211,50.067883],[19.942133,50.067906],[19.942142,50.067925],[19.9421,50.067937],[19.942021,50.067818]]]}},{"type":"Feature","id":"w183678508","properties":{"type":"yes","levels":2.0,"address":"Topolowa 3","residential":true,"residents_est":2,"h3_10":"8a1e2e6b18dffff","h3_11":"8b1e2e6b18dbfff"},"geometry":{"type":"Polygon","coordinates":[[[19.950003,50.067082],[19.950178,50.067053],[19.950219,50.067155],[19.950044,50.067184],[19.950003,50.067082]]]}},{"type":"Feature","id":"w203571487","properties":{"type":"convent","levels":3.0,"name":"Klasztor Szarytek","residential":false,"residents_est":0,"h3_10":"8a1e2e6b18b7fff","h3_11":"8b1e2e6b18b3fff"},"geometry":{"type":"Polygon","coordinates":[[[19.942951,50.068646],[19.943129,50.068615],[19.943179,50.068735],[19.943028,50.068762],[19.94303,50.068767],[19.943004,50.068772],[19.943008,50.068782],[19.943002,50.068782],[19.942951,50.068646]]]}},{"type":"Feature","id":"w203940381","properties":{"type":"hotel","levels":6.0,"address":"Pawia 11","name":"ibis budget Kraków Stare Miasto","residential":false,"residents_est":0,"h3_10":"8a1e2e6b1817fff","h3_11":"8b1e2e6b1815fff"},"geometry":{"type":"Polygon","coordinates":[[[19.945845,50.070778],[19.945848,50.070659],[19.946386,50.070669],[19.946373,50.070944],[19.946189,50.070941],[19.946197,50.070784],[19.945845,50.070778]]]}},{"type":"Feature","id":"w203940384","properties":{"type":"hotel","levels":6.0,"address":"Pawia 15","name":"ibis Kraków Stare Miasto","residential":false,"residents_est":0,"h3_10":"8a1e2e6b1817fff","h3_11":"8b1e2e6b1815fff"},"geometry":{"type":"Polygon","coordinates":[[[19.945268,50.070869],[19.9453,50.070667],[19.945583,50.070672],[19.945583,50.070654],[19.945848,50.070657],[19.945849,50.070811],[19.945703,50.070806],[19.945667,50.070812],[19.945643,50.070827],[19.945624,50.070813],[19.945589,50.070847],[19.945608,50.07086],[19.945601,50.070889],[19.945268,50.070869]]]}},{"type":"Feature","id":"w219940748","properties":{"type":"service","residential":false,"residents_est":0,"h3_10":"8a1e2e6b18d7fff","h3_11":"8b1e2e6b18d5fff"},"geometry":{"type":"Polygon","coordinates":[[[19.948322,50.068145],[19.948323,50.068108],[19.948553,50.068111],[19.948552,50.068147],[19.948322,50.068145]]]}},{"type":"Feature","id":"w219940751","properties":{"type":"service","residential":false,"residents_est":0,"h3_10":"8a1e2e6b18d7fff","h3_11":"8b1e2e6b18d5fff"},"geometry":{"type":"Polygon","coordinates":[[[19.94859,50.06814],[19.948592,50.068113],[19.948615,50.068113],[19.948616,50.068089],[19.94865,50.068089],[19.948648,50.068143],[19.94859,50.06814]]]}},{"type":"Feature","id":"w230414131","properties":{"type":"office","levels":2.0,"address":"Kątowa 9","residential":false,"residents_est":0,"h3_10":"8a1e2e6b1957fff","h3_11":"8b1e2e6b1954fff"},"geometry":{"type":"Polygon","coordinates":[[[19.947428,50.073462],[19.947579,50.073412],[19.947602,50.07344],[19.947623,50.073434],[19.947676,50.0735],[19.947655,50.073508],[19.947677,50.073536],[19.947525,50.073586],[19.947497,50.07355],[19.947472,50.073558],[19.947431,50.073506],[19.947457,50.073498],[19.947428,50.073462]]]}},{"type":"Feature","id":"w233355087","properties":{"type":"yes","address":"Montelupich 3","residential":true,"residents_est":9,"h3_10":"8a1e2e6b1937fff","h3_11":"8b1e2e6b1932fff"},"geometry":{"type":"Polygon","coordinates":[[[19.942166,50.073439],[19.942454,50.073384],[19.942515,50.073518],[19.942469,50.073527],[19.942484,50.07356],[19.942288,50.073597],[19.942273,50.073564],[19.942227,50.073573],[19.942166,50.073439]]]}},{"type":"Feature","id":"w233355772","properties":{"type":"yes","address":"Montelupich 16","residential":true,"residents_est":9,"h3_10":"8a1e2e6b1907fff","h3_11":"8b1e2e6b1904fff"},"geometry":{"type":"Polygon","coordinates":[[[19.943967,50.074],[19.944122,50.073971],[19.944252,50.074253],[19.944097,50.074283],[19.943967,50.074]]]}},{"type":"Feature","id":"w233355938","properties":{"type":"service","address":"Warszawska 34","residential":false,"residents_est":0,"h3_10":"8a1e2e6b1907fff","h3_11":"8b1e2e6b1904fff"},"geometry":{"type":"Polygon","coordinates":[[[19.944379,50.074246],[19.944468,50.074106],[19.944573,50.074132],[19.944482,50.074274],[19.944379,50.074246]]]}},{"type":"Feature","id":"w233356387","properties":{"type":"industrial","residential":false,"residents_est":0,"h3_10":"8a1e2e6b1927fff","h3_11":"8b1e2e6b1926fff"},"geometry":{"type":"Polygon","coordinates":[[[19.943019,50.074608],[19.943352,50.074546],[19.943441,50.074737],[19.943109,50.0748],[19.943019,50.074608]]]}},{"type":"Feature","id":"w233356812","properties":{"type":"yes","residential":true,"residents_est":20,"h3_10":"8a1e2e6b1937fff","h3_11":"8b1e2e6b1936fff"},"geometry":{"type":"Polygon","coordinates":[[[19.942019,50.074056],[19.942736,50.073919],[19.94283,50.074124],[19.942691,50.074151],[19.942637,50.074035],[19.9422,50.074119],[19.942254,50.074234],[19.942114,50.074261],[19.942019,50.074056]]]}},{"type":"Feature","id":"w236284048","properties":{"type":"roof","residential":false,"residents_est":0,"h3_10":"8a1e2e6b18c7fff","h3_11":"8b1e2e6b18c2fff"},"geometry":{"type":"Polygon","coordinates":[[[19.948782,50.068425],[19.948803,50.068055],[19.948982,50.068058],[19.948958,50.068429],[19.948782,50.068425]]]}},{"type":"Feature","id":"w236284049","properties":{"type":"service","name":"ST SO-4","residential":false,"residents_est":0,"h3_10":"8a1e2e6b18c7fff","h3_11":"8b1e2e6b18c6fff"},"geometry":{"type":"Polygon","coordinates":[[[19.948768,50.068799],[19.948775,50.068615],[19.948909,50.068616],[19.948903,50.068801],[19.948768,50.068799]]]}},{"type":"Feature","id":"w236310956","properties":{"type":"service","residential":false,"residents_est":0,"h3_10":"8a1e2e6b18c7fff","h3_11":"8b1e2e6b18c0fff"},"geometry":{"type":"Polygon","coordinates":[[[19.949373,50.068393],[19.949373,50.068376],[19.949423,50.068376],[19.949424,50.068359],[19.94948,50.06836],[19.949479,50.068377],[19.949534,50.068379],[19.949534,50.068396],[19.949373,50.068393]]]}},{"type":"Feature","id":"w236310958","properties":{"type":"yes","levels":1.0,"residential":true,"residents_est":1,"h3_10":"8a1e2e6b182ffff","h3_11":"8b1e2e6b182afff"},"geometry":{"type":"Polygon","coordinates":[[[19.948081,50.071412],[19.948225,50.0713],[19.948329,50.071356],[19.948184,50.071467],[19.948081,50.071412]]]}},{"type":"Feature","id":"w236310961","properties":{"type":"service","residential":false,"residents_est":0,"h3_10":"8a1e2e6b18dffff","h3_11":"8b1e2e6b18dafff"},"geometry":{"type":"Polygon","coordinates":[[[19.949269,50.066921],[19.949399,50.066895],[19.94942,50.066939],[19.949289,50.066964],[19.949269,50.066921]]]}},{"type":"Feature","id":"w236310963","properties":{"type":"yes","name":"LCS Kraków Główny KGB","residential":true,"residents_est":16,"h3_10":"8a1e2e6b182ffff","h3_11":"8b1e2e6b182efff"},"geometry":{"type":"Polygon","coordinates":[[[19.947382,50.072083],[19.947482,50.071945],[19.947458,50.071938],[19.947543,50.071821],[19.94757,50.071829],[19.947596,50.071792],[19.947824,50.071859],[19.947612,50.072152],[19.947382,50.072083]]]}},{"type":"Feature","id":"w236310964","properties":{"type":"yes","residential":true,"residents_est":1,"h3_10":"8a1e2e6b189ffff","h3_11":"8b1e2e6b189cfff"},"geometry":{"type":"Polygon","coordinates":[[[19.944463,50.067772],[19.944584,50.067772],[19.944584,50.067847],[19.944463,50.067847],[19.944463,50.067772]]]}},{"type":"Feature","id":"w236310971","properties":{"type":"yes","levels":1.0,"residential":true,"residents_est":2,"h3_10":"8a1e2e6b182ffff","h3_11":"8b1e2e6b182afff"},"geometry":{"type":"Polygon","coordinates":[[[19.947687,50.071687],[19.947904,50.071506],[19.947942,50.071525],[19.948024,50.071458],[19.948178,50.071534],[19.948074,50.071621],[19.948007,50.071588],[19.947813,50.071749],[19.947687,50.071687]]]}},{"type":"Feature","id":"w237987895","properties":{"type":"presbytery","levels":3.0,"address":"Warszawska 1B","name":"Plebania","residential":false,"residents_est":0,"h3_10":"8a1e2e6b1897fff","h3_11":"8b1e2e6b1891fff"},"geometry":{"type":"Polygon","coordinates":[[[19.943624,50.067805],[19.943744,50.067793],[19.943796,50.067959],[19.943961,50.067939],[19.943987,50.068071],[19.943723,50.068106],[19.943624,50.067805]]]}},{"type":"Feature","id":"w237988646","properties":{"type":"yes","levels":1.0,"address":"Ogrodowa 10","name":"Hotel Puro Kraków","residential":true,"residents_est":5,"h3_10":"8a1e2e6b1887fff","h3_11":"8b1e2e6b1885fff"},"geometry":{"type":"Polygon","coordinates":[[[19.944643,50.068661],[19.94502,50.068601],[19.94501,50.068982],[19.944771,50.068965],[19.944784,50.068841],[19.944643,50.068661]]]}},{"type":"Feature","id":"w297174116","properties":{"type":"school","residential":false,"residents_est":0,"h3_10":"8a1e2e6b1997fff","h3_11":"8b1e2e6b1996fff"},"geometry":{"type":"Polygon","coordinates":[[[19.939615,50.070209],[19.939709,50.07019],[19.9397,50.07017],[19.939883,50.070136],[19.939933,50.070237],[19.939658,50.070293],[19.939615,50.070209]]]}},{"type":"Feature","id":"w297174117","properties":{"type":"apartments","levels":3.5,"address":"Warszawska 4","residential":true,"residents_est":12,"h3_10":"8a1e2e6b1897fff","h3_11":"8b1e2e6b1894fff"},"geometry":{"type":"Polygon","coordinates":[[[19.942674,50.067987],[19.942858,50.067955],[19.94294,50.068149],[19.942769,50.068179],[19.942734,50.068102],[19.942718,50.068104],[19.942703,50.068069],[19.942719,50.068067],[19.942687,50.067991],[19.942674,50.067987]]]}},{"type":"Feature","id":"w297174118","properties":{"type":"apartments","levels":4.0,"residential":true,"residents_est":20,"h3_10":"8a1e2e6b18b7fff","h3_11":"8b1e2e6b18b2fff"},"geometry":{"type":"Polygon","coordinates":[[[19.942115,50.068417],[19.942246,50.068396],[19.942259,50.068431],[19.942251,50.068432],[19.94226,50.068455],[19.942472,50.068421],[19.942513,50.068526],[19.942507,50.068527],[19.942513,50.068544],[19.942454,50.068553],[19.942447,50.068537],[19.942382,50.068548],[19.942393,50.068574],[19.942188,50.068607],[19.942175,50.068573],[19.942154,50.068576],[19.94213,50.068512],[19.94215,50.068509],[19.942115,50.068417]]]}},{"type":"Feature","id":"w297174119","properties":{"type":"yes","residential":false,"residents_est":0,"h3_10":"8a1e2e6b199ffff","h3_11":"8b1e2e6b199bfff"},"geometry":{"type":"Polygon","coordinates":[[[19.942984,50.06959],[19.943063,50.069579],[19.943072,50.069606],[19.942993,50.069617],[19.942984,50.06959]]]}},{"type":"Feature","id":"w297174120","properties":{"type":"yes","residential":true,"residents_est":1,"h3_10":"8a1e2e6b18b7fff","h3_11":"8b1e2e6b18b5fff"},"geometry":{"type":"Polygon","coordinates":[[[19.943057,50.06946],[19.943078,50.069453],[19.943098,50.069481],[19.943165,50.06946],[19.943194,50.069511],[19.943091,50.069525],[19.943057,50.06946]]]}},{"type":"Feature","id":"w297174121","properties":{"type":"yes","levels":3.0,"address":"Warszawska 12","residential":true,"residents_est":2,"h3_10":"8a1e2e6b18b7fff","h3_11":"8b1e2e6b18b5fff"},"geometry":{"type":"Polygon","coordinates":[[[19.943283,50.069252],[19.943368,50.069241],[19.943418,50.06942],[19.943335,50.069431],[19.943283,50.069252]]]}},{"type":"Feature","id":"w297174123","properties":{"type":"yes","residential":true,"residents_est":1,"h3_10":"8a1e2e6b1997fff","h3_11":"8b1e2e6b1996fff"},"geometry":{"type":"Polygon","coordinates":[[[19.939503,50.07041],[19.939739,50.070366],[19.939764,50.070422],[19.939529,50.070466],[19.939503,50.07041]]]}},{"type":"Feature","id":"w297174124","properties":{"type":"yes","levels":3.0,"residential":true,"residents_est":3,"h3_10":"8a1e2e6b18a7fff","h3_11":"8b1e2e6b18a6fff"},"geometry":{"type":"Polygon","coordinates":[[[19.943086,50.069526],[19.943194,50.069511],[19.943189,50.069495],[19.943429,50.069462],[19.943444,50.069525],[19.943108,50.06957],[19.943086,50.069526]]]}},{"type":"Feature","id":"w297180394","properties":{"type":"yes","residential":true,"residents_est":2,"h3_10":"8a1e2e6b1897fff","h3_11":"8b1e2e6b1894fff"},"geometry":{"type":"Polygon","coordinates":[[[19.942474,50.068087],[19.942703,50.06803],[19.942719,50.068067],[19.942703,50.068069],[19.942718,50.068104],[19.942734,50.068102],[19.942768,50.068179],[19.942722,50.068188],[19.942701,50.068142],[19.942544,50.068183],[19.942474,50.068087]]]}},{"type":"Feature","id":"w297180396","properties":{"type":"yes","residential":true,"residents_est":1,"h3_10":"8a1e2e6b1897fff","h3_11":"8b1e2e6b1894fff"},"geometry":{"type":"Polygon","coordinates":[[[19.942307,50.068243],[19.942464,50.068203],[19.942509,50.068279],[19.942355,50.068318],[19.942307,50.068243]]]}},{"type":"Feature","id":"w297180397","properties":{"type":"yes","residential":true,"residents_est":1,"h3_10":"8a1e2e6b1897fff","h3_11":"8b1e2e6b1894fff"},"geometry":{"type":"Polygon","coordinates":[[[19.942561,50.068179],[19.942701,50.068142],[19.942722,50.068189],[19.942597,50.068222],[19.942561,50.068179]]]}},{"type":"Feature","id":"w297180398","properties":{"type":"yes","residential":true,"residents_est":1,"h3_10":"8a1e2e6b1897fff","h3_11":"8b1e2e6b1894fff"},"geometry":{"type":"Polygon","coordinates":[[[19.942361,50.068062],[19.94244,50.068041],[19.942544,50.068183],[19.942464,50.068203],[19.942361,50.068062]]]}},{"type":"Feature","id":"w312081259","properties":{"type":"yes","levels":1.0,"residential":true,"residents_est":1,"h3_10":"8a1e2e6b18cffff","h3_11":"8b1e2e6b18cafff"},"geometry":{"type":"Polygon","coordinates":[[[19.950922,50.067635],[19.951126,50.067603],[19.951168,50.067697],[19.951099,50.067709],[19.951102,50.067714],[19.951073,50.06772],[19.951076,50.067726],[19.951063,50.067735],[19.951023,50.067736],[19.950989,50.067748],[19.95097,50.067745],[19.950922,50.067635]]]}},{"type":"Feature","id":"w312081261","properties":{"type":"apartments","levels":3.0,"residential":true,"residents_est":8,"h3_10":"8a1e2e6b18cffff","h3_11":"8b1e2e6b18cafff"},"geometry":{"type":"Polygon","coordinates":[[[19.9505,50.067761],[19.950748,50.067715],[19.950796,50.067825],[19.950557,50.06787],[19.9505,50.067761]]]}},{"type":"Feature","id":"w312081262","properties":{"type":"apartments","levels":3.0,"residential":true,"residents_est":6,"h3_10":"8a1e2e6b18cffff","h3_11":"8b1e2e6b18cafff"},"geometry":{"type":"Polygon","coordinates":[[[19.950748,50.067715],[19.950941,50.06768],[19.950989,50.067788],[19.950796,50.067825],[19.950748,50.067715]]]}},{"type":"Feature","id":"w312081263","properties":{"type":"yes","levels":1.0,"residential":true,"residents_est":0,"h3_10":"8a1e2e6b18cffff","h3_11":"8b1e2e6b18cafff"},"geometry":{"type":"Polygon","coordinates":[[[19.951099,50.067709],[19.951168,50.067697],[19.951215,50.067802],[19.951148,50.067815],[19.951099,50.067709]]]}},{"type":"Feature","id":"w312081264","properties":{"type":"yes","residential":true,"residents_est":1,"h3_10":"8a1e2e6b18dffff","h3_11":"8b1e2e6b18ddfff"},"geometry":{"type":"Polygon","coordinates":[[[19.95035,50.06791],[19.95036,50.067842],[19.950526,50.067811],[19.950557,50.06787],[19.950502,50.06788],[19.950508,50.067891],[19.950467,50.0679],[19.950462,50.067889],[19.95035,50.06791]]]}},{"type":"Feature","id":"w318925328","properties":{"type":"service","levels":3.0,"name":"Stacja elektroenergetyczna 110/15 kV „GPZ Centrum Komunikacyjne”","residential":false,"residents_est":0,"h3_10":"8a1e2e6b18e7fff","h3_11":"8b1e2e6b18e2fff"},"geometry":{"type":"Polygon","coordinates":[[[19.948951,50.069469],[19.948958,50.069463],[19.948967,50.069223],[19.949155,50.069229],[19.949144,50.069495],[19.949098,50.069494],[19.949092,50.069604],[19.948952,50.069602],[19.948957,50.069469],[19.948951,50.069469]]]}},{"type":"Feature","id":"r1765210","properties":{"type":"yes","address":"Wita Stwosza 12","name":"Muzeum Armii Krajowej","residential":true,"residents_est":35,"h3_10":"8a1e2e6b182ffff","h3_11":"8b1e2e6b182dfff"},"geometry":{"type":"Polygon","coordinates":[[[19.948302,50.072292],[19.94847,50.072216],[19.948452,50.072198],[19.948483,50.072183],[19.948516,50.072168],[19.948536,50.072186],[19.948702,50.07211],[19.949112,50.072485],[19.948713,50.072667],[19.948302,50.072292]],[[19.94855,50.07235],[19.948744,50.07253],[19.948899,50.072461],[19.948702,50.072281],[19.94855,50.07235]]]}},{"type":"Feature","id":"w341533623","properties":{"type":"apartments","levels":2.0,"address":"Kątowa 11","residential":true,"residents_est":9,"h3_10":"8a1e2e6b1977fff","h3_11":"8b1e2e6b1972fff"},"geometry":{"type":"Polygon","coordinates":[[[19.947313,50.073638],[19.947524,50.073585],[19.947592,50.073663],[19.947528,50.073684],[19.94764,50.073842],[19.947488,50.073887],[19.947313,50.073638]]]}},{"type":"Feature","id":"w341533636","properties":{"type":"yes","address":"Żelazna 3","residential":true,"residents_est":3,"h3_10":"8a1e2e6b1977fff","h3_11":"8b1e2e6b1976fff"},"geometry":{"type":"Polygon","coordinates":[[[19.946966,50.074178],[19.947198,50.074104],[19.947242,50.074159],[19.947279,50.074145],[19.947264,50.074126],[19.94728,50.074121],[19.947324,50.074183],[19.947049,50.074274],[19.946966,50.074178]]]}},{"type":"Feature","id":"w341533687","properties":{"type":"apartments","address":"Aleja 29 Listopada 5","residential":true,"residents_est":19,"h3_10":"8a1e2e6b190ffff","h3_11":"8b1e2e6b190dfff"},"geometry":{"type":"Polygon","coordinates":[[[19.946519,50.073914],[19.946539,50.073888],[19.946833,50.073794],[19.946891,50.073882],[19.946793,50.073914],[19.946802,50.073923],[19.946765,50.073936],[19.946771,50.073944],[19.946744,50.073953],[19.946727,50.073935],[19.946711,50.07394],[19.946691,50.073956],[19.946695,50.073976],[19.946703,50.073978],[19.946565,50.074022],[19.946519,50.073914]]]}},{"type":"Feature","id":"w341533699","properties":{"type":"apartments","levels":6.0,"address":"Rakowicka 20B","residential":true,"residents_est":68,"h3_10":"8a1e2e6b185ffff","h3_11":"8b1e2e6b1858fff"},"geometry":{"type":"Polygon","coordinates":[[[19.951563,50.069773],[19.951856,50.06963],[19.952182,50.06991],[19.952197,50.069903],[19.952305,50.069995],[19.952291,50.070001],[19.952323,50.070028],[19.952196,50.07009],[19.952165,50.070063],[19.952127,50.070082],[19.952065,50.070029],[19.95208,50.070022],[19.951992,50.069947],[19.951977,50.069954],[19.951916,50.069901],[19.95193,50.069894],[19.951832,50.06981],[19.951689,50.06988],[19.951563,50.069773]]]}},{"type":"Feature","id":"w341533728","properties":{"type":"yes","residential":false,"residents_est":0,"h3_10":"8a1e2e6b1977fff","h3_11":"8b1e2e6b1976fff"},"geometry":{"type":"Polygon","coordinates":[[[19.947027,50.073861],[19.947092,50.07384],[19.947109,50.073866],[19.947044,50.073886],[19.947027,50.073861]]]}},{"type":"Feature","id":"w341533793","properties":{"type":"yes","residential":false,"residents_est":0,"h3_10":"8a1e2e6b1877fff","h3_11":"8b1e2e6b1875fff"},"geometry":{"type":"Polygon","coordinates":[[[19.950233,50.071811],[19.950312,50.071774],[19.950334,50.071793],[19.950253,50.071829],[19.950233,50.071811]]]}},{"type":"Feature","id":"w341533796","properties":{"type":"yes","residential":false,"residents_est":0,"h3_10":"8a1e2e6b18effff","h3_11":"8b1e2e6b18edfff"},"geometry":{"type":"Polygon","coordinates":[[[19.951042,50.069542],[19.951137,50.069495],[19.951164,50.069516],[19.951067,50.069563],[19.951042,50.069542]]]}},{"type":"Feature","id":"w341533807","properties":{"type":"yes","residential":false,"residents_est":0,"h3_10":"8a1e2e6b194ffff","h3_11":"8b1e2e6b194afff"},"geometry":{"type":"Polygon","coordinates":[[[19.950999,50.072918],[19.951058,50.072901],[19.95109,50.072946],[19.951031,50.072964],[19.950999,50.072918]]]}},{"type":"Feature","id":"w341533829","properties":{"type":"yes","residential":false,"residents_est":0,"h3_10":"8a1e2e6b1877fff","h3_11":"8b1e2e6b1874fff"},"geometry":{"type":"Polygon","coordinates":[[[19.949825,50.071991],[19.949904,50.071958],[19.949925,50.071978],[19.949849,50.072014],[19.949825,50.071991]]]}},{"type":"Feature","id":"w341533835","properties":{"type":"yes","residential":true,"residents_est":2,"h3_10":"8a1e2e6b194ffff","h3_11":"8b1e2e6b194afff"},"geometry":{"type":"Polygon","coordinates":[[[19.950619,50.07295],[19.950736,50.072916],[19.950832,50.073045],[19.950715,50.073079],[19.950619,50.07295]]]}},{"type":"Feature","id":"w341533870","properties":{"type":"apartments","levels":6.0,"address":"Rakowicka 20C","residential":true,"residents_est":156,"h3_10":"8a1e2e6b185ffff","h3_11":"8b1e2e6b185efff"},"geometry":{"type":"Polygon","coordinates":[[[19.951087,50.069747],[19.951391,50.069599],[19.951451,50.069736],[19.95133,50.069795],[19.951504,50.070031],[19.951511,50.070037],[19.951526,50.070034],[19.951498,50.070048],[19.951511,50.070059],[19.951526,50.070052],[19.951556,50.070077],[19.951569,50.070071],[19.951601,50.070099],[19.951588,50.070105],[19.951659,50.070165],[19.951673,50.070158],[19.951678,50.070163],[19.951664,50.070169],[19.951706,50.070205],[19.95172,50.070198],[19.951781,50.07025],[19.951752,50.070264],[19.951764,50.070274],[19.951781,50.070269],[19.951854,50.070331],[19.951918,50.0703],[19.951937,50.070317],[19.951959,50.070306],[19.951923,50.070275],[19.952125,50.070177],[19.952161,50.070208],[19.952183,50.070197],[19.952163,50.070181],[19.952228,50.070149],[19.95221,50.070134],[19.952361,50.07006],[19.952489,50.070169],[19.951814,50.070497],[19.951705,50.070404],[19.951722,50.070396],[19.951708,50.070385],[19.951693,50.070392],[19.951618,50.070329],[19.951603,50.070336],[19.951542,50.070283],[19.951556,50.070277],[19.951467,50.070201],[19.951454,50.070207],[19.951394,50.070156],[19.951407,50.07015],[19.951341,50.070095],[19.951161,50.069849],[19.951147,50.069854],[19.951099,50.069788],[19.951114,50.069783],[19.951087,50.069747]]]}},{"type":"Feature","id":"w341533911","properties":{"type":"apartments","address":"Aleja 29 Listopada 9","residential":true,"residents_est":9,"h3_10":"8a1e2e6b1977fff","h3_11":"8b1e2e6b1976fff"},"geometry":{"type":"Polygon","coordinates":[[[19.946623,50.074148],[19.946756,50.074105],[19.946844,50.074219],[19.94671,50.074262],[19.946623,50.074148]]]}},{"type":"Feature","id":"w341533926","properties":{"type":"yes","residential":false,"residents_est":0,"h3_10":"8a1e2e6b1877fff","h3_11":"8b1e2e6b1875fff"},"geometry":{"type":"Polygon","coordinates":[[[19.950312,50.071774],[19.950371,50.071747],[19.950402,50.071775],[19.950344,50.071801],[19.950312,50.071774]]]}},{"type":"Feature","id":"w341533933","properties":{"type":"service","residential":false,"residents_est":0,"h3_10":"8a1e2e6b18e7fff","h3_11":"8b1e2e6b18e0fff"},"geometry":{"type":"Polygon","coordinates":[[[19.949027,50.069812],[19.949122,50.069813],[19.949121,50.069847],[19.949035,50.069846],[19.949027,50.069812]]]}},{"type":"Feature","id":"w341533939","properties":{"type":"apartments","levels":4.0,"address":"Rakowicka 20A","residential":true,"residents_est":119,"h3_10":"8a1e2e6b185ffff","h3_11":"8b1e2e6b185bfff"},"geometry":{"type":"Polygon","coordinates":[[[19.952082,50.06952],[19.952381,50.069375],[19.952507,50.069482],[19.952339,50.069564],[19.952359,50.069581],[19.952394,50.069564],[19.952399,50.069569],[19.952384,50.069576],[19.952512,50.069685],[19.952527,50.069678],[19.952533,50.069682],[19.95249,50.069703],[19.952512,50.069722],[19.95254,50.069709],[19.952558,50.069725],[19.952575,50.069717],[19.952731,50.069851],[19.952716,50.069858],[19.952817,50.069945],[19.9528,50.069953],[19.952823,50.069973],[19.953028,50.069873],[19.953018,50.069864],[19.953054,50.069846],[19.953085,50.069873],[19.953113,50.069859],[19.953091,50.069841],[19.953148,50.069814],[19.953139,50.069805],[19.953156,50.069802],[19.952957,50.069531],[19.952978,50.069525],[19.952969,50.069513],[19.952948,50.069519],[19.952884,50.06943],[19.953064,50.069406],[19.953087,50.069437],[19.953113,50.069429],[19.953406,50.069831],[19.953303,50.069882],[19.953292,50.069873],[19.953255,50.06989],[19.953267,50.0699],[19.952785,50.070136],[19.952732,50.07009],[19.952746,50.070083],[19.952566,50.06993],[19.952552,50.069937],[19.952499,50.069892],[19.952512,50.069886],[19.952461,50.06984],[19.952368,50.069762],[19.952355,50.069768],[19.952295,50.069717],[19.952309,50.069711],[19.952082,50.06952]]]}},{"type":"Feature","id":"w341533972","properties":{"type":"yes","residential":true,"residents_est":1,"h3_10":"8a1e2e6b1977fff","h3_11":"8b1e2e6b1976fff"},"geometry":{"type":"Polygon","coordinates":[[[19.947044,50.073886],[19.947109,50.073866],[19.947162,50.073946],[19.9471,50.073964],[19.947044,50.073886]]]}},{"type":"Feature","id":"w341533990","properties":{"type":"apartments","address":"Kątowa 6","residential":true,"residents_est":17,"h3_10":"8a1e2e6b1977fff","h3_11":"8b1e2e6b1972fff"},"geometry":{"type":"Polygon","coordinates":[[[19.947017,50.073736],[19.94722,50.073669],[19.947354,50.073861],[19.947266,50.073891],[19.947204,50.073804],[19.947092,50.07384],[19.947017,50.073736]]]}},{"type":"Feature","id":"w341533998","properties":{"type":"service","residential":false,"residents_est":0,"h3_10":"8a1e2e6b18e7fff","h3_11":"8b1e2e6b18e0fff"},"geometry":{"type":"Polygon","coordinates":[[[19.948949,50.069662],[19.948952,50.069602],[19.949092,50.069604],[19.949089,50.069683],[19.948965,50.069683],[19.948949,50.069662]]]}},{"type":"Feature","id":"w341534011","properties":{"type":"apartments","address":"Kątowa 4","residential":true,"residents_est":11,"h3_10":"8a1e2e6b190ffff","h3_11":"8b1e2e6b190dfff"},"geometry":{"type":"Polygon","coordinates":[[[19.946833,50.073794],[19.947017,50.073736],[19.947092,50.07384],[19.946904,50.0739],[19.946833,50.073794]]]}},{"type":"Feature","id":"w341534014","properties":{"type":"apartments","address":"Aleja 29 Listopada 7","residential":true,"residents_est":10,"h3_10":"8a1e2e6b192ffff","h3_11":"8b1e2e6b192bfff"},"geometry":{"type":"Polygon","coordinates":[[[19.946565,50.074022],[19.94672,50.073973],[19.946773,50.074099],[19.94662,50.074149],[19.946565,50.074022]]]}},{"type":"Feature","id":"w341534037","properties":{"type":"apartments","address":"Żelazna 1","residential":true,"residents_est":15,"h3_10":"8a1e2e6b192ffff","h3_11":"8b1e2e6b1929fff"},"geometry":{"type":"Polygon","coordinates":[[[19.94667,50.074275],[19.946827,50.074225],[19.946853,50.074257],[19.946992,50.074212],[19.947049,50.074274],[19.946737,50.074375],[19.946707,50.074367],[19.94667,50.074275]]]}},{"type":"Feature","id":"w352863454","properties":{"type":"yes","levels":1.0,"residential":true,"residents_est":5,"h3_10":"8a1e2e6b18a7fff","h3_11":"8b1e2e6b18a1fff"},"geometry":{"type":"Polygon","coordinates":[[[19.944549,50.069364],[19.94459,50.069351],[19.944563,50.069311],[19.944975,50.069226],[19.944941,50.069437],[19.944919,50.069435],[19.944911,50.069521],[19.944932,50.069523],[19.944916,50.069617],[19.944657,50.069691],[19.944677,50.069567],[19.944646,50.069564],[19.944654,50.069505],[19.944686,50.069507],[19.944693,50.069452],[19.944653,50.069454],[19.944608,50.069385],[19.944575,50.069395],[19.944549,50.069364]]]}},{"type":"Feature","id":"w365404293","properties":{"type":"roof","levels":1.0,"residential":false,"residents_est":0,"h3_10":"8a1e2e6b18d7fff","h3_11":"8b1e2e6b18d4fff"},"geometry":{"type":"Polygon","coordinates":[[[19.946964,50.069188],[19.947027,50.067641],[19.948782,50.06767],[19.948751,50.068427],[19.94871,50.069218],[19.946964,50.069188]]]}},{"type":"Feature","id":"r6396466","properties":{"type":"university","levels":7.0,"address":"Szlak 44","name":"Wydział Inżynierii i Technologii Chemicznej","residential":false,"residents_est":0,"h3_10":"8a1e2e6b19b7fff","h3_11":"8b1e2e6b19b1fff"},"geometry":{"type":"Polygon","coordinates":[[[19.940206,50.07137],[19.941376,50.071109],[19.941485,50.07131],[19.94148,50.071311],[19.941487,50.071323],[19.941497,50.071321],[19.941501,50.071328],[19.941504,50.071335],[19.941495,50.071337],[19.94153,50.071394],[19.94036,50.071655],[19.940206,50.07137]],[[19.940483,50.071371],[19.940541,50.071478],[19.941178,50.071336],[19.94112,50.071229],[19.940483,50.071371]]]}},{"type":"Feature","id":"w429972231","properties":{"type":"university","levels":4.0,"name":"Małopolskie laboratorium budownictwa energooszczędnego","residential":false,"residents_est":0,"h3_10":"8a1e2e6b19b7fff","h3_11":"8b1e2e6b19b6fff"},"geometry":{"type":"Polygon","coordinates":[[[19.939635,50.071407],[19.939797,50.071371],[19.939809,50.071393],[19.939851,50.071383],[19.939886,50.071446],[19.939909,50.071441],[19.939935,50.071489],[19.939914,50.071494],[19.939924,50.071513],[19.939767,50.071548],[19.939734,50.071489],[19.939679,50.071502],[19.939635,50.071407]]]}},{"type":"Feature","id":"w429972232","properties":{"type":"retail","residential":false,"residents_est":0,"h3_10":"8a1e2e6b19affff","h3_11":"8b1e2e6b19aafff"},"geometry":{"type":"Polygon","coordinates":[[[19.942912,50.071554],[19.942982,50.071458],[19.942998,50.071458],[19.943072,50.07153],[19.943055,50.071553],[19.943034,50.071554],[19.943026,50.071567],[19.943012,50.071555],[19.942921,50.071562],[19.942912,50.071554]]]}},{"type":"Feature","id":"w429972235","properties":{"type":"yes","residential":false,"residents_est":0,"h3_10":"8a1e2e6b19a7fff","h3_11":"8b1e2e6b19a6fff"},"geometry":{"type":"Polygon","coordinates":[[[19.940768,50.072074],[19.940852,50.072055],[19.940875,50.072098],[19.940791,50.072116],[19.940768,50.072074]]]}},{"type":"Feature","id":"w429972239","properties":{"type":"yes","residential":false,"residents_est":0,"h3_10":"8a1e2e6b19a7fff","h3_11":"8b1e2e6b19a6fff"},"geometry":{"type":"Polygon","coordinates":[[[19.940827,50.072159],[19.940908,50.072141],[19.940925,50.072172],[19.940842,50.072189],[19.940827,50.072159]]]}},{"type":"Feature","id":"w429972241","properties":{"type":"yes","residential":true,"residents_est":0,"h3_10":"8a1e2e6b19a7fff","h3_11":"8b1e2e6b19a2fff"},"geometry":{"type":"Polygon","coordinates":[[[19.941391,50.071934],[19.941409,50.07193],[19.941395,50.071903],[19.941492,50.071882],[19.941529,50.071951],[19.941414,50.071976],[19.941391,50.071934]]]}},{"type":"Feature","id":"w465629268","properties":{"type":"university","levels":6.0,"address":"Warszawska 24","name":"Wydział Inżynierii Środowiska i Energetyki","residential":false,"residents_est":0,"h3_10":"8a1e2e6b19affff","h3_11":"8b1e2e6b19adfff"},"geometry":{"type":"Polygon","coordinates":[[[19.943594,50.072018],[19.943791,50.071963],[19.943878,50.07209],[19.943977,50.07206],[19.944204,50.072392],[19.944105,50.07242],[19.944191,50.072547],[19.943996,50.072603],[19.943906,50.072474],[19.943928,50.072468],[19.943847,50.072349],[19.943808,50.072359],[19.94375,50.072274],[19.943788,50.072263],[19.943704,50.072142],[19.943682,50.072147],[19.943594,50.072018]]]}},{"type":"Feature","id":"w518935000","properties":{"type":"apartments","levels":4.0,"residential":true,"residents_est":8,"h3_10":"8a1e2e6b189ffff","h3_11":"8b1e2e6b189dfff"},"geometry":{"type":"Polygon","coordinates":[[[19.944903,50.067875],[19.945041,50.067874],[19.945052,50.068053],[19.944957,50.06805],[19.944903,50.067875]]]}},{"type":"Feature","id":"w522355527","properties":{"type":"commercial","levels":6.0,"address":"Pawia 7","name":"High5ive - Budynek 1","residential":false,"residents_est":0,"h3_10":"8a1e2e6b18affff","h3_11":"8b1e2e6b18acfff"},"geometry":{"type":"Polygon","coordinates":[[[19.945296,50.070267],[19.945411,50.069482],[19.945441,50.069482],[19.945445,50.069418],[19.945421,50.069416],[19.945445,50.069255],[19.945648,50.069271],[19.945639,50.069341],[19.945724,50.069353],[19.945606,50.070184],[19.945479,50.070278],[19.945296,50.070267]]]}},{"type":"Feature","id":"w522355530","properties":{"type":"office","levels":6.0,"address":"Pawia 9","name":"High5ive - Budynek 2","residential":false,"residents_est":0,"h3_10":"8a1e2e6b181ffff","h3_11":"8b1e2e6b181efff"},"geometry":{"type":"Polygon","coordinates":[[[19.94619,50.070301],[19.946207,50.069589],[19.946493,50.069592],[19.946464,50.070304],[19.94619,50.070301]]]}},{"type":"Feature","id":"w522355532","properties":{"type":"commercial","name":"High5ive - Budynek 3","residential":false,"residents_est":0,"h3_10":"8a1e2e6b1837fff","h3_11":"8b1e2e6b1833fff"},"geometry":{"type":"Polygon","coordinates":[[[19.945195,50.071446],[19.945263,50.070951],[19.945546,50.070968],[19.945516,50.071139],[19.945893,50.071154],[19.945844,50.07148],[19.945529,50.071463],[19.945532,50.071421],[19.945432,50.071416],[19.945426,50.071458],[19.945195,50.071446]]]}},{"type":"Feature","id":"w522355533","properties":{"type":"commercial","levels":9.0,"address":"Pawia 23","name":"High5ive - Budynek 5","residential":false,"residents_est":0,"h3_10":"8a1e2e6b191ffff","h3_11":"8b1e2e6b1919fff"},"geometry":{"type":"Polygon","coordinates":[[[19.945406,50.072467],[19.945506,50.072474],[19.945495,50.072486],[19.945587,50.072492],[19.945607,50.072474],[19.945712,50.072481],[19.945701,50.072547],[19.945925,50.072561],[19.945548,50.073118],[19.945409,50.073081],[19.945442,50.072801],[19.945477,50.072795],[19.945406,50.072467]]]}},{"type":"Feature","id":"w522355534","properties":{"type":"commercial","levels":7.0,"address":"Pawia 21","name":"High5ive - Budynek 4","residential":false,"residents_est":0,"h3_10":"8a1e2e6b1827fff","h3_11":"8b1e2e6b1826fff"},"geometry":{"type":"Polygon","coordinates":[[[19.945228,50.071662],[19.946317,50.071712],[19.946099,50.072221],[19.946071,50.072219],[19.946061,50.072254],[19.946084,50.07226],[19.946018,50.072392],[19.945665,50.072367],[19.94567,50.072339],[19.945592,50.072057],[19.945818,50.072064],[19.945893,50.07188],[19.945551,50.071861],[19.945289,50.071909],[19.945228,50.071662]]]}},{"type":"Feature","id":"w522355536","properties":{"type":"commercial","levels":7.0,"name":"High5ive - Budynek 4","residential":false,"residents_est":0,"h3_10":"8a1e2e6b191ffff","h3_11":"8b1e2e6b191bfff"},"geometry":{"type":"Polygon","coordinates":[[[19.945289,50.071909],[19.945551,50.071861],[19.945592,50.072057],[19.94567,50.072339],[19.945572,50.072333],[19.945562,50.072344],[19.945366,50.072331],[19.945289,50.071909]]]}},{"type":"Feature","id":"w534311430","properties":{"type":"commercial","levels":2.0,"residential":false,"residents_est":0,"h3_10":"8a1e2e6b18dffff","h3_11":"8b1e2e6b18defff"},"geometry":{"type":"Polygon","coordinates":[[[19.94882,50.067727],[19.94884,50.067221],[19.949644,50.067233],[19.949637,50.067325],[19.94894,50.067311],[19.948923,50.067641],[19.949001,50.067642],[19.948995,50.06773],[19.94882,50.067727]]]}},{"type":"Feature","id":"w557823097","properties":{"type":"service","levels":1.0,"residential":false,"residents_est":0,"h3_10":"8a1e2e6b18dffff","h3_11":"8b1e2e6b18dbfff"},"geometry":{"type":"Polygon","coordinates":[[[19.950286,50.067081],[19.950353,50.06707],[19.950369,50.067111],[19.950303,50.067122],[19.950286,50.067081]]]}},{"type":"Feature","id":"w563016830","properties":{"type":"apartments","levels":5.0,"address":"Rakowicka 22j","residential":true,"residents_est":118,"h3_10":"8a1e2e6b1847fff","h3_11":"8b1e2e6b1843fff"},"geometry":{"type":"Polygon","coordinates":[[[19.951814,50.070669],[19.951998,50.070617],[19.95222,50.070916],[19.95278,50.070747],[19.952562,50.070444],[19.952744,50.07039],[19.953031,50.070795],[19.952116,50.071083],[19.951814,50.070669]]]}},{"type":"Feature","id":"w563016832","properties":{"type":"apartments","levels":6.0,"address":"Rakowicka 22h","residential":true,"residents_est":116,"h3_10":"8a1e2e6b1847fff","h3_11":"8b1e2e6b1841fff"},"geometry":{"type":"Polygon","coordinates":[[[19.952265,50.071154],[19.952457,50.071099],[19.952636,50.071348],[19.952708,50.071324],[19.952701,50.071307],[19.952967,50.071232],[19.952984,50.071246],[19.953097,50.071205],[19.952997,50.071067],[19.953017,50.07106],[19.952936,50.07095],[19.953108,50.070896],[19.953344,50.071246],[19.952515,50.071491],[19.952265,50.071154]]]}},{"type":"Feature","id":"w563016835","properties":{"type":"apartments","address":"Rakowicka 20h","residential":true,"residents_est":73,"h3_10":"8a1e2e6b1847fff","h3_11":"8b1e2e6b1842fff"},"geometry":{"type":"Polygon","coordinates":[[[19.951027,50.071067],[19.951084,50.071041],[19.951065,50.071021],[19.951204,50.070959],[19.951221,50.070976],[19.951305,50.070939],[19.951279,50.07092],[19.9514,50.07087],[19.951423,50.070891],[19.951502,50.070851],[19.951481,50.070833],[19.95162,50.070773],[19.951659,50.070806],[19.951737,50.070784],[19.95191,50.071018],[19.951719,50.071076],[19.951608,50.070928],[19.951295,50.071072],[19.951398,50.071165],[19.951219,50.071247],[19.951027,50.071067]]]}},{"type":"Feature","id":"w563016838","properties":{"type":"apartments","address":"Rakowicka 20g","residential":true,"residents_est":65,"h3_10":"8a1e2e6b1847fff","h3_11":"8b1e2e6b1844fff"},"geometry":{"type":"Polygon","coordinates":[[[19.951711,50.071615],[19.952035,50.071517],[19.95181,50.071204],[19.951998,50.071143],[19.952303,50.071562],[19.951789,50.07172],[19.951711,50.071615]]]}},{"type":"Feature","id":"w599427143","properties":{"type":"civic","levels":0.0,"address":"Rakowicka 22","residential":false,"residents_est":0,"h3_10":"8a1e2e6b184ffff","h3_11":"8b1e2e6b184dfff"},"geometry":{"type":"Polygon","coordinates":[[[19.953894,50.070862],[19.954065,50.07081],[19.954162,50.070945],[19.954175,50.070941],[19.954298,50.071112],[19.954286,50.071115],[19.954383,50.07125],[19.954211,50.071301],[19.954152,50.071219],[19.954196,50.071205],[19.954159,50.071153],[19.954077,50.071177],[19.953953,50.071008],[19.954036,50.070983],[19.953998,50.070931],[19.953954,50.070945],[19.953894,50.070862]]]}},{"type":"Feature","id":"w603765514","properties":{"type":"transportation","levels":1.0,"address":"Bosacka 20","residential":false,"residents_est":0,"h3_10":"8a1e2e6b18c7fff","h3_11":"8b1e2e6b18c0fff"},"geometry":{"type":"Polygon","coordinates":[[[19.949183,50.068659],[19.949191,50.068654],[19.949192,50.068624],[19.949185,50.068624],[19.949185,50.068619],[19.949247,50.06862],[19.949246,50.068659],[19.949183,50.068659]]]}},{"type":"Feature","id":"w614597186","properties":{"type":"service","residential":false,"residents_est":0,"h3_10":"8a1e2e6b1907fff","h3_11":"8b1e2e6b1900fff"},"geometry":{"type":"Polygon","coordinates":[[[19.944591,50.073784],[19.94464,50.073748],[19.944695,50.073777],[19.944647,50.073813],[19.944591,50.073784]]]}},{"type":"Feature","id":"w623768747","properties":{"type":"apartments","levels":6.0,"address":"Rakowicka 22C","residential":true,"residents_est":169,"h3_10":"8a1e2e6b186ffff","h3_11":"8b1e2e6b1868fff"},"geometry":{"type":"Polygon","coordinates":[[[19.952548,50.071733],[19.952766,50.071668],[19.952808,50.071727],[19.952786,50.071734],[19.952929,50.071933],[19.952918,50.071936],[19.952948,50.071977],[19.952971,50.07197],[19.953,50.07201],[19.952976,50.072018],[19.953009,50.072064],[19.953082,50.072043],[19.953073,50.072031],[19.953156,50.072006],[19.953164,50.072018],[19.953245,50.071994],[19.953234,50.07198],[19.953326,50.071952],[19.953335,50.071965],[19.953397,50.071947],[19.953364,50.071901],[19.953341,50.071908],[19.953314,50.07187],[19.953339,50.071863],[19.953309,50.071822],[19.953289,50.071828],[19.953256,50.071782],[19.953297,50.07177],[19.953286,50.071755],[19.953263,50.071762],[19.953231,50.071717],[19.953214,50.071722],[19.953149,50.071632],[19.953125,50.071639],[19.953075,50.071571],[19.953302,50.071503],[19.953674,50.072013],[19.953356,50.072108],[19.953347,50.072096],[19.953222,50.072134],[19.953232,50.072148],[19.95291,50.072245],[19.95276,50.072039],[19.952789,50.07203],[19.952755,50.071984],[19.952735,50.07199],[19.952692,50.071931],[19.952712,50.071925],[19.95268,50.07188],[19.952659,50.071887],[19.952548,50.071733]]]}},{"type":"Feature","id":"w623768748","properties":{"type":"apartments","address":"Rakowicka 20f","residential":true,"residents_est":46,"h3_10":"8a1e2e6b1877fff","h3_11":"8b1e2e6b1873fff"},"geometry":{"type":"Polygon","coordinates":[[[19.950271,50.071385],[19.950776,50.071159],[19.950964,50.071327],[19.950831,50.071388],[19.95074,50.071303],[19.950498,50.071413],[19.950592,50.071496],[19.950458,50.071554],[19.950271,50.071385]]]}},{"type":"Feature","id":"w638026871","properties":{"type":"yes","levels":1.0,"residential":true,"residents_est":1,"h3_10":"8a1e2e6b18a7fff","h3_11":"8b1e2e6b18a0fff"},"geometry":{"type":"Polygon","coordinates":[[[19.943955,50.069782],[19.944124,50.069761],[19.944143,50.069832],[19.943982,50.06988],[19.943955,50.069782]]]}},{"type":"Feature","id":"w638026872","properties":{"type":"yes","levels":3.0,"residential":true,"residents_est":2,"h3_10":"8a1e2e6b18a7fff","h3_11":"8b1e2e6b18a3fff"},"geometry":{"type":"Polygon","coordinates":[[[19.944312,50.069331],[19.944479,50.06931],[19.944509,50.069375],[19.944332,50.069396],[19.944312,50.069331]]]}},{"type":"Feature","id":"w638026873","properties":{"type":"yes","levels":3.0,"residential":true,"residents_est":5,"h3_10":"8a1e2e6b18a7fff","h3_11":"8b1e2e6b18a2fff"},"geometry":{"type":"Polygon","coordinates":[[[19.943939,50.06939],[19.943952,50.069373],[19.943961,50.069372],[19.943956,50.06935],[19.944315,50.069302],[19.944325,50.069329],[19.944312,50.069331],[19.944332,50.069396],[19.943954,50.06944],[19.943939,50.06939]]]}},{"type":"Feature","id":"w638026875","properties":{"type":"yes","levels":2.0,"residential":true,"residents_est":1,"h3_10":"8a1e2e6b18a7fff","h3_11":"8b1e2e6b18a2fff"},"geometry":{"type":"Polygon","coordinates":[[[19.943837,50.069422],[19.943943,50.069408],[19.943954,50.06944],[19.943939,50.069486],[19.943855,50.069496],[19.943837,50.069422]]]}},{"type":"Feature","id":"w638026876","properties":{"type":"yes","levels":1.0,"residential":true,"residents_est":2,"h3_10":"8a1e2e6b1887fff","h3_11":"8b1e2e6b1884fff"},"geometry":{"type":"Polygon","coordinates":[[[19.944151,50.068997],[19.944326,50.068958],[19.944422,50.069177],[19.94424,50.069205],[19.944151,50.068997]]]}},{"type":"Feature","id":"w692077181","properties":{"type":"yes","levels":6.0,"residential":true,"residents_est":15,"h3_10":"8a1e2e6b189ffff","h3_11":"8b1e2e6b189afff"},"geometry":{"type":"Polygon","coordinates":[[[19.944367,50.067033],[19.94443,50.067032],[19.944428,50.06696],[19.944555,50.066958],[19.944559,50.067031],[19.944651,50.067031],[19.944656,50.067189],[19.944376,50.06719],[19.944367,50.067033]]]}},{"type":"Feature","id":"w692487584","properties":{"type":"service","residential":false,"residents_est":0,"h3_10":"8a1e2e6b1997fff","h3_11":"8b1e2e6b1995fff"},"geometry":{"type":"Polygon","coordinates":[[[19.941047,50.070721],[19.941125,50.070707],[19.941147,50.070756],[19.941074,50.070779],[19.941047,50.070721]]]}},{"type":"Feature","id":"w692487585","properties":{"type":"yes","residential":false,"residents_est":0,"h3_10":"8a1e2e6b1997fff","h3_11":"8b1e2e6b1994fff"},"geometry":{"type":"Polygon","coordinates":[[[19.940535,50.070653],[19.940564,50.070647],[19.940612,50.070726],[19.940577,50.070738],[19.940535,50.070653]]]}},{"type":"Feature","id":"w692487586","properties":{"type":"office","address":"Szlak 49","residential":false,"residents_est":0,"h3_10":"8a1e2e6b19b7fff","h3_11":"8b1e2e6b19b2fff"},"geometry":{"type":"Polygon","coordinates":[[[19.939372,50.070907],[19.939612,50.07087],[19.939697,50.07109],[19.939789,50.071076],[19.939829,50.07119],[19.939508,50.071242],[19.939515,50.07126],[19.93946,50.071272],[19.939393,50.07114],[19.939458,50.071129],[19.939372,50.070907]]]}},{"type":"Feature","id":"w692587678","properties":{"type":"apartments","levels":3.0,"residential":true,"residents_est":8,"h3_10":"8a1e2e6b18dffff","h3_11":"8b1e2e6b18d9fff"},"geometry":{"type":"Polygon","coordinates":[[[19.950451,50.067554],[19.950692,50.067515],[19.950735,50.067628],[19.950494,50.067668],[19.950451,50.067554]]]}},{"type":"Feature","id":"w692587682","properties":{"type":"yes","residential":true,"residents_est":1,"h3_10":"8a1e2e6b18cffff","h3_11":"8b1e2e6b18cbfff"},"geometry":{"type":"Polygon","coordinates":[[[19.951456,50.067549],[19.951546,50.067535],[19.951621,50.067703],[19.951567,50.067708],[19.951542,50.067651],[19.95153,50.067654],[19.951524,50.067638],[19.951535,50.067636],[19.951533,50.067632],[19.951496,50.067639],[19.951456,50.067549]]]}},{"type":"Feature","id":"w692587686","properties":{"type":"yes","residential":true,"residents_est":3,"h3_10":"8a1e2e6b18c7fff","h3_11":"8b1e2e6b18c6fff"},"geometry":{"type":"Polygon","coordinates":[[[19.948775,50.068615],[19.948782,50.068425],[19.948958,50.068429],[19.948956,50.068543],[19.948912,50.068542],[19.948909,50.068616],[19.948775,50.068615]]]}},{"type":"Feature","id":"w693614249","properties":{"type":"apartments","address":"Rakowicka 20E","residential":true,"residents_est":62,"h3_10":"8a1e2e6b1867fff","h3_11":"8b1e2e6b1862fff"},"geometry":{"type":"Polygon","coordinates":[[[19.95108,50.071805],[19.951417,50.071703],[19.951206,50.071415],[19.951397,50.071358],[19.951683,50.07175],[19.951156,50.071909],[19.95108,50.071805]]]}},{"type":"Feature","id":"w693614250","properties":{"type":"apartments","address":"Rakowicka 20D","residential":true,"residents_est":40,"h3_10":"8a1e2e6b1877fff","h3_11":"8b1e2e6b1875fff"},"geometry":{"type":"Polygon","coordinates":[[[19.950568,50.071636],[19.950757,50.071578],[19.951032,50.071951],[19.950838,50.072007],[19.950568,50.071636]]]}},{"type":"Feature","id":"w693614253","properties":{"type":"apartments","levels":6.0,"address":"Rakowicka 22D","residential":true,"residents_est":142,"h3_10":"8a1e2e6b1867fff","h3_11":"8b1e2e6b1861fff"},"geometry":{"type":"Polygon","coordinates":[[[19.951464,50.072144],[19.951686,50.072076],[19.951731,50.072136],[19.951706,50.072144],[19.951811,50.072285],[19.951792,50.072291],[19.951875,50.072402],[19.951944,50.072381],[19.951942,50.072367],[19.952011,50.072346],[19.952021,50.072359],[19.952127,50.072328],[19.952114,50.072311],[19.952185,50.072289],[19.952196,50.072304],[19.952268,50.072282],[19.952242,50.072246],[19.952221,50.072252],[19.952187,50.072207],[19.952208,50.072201],[19.952154,50.072128],[19.952133,50.072135],[19.952094,50.072082],[19.952117,50.072075],[19.952089,50.072036],[19.952064,50.072044],[19.952015,50.071978],[19.952221,50.071915],[19.952338,50.072072],[19.952317,50.072078],[19.952375,50.072156],[19.95239,50.072151],[19.952536,50.072347],[19.952234,50.07244],[19.95222,50.072422],[19.952064,50.07247],[19.952075,50.072484],[19.951784,50.072573],[19.951464,50.072144]]]}},{"type":"Feature","id":"w693614255","properties":{"type":"public","address":"Rakowicka 22e","name":"Archiwum Narodowe w Krakowie","residential":false,"residents_est":0,"h3_10":"8a1e2e6b194ffff","h3_11":"8b1e2e6b194bfff"},"geometry":{"type":"Polygon","coordinates":[[[19.950911,50.072658],[19.951353,50.072523],[19.951581,50.07284],[19.951548,50.072851],[19.951574,50.07288],[19.951829,50.072804],[19.95195,50.072983],[19.951489,50.07312],[19.951362,50.072947],[19.951383,50.07294],[19.951359,50.072906],[19.95114,50.072977],[19.950911,50.072658]]]}},{"type":"Feature","id":"w693614870","properties":{"type":"yes","levels":1.0,"residential":true,"residents_est":3,"h3_10":"8a1e2e6b1827fff","h3_11":"8b1e2e6b1825fff"},"geometry":{"type":"Polygon","coordinates":[[[19.946837,50.072708],[19.947019,50.072531],[19.94704,50.072541],[19.947116,50.072467],[19.947251,50.072524],[19.946992,50.072775],[19.946837,50.072708]]]}},{"type":"Feature","id":"w693614871","properties":{"type":"garages","residential":false,"residents_est":0,"h3_10":"8a1e2e6b1827fff","h3_11":"8b1e2e6b1821fff"},"geometry":{"type":"Polygon","coordinates":[[[19.947161,50.072429],[19.947306,50.072288],[19.947433,50.072342],[19.947288,50.072483],[19.947161,50.072429]]]}},{"type":"Feature","id":"r9639189","properties":{"type":"yes","residential":true,"residents_est":27,"h3_10":"8a1e2e6b1937fff","h3_11":"8b1e2e6b1934fff"},"geometry":{"type":"Polygon","coordinates":[[[19.941825,50.074388],[19.941944,50.074365],[19.941933,50.07434],[19.942303,50.074271],[19.942365,50.074408],[19.942286,50.074422],[19.94238,50.074635],[19.941968,50.074711],[19.941825,50.074388]],[[19.941992,50.074477],[19.94205,50.074602],[19.942178,50.074579],[19.942122,50.074453],[19.941992,50.074477]]]}},{"type":"Feature","id":"w694140495","properties":{"type":"apartments","levels":5.0,"residential":true,"residents_est":9,"h3_10":"8a1e2e6b1887fff","h3_11":"8b1e2e6b1886fff"},"geometry":{"type":"Polygon","coordinates":[[[19.943376,50.068703],[19.943666,50.068655],[19.943694,50.068718],[19.943577,50.068738],[19.94358,50.068745],[19.943531,50.068753],[19.943528,50.068747],[19.943406,50.068768],[19.943376,50.068703]]]}},{"type":"Feature","id":"w694140496","properties":{"type":"apartments","levels":5.0,"residential":true,"residents_est":16,"h3_10":"8a1e2e6b1887fff","h3_11":"8b1e2e6b1886fff"},"geometry":{"type":"Polygon","coordinates":[[[19.943329,50.068585],[19.943549,50.068541],[19.943575,50.068601],[19.943636,50.06859],[19.943666,50.068655],[19.943376,50.068703],[19.943329,50.068585]]]}},{"type":"Feature","id":"w694140497","properties":{"type":"yes","residential":true,"residents_est":3,"h3_10":"8a1e2e6b1887fff","h3_11":"8b1e2e6b1886fff"},"geometry":{"type":"Polygon","coordinates":[[[19.943634,50.068586],[19.943697,50.068573],[19.943688,50.068556],[19.943787,50.068535],[19.943796,50.068554],[19.943842,50.068548],[19.943884,50.068675],[19.943694,50.068718],[19.943634,50.068586]]]}},{"type":"Feature","id":"w694140498","properties":{"type":"yes","levels":1.0,"residential":false,"residents_est":0,"h3_10":"8a1e2e6b1887fff","h3_11":"8b1e2e6b1882fff"},"geometry":{"type":"Polygon","coordinates":[[[19.943759,50.068276],[19.943843,50.068264],[19.943856,50.068302],[19.94377,50.068313],[19.943759,50.068276]]]}},{"type":"Feature","id":"w694140499","properties":{"type":"yes","levels":1.0,"residential":true,"residents_est":1,"h3_10":"8a1e2e6b1887fff","h3_11":"8b1e2e6b1882fff"},"geometry":{"type":"Polygon","coordinates":[[[19.943728,50.068179],[19.943847,50.068164],[19.943881,50.068258],[19.943759,50.068276],[19.943728,50.068179]]]}},{"type":"Feature","id":"w694140500","properties":{"type":"yes","levels":2.0,"residential":true,"residents_est":1,"h3_10":"8a1e2e6b1887fff","h3_11":"8b1e2e6b1882fff"},"geometry":{"type":"Polygon","coordinates":[[[19.943708,50.068107],[19.943843,50.068089],[19.943866,50.068159],[19.943728,50.068179],[19.943708,50.068107]]]}},{"type":"Feature","id":"w777527229","properties":{"type":"connector","levels":3.0,"residential":false,"residents_est":0,"h3_10":"8a1e2e6b185ffff","h3_11":"8b1e2e6b1858fff"},"geometry":{"type":"Polygon","coordinates":[[[19.952229,50.070074],[19.95228,50.070049],[19.952317,50.070082],[19.952265,50.070107],[19.952229,50.070074]]]}},{"type":"Feature","id":"w795625104","properties":{"type":"roof","residential":false,"residents_est":0,"h3_10":"8a1e2e6b181ffff","h3_11":"8b1e2e6b181dfff"},"geometry":{"type":"Polygon","coordinates":[[[19.947417,50.070757],[19.947616,50.070276],[19.947663,50.070284],[19.947464,50.070765],[19.947417,50.070757]]]}},{"type":"Feature","id":"w795625119","properties":{"type":"roof","residential":false,"residents_est":0,"h3_10":"8a1e2e6b181ffff","h3_11":"8b1e2e6b181cfff"},"geometry":{"type":"Polygon","coordinates":[[[19.9469,50.070748],[19.947004,50.070256],[19.947053,50.070259],[19.946949,50.070752],[19.9469,50.070748]]]}},{"type":"Feature","id":"w795625120","properties":{"type":"roof","residential":false,"residents_est":0,"h3_10":"8a1e2e6b181ffff","h3_11":"8b1e2e6b181cfff"},"geometry":{"type":"Polygon","coordinates":[[[19.947202,50.070754],[19.947357,50.070267],[19.947407,50.070273],[19.947249,50.070759],[19.947202,50.070754]]]}},{"type":"Feature","id":"w795625121","properties":{"type":"roof","residential":false,"residents_est":0,"h3_10":"8a1e2e6b181ffff","h3_11":"8b1e2e6b181dfff"},"geometry":{"type":"Polygon","coordinates":[[[19.947662,50.070759],[19.947921,50.070283],[19.947965,50.070293],[19.947708,50.070768],[19.947662,50.070759]]]}},{"type":"Feature","id":"w795625122","properties":{"type":"roof","residential":false,"residents_est":0,"h3_10":"8a1e2e6b180ffff","h3_11":"8b1e2e6b180afff"},"geometry":{"type":"Polygon","coordinates":[[[19.948026,50.070768],[19.948302,50.070292],[19.948347,50.070305],[19.948073,50.070778],[19.948026,50.070768]]]}},{"type":"Feature","id":"w848212098","properties":{"type":"service","residential":false,"residents_est":0,"h3_10":"8a1e2e6b1987fff","h3_11":"8b1e2e6b1982fff"},"geometry":{"type":"Polygon","coordinates":[[[19.941567,50.070967],[19.941682,50.070941],[19.9417,50.070979],[19.941587,50.071004],[19.941567,50.070967]]]}},{"type":"Feature","id":"w849956945","properties":{"type":"garbage_shed","residential":false,"residents_est":0,"h3_10":"8a1e2e6b1917fff","h3_11":"8b1e2e6b1916fff"},"geometry":{"type":"Polygon","coordinates":[[[19.942614,50.072812],[19.942773,50.072774],[19.942819,50.072849],[19.942646,50.072865],[19.942614,50.072812]]]}},{"type":"Feature","id":"w890958932","properties":{"type":"roof","residential":false,"residents_est":0,"h3_10":"8a1e2e6b186ffff","h3_11":"8b1e2e6b186bfff"},"geometry":{"type":"Polygon","coordinates":[[[19.953758,50.071391],[19.953807,50.071378],[19.953829,50.071411],[19.95378,50.071424],[19.953758,50.071391]]]}},{"type":"Feature","id":"w902010158","properties":{"type":"yes","levels":1.0,"residential":true,"residents_est":13,"h3_10":"8a1e2e6b198ffff","h3_11":"8b1e2e6b1989fff"},"geometry":{"type":"Polygon","coordinates":[[[19.944056,50.070597],[19.944066,50.070596],[19.944061,50.070582],[19.944089,50.070584],[19.94408,50.070541],[19.944619,50.070548],[19.944616,50.070576],[19.944644,50.070577],[19.94464,50.0706],[19.944646,50.0706],[19.94463,50.070706],[19.944618,50.070706],[19.94462,50.070699],[19.944596,50.070698],[19.944595,50.070706],[19.944508,50.0707],[19.944509,50.070772],[19.944607,50.070774],[19.944601,50.070817],[19.944612,50.070818],[19.944597,50.070923],[19.944584,50.070922],[19.944582,50.070943],[19.944593,50.070943],[19.944555,50.071264],[19.944512,50.07122],[19.944501,50.071223],[19.944513,50.071241],[19.944407,50.071272],[19.944173,50.07094],[19.944188,50.070937],[19.944181,50.070918],[19.944166,50.07092],[19.944129,50.070816],[19.94414,50.070815],[19.944122,50.070768],[19.944209,50.070769],[19.944184,50.070701],[19.944094,50.070699],[19.944056,50.070597]]]}},{"type":"Feature","id":"w902010159","properties":{"type":"apartments","address":"Szlak 77","residential":true,"residents_est":199,"h3_10":"8a1e2e6b18a7fff","h3_11":"8b1e2e6b18a5fff"},"geometry":{"type":"Polygon","coordinates":[[[19.943885,50.069956],[19.94448,50.069781],[19.944451,50.06986],[19.944455,50.06986],[19.94443,50.069967],[19.944465,50.06997],[19.944477,50.069863],[19.944597,50.069877],[19.944643,50.069698],[19.944916,50.069617],[19.944899,50.069702],[19.944879,50.0697],[19.944871,50.069734],[19.944887,50.069736],[19.944858,50.069835],[19.94484,50.069832],[19.944833,50.069864],[19.944847,50.069866],[19.94482,50.069966],[19.944804,50.069964],[19.944796,50.069995],[19.944812,50.069997],[19.944783,50.070097],[19.944746,50.070095],[19.944744,50.070102],[19.944711,50.070101],[19.9447,50.070155],[19.944715,50.070155],[19.944712,50.070166],[19.944755,50.070167],[19.944725,50.070284],[19.94469,50.070283],[19.944684,50.07032],[19.943998,50.070312],[19.943986,50.070268],[19.943955,50.070268],[19.943928,50.070161],[19.943959,50.070162],[19.943956,50.070147],[19.943986,50.070147],[19.943988,50.07012],[19.943948,50.070122],[19.943946,50.070112],[19.943918,50.07012],[19.943897,50.070039],[19.943905,50.070038],[19.943885,50.069956]]]}},{"type":"Feature","id":"w1002613101","properties":{"type":"apartments","levels":9.0,"address":"Rakowicka 20J","residential":true,"residents_est":197,"h3_10":"8a1e2e6b1857fff","h3_11":"8b1e2e6b1851fff"},"geometry":{"type":"Polygon","coordinates":[[[19.950682,50.070825],[19.950692,50.070826],[19.950794,50.070777],[19.950754,50.070743],[19.950837,50.070704],[19.950849,50.070714],[19.95092,50.07068],[19.950907,50.07067],[19.951005,50.070622],[19.951078,50.070587],[19.951089,50.070597],[19.951234,50.070526],[19.951127,50.070445],[19.951092,50.070462],[19.951036,50.070415],[19.951072,50.070398],[19.951025,50.070358],[19.951039,50.070351],[19.95094,50.070266],[19.950904,50.070283],[19.950849,50.070237],[19.950885,50.070219],[19.950842,50.070183],[19.951026,50.070093],[19.951171,50.070216],[19.951157,50.070223],[19.951358,50.070395],[19.951344,50.070402],[19.951424,50.07047],[19.951439,50.070463],[19.951514,50.070527],[19.9515,50.070534],[19.951525,50.070555],[19.951503,50.070566],[19.951513,50.070575],[19.951342,50.070658],[19.951332,50.070649],[19.951243,50.070692],[19.951254,50.070702],[19.951246,50.070705],[19.951235,50.070696],[19.951179,50.070723],[19.951189,50.070732],[19.951117,50.070768],[19.951106,50.070758],[19.951049,50.070785],[19.951061,50.070795],[19.951055,50.070797],[19.951045,50.070788],[19.950976,50.070822],[19.950988,50.070831],[19.950797,50.070923],[19.950682,50.070825]]]}},{"type":"Feature","id":"w1039863673","properties":{"type":"garage","levels":1.0,"residential":false,"residents_est":0,"h3_10":"8a1e2e6b189ffff","h3_11":"8b1e2e6b189cfff"},"geometry":{"type":"Polygon","coordinates":[[[19.944031,50.067836],[19.944036,50.067772],[19.944291,50.06778],[19.944286,50.067843],[19.944031,50.067836]]]}},{"type":"Feature","id":"w1074959228","properties":{"type":"yes","levels":4.0,"address":"Kątowa 10","residential":true,"residents_est":8,"h3_10":"8a1e2e6b1977fff","h3_11":"8b1e2e6b1976fff"},"geometry":{"type":"Polygon","coordinates":[[[19.947235,50.073901],[19.947354,50.073861],[19.947524,50.074108],[19.947328,50.074168],[19.947296,50.074121],[19.947369,50.074098],[19.947235,50.073901]]]}},{"type":"Feature","id":"w1213260833","properties":{"type":"apartments","address":"Rakowicka 20L","residential":true,"residents_est":88,"h3_10":"8a1e2e6b1857fff","h3_11":"8b1e2e6b1850fff"},"geometry":{"type":"Polygon","coordinates":[[[19.950272,50.070321],[19.95029,50.07032],[19.950282,50.070196],[19.950322,50.070167],[19.950309,50.070159],[19.950349,50.07013],[19.950363,50.070138],[19.950432,50.070088],[19.950446,50.070096],[19.950515,50.070045],[19.950529,50.070053],[19.950563,50.070029],[19.950744,50.070133],[19.95074,50.070136],[19.950713,50.07012],[19.950683,50.070141],[19.950697,50.070149],[19.950657,50.070178],[19.95063,50.070163],[19.95056,50.070213],[19.950547,50.070205],[19.950517,50.070227],[19.950531,50.070234],[19.950496,50.070259],[19.950504,50.070357],[19.950486,50.070357],[19.950488,50.070389],[19.950506,50.070389],[19.950511,50.070462],[19.950529,50.070462],[19.950534,50.070537],[19.950552,50.070537],[19.950556,50.070608],[19.950575,50.070608],[19.950579,50.070682],[19.950597,50.070681],[19.9506,50.070723],[19.950564,50.070724],[19.950566,50.070756],[19.950584,50.070755],[19.950587,50.070797],[19.95055,50.070798],[19.950552,50.07083],[19.950571,50.070829],[19.950573,50.07087],[19.950343,50.070876],[19.950341,50.070836],[19.950359,50.070835],[19.950355,50.070761],[19.950373,50.070761],[19.950368,50.070687],[19.950386,50.070687],[19.950384,50.070655],[19.950348,50.070656],[19.950345,50.070614],[19.950364,50.070614],[19.950362,50.070582],[19.950325,50.070583],[19.950322,50.070541],[19.950341,50.070541],[19.950339,50.070509],[19.950302,50.07051],[19.9503,50.070468],[19.950318,50.070467],[19.950316,50.070435],[19.950279,50.070436],[19.950277,50.070394],[19.950295,50.070394],[19.950293,50.070362],[19.950275,50.070363],[19.950272,50.070321]]]}},{"type":"Feature","id":"w1224614954","properties":{"type":"yes","address":"Pawia 5a","name":"Burger King","residential":false,"residents_est":0,"h3_10":"8a1e2e6b18d7fff","h3_11":"8b1e2e6b18d1fff"},"geometry":{"type":"Polygon","coordinates":[[[19.948766,50.068054],[19.948776,50.067816],[19.948978,50.06782],[19.948969,50.068057],[19.948766,50.068054]]]}},{"type":"Feature","id":"w1230690077","properties":{"type":"museum","residential":false,"residents_est":0,"h3_10":"8a1e2e6b184ffff","h3_11":"8b1e2e6b184afff"},"geometry":{"type":"Polygon","coordinates":[[[19.953036,50.070316],[19.953263,50.070248],[19.953416,50.07046],[19.953435,50.070455],[19.95346,50.07049],[19.953675,50.070424],[19.95366,50.070404],[19.953859,50.070343],[19.953948,50.070463],[19.953747,50.070523],[19.953731,50.070502],[19.953517,50.070568],[19.95354,50.070601],[19.953523,50.070606],[19.953678,50.070819],[19.95345,50.070887],[19.953296,50.070674],[19.953278,50.07068],[19.953173,50.070534],[19.953191,50.070528],[19.953036,50.070316]]]}},{"type":"Feature","id":"w1298150105","properties":{"type":"yes","residential":false,"residents_est":0,"h3_10":"8a1e2e6b1857fff","h3_11":"8b1e2e6b1850fff"},"geometry":{"type":"Polygon","coordinates":[[[19.950792,50.070471],[19.950868,50.070534],[19.950796,50.07057],[19.950792,50.070471]]]}},{"type":"Feature","id":"w1316321064","properties":{"type":"service","residential":false,"residents_est":0,"h3_10":"8a1e2e6b18cffff","h3_11":"8b1e2e6b18cbfff"},"geometry":{"type":"Polygon","coordinates":[[[19.951408,50.067994],[19.951559,50.067968],[19.951575,50.068005],[19.951424,50.068031],[19.951408,50.067994]]]}},{"type":"Feature","id":"w1339343146","properties":{"type":"apartments","levels":4.0,"residential":true,"residents_est":10,"h3_10":"8a1e2e6b18cffff","h3_11":"8b1e2e6b18cbfff"},"geometry":{"type":"Polygon","coordinates":[[[19.951216,50.067805],[19.951421,50.067768],[19.951476,50.067893],[19.951273,50.06793],[19.951216,50.067805]]]}},{"type":"Feature","id":"w1339344411","properties":{"type":"kiosk","levels":1.0,"residential":false,"residents_est":0,"h3_10":"8a1e2e6b18dffff","h3_11":"8b1e2e6b18dbfff"},"geometry":{"type":"Polygon","coordinates":[[[19.949943,50.06716],[19.950007,50.067149],[19.950025,50.067192],[19.949961,50.067203],[19.949943,50.06716]]]}},{"type":"Feature","id":"w1367179950","properties":{"type":"service","residential":false,"residents_est":0,"h3_10":"8a1e2e6b190ffff","h3_11":"8b1e2e6b190efff"},"geometry":{"type":"Polygon","coordinates":[[[19.945402,50.073309],[19.945415,50.07329],[19.945446,50.073299],[19.945486,50.07324],[19.945542,50.073255],[19.945533,50.073269],[19.94548,50.073255],[19.94545,50.073299],[19.945491,50.07331],[19.945478,50.073329],[19.945402,50.073309]]]}},{"type":"Feature","id":"w1392740613","properties":{"type":"yes","residential":true,"residents_est":12,"h3_10":"8a1e2e6b1977fff","h3_11":"8b1e2e6b1970fff"},"geometry":{"type":"Polygon","coordinates":[[[19.947492,50.073885],[19.947654,50.073838],[19.94771,50.073918],[19.947912,50.073853],[19.947992,50.073968],[19.947633,50.074083],[19.947585,50.074014],[19.947593,50.074012],[19.947492,50.073885]]]}},{"type":"Feature","id":"w1427267508","properties":{"type":"yes","levels":1.0,"residential":true,"residents_est":0,"h3_10":"8a1e2e6b1807fff","h3_11":"8b1e2e6b1801fff"},"geometry":{"type":"Polygon","coordinates":[[[19.94792,50.071279],[19.947979,50.071225],[19.948048,50.071256],[19.947989,50.07131],[19.94792,50.071279]]]}},{"type":"Feature","id":"w1427271812","properties":{"type":"yes","residential":true,"residents_est":13,"h3_10":"8a1e2e6b18dffff","h3_11":"8b1e2e6b18defff"},"geometry":{"type":"Polygon","coordinates":[[[19.948923,50.067641],[19.94894,50.067311],[19.949637,50.067325],[19.949632,50.067391],[19.949012,50.067381],[19.949001,50.067642],[19.948923,50.067641]]]}},{"type":"Feature","id":"w1427292229","properties":{"type":"yes","levels":1.0,"residential":true,"residents_est":0,"h3_10":"8a1e2e6b1897fff","h3_11":"8b1e2e6b1891fff"},"geometry":{"type":"Polygon","coordinates":[[[19.943387,50.067969],[19.943619,50.067937],[19.943636,50.067988],[19.943523,50.068004],[19.943514,50.067979],[19.943468,50.067985],[19.943464,50.067972],[19.943391,50.067982],[19.943387,50.067969]]]}},{"type":"Feature","id":"w1427330536","properties":{"type":"roof","residential":false,"residents_est":0,"h3_10":"8a1e2e6b18a7fff","h3_11":"8b1e2e6b18a3fff"},"geometry":{"type":"Polygon","coordinates":[[[19.944398,50.069291],[19.944465,50.069281],[19.944479,50.06931],[19.944406,50.069319],[19.944398,50.069291]]]}},{"type":"Feature","id":"w1432087507","properties":{"type":"apartments","address":"Wita Stwosza 24","residential":true,"residents_est":84,"h3_10":"8a1e2e6b195ffff","h3_11":"8b1e2e6b1958fff"},"geometry":{"type":"Polygon","coordinates":[[[19.949392,50.072628],[19.94997,50.072445],[19.950209,50.072661],[19.950178,50.072671],[19.950194,50.072691],[19.949658,50.07286],[19.949392,50.072628]]]}},{"type":"Feature","id":"w1432087508","properties":{"type":"apartments","address":"Wita Stwosza 20","residential":true,"residents_est":89,"h3_10":"8a1e2e6b195ffff","h3_11":"8b1e2e6b195cfff"},"geometry":{"type":"Polygon","coordinates":[[[19.948881,50.07281],[19.949259,50.072668],[19.949662,50.073033],[19.949269,50.073161],[19.948881,50.07281]]]}},{"type":"Feature","id":"w1432087509","properties":{"type":"construction","address":"Wita Stwosza 22","residential":false,"residents_est":0,"h3_10":"8a1e2e6b195ffff","h3_11":"8b1e2e6b195cfff"},"geometry":{"type":"Polygon","coordinates":[[[19.949225,50.073343],[19.949279,50.073326],[19.949226,50.073257],[19.949339,50.07322],[19.949319,50.073195],[19.949381,50.073177],[19.94934,50.073136],[19.949588,50.073057],[19.949693,50.073196],[19.949878,50.073139],[19.949934,50.073116],[19.949803,50.072998],[19.950309,50.072836],[19.950325,50.072914],[19.950232,50.072944],[19.95028,50.073006],[19.950345,50.073001],[19.950356,50.073066],[19.949945,50.073204],[19.949294,50.073407],[19.949225,50.073343]]]}},{"type":"Feature","id":"w1432087510","properties":{"type":"construction","address":"Wita Stwosza 14","residential":false,"residents_est":0,"h3_10":"8a1e2e6b1957fff","h3_11":"8b1e2e6b1950fff"},"geometry":{"type":"Polygon","coordinates":[[[19.94777,50.072871],[19.948021,50.072628],[19.948126,50.072724],[19.948402,50.072597],[19.948527,50.072712],[19.947907,50.072994],[19.94777,50.072871]]]}},{"type":"Feature","id":"w1432087511","properties":{"type":"construction","address":"Wita Stwosza 18","residential":false,"residents_est":0,"h3_10":"8a1e2e6b1947fff","h3_11":"8b1e2e6b1942fff"},"geometry":{"type":"Polygon","coordinates":[[[19.9482,50.073099],[19.948733,50.072886],[19.949154,50.073279],[19.949226,50.073257],[19.949279,50.073326],[19.949225,50.073343],[19.949294,50.073407],[19.948599,50.073628],[19.9482,50.073099]]]}},{"type":"Feature","id":"w1432087512","properties":{"type":"construction","address":"Wita Stwosza 16","residential":false,"residents_est":0,"h3_10":"8a1e2e6b1977fff","h3_11":"8b1e2e6b1973fff"},"geometry":{"type":"Polygon","coordinates":[[[19.94775,50.073362],[19.947781,50.073352],[19.947982,50.073372],[19.948088,50.07351],[19.948113,50.073501],[19.948325,50.073777],[19.947946,50.073895],[19.947862,50.073774],[19.948047,50.073717],[19.947965,50.073609],[19.947945,50.073615],[19.94775,50.073362]]]}},{"type":"Feature","id":"w1473314517","properties":{"type":"construction","levels":2.0,"residential":false,"residents_est":0,"h3_10":"8a1e2e6b18cffff","h3_11":"8b1e2e6b18c9fff"},"geometry":{"type":"Polygon","coordinates":[[[19.951845,50.068344],[19.951965,50.068307],[19.952049,50.068419],[19.951929,50.068456],[19.951845,50.068344]]]}},{"type":"Feature","id":"w1485764859","properties":{"type":"service","residential":false,"residents_est":0,"h3_10":"8a1e2e6b1987fff","h3_11":"8b1e2e6b1980fff"},"geometry":{"type":"Polygon","coordinates":[[[19.941633,50.071017],[19.941668,50.071009],[19.941706,50.07108],[19.94167,50.071088],[19.941633,50.071017]]]}},{"type":"Feature","id":"w1534250963","properties":{"type":"roof","levels":1.0,"residential":false,"residents_est":0,"h3_10":"8a1e2e6b180ffff","h3_11":"8b1e2e6b180efff"},"geometry":{"type":"Polygon","coordinates":[[[19.948244,50.070864],[19.948301,50.070834],[19.948423,50.070928],[19.948366,50.070958],[19.948244,50.070864]]]}},{"type":"Feature","id":"w1534251038","properties":{"type":"yes","levels":1.0,"residential":true,"residents_est":0,"h3_10":"8a1e2e6b188ffff","h3_11":"8b1e2e6b1889fff"},"geometry":{"type":"Polygon","coordinates":[[[19.9471,50.068393],[19.947103,50.068324],[19.947139,50.068325],[19.947157,50.068313],[19.947177,50.068326],[19.947175,50.068372],[19.947192,50.068383],[19.94719,50.06843],[19.947154,50.068429],[19.947136,50.06844],[19.947115,50.068428],[19.947117,50.068404],[19.9471,50.068393]]]}},{"type":"Feature","id":"w1534251067","properties":{"type":"yes","levels":1.0,"residential":true,"residents_est":0,"h3_10":"8a1e2e6b18d7fff","h3_11":"8b1e2e6b18d4fff"},"geometry":{"type":"Polygon","coordinates":[[[19.94751,50.0684],[19.947514,50.06833],[19.947551,50.068331],[19.947569,50.06832],[19.947588,50.068332],[19.947587,50.068378],[19.947603,50.068389],[19.947601,50.068437],[19.947564,50.068435],[19.947544,50.068447],[19.947526,50.068434],[19.947526,50.068411],[19.94751,50.0684]]]}},{"type":"Feature","id":"w1534251080","properties":{"type":"yes","levels":1.0,"residential":true,"residents_est":0,"h3_10":"8a1e2e6b18f7fff","h3_11":"8b1e2e6b18f3fff"},"geometry":{"type":"Polygon","coordinates":[[[19.947832,50.068407],[19.947834,50.068337],[19.947871,50.068337],[19.947889,50.068325],[19.947909,50.068339],[19.947907,50.068384],[19.947924,50.068395],[19.947923,50.068442],[19.947886,50.068442],[19.947867,50.068453],[19.947848,50.068441],[19.947849,50.068418],[19.947832,50.068407]]]}},{"type":"Feature","id":"w1534251150","properties":{"type":"yes","levels":1.0,"residential":false,"residents_est":0,"h3_10":"8a1e2e6b18e7fff","h3_11":"8b1e2e6b18e2fff"},"geometry":{"type":"Polygon","coordinates":[[[19.948547,50.069305],[19.948551,50.069232],[19.948582,50.069233],[19.948596,50.069224],[19.94861,50.069234],[19.948608,50.069307],[19.948577,50.069307],[19.948563,50.069316],[19.948547,50.069305]]]}},{"type":"Feature","id":"w1534251156","properties":{"type":"yes","levels":1.0,"residential":true,"residents_est":0,"h3_10":"8a1e2e6b18c7fff","h3_11":"8b1e2e6b18c6fff"},"geometry":{"type":"Polygon","coordinates":[[[19.948566,50.068412],[19.94857,50.068343],[19.948607,50.068343],[19.948625,50.068332],[19.948644,50.068345],[19.948643,50.06839],[19.94866,50.068402],[19.948657,50.068449],[19.948621,50.068449],[19.948602,50.06846],[19.948583,50.068447],[19.948584,50.068423],[19.948566,50.068412]]]}},{"type":"Feature","id":"w1534251200","properties":{"type":"yes","levels":1.0,"residential":true,"residents_est":0,"h3_10":"8a1e2e6b18d7fff","h3_11":"8b1e2e6b18d5fff"},"geometry":{"type":"Polygon","coordinates":[[[19.94817,50.068411],[19.948173,50.068341],[19.94821,50.068341],[19.948228,50.068331],[19.948248,50.068343],[19.948246,50.068388],[19.948263,50.0684],[19.948261,50.068448],[19.948224,50.068447],[19.948206,50.068458],[19.948186,50.068445],[19.948187,50.068422],[19.94817,50.068411]]]}},{"type":"Feature","id":"w1534251212","properties":{"type":"yes","levels":1.0,"residential":false,"residents_est":0,"h3_10":"8a1e2e6b181ffff","h3_11":"8b1e2e6b1819fff"},"geometry":{"type":"Polygon","coordinates":[[[19.947992,50.07009],[19.94801,50.070044],[19.948045,50.070049],[19.948068,50.07004],[19.948082,50.070055],[19.948065,50.070102],[19.94803,50.070096],[19.948008,50.070105],[19.947992,50.07009]]]}},{"type":"Feature","id":"w1553643812","properties":{"type":"residential","address":"Rakowicka 20K","residential":true,"residents_est":17,"h3_10":"8a1e2e6b1857fff","h3_11":"8b1e2e6b1853fff"},"geometry":{"type":"Polygon","coordinates":[[[19.950562,50.070029],[19.9506,50.070001],[19.950614,50.070009],[19.950683,50.069958],[19.950697,50.069966],[19.950766,50.069915],[19.95078,50.069923],[19.950824,50.069891],[19.950951,50.070001],[19.950935,50.070012],[19.950949,50.07002],[19.950909,50.070049],[19.950882,50.070033],[19.950852,50.070055],[19.950865,50.070062],[19.950825,50.070091],[19.950798,50.070076],[19.950769,50.070097],[19.950782,50.070105],[19.950744,50.070133],[19.950562,50.070029]]]}},{"type":"Feature","id":"w1553643813","properties":{"type":"residential","levels":6.0,"address":"Rakowicka 20M","residential":true,"residents_est":24,"h3_10":"8a1e2e6b1877fff","h3_11":"8b1e2e6b1873fff"},"geometry":{"type":"Polygon","coordinates":[[[19.950343,50.070876],[19.950573,50.07087],[19.950555,50.070874],[19.950557,50.070906],[19.950575,50.070905],[19.950578,50.070947],[19.95056,50.070947],[19.950562,50.070979],[19.95058,50.070979],[19.950583,50.071021],[19.950565,50.071021],[19.950565,50.071029],[19.950422,50.071099],[19.950358,50.0711],[19.950355,50.071059],[19.950373,50.071058],[19.950371,50.071026],[19.950353,50.071027],[19.95035,50.070985],[19.950369,50.070984],[19.950367,50.070953],[19.950348,50.070953],[19.950346,50.070911],[19.950364,50.070911],[19.950362,50.070879],[19.950343,50.070876]]]}}]}